100000 99
74 13 97
51 61 70
20 40 13
9 14 100
55 9 59
2 41 24
40 62 35
50 44 67
72 68 93
33 33 34
39 76 60
9 42 12
74 76 93
81 55 17
14 1 52
74 87 11
2 11 17
85 79 59
68 5 100
93 17 61
44 89 75
28 62 79
76 25 47
44 76 20
59 49 2
49 12 25
46 10 29
46 50 83
62 4 23
89 61 58
89 75 41
61 92 13
38 17 45
52 95 12
40 39 20
43 59 14
17 51 29
12 5 77
70 96 32
72 77 24
80 94 38
23 98 63
47 11 97
60 82 97
27 87 40
10 47 47
83 57 2
11 74 42
87 100 61
17 23 77
65 66 24
44 12 71
94 52 80
2 31 57
63 24 12
58 76 27
100 47 87
30 30 77
88 10 8
99 45 44
19 8 92
93 70 67
28 31 44
42 70 38
41 23 95
70 82 48
76 80 84
67 50 81
54 53 18
37 56 92
89 73 17
52 13 82
54 79 54
77 73 9
12 5 61
36 29 43
29 83 54
25 42 36
23 32 12
24 30 65
77 41 44
25 57 68
17 88 21
1 7 8
30 93 96
63 6 8
23 10 84
16 62 13
54 100 17
39 97 50
83 30 74
53 86 95
36 27 99
42 95 58
7 18 46
37 28 81
58 57 63
8 100 28
81 91 37
70 3 88
26 15 94
44 95 3
51 46 37
92 57 1
21 56 20
39 44 27
31 23 24
90 28 66
31 65 4
21 35 74
55 74 92
91 4 21
92 26 90
47 66 26
9 10 19
36 37 91
56 70 21
95 74 24
45 83 28
66 29 48
35 92 97
90 64 95
7 8 50
54 34 98
98 94 61
24 84 19
20 8 41
20 78 51
95 76 97
27 36 66
8 59 15
80 15 15
10 53 87
23 6 4
17 89 95
19 66 88
69 82 6
50 27 67
69 68 42
44 32 19
47 19 78
34 1 99
17 73 10
49 93 2
24 49 25
66 98 7
41 14 32
47 60 15
29 29 89
60 61 81
91 84 3
4 6 96
51 16 43
97 28 92
96 60 19
11 74 33
78 31 31
50 10 89
37 37 6
27 76 96
78 95 90
21 30 2
99 84 71
83 79 99
41 64 52
49 37 38
98 3 87
82 13 19
34 6 29
62 27 92
83 4 51
12 54 65
58 30 96
24 93 90
95 8 49
18 86 16
100 6 81
53 69 89
53 9 21
30 30 18
3 48 15
64 76 91
15 49 34
23 47 43
42 53 15
16 61 49
19 23 36
19 44 82
53 76 41
74 25 3
35 46 13
29 44 9
72 64 55
60 40 91
71 28 67
48 81 79
59 63 16
78 25 56
9 88 64
1 54 25
42 47 89
87 85 26
68 51 96
14 95 89
2 41 4
53 52 39
24 45 83
58 47 21
61 16 17
11 89 82
17 11 81
53 5 64
48 99 7
87 52 20
37 52 76
55 9 6
76 7 42
40 98 66
27 98 47
14 27 12
5 58 64
58 26 76
11 64 24
81 9 47
11 24 48
16 59 71
61 24 98
97 82 58
18 57 65
29 22 1
32 33 53
93 35 38
35 52 67
47 70 32
57 12 34
55 71 7
94 12 99
90 59 49
58 50 25
51 19 14
27 27 82
31 78 79
2 41 23
76 11 12
79 58 81
54 84 63
6 27 21
60 25 58
58 39 71
43 34 72
24 80 49
57 61 41
19 92 26
92 17 2
33 21 42
52 50 53
49 18 42
49 47 46
50 70 58
62 15 56
42 26 1
63 37 17
82 52 72
11 63 55
28 63 64
18 9 55
40 35 31
43 91 36
90 77 52
61 87 55
60 83 19
27 84 45
25 65 13
42 81 2
73 79 3
15 59 75
66 75 86
40 68 20
51 3 45
87 19 22
7 26 53
61 24 6
38 72 74
31 45 3
4 83 94
44 42 46
82 15 46
51 48 69
97 10 98
51 6 10
4 1 90
66 100 54
61 30 82
10 61 23
39 47 6
43 34 45
71 39 33
58 20 28
12 4 38
77 54 42
90 93 49
42 48 53
33 94 58
44 36 3
49 96 55
73 98 45
98 62 61
76 64 66
70 94 98
71 70 81
98 77 79
59 61 64
57 70 68
19 84 15
53 63 93
54 69 24
83 10 21
85 57 14
47 64 90
93 40 40
5 37 13
96 76 14
75 89 97
29 33 1
74 72 38
38 84 41
66 22 10
87 62 68
47 49 16
20 15 42
24 1 85
73 48 12
81 47 76
10 20 72
72 63 28
9 26 50
67 47 66
81 88 40
61 69 77
16 77 90
51 81 25
69 29 93
35 86 3
86 17 83
67 10 72
69 94 51
69 75 49
63 63 77
34 15 89
26 16 29
62 40 50
11 31 52
25 29 9
96 48 9
31 10 74
83 34 21
34 80 81
17 10 16
88 72 57
99 88 42
15 66 63
11 73 98
54 75 5
67 72 4
53 56 81
62 23 92
35 88 96
83 77 5
65 95 91
3 30 3
50 42 26
71 27 100
42 10 9
77 47 41
5 33 73
31 66 16
95 49 14
97 78 40
40 16 27
27 93 68
93 40 42
46 75 86
19 41 15
24 2 6
74 58 35
71 96 54
2 31 84
76 39 27
68 72 87
68 23 24
16 8 54
20 96 34
25 91 37
15 89 47
29 10 3
13 44 42
27 9 44
89 61 68
54 71 48
74 16 48
37 78 7
3 14 38
38 68 3
53 82 87
17 92 85
57 2 69
15 33 98
28 85 21
22 83 82
14 98 24
52 48 70
15 61 8
70 86 37
44 72 6
62 64 85
69 85 79
53 14 91
11 73 66
90 6 57
96 2 97
100 39 77
64 45 62
94 77 73
72 11 83
60 26 74
64 99 49
33 72 7
73 24 67
3 28 12
41 3 2
11 30 35
35 62 26
24 54 19
38 69 84
68 98 99
57 78 10
2 81 83
88 82 68
2 6 58
99 81 25
30 38 100
57 84 57
25 4 34
78 67 96
1 69 57
62 40 83
50 72 98
64 46 66
98 24 14
66 58 50
92 2 61
76 69 63
3 42 70
53 44 91
51 20 59
91 3 58
45 33 86
9 99 70
32 55 83
23 57 27
60 65 61
47 38 22
62 69 22
6 80 31
54 7 93
75 8 40
99 84 78
86 74 65
23 44 68
73 44 38
22 69 71
65 52 35
99 40 45
91 52 55
65 96 39
34 9 14
77 42 15
72 41 15
24 65 16
73 54 80
91 13 89
21 10 33
33 99 72
38 17 4
76 73 4
82 79 66
50 28 91
30 96 4
2 20 13
76 79 13
80 57 61
40 29 6
53 69 32
28 23 13
39 8 9
32 78 18
75 8 83
4 15 92
69 69 87
66 57 8
69 62 7
64 88 35
25 78 8
60 35 82
68 61 17
91 2 100
41 23 53
59 74 3
67 75 2
44 83 44
51 80 44
83 66 1
63 34 54
65 10 19
28 45 89
58 2 78
59 32 86
65 71 96
99 15 72
49 43 72
63 56 42
24 88 85
54 98 26
100 16 1
88 52 42
100 48 32
26 74 42
46 45 3
53 12 79
23 48 5
17 38 76
76 15 14
59 89 26
57 69 78
100 32 85
99 9 81
82 86 70
80 1 56
17 79 58
6 25 38
92 72 23
25 68 51
74 64 81
19 8 89
71 45 27
64 62 70
35 91 2
10 9 23
21 21 89
74 34 24
90 9 25
49 47 39
100 48 100
64 29 4
57 47 4
58 33 81
9 28 15
96 19 44
94 46 29
17 31 3
65 47 43
18 18 43
93 49 5
95 26 25
54 75 16
31 93 29
87 1 4
51 94 46
79 77 70
34 41 14
76 98 24
33 36 4
93 2 4
85 96 64
63 89 52
60 97 59
30 61 10
52 99 89
34 58 87
50 83 55
21 90 8
8 10 98
85 67 18
41 45 65
18 40 7
41 42 27
21 21 95
29 52 47
34 99 34
7 22 2
51 99 52
29 31 95
51 77 9
10 81 58
87 22 74
11 45 79
45 56 76
36 6 83
84 37 74
7 37 62
99 45 70
81 64 5
73 21 36
2 32 35
58 99 96
36 24 8
27 67 91
56 32 21
38 71 71
79 78 44
6 54 31
20 23 50
98 72 53
70 29 64
49 29 27
23 60 89
76 43 29
70 94 75
96 80 25
30 60 96
35 63 45
10 97 57
31 80 66
69 99 15
63 73 8
64 90 57
52 100 36
9 8 26
35 77 15
88 75 50
31 83 4
73 68 62
79 18 33
76 25 86
56 87 100
86 24 89
98 28 76
70 80 73
13 24 61
86 46 91
78 71 36
4 83 71
19 5 96
15 11 76
64 90 38
61 32 53
37 27 39
21 30 95
83 100 66
7 23 44
42 46 3
4 37 47
24 52 32
17 92 1
99 78 93
21 45 81
60 48 24
10 8 96
26 27 85
52 47 58
13 53 78
39 40 71
14 76 70
27 18 81
12 98 86
12 65 26
86 62 1
9 59 8
65 50 3
75 55 11
58 83 5
13 26 76
25 19 84
36 76 40
2 40 7
72 35 52
65 62 74
2 8 45
83 45 6
39 72 9
59 61 69
31 2 58
8 29 29
66 28 70
3 52 69
5 85 98
55 72 19
26 32 72
16 10 1
57 61 8
79 76 44
14 87 66
21 50 21
38 6 59
56 11 48
12 63 56
44 7 91
98 2 74
70 3 13
68 80 60
77 80 80
3 13 92
83 22 89
21 42 34
37 61 88
51 54 26
82 65 64
96 18 66
60 3 51
8 40 17
81 7 88
72 28 99
53 52 91
86 87 29
98 49 56
60 33 39
72 99 98
40 84 57
81 52 20
41 69 29
8 88 15
66 65 65
22 44 70
51 99 88
100 82 28
12 46 55
65 7 79
99 82 77
51 79 17
23 49 29
59 68 49
59 32 39
27 4 58
12 65 48
90 90 96
1 37 86
22 33 72
46 65 79
27 66 93
48 48 47
68 71 53
51 56 22
43 2 67
41 8 9
10 80 93
11 58 85
95 79 82
44 31 12
29 53 88
91 98 34
20 24 73
8 1 59
100 28 14
7 86 13
11 88 11
30 19 11
73 63 78
63 99 11
23 83 37
37 59 68
54 78 21
17 30 34
10 51 56
66 61 70
6 33 43
100 21 16
81 47 25
100 62 10
50 92 23
49 74 79
93 75 8
46 78 9
46 36 56
41 59 97
43 30 93
36 19 23
20 65 76
86 49 89
8 3 36
65 85 60
42 7 49
58 88 41
11 7 67
84 95 94
17 13 86
86 61 65
98 70 7
98 100 40
8 17 73
69 11 46
36 80 47
95 62 5
99 50 59
19 62 100
26 10 100
44 50 93
89 11 43
77 96 68
4 25 79
21 44 66
65 42 21
51 87 79
86 59 19
90 98 79
69 32 48
41 14 79
16 35 74
79 6 97
34 4 18
43 1 33
26 63 36
22 49 11
48 71 28
25 67 93
1 100 32
12 4 43
44 82 100
53 35 96
84 44 86
89 4 99
57 15 1
58 49 18
62 39 96
57 22 98
26 90 85
49 73 78
66 38 78
36 45 27
40 93 76
69 70 90
30 76 95
54 19 85
94 39 85
15 35 58
66 98 79
8 13 62
37 26 51
80 88 15
62 13 90
68 69 45
46 2 74
93 13 5
60 62 98
12 47 4
41 14 17
93 44 42
80 23 94
28 33 94
17 47 48
19 58 27
91 19 74
99 38 6
99 67 30
71 96 5
100 9 77
67 41 94
71 16 36
63 53 89
53 17 6
39 34 64
98 95 66
60 53 7
100 41 15
12 8 55
42 26 6
30 43 76
90 92 22
62 18 87
16 84 11
66 42 70
43 96 61
83 5 72
36 30 85
7 78 11
79 17 1
39 14 53
19 44 46
84 93 2
69 8 50
34 73 40
74 6 49
3 19 19
7 1 8
84 12 44
74 3 13
57 32 28
97 10 56
51 58 88
47 69 49
49 63 7
100 32 17
100 76 15
44 40 100
68 96 85
60 45 78
98 13 25
46 72 48
37 41 59
32 49 57
83 67 41
68 5 97
66 69 1
97 82 97
48 14 23
86 92 60
84 32 13
16 46 33
40 72 79
22 37 19
85 50 20
70 28 31
58 95 18
47 94 21
78 75 42
23 15 81
71 93 4
62 88 54
81 24 28
71 1 99
59 50 27
55 73 76
24 31 59
99 36 63
71 49 91
10 82 90
36 1 100
85 11 11
60 5 61
64 81 70
23 35 40
91 98 80
17 82 56
54 55 19
7 91 31
9 70 7
65 52 87
26 77 25
61 64 93
26 93 61
24 10 98
43 43 27
21 26 33
76 11 20
94 51 40
45 47 15
14 59 82
78 50 74
99 76 44
36 31 30
23 98 69
28 8 76
69 56 93
62 49 67
12 9 63
89 25 68
40 36 6
63 37 84
72 95 40
32 92 51
83 44 97
8 86 93
59 74 97
65 84 14
54 95 23
63 10 74
36 95 2
2 84 81
8 62 1
44 99 66
51 48 13
39 41 78
80 32 45
35 26 21
72 16 14
93 76 15
62 42 32
45 71 42
94 84 3
18 52 85
83 6 37
21 25 34
84 85 99
29 57 99
62 81 79
53 3 80
13 99 5
72 1 92
61 41 14
9 86 60
88 60 96
23 72 84
52 42 46
32 80 60
28 80 86
98 45 100
27 28 15
22 57 73
74 40 40
51 71 3
85 31 94
96 21 98
62 58 73
96 98 86
56 87 86
83 86 69
72 6 72
20 23 57
13 85 12
98 27 49
82 35 90
18 21 93
23 31 8
81 67 66
23 84 42
23 18 36
52 51 26
99 1 12
19 11 3
62 29 8
53 14 9
13 73 23
13 19 21
10 69 79
97 2 100
98 40 7
54 46 33
46 69 95
29 83 93
92 48 81
43 4 77
35 70 75
78 78 78
76 61 6
36 50 74
78 92 94
43 74 95
96 95 35
4 71 30
57 51 17
75 31 65
77 52 85
77 53 73
20 83 78
73 87 25
58 54 75
36 71 85
25 61 98
35 80 77
79 10 59
32 64 1
93 37 20
54 3 84
4 72 62
33 16 13
66 35 66
96 59 34
24 5 10
13 1 36
61 7 37
46 40 58
82 73 84
17 93 56
25 60 79
77 43 23
21 40 35
19 46 69
3 39 98
32 79 52
16 1 92
71 12 2
67 58 29
31 66 82
53 37 15
70 90 6
30 62 57
16 27 24
66 75 28
91 48 25
96 18 23
35 17 67
13 100 92
51 82 80
57 49 45
52 11 3
89 99 85
33 10 16
25 56 39
38 16 77
38 60 56
51 65 94
6 5 92
74 12 92
42 48 3
60 100 63
98 25 46
44 13 78
20 61 81
86 20 95
17 7 76
49 42 40
9 29 84
71 34 13
3 15 6
2 80 48
45 65 42
51 22 56
73 95 36
100 63 71
66 83 96
58 39 1
83 57 61
57 63 29
16 50 69
76 85 27
33 84 60
52 96 2
66 48 15
88 45 6
69 6 1
46 11 23
47 32 14
13 76 32
88 34 34
36 16 3
8 12 2
92 78 56
52 11 80
60 89 58
36 69 49
11 75 78
30 14 49
37 89 41
89 72 79
22 2 45
20 44 33
57 68 98
69 81 63
20 4 65
20 23 27
62 56 78
9 53 95
22 38 87
68 86 79
76 45 95
40 50 16
5 48 57
63 71 22
97 21 79
81 74 42
25 27 62
81 30 90
8 84 37
19 99 4
46 72 72
23 91 17
91 81 75
63 75 39
18 99 74
47 42 22
66 38 58
28 50 52
74 63 65
86 55 2
49 30 2
23 29 67
49 41 90
81 38 96
14 34 6
30 99 9
1 80 94
87 17 74
72 74 4
22 24 14
6 85 90
92 92 23
68 60 82
47 94 91
47 18 100
23 81 81
36 38 12
22 19 49
100 5 39
16 17 95
85 49 49
56 48 62
70 14 57
61 37 68
32 67 32
13 83 2
48 44 59
1 28 3
71 99 16
91 74 81
14 19 73
39 68 77
88 22 32
31 66 14
46 72 71
62 18 59
97 95 27
43 76 18
77 4 80
58 4 50
29 83 51
28 82 100
88 44 98
46 37 53
20 74 73
66 94 11
92 4 56
60 74 40
35 90 21
13 52 87
20 87 41
29 6 100
38 60 45
66 72 19
6 24 85
83 31 15
6 22 8
75 31 59
83 42 49
88 2 10
2 24 34
14 32 77
41 15 45
38 98 17
83 87 24
57 42 48
29 7 18
78 27 51
20 74 69
85 88 36
61 6 48
63 88 41
84 20 9
19 74 21
74 40 61
49 77 97
82 75 93
46 45 87
80 20 86
24 58 71
58 66 53
64 42 13
98 72 21
75 34 18
40 63 31
84 7 76
50 60 37
57 35 46
30 21 24
47 51 100
74 52 61
62 61 87
39 21 13
31 22 11
83 97 44
11 59 93
93 23 79
45 25 19
86 64 73
74 86 58
32 39 66
39 58 93
21 86 93
84 91 59
31 29 2
90 5 21
12 12 67
13 67 83
59 62 33
39 80 56
96 2 77
80 16 88
26 16 91
31 25 74
65 18 44
59 98 54
76 5 9
24 72 80
70 20 4
66 91 24
35 29 55
97 48 43
57 35 4
16 85 5
56 70 81
25 36 40
57 56 69
21 73 53
71 39 91
1 100 81
87 84 9
91 50 45
3 28 66
34 75 38
24 18 1
45 76 70
99 71 81
77 95 8
83 60 49
9 72 22
13 53 71
27 9 30
17 45 54
63 80 4
78 53 4
36 63 69
96 29 80
24 92 84
4 46 37
99 43 87
85 5 56
48 70 39
79 31 12
72 68 80
22 4 19
67 68 100
42 98 60
87 66 26
84 82 54
24 12 72
47 46 92
79 84 60
38 25 44
71 7 33
51 83 95
44 81 54
38 25 40
53 44 15
44 8 12
39 32 82
74 63 64
54 4 4
38 31 86
28 24 61
76 43 7
27 57 9
52 8 44
62 15 64
13 84 66
93 73 76
1 59 65
46 74 84
26 9 65
32 72 76
49 74 23
72 5 13
84 7 51
92 17 83
11 93 31
79 9 65
94 64 50
40 55 56
41 12 20
65 44 70
11 81 12
64 16 30
26 76 71
63 87 52
63 5 42
44 16 55
39 38 35
31 94 60
5 97 94
48 66 47
91 74 13
40 86 73
4 47 79
68 56 12
42 27 100
75 54 92
23 98 64
62 48 27
15 60 46
35 98 41
45 47 87
86 99 95
82 5 82
51 76 56
28 77 87
51 36 34
27 100 76
69 100 11
88 23 28
24 77 2
72 64 34
62 38 61
56 76 69
91 70 12
21 45 43
18 45 60
60 13 18
62 74 71
46 43 24
11 21 80
20 16 44
92 93 27
1 70 25
47 54 52
57 54 6
46 86 20
24 11 87
18 11 30
80 45 3
31 17 87
33 72 77
45 69 75
62 77 68
60 83 16
89 33 91
92 16 39
51 79 38
49 62 74
52 21 24
93 48 62
31 90 32
63 80 5
62 38 74
60 40 29
30 99 97
48 76 14
45 50 57
76 4 94
9 85 89
50 36 40
74 92 7
8 65 85
30 21 8
86 25 47
96 57 44
83 8 15
2 55 44
63 42 16
93 3 88
73 1 38
67 17 97
78 76 93
30 48 99
35 87 60
99 75 1
46 35 91
83 75 44
6 18 40
61 66 32
80 27 100
61 47 5
52 4 59
59 10 86
55 3 36
3 90 100
98 51 28
35 37 17
54 53 33
49 81 43
57 90 19
67 87 51
39 88 99
63 86 57
24 97 72
41 42 49
71 57 69
22 51 72
92 97 77
14 10 82
20 65 63
32 78 5
49 38 87
4 70 98
39 89 12
18 63 44
21 6 1
49 82 26
71 60 23
51 47 32
31 37 96
97 74 41
89 21 52
81 93 54
13 20 50
87 30 26
45 85 99
49 24 24
52 65 63
99 79 67
66 52 69
92 61 6
75 63 33
97 56 5
26 73 16
31 65 20
69 89 79
68 68 13
81 72 5
94 87 25
72 46 21
20 78 98
3 52 94
72 99 47
77 11 34
58 87 68
86 16 76
11 63 67
14 3 95
84 86 16
10 5 11
29 51 22
61 37 85
8 93 89
37 41 54
89 80 38
28 66 22
71 58 41
55 71 47
47 75 38
37 88 52
45 24 58
62 31 60
89 58 12
96 84 23
50 70 12
25 97 50
66 62 91
69 55 85
68 53 55
61 8 37
51 62 79
11 82 50
17 66 25
58 35 49
7 81 23
76 100 58
78 8 52
67 1 15
24 28 97
74 39 49
17 27 85
22 72 39
29 53 76
75 66 100
13 93 76
71 16 6
74 85 11
92 13 24
59 97 66
73 31 71
64 52 2
70 98 73
54 55 61
75 91 91
39 68 2
3 44 84
66 94 74
17 87 56
76 34 18
63 9 53
57 34 59
51 29 88
49 74 47
79 60 85
77 14 83
34 90 88
43 65 51
6 22 72
24 59 42
87 7 32
34 44 22
56 57 37
5 26 59
85 64 52
70 56 88
56 95 80
3 99 41
20 5 51
28 87 24
73 17 82
59 19 89
55 37 9
25 7 76
79 100 12
22 54 61
81 97 18
96 35 34
18 24 78
23 28 22
59 37 22
20 85 69
100 54 49
13 86 84
82 77 82
61 86 30
54 13 68
82 13 32
94 36 25
18 15 28
26 16 30
70 69 53
8 56 69
36 99 92
15 97 96
18 61 100
2 81 13
66 80 81
38 81 81
50 25 46
14 26 6
34 14 100
70 76 13
57 14 27
36 50 44
8 88 23
21 39 32
6 70 41
33 20 14
45 32 58
79 23 65
75 21 29
19 47 36
7 95 70
79 48 86
93 85 89
85 55 75
91 54 46
29 69 24
89 9 32
9 89 38
88 100 1
87 29 1
84 74 13
32 50 73
14 78 48
66 91 46
81 15 37
17 43 78
62 62 96
50 32 11
53 42 78
19 56 1
42 12 44
12 2 81
46 54 75
3 21 95
29 89 95
80 87 50
50 40 16
60 31 80
94 44 11
53 58 54
96 27 6
21 65 4
65 42 76
6 66 88
71 34 18
36 41 8
84 9 78
20 58 98
28 1 86
68 55 93
95 51 99
81 50 10
1 28 9
68 40 81
20 73 9
82 64 7
54 29 11
94 68 51
77 59 12
56 18 22
54 23 62
41 80 46
29 43 68
13 27 66
75 72 79
51 17 59
47 48 84
16 30 61
40 69 41
53 40 71
16 86 91
59 60 28
72 88 25
35 32 60
84 12 13
39 60 14
13 20 54
22 26 19
42 49 17
89 96 48
33 80 91
41 39 21
81 88 2
9 4 41
28 93 67
58 100 75
57 85 49
52 84 9
73 3 37
45 87 32
8 15 64
85 20 49
64 92 21
84 12 6
8 73 54
65 42 9
2 84 18
52 58 84
28 17 55
82 10 20
61 17 97
22 74 98
74 5 20
98 49 52
14 44 78
42 47 50
75 93 78
89 100 91
21 44 89
35 66 89
100 55 24
99 61 60
40 4 59
67 19 46
31 70 66
60 14 27
25 6 14
38 26 3
38 8 81
3 95 26
57 21 39
95 6 94
84 75 57
38 40 81
73 94 19
48 46 2
7 14 28
30 1 49
51 96 83
54 50 67
25 66 22
10 54 51
21 9 93
73 48 24
30 86 35
87 9 11
12 86 91
29 85 73
96 78 43
74 79 72
20 13 62
5 60 51
91 2 33
49 9 63
82 47 86
76 35 2
71 99 38
46 50 29
69 78 55
58 41 46
7 57 27
40 69 85
88 63 41
17 4 40
89 23 64
97 97 20
39 25 41
5 34 52
35 14 37
79 69 87
20 46 29
3 42 22
2 68 38
10 6 98
98 10 65
93 36 42
16 68 62
87 78 51
47 72 68
75 82 8
5 1 92
43 96 13
32 24 1
44 100 94
28 69 96
62 84 37
92 96 1
68 96 97
3 45 81
92 17 87
34 42 85
23 49 3
76 26 89
20 87 84
20 61 83
55 61 81
17 74 20
68 5 98
19 18 100
42 2 80
65 95 14
33 43 10
83 51 36
27 81 24
8 74 96
43 100 76
44 34 55
62 84 57
75 95 16
41 92 29
45 85 18
49 30 12
52 29 7
71 66 93
54 47 88
15 45 50
2 75 39
55 67 23
92 93 90
38 92 1
93 81 16
7 69 95
2 39 1
64 28 11
23 87 93
36 32 34
81 24 47
71 66 79
31 85 32
15 78 6
56 71 31
31 5 97
23 46 19
92 80 47
47 47 81
70 99 36
36 62 8
99 35 81
34 38 98
45 17 96
56 45 27
92 11 78
75 15 8
18 78 55
28 40 92
51 82 52
57 3 23
57 22 10
86 12 78
20 40 41
13 92 3
33 25 77
41 48 17
12 42 37
83 33 24
37 8 83
80 64 50
9 60 80
65 51 61
72 6 31
14 90 57
69 2 64
6 78 77
67 43 100
95 14 59
62 1 82
21 20 77
15 73 81
79 77 59
87 83 43
99 38 76
61 46 25
25 100 37
85 42 57
19 10 87
62 45 33
30 44 94
94 28 1
4 93 6
15 5 34
39 63 4
1 70 87
64 74 78
3 85 38
73 71 92
60 73 3
29 47 60
76 5 86
97 80 79
60 92 48
91 80 5
12 49 74
74 56 10
59 35 21
14 81 33
71 17 18
95 35 84
72 81 95
79 16 72
47 29 24
39 73 20
94 70 16
63 38 98
64 91 1
50 71 70
17 68 97
88 16 37
55 34 35
7 29 39
53 62 82
22 59 89
11 90 77
10 49 63
48 14 69
46 43 13
96 60 2
30 50 90
74 50 40
76 7 52
69 82 82
81 23 9
62 85 41
58 31 54
78 15 24
85 39 98
67 38 29
41 73 74
65 65 72
77 21 67
33 89 46
91 68 24
89 18 100
50 71 16
49 58 83
1 77 88
12 96 26
68 44 50
36 14 63
97 77 55
18 51 75
55 10 87
5 67 17
39 98 87
31 72 25
33 35 17
82 99 78
2 98 100
1 32 6
25 64 47
95 41 93
88 87 91
27 45 99
41 100 87
48 37 36
54 26 76
23 97 76
55 88 30
16 43 8
90 2 59
9 96 29
98 96 89
20 43 82
6 13 81
58 78 78
93 43 65
45 98 43
13 87 66
12 28 4
20 92 70
81 76 100
61 13 100
5 100 67
74 58 83
36 42 51
67 52 61
47 7 80
97 34 27
46 72 55
70 36 92
17 65 43
9 67 31
43 39 87
31 8 77
48 8 53
68 29 24
29 6 26
99 41 32
44 44 37
48 100 16
6 23 19
74 77 37
37 19 98
46 64 86
37 15 28
96 83 2
48 42 87
91 73 4
72 51 91
32 68 12
10 25 69
43 97 81
10 15 82
72 4 41
79 31 58
6 90 26
22 63 24
1 72 94
77 40 29
28 25 53
20 57 52
85 99 70
93 72 85
88 49 24
72 60 9
22 1 87
64 45 59
71 97 38
29 2 48
69 38 91
6 33 94
1 56 22
31 49 91
59 90 15
91 22 92
21 86 6
6 66 99
44 76 55
18 44 53
54 69 62
72 88 8
78 18 92
49 8 76
20 95 84
69 24 95
57 100 49
48 12 46
69 49 3
17 18 77
82 84 86
13 34 46
23 60 11
62 3 72
17 52 89
10 86 9
78 67 85
47 14 5
1 25 38
64 32 23
21 64 12
25 74 52
97 82 100
34 35 63
82 16 23
99 94 8
61 48 69
17 54 84
73 99 17
100 65 74
32 54 46
43 41 65
71 38 22
76 4 53
20 31 46
13 65 86
25 48 44
99 10 70
64 66 49
80 8 23
47 39 77
96 92 71
22 13 4
68 64 11
84 62 15
76 82 25
6 20 24
41 48 58
23 100 2
61 12 42
85 94 63
51 69 95
84 77 86
63 93 87
41 9 9
44 10 47
39 87 90
11 42 24
96 41 60
74 91 90
43 73 84
80 100 89
47 21 46
58 67 33
39 18 50
80 78 31
16 29 46
60 30 83
33 61 37
8 21 52
84 13 43
45 40 7
61 35 57
90 43 3
76 78 98
28 24 24
58 38 9
96 43 13
25 83 67
38 51 6
43 57 8
84 94 5
14 26 18
95 54 4
28 37 89
12 65 53
75 11 48
30 31 90
42 51 58
46 10 76
58 47 3
13 23 15
85 12 50
24 82 70
76 71 47
91 16 30
35 45 26
40 45 8
57 13 41
41 48 2
85 54 92
1 75 44
19 21 16
34 26 52
52 97 50
95 48 51
57 100 40
59 65 78
64 56 63
14 77 42
16 67 21
1 27 93
37 79 18
76 29 22
35 100 86
66 37 32
82 55 88
94 20 33
6 64 48
38 70 94
95 93 97
61 18 64
16 37 59
1 67 49
97 2 12
60 9 36
96 35 37
98 51 60
23 66 79
34 80 68
38 17 67
56 88 92
19 5 36
91 96 91
1 53 90
42 14 36
93 14 64
23 86 21
47 67 65
83 76 65
10 39 80
96 18 31
25 33 75
36 82 80
76 90 23
5 37 23
31 36 62
7 35 48
47 36 98
44 54 10
69 64 25
72 69 100
85 35 7
18 45 52
17 19 47
68 40 8
84 47 71
49 74 60
37 9 28
37 3 51
89 64 29
86 41 34
89 82 18
7 78 15
53 24 45
51 15 24
62 47 10
21 46 40
16 76 30
72 41 91
45 10 72
79 66 24
62 67 19
35 74 88
21 65 52
80 9 38
35 31 47
54 66 76
83 27 39
23 2 71
12 89 85
93 73 67
14 9 38
1 82 88
16 88 10
68 40 85
72 87 3
64 86 75
23 43 8
35 71 65
45 81 67
93 45 75
15 95 81
52 49 14
18 21 43
59 40 9
3 48 38
93 99 41
47 98 73
86 45 90
86 43 18
55 34 54
34 59 57
96 75 67
45 89 84
78 38 75
68 38 61
41 38 79
71 71 55
90 83 90
89 26 76
50 71 77
100 7 100
44 64 16
41 47 77
42 31 93
66 86 1
32 70 92
48 6 56
41 67 34
24 11 46
81 26 7
95 36 3
45 37 87
63 10 37
65 21 8
52 79 92
5 38 18
21 55 22
96 8 24
94 60 82
5 27 94
88 73 62
7 7 23
10 54 83
59 38 53
69 62 98
87 24 81
23 54 6
91 95 95
84 70 59
37 11 14
41 2 17
40 6 26
69 50 96
42 17 32
53 95 24
30 77 39
65 96 8
11 86 11
100 36 67
22 8 86
55 63 60
19 4 6
91 69 54
2 81 60
32 41 51
32 13 20
5 72 13
67 8 13
5 40 82
75 92 48
65 23 15
75 39 89
28 21 79
83 75 16
86 4 34
22 15 34
47 2 16
36 34 4
16 73 15
79 73 20
82 95 45
82 24 65
12 63 40
98 72 78
10 15 47
75 3 58
69 81 92
55 89 84
50 22 20
66 74 74
80 74 46
83 9 37
70 99 90
80 51 6
90 37 98
11 42 91
21 9 76
62 39 18
15 40 4
79 58 43
35 3 40
52 88 55
18 70 85
31 95 80
30 90 52
65 82 88
100 40 86
5 75 85
35 19 80
28 58 14
61 78 92
3 92 37
57 37 92
52 1 19
45 48 18
18 86 77
73 31 79
20 65 1
69 19 44
30 95 3
66 92 97
89 70 56
87 95 19
25 36 46
46 55 25
61 13 13
50 8 76
99 84 86
7 2 37
66 54 27
14 65 11
96 55 89
85 53 80
26 1 38
22 48 76
70 67 48
89 26 36
17 18 78
41 64 54
86 55 60
95 47 22
96 44 3
93 17 35
14 81 50
37 2 63
51 58 12
57 29 40
66 9 36
15 31 9
17 45 78
37 80 68
90 58 46
82 15 45
7 21 94
44 82 26
44 39 92
9 22 35
38 96 58
100 67 89
83 43 85
48 95 76
94 8 99
51 3 57
29 56 62
81 56 77
26 29 71
69 16 21
11 16 56
45 48 88
35 17 3
98 8 12
49 59 94
95 5 87
20 14 28
14 23 73
64 19 100
27 52 41
67 85 54
14 56 49
61 8 78
23 55 57
3 40 32
13 70 7
11 100 66
17 42 18
25 16 31
13 24 96
56 28 51
28 69 44
92 83 21
10 44 92
19 84 58
79 25 86
96 15 35
5 3 61
8 93 12
78 9 30
33 50 96
50 21 72
41 47 7
13 26 1
47 37 29
47 34 88
25 52 17
15 2 25
78 31 91
89 42 77
62 64 18
77 70 27
15 18 13
74 92 55
20 28 34
94 51 58
28 41 18
96 99 87
51 75 55
62 4 86
40 56 51
24 12 56
84 70 36
68 32 42
99 63 76
7 37 76
16 81 63
64 83 55
31 74 86
10 9 72
63 18 64
55 31 90
92 40 12
89 9 57
30 53 3
27 24 39
30 59 34
7 62 98
34 27 77
22 13 9
6 71 2
32 40 42
19 46 6
57 75 80
76 17 59
44 36 40
87 24 8
67 35 54
7 49 89
9 66 25
52 56 8
27 42 85
14 51 20
55 72 22
78 48 34
90 56 32
77 46 97
27 3 13
72 85 39
54 18 48
65 23 33
64 60 86
18 71 55
39 19 99
84 7 99
53 59 55
25 34 44
49 81 74
81 5 38
29 61 91
79 76 23
20 97 18
51 21 57
86 62 57
6 85 98
71 17 12
55 84 71
45 29 98
36 13 83
65 80 6
92 61 82
42 55 70
96 48 22
95 29 63
3 44 68
6 33 30
8 53 66
24 22 55
22 49 83
27 45 44
76 75 33
38 72 61
54 94 25
76 65 43
20 48 12
23 68 88
88 66 43
95 50 33
64 22 38
84 36 25
94 57 92
7 16 14
91 64 42
37 94 64
48 36 99
14 18 64
100 57 54
19 37 34
25 32 52
48 58 29
40 12 16
43 39 86
51 43 74
34 17 5
29 29 13
60 29 97
41 53 85
73 3 21
94 46 27
49 44 95
27 74 15
18 77 4
62 100 95
43 5 3
96 63 28
48 64 94
25 26 61
91 77 24
85 38 78
37 91 68
55 39 18
16 14 74
97 87 91
88 44 19
85 97 20
78 58 35
14 96 74
15 47 10
6 54 44
10 3 80
73 5 37
53 1 37
98 43 5
25 68 25
71 97 87
48 7 47
41 85 69
18 66 27
26 10 90
90 28 15
69 25 1
81 26 96
30 3 5
45 27 69
11 58 2
67 87 67
75 34 95
5 34 39
81 44 7
34 6 84
98 34 58
40 24 90
85 97 33
13 83 66
46 100 57
60 22 59
55 73 88
36 48 24
78 70 32
15 68 7
68 23 60
77 70 86
50 50 45
3 98 30
36 54 63
91 7 100
36 24 95
96 8 44
29 58 25
75 72 75
86 29 57
21 23 96
27 13 79
70 25 85
68 73 90
19 70 1
59 13 5
14 44 17
35 60 28
25 98 93
53 83 67
70 19 58
45 9 6
47 53 47
89 84 75
81 44 33
31 39 99
94 40 67
7 19 45
87 17 12
39 95 41
48 16 38
87 48 78
59 1 37
36 86 79
81 22 64
48 30 17
31 92 32
42 66 23
82 98 13
87 90 84
80 65 46
46 75 30
51 31 36
36 78 32
18 68 68
100 76 21
51 88 69
33 18 100
11 69 26
90 8 81
80 94 13
88 98 87
32 88 60
82 4 80
78 17 76
99 16 52
9 7 5
15 21 66
81 27 41
31 15 24
68 52 100
93 36 11
48 47 64
69 69 70
44 68 100
84 75 72
76 92 37
50 89 30
51 42 31
4 42 79
28 34 11
77 100 78
55 38 49
42 76 67
77 59 67
36 66 32
89 4 43
62 89 39
55 4 61
92 80 79
68 2 52
96 64 88
24 12 4
75 7 5
61 83 44
78 46 26
62 33 43
13 23 62
61 55 53
54 50 86
97 27 94
47 38 52
21 38 12
47 24 57
54 44 34
19 48 11
23 76 48
47 94 39
21 56 98
87 64 94
65 19 42
85 51 20
97 50 39
56 29 25
11 25 23
16 14 8
12 71 12
65 93 52
69 12 12
76 39 4
97 14 29
36 21 23
44 18 33
13 60 86
47 48 76
33 92 57
43 58 14
5 40 80
97 40 63
45 88 73
48 10 70
81 75 13
53 29 15
92 70 33
14 65 67
12 67 12
65 74 18
1 12 47
60 87 71
7 94 33
58 34 53
4 69 84
84 43 84
13 29 6
74 76 56
86 13 84
11 37 85
7 58 47
23 37 33
99 67 64
85 73 66
1 51 70
28 20 98
92 47 5
94 98 35
65 95 36
67 96 81
18 64 82
31 17 32
33 12 73
83 10 26
58 83 43
92 1 67
30 62 84
47 31 3
12 29 19
11 90 43
24 91 84
85 96 96
78 99 40
13 3 86
59 56 97
19 94 19
96 2 51
24 76 59
25 31 31
38 59 46
19 94 61
7 90 79
39 88 15
43 62 77
81 63 50
95 46 66
64 19 23
82 45 70
26 79 98
45 43 26
86 62 73
68 58 36
94 53 59
20 2 98
99 15 93
84 63 63
23 32 22
36 60 41
10 9 77
50 16 91
95 65 55
78 13 82
11 51 70
30 66 13
53 17 71
86 17 55
60 64 42
6 11 37
5 46 3
30 3 24
68 81 44
65 65 55
43 80 15
43 57 39
23 71 92
73 100 10
39 64 78
11 10 37
9 96 84
31 24 82
91 6 33
39 95 4
59 70 84
21 69 64
13 45 30
4 100 77
80 76 79
80 2 78
99 89 86
98 42 28
46 57 90
63 90 66
24 50 72
47 26 93
21 97 49
91 14 60
7 15 33
70 15 61
43 90 88
86 99 61
30 32 51
74 39 42
38 82 97
29 75 22
94 59 40
80 62 44
64 21 20
24 75 95
21 77 2
61 38 1
43 84 70
93 59 66
1 87 6
55 32 24
40 22 17
20 14 21
34 50 15
5 39 79
45 46 78
45 60 51
6 27 39
58 4 16
55 2 23
91 39 16
41 82 91
61 5 77
17 100 31
74 95 89
14 28 72
94 42 73
95 63 61
37 50 25
70 24 72
45 92 98
92 12 56
31 13 4
63 97 89
27 36 72
69 25 66
81 2 22
46 27 17
17 59 88
75 85 4
87 39 19
41 69 70
98 40 6
86 54 26
19 87 60
4 28 67
45 89 77
64 87 13
44 90 76
41 32 71
25 16 61
66 53 78
47 43 93
24 60 89
90 35 14
51 74 15
84 30 89
15 18 61
76 74 42
76 25 17
64 76 43
52 61 10
83 46 73
31 34 82
84 57 10
46 65 92
28 74 37
85 56 44
99 90 13
98 48 96
21 90 68
36 48 93
97 99 52
53 87 65
52 55 45
95 40 74
19 49 83
18 49 45
94 7 18
92 79 2
56 72 60
55 72 38
87 58 88
53 27 85
8 78 24
3 19 42
4 20 37
67 84 85
32 21 83
15 39 74
7 89 10
59 66 93
12 26 26
55 96 55
99 99 86
3 10 43
54 10 7
56 71 1
74 17 29
33 3 31
91 40 60
91 93 90
17 55 10
2 84 42
43 78 55
16 65 7
60 1 52
99 68 92
32 25 84
56 85 13
99 83 91
59 37 74
87 94 10
5 72 64
46 82 45
50 51 19
69 46 70
49 96 89
69 68 81
3 43 86
90 32 29
72 51 3
72 17 3
93 21 63
35 41 1
84 41 76
80 42 10
28 19 53
34 31 21
87 28 54
15 32 87
22 44 94
100 46 15
17 17 41
12 48 95
89 21 93
17 99 91
29 35 66
85 93 74
100 61 65
94 38 65
91 36 84
49 67 37
65 33 97
66 86 58
8 96 70
18 27 98
29 79 95
94 96 27
27 95 86
33 20 75
72 49 88
46 68 91
14 57 96
29 56 86
48 13 66
78 4 33
29 30 80
100 64 49
96 73 61
26 85 41
22 69 79
65 44 33
31 60 66
58 73 15
87 42 92
83 41 16
49 71 50
100 15 79
28 83 27
53 29 57
37 17 73
81 56 65
72 75 87
42 5 19
8 87 54
31 97 29
29 61 67
49 12 10
24 9 4
52 65 81
88 97 78
86 89 50
49 48 67
73 96 67
74 87 42
87 11 51
17 71 15
80 12 7
64 91 20
77 55 45
11 13 73
71 61 46
28 99 56
70 86 25
34 7 34
91 39 8
86 32 65
40 71 85
57 99 81
62 44 65
25 25 72
99 77 31
71 68 74
96 31 24
51 16 82
80 5 64
52 2 28
62 26 17
58 15 31
76 53 71
85 17 20
92 69 45
20 92 6
9 85 39
43 7 42
13 85 13
15 94 41
32 78 64
46 90 51
93 10 27
9 15 86
24 43 28
46 15 28
79 24 57
43 91 10
69 10 62
16 72 70
86 50 87
96 85 99
2 80 82
18 90 50
22 97 93
93 37 90
87 3 35
61 21 5
83 92 98
44 38 30
71 61 85
25 79 19
95 4 7
69 93 60
88 59 21
32 1 95
81 36 19
25 84 86
34 60 65
35 67 63
8 98 82
87 81 23
74 16 37
52 29 55
26 46 19
45 92 40
21 7 46
75 46 7
55 44 20
37 32 92
55 20 12
93 87 40
32 68 20
69 63 47
90 47 52
22 82 36
59 71 73
48 24 26
100 16 17
43 33 99
30 35 34
88 71 50
38 17 45
29 95 3
46 34 16
21 12 77
86 3 54
14 22 21
67 76 90
68 10 1
42 18 100
82 36 11
23 9 22
16 94 28
84 38 40
40 38 6
8 41 3
16 96 73
17 79 58
68 54 27
21 41 61
57 92 9
18 57 76
45 37 60
8 73 20
49 95 24
16 7 83
51 76 93
9 73 7
84 52 98
48 5 6
21 96 41
33 34 22
96 66 30
82 54 14
15 23 59
18 15 8
24 44 13
72 70 87
52 16 55
58 44 38
22 73 65
4 63 98
38 11 10
45 73 50
30 15 93
84 35 35
99 15 86
56 30 4
61 58 31
25 5 14
45 64 46
80 94 84
50 21 41
55 78 87
28 98 38
3 22 62
94 84 35
82 21 77
19 63 55
8 18 60
63 77 48
72 18 16
4 98 86
87 68 27
4 6 6
87 25 40
89 89 94
15 8 62
1 89 99
21 29 74
31 6 45
78 83 73
57 39 10
64 68 79
13 29 54
85 9 84
86 57 59
69 26 56
83 31 5
28 88 22
47 11 22
67 96 100
42 90 17
23 99 80
56 84 51
59 72 96
10 54 46
74 26 93
31 33 22
11 52 89
17 20 1
79 43 14
29 84 46
72 20 28
24 42 61
59 15 33
96 40 47
27 53 52
58 39 48
97 75 5
16 62 12
4 85 98
52 64 92
43 33 64
81 5 78
37 54 63
63 74 96
92 38 92
41 17 83
2 54 23
24 39 65
97 57 89
2 52 79
87 56 60
35 76 60
90 28 44
49 5 23
46 80 49
97 75 36
6 33 26
6 15 65
95 66 45
71 81 86
40 78 74
72 32 89
41 82 39
2 40 15
53 48 30
6 21 84
33 77 68
9 62 86
75 94 24
96 37 16
22 19 57
47 88 24
97 89 24
84 97 66
39 39 1
87 48 2
31 55 39
33 51 77
88 44 35
24 91 45
39 39 38
39 27 17
84 72 27
43 36 56
95 34 21
48 94 63
90 62 71
26 35 2
54 33 33
15 78 27
6 45 98
70 63 97
19 97 58
68 28 7
17 53 56
22 5 7
59 51 1
9 25 33
15 49 64
83 1 99
100 21 14
87 93 24
48 48 57
80 54 17
25 75 25
84 48 78
71 41 28
70 29 84
76 25 96
96 32 59
50 53 84
80 86 32
25 76 51
62 35 40
49 63 13
85 75 79
21 15 77
11 9 20
11 18 62
71 66 66
31 22 84
64 35 96
25 98 49
99 25 61
29 23 18
12 36 65
37 53 8
72 63 94
20 76 43
25 95 78
93 51 100
79 33 45
11 61 79
46 42 18
86 91 44
30 14 100
30 31 97
30 97 26
9 4 92
42 19 73
1 26 51
51 6 93
73 66 65
61 35 75
60 93 97
37 40 45
43 92 45
56 47 42
71 72 7
83 4 27
60 32 51
72 38 95
13 28 93
40 66 96
12 7 15
4 60 6
23 20 42
30 33 30
46 45 74
10 25 61
32 13 87
74 1 67
21 59 65
75 96 75
22 88 87
58 45 75
56 100 62
54 41 92
39 94 46
28 15 56
99 36 20
41 25 37
43 7 85
87 84 69
42 15 12
11 26 100
16 12 94
26 37 4
98 96 37
38 64 12
40 2 91
89 91 90
12 39 35
37 56 25
40 75 10
5 49 2
38 99 60
30 72 99
16 99 88
17 63 65
17 71 40
25 96 18
12 46 75
84 86 61
15 44 55
24 66 81
48 64 50
48 60 94
80 75 19
40 89 65
9 33 28
79 97 19
13 70 13
100 65 50
86 77 31
55 23 50
11 15 55
44 90 27
38 69 30
77 59 18
65 98 17
83 13 52
73 35 8
97 13 76
54 96 2
26 2 1
45 67 53
98 80 9
6 94 50
68 97 35
8 89 75
12 29 87
12 38 4
44 89 70
77 41 78
55 66 16
24 42 3
56 60 82
60 81 39
92 58 88
33 63 46
76 97 78
60 12 95
91 52 52
8 5 83
23 62 97
98 65 6
26 39 56
11 20 61
77 79 51
9 93 20
13 57 26
81 68 73
59 67 44
22 5 74
40 76 48
90 25 22
58 78 53
43 80 41
89 86 44
84 20 72
82 7 91
9 59 61
60 18 19
68 75 71
56 57 70
74 80 38
22 55 48
93 47 5
90 90 90
46 15 10
85 63 64
56 84 47
86 28 99
59 40 58
21 43 38
44 75 63
33 14 73
64 64 63
100 13 6
65 28 56
52 59 44
75 95 83
14 44 1
100 80 34
52 100 34
75 79 82
95 30 76
9 46 21
46 9 86
8 61 53
91 39 91
37 77 93
94 73 67
15 26 66
65 37 40
14 37 80
67 22 5
74 41 99
52 22 50
84 47 8
54 57 58
32 88 6
18 70 46
78 29 41
49 27 36
64 30 21
35 36 31
30 1 56
51 77 46
98 11 12
90 5 83
41 69 81
55 94 27
68 84 54
90 32 59
84 67 76
81 92 26
11 86 15
86 52 7
100 42 8
41 43 52
18 48 23
29 77 4
93 56 43
48 2 94
85 11 30
80 39 4
83 21 83
27 10 7
33 23 47
75 70 44
51 65 27
83 74 62
67 84 96
74 51 3
74 18 35
96 44 86
2 22 76
32 85 45
16 22 87
81 34 74
1 22 52
45 75 48
86 86 87
32 99 34
55 45 68
46 12 9
15 99 84
19 76 25
4 38 19
78 43 90
59 14 71
92 75 23
58 5 59
71 36 100
70 83 99
58 29 7
3 25 84
84 54 98
28 73 65
43 16 81
47 8 46
87 27 44
64 60 3
32 37 40
40 53 6
96 82 6
1 100 97
32 7 22
87 55 27
96 9 34
55 93 83
82 7 86
72 9 59
39 23 94
19 94 30
2 12 76
75 7 34
23 15 6
53 28 99
6 41 66
8 48 16
21 47 48
55 22 100
54 29 32
3 61 83
74 4 25
4 88 14
85 20 89
6 28 81
46 52 84
28 23 63
45 7 41
98 93 95
34 58 72
72 62 3
43 85 48
51 87 25
10 26 68
82 10 91
50 47 89
86 4 75
42 36 62
15 79 22
89 48 79
62 43 23
50 81 60
56 91 16
46 72 45
48 81 77
23 64 40
34 54 97
31 90 14
30 55 56
93 83 5
10 22 100
11 27 42
81 4 77
37 86 72
91 88 39
47 11 58
6 94 29
7 38 48
74 54 84
46 66 54
82 9 67
96 79 33
43 78 64
100 56 73
53 7 30
82 89 99
64 84 25
5 94 8
1 25 51
35 46 16
67 11 25
28 96 27
80 92 59
67 13 3
43 10 85
59 33 84
66 10 92
94 21 91
62 11 7
94 20 70
25 98 28
44 28 73
3 59 71
80 92 25
47 100 23
35 56 19
73 10 15
24 23 63
74 30 25
63 96 79
74 97 41
99 72 63
48 78 55
50 5 11
6 45 43
60 51 11
27 21 67
75 96 46
56 6 64
66 71 51
88 80 93
85 87 20
41 12 79
75 58 59
26 29 42
61 98 68
52 41 65
55 49 46
4 55 89
71 65 3
27 54 86
17 58 76
6 19 24
49 60 40
9 36 95
60 30 58
52 97 67
77 70 61
58 19 48
96 10 29
32 13 23
49 3 53
31 66 2
16 81 6
41 44 90
52 68 8
98 81 17
62 50 82
70 30 4
48 21 90
96 38 29
16 73 12
64 74 89
39 98 66
54 29 73
88 1 24
96 43 27
27 36 68
91 41 24
4 15 98
72 76 81
83 15 16
51 18 50
21 42 31
56 50 61
21 1 98
35 64 76
6 45 56
86 7 95
94 32 40
53 96 98
17 97 28
57 84 83
55 8 51
7 84 90
45 14 18
13 39 59
73 5 14
53 19 25
17 54 51
35 49 44
73 79 76
12 5 97
8 95 98
56 20 75
60 66 20
36 34 94
78 96 25
38 79 54
81 7 69
88 38 45
14 54 31
50 64 49
90 91 9
41 56 30
55 72 31
39 95 75
46 31 86
13 17 38
79 25 48
29 83 10
71 35 2
14 68 95
80 20 77
60 4 78
50 81 34
4 38 29
75 95 88
38 70 22
29 57 54
80 31 36
84 73 56
92 92 9
3 31 99
89 66 79
41 15 97
49 56 28
21 26 16
95 77 94
75 42 62
95 45 36
12 94 97
64 93 2
4 60 97
34 44 16
43 19 23
12 35 39
61 66 27
4 4 4
33 68 17
88 14 70
5 60 62
27 60 51
73 21 47
46 23 97
18 13 45
69 24 28
10 48 33
69 47 36
87 44 70
69 52 3
52 58 7
57 82 70
64 62 44
21 65 75
64 39 94
38 32 91
24 12 85
69 18 43
67 9 69
52 24 91
95 29 36
51 11 83
66 87 30
75 51 100
79 83 96
92 32 41
19 70 38
14 32 65
30 61 15
17 20 80
36 2 42
21 40 82
98 89 89
52 12 93
31 5 10
30 73 28
91 50 29
21 63 24
42 39 20
35 51 85
48 45 13
8 83 69
31 94 59
100 63 12
8 33 20
92 100 59
60 26 16
7 49 92
5 59 5
19 97 3
19 75 18
22 89 75
18 95 55
26 80 78
42 69 47
52 77 73
58 3 46
80 98 66
10 37 5
56 52 86
21 73 97
25 4 95
37 81 61
17 11 21
53 89 65
2 7 18
51 8 75
76 22 41
42 27 23
100 64 10
97 52 66
80 31 37
32 93 53
76 8 36
47 62 95
53 19 31
64 18 50
41 12 43
18 65 27
30 56 99
47 73 61
27 41 98
2 84 69
35 8 91
6 89 38
88 16 31
80 4 28
60 4 89
10 43 86
60 73 69
86 10 12
84 37 75
40 22 42
55 31 2
97 65 11
6 75 31
37 10 81
26 41 57
80 76 39
78 50 98
47 51 35
13 1 63
70 61 41
25 8 78
96 32 63
15 87 66
23 63 46
28 67 41
76 57 85
50 30 62
58 45 38
62 23 26
39 41 7
100 65 6
55 73 81
63 35 12
57 75 46
9 13 74
39 36 29
82 28 5
29 35 56
63 11 73
94 92 94
8 81 5
68 29 75
16 46 64
41 43 66
46 26 82
67 46 51
76 61 7
15 59 70
10 67 94
20 25 53
80 85 19
15 21 85
11 61 59
41 8 63
25 21 3
35 41 59
64 96 41
86 38 12
75 52 38
99 24 80
9 39 63
77 66 32
89 42 19
55 85 42
11 28 47
74 79 37
10 63 83
14 53 16
79 97 30
78 6 61
11 5 48
57 64 63
82 73 97
91 52 49
100 59 29
85 75 87
66 96 9
55 51 64
70 76 32
3 1 79
62 29 58
78 54 69
75 5 98
78 81 40
58 74 97
8 30 26
74 9 32
23 80 65
18 39 48
25 14 59
6 16 83
75 44 73
70 68 67
51 61 27
59 48 46
43 86 41
66 90 53
22 86 28
76 57 99
64 22 63
58 32 40
90 12 67
40 28 67
44 4 59
88 78 58
78 14 71
43 2 15
94 82 34
58 9 19
72 31 44
60 68 34
10 54 58
51 20 80
95 40 71
13 49 85
35 50 18
42 69 43
50 57 36
87 65 22
90 8 24
80 61 42
23 96 67
34 28 23
66 42 55
100 99 37
45 47 10
54 61 16
1 42 11
42 59 26
93 89 21
44 72 84
45 37 52
3 57 60
79 14 28
41 87 68
24 57 92
2 4 100
27 39 99
73 19 81
1 35 35
98 18 69
60 36 43
8 21 60
62 91 21
12 87 79
49 34 82
1 55 35
99 45 43
96 27 34
25 61 84
21 57 83
34 89 5
72 69 98
62 22 82
24 97 36
41 55 93
7 22 16
53 1 30
13 49 58
85 62 7
89 11 22
26 46 49
42 63 14
7 62 83
88 44 64
19 86 21
95 73 85
23 11 34
38 16 6
28 48 91
93 67 22
65 38 100
66 97 36
20 82 57
96 89 36
96 18 19
93 46 35
39 27 21
35 39 55
77 89 84
2 87 89
71 60 1
48 90 19
40 21 37
87 62 58
100 62 8
28 52 13
88 94 28
64 15 37
73 50 48
75 93 60
79 66 23
80 87 35
5 74 90
40 29 28
75 75 43
44 37 45
17 3 95
71 5 17
25 79 31
46 42 38
72 88 25
3 64 99
70 58 98
54 6 76
86 54 38
63 4 31
43 91 48
55 11 13
5 74 30
33 25 45
93 18 44
72 22 99
96 34 72
38 60 70
40 49 99
21 61 90
33 61 99
8 78 67
27 16 49
86 39 8
89 11 92
81 71 5
32 84 1
15 76 28
21 60 26
53 51 1
69 42 88
25 34 38
9 55 69
43 95 17
72 43 18
65 57 39
27 22 27
27 42 91
61 72 51
91 77 52
22 89 6
43 76 28
87 46 2
61 83 93
72 64 60
78 13 56
81 2 83
89 26 47
60 94 49
58 1 79
64 67 15
10 23 83
30 42 11
46 15 98
68 26 32
94 85 69
60 66 45
71 73 17
83 70 40
71 25 88
29 65 23
97 17 51
43 93 87
47 38 80
37 83 47
85 33 45
67 47 2
28 82 29
54 84 87
70 1 17
74 80 42
89 16 48
52 17 16
82 63 51
13 8 4
48 42 60
10 73 37
94 51 36
31 36 28
43 47 61
81 73 50
74 31 32
18 77 15
15 65 20
96 82 70
25 22 20
79 77 3
28 24 55
77 24 77
4 81 80
84 10 88
9 17 82
59 86 36
14 100 61
49 39 83
98 49 20
63 83 33
57 39 48
85 69 71
27 12 44
90 61 90
75 87 21
73 50 6
58 25 61
76 20 6
93 84 98
59 1 97
32 34 100
57 38 3
14 79 80
22 94 78
97 51 55
19 76 53
93 40 30
77 77 77
79 18 12
48 72 48
83 31 32
90 18 77
57 3 15
59 89 74
96 47 83
84 57 69
6 50 50
90 61 30
40 76 41
70 54 93
71 13 53
2 11 69
35 8 44
20 14 34
20 86 27
71 27 8
77 99 6
92 83 2
71 41 25
89 64 99
8 82 10
74 69 100
44 17 4
73 48 51
42 6 86
48 20 13
56 68 74
73 24 89
65 80 32
43 41 94
26 36 24
13 92 28
30 34 24
71 5 29
80 63 70
97 64 50
1 28 66
71 1 56
66 13 91
74 68 48
12 33 66
68 2 60
87 46 91
27 53 23
56 39 86
46 67 31
7 71 10
27 85 11
36 61 47
84 42 12
43 4 15
67 98 54
8 57 89
8 66 85
88 85 81
96 17 98
14 23 52
65 81 15
61 66 71
61 12 80
22 29 82
49 72 57
35 4 4
81 78 92
47 11 56
35 67 87
64 89 19
87 100 75
23 99 49
16 96 46
43 39 6
21 11 56
46 20 88
3 45 39
20 71 77
36 70 3
50 100 96
88 70 56
46 34 100
10 50 11
27 17 44
12 71 31
60 56 52
48 8 34
99 27 27
54 24 26
70 88 23
32 33 10
10 64 9
48 13 69
8 77 14
9 17 36
32 51 10
8 92 68
86 81 1
10 88 90
49 85 97
19 15 14
94 35 88
8 15 56
66 27 54
15 36 65
86 14 22
37 87 39
16 31 69
26 5 2
73 53 99
50 97 27
97 76 77
2 19 99
69 55 61
14 91 32
43 25 86
67 53 42
81 45 82
77 65 52
63 90 25
58 8 64
53 69 45
31 7 13
27 51 65
15 36 96
89 97 92
45 15 22
77 20 71
65 39 96
87 40 93
59 2 86
96 47 28
64 51 24
21 62 67
1 4 84
25 83 77
19 86 17
2 37 12
81 38 45
33 16 15
46 73 10
31 74 18
19 9 59
54 87 62
62 74 72
16 28 74
29 29 90
83 55 30
46 35 74
68 87 25
49 68 76
41 6 2
23 19 38
33 95 10
28 65 21
76 42 68
19 9 24
55 28 41
91 92 72
85 3 27
63 24 61
50 80 35
26 98 88
100 48 8
31 38 65
4 5 48
94 29 43
84 99 3
27 7 34
55 21 33
92 11 19
10 59 13
91 29 1
82 56 1
64 57 38
7 2 49
7 11 60
64 65 44
28 85 78
23 2 10
100 68 69
96 72 64
88 100 57
10 10 7
68 73 64
42 8 83
100 99 15
90 10 73
48 9 48
76 31 44
62 81 47
39 100 75
77 87 38
29 62 5
83 76 10
83 62 70
12 62 32
23 14 20
60 27 90
44 23 29
46 49 61
45 78 16
71 74 60
61 12 81
37 38 24
53 70 15
9 10 11
99 27 1
15 71 66
48 3 46
52 70 64
31 93 22
13 96 34
10 67 7
51 87 47
20 64 59
54 67 41
39 19 18
64 46 82
8 60 95
56 12 82
89 12 6
93 27 23
15 16 18
65 80 98
44 86 21
60 86 60
56 70 77
75 17 25
64 13 2
37 42 10
96 36 94
80 10 83
93 80 19
78 50 61
25 54 80
25 86 83
65 30 9
20 44 35
79 38 22
51 68 84
100 40 82
82 69 84
40 68 91
43 72 49
37 66 59
55 96 66
86 5 5
45 50 26
61 68 43
8 70 19
16 65 54
27 11 60
21 50 79
56 88 24
12 34 46
17 11 39
93 73 37
61 64 80
20 12 80
48 28 20
16 45 2
93 82 12
50 63 32
51 61 24
65 97 94
38 2 13
66 2 10
86 35 94
62 33 2
2 1 97
14 90 29
47 23 65
95 63 23
75 45 76
55 18 78
76 35 58
20 42 20
80 31 89
1 39 91
99 81 57
43 89 46
58 25 88
36 88 33
57 29 29
90 47 9
84 83 84
24 85 84
72 8 68
10 20 95
50 65 18
20 30 97
63 76 41
68 35 13
50 9 54
54 69 24
78 31 10
63 92 84
43 44 43
7 40 83
93 5 69
52 80 87
85 27 68
27 25 71
46 2 34
53 11 85
98 1 24
67 36 38
78 29 79
22 92 9
13 32 66
90 46 96
90 62 10
26 83 87
71 69 9
78 31 88
21 89 82
74 80 39
35 48 78
62 32 66
91 13 89
47 68 31
38 63 73
37 81 91
51 61 97
21 72 12
52 88 78
27 75 96
71 77 57
31 59 76
26 54 32
73 40 98
83 63 12
47 9 62
28 38 33
35 65 12
92 23 25
86 32 76
68 50 38
43 5 62
96 63 92
26 1 85
58 96 80
63 12 94
68 47 40
28 76 17
24 68 93
61 41 27
93 60 75
67 57 80
24 91 59
68 6 20
32 77 22
86 77 10
59 100 61
68 93 71
11 31 18
8 95 77
91 78 32
35 76 89
84 2 64
2 54 90
87 88 82
86 99 7
24 54 83
89 10 38
25 69 38
53 64 4
92 90 58
67 52 94
100 35 25
7 49 49
63 54 51
72 80 96
89 89 100
75 68 36
78 67 87
15 4 34
22 26 60
92 90 23
83 23 52
6 56 83
74 36 29
56 55 41
13 76 4
13 72 95
41 23 83
37 73 7
40 54 16
87 39 28
60 54 91
59 26 81
67 50 84
61 80 33
91 94 89
39 54 59
70 81 22
66 67 82
78 74 83
5 22 56
53 79 43
55 42 45
68 81 96
6 80 58
58 71 68
38 83 7
18 74 62
94 64 92
13 90 2
2 82 47
1 84 42
86 72 54
19 14 53
28 99 98
85 31 74
78 52 45
59 68 50
88 98 92
80 56 51
79 20 37
5 39 34
26 64 86
63 7 12
29 65 4
82 99 71
15 9 30
51 16 70
25 68 63
77 33 48
36 88 31
19 92 34
36 36 40
33 76 77
33 100 72
21 46 82
16 26 88
1 61 5
22 89 32
70 21 70
31 31 73
43 97 59
26 40 64
41 16 10
96 99 19
91 21 76
43 51 62
26 8 44
30 45 23
48 78 93
84 15 6
76 24 10
81 89 20
74 61 5
22 32 50
84 27 5
1 35 73
49 64 68
20 34 63
57 36 54
87 49 63
11 90 35
65 82 79
93 80 3
49 7 57
64 26 21
47 45 38
57 39 65
84 69 12
54 96 84
46 58 54
4 44 70
91 15 82
68 70 26
90 70 82
52 3 94
78 27 99
81 75 57
50 1 42
41 31 93
49 2 39
6 95 68
78 20 67
19 60 99
99 84 34
33 95 2
56 52 65
58 97 95
34 32 71
66 90 77
20 32 13
51 67 16
40 96 56
99 53 1
45 75 10
84 65 98
25 22 90
29 26 86
38 14 2
27 87 68
43 95 42
74 74 82
78 70 3
79 64 9
75 65 53
30 41 60
56 100 86
24 61 75
89 46 75
87 69 42
86 27 58
51 9 47
15 56 53
99 40 18
3 48 19
33 6 8
93 32 49
68 1 1
22 39 33
49 85 17
63 76 89
26 24 25
84 28 26
100 86 79
93 72 66
15 92 69
51 31 36
74 91 76
29 65 52
29 64 29
45 94 78
77 60 92
98 87 29
53 88 76
42 37 54
10 69 40
64 60 86
73 100 71
65 61 82
51 42 64
59 99 9
45 76 90
7 57 59
48 37 26
87 75 16
3 93 34
30 38 72
93 95 22
24 5 56
13 42 85
77 20 18
77 52 99
90 28 75
50 59 27
81 66 80
57 23 15
28 71 64
13 11 12
22 48 70
83 88 10
56 13 29
45 50 23
76 16 27
61 79 59
74 50 46
5 55 85
66 24 58
41 78 39
3 21 28
82 88 4
80 63 52
39 73 53
53 48 21
12 33 94
91 80 10
97 34 6
21 75 40
2 44 91
40 68 64
32 48 96
41 99 24
23 15 58
41 78 22
99 92 48
62 10 68
28 62 83
67 51 17
13 25 8
16 56 31
47 69 80
100 3 34
97 13 47
70 70 10
18 6 31
29 36 41
59 41 56
95 36 34
16 49 42
13 16 58
29 33 45
65 88 95
10 78 17
22 13 25
37 72 50
92 70 65
64 89 36
45 20 96
14 34 3
18 49 51
39 50 67
60 84 14
7 19 14
64 31 1
25 82 16
64 87 2
51 65 47
17 45 88
86 79 28
72 71 38
38 64 36
86 87 90
90 7 15
61 92 5
92 39 43
17 10 43
77 38 66
4 1 74
1 59 83
32 49 82
24 22 91
73 52 6
55 2 43
31 100 59
97 25 57
28 78 73
65 74 33
96 96 67
73 94 25
32 41 28
30 5 29
68 42 14
38 74 29
87 68 61
10 22 5
3 93 10
5 97 87
64 45 29
22 23 90
97 24 7
71 62 84
19 38 73
71 89 79
19 21 33
49 53 46
20 16 93
35 53 59
82 61 96
99 70 82
50 52 45
24 66 82
75 63 69
27 86 84
43 41 19
19 12 85
4 55 10
94 96 8
74 90 39
66 32 12
3 13 79
98 83 83
34 32 16
8 5 1
89 53 1
25 46 44
37 37 31
75 36 50
10 40 25
86 28 1
9 95 47
6 84 78
44 74 89
29 84 37
50 31 85
58 34 88
24 77 42
22 65 23
98 51 77
75 14 78
48 52 29
13 34 84
38 48 53
55 74 83
79 32 56
7 71 11
84 51 42
16 5 77
60 9 7
77 89 47
71 12 100
66 79 13
7 92 76
67 42 8
15 86 40
2 77 34
6 49 75
45 64 4
51 100 2
40 66 66
65 62 64
10 88 91
6 82 83
23 98 8
49 1 60
29 95 46
45 17 9
19 71 95
57 64 17
9 7 95
15 89 79
61 67 76
57 47 42
81 71 11
61 74 91
99 33 85
51 42 70
43 67 58
63 1 64
23 83 99
64 38 75
38 52 16
85 38 11
39 80 1
72 45 34
8 35 9
44 88 2
33 94 68
13 66 21
93 84 71
73 72 57
26 82 81
86 5 39
20 21 55
46 97 58
19 65 97
84 58 49
84 31 54
80 18 20
76 31 2
7 25 41
5 62 69
72 79 1
86 91 90
26 28 90
13 57 9
80 83 94
89 97 15
79 56 83
52 9 19
41 64 89
64 81 12
59 73 63
69 76 9
13 3 63
92 74 31
17 42 19
12 16 59
72 33 94
33 37 95
24 81 21
81 83 82
80 92 29
89 10 57
7 86 28
11 47 6
24 46 74
85 9 2
96 51 57
29 90 79
31 66 84
44 76 60
37 73 95
84 51 6
68 8 65
85 62 62
59 20 10
30 23 63
68 90 59
52 40 56
13 91 94
6 92 59
74 41 35
96 43 27
15 44 93
30 60 86
6 48 83
12 18 20
34 91 10
78 28 86
17 31 74
54 39 16
14 9 9
53 19 90
25 41 88
82 59 21
2 41 20
25 50 33
40 77 83
51 91 3
88 59 93
84 26 97
47 69 66
3 11 88
82 39 87
51 42 18
42 94 77
52 94 21
75 44 50
95 61 40
62 56 6
12 75 60
66 83 1
59 6 23
4 61 89
73 25 35
23 78 72
41 8 83
26 47 20
48 38 2
64 26 64
94 14 60
59 20 92
1 37 52
22 54 14
40 56 11
16 14 88
7 36 83
21 50 62
89 83 47
60 36 15
94 72 21
62 80 1
10 15 56
91 68 70
73 41 4
7 12 42
7 40 39
68 30 1
37 58 37
90 66 10
12 89 48
93 84 47
35 87 41
63 42 71
22 94 90
76 88 82
17 72 93
1 1 73
85 61 94
43 54 27
59 73 12
79 51 15
23 60 87
12 32 73
2 28 16
4 28 93
23 43 72
15 38 64
46 31 83
78 62 54
64 58 81
71 78 34
95 76 82
85 2 40
6 47 73
45 51 81
37 92 47
19 69 63
29 29 5
99 43 78
68 94 10
39 39 66
50 100 38
30 78 92
68 85 47
2 11 25
43 42 13
87 95 73
16 58 53
91 40 43
4 26 11
66 44 85
70 42 7
16 52 95
3 42 40
45 21 94
20 67 65
56 53 59
62 31 32
100 34 61
2 97 41
8 14 48
45 60 50
14 36 15
87 66 86
89 12 5
56 72 38
46 65 52
12 5 67
8 46 26
27 29 22
52 70 24
74 27 7
18 3 20
76 86 30
5 3 65
68 16 79
36 56 1
56 83 10
35 42 52
19 16 26
97 68 95
92 96 19
10 37 72
70 48 83
18 11 73
77 34 28
29 11 43
21 34 4
32 93 76
79 73 7
28 88 2
63 65 24
76 52 72
12 93 31
65 44 2
80 27 94
55 57 2
10 31 86
59 26 100
47 14 32
86 3 77
43 93 66
30 66 71
5 16 15
16 87 62
65 23 53
80 83 67
42 3 86
18 90 9
32 34 86
54 24 25
100 78 21
70 94 86
62 25 27
47 24 89
75 12 41
76 13 63
87 42 19
69 77 98
6 66 87
19 82 80
51 92 13
3 38 86
11 30 45
38 87 97
18 78 75
65 5 18
52 3 62
31 25 64
66 44 72
28 55 49
79 97 70
80 85 90
74 87 91
55 92 19
91 15 86
30 23 24
64 33 11
68 49 96
54 15 48
86 88 80
77 92 9
78 23 28
31 62 76
95 65 96
87 33 67
63 15 80
45 60 11
50 14 37
47 16 12
32 95 67
42 27 42
6 83 89
51 63 21
86 72 79
78 18 19
100 78 86
36 14 12
9 71 88
10 24 83
44 74 21
21 69 35
45 93 89
36 43 56
46 47 5
27 92 11
89 10 9
85 45 94
33 56 3
21 94 83
60 85 38
43 51 2
30 68 62
88 100 6
57 15 57
11 78 87
100 31 93
95 46 42
73 99 38
70 68 73
14 28 7
64 3 61
84 9 29
100 73 18
70 57 14
90 26 4
32 81 24
98 68 41
72 81 52
75 14 65
73 82 36
21 48 42
32 51 33
7 15 50
81 77 37
88 52 62
21 8 93
67 5 51
15 42 14
90 30 24
77 2 15
68 81 40
6 24 90
15 76 35
4 25 30
40 64 33
15 53 81
97 97 26
38 51 35
46 82 10
3 42 27
24 79 15
51 86 24
60 48 57
26 74 99
33 83 44
22 10 30
77 87 97
25 33 59
84 81 62
30 77 35
12 98 73
61 76 69
7 55 32
35 40 39
37 97 51
67 38 14
84 51 86
37 93 2
39 66 16
61 36 52
13 83 82
14 93 85
31 81 14
93 46 50
18 13 35
69 67 8
56 33 72
32 4 92
6 20 21
22 97 69
79 69 26
18 59 31
1 54 98
82 67 7
80 76 61
21 65 6
67 93 34
28 16 32
5 32 28
78 40 12
79 16 76
36 28 10
31 48 26
80 60 21
78 2 60
57 75 11
21 9 81
67 85 91
31 60 19
55 14 3
85 60 32
74 46 41
100 95 38
74 73 56
37 71 10
34 23 2
83 68 31
84 57 95
7 6 17
79 39 27
30 71 92
11 35 74
70 20 27
28 82 74
9 58 30
4 39 6
70 13 96
15 66 51
94 40 21
16 53 26
47 24 24
67 14 47
52 21 25
33 61 22
70 46 58
3 13 89
46 2 77
14 14 2
6 22 94
90 82 80
70 40 87
38 86 78
35 97 59
41 61 53
18 8 58
16 55 35
44 23 20
1 38 35
72 86 8
44 66 40
52 78 40
90 15 89
99 93 76
67 45 35
73 94 2
32 41 38
98 79 13
39 8 10
77 80 96
55 16 18
26 11 58
69 13 9
11 16 60
49 92 58
70 2 86
63 29 37
32 5 85
98 100 72
4 57 9
11 44 100
51 81 54
3 28 68
19 42 44
32 67 26
96 5 35
46 30 65
100 74 87
18 37 75
92 17 53
9 41 9
48 82 23
71 8 53
32 34 100
3 46 78
2 87 15
44 32 86
43 48 87
48 48 67
45 30 62
77 77 24
67 54 98
39 45 24
59 90 23
95 34 26
77 57 93
100 47 99
11 69 50
4 77 87
89 44 88
22 61 9
75 7 80
34 72 8
47 41 57
72 26 24
5 13 7
92 37 82
13 71 74
31 84 57
45 67 21
98 86 99
10 28 71
51 81 37
7 25 99
43 1 48
24 60 43
62 96 86
47 39 21
16 78 4
78 97 57
59 52 80
67 18 47
59 62 29
90 47 37
96 78 33
22 88 75
98 80 58
94 75 17
77 13 83
67 9 72
62 67 46
60 10 95
71 26 3
53 16 6
60 11 68
100 14 74
6 72 25
66 57 46
28 90 56
81 76 40
23 60 5
66 23 50
40 61 2
71 7 29
57 47 88
14 58 92
47 5 13
33 21 97
61 98 19
43 6 95
61 88 28
50 10 91
59 38 57
62 56 17
20 21 14
44 97 30
93 20 74
45 37 18
86 52 92
36 17 74
79 61 29
38 73 91
30 84 35
90 19 18
32 46 26
42 55 1
74 79 74
14 55 77
73 53 97
56 79 79
45 87 26
1 3 8
22 14 13
90 88 6
49 43 22
46 73 4
77 80 40
47 98 54
69 3 99
50 96 64
64 52 8
57 66 57
60 21 32
30 31 25
98 75 60
1 70 18
70 85 100
92 51 52
39 71 59
50 44 63
56 43 39
80 41 6
71 76 10
71 40 84
80 91 62
56 61 51
73 51 64
53 50 77
18 3 88
76 72 1
91 60 63
1 46 52
19 53 58
98 21 18
43 47 6
18 89 50
29 90 79
50 64 64
77 99 1
7 100 23
65 84 40
84 10 61
53 11 91
31 95 74
37 15 80
50 10 55
47 63 63
95 49 40
25 44 18
25 97 50
94 81 25
68 79 26
8 69 51
98 3 19
95 44 85
36 76 47
27 43 28
34 69 30
20 31 89
34 17 42
5 87 53
35 64 95
5 64 58
8 88 19
90 55 30
28 17 97
54 3 14
76 13 66
77 2 35
80 39 45
59 94 45
11 94 72
98 37 63
61 7 89
13 29 87
71 27 85
66 97 80
16 27 4
40 37 10
84 61 36
92 10 11
89 51 96
100 65 6
37 71 16
58 67 70
42 15 76
91 30 7
10 13 49
90 8 85
3 41 34
51 97 35
73 97 54
73 26 34
3 24 56
86 26 7
11 63 66
66 26 34
72 32 29
16 76 75
93 78 42
34 70 91
8 1 83
76 50 12
24 3 78
42 19 45
25 91 83
87 67 12
21 45 72
70 2 27
78 72 93
17 66 15
94 38 87
33 78 82
23 49 60
28 32 18
45 33 71
26 23 67
80 52 61
62 67 12
99 57 14
6 62 86
65 70 18
13 56 13
85 34 85
48 73 13
43 36 84
17 5 42
39 59 44
76 34 42
63 5 100
79 9 14
32 42 42
15 94 89
20 10 49
27 85 39
8 17 70
59 49 24
49 38 55
23 59 48
71 40 43
60 19 56
81 67 70
94 81 19
8 64 32
85 36 18
58 22 4
17 24 4
60 63 2
22 72 22
69 87 42
87 76 99
46 55 98
49 63 69
81 94 42
86 84 7
57 40 86
86 24 25
20 76 83
61 70 54
58 75 40
82 17 43
55 39 35
86 18 57
7 40 1
91 86 60
46 64 51
3 43 44
93 74 8
31 1 52
50 14 81
98 18 35
42 59 49
98 65 30
10 90 24
82 78 32
58 4 30
53 62 89
37 2 63
52 96 92
96 68 35
39 37 57
62 79 32
74 56 26
61 11 52
75 54 58
59 70 73
59 7 24
64 81 8
13 72 5
87 9 85
80 79 58
85 63 54
13 85 1
60 42 54
73 25 50
25 24 22
61 55 39
23 9 88
47 17 19
72 36 69
60 50 39
63 58 74
57 4 82
28 49 72
38 9 76
15 2 23
54 65 42
67 62 36
96 29 25
6 21 8
91 84 97
86 9 49
35 72 85
56 71 42
45 89 59
13 46 41
8 5 85
98 38 3
87 52 21
71 24 51
75 72 50
57 8 91
60 20 40
49 9 19
38 77 9
88 26 34
90 3 10
62 80 93
36 1 57
76 38 76
59 32 47
27 64 95
64 18 52
48 95 78
29 73 54
26 96 45
89 82 77
52 66 56
24 83 8
5 37 86
46 23 82
72 31 16
9 8 54
95 26 59
69 34 18
81 55 66
73 16 65
84 98 72
72 39 70
55 85 19
75 41 79
20 84 1
98 31 13
84 72 10
70 78 20
6 83 42
5 84 19
69 32 82
42 28 41
66 89 59
32 40 63
66 58 88
92 73 5
28 18 25
88 51 20
63 26 68
87 63 76
2 71 84
82 17 58
44 35 42
91 44 52
72 8 46
61 7 32
37 16 74
35 56 7
22 35 92
79 59 24
11 43 10
16 89 47
89 70 40
94 87 95
70 78 84
77 86 28
80 38 56
99 65 60
42 72 13
90 98 83
28 4 100
57 33 87
63 21 38
8 32 74
6 38 8
14 74 90
94 24 59
54 20 68
40 13 53
92 41 8
31 53 90
56 89 100
95 17 44
2 31 63
97 42 82
56 20 65
39 7 89
45 20 89
100 95 45
16 97 19
61 92 82
89 92 21
71 63 98
77 43 71
23 38 71
37 67 47
13 65 40
67 53 98
69 81 81
42 63 89
3 53 88
66 38 34
79 6 61
43 63 71
13 64 70
26 98 44
41 1 24
64 29 58
97 64 42
77 70 64
65 69 85
56 3 22
9 57 9
4 90 82
40 89 23
7 88 40
29 25 36
53 29 75
89 89 89
9 71 90
15 84 19
64 20 2
100 97 30
47 96 94
61 68 90
41 18 64
16 39 46
68 69 51
27 73 68
39 2 20
65 82 1
91 81 18
100 76 23
18 13 51
81 63 78
70 46 79
10 38 38
45 12 42
24 66 14
90 53 38
62 24 20
71 58 12
83 73 74
16 24 3
3 21 59
64 84 92
55 50 15
75 35 16
70 67 80
87 37 84
60 91 87
47 60 80
96 56 67
57 27 51
1 3 2
99 76 68
61 31 70
79 98 17
65 5 46
86 52 55
41 99 3
16 39 83
63 37 4
20 33 53
97 19 66
97 40 15
53 9 99
43 1 31
16 17 15
16 35 92
98 96 9
5 59 52
94 75 31
15 14 52
7 73 77
86 92 72
17 52 45
59 99 93
59 92 25
94 39 63
96 94 39
93 65 88
42 72 13
78 17 77
61 38 44
61 84 64
97 24 99
33 63 65
8 82 83
81 78 80
7 34 90
77 84 56
62 31 77
3 35 54
46 30 93
17 56 72
17 48 35
5 6 12
56 38 14
26 54 79
32 63 42
97 37 61
84 7 75
23 72 33
22 89 34
24 6 19
49 33 6
27 48 1
18 83 97
74 62 81
92 66 85
55 2 88
16 17 34
80 74 69
49 76 57
8 71 37
73 32 33
66 91 9
70 89 85
28 64 19
98 76 25
79 66 53
90 32 42
64 30 4
95 69 5
80 90 55
25 55 80
96 49 19
97 48 8
53 58 20
37 95 63
88 62 63
6 54 9
16 7 77
41 86 47
48 33 70
19 100 93
5 78 17
80 37 7
54 94 10
33 50 17
82 46 76
14 2 64
12 53 56
53 25 33
90 30 86
53 7 14
31 93 32
30 23 6
54 20 80
76 2 49
75 68 79
63 36 48
43 82 97
9 9 52
4 11 73
85 25 74
27 75 100
74 48 38
68 61 32
96 5 71
13 39 89
33 14 87
82 23 42
81 29 81
59 34 21
49 49 30
85 35 20
3 100 84
3 17 10
12 42 35
96 68 74
18 57 93
86 89 43
58 93 19
97 75 54
53 89 98
35 21 18
66 23 84
34 44 78
64 48 85
33 77 49
82 67 42
63 11 58
98 7 38
41 80 41
45 88 85
52 70 62
27 1 94
6 7 81
72 26 75
76 80 25
98 21 59
21 71 2
29 46 67
38 25 5
27 92 21
41 13 15
56 37 38
80 27 68
80 78 45
57 83 44
21 53 12
39 31 19
11 100 40
77 18 52
41 28 52
56 48 64
6 83 61
3 56 41
75 28 60
92 52 27
94 4 67
80 21 52
3 61 49
86 89 94
30 99 65
85 4 86
79 95 36
21 23 74
30 95 14
80 27 44
90 69 26
35 82 3
1 75 26
19 42 27
5 72 89
29 39 91
42 57 1
68 47 75
91 62 68
55 23 70
93 90 56
50 70 50
2 45 47
3 33 79
1 59 95
51 49 15
78 24 96
24 12 92
70 12 37
36 13 49
12 13 83
71 67 36
56 35 19
98 77 77
83 6 52
78 86 7
99 33 14
20 11 28
17 85 74
22 29 93
65 31 49
38 60 73
9 17 94
89 63 81
6 29 37
50 8 34
33 95 93
97 79 22
90 7 87
94 21 63
37 35 6
33 9 90
10 13 39
27 93 55
98 19 80
78 71 35
10 30 9
18 61 42
94 54 51
53 77 45
47 5 35
49 36 84
48 88 19
34 73 93
90 52 37
58 20 78
32 6 77
87 72 43
45 24 67
32 1 90
11 55 52
96 63 99
18 48 49
54 91 79
63 55 10
8 68 65
91 94 62
1 98 24
7 10 17
86 54 96
18 75 69
6 96 25
98 26 37
8 39 85
35 38 57
13 96 20
49 7 80
91 8 69
91 5 53
77 58 62
48 25 34
47 39 20
76 96 55
31 66 47
11 66 62
94 56 23
50 73 53
21 34 18
57 4 38
100 87 43
80 36 60
20 41 98
35 49 93
21 89 82
61 35 2
69 56 96
99 1 48
60 69 47
38 35 14
93 62 10
59 96 67
17 51 98
17 28 53
42 66 43
39 95 98
25 32 82
24 59 64
63 16 52
6 5 71
13 7 58
49 24 10
5 16 86
83 37 20
79 70 74
95 75 99
32 81 25
93 2 83
84 54 31
75 58 99
88 44 74
64 90 1
53 36 3
32 73 86
39 32 88
74 86 24
22 63 14
7 41 30
20 29 83
38 65 48
88 68 91
69 59 37
94 17 24
24 72 76
52 44 49
94 33 90
90 100 85
45 29 19
42 22 32
11 75 5
44 39 84
26 25 22
35 99 13
52 96 75
75 47 74
92 49 39
8 55 3
71 82 44
1 76 22
6 51 13
79 21 27
16 24 99
25 17 46
87 85 98
17 50 3
50 30 30
61 84 89
35 60 56
61 76 71
56 29 41
83 67 73
79 70 58
30 54 81
67 2 2
70 59 61
72 29 78
66 44 85
67 83 58
9 73 48
18 21 41
39 44 87
63 80 14
28 14 9
82 76 72
70 9 8
42 20 42
30 85 28
48 52 27
75 17 3
58 39 62
21 25 11
41 36 98
45 20 74
55 80 5
60 47 93
60 41 70
75 42 42
62 23 86
54 92 46
25 7 47
34 85 18
34 6 97
18 31 30
40 30 83
31 61 75
7 44 51
54 88 35
10 79 70
82 78 80
86 39 65
88 38 24
20 67 12
2 82 7
67 95 71
49 27 33
36 6 57
40 7 70
76 7 47
3 19 20
34 36 83
86 67 43
1 27 63
79 71 85
35 40 94
32 50 64
90 87 6
49 39 98
82 47 92
99 18 46
2 49 32
86 5 43
57 88 79
37 27 28
98 39 65
90 99 76
37 34 35
88 10 16
63 92 23
17 35 8
82 24 31
22 83 62
33 52 26
37 85 5
79 97 23
27 35 19
66 97 99
85 37 81
22 82 64
70 4 37
60 26 2
2 50 100
72 10 89
15 46 88
21 99 39
67 34 74
46 75 1
99 80 32
99 53 79
47 95 85
72 20 57
2 34 87
56 90 89
71 14 39
16 30 78
4 86 27
34 33 3
48 63 48
80 57 95
40 31 31
48 26 11
73 63 32
10 36 18
76 47 19
55 10 98
41 36 16
91 75 27
52 7 75
71 51 36
19 49 60
81 85 85
57 75 26
98 10 89
39 71 13
47 49 34
1 38 34
35 77 31
10 100 80
45 90 52
77 13 74
97 81 68
56 70 3
90 20 56
68 83 48
22 8 61
73 85 52
66 27 25
56 73 59
77 93 26
16 98 23
87 2 2
48 58 17
90 84 68
38 42 87
47 20 34
58 59 3
15 68 16
78 33 18
31 41 61
86 89 76
34 73 22
81 82 76
38 19 3
53 43 24
20 67 30
57 59 12
97 52 9
75 44 77
85 5 86
96 9 95
7 4 64
9 5 11
97 10 34
24 51 84
8 56 25
49 34 67
30 81 2
80 84 16
69 2 43
22 85 85
96 30 71
48 7 72
72 18 55
67 73 82
47 57 13
72 13 7
66 85 96
2 63 32
93 90 33
19 52 71
71 19 69
76 94 7
11 79 78
17 80 1
93 57 88
83 47 49
5 100 14
52 8 57
97 2 88
36 21 24
71 26 35
43 27 88
85 71 15
87 50 96
19 34 10
74 86 17
96 54 49
56 53 27
3 17 42
4 36 18
59 36 42
65 49 3
32 14 37
33 95 51
84 30 5
74 22 87
46 15 27
50 78 93
79 16 63
2 5 81
71 75 48
2 94 1
72 67 27
66 76 37
5 72 39
1 3 92
38 96 23
44 25 80
21 26 19
63 84 91
49 53 41
80 47 83
53 61 86
74 10 43
22 98 28
68 98 38
17 30 19
22 26 2
17 57 32
36 70 19
12 40 12
62 50 6
48 1 34
41 6 23
55 66 44
2 91 94
85 74 98
35 16 68
18 82 93
3 87 75
51 21 15
15 1 35
95 59 39
60 57 49
50 55 64
59 60 43
27 45 41
12 14 30
58 69 7
100 8 98
14 100 49
38 46 10
87 41 58
10 39 82
78 84 87
90 7 82
55 85 100
72 24 12
94 79 26
36 42 95
22 69 74
29 57 14
53 74 84
76 71 87
10 19 86
72 71 3
64 17 36
47 58 30
58 24 18
26 20 23
94 58 63
62 36 48
19 8 30
68 19 33
90 7 18
30 43 3
27 76 29
22 40 18
6 45 22
46 63 5
19 80 46
13 86 57
13 52 32
97 48 81
4 13 73
70 9 19
9 71 25
96 84 52
9 14 69
36 24 100
100 54 35
64 100 27
88 62 42
85 5 68
52 79 92
50 71 82
5 35 93
63 7 17
66 95 88
74 31 94
53 59 20
29 8 50
41 46 28
29 68 45
97 4 25
52 25 42
97 46 58
4 67 52
67 30 64
8 36 62
88 35 91
21 23 3
13 12 99
70 15 100
93 5 94
62 14 68
6 24 50
16 54 73
71 37 15
65 60 22
75 69 77
20 32 56
49 54 14
13 85 44
59 21 86
87 18 22
71 9 45
92 43 43
71 27 52
18 82 72
89 63 13
42 46 57
57 95 42
18 62 50
32 46 62
83 77 35
20 60 44
63 19 53
91 82 19
66 20 20
99 72 62
11 43 48
86 87 69
76 32 43
2 94 60
59 54 54
33 22 55
58 84 4
48 76 74
36 51 86
2 22 25
57 1 17
17 3 59
42 27 28
2 58 25
83 59 28
18 75 43
45 55 45
47 34 13
63 50 85
95 25 58
29 60 34
50 88 51
62 66 83
21 31 58
64 6 62
70 47 35
96 58 52
60 100 4
69 94 92
13 10 43
25 69 39
67 92 8
81 7 54
6 69 24
80 63 48
84 24 51
61 57 80
88 82 53
78 4 58
58 44 78
91 50 32
54 87 79
7 90 97
93 9 44
46 42 6
83 9 76
66 24 46
64 25 44
28 92 13
40 94 57
62 89 66
40 86 94
60 47 83
59 43 48
18 68 77
12 6 61
55 41 12
47 84 84
83 15 5
54 60 53
62 61 8
28 26 78
55 70 21
68 67 42
63 58 31
29 18 73
15 43 76
67 67 63
27 9 57
29 14 21
56 44 65
85 57 83
82 77 44
32 10 28
18 99 26
74 15 70
64 61 38
83 10 56
37 50 65
66 32 62
75 51 40
55 30 54
4 75 48
34 8 22
8 13 26
9 31 7
68 53 2
5 85 25
11 77 27
18 45 92
52 91 60
100 32 61
46 95 54
14 1 8
42 40 71
22 68 19
38 22 70
55 32 42
27 71 54
59 30 85
28 3 79
66 69 17
67 6 21
28 33 99
68 88 70
39 48 89
36 99 64
32 31 85
75 82 95
99 56 70
24 83 77
18 74 70
66 99 52
33 93 44
6 2 85
4 28 63
76 87 25
94 1 97
15 25 80
82 27 78
60 13 69
72 69 9
28 42 29
9 9 68
86 33 58
83 84 97
95 23 66
57 68 80
100 46 54
15 91 81
78 59 79
39 37 94
91 52 10
92 98 58
9 75 48
9 87 32
59 85 65
98 24 92
61 6 82
52 49 96
64 87 42
92 26 63
1 35 76
76 46 6
42 75 16
92 85 84
11 32 71
62 92 35
93 44 34
62 14 64
94 57 49
88 29 56
82 27 80
45 18 78
85 72 91
51 26 42
59 80 47
42 34 72
4 31 6
63 92 33
78 11 43
27 2 27
35 49 44
46 18 79
20 61 27
79 26 90
91 9 34
64 95 83
57 22 45
61 98 43
46 52 89
83 55 46
57 20 83
17 21 67
77 93 46
99 88 55
93 27 100
44 84 11
25 86 57
68 52 62
46 93 71
28 53 44
77 50 50
95 72 6
57 94 91
43 77 24
35 65 93
81 99 22
13 1 12
19 41 98
97 15 95
66 11 96
12 12 88
33 76 12
84 28 94
19 22 97
58 89 11
74 9 23
78 22 39
57 46 80
87 99 99
99 89 72
17 78 62
71 4 82
62 54 70
8 16 45
86 3 70
32 78 5
91 7 14
97 30 8
75 49 7
32 72 93
51 39 38
17 15 60
64 25 51
15 85 76
74 26 87
33 44 29
61 49 36
79 90 23
72 57 33
76 33 77
84 78 99
18 63 10
20 97 2
36 17 70
24 26 16
83 71 13
19 44 62
25 59 41
65 25 7
97 58 54
38 70 67
88 77 85
53 54 17
30 61 39
6 43 52
97 67 10
11 27 23
100 54 5
49 37 89
81 39 54
77 52 30
50 22 62
66 63 89
98 90 46
86 3 28
60 58 60
37 53 9
29 55 34
22 28 57
91 19 49
19 4 46
22 48 57
95 94 14
77 91 1
34 99 3
81 41 48
52 78 69
63 43 20
86 40 18
47 75 65
44 58 49
24 77 85
19 75 58
61 8 87
24 13 84
70 33 31
13 90 32
8 41 52
72 100 18
41 46 41
19 74 38
90 41 21
37 36 72
52 6 14
71 78 37
14 54 4
31 69 56
34 92 9
62 77 25
94 84 75
9 8 63
96 55 79
27 64 43
22 48 63
36 69 92
61 79 61
95 86 61
86 56 56
47 24 71
100 64 21
78 80 50
34 43 62
98 28 88
74 34 61
99 83 93
33 86 20
25 15 70
22 62 57
16 25 97
84 98 77
7 45 69
75 93 22
54 99 96
67 35 10
98 98 61
21 36 83
39 35 66
63 29 74
16 70 70
53 57 90
6 78 54
65 12 54
13 83 5
6 75 12
13 99 60
42 74 13
36 6 53
71 14 85
54 37 30
45 5 86
80 45 3
11 53 5
12 3 3
3 66 62
27 100 34
58 77 100
91 28 72
22 66 15
46 37 21
82 12 77
85 61 92
16 81 28
64 68 94
9 63 4
97 77 12
81 59 73
32 10 89
40 95 33
56 11 83
14 2 54
95 29 17
39 60 35
42 53 63
97 31 5
20 100 22
67 21 4
85 90 37
69 39 29
74 60 35
43 41 26
90 50 46
92 57 80
76 25 35
92 82 71
38 5 85
87 87 73
100 13 90
64 64 36
23 4 26
83 40 44
80 3 67
69 28 77
47 67 49
63 77 16
28 22 96
97 95 34
43 4 47
55 75 3
87 96 47
75 22 92
23 62 5
6 43 80
82 49 31
93 27 9
16 99 54
50 33 61
46 70 18
26 27 17
74 25 53
27 54 52
11 83 33
60 13 29
31 65 89
11 100 22
82 99 89
27 17 85
92 18 14
31 47 57
35 28 96
91 63 81
18 12 10
40 87 45
66 8 45
93 58 25
77 54 71
62 82 99
94 82 70
76 4 86
62 51 89
43 39 37
6 48 95
56 14 25
8 29 74
89 52 48
5 74 70
74 27 72
39 4 15
1 33 42
56 58 85
36 79 30
47 84 46
34 94 71
1 91 23
32 76 10
38 52 88
45 3 60
6 42 15
66 38 41
46 93 27
54 14 9
57 26 94
62 52 42
42 22 43
23 80 72
13 91 59
40 52 75
95 81 17
37 40 70
94 19 97
59 74 71
69 7 69
33 64 62
22 6 59
33 77 94
98 39 7
8 12 5
78 91 87
44 91 66
11 24 30
78 14 68
9 29 32
51 100 97
90 9 31
78 83 48
38 18 52
72 49 18
54 70 2
71 89 70
21 100 96
74 11 98
90 68 48
60 84 41
50 49 72
36 77 38
41 9 66
1 55 62
51 83 89
72 16 20
88 49 50
50 9 63
46 43 4
36 62 37
1 99 21
82 53 80
82 77 73
56 60 65
12 27 3
11 19 2
60 4 100
45 41 26
43 95 25
89 46 64
78 83 74
57 86 84
20 4 17
37 56 63
10 89 49
14 12 96
16 27 20
91 57 5
16 58 73
38 61 21
83 19 17
75 84 22
40 13 22
50 9 30
44 30 61
12 79 71
79 27 89
52 57 28
57 100 82
59 91 79
16 28 6
65 47 60
5 45 3
38 72 23
43 94 53
48 42 8
65 93 18
81 14 79
71 70 38
46 7 60
62 30 76
18 2 9
3 95 64
87 36 35
67 71 83
98 85 52
53 2 38
11 99 28
37 95 26
17 53 61
65 75 54
64 67 24
60 17 94
32 54 96
46 2 5
66 66 26
34 13 76
4 73 36
65 47 91
69 92 24
61 27 45
38 90 76
73 41 96
31 50 46
30 76 64
57 52 94
33 99 31
32 70 8
17 71 75
34 89 86
38 20 38
64 43 15
64 99 46
63 23 84
98 9 19
40 99 93
32 58 6
97 30 76
22 89 57
15 81 20
62 64 65
51 13 3
16 33 39
79 86 40
78 43 33
40 8 34
65 62 50
76 91 49
75 12 41
16 3 52
42 32 97
34 68 7
40 45 86
85 12 37
53 98 14
64 33 67
89 91 83
63 72 31
83 32 14
22 64 73
75 47 93
72 22 27
3 17 69
45 10 49
74 73 62
16 19 64
68 36 60
42 22 18
93 74 64
68 11 55
29 61 47
58 5 12
45 94 64
48 33 34
43 40 20
15 63 50
69 7 13
57 12 15
14 8 83
39 83 40
16 99 85
100 47 86
62 43 92
100 44 26
44 71 94
88 11 11
95 82 90
73 8 65
59 90 32
94 66 24
73 41 55
17 86 28
71 75 1
71 69 69
92 22 1
12 18 5
67 67 48
4 84 14
39 59 29
4 90 52
58 3 11
8 18 63
84 7 95
94 70 45
58 68 4
33 52 44
44 72 99
56 54 23
83 95 11
84 31 10
43 48 32
19 19 60
92 81 83
34 55 12
50 66 72
19 17 51
9 55 43
91 99 50
81 73 27
48 22 43
43 88 94
98 25 40
27 10 69
35 32 61
11 15 38
24 64 72
31 60 16
99 54 44
93 48 16
81 64 58
83 6 3
90 36 29
70 3 8
39 22 33
87 84 33
13 49 15
49 15 28
5 93 85
29 71 25
33 37 68
100 50 91
72 4 81
99 92 72
85 49 18
59 54 72
61 33 8
49 79 24
25 95 98
38 70 32
23 94 52
86 96 74
23 88 34
7 20 57
98 72 67
54 12 4
6 51 53
12 93 28
44 46 23
74 50 65
80 69 10
29 22 71
84 54 76
22 16 48
51 35 59
74 89 46
12 45 73
76 28 57
41 43 9
62 24 43
50 4 36
21 7 45
69 36 54
66 93 21
96 3 36
52 39 77
16 22 92
75 21 35
8 54 65
9 56 47
8 91 21
11 23 15
49 74 67
25 81 53
27 93 9
25 34 96
70 16 75
37 54 68
24 49 18
77 52 34
60 2 16
65 64 32
34 70 98
30 40 62
63 1 95
1 22 37
96 4 34
49 11 67
95 46 91
59 92 52
94 5 7
12 58 63
90 67 40
83 61 37
43 3 26
46 5 59
98 10 100
36 95 55
89 72 86
18 7 100
8 50 65
93 49 86
37 11 44
60 33 48
18 90 93
51 7 90
70 2 80
82 98 78
4 27 31
27 43 38
80 92 54
76 52 3
80 70 71
7 52 79
57 25 92
47 42 100
88 5 22
32 94 40
51 74 36
83 74 24
38 36 12
68 88 35
19 88 39
18 99 3
31 56 5
35 6 14
34 52 38
100 16 6
53 31 24
36 78 57
95 15 8
71 26 40
36 20 33
68 64 22
60 94 67
16 1 35
88 90 72
94 23 97
84 37 55
96 74 73
35 75 26
2 22 43
5 83 41
65 74 27
53 57 75
92 78 42
67 55 48
7 78 92
59 74 51
44 30 9
57 95 44
40 77 68
1 24 56
91 30 88
94 26 33
49 17 71
91 70 23
8 58 9
89 18 89
64 34 9
5 42 29
40 13 2
72 83 22
34 35 90
27 84 34
2 86 41
18 3 97
1 58 52
86 95 70
13 78 57
25 76 15
92 41 28
2 55 67
78 7 4
65 99 48
73 54 73
17 27 99
50 42 2
19 31 31
64 88 100
5 61 74
86 94 99
12 71 89
6 16 7
5 7 30
91 38 78
17 36 30
62 31 42
9 67 15
19 55 13
32 52 47
33 54 79
77 40 64
88 74 32
7 55 48
19 5 58
74 15 19
14 4 47
34 27 88
79 57 57
12 5 11
6 90 76
85 74 9
44 54 69
22 26 11
89 82 81
88 98 19
50 83 77
79 97 52
61 11 5
76 72 3
73 27 79
93 54 86
72 18 97
27 16 64
6 15 18
17 57 29
75 43 7
82 86 50
7 63 35
40 22 16
45 57 37
26 38 40
53 85 100
66 91 12
82 54 21
16 70 95
41 67 34
91 85 1
42 96 76
1 29 20
4 51 27
68 28 10
42 49 35
75 80 62
56 81 90
55 98 90
45 53 82
48 9 12
74 96 15
64 18 55
98 91 5
65 39 48
69 28 45
95 55 2
18 66 98
93 68 86
8 21 1
49 89 45
85 64 16
62 11 47
33 63 48
72 61 31
5 92 72
12 79 12
28 91 94
69 77 79
40 81 64
44 1 70
96 30 14
25 50 15
27 15 28
35 69 8
42 5 34
38 13 46
35 22 76
52 88 22
84 3 99
78 61 51
42 22 60
82 67 14
36 6 91
31 32 89
86 86 58
13 41 52
28 66 48
89 50 29
100 64 5
87 21 24
19 15 84
66 66 46
27 37 40
27 69 87
59 38 84
86 43 49
34 47 38
63 96 94
35 18 66
4 90 56
69 25 60
90 97 28
17 35 47
57 1 39
28 93 52
89 2 63
90 23 69
57 41 29
12 38 83
61 54 70
79 59 1
78 25 50
41 70 39
24 18 9
36 86 22
88 75 22
90 97 100
75 87 68
8 44 21
26 49 76
36 39 70
73 77 31
27 13 71
7 18 18
73 24 81
39 12 69
8 97 98
94 11 43
23 36 83
9 43 70
54 68 38
98 12 79
30 98 93
20 14 85
99 45 9
44 87 28
16 96 70
43 75 81
70 87 18
95 13 59
75 28 88
46 70 64
53 24 68
1 77 76
79 95 11
70 52 86
68 31 9
76 99 28
34 40 57
76 99 90
95 43 56
44 30 3
40 88 87
56 90 85
78 30 54
47 43 13
89 37 87
55 29 30
23 93 23
29 55 75
20 96 82
64 30 86
98 83 2
55 57 39
18 60 91
40 42 36
21 19 72
24 71 50
21 44 87
82 14 54
63 6 9
25 68 14
3 46 81
93 52 22
47 26 65
82 57 90
1 36 68
11 66 88
54 16 29
80 65 16
7 99 32
6 34 37
95 82 4
61 20 56
58 45 92
38 86 70
20 89 5
26 17 12
66 85 42
8 57 77
4 83 3
22 60 40
34 71 60
96 22 24
3 41 14
53 44 28
58 46 65
100 65 15
48 70 80
40 88 42
68 34 83
2 33 33
68 59 61
5 83 6
96 27 76
92 20 63
4 88 10
10 22 55
88 28 94
43 59 77
51 34 27
38 83 93
53 1 80
42 60 50
78 64 58
26 95 46
5 86 16
32 99 21
48 77 3
91 8 6
77 76 72
10 25 62
3 61 99
66 46 29
35 94 48
78 46 59
17 2 23
57 46 40
7 33 67
6 69 53
14 28 38
46 50 87
55 71 54
37 8 58
84 24 7
40 36 64
17 47 56
12 51 82
50 71 31
62 38 13
88 98 92
47 97 35
88 71 23
73 68 30
4 11 10
70 95 68
7 35 36
37 16 43
8 9 49
28 75 24
86 92 91
30 73 79
54 41 48
88 71 42
56 24 44
78 7 12
73 56 79
93 80 45
89 20 86
52 9 23
65 13 10
33 40 73
8 93 99
59 8 99
16 64 38
87 46 20
38 47 96
85 89 53
51 77 77
1 73 74
20 62 79
29 23 2
42 67 1
58 10 69
9 51 29
65 53 95
3 22 96
33 9 40
69 88 21
74 29 92
16 47 98
55 22 93
30 31 55
17 29 73
98 23 78
78 84 61
24 76 19
51 92 89
61 69 89
24 22 11
27 98 51
7 34 12
28 37 82
67 92 73
21 46 5
70 93 95
63 4 46
98 59 86
38 37 97
40 8 63
44 84 47
47 79 61
97 31 32
16 70 38
69 34 91
82 15 75
44 26 95
54 63 97
77 39 37
80 96 80
5 23 54
24 97 33
49 48 34
15 77 77
82 87 2
71 24 7
28 72 26
62 70 44
68 54 76
52 5 5
7 15 94
55 47 14
13 97 35
88 74 68
61 37 24
92 98 50
17 88 3
77 19 11
90 72 5
18 50 51
16 39 78
76 56 8
23 8 90
100 10 41
44 75 96
89 70 20
23 89 7
60 26 29
95 9 75
94 51 86
8 94 29
61 60 86
11 22 53
97 67 53
42 60 76
49 97 39
100 78 26
72 15 81
74 82 46
43 100 88
56 87 13
20 19 73
74 16 38
15 43 99
3 74 14
65 12 80
44 30 43
10 36 54
73 53 59
40 22 53
97 64 36
25 99 33
52 85 65
41 94 63
96 50 88
18 34 54
26 11 39
28 21 79
98 24 2
53 40 98
52 11 31
45 30 75
77 32 93
27 36 62
82 53 64
73 47 40
4 15 4
49 7 90
76 85 11
65 61 23
63 19 75
95 74 40
35 48 47
14 25 63
80 58 86
57 14 30
43 77 40
3 20 96
13 14 46
56 72 23
31 33 12
72 81 8
44 68 88
78 88 31
57 45 66
43 19 66
49 61 8
85 26 57
98 36 74
41 41 59
33 21 40
9 12 22
2 69 95
56 64 70
89 61 87
73 90 32
70 24 91
48 82 95
90 83 3
49 48 59
88 2 18
10 4 48
18 20 89
75 20 99
70 34 65
24 97 46
98 48 12
22 100 13
2 54 75
43 28 39
22 22 33
96 29 16
73 25 11
18 51 58
82 91 53
79 6 98
71 10 87
4 34 12
36 23 38
15 58 72
9 88 66
97 43 3
23 14 86
77 13 35
22 91 36
7 61 96
31 93 95
80 14 19
4 90 68
30 5 17
45 65 63
48 13 41
84 36 8
20 93 70
56 5 55
19 23 95
72 37 20
81 8 39
20 92 86
37 32 91
14 80 92
37 44 43
28 87 51
50 34 38
98 14 54
79 18 2
2 74 57
95 91 62
66 1 61
93 23 11
81 25 59
98 31 98
29 51 46
39 26 90
66 28 1
58 81 82
81 85 54
21 73 17
85 60 15
64 70 86
98 16 42
57 8 98
13 13 53
63 45 58
96 45 25
13 21 24
5 45 9
79 32 56
4 56 46
31 81 96
31 19 43
83 58 74
91 29 90
56 66 68
1 75 50
52 93 36
66 44 73
58 94 6
65 76 70
78 23 3
54 44 40
98 7 16
68 35 70
43 95 65
22 80 38
56 90 62
86 79 18
65 27 47
19 90 73
80 77 34
56 2 23
64 23 27
8 49 97
63 17 22
77 4 40
58 4 55
10 92 88
10 65 75
31 2 90
21 43 68
86 7 18
68 28 36
65 6 68
66 59 4
19 76 75
52 95 99
80 81 29
75 84 39
13 38 34
11 41 21
27 27 100
40 54 68
51 39 44
82 15 91
3 23 44
28 37 62
35 84 27
34 27 27
19 57 44
93 61 56
52 99 76
99 14 96
22 87 78
34 18 1
92 26 95
45 16 6
36 90 21
4 98 71
37 75 26
40 45 70
40 96 60
64 65 79
40 22 44
30 94 87
62 63 95
77 27 80
57 66 46
91 2 48
24 100 59
78 87 88
30 83 4
86 4 60
54 46 48
99 53 92
74 63 9
31 93 99
29 74 62
50 57 70
7 81 8
82 16 25
4 67 21
23 50 42
12 68 63
84 4 35
51 11 39
98 92 85
76 76 29
7 22 99
87 14 32
4 30 66
4 42 55
62 74 69
17 12 57
48 59 70
45 20 82
28 33 94
80 38 7
28 42 31
62 60 90
98 50 25
48 61 26
30 44 14
1 7 30
17 69 23
96 20 39
39 50 73
63 93 36
28 38 22
1 53 86
100 86 2
89 28 9
100 53 90
55 13 6
50 36 97
72 43 97
82 41 21
27 28 47
30 25 57
85 60 35
64 13 11
58 12 84
28 77 69
24 64 76
7 6 6
37 23 96
99 17 96
53 93 63
91 30 17
49 29 64
90 95 53
53 29 31
5 60 40
29 57 100
63 26 39
81 72 76
13 32 20
60 96 5
71 85 98
46 63 65
66 63 14
75 53 78
85 2 30
94 32 34
45 47 14
56 94 95
62 63 90
9 92 73
6 49 55
8 97 40
9 13 84
83 50 92
59 29 33
14 65 25
71 42 87
84 26 61
97 18 67
73 46 100
49 25 14
35 65 12
35 22 88
25 20 15
94 23 31
9 35 31
43 28 84
34 84 53
19 59 9
36 24 40
3 1 80
48 84 16
33 2 1
81 20 42
35 58 80
47 56 80
28 47 94
62 87 27
51 78 72
15 60 100
40 42 56
46 91 26
71 43 81
68 70 19
21 14 9
93 10 9
72 42 19
15 76 39
17 2 32
8 85 92
61 51 15
36 66 51
2 66 25
100 55 73
86 50 84
60 53 90
11 27 63
94 99 68
60 24 60
27 19 43
32 82 94
18 80 13
21 40 53
100 19 62
35 50 97
39 17 28
32 2 55
1 71 41
59 33 52
22 60 78
12 47 3
81 95 96
77 90 56
42 21 97
20 96 63
28 68 80
32 54 32
31 11 20
8 32 80
89 59 6
21 82 62
54 80 67
33 81 78
46 73 49
74 23 53
5 61 6
20 20 61
70 94 75
48 90 74
92 94 68
90 46 7
88 65 14
78 50 87
34 41 78
69 29 27
39 59 4
44 67 61
49 41 93
68 72 12
15 94 78
90 44 84
22 22 25
26 67 64
50 49 51
43 21 72
23 68 18
57 85 97
98 52 80
60 94 24
86 81 76
75 29 24
83 51 93
29 8 63
27 44 83
33 5 82
89 55 26
9 82 74
63 24 61
70 73 63
73 47 94
5 80 91
67 68 95
69 33 51
30 4 17
24 53 100
2 87 28
30 49 96
86 28 3
91 32 70
83 23 89
53 23 2
85 79 34
22 100 67
4 67 21
58 80 53
35 74 53
78 86 91
3 56 46
30 16 8
62 31 11
41 42 50
25 30 57
5 94 43
53 33 78
2 66 77
7 41 77
39 39 58
56 16 72
46 9 96
48 88 65
14 47 24
36 56 48
60 83 28
85 7 21
8 39 31
39 50 82
20 75 85
16 99 11
32 79 50
89 37 34
37 4 65
47 24 89
16 45 55
87 16 50
74 72 76
78 24 31
47 6 43
92 25 49
70 51 82
10 43 56
37 62 80
57 5 6
34 1 40
13 46 69
45 41 75
63 33 21
90 3 57
67 69 81
65 94 88
89 100 36
41 40 100
64 33 90
68 44 99
64 80 13
82 7 71
76 71 64
78 61 28
43 94 58
15 80 15
20 22 93
93 32 83
7 88 66
20 80 88
16 98 2
3 15 53
14 19 3
89 38 86
18 19 1
46 59 31
72 44 17
99 81 65
77 80 82
82 35 14
34 41 100
79 1 90
45 2 57
7 36 57
2 95 60
2 5 11
23 78 68
65 48 4
86 51 24
42 6 37
73 22 92
4 7 14
40 50 16
44 44 49
65 79 88
36 95 33
60 19 68
55 79 23
62 12 77
52 35 56
62 88 38
59 61 69
99 23 68
29 6 70
33 71 20
50 67 75
84 48 21
24 90 100
83 86 19
5 20 38
53 100 86
3 99 12
23 95 21
70 63 21
11 42 91
37 56 84
40 40 43
35 15 61
14 100 91
23 92 9
86 90 76
77 87 70
57 52 37
98 49 59
4 65 79
100 34 32
91 53 16
82 94 21
52 25 6
87 66 93
11 55 71
91 65 89
76 61 46
54 66 67
41 58 8
2 46 94
37 77 4
63 77 55
83 25 91
86 77 32
8 32 98
14 7 55
16 74 47
25 30 91
38 74 70
4 17 54
91 75 64
7 44 27
3 100 80
10 42 82
42 98 43
99 63 60
22 1 65
17 34 89
18 65 12
15 18 32
76 9 92
44 40 44
33 79 65
36 75 100
35 95 66
7 41 90
28 34 76
33 77 56
68 19 8
72 3 11
61 86 60
61 99 4
69 25 10
99 100 7
82 37 19
99 10 31
33 77 81
4 14 93
98 79 65
98 86 24
89 27 58
45 58 47
4 4 100
82 21 87
76 18 75
54 97 59
29 65 30
58 19 31
19 78 52
70 72 35
77 46 44
66 38 14
29 19 33
55 2 62
76 83 27
87 33 5
13 49 44
1 74 87
40 31 32
45 81 61
78 3 70
30 19 64
77 91 77
79 77 6
3 48 31
34 67 15
61 45 11
38 47 74
54 27 36
13 58 26
75 17 12
24 89 63
55 19 89
31 53 68
74 23 97
25 3 10
97 5 46
67 90 99
36 33 70
43 22 57
31 8 39
74 58 42
84 57 23
31 90 38
1 61 83
87 9 68
45 79 3
37 85 67
93 75 76
4 86 17
73 95 81
89 12 70
20 14 24
26 67 73
34 65 69
44 95 93
49 23 16
100 40 12
59 18 1
20 86 72
64 61 28
26 8 12
57 64 5
90 56 28
56 37 84
41 75 73
27 92 86
14 21 65
87 78 25
19 49 87
44 13 8
67 4 52
8 82 63
99 61 4
70 85 53
72 10 79
9 20 77
58 17 74
29 85 55
28 74 8
32 49 6
35 40 82
8 58 15
55 68 20
59 74 98
88 60 70
41 35 66
60 25 21
78 39 53
41 12 52
52 63 70
30 80 57
30 59 74
83 64 3
27 97 100
76 95 33
61 94 74
79 82 70
5 79 32
68 15 52
39 92 79
82 39 19
38 76 1
56 6 11
64 16 50
44 88 47
54 15 76
32 94 89
19 67 85
10 35 42
32 8 18
64 15 67
4 58 33
48 48 62
8 15 55
27 51 30
16 50 18
31 59 32
58 21 86
49 82 1
34 23 1
59 66 54
1 75 92
91 25 80
55 57 76
86 6 8
73 11 4
25 34 50
44 53 42
53 23 10
64 52 94
5 32 27
82 90 13
87 76 63
38 38 94
33 99 82
45 66 51
30 36 85
81 59 94
25 24 39
8 63 10
72 13 95
4 80 3
34 62 46
67 1 79
1 25 52
74 80 48
62 73 5
54 18 58
28 59 63
9 60 84
3 76 15
84 12 7
1 2 38
92 71 87
76 69 50
60 70 77
33 37 21
95 3 61
73 27 65
100 74 28
9 52 98
55 57 21
91 46 17
7 46 64
20 44 21
49 100 65
13 5 14
15 65 76
20 15 77
39 45 15
40 56 39
84 93 25
21 76 41
65 29 9
3 50 34
83 91 1
21 21 40
1 33 3
23 38 9
64 13 49
97 50 99
50 38 93
29 34 98
49 79 30
5 46 59
49 2 23
29 38 64
49 4 8
25 20 27
48 52 98
95 18 1
71 4 12
84 26 62
68 39 64
58 55 23
57 24 55
46 27 19
29 44 29
90 33 9
9 81 48
22 17 70
5 91 82
8 7 62
18 54 51
100 25 20
9 8 68
25 73 10
84 94 97
51 60 99
35 41 63
16 26 34
8 89 97
85 92 66
75 88 7
74 21 80
60 33 91
99 42 100
12 44 28
56 51 76
56 17 2
23 34 7
95 92 29
75 34 97
78 71 43
56 95 43
66 91 87
22 90 53
36 52 37
68 59 27
35 88 58
5 73 5
71 78 1
66 37 99
20 80 45
95 73 40
22 2 13
40 37 50
71 34 15
49 65 8
71 66 82
97 59 79
31 43 63
5 11 86
100 26 82
88 78 74
71 18 91
79 27 68
9 8 26
35 99 79
68 38 68
54 32 30
7 66 39
70 83 18
72 68 36
8 83 31
4 79 15
35 54 70
44 31 6
82 64 29
67 67 2
59 82 45
46 9 29
9 20 68
53 56 45
73 80 70
49 46 31
34 27 75
80 92 8
41 96 21
21 53 54
8 19 76
61 88 29
28 64 60
3 38 60
81 77 89
31 9 52
20 99 19
11 69 79
41 38 75
49 48 62
45 18 19
57 11 86
92 7 91
58 11 78
3 63 72
1 72 21
27 68 27
84 84 25
64 93 80
77 9 28
80 67 78
54 33 62
73 35 67
96 35 80
96 67 29
55 35 49
77 99 46
19 30 85
9 34 18
55 77 78
43 8 69
78 7 75
90 12 18
49 37 55
48 18 61
38 67 75
20 39 24
16 63 6
16 63 77
25 83 20
64 82 94
11 72 23
81 23 29
80 55 14
75 43 97
79 94 95
23 52 22
45 30 21
31 46 18
7 51 98
15 91 95
30 20 94
53 45 82
23 58 7
8 93 28
44 81 93
77 88 26
22 5 70
50 46 43
44 71 16
51 65 70
26 98 51
65 84 61
43 55 23
15 88 41
30 43 19
60 63 13
87 41 75
52 60 62
77 81 47
89 5 18
41 8 15
24 74 82
84 58 3
3 64 64
83 67 53
90 13 28
15 76 26
10 43 91
19 54 72
59 20 74
8 5 84
6 35 62
43 71 39
71 74 65
47 2 11
100 31 19
24 9 56
74 15 2
86 3 18
10 13 90
72 15 41
46 66 76
39 62 25
73 77 41
7 61 18
56 78 63
84 13 45
55 28 28
16 89 88
31 72 99
8 84 62
90 66 4
97 72 7
49 89 83
91 85 36
46 70 43
98 45 80
5 37 86
63 49 58
48 66 15
43 36 74
34 56 14
8 98 93
82 13 94
71 11 17
87 9 37
45 22 15
51 54 37
46 55 22
19 55 4
51 5 80
3 43 73
37 42 72
74 9 5
98 74 61
88 20 27
79 5 49
54 49 80
55 29 5
23 34 26
64 72 60
92 99 73
12 76 32
43 6 77
76 68 16
75 63 12
57 98 67
43 47 41
100 60 30
10 25 51
55 77 16
22 97 1
100 45 2
96 60 29
12 75 100
44 67 66
44 78 72
16 35 69
99 73 94
29 71 29
65 64 63
76 79 44
18 83 24
86 91 90
62 47 62
95 13 60
80 13 84
19 85 23
47 79 43
31 88 85
85 13 29
1 81 100
64 29 16
50 68 58
93 84 30
86 68 42
47 19 84
93 44 94
37 94 71
40 97 20
18 28 39
27 24 73
56 27 92
26 5 74
56 95 73
95 94 22
93 56 17
59 12 86
19 72 25
14 92 66
59 59 29
32 57 66
38 20 14
83 26 94
38 62 84
3 28 76
11 70 68
65 12 76
56 86 3
46 95 7
71 12 91
81 80 9
71 97 15
96 62 95
53 32 98
69 64 75
92 46 100
91 57 5
48 77 67
98 19 98
8 88 12
31 53 66
20 39 73
85 76 75
96 65 84
69 24 65
18 65 39
40 97 92
44 63 33
38 68 40
44 70 62
7 82 32
26 73 11
2 79 93
84 59 84
46 56 88
10 70 56
88 33 20
68 87 98
78 11 72
70 1 6
48 85 50
36 3 83
99 94 18
18 2 75
50 34 17
21 75 20
7 60 18
32 21 66
13 7 44
4 93 18
4 86 13
80 73 94
80 82 94
31 25 75
25 48 85
16 17 69
82 84 4
40 31 2
98 76 86
4 33 24
89 81 34
49 20 13
91 64 61
17 53 56
2 36 18
93 22 14
27 28 8
22 82 90
39 6 62
96 62 48
83 55 70
31 58 19
69 33 85
79 4 29
22 80 79
65 31 90
88 99 81
75 42 26
73 82 16
64 23 17
56 7 72
35 72 68
11 68 71
59 84 20
81 92 53
24 34 32
11 24 53
3 87 72
100 87 84
80 81 41
71 10 75
52 24 27
18 66 79
20 69 29
49 13 26
40 80 10
21 8 35
98 94 29
64 11 77
11 70 16
68 95 18
77 64 3
30 31 15
57 100 24
20 3 93
1 29 92
9 32 25
92 71 46
10 2 28
84 61 58
25 3 24
41 22 26
52 58 67
85 93 22
60 81 48
87 44 82
66 42 17
14 97 16
73 46 4
70 9 9
28 99 6
16 43 81
84 79 30
27 16 76
44 7 82
89 100 23
7 88 92
14 23 6
39 12 100
37 43 89
10 32 64
13 61 80
46 62 99
5 62 12
69 55 31
77 65 60
95 7 100
42 17 85
10 20 24
54 68 89
73 47 48
96 21 52
71 6 54
23 17 37
20 80 71
99 57 22
81 27 88
86 28 75
37 53 34
56 27 24
20 12 71
61 73 49
44 16 68
63 81 58
73 63 100
40 35 54
3 43 61
9 24 70
53 54 81
96 35 71
10 85 57
76 87 13
91 81 10
45 99 33
43 8 47
71 55 68
26 39 35
60 90 8
4 70 94
25 18 95
62 19 38
18 35 79
74 26 85
35 42 15
59 71 33
7 60 99
87 90 39
47 53 60
55 57 39
95 32 13
46 46 1
9 67 86
25 27 25
39 14 17
20 40 20
3 25 100
33 36 53
89 34 33
67 60 89
71 25 34
95 63 44
96 22 13
96 10 38
17 54 55
12 37 14
86 41 5
45 31 79
44 7 46
34 64 65
71 59 99
42 29 38
51 60 21
41 6 23
85 93 57
15 21 53
75 20 75
21 96 9
44 5 66
96 66 85
28 100 62
78 34 37
20 56 37
34 5 26
85 39 14
59 16 86
86 98 82
51 79 10
34 56 61
15 39 24
80 97 10
54 39 35
47 49 1
92 59 43
44 12 39
36 42 16
68 99 76
53 94 19
41 67 85
70 45 41
28 3 43
56 19 3
49 4 89
84 27 37
65 9 19
63 25 84
38 81 91
25 38 56
13 53 52
7 61 47
17 10 8
81 1 36
49 84 95
14 58 77
16 45 50
76 3 95
46 66 80
89 31 35
17 44 75
28 61 46
6 29 63
51 66 58
83 17 93
19 73 19
14 48 100
43 30 98
52 6 15
97 89 84
76 74 54
33 26 73
86 51 59
68 94 3
3 11 38
81 16 98
79 95 14
52 74 23
12 22 23
2 98 51
34 95 100
46 4 76
92 76 11
83 34 78
59 88 67
58 9 99
40 74 41
76 75 89
98 80 23
21 99 28
85 57 4
16 11 81
4 100 1
58 9 84
14 49 79
45 48 22
9 44 47
21 7 38
85 85 84
66 58 8
91 13 79
14 17 92
83 40 25
65 19 64
50 45 3
52 99 35
95 28 32
36 95 19
81 65 42
54 86 32
87 53 94
83 91 76
67 67 56
70 97 17
28 9 85
78 21 76
53 13 14
60 63 4
55 39 14
33 38 9
67 52 65
70 46 100
2 97 99
74 14 18
97 85 38
94 96 21
13 81 67
83 18 94
65 21 19
78 83 82
79 44 92
40 25 23
15 50 66
64 52 33
22 72 93
50 39 79
49 70 95
92 89 20
17 64 97
85 43 74
41 37 44
72 80 89
34 74 48
79 58 48
43 51 33
51 42 10
60 14 23
36 94 89
16 95 87
39 37 27
2 22 33
13 54 57
75 4 50
96 88 65
39 16 23
12 62 30
10 23 89
75 34 44
23 37 95
35 27 45
7 10 45
46 85 30
47 40 6
70 8 47
100 12 41
70 68 7
69 79 43
43 97 84
44 81 49
3 90 29
6 87 14
12 23 55
55 53 15
2 18 54
76 19 77
13 43 56
25 44 97
95 56 55
5 13 86
55 81 60
5 92 52
65 19 41
74 33 71
84 2 79
12 82 81
88 52 71
7 83 59
78 1 94
92 3 30
98 88 48
97 49 16
35 32 40
23 5 1
63 3 58
72 90 51
50 39 56
98 39 52
41 53 70
92 34 4
40 37 36
27 70 18
30 87 13
71 78 62
48 50 49
52 11 82
64 75 84
94 62 31
21 28 21
8 31 23
11 55 38
16 30 53
11 41 57
11 87 72
76 5 94
48 88 72
73 6 15
92 82 23
77 25 31
31 93 8
8 45 57
93 92 26
76 12 6
4 73 54
49 49 11
40 16 13
50 8 99
28 20 51
13 45 36
72 94 32
68 86 98
89 48 67
33 66 10
91 71 100
38 97 31
96 24 19
72 58 33
64 90 28
48 57 38
47 38 2
93 60 93
7 66 56
9 86 80
66 8 47
4 10 75
68 91 91
51 17 6
48 13 27
23 12 79
10 40 99
55 80 85
5 82 3
95 11 73
87 89 88
55 76 75
3 37 74
33 83 17
85 4 92
81 63 14
90 94 58
29 75 53
59 33 63
93 47 49
83 59 89
74 78 49
99 44 80
73 70 15
80 33 33
23 62 59
65 89 84
98 83 56
28 62 29
20 89 59
77 43 58
46 35 85
74 40 42
31 93 46
73 38 7
63 60 93
51 56 54
68 72 28
20 18 12
45 47 3
1 50 53
57 58 16
50 53 85
32 16 81
61 23 46
4 14 71
9 32 74
37 45 49
19 32 56
13 29 25
60 8 59
74 8 21
20 30 27
95 93 65
54 18 20
2 31 71
48 99 81
82 81 42
95 78 73
69 90 6
100 16 84
62 41 44
4 100 70
25 67 67
73 28 55
17 65 72
43 86 57
85 51 85
32 75 18
76 17 55
91 33 83
84 52 73
57 97 12
22 25 36
30 69 72
15 29 3
61 34 70
40 42 75
5 75 71
41 95 37
2 59 47
66 81 4
85 6 44
36 59 70
98 82 56
12 59 2
13 14 53
88 43 52
56 29 2
13 12 29
74 1 16
49 41 75
68 51 57
75 1 45
53 93 39
5 76 79
93 95 63
30 82 63
6 57 26
74 35 96
26 53 77
63 98 22
65 26 69
58 5 90
76 57 12
82 29 64
34 70 73
5 14 82
35 49 30
15 33 34
9 92 54
82 15 83
69 60 3
51 53 74
95 91 58
63 66 63
98 96 46
66 21 21
44 36 72
34 83 11
3 2 79
30 88 49
72 92 58
40 57 12
83 78 8
95 72 6
15 18 78
39 15 28
4 52 95
77 30 96
54 43 19
82 17 82
45 26 63
2 10 90
98 4 10
78 88 13
58 6 56
35 37 86
3 43 71
41 25 85
1 27 8
86 96 25
32 56 79
94 91 100
28 75 33
69 91 75
12 73 7
76 89 54
81 31 34
44 47 52
83 62 97
55 56 60
23 49 12
32 70 10
33 87 31
3 100 48
38 74 56
64 18 88
11 35 86
22 92 64
85 20 70
9 39 39
95 12 19
19 22 41
84 82 31
6 83 40
73 3 28
6 34 17
23 46 73
42 63 75
44 89 67
47 86 74
29 27 5
42 36 13
66 82 21
53 66 36
35 61 25
17 24 58
57 37 74
28 38 5
29 22 11
83 72 79
95 47 34
1 8 26
11 2 54
80 20 57
76 26 33
20 71 46
81 19 28
84 97 29
76 51 29
35 97 47
25 28 42
37 46 28
60 23 33
15 97 65
1 11 87
25 19 100
39 85 66
20 34 100
87 97 75
75 49 78
20 27 80
21 47 88
70 58 3
24 67 8
90 3 80
18 60 100
99 8 25
69 17 71
62 52 46
74 34 83
11 34 91
53 33 46
93 19 49
98 31 51
53 100 10
69 23 32
37 86 59
78 92 99
31 24 63
43 88 35
67 20 4
11 15 90
32 14 38
63 49 56
83 86 73
38 88 73
72 53 16
100 82 76
95 55 58
98 45 49
17 58 78
61 5 8
69 18 83
3 23 99
57 86 90
47 40 43
42 65 32
26 48 9
42 60 43
76 90 8
82 49 19
61 55 15
35 79 4
68 49 100
46 23 89
38 48 65
31 98 56
33 84 33
63 19 94
88 52 98
88 10 8
86 38 43
35 66 86
51 44 39
20 94 6
22 80 49
94 20 81
64 95 43
73 98 58
57 67 79
28 49 66
9 40 48
80 89 86
37 23 43
93 73 46
63 3 24
15 54 15
74 76 52
76 19 45
71 41 46
32 59 54
16 14 45
70 73 13
16 60 53
8 55 14
42 83 33
16 75 1
59 50 12
12 21 92
46 99 26
51 35 54
35 14 47
53 10 3
74 78 100
55 25 78
51 22 86
75 8 61
27 42 53
82 25 21
59 74 63
53 67 65
24 44 13
17 53 96
61 34 46
4 3 40
72 59 73
45 43 16
45 30 13
55 38 90
95 26 58
87 3 70
71 47 75
84 95 86
45 21 52
6 45 13
33 84 100
44 10 21
82 95 78
38 53 95
36 2 99
2 18 16
84 35 81
33 68 50
42 29 28
73 50 8
11 72 32
89 17 89
44 96 91
56 21 24
35 7 95
53 36 37
37 88 15
57 1 2
99 84 74
92 1 44
32 43 98
5 9 20
82 93 86
40 70 15
89 92 8
97 51 99
48 43 8
1 39 22
34 40 45
35 67 94
88 7 96
49 45 42
47 39 53
17 59 21
86 92 92
54 18 88
96 79 82
11 25 3
94 13 42
46 86 10
79 79 9
81 3 79
69 11 39
18 76 96
32 38 61
54 4 81
71 62 56
81 22 93
34 72 14
39 88 53
93 99 58
28 81 28
2 6 84
1 8 77
47 9 67
58 54 88
35 21 60
38 68 24
27 98 92
94 71 83
47 71 74
71 15 42
5 16 39
46 92 3
9 7 90
70 74 24
100 7 30
52 14 75
37 50 9
24 40 98
14 22 92
98 90 48
19 97 91
100 31 5
93 52 86
74 80 90
92 59 48
2 62 36
9 61 78
70 25 87
32 95 88
78 84 77
97 85 44
73 20 83
28 55 87
56 71 50
95 38 46
28 50 12
31 61 74
33 66 7
44 86 38
1 87 23
90 4 48
49 5 3
98 8 9
67 84 82
86 48 20
48 48 84
38 28 37
16 57 64
61 51 57
97 76 19
30 26 44
60 83 98
57 46 95
62 43 25
77 76 53
36 90 10
100 10 24
17 71 51
63 75 83
91 49 12
98 14 43
25 80 49
25 15 67
16 41 26
69 25 35
10 34 22
51 1 100
98 5 69
18 81 93
61 11 81
35 4 99
92 46 2
23 57 80
51 45 99
48 83 47
11 23 24
8 3 96
50 76 95
65 91 93
35 16 4
88 15 80
30 67 20
47 52 50
96 31 94
70 37 85
28 52 34
74 40 20
9 89 65
79 42 20
64 85 24
53 25 44
28 67 53
93 75 96
34 90 51
7 53 93
97 36 81
75 86 86
14 30 52
74 66 53
18 66 78
21 64 14
32 21 86
7 39 95
62 64 95
41 15 15
61 11 81
70 89 32
6 8 33
44 26 75
82 54 99
85 38 35
49 60 87
94 52 85
93 7 30
50 24 4
28 15 64
3 83 38
62 40 92
74 7 3
41 9 32
87 87 9
16 92 1
27 94 91
17 61 96
71 65 41
13 67 96
33 15 91
77 83 100
84 69 53
67 91 58
35 94 5
11 22 85
67 27 95
79 32 8
79 77 66
76 99 70
77 61 34
25 74 25
85 89 6
6 23 67
99 67 25
6 19 50
51 34 58
48 76 68
40 28 54
7 86 79
98 45 92
41 10 34
20 7 42
75 79 18
31 98 2
59 97 42
69 18 58
62 8 43
6 70 75
47 39 52
39 10 55
78 14 64
73 38 67
45 38 8
82 26 2
41 24 96
89 17 57
39 67 77
5 62 17
96 91 22
30 78 46
59 54 34
86 13 5
36 66 97
34 24 90
35 78 33
21 5 12
64 76 94
93 54 16
100 17 89
29 57 35
40 83 58
40 62 56
99 90 90
79 18 78
68 60 49
25 81 82
69 62 49
64 94 29
46 69 96
17 30 45
16 21 16
53 95 50
92 32 81
23 29 39
58 49 84
60 35 79
45 22 70
68 88 32
98 67 90
2 32 22
97 93 97
88 39 19
35 55 15
24 14 26
23 95 99
40 14 34
16 16 35
7 33 34
26 65 4
40 3 41
59 13 45
32 83 93
31 3 88
95 76 10
12 81 83
94 31 81
92 6 15
26 10 71
15 46 95
35 17 77
75 81 55
54 10 3
69 51 25
42 69 24
46 13 92
48 6 4
51 54 64
66 86 10
95 56 13
1 86 23
82 72 38
96 87 78
97 92 69
72 72 2
36 49 55
61 73 52
80 32 84
60 66 10
68 18 24
69 33 65
48 64 65
91 96 61
22 96 77
47 22 24
81 78 59
72 72 32
91 65 75
15 95 5
81 70 30
86 25 97
40 30 31
61 53 63
11 97 25
94 47 93
28 78 34
70 69 72
7 59 93
61 37 49
40 46 33
84 40 37
9 74 98
71 5 36
37 60 80
81 23 76
34 34 46
48 27 16
44 64 62
65 99 50
43 77 46
17 36 26
49 62 66
84 46 52
45 91 57
43 81 26
24 57 6
17 64 94
86 54 1
96 61 76
59 86 44
37 97 64
61 48 22
60 98 89
95 88 60
2 30 82
54 48 93
52 28 73
26 45 74
19 96 2
82 93 51
21 25 82
34 26 98
28 69 57
62 8 53
4 76 33
29 96 16
75 65 89
68 67 61
65 14 8
4 49 19
65 56 62
86 40 88
89 84 40
43 69 50
8 51 86
1 35 12
51 97 46
23 58 1
76 12 49
37 27 58
94 94 43
93 53 79
8 2 75
15 35 88
56 32 20
1 21 62
36 96 43
4 15 46
39 8 27
70 98 38
52 73 12
49 25 62
32 61 78
43 93 76
9 57 67
57 27 26
80 5 11
23 43 38
86 72 55
67 33 77
68 40 13
27 98 93
61 37 47
61 59 86
1 31 86
62 7 28
38 72 5
62 75 98
42 58 27
58 45 67
100 84 6
89 20 49
86 18 39
80 10 67
24 71 63
1 61 56
3 17 9
83 89 88
54 16 75
42 25 44
88 29 7
86 67 14
47 43 16
17 13 5
79 38 46
38 6 83
45 75 84
44 55 39
12 35 60
19 94 93
24 24 53
25 62 98
26 17 95
73 50 75
71 31 18
13 34 66
79 24 77
93 100 16
38 83 17
91 6 53
47 42 75
91 14 46
77 60 77
35 22 3
24 17 16
90 45 13
79 76 23
69 28 13
14 17 60
100 97 41
9 65 85
52 5 72
99 93 40
90 2 71
77 92 63
46 9 17
43 33 21
42 41 76
18 56 99
89 60 94
81 10 64
18 10 95
24 8 12
83 83 70
26 31 78
35 65 24
51 87 38
57 57 44
42 55 97
17 74 11
44 27 47
21 54 31
88 31 71
72 56 77
25 77 68
84 62 94
83 87 19
61 86 53
35 61 46
23 26 39
76 72 90
57 54 83
69 91 56
44 53 84
67 43 16
92 9 49
63 49 30
5 50 44
56 27 37
20 42 73
71 24 29
5 97 96
36 26 25
8 48 1
50 49 35
71 90 39
86 8 69
39 38 28
66 7 92
56 10 5
53 92 91
73 6 2
82 8 28
91 53 73
57 79 60
25 93 62
8 16 46
73 84 15
94 3 70
85 47 87
55 1 22
94 5 26
88 87 76
73 3 18
60 48 17
16 43 21
66 18 9
83 28 69
8 70 1
82 34 26
24 91 65
18 33 87
27 60 77
1 75 63
46 96 39
74 3 9
32 32 61
6 9 1
38 94 17
34 79 96
56 14 15
56 80 62
49 89 85
25 6 27
29 11 70
89 77 33
72 98 13
78 19 13
98 74 51
92 14 52
13 76 49
35 19 19
87 49 98
66 61 56
87 72 19
99 24 68
41 47 52
87 68 78
31 57 80
90 24 67
77 96 68
45 49 86
42 52 60
56 85 78
61 46 71
69 27 13
50 25 2
99 81 77
62 74 92
12 96 50
5 69 92
83 17 28
42 12 72
70 95 87
80 37 2
43 99 7
55 18 20
66 34 11
42 81 74
13 33 19
57 77 31
86 35 87
26 38 90
13 43 11
52 47 19
5 47 100
82 76 7
93 50 79
27 30 46
84 48 70
81 14 23
43 83 80
97 47 42
53 14 68
87 57 15
35 42 83
34 63 42
19 70 2
38 26 30
42 28 22
12 9 16
49 38 8
69 99 57
75 58 59
45 83 86
22 50 6
34 27 50
63 12 89
8 30 91
9 99 59
67 8 74
33 25 41
61 74 20
50 83 19
85 60 97
38 2 52
72 45 4
50 68 13
100 84 23
63 35 64
5 6 59
49 98 56
69 69 38
57 10 71
32 74 12
98 22 33
73 24 65
99 82 94
97 61 52
43 23 74
61 99 34
25 99 41
33 13 84
78 5 45
80 45 100
90 60 54
8 28 16
51 53 10
64 86 67
89 33 80
9 30 74
10 82 56
38 75 63
39 43 90
100 46 45
56 30 12
17 62 79
72 56 60
18 42 87
14 48 51
11 82 62
85 37 7
99 62 38
16 51 51
6 8 9
68 58 76
34 24 59
53 80 9
59 43 9
87 5 62
1 88 31
11 95 49
70 16 29
40 90 49
54 83 12
79 13 63
16 100 86
24 22 5
72 53 4
88 11 73
96 26 64
86 39 24
46 4 79
19 99 53
40 83 35
23 4 33
23 71 81
86 53 65
96 94 20
28 95 56
88 15 9
51 10 27
14 87 75
82 40 41
24 36 91
76 66 74
81 83 33
83 78 49
48 88 18
18 66 39
84 55 98
9 72 35
28 92 10
68 81 72
96 70 29
64 23 77
38 52 18
3 26 6
43 90 93
14 64 18
98 92 54
48 80 88
94 87 94
70 83 33
31 16 59
85 33 6
22 8 85
95 96 32
20 58 52
86 92 81
71 71 90
48 33 55
20 25 74
69 29 53
76 73 34
99 5 82
16 87 79
76 75 49
26 74 81
39 53 40
59 24 92
23 63 13
79 22 16
100 65 7
20 94 45
59 58 69
67 66 90
79 8 75
71 46 35
72 7 87
82 47 94
75 60 73
19 96 46
22 75 22
78 78 17
84 55 87
48 14 48
36 60 35
27 60 18
78 19 13
80 37 75
100 59 77
79 7 9
90 74 16
75 81 10
42 60 11
12 22 29
52 54 33
100 89 92
58 5 43
41 63 80
98 98 46
87 24 68
12 11 48
75 20 55
34 32 82
34 8 41
12 14 65
58 72 35
19 43 10
41 43 84
70 54 54
52 71 59
45 53 7
17 82 43
30 77 11
17 6 16
65 47 11
26 15 78
84 79 96
33 25 72
83 72 57
54 70 2
69 9 99
92 54 23
20 3 48
96 59 6
64 57 20
84 35 54
72 66 22
4 36 48
10 52 68
71 89 18
81 8 68
80 77 22
53 55 57
45 96 39
74 36 60
27 38 100
49 99 40
91 31 52
13 56 9
75 2 30
21 52 51
58 13 90
62 7 60
41 37 93
87 43 15
42 10 65
89 85 88
51 1 63
11 51 44
2 93 7
77 78 88
28 14 100
21 75 81
86 4 20
5 91 3
62 18 2
52 34 56
46 57 75
27 96 77
100 47 20
35 37 54
17 11 38
75 28 39
4 64 77
7 93 98
19 53 7
81 16 37
48 42 33
31 35 67
10 58 33
54 36 87
11 79 8
69 70 23
69 8 6
60 45 69
81 58 66
89 49 42
78 7 55
95 2 64
93 93 54
36 34 31
96 30 62
80 2 61
4 74 9
16 58 32
38 81 24
29 89 12
72 4 22
15 33 13
54 69 93
98 56 89
66 24 6
14 43 7
65 55 44
61 63 38
49 82 25
54 89 45
49 52 22
81 52 59
86 58 10
71 32 79
95 6 77
22 52 90
33 96 58
35 75 88
86 42 50
44 14 41
35 78 36
34 72 47
64 39 41
8 1 65
62 18 57
80 50 20
65 26 10
99 61 5
97 42 59
76 8 85
18 45 57
61 21 12
26 76 44
87 82 59
13 33 49
15 11 61
78 40 16
35 20 63
86 69 61
20 11 48
94 26 22
8 2 86
33 37 25
27 40 58
73 41 100
54 90 97
34 81 50
8 12 69
21 53 94
9 65 21
82 36 12
85 27 82
30 34 29
3 76 7
26 4 62
81 38 34
22 24 53
42 31 60
19 49 94
65 26 53
1 10 82
92 96 49
95 3 29
30 84 99
78 5 92
24 75 75
82 79 33
41 41 24
4 75 3
40 57 46
95 88 34
54 18 97
87 86 13
30 36 86
37 87 8
27 100 38
55 1 42
100 18 1
64 88 16
95 81 71
91 39 68
25 31 74
93 28 20
86 59 56
80 49 15
50 91 83
78 8 1
96 74 6
9 76 18
39 62 10
73 61 43
55 16 98
48 31 54
43 79 60
31 6 3
59 65 14
6 30 56
18 62 91
100 3 73
37 25 65
32 22 67
39 37 22
63 32 20
35 42 99
11 53 26
60 14 62
92 19 26
8 18 95
56 53 55
85 90 68
10 12 61
18 1 68
86 44 24
55 15 35
20 61 2
50 8 95
63 13 90
44 77 81
63 10 64
68 78 3
47 94 84
17 98 89
97 92 14
42 35 58
28 64 23
33 86 32
52 56 27
21 19 89
95 59 31
49 90 17
65 50 99
55 54 14
83 64 2
40 20 2
55 91 17
45 10 36
65 30 41
14 43 45
15 88 41
62 85 12
91 33 38
31 88 50
61 77 49
31 85 44
95 30 13
9 65 8
66 47 82
1 1 12
54 60 22
93 41 36
1 69 61
25 37 77
4 40 16
68 10 71
5 81 88
38 29 41
91 8 97
87 89 95
18 15 47
15 73 2
49 100 8
92 13 98
65 22 88
80 42 82
30 70 76
75 30 73
37 92 26
70 99 3
85 96 1
93 66 81
59 64 25
97 43 15
71 55 40
54 4 28
52 64 2
68 27 89
71 19 37
94 35 12
8 15 12
39 33 18
99 85 57
72 34 71
82 40 88
100 96 19
79 15 58
30 35 32
37 74 18
54 28 48
71 15 51
25 67 75
97 88 18
71 30 67
35 29 80
64 80 15
37 99 52
34 18 47
24 36 96
52 17 91
39 65 96
34 16 24
88 68 43
44 28 68
14 72 45
63 13 26
37 77 71
48 65 38
60 11 31
96 45 85
87 75 77
40 100 50
79 57 94
33 87 84
32 57 4
86 51 58
37 92 25
8 32 8
30 65 81
33 87 13
98 38 79
3 18 65
61 74 81
44 19 7
58 11 71
33 17 53
49 95 9
39 83 56
7 19 50
71 75 91
42 67 47
65 24 4
69 24 42
1 31 10
49 12 37
80 30 68
44 30 34
9 97 95
52 85 88
99 46 36
15 46 44
55 60 46
5 9 67
50 17 77
6 25 5
60 37 86
29 55 35
81 74 3
42 65 3
93 58 25
81 23 72
63 51 9
50 71 86
49 20 12
52 45 95
12 38 96
95 87 98
66 10 98
11 64 51
79 68 64
27 41 71
7 45 75
31 18 46
13 62 10
77 74 70
99 51 84
84 20 35
84 52 9
51 31 98
93 30 81
39 97 27
52 21 67
11 47 45
16 93 71
80 98 86
92 22 14
81 8 6
20 71 79
10 24 35
3 27 40
8 85 27
7 23 81
29 58 36
66 62 46
27 81 17
39 28 49
10 83 28
17 17 31
40 40 5
7 47 17
54 68 52
98 78 33
53 95 97
97 59 7
13 20 51
76 81 32
15 10 95
84 78 33
62 26 98
66 96 57
98 87 67
70 68 73
61 45 21
76 62 32
82 74 82
49 26 68
62 14 47
35 34 26
34 22 71
84 59 66
50 38 32
38 54 37
85 68 61
32 83 10
43 1 27
51 56 98
47 100 71
89 9 53
69 46 54
13 38 78
50 58 63
80 21 10
48 3 69
75 3 44
10 47 26
4 11 19
52 62 6
13 85 4
97 55 38
24 7 89
48 49 23
89 26 91
46 78 26
67 62 42
2 95 35
7 5 51
91 71 35
26 30 77
64 16 10
26 71 33
42 57 7
100 7 72
27 20 64
90 20 71
92 75 97
94 97 76
49 78 70
75 95 58
68 100 27
29 65 70
1 10 44
17 39 71
77 80 16
29 2 96
41 11 28
72 10 36
63 36 56
46 69 44
98 77 63
41 69 26
47 8 45
54 90 37
96 51 80
84 53 35
28 7 6
95 24 96
96 72 19
57 25 8
28 37 7
10 77 31
40 12 15
47 16 4
53 49 14
20 81 16
18 41 4
1 91 49
93 1 19
14 89 9
51 84 59
15 83 52
6 67 56
72 8 82
27 16 42
7 12 14
12 23 38
6 93 4
39 72 7
22 20 29
44 34 50
59 21 69
39 30 85
66 43 53
12 53 4
40 13 45
43 10 78
77 87 80
84 56 88
14 45 61
49 78 96
14 51 59
26 17 2
43 15 89
13 67 100
51 4 99
58 38 39
6 89 64
53 84 11
56 42 6
54 45 68
99 74 75
39 60 27
21 58 30
5 41 93
52 80 32
36 86 35
47 43 26
17 19 42
50 1 79
96 63 20
73 67 68
1 55 99
76 34 88
16 97 64
68 7 92
64 80 29
98 26 56
2 34 1
7 7 3
75 93 3
26 7 40
92 88 33
55 48 61
34 36 77
79 88 65
50 24 59
24 54 24
74 79 32
27 28 60
39 2 22
24 77 35
55 33 90
2 3 87
94 44 89
39 8 86
22 29 84
16 36 70
80 28 16
71 25 32
87 91 4
72 22 18
31 58 74
92 90 3
50 84 46
22 16 14
17 15 81
68 67 15
75 31 38
84 39 93
86 12 65
34 55 3
52 26 97
44 13 73
83 63 53
61 74 4
64 23 78
24 35 70
54 45 86
27 89 51
9 80 83
28 63 83
44 93 13
61 12 63
83 34 77
18 98 83
48 38 36
85 3 10
97 88 12
81 68 91
88 82 100
4 36 27
88 82 10
40 13 12
66 54 82
54 16 12
34 63 12
33 47 26
92 90 48
89 47 15
36 26 52
80 46 95
93 39 37
53 3 10
40 21 33
86 83 77
82 52 3
46 15 85
26 49 78
44 49 10
53 86 75
31 90 57
7 1 84
70 46 70
68 8 9
86 97 78
45 88 9
35 54 4
46 81 66
63 31 51
47 51 51
66 71 36
99 20 62
31 74 77
79 51 15
46 39 61
17 99 36
56 25 15
48 93 35
93 6 30
24 32 38
44 81 37
25 11 31
4 54 92
73 17 29
50 98 98
3 83 74
24 9 4
22 81 9
42 47 62
85 21 26
93 8 36
40 4 50
47 60 71
70 94 90
71 79 35
3 45 19
15 53 77
23 34 41
35 90 67
81 41 76
98 43 93
67 79 21
58 30 76
81 15 3
85 14 46
35 4 43
88 13 88
77 41 60
37 53 36
38 18 56
43 89 70
29 96 81
41 66 84
6 93 16
19 84 65
12 77 86
35 42 100
28 36 72
54 19 84
87 51 33
38 9 39
38 80 76
39 96 66
86 45 65
59 23 18
76 31 21
56 33 15
19 20 96
1 47 52
43 67 21
31 27 99
93 78 52
99 96 30
12 78 45
43 41 93
96 75 97
89 52 61
26 73 98
53 4 52
2 18 13
97 75 45
65 2 93
46 42 65
30 67 56
1 11 60
56 80 2
83 52 15
19 87 35
6 27 100
40 95 93
26 21 95
72 2 74
9 62 18
73 87 18
27 29 28
54 46 43
74 17 77
66 78 28
96 87 59
92 39 38
36 73 57
88 88 88
28 66 86
83 70 64
77 33 67
2 70 70
54 76 96
60 90 16
73 30 9
64 22 61
13 55 53
40 98 29
59 10 62
10 93 34
11 47 76
83 45 17
78 53 70
9 4 48
100 43 83
96 96 72
51 40 75
74 12 88
21 11 52
61 97 31
52 87 90
52 36 54
13 52 99
98 35 99
30 4 13
40 22 78
51 92 74
88 22 27
7 56 88
29 91 96
58 88 83
34 6 47
42 38 2
19 23 90
50 9 47
9 40 52
86 15 9
92 72 63
20 61 6
70 48 48
1 50 39
67 76 50
49 94 34
74 61 10
80 35 81
3 89 45
35 35 56
51 23 95
88 35 59
66 16 30
6 62 2
8 24 64
63 50 55
18 39 82
64 95 74
35 30 87
76 89 4
57 66 21
64 1 85
58 48 33
56 76 22
53 46 19
85 18 78
83 78 98
57 36 16
32 91 88
50 89 58
5 58 36
70 9 24
7 62 5
99 33 30
96 19 72
44 18 27
34 8 28
38 72 11
48 80 92
97 1 100
49 89 4
83 57 2
84 64 86
28 56 93
21 69 18
74 89 58
55 8 87
2 61 82
67 41 69
57 80 77
85 18 82
2 12 48
98 10 9
3 11 97
91 26 14
2 79 67
8 23 76
56 32 8
83 28 99
79 81 28
85 82 67
16 76 53
33 20 88
56 33 70
24 38 95
54 7 49
47 99 64
22 44 25
43 40 28
20 47 61
63 83 65
92 26 17
15 65 71
68 83 17
11 75 31
20 17 31
95 38 83
34 92 66
14 78 46
60 17 15
17 40 52
97 3 80
70 60 39
79 82 46
56 18 75
44 36 22
99 62 8
85 71 46
37 58 27
7 73 24
1 29 33
90 29 18
55 63 11
98 41 48
36 43 32
31 19 1
31 40 81
15 7 56
1 66 96
40 56 32
54 18 51
29 71 48
65 93 3
20 45 15
93 21 49
62 19 84
94 78 28
4 35 95
86 36 16
80 4 73
30 27 4
26 48 94
43 52 93
54 50 80
64 12 62
75 99 6
94 93 39
60 96 22
91 25 86
49 1 29
99 1 64
95 26 17
14 20 18
51 83 68
16 33 71
35 88 30
78 22 90
16 26 92
41 9 19
93 25 83
10 74 55
19 86 34
39 42 98
100 94 66
82 54 91
32 70 27
8 68 63
34 8 70
58 55 75
61 93 26
77 3 74
67 28 79
32 15 1
24 18 25
48 49 70
50 53 38
57 78 34
85 36 25
88 75 69
95 19 51
92 51 87
79 12 76
80 58 85
89 78 27
56 83 36
13 87 96
37 83 33
48 42 58
57 35 84
10 10 68
85 100 76
68 52 36
67 1 83
37 90 17
20 15 51
83 26 55
15 9 98
21 93 3
1 83 9
88 1 42
66 68 33
88 54 82
52 41 26
60 73 93
7 78 2
79 55 81
31 84 59
54 26 73
69 90 63
93 44 75
93 74 22
95 6 30
67 79 97
82 75 34
64 7 63
99 71 56
71 98 84
89 41 90
75 100 78
41 32 39
89 53 24
72 10 94
74 4 69
51 35 98
76 95 84
13 34 14
75 95 18
43 27 85
56 1 57
23 88 96
24 87 97
50 98 38
40 93 60
34 74 27
69 63 97
79 61 58
21 80 68
85 62 14
49 73 28
44 13 14
6 39 22
79 43 60
100 57 5
5 24 62
87 90 26
69 96 79
10 84 22
92 60 100
44 33 41
11 80 44
6 96 94
37 33 56
23 89 37
89 9 8
68 44 41
75 17 93
54 9 65
33 8 38
41 43 73
35 80 7
69 16 22
41 5 38
19 44 31
80 36 57
3 48 5
81 52 51
84 21 53
90 62 24
47 61 42
21 76 22
39 6 19
37 11 49
49 4 8
72 34 42
96 47 57
41 91 59
41 63 20
48 81 54
51 7 46
48 73 74
24 81 16
80 39 100
93 7 35
48 49 91
8 71 100
80 14 83
7 3 53
22 48 22
15 34 100
99 14 90
35 94 35
61 42 46
24 5 39
77 50 52
1 54 31
85 4 67
7 26 32
100 89 98
86 45 76
43 23 34
6 77 97
40 71 63
10 44 45
30 32 51
94 14 4
59 73 90
67 73 22
59 85 87
13 98 41
12 28 59
93 20 55
66 65 81
23 31 11
56 65 94
40 67 5
50 73 98
11 74 57
17 68 72
93 78 30
61 71 26
55 67 1
57 19 72
91 49 87
51 59 49
35 1 57
91 17 85
87 39 24
70 91 54
88 86 20
97 97 84
100 41 83
8 80 16
98 2 25
99 5 22
52 16 3
75 18 91
33 42 14
3 52 33
39 48 16
53 43 80
73 86 11
8 86 83
76 55 79
64 19 79
73 63 47
23 57 55
54 24 85
75 60 93
80 67 10
44 16 63
75 91 11
18 43 50
9 26 92
1 51 87
97 3 59
80 51 77
41 4 33
85 92 4
91 50 33
8 27 69
36 78 83
68 6 15
67 97 99
26 66 36
82 41 69
48 90 22
15 64 73
61 26 52
17 58 35
67 81 9
96 67 80
91 52 51
15 7 65
89 16 47
14 44 5
96 91 96
86 52 88
96 29 38
15 19 69
21 86 32
3 94 43
62 18 97
85 97 28
68 37 10
15 27 47
88 53 16
66 89 32
63 9 14
42 46 21
30 46 20
77 61 30
36 12 92
97 98 9
42 57 53
30 7 73
79 18 45
32 97 92
34 54 2
43 7 2
6 90 54
74 92 71
89 69 94
22 83 2
66 98 77
43 30 92
95 88 72
68 64 8
37 18 39
97 26 11
21 47 61
10 63 89
41 4 46
42 51 47
39 48 64
99 61 29
60 49 56
24 25 62
16 35 41
26 63 37
18 66 63
67 47 42
26 47 57
52 4 39
76 26 54
99 48 65
22 91 94
84 66 34
41 39 25
72 53 30
55 6 68
22 69 33
85 25 23
96 32 89
42 62 54
57 22 12
74 83 10
70 75 71
22 83 40
70 73 90
17 87 81
94 6 21
42 50 88
90 19 72
43 35 74
74 97 75
76 44 66
4 93 26
83 44 41
68 67 65
2 41 75
79 9 80
31 51 62
16 61 72
9 47 4
95 23 54
66 92 82
41 53 96
27 16 61
12 6 88
94 96 57
42 55 64
93 62 5
98 83 20
15 55 68
3 35 40
74 82 82
28 22 78
42 54 83
2 92 62
30 9 96
92 95 72
19 17 7
79 39 87
2 98 82
30 32 25
50 74 32
70 33 18
12 93 96
11 13 54
75 84 46
69 1 63
76 49 18
5 47 57
42 17 71
18 33 50
76 88 80
20 2 45
72 16 38
21 10 62
95 7 82
9 42 38
6 80 34
76 21 14
66 20 97
45 69 99
68 77 57
73 5 26
11 39 36
45 83 26
2 60 28
49 39 27
53 35 21
56 100 99
75 21 61
8 45 46
13 29 22
90 47 2
22 23 51
84 50 42
99 11 59
39 30 1
67 36 91
35 75 74
97 99 29
54 61 76
55 19 48
27 94 1
13 73 50
68 37 93
27 90 98
96 70 6
43 27 67
32 79 59
73 69 91
47 97 30
98 57 27
80 62 63
2 77 23
100 5 40
25 83 74
90 47 49
23 77 57
91 49 24
36 94 98
58 23 87
44 23 55
72 100 100
88 21 69
20 92 86
7 95 88
44 14 19
22 19 32
78 36 68
15 92 55
91 76 86
44 90 49
24 47 74
82 85 33
79 16 77
71 68 34
87 52 91
38 23 88
46 24 78
35 96 80
12 57 98
75 71 64
12 61 60
98 65 69
5 48 87
83 70 55
77 34 84
65 12 25
14 85 55
68 14 58
67 35 74
87 84 67
69 59 44
90 4 63
6 40 80
50 34 34
87 97 80
96 57 62
40 18 33
29 99 17
94 82 81
51 97 19
44 57 41
80 77 77
89 23 7
50 59 94
55 6 69
59 46 100
29 77 96
59 30 19
72 69 83
22 56 33
57 87 22
18 6 77
95 19 93
47 62 97
88 40 2
69 30 21
88 21 15
96 45 72
1 71 48
47 37 19
61 10 59
74 66 44
62 66 81
79 51 89
89 75 51
66 28 46
70 77 6
34 45 67
96 97 86
56 96 41
50 90 54
49 89 33
48 85 31
37 6 9
21 47 72
77 82 48
30 7 60
26 51 58
76 36 22
10 47 33
12 2 68
74 45 45
73 4 21
54 83 21
82 57 92
27 29 87
33 99 12
67 65 19
50 44 38
3 50 97
50 96 70
94 35 48
61 2 26
78 89 59
24 86 82
57 25 27
80 3 68
65 57 44
83 8 2
17 39 63
4 45 78
78 78 41
34 30 18
67 36 98
10 44 10
97 53 34
100 5 3
51 42 10
62 8 88
36 13 51
1 66 99
65 21 37
95 14 7
73 42 61
31 44 1
52 16 66
63 48 31
43 13 73
75 7 96
33 47 31
42 48 29
88 73 12
97 13 93
34 4 63
85 11 91
5 59 43
50 25 73
60 10 56
54 92 17
11 62 29
49 82 93
59 3 18
34 7 96
18 88 48
99 53 87
58 36 48
90 90 30
100 93 73
55 30 96
12 99 98
48 34 73
21 87 14
22 31 9
91 18 67
37 41 20
28 20 34
59 69 8
52 54 66
28 66 46
26 91 45
83 86 94
83 76 30
69 93 71
100 65 1
27 33 50
58 26 23
5 77 86
93 50 57
54 36 42
63 21 60
82 40 51
7 38 30
98 27 62
35 28 100
13 51 33
59 64 72
24 82 77
6 99 4
42 30 9
87 58 97
97 12 72
48 73 28
27 74 5
53 11 43
63 8 22
98 66 89
85 73 24
67 1 42
49 68 70
51 24 59
40 56 38
70 35 30
91 56 32
91 81 73
56 72 54
88 50 37
88 48 18
44 82 12
13 84 35
99 61 87
63 35 11
62 98 29
44 92 3
88 82 41
35 41 45
86 35 65
60 83 65
9 79 79
21 28 39
84 78 18
64 97 1
100 94 13
75 92 93
14 68 2
49 40 65
2 29 90
70 33 17
9 90 100
92 38 25
83 58 70
7 56 86
16 22 99
70 32 6
6 7 37
55 19 45
11 59 78
90 83 68
100 61 21
75 53 66
89 84 25
28 55 49
11 37 52
40 63 29
76 8 29
34 14 51
70 24 63
50 94 4
41 83 89
95 19 35
45 16 34
26 69 100
80 12 77
77 41 82
38 62 33
8 49 74
35 12 22
85 74 4
5 3 91
12 8 7
85 94 25
9 86 67
29 79 76
67 97 92
4 49 24
29 93 78
80 78 84
10 21 74
98 27 11
66 59 25
98 37 66
20 90 53
1 89 38
61 13 28
93 22 100
4 27 35
83 80 80
54 1 56
65 4 97
28 5 43
55 59 16
56 67 39
16 83 85
40 75 40
47 39 88
46 59 85
28 63 62
21 16 91
36 28 10
95 98 50
43 21 96
23 45 55
13 21 44
77 89 93
25 55 23
8 32 65
55 32 7
18 92 38
65 71 80
61 92 4
95 23 14
74 55 39
43 34 11
55 94 77
70 94 5
19 45 7
11 78 84
57 54 31
100 20 70
99 69 51
48 62 97
48 100 30
4 11 21
89 72 79
31 98 1
63 56 48
27 30 35
79 94 46
15 7 10
90 27 5
82 13 56
47 72 62
93 56 97
15 68 80
7 5 99
43 49 34
57 78 61
16 8 72
65 98 67
21 74 100
11 80 36
3 31 38
8 63 94
7 94 30
42 92 68
70 68 16
51 74 86
59 7 49
97 14 37
46 8 50
61 53 20
16 29 67
16 27 71
39 2 58
87 85 77
28 66 56
30 73 100
46 47 49
39 78 97
41 35 26
18 88 22
94 3 78
94 3 96
98 79 82
18 98 85
26 93 63
20 7 11
79 46 67
60 43 69
91 48 78
33 88 94
96 51 79
10 81 69
60 47 51
99 66 51
2 56 99
32 38 71
53 11 59
13 80 1
87 42 45
15 35 73
10 61 88
39 71 23
62 8 3
14 14 8
50 77 86
48 17 25
76 43 30
42 83 38
6 8 92
80 78 89
48 37 62
45 21 94
66 97 27
25 63 17
35 41 42
66 63 97
58 24 71
49 9 12
62 29 5
16 36 51
20 98 99
98 92 90
58 27 54
74 8 43
12 93 69
6 94 48
53 6 13
1 26 64
64 37 80
57 85 93
13 62 30
38 63 94
95 86 21
22 41 79
76 46 67
56 1 43
48 30 9
80 56 26
75 9 54
21 33 62
20 83 15
62 37 78
73 12 33
89 5 58
51 34 87
93 55 61
67 98 41
9 15 11
2 95 66
17 37 72
3 77 40
7 8 57
74 55 34
99 44 76
16 95 44
85 68 89
83 47 41
68 88 88
79 27 24
12 66 67
4 11 30
45 20 54
71 18 99
78 17 15
75 75 85
63 98 45
60 7 9
7 3 61
90 93 36
30 14 57
77 71 100
26 8 31
11 37 85
46 20 26
93 60 9
37 23 15
58 83 88
81 15 48
26 92 99
26 38 82
97 74 84
55 74 18
13 94 49
14 62 57
83 50 4
41 76 22
82 8 1
28 9 27
39 6 89
37 44 87
52 27 71
17 97 88
61 100 13
35 2 81
37 32 59
68 96 33
74 18 46
7 64 7
28 57 52
93 64 49
17 95 11
18 68 90
70 35 96
1 89 57
15 20 12
72 76 37
66 10 56
83 38 77
89 78 36
80 13 64
97 92 17
9 51 46
46 52 54
65 71 81
62 48 81
10 57 78
71 61 35
20 35 67
98 12 82
19 45 48
71 40 18
61 34 80
58 91 4
32 41 50
54 76 30
7 20 55
100 87 27
10 12 2
62 26 11
50 27 50
38 87 81
58 19 31
73 35 3
93 42 45
41 100 60
48 28 50
47 38 100
31 83 36
70 38 73
91 91 20
22 6 8
39 14 51
51 66 41
16 20 54
80 28 58
44 55 39
7 40 58
51 59 13
87 68 98
55 59 37
21 23 26
65 22 97
8 73 81
1 8 39
37 70 56
10 99 81
86 68 94
45 98 87
55 77 36
58 90 81
4 29 9
40 19 53
57 94 38
68 9 97
1 24 64
53 26 70
86 78 40
93 62 85
28 88 94
41 69 9
4 4 81
2 72 16
34 68 95
28 62 84
62 45 13
41 72 65
23 32 80
94 24 67
20 33 73
59 88 7
24 50 71
44 61 40
54 28 98
83 10 29
33 63 40
86 33 42
48 68 93
14 76 50
19 23 64
72 5 23
68 45 29
52 83 42
68 47 9
40 75 65
50 80 66
57 36 16
91 87 20
73 5 14
47 36 66
69 88 86
100 30 51
26 97 39
6 68 38
64 38 78
50 80 53
83 31 10
80 46 17
3 76 1
60 62 51
41 73 78
58 12 41
17 99 95
23 52 5
47 85 51
48 51 61
16 26 62
71 97 1
44 63 38
82 89 80
48 52 14
26 74 21
52 70 10
19 6 28
71 15 63
4 73 97
91 95 78
26 17 35
85 85 53
62 26 12
66 36 2
8 87 89
6 87 34
57 95 92
71 75 26
57 95 31
2 30 55
64 93 68
16 1 7
73 91 17
73 2 17
9 2 87
66 50 8
23 40 5
7 79 34
30 7 67
76 4 85
92 9 67
89 97 34
96 90 26
12 41 79
92 52 62
37 18 8
41 51 42
17 56 80
84 68 70
11 71 13
82 93 60
77 84 45
25 59 97
50 16 21
80 54 23
46 73 63
63 74 75
85 46 83
22 19 89
77 25 58
73 66 33
72 58 51
51 92 15
3 97 55
95 50 98
22 46 30
81 12 19
99 81 72
6 24 89
44 43 90
31 39 27
20 50 95
85 49 64
96 22 5
81 96 50
42 23 80
81 40 73
90 24 67
79 51 31
61 51 29
68 84 92
48 56 4
75 95 7
13 87 96
18 95 68
94 24 26
25 100 90
92 34 94
5 76 97
84 95 23
11 15 74
96 56 39
48 48 20
92 92 72
76 73 54
91 41 11
15 29 1
79 55 76
56 33 79
23 58 57
38 76 80
89 37 28
29 18 6
33 64 23
68 9 19
17 97 55
32 59 67
34 97 43
16 82 77
39 1 49
56 45 30
29 93 3
42 47 87
94 66 91
20 60 85
24 72 80
91 33 100
88 19 10
54 99 29
64 97 81
92 91 38
61 48 37
98 7 84
10 28 26
51 20 48
55 5 62
65 18 80
80 29 42
22 66 12
48 69 78
74 69 48
64 37 1
65 60 52
7 49 14
90 23 3
59 80 10
82 85 20
1 46 76
96 40 98
6 92 19
83 72 32
9 20 47
24 99 35
32 17 46
4 45 79
14 78 40
59 84 44
36 72 10
60 25 33
72 7 64
96 7 58
43 79 6
18 27 19
68 94 2
46 93 30
68 69 95
19 77 7
21 33 79
37 62 20
93 91 24
9 53 47
21 1 2
5 70 98
7 46 73
99 77 29
79 16 73
89 54 32
32 70 22
67 58 20
10 46 39
57 86 29
55 8 42
30 30 77
94 81 30
68 63 72
83 83 21
4 3 97
23 51 84
11 58 91
21 67 77
40 28 41
100 36 20
50 55 56
60 24 48
9 20 81
70 47 80
47 59 6
52 1 46
18 25 70
11 46 17
16 78 58
77 99 9
24 72 17
38 15 59
62 70 62
83 45 6
10 17 66
17 61 16
14 99 40
59 90 92
100 4 3
88 68 68
70 2 23
87 14 91
39 67 19
53 22 86
3 22 98
1 94 93
33 41 79
9 11 15
88 49 54
83 2 29
25 56 87
18 55 30
67 67 77
30 4 52
76 80 7
71 28 90
80 62 70
84 29 34
69 54 35
73 62 79
82 98 55
2 94 84
84 70 68
21 11 14
64 41 21
66 52 51
5 8 1
9 50 48
40 3 91
5 40 40
47 90 55
46 54 23
10 66 47
82 97 8
2 53 2
73 83 5
45 70 75
27 62 59
19 97 45
12 40 99
67 30 54
20 73 17
17 49 15
42 94 51
39 43 30
9 70 92
88 37 57
82 91 43
4 74 49
46 73 2
14 85 77
45 43 17
73 9 36
55 27 32
55 36 98
19 85 39
22 17 89
7 97 42
21 27 100
55 82 25
96 42 32
53 86 85
96 37 94
34 33 85
25 78 78
87 94 26
86 41 48
19 7 7
22 91 20
33 22 51
97 53 6
49 67 14
15 26 63
100 2 11
62 45 89
15 77 93
23 97 38
7 15 54
33 53 84
20 56 22
49 20 11
37 54 27
20 95 48
50 16 95
27 75 57
82 58 69
21 8 70
77 74 83
37 48 51
66 85 94
3 26 25
94 48 21
41 98 51
72 13 53
89 1 90
11 53 28
31 17 57
98 70 84
90 47 13
96 10 32
40 46 89
48 18 55
3 62 29
77 52 18
92 56 83
92 59 13
11 100 37
43 72 59
19 78 86
66 50 44
15 8 64
18 96 46
15 57 8
39 38 34
80 42 81
100 86 75
9 38 22
93 7 60
43 83 8
53 28 49
92 84 72
79 28 58
93 3 100
24 89 56
68 27 1
15 30 27
29 20 40
79 18 83
84 16 78
3 34 35
6 100 27
30 58 48
51 26 63
26 31 85
98 97 79
11 7 48
53 44 61
80 10 12
39 19 96
4 100 44
50 81 75
11 22 49
14 12 79
46 45 98
38 49 84
1 62 8
38 83 86
13 16 62
91 38 29
41 61 58
75 66 92
61 67 7
38 35 89
45 63 72
46 60 1
87 59 39
29 90 23
79 44 32
91 31 67
29 14 85
3 96 55
13 31 83
86 17 20
17 94 69
74 51 38
44 17 6
21 98 22
4 63 2
40 35 14
49 98 77
55 47 55
42 49 2
20 1 74
36 11 23
94 80 13
33 80 2
11 28 54
86 38 48
43 9 74
3 51 67
51 30 4
1 70 90
98 81 74
66 94 33
21 13 14
26 51 78
96 17 36
33 54 67
65 10 43
68 29 93
40 62 100
26 87 4
79 64 87
75 79 74
95 47 77
98 17 73
94 17 2
49 12 22
89 55 9
83 24 79
26 71 17
71 33 88
55 20 28
23 62 70
96 68 90
85 79 26
56 71 18
96 51 58
56 40 60
28 45 84
56 75 47
95 82 64
69 23 14
58 15 1
63 5 26
5 81 55
99 59 76
73 48 77
18 66 18
78 15 7
63 51 11
49 6 51
63 32 80
78 73 7
15 13 12
30 17 16
87 41 4
29 65 87
1 72 57
13 82 55
21 14 63
71 25 28
34 68 4
3 18 81
8 98 37
68 85 28
15 4 19
73 97 5
2 85 14
69 55 92
37 55 10
95 34 64
24 41 23
47 51 66
17 66 52
15 99 24
11 41 26
6 35 92
48 49 88
27 21 12
5 56 50
9 41 61
24 63 16
90 35 94
61 34 71
39 44 34
82 35 71
65 18 39
31 84 42
53 99 62
53 2 39
63 16 73
40 3 89
27 62 31
37 75 88
34 21 27
3 89 8
28 17 73
70 55 4
46 23 4
24 82 14
87 50 18
3 20 2
53 59 4
58 36 26
20 51 96
42 96 36
76 58 76
38 6 49
80 98 46
7 37 46
42 81 25
55 13 30
57 56 28
85 62 91
41 96 2
79 95 12
14 14 86
4 79 96
52 91 21
71 23 4
52 72 94
48 59 74
74 56 75
32 99 84
55 46 100
74 5 45
74 40 54
20 22 47
60 69 64
38 61 14
11 40 50
13 84 1
88 20 67
16 72 88
43 39 72
80 21 30
89 81 39
58 83 70
76 51 80
30 33 29
29 40 29
36 66 16
21 5 79
75 21 65
23 88 93
59 70 23
94 13 27
95 29 66
46 72 52
42 73 42
23 70 14
63 74 46
81 42 31
66 1 70
62 41 9
28 45 18
96 3 9
81 56 84
68 80 69
56 95 55
83 61 11
41 27 14
52 15 67
20 13 86
61 25 68
88 27 52
2 9 32
50 57 99
42 32 67
21 47 23
80 93 31
37 80 68
52 23 48
58 83 11
29 47 47
92 41 61
88 32 76
34 36 52
52 61 33
42 86 45
42 67 90
92 1 87
10 32 100
48 40 86
22 11 4
36 21 29
43 38 5
89 49 73
55 18 17
3 7 92
87 77 91
51 55 51
28 1 66
17 42 71
98 44 35
29 38 89
7 84 99
100 91 81
6 78 63
90 91 77
54 67 51
29 52 88
95 86 28
78 77 20
37 35 90
21 13 86
42 89 36
99 68 40
38 69 42
27 100 83
2 46 16
100 74 33
15 9 93
100 96 94
61 39 89
65 32 81
31 55 31
83 25 98
64 2 49
69 47 52
40 80 43
50 44 26
94 45 49
87 65 24
67 43 85
7 100 32
15 84 28
46 31 85
57 27 53
38 73 70
94 87 91
75 49 98
26 53 21
32 16 47
27 50 95
98 16 90
98 94 51
66 57 20
51 19 53
40 56 53
26 28 82
6 46 54
1 93 13
64 45 74
40 34 98
46 85 52
49 11 29
54 62 48
53 88 98
82 65 21
18 97 97
78 27 28
51 76 72
68 97 70
53 81 73
5 57 37
3 56 13
22 73 57
9 100 90
100 87 84
90 4 84
67 31 5
95 76 83
8 20 32
25 66 41
94 35 63
19 94 82
31 10 15
98 84 92
11 88 40
61 87 26
21 57 95
60 67 48
77 15 50
81 35 58
81 87 78
23 2 93
10 24 53
35 61 80
17 84 45
45 33 66
98 82 2
51 97 85
86 16 7
28 45 98
52 15 37
89 91 85
8 100 31
92 2 72
45 86 67
39 15 56
64 32 69
30 85 66
41 11 70
85 57 42
68 99 92
58 27 22
84 26 14
76 83 1
3 22 19
29 71 68
33 76 42
15 23 63
41 42 18
32 10 75
90 40 78
18 57 58
45 48 96
5 88 54
57 96 11
100 47 72
17 16 63
23 56 3
1 36 35
63 21 33
39 71 84
69 74 32
2 60 3
4 92 5
97 42 4
99 75 50
51 85 7
84 59 32
56 36 99
21 22 81
92 61 54
12 42 94
46 27 79
94 90 36
49 89 12
84 59 98
15 63 68
69 32 29
32 90 1
12 34 60
90 57 27
71 48 79
13 82 57
68 78 82
81 7 64
12 63 99
60 34 97
21 4 64
52 40 25
13 87 29
99 83 16
3 97 30
14 26 60
39 41 70
16 85 6
8 37 42
53 82 24
100 73 50
20 85 47
70 82 98
38 5 1
45 55 76
60 47 79
62 26 74
27 47 99
76 55 37
52 43 26
87 78 65
77 90 100
84 74 45
65 92 55
31 33 5
57 76 79
46 27 31
53 33 89
96 91 36
99 45 62
95 40 21
8 99 99
80 90 96
44 68 54
58 99 46
26 19 71
23 43 77
7 9 1
58 78 74
14 83 59
64 82 72
73 29 72
83 51 28
13 27 80
90 52 13
8 76 84
99 33 82
10 88 13
42 72 66
47 72 7
34 36 74
49 18 13
52 79 78
25 8 62
65 41 34
63 21 95
72 64 67
48 56 4
20 23 37
29 47 50
98 10 26
84 15 33
52 91 34
26 87 4
16 28 64
73 40 21
58 21 91
63 16 11
24 87 62
64 20 89
24 81 24
95 27 11
10 21 11
62 66 44
7 27 29
50 49 56
82 55 84
87 80 19
83 48 12
60 88 100
98 99 47
95 19 70
42 100 63
52 73 88
68 58 15
74 70 91
13 80 42
20 22 78
51 14 79
38 64 28
38 14 18
60 66 51
29 60 32
40 24 13
43 9 34
11 67 27
18 64 29
39 79 13
64 69 2
52 63 97
60 60 52
100 43 70
78 12 25
20 47 31
5 87 67
97 64 22
96 25 22
28 76 3
63 26 5
62 61 4
11 68 24
36 38 71
53 25 66
65 70 28
75 75 72
3 4 65
54 1 74
19 84 70
19 60 59
85 8 90
100 5 58
1 35 18
10 76 43
83 54 15
49 65 59
60 1 78
88 95 76
57 15 20
70 33 16
83 45 73
46 53 91
18 13 20
18 21 99
31 42 1
45 30 74
18 89 73
67 43 24
34 92 28
25 81 92
46 67 2
53 34 4
90 6 73
20 8 2
43 51 44
76 15 15
12 38 100
3 68 65
12 2 84
52 25 39
13 37 75
4 66 23
13 40 26
12 19 62
68 66 44
55 19 8
29 77 89
80 11 13
1 30 45
88 46 13
38 93 43
38 51 93
5 62 33
87 73 87
45 48 87
97 4 16
73 83 47
57 28 35
77 24 91
68 100 53
48 3 15
99 17 79
18 2 23
72 49 21
73 8 1
40 49 88
43 39 35
28 53 94
14 1 21
70 66 17
57 69 90
44 73 25
66 9 98
99 83 56
40 98 5
78 3 25
7 32 7
97 89 86
83 84 41
53 26 37
20 83 82
55 2 45
27 7 75
21 28 47
57 70 90
80 14 81
50 77 88
85 71 88
37 47 88
30 7 5
82 81 100
96 71 95
17 54 31
99 45 21
96 79 69
62 19 80
82 31 5
28 39 90
95 2 17
44 28 20
85 89 45
37 2 50
31 22 18
35 2 53
33 100 84
1 33 65
5 40 82
92 49 29
3 95 92
100 94 44
62 2 81
7 70 53
43 10 54
23 92 20
17 3 29
21 65 39
91 46 78
51 67 65
28 82 70
65 51 77
25 38 59
90 91 10
7 5 59
27 15 68
49 14 51
31 72 78
36 37 44
4 56 63
72 73 90
36 71 98
22 93 22
31 42 52
35 78 46
59 79 28
34 4 33
19 85 23
35 90 56
50 51 12
13 50 37
69 85 92
29 2 76
95 25 51
61 1 41
2 2 52
44 67 56
57 65 69
70 11 75
66 28 30
77 83 27
59 47 32
25 93 73
54 9 42
79 45 75
83 61 52
59 51 74
94 22 88
80 51 19
59 6 22
27 53 97
40 68 54
63 35 78
73 63 14
38 30 80
50 9 75
58 3 4
94 69 31
50 6 75
98 100 81
29 13 3
91 14 39
64 7 56
55 60 37
96 90 49
23 66 77
4 13 48
90 50 74
48 48 3
25 11 35
91 16 47
66 36 43
3 43 46
67 13 62
98 20 68
42 63 71
28 66 15
3 91 81
53 32 85
3 11 34
79 87 77
81 87 57
33 31 58
31 44 5
55 54 51
41 36 42
89 79 16
94 52 93
27 1 3
68 42 42
35 8 87
16 28 78
54 41 59
70 65 5
69 26 89
45 84 17
7 94 45
49 90 3
85 76 67
80 32 82
72 59 53
31 97 36
95 55 67
31 33 11
80 35 55
17 56 82
68 62 43
74 29 73
31 78 22
11 33 54
74 81 58
19 94 46
31 94 62
93 55 25
73 87 18
96 85 86
75 97 31
22 1 11
71 32 76
62 33 4
49 72 13
60 35 12
41 82 17
59 66 37
46 41 7
60 18 24
24 23 15
6 82 25
42 24 82
20 26 50
44 64 14
52 24 33
3 64 83
53 65 95
83 51 34
41 63 78
38 65 87
79 59 59
55 49 92
36 19 4
17 22 44
64 4 7
21 41 12
20 80 100
31 28 16
7 54 93
29 92 79
55 27 27
56 61 48
97 62 44
8 82 70
2 82 9
3 93 31
51 44 81
57 77 55
88 62 5
36 18 47
91 81 99
24 16 34
41 14 52
28 6 27
49 24 94
21 28 6
55 18 88
33 42 85
75 87 61
21 65 63
56 51 100
84 79 35
74 34 26
79 40 66
19 87 76
46 1 9
96 3 33
91 46 6
4 39 15
100 36 8
24 41 40
1 60 19
86 38 92
83 79 6
71 74 21
4 95 81
28 56 93
3 2 83
57 8 11
2 2 18
5 11 71
10 39 22
86 74 50
33 41 48
33 46 13
38 35 95
60 10 26
74 43 54
40 33 85
2 44 72
58 68 85
58 21 97
90 13 95
67 14 59
47 22 67
55 64 94
64 16 11
64 100 8
63 26 37
45 45 62
87 1 53
40 47 98
82 74 90
45 16 64
67 84 30
51 38 69
52 11 29
55 41 28
41 40 88
15 59 14
4 48 2
88 10 42
24 1 2
60 76 55
76 60 63
20 67 72
100 85 100
76 95 30
41 100 25
96 57 64
78 75 80
27 78 88
98 41 21
74 9 11
55 53 56
1 6 89
5 10 33
51 96 10
42 76 44
24 58 1
55 80 13
90 57 57
67 37 9
16 55 39
36 59 42
17 92 48
62 36 99
1 48 44
86 35 1
43 32 75
26 45 4
75 68 68
19 71 73
50 9 79
88 35 85
63 28 29
94 58 17
100 89 22
50 24 40
9 54 7
23 41 49
70 78 100
60 34 77
34 96 99
100 40 41
100 32 100
96 91 49
79 53 73
17 96 81
15 15 25
62 21 12
58 28 83
26 19 71
98 35 72
47 64 19
46 56 24
74 9 77
65 13 26
59 58 82
11 92 30
56 68 1
82 73 7
26 43 51
17 1 88
97 93 88
88 36 16
22 89 90
44 99 81
86 62 45
68 80 51
45 86 41
82 76 26
82 78 86
74 40 11
46 14 19
85 68 22
73 84 12
19 52 23
48 11 2
18 7 91
95 38 39
61 53 1
71 51 50
49 43 35
6 56 65
78 61 61
1 44 18
26 88 2
46 88 78
43 5 48
79 75 56
13 33 39
13 70 26
29 89 41
51 16 70
43 11 18
41 99 94
55 56 54
26 90 44
57 81 97
70 13 95
97 72 62
91 69 58
18 48 19
77 38 44
24 68 65
23 4 2
18 32 94
35 78 67
29 61 98
68 83 57
96 6 88
51 90 57
4 48 62
65 96 49
6 15 97
94 40 6
98 24 36
96 70 61
60 7 60
26 72 71
1 59 48
97 52 5
81 62 61
92 44 23
11 66 36
97 43 37
3 45 59
40 11 58
96 80 95
100 96 16
86 4 66
99 47 21
2 1 12
39 33 42
33 100 6
34 60 60
21 16 64
68 92 89
18 58 86
41 15 96
95 90 3
79 10 100
94 2 59
42 75 77
75 42 93
76 45 2
91 41 58
87 6 47
70 61 61
45 48 76
50 19 93
29 51 71
41 51 78
8 8 21
10 63 35
51 99 11
98 22 30
61 49 12
35 92 12
52 31 86
77 55 99
48 4 64
97 89 74
96 27 60
41 83 1
31 26 52
47 67 46
61 82 17
73 99 10
6 52 11
87 36 55
89 95 32
39 20 9
66 44 5
47 44 31
59 9 88
88 41 30
88 50 48
50 71 2
23 41 74
72 96 61
65 73 84
28 85 77
13 78 46
1 74 16
6 20 82
44 39 33
71 55 62
76 77 50
5 32 47
9 82 52
12 77 13
100 54 18
12 13 15
66 7 90
90 46 91
37 93 32
17 33 86
57 83 84
89 63 83
99 7 19
97 76 2
88 60 52
62 87 12
13 5 97
63 30 28
8 11 24
61 4 57
8 65 64
90 55 58
45 74 56
52 70 33
64 64 6
97 70 55
73 78 29
37 44 87
11 31 8
21 44 83
14 35 27
13 30 21
88 30 1
38 56 97
83 64 40
79 90 72
32 85 64
74 5 48
42 53 87
66 52 36
41 88 92
82 14 79
10 24 57
82 63 58
59 93 78
12 89 41
26 54 65
48 86 93
88 55 40
97 18 90
53 65 52
80 89 42
35 79 17
87 20 77
80 47 55
57 16 34
41 92 65
100 6 81
42 34 82
65 91 29
95 51 36
57 21 90
85 90 30
21 15 81
51 69 96
6 26 30
90 21 69
6 53 59
18 37 43
85 71 100
63 32 11
47 46 54
58 97 58
15 39 34
82 65 55
92 82 82
11 36 83
84 33 47
3 58 71
75 84 10
69 16 4
64 92 89
39 68 67
41 26 57
42 65 2
74 4 35
7 94 50
28 87 85
95 22 4
33 77 59
9 35 35
69 49 57
80 66 47
90 86 25
25 34 64
5 22 88
62 75 89
39 61 60
46 12 16
16 60 3
6 73 53
27 42 95
72 90 19
76 90 60
83 66 50
7 66 49
56 71 70
28 62 74
67 67 19
14 53 23
45 15 81
7 61 50
7 12 11
5 7 34
15 95 39
55 36 79
29 22 57
91 24 58
24 18 66
99 13 53
96 100 27
54 22 89
35 18 90
48 7 7
46 26 62
67 8 55
2 3 81
13 45 62
30 79 52
43 92 6
20 16 78
60 7 52
2 19 77
21 31 74
91 52 72
23 45 13
98 81 68
83 30 7
43 55 71
29 31 92
61 94 29
20 36 65
32 35 49
41 82 3
4 30 94
18 77 90
39 12 73
94 25 31
41 22 94
11 53 80
66 53 62
98 49 52
20 13 59
3 91 77
5 45 1
20 12 46
52 60 74
96 40 2
50 31 89
11 76 67
93 64 6
47 61 7
77 80 100
94 21 10
45 65 26
19 59 40
16 38 84
18 76 19
9 46 49
51 88 73
99 21 8
42 55 20
92 36 59
46 7 42
99 96 98
92 48 65
93 59 17
83 68 7
20 86 2
70 77 73
73 87 8
19 81 12
4 23 10
62 61 6
50 31 53
45 8 44
50 38 1
44 60 68
15 6 15
51 72 20
78 8 5
97 18 90
94 80 14
43 13 22
7 16 16
74 70 13
51 5 3
29 3 61
89 32 14
91 56 81
95 12 53
55 22 22
68 41 33
16 94 4
93 65 95
60 21 57
51 45 90
19 57 48
13 26 69
13 61 20
49 12 43
82 63 64
74 39 52
9 78 73
8 64 42
30 85 72
5 82 85
90 92 72
99 42 8
45 11 61
26 9 99
19 66 1
24 47 36
67 11 46
85 83 52
36 6 33
62 49 41
96 71 19
52 35 12
21 36 17
61 31 34
58 39 53
67 4 62
86 46 24
18 32 46
66 88 25
24 93 69
22 32 66
57 40 30
62 45 6
20 82 82
26 87 73
36 71 69
35 96 64
84 9 5
68 48 20
71 41 99
92 16 85
19 31 73
11 40 74
99 4 30
44 47 18
10 71 98
64 36 13
13 26 81
37 18 14
19 53 6
87 6 5
51 79 71
64 36 97
57 28 37
44 12 91
8 70 40
51 16 85
38 79 20
76 90 75
79 63 98
75 50 91
79 76 47
98 99 61
91 33 77
46 43 51
67 53 52
49 89 91
37 29 74
12 45 39
1 96 92
89 96 28
92 68 64
41 58 16
51 34 75
78 27 52
63 30 56
90 4 2
43 39 32
100 33 44
7 78 20
27 52 38
20 19 99
47 37 3
9 31 49
1 18 46
11 58 78
36 32 54
54 5 23
46 11 38
43 8 19
91 71 74
36 64 43
49 24 33
78 56 25
12 97 2
58 27 91
51 25 74
25 45 63
6 70 61
8 9 21
61 90 99
79 13 50
83 3 100
23 95 91
36 46 35
71 82 37
40 28 60
4 98 13
16 77 26
29 73 72
75 97 75
52 98 64
19 26 90
68 18 66
26 72 98
10 73 9
34 9 98
98 28 83
29 33 46
46 9 98
56 58 79
66 11 21
80 26 71
1 52 28
89 2 27
30 68 11
22 93 60
44 99 26
9 71 60
24 46 22
16 57 44
4 14 89
77 30 19
76 55 31
60 31 13
74 27 5
58 3 84
4 85 33
85 25 34
79 3 83
4 14 24
71 52 32
20 81 59
61 96 47
42 35 55
81 66 24
24 94 66
29 13 15
88 75 28
37 93 50
5 59 91
5 76 59
28 6 24
59 57 88
91 48 58
36 71 58
76 56 15
26 83 96
28 74 53
13 17 2
15 38 73
43 100 82
42 5 68
18 41 60
54 89 15
1 71 63
97 11 35
81 9 20
96 56 20
97 25 33
47 42 74
78 13 21
6 37 53
89 58 57
78 55 81
83 5 95
64 5 54
55 97 25
98 75 39
16 70 100
9 96 33
69 74 60
26 59 71
73 32 52
46 87 96
57 48 17
17 84 25
63 47 54
6 57 93
46 61 6
41 55 29
53 8 96
74 62 30
37 53 16
98 35 31
44 68 1
55 43 39
30 40 46
32 74 20
37 86 96
56 69 27
45 37 3
41 10 30
68 1 59
11 81 77
61 17 10
44 18 65
30 58 54
32 66 4
55 53 97
65 81 87
85 9 75
22 95 99
87 70 57
86 68 6
56 87 57
54 63 12
91 85 25
56 8 24
97 3 76
74 71 12
8 59 42
7 16 3
35 79 2
22 40 75
14 97 62
25 100 67
46 81 42
3 33 15
57 71 50
25 35 36
9 83 23
41 16 87
81 24 86
88 14 73
66 48 86
99 18 30
90 39 58
7 90 38
36 83 18
48 61 38
44 46 61
28 80 64
98 36 70
26 50 32
6 52 66
98 73 93
15 39 42
90 80 26
46 12 94
58 86 92
1 23 62
36 20 8
83 18 40
35 46 35
73 81 73
85 1 81
88 38 39
51 18 99
17 81 43
57 73 76
44 78 82
23 5 94
98 94 26
42 32 34
20 86 59
89 15 10
74 17 8
29 70 59
43 45 2
31 47 95
2 76 34
8 91 39
55 46 67
53 82 47
6 37 18
7 39 76
82 72 16
23 46 77
55 88 74
43 47 53
77 42 47
11 30 42
30 92 45
25 59 7
82 25 28
90 16 50
84 38 34
33 61 49
69 12 10
47 47 6
3 6 79
79 58 20
76 67 92
33 5 52
95 34 62
66 36 90
4 19 52
3 85 7
14 74 24
28 59 92
29 18 69
54 63 6
37 70 69
15 50 24
65 75 1
85 12 82
42 36 19
11 74 96
74 25 95
79 24 29
52 11 61
77 86 67
61 61 5
52 82 74
6 8 21
97 10 66
31 29 9
94 34 83
12 38 56
68 57 1
9 6 38
99 66 82
65 65 3
71 32 95
7 50 5
95 9 87
57 11 25
1 21 86
2 24 18
96 93 7
35 47 15
85 42 78
79 24 21
23 14 70
12 14 31
54 63 85
95 96 38
29 52 17
20 94 8
55 4 75
89 32 58
52 6 66
12 26 91
5 48 50
34 93 39
91 36 5
40 64 65
4 55 61
55 6 86
13 12 67
52 16 58
57 51 64
11 84 13
58 3 41
53 87 58
97 54 77
45 67 90
13 99 45
77 58 72
27 5 63
37 86 13
31 88 63
90 88 27
48 47 56
61 95 26
35 99 9
28 44 37
26 99 87
5 41 7
23 57 93
21 37 38
56 79 26
40 57 11
45 21 14
66 35 97
1 17 85
42 39 76
18 92 61
96 56 77
80 78 30
43 94 1
15 77 50
66 41 14
97 91 11
61 89 32
35 71 16
42 95 15
99 82 44
76 97 43
60 47 66
23 78 6
69 2 78
42 67 21
6 23 40
22 91 44
39 52 42
57 29 89
49 55 25
29 8 12
39 64 8
65 57 40
13 6 36
28 73 4
60 54 43
82 77 33
77 94 57
92 9 40
87 74 62
4 1 31
31 62 14
95 83 73
55 94 40
13 47 11
91 70 11
35 66 60
99 82 32
7 72 36
33 47 76
19 100 95
51 100 27
7 51 61
25 96 22
41 98 36
40 88 83
89 49 24
62 27 36
79 1 59
67 68 51
45 24 99
64 27 83
75 52 8
47 3 4
24 29 41
72 61 24
27 26 92
4 11 17
3 2 100
21 90 2
64 50 82
41 38 60
79 100 78
59 36 88
81 19 71
19 58 14
34 74 63
29 59 91
59 30 7
42 85 26
57 83 27
80 48 11
3 72 20
57 96 4
43 52 18
44 99 66
56 53 53
35 69 48
41 38 69
3 65 86
91 27 90
67 69 12
23 23 70
17 77 68
14 84 1
22 85 44
41 97 13
27 29 24
66 22 14
6 92 99
67 11 54
55 22 35
6 13 82
61 64 46
8 14 38
88 58 7
29 14 86
24 76 48
27 19 28
71 8 44
93 72 60
81 71 59
95 67 46
84 63 92
88 99 61
98 36 12
13 40 4
11 44 20
36 54 65
70 14 10
27 24 71
100 83 21
43 11 94
21 66 55
30 8 22
74 44 61
48 16 4
10 85 13
96 90 62
87 2 55
92 61 69
93 63 45
45 35 70
60 18 58
70 46 18
79 9 10
63 20 65
96 19 14
58 70 11
11 46 69
80 22 74
19 78 96
82 11 29
42 13 41
1 92 1
63 82 55
85 42 10
11 74 94
72 49 9
40 100 76
25 69 43
7 37 38
9 51 26
1 45 25
90 35 10
53 15 42
26 22 54
4 11 52
86 46 71
50 45 43
39 32 13
62 7 20
78 55 42
76 30 67
20 79 79
66 56 52
82 64 88
5 80 68
97 81 82
5 99 70
57 18 62
59 24 40
74 58 83
15 1 87
59 99 67
43 27 67
79 67 86
51 37 55
87 23 66
23 82 10
97 45 50
98 71 64
27 4 1
15 37 84
43 42 12
30 19 71
59 73 47
52 22 69
66 45 67
66 43 1
28 73 59
45 9 21
25 14 86
42 18 65
93 66 13
36 5 12
55 41 62
84 43 85
16 11 43
62 76 75
26 75 65
87 69 10
74 77 88
19 41 15
50 41 96
54 31 9
14 85 73
96 9 96
87 64 33
13 65 42
93 5 12
15 65 92
66 11 17
30 17 54
72 38 84
99 22 78
23 51 10
1 70 39
43 87 25
53 84 81
54 61 82
84 29 95
42 85 3
53 71 15
88 99 19
35 91 6
91 96 69
23 57 7
3 9 54
35 74 85
9 81 27
70 95 35
58 76 92
49 72 97
94 5 97
56 17 57
73 67 38
59 59 65
86 63 87
20 28 71
49 4 4
88 24 89
74 16 30
33 69 72
2 27 91
52 42 40
99 45 62
8 85 68
90 76 5
96 54 73
32 13 79
100 94 75
73 49 37
87 50 57
94 40 56
51 51 47
33 72 71
45 43 90
5 10 73
59 72 24
16 1 91
98 9 80
48 85 20
24 28 26
9 92 27
3 56 33
72 19 17
61 14 65
88 70 59
19 26 22
31 5 21
30 45 36
11 25 97
39 80 40
66 73 70
55 92 19
68 3 56
19 38 98
98 63 90
47 37 83
82 11 36
53 9 56
91 15 70
78 22 42
33 8 75
16 6 85
90 28 56
27 31 58
45 19 44
85 96 55
74 28 65
12 2 61
55 60 17
88 66 93
88 77 58
66 99 100
4 4 38
11 65 100
17 46 41
49 33 13
78 20 68
99 35 40
24 91 35
9 97 18
65 51 79
19 10 35
87 37 16
44 1 6
78 38 41
11 77 69
99 23 87
35 46 58
49 95 91
83 69 24
65 8 15
72 83 78
54 57 93
63 38 46
16 48 26
46 24 82
59 6 86
10 1 7
82 3 18
98 15 55
21 41 61
70 57 87
17 10 78
16 12 12
23 81 62
57 16 25
58 11 5
65 19 28
30 91 19
48 73 94
37 99 37
55 28 42
45 38 32
72 8 21
65 65 17
12 56 31
12 45 100
8 45 14
34 33 10
10 78 90
1 62 20
82 54 55
75 39 22
32 17 34
26 9 34
42 58 20
49 69 53
47 90 90
53 72 88
19 67 62
67 74 13
53 98 54
50 52 83
41 71 50
92 84 76
72 47 62
52 89 12
52 60 17
28 4 12
96 79 61
62 6 20
59 67 31
90 44 15
84 85 19
92 93 23
40 33 26
6 80 98
78 21 6
78 37 53
85 75 64
62 26 41
2 88 87
21 100 6
56 24 35
17 18 2
55 97 95
19 44 68
10 50 51
56 81 83
22 27 44
82 86 63
71 60 9
50 19 64
21 58 75
10 28 7
93 36 90
11 15 46
38 1 41
81 86 32
83 80 13
69 62 66
3 67 7
6 62 24
49 85 15
100 100 7
37 97 71
94 58 92
33 94 74
99 55 97
91 62 19
45 26 49
24 16 36
6 51 90
36 18 34
90 86 46
7 52 100
18 8 15
96 50 51
90 35 54
38 35 77
15 95 89
70 51 49
18 80 16
5 70 58
77 22 20
82 42 61
43 73 69
89 15 74
47 95 91
23 32 61
50 43 28
2 37 84
86 78 63
56 37 100
64 48 72
41 78 1
62 99 83
1 32 76
18 93 87
62 43 1
85 92 47
66 22 42
51 71 82
66 37 30
98 68 14
45 11 4
82 30 1
20 54 87
28 77 98
52 16 93
11 81 26
25 4 49
76 73 12
67 41 82
80 41 63
100 75 63
33 15 74
46 2 57
88 73 52
25 15 66
31 90 94
1 25 27
12 54 58
9 98 21
48 10 65
16 52 40
23 15 88
2 92 81
27 66 81
25 80 92
44 83 80
9 62 86
84 66 98
73 78 87
30 44 52
3 94 99
1 95 21
47 33 73
67 60 3
23 21 68
10 10 11
47 98 25
83 92 22
56 36 89
76 60 27
25 43 69
60 66 38
54 57 55
50 40 29
91 50 64
19 4 100
28 35 78
76 12 47
60 86 90
57 95 22
1 43 15
46 64 20
96 33 39
12 49 66
2 90 46
79 57 57
51 42 97
15 19 58
43 15 99
85 16 59
42 99 75
8 89 59
30 88 44
56 7 44
39 10 12
58 21 4
30 6 4
17 42 30
77 46 25
82 82 45
84 16 88
65 24 31
30 45 54
89 55 92
31 8 40
62 46 55
9 68 12
66 93 59
79 70 23
37 55 57
44 96 43
41 57 64
10 27 4
70 93 79
11 84 48
83 99 88
42 86 31
76 75 78
70 89 20
81 4 92
97 16 46
12 37 49
47 73 84
27 78 74
3 75 31
32 34 16
30 1 60
47 44 33
23 22 82
5 8 79
34 47 19
64 36 11
66 64 32
79 95 74
67 15 35
28 41 39
8 100 7
2 34 57
53 23 84
97 87 30
19 58 60
23 96 60
33 36 57
97 94 85
20 77 97
75 41 99
70 2 26
78 54 95
67 72 24
75 24 38
56 75 21
94 10 34
34 63 68
35 56 25
98 47 75
38 2 43
63 38 33
24 12 27
95 5 6
24 81 18
93 10 34
38 9 45
79 85 56
24 81 53
32 100 28
75 32 42
66 8 67
79 32 74
3 68 3
14 26 95
68 23 63
94 60 39
74 90 18
24 62 39
62 73 38
32 85 17
74 27 13
48 49 15
78 60 25
100 95 92
31 85 47
52 29 25
97 93 59
3 64 89
97 69 48
7 9 42
68 13 88
20 99 47
64 53 47
16 61 61
80 33 94
51 11 24
64 38 37
63 69 49
29 6 29
81 96 59
79 53 48
80 56 82
21 67 99
6 54 13
38 79 21
90 45 85
62 77 45
74 36 94
42 85 25
35 22 37
55 27 46
80 87 24
15 43 76
73 71 19
69 3 40
64 17 91
99 92 94
41 92 3
54 46 76
18 30 93
50 39 26
62 13 53
45 30 90
30 48 84
79 67 85
45 1 13
38 22 56
43 69 23
65 54 46
43 38 73
91 2 43
9 96 60
78 42 77
70 13 5
74 74 24
100 45 28
10 24 60
15 41 3
38 31 14
44 51 67
24 93 9
15 56 57
16 84 5
17 81 38
80 100 93
99 50 12
83 33 42
71 16 95
64 91 11
70 78 12
96 66 85
34 50 35
88 50 32
45 58 30
84 85 46
55 96 34
19 55 2
19 12 67
60 42 89
67 24 22
77 23 16
44 88 3
64 77 98
79 21 25
30 93 35
21 24 35
33 74 21
6 4 50
89 89 73
71 18 38
60 52 42
37 87 19
75 7 47
60 87 83
58 64 18
50 9 5
87 77 9
89 63 60
63 61 22
100 82 17
66 36 30
12 94 54
85 39 66
83 73 14
74 89 2
13 10 65
72 20 78
89 29 39
53 9 94
6 96 17
48 60 45
53 50 60
25 42 57
61 2 61
41 89 98
95 93 76
100 38 33
90 37 30
6 35 10
40 34 91
37 47 13
90 96 23
41 40 31
51 8 4
100 49 44
53 69 3
79 32 9
1 22 88
37 19 30
87 47 49
30 60 90
94 34 10
62 35 15
98 70 35
47 74 70
70 36 26
14 74 68
40 8 89
1 23 31
95 81 17
98 74 11
37 26 49
85 9 73
94 51 22
46 24 65
98 62 36
49 29 49
84 87 30
41 70 89
68 58 42
33 44 52
68 81 31
45 3 67
16 95 42
36 19 17
22 68 15
100 60 14
30 89 95
24 63 48
92 48 28
67 77 22
23 57 81
25 25 18
93 51 8
81 86 64
49 95 98
93 12 29
13 45 89
52 30 77
87 95 3
92 23 20
75 70 23
39 93 35
23 60 38
85 15 96
70 27 20
26 42 48
91 22 2
89 6 35
74 92 50
54 17 84
91 78 55
19 6 95
70 12 58
45 64 17
3 94 93
45 57 83
22 28 14
97 15 16
60 71 82
16 26 52
88 21 33
10 65 77
7 91 97
64 44 37
42 39 33
27 90 40
66 19 98
84 75 97
65 40 75
89 26 69
40 34 58
21 99 94
30 83 6
62 96 40
11 62 92
24 93 6
10 64 26
35 66 87
80 61 55
71 34 84
29 81 80
1 100 17
77 56 56
95 82 70
98 62 73
27 63 67
56 33 69
75 58 33
100 70 59
94 40 15
2 44 74
23 72 73
91 38 72
12 20 4
44 42 16
17 36 58
30 85 32
57 44 57
25 12 16
53 66 71
13 56 49
39 22 19
76 92 22
99 17 62
67 46 61
41 47 66
59 58 25
3 15 33
96 89 47
94 37 38
21 32 93
29 92 95
76 65 53
13 89 91
38 76 20
11 29 26
66 75 30
94 51 97
83 5 100
92 92 77
100 2 86
41 86 1
48 3 88
59 88 37
89 27 79
33 98 14
47 76 59
50 100 93
19 22 97
49 72 13
47 47 21
88 64 12
44 6 55
4 90 54
28 80 90
76 91 25
41 48 93
32 56 18
42 78 91
100 36 1
42 19 45
55 18 96
87 19 42
73 93 48
55 75 98
67 92 48
58 14 60
77 91 1
50 83 97
15 5 100
66 93 14
33 3 74
11 19 19
50 46 59
25 22 58
65 69 33
2 63 79
39 85 16
13 98 60
84 9 36
38 1 53
25 82 87
20 40 16
81 10 86
84 9 18
9 22 88
75 14 61
100 6 94
56 65 23
22 51 26
50 3 93
47 66 80
12 69 5
10 92 63
63 15 75
9 71 35
73 78 67
91 31 54
30 10 72
9 42 37
80 94 23
99 6 74
67 32 33
97 80 19
12 7 77
68 15 48
2 68 6
8 60 21
90 84 20
69 2 14
23 48 97
85 2 41
60 31 11
91 4 55
77 17 12
38 77 67
21 7 85
30 24 50
10 8 61
43 67 28
11 61 2
35 72 66
3 60 100
96 76 64
19 16 75
93 57 18
94 40 23
78 29 14
46 68 75
97 72 60
36 54 67
47 9 20
75 30 65
89 92 85
60 46 68
85 6 90
37 82 69
95 9 90
21 62 52
46 2 79
22 79 70
75 82 41
45 76 10
18 35 56
91 54 50
6 36 44
80 48 37
44 71 37
90 68 19
64 14 16
39 84 14
27 76 2
12 21 56
57 1 52
28 47 52
82 45 94
21 9 19
12 11 33
19 78 28
59 96 8
67 38 75
93 4 6
91 7 85
84 94 44
93 2 31
23 38 63
3 14 16
26 18 30
96 99 49
25 67 17
20 28 76
23 90 42
60 75 76
93 86 20
24 51 34
63 56 44
20 52 88
83 69 32
8 74 66
93 38 81
9 22 73
78 81 98
4 30 41
39 29 98
9 21 53
46 96 8
58 73 86
94 70 83
15 6 48
98 15 7
18 53 18
85 72 63
75 57 75
39 23 88
29 97 26
29 5 91
78 44 87
92 41 86
36 86 68
52 50 29
86 91 67
93 39 47
87 8 19
15 41 36
4 41 48
37 17 87
38 11 59
65 16 27
1 25 24
98 12 87
61 38 46
78 23 9
3 11 64
34 71 81
42 99 46
55 38 91
86 32 16
78 60 70
75 81 77
12 86 44
44 100 23
58 73 27
9 99 66
91 48 5
40 78 79
23 27 49
97 49 50
43 53 62
13 99 30
34 57 41
28 57 90
36 92 89
13 53 100
70 98 54
97 99 17
56 94 13
45 15 67
71 65 41
91 18 29
41 34 48
42 36 94
20 20 14
59 5 12
33 72 11
86 33 72
5 9 18
95 55 49
59 60 70
61 83 16
74 54 16
20 45 41
60 41 37
72 82 61
64 98 24
76 13 27
51 6 51
98 53 44
74 41 11
42 50 77
88 85 77
73 36 75
62 73 33
54 98 25
19 67 29
39 44 51
96 58 84
22 24 88
1 27 36
47 9 48
16 54 68
53 46 93
14 15 64
29 76 89
4 4 36
69 94 74
40 97 63
80 90 61
15 1 26
69 84 95
51 44 26
35 34 83
78 41 79
23 91 79
33 68 67
52 16 42
12 42 67
89 39 14
38 25 61
77 21 77
86 90 48
17 1 74
46 66 35
26 87 82
51 13 28
61 29 67
82 31 9
34 74 37
97 20 19
39 31 43
17 50 76
13 5 24
79 83 36
1 94 91
49 66 46
99 81 92
91 38 6
69 82 37
71 16 72
98 20 40
14 25 76
45 74 37
91 21 14
27 45 49
86 40 2
93 22 74
100 99 37
4 91 25
90 60 38
85 64 92
85 18 60
69 44 48
64 17 78
84 84 33
100 35 93
84 66 96
22 12 14
60 96 41
99 68 31
81 12 42
71 83 51
83 97 82
68 4 56
3 82 25
93 5 83
81 38 57
27 10 90
52 83 51
23 54 47
1 85 69
23 39 87
36 72 75
3 93 23
73 31 56
12 28 77
2 20 18
51 21 39
14 80 37
22 13 68
13 69 29
75 54 71
9 17 20
80 56 36
45 15 36
61 59 98
89 3 45
2 30 65
22 16 75
74 69 46
87 79 70
54 51 33
67 81 68
65 32 70
75 19 67
47 79 77
48 35 93
24 7 50
23 71 17
91 80 64
66 64 29
18 37 69
53 71 74
6 75 56
37 96 92
71 55 32
77 95 86
21 95 50
77 31 2
90 57 36
25 13 27
55 50 38
34 43 6
89 44 77
86 41 93
48 38 72
98 12 75
25 49 38
40 29 30
40 13 42
57 88 37
62 21 47
4 30 38
91 68 8
5 50 16
46 26 22
26 83 31
78 36 9
37 83 84
51 90 22
4 58 35
74 67 40
86 78 31
88 15 98
6 44 19
21 33 43
61 11 81
7 36 13
18 91 90
65 10 89
84 2 45
85 74 95
51 3 70
55 63 17
37 65 61
98 56 48
64 37 83
89 8 96
59 67 46
78 85 77
88 26 100
86 95 36
2 12 34
54 8 58
57 36 100
55 9 23
33 5 60
28 57 81
71 70 20
18 40 61
32 15 30
13 79 13
50 93 25
34 69 51
80 90 94
69 2 49
59 91 8
35 18 10
23 56 49
26 29 38
65 64 61
78 89 97
43 59 75
90 26 23
52 12 21
26 40 58
53 10 83
31 9 52
81 15 79
60 90 26
5 80 32
68 30 37
5 49 18
44 95 95
13 7 51
18 91 1
14 1 29
14 55 91
55 100 94
89 3 46
28 22 10
67 69 58
45 41 31
66 77 11
95 38 13
6 14 28
44 3 51
18 99 10
43 82 67
22 74 31
14 99 16
18 92 43
82 31 75
52 37 48
21 64 68
81 81 75
86 67 52
82 15 64
20 64 19
13 5 84
46 95 10
54 59 99
4 65 97
35 60 89
13 86 76
79 12 77
58 53 20
12 54 85
5 46 22
85 97 80
89 21 32
28 12 61
37 31 90
43 43 5
68 51 13
81 41 79
41 87 82
56 51 74
33 5 67
44 64 95
24 6 87
14 38 99
26 76 96
36 30 89
82 72 44
49 1 74
5 37 70
39 45 84
71 94 24
45 42 60
1 47 40
17 31 85
35 57 61
23 61 52
45 74 41
67 26 50
54 67 48
97 21 31
56 9 76
67 94 80
28 99 51
44 59 37
1 71 43
21 56 69
1 60 51
7 44 8
31 80 89
47 45 31
45 62 97
99 31 64
90 65 58
71 20 60
35 55 62
29 84 35
83 88 8
39 64 88
67 64 69
92 60 49
99 51 64
2 65 54
99 47 14
48 52 8
53 30 5
67 10 5
14 29 8
33 62 5
52 69 46
77 45 19
80 63 46
44 12 57
65 80 48
16 72 53
52 56 33
48 38 98
24 58 62
86 28 84
20 39 11
86 60 64
100 89 76
43 17 99
11 1 68
5 73 46
22 7 89
70 32 89
17 46 16
80 15 65
81 65 26
8 60 98
27 4 100
24 25 19
23 29 77
28 30 90
28 12 29
93 56 18
20 96 72
98 91 25
99 95 29
41 62 63
12 11 65
11 58 55
15 84 62
52 3 12
99 94 17
26 18 15
52 13 57
71 93 9
1 33 43
56 6 8
10 30 88
48 24 17
53 52 15
40 94 43
41 4 45
43 24 46
46 78 36
21 12 85
94 10 23
33 21 58
32 11 90
47 42 88
17 63 5
54 95 76
13 55 59
12 5 94
58 74 23
58 3 71
75 9 86
44 87 52
1 76 27
17 42 92
36 61 41
75 60 36
70 67 93
3 73 27
27 72 36
68 67 95
83 45 64
13 69 24
50 45 8
79 5 63
52 87 1
31 44 67
60 56 21
100 58 69
52 67 65
84 7 3
86 91 82
29 67 63
70 4 52
85 3 62
32 27 67
43 69 34
18 3 6
20 88 97
71 64 78
6 35 74
21 96 100
75 32 29
43 28 68
98 90 1
9 95 56
49 11 80
77 68 84
48 8 31
37 48 8
73 71 20
31 79 18
4 71 70
63 82 21
23 55 97
18 56 44
56 42 12
92 16 90
29 52 79
8 23 30
15 66 56
30 87 5
63 59 86
7 3 22
79 3 25
8 67 61
3 57 38
89 68 58
18 18 22
48 49 15
80 74 86
20 55 81
81 59 30
6 8 78
41 66 84
37 1 37
64 51 48
39 47 18
43 62 18
81 36 78
89 48 16
37 71 4
19 27 88
52 41 70
31 68 54
21 25 64
35 21 57
14 73 15
61 91 71
58 5 60
7 83 1
59 49 83
39 52 42
29 54 34
34 7 10
24 47 10
95 17 81
24 7 43
9 32 96
12 91 98
60 61 93
36 10 2
47 69 22
97 10 42
5 45 21
93 11 35
88 33 83
2 47 36
12 81 53
80 68 34
10 15 82
25 74 52
29 55 78
62 59 68
91 74 62
70 59 49
65 72 49
92 67 57
1 23 65
40 44 28
81 78 3
46 78 93
53 65 81
30 16 8
67 82 42
9 36 58
54 58 63
76 74 54
69 99 34
51 66 97
4 88 97
40 73 70
27 46 75
74 49 50
50 62 59
57 90 73
20 42 39
57 82 57
73 4 59
65 29 80
45 91 34
11 75 55
6 37 1
15 75 93
34 54 61
77 62 26
69 74 88
88 82 99
84 99 14
51 18 100
56 44 85
97 86 84
65 92 93
82 74 95
88 96 89
94 95 13
3 72 15
18 67 56
47 37 73
46 68 48
94 16 63
7 72 61
94 100 88
94 21 32
88 68 50
19 44 16
26 72 38
97 35 21
46 36 18
68 1 94
3 6 54
30 98 22
94 43 63
30 81 73
71 80 12
31 39 82
98 74 72
10 23 15
16 82 22
25 7 57
35 78 81
7 93 27
76 59 39
98 56 32
1 92 49
41 95 38
81 96 5
17 28 80
87 96 16
22 35 86
28 84 2
52 11 85
46 22 62
12 51 8
6 100 2
29 99 57
96 18 48
43 21 47
32 70 28
63 59 27
48 25 7
96 78 66
62 14 40
73 3 67
34 10 39
92 90 57
91 96 43
1 29 17
1 5 9
33 51 87
90 49 44
85 26 5
61 28 8
78 82 11
43 53 52
82 20 45
82 39 1
74 58 42
82 74 83
72 60 64
45 48 82
93 51 39
73 94 97
8 63 93
95 96 85
79 47 57
74 12 84
58 26 40
87 87 41
49 80 46
27 17 53
88 75 94
28 4 21
3 85 39
64 97 58
92 56 3
43 85 100
57 22 32
55 72 61
86 20 31
5 17 45
75 14 83
76 64 16
88 55 34
63 2 63
39 20 59
91 81 35
90 91 74
20 6 9
15 98 61
25 46 99
81 56 20
49 94 44
56 22 8
74 61 1
92 40 60
96 65 36
45 76 66
49 45 59
100 41 36
40 97 98
57 58 57
57 85 47
79 14 89
66 19 60
19 93 62
35 67 71
31 41 6
4 51 59
17 16 39
76 2 63
12 22 66
76 29 39
45 85 100
96 20 62
6 71 41
35 46 31
82 58 24
23 89 82
30 35 92
29 51 44
49 35 71
91 37 12
51 30 3
27 69 12
98 50 1
21 2 20
94 93 42
94 38 80
89 46 90
85 18 61
56 85 69
49 26 94
11 54 100
94 1 52
10 82 22
39 13 66
61 79 6
99 78 8
3 38 50
4 84 34
98 69 50
51 15 49
3 22 68
60 55 98
56 91 21
17 25 11
47 56 56
98 27 13
18 25 97
52 22 29
4 19 69
41 91 72
60 55 43
14 97 91
73 29 35
19 29 66
73 39 93
10 80 88
68 71 24
83 5 36
4 39 75
74 96 1
88 7 78
83 22 85
8 38 66
70 58 85
58 10 67
4 89 62
98 6 12
89 23 20
44 17 85
63 1 35
13 28 66
76 97 96
45 53 54
75 5 93
38 24 31
48 59 11
37 27 64
32 49 95
83 80 27
84 51 32
89 38 31
94 68 98
91 29 41
70 54 80
38 91 80
4 4 50
52 11 40
89 86 76
8 97 48
20 83 98
61 4 1
57 50 61
19 50 78
55 51 28
88 62 71
48 61 72
11 18 65
90 17 61
31 92 8
95 89 40
89 74 43
13 91 82
66 52 84
79 59 28
79 19 15
81 40 86
91 15 54
10 24 39
45 62 8
97 55 79
57 33 46
66 48 84
4 20 54
39 12 10
71 49 35
73 85 45
64 37 48
87 12 92
10 23 42
65 98 82
32 81 47
99 87 43
66 97 89
100 35 83
52 11 25
54 92 7
95 17 16
38 22 37
79 42 64
96 30 43
10 91 19
75 47 93
44 71 25
9 58 40
32 92 22
86 56 87
91 15 68
44 96 34
78 19 31
52 42 40
58 34 69
14 25 89
39 93 7
62 39 97
90 95 83
97 56 35
86 11 18
29 13 44
55 19 14
86 10 32
81 89 41
7 27 13
90 50 10
84 99 18
8 43 83
89 18 15
60 35 64
39 1 56
71 8 16
44 93 60
45 61 26
77 82 1
76 14 66
22 19 20
82 13 29
42 89 88
96 6 10
40 53 6
45 29 14
91 53 68
93 5 57
24 29 27
82 66 88
23 54 34
88 50 49
70 88 96
70 73 3
13 68 84
32 74 64
18 34 13
21 44 87
36 68 42
78 66 45
49 28 45
61 14 41
85 9 12
16 55 79
31 15 17
21 1 94
47 46 32
25 37 69
8 5 87
52 47 47
69 76 23
83 9 55
85 26 54
54 89 98
93 8 35
31 62 86
60 36 68
66 56 86
30 12 78
10 47 48
87 90 32
100 7 48
78 2 98
78 7 90
32 67 40
82 79 91
22 12 5
14 46 63
18 20 89
58 95 89
14 42 31
14 83 90
40 98 24
25 4 76
21 68 64
97 86 40
18 79 22
97 41 50
37 85 76
67 23 22
14 14 97
49 45 38
95 52 6
47 86 73
14 78 1
54 51 29
100 16 72
64 60 61
3 5 93
55 67 17
63 88 29
76 2 52
66 40 18
100 97 75
35 30 41
54 18 25
66 37 57
12 51 4
63 11 63
24 48 46
34 9 56
56 37 45
13 30 60
36 59 38
2 29 25
80 36 1
82 26 30
43 7 90
33 82 83
67 93 49
54 48 94
39 44 22
30 77 11
88 48 28
71 17 47
76 5 49
33 12 55
75 76 100
73 63 6
40 18 22
62 13 35
53 93 60
81 76 56
87 78 41
78 64 18
14 46 94
84 31 91
72 56 43
78 74 22
60 72 64
53 74 11
58 85 26
61 78 45
69 100 72
55 7 67
52 20 33
89 13 89
14 39 67
96 74 3
30 66 6
37 40 39
87 71 24
28 97 32
7 38 97
32 75 23
60 46 6
23 78 47
16 28 40
17 65 5
9 28 36
11 34 29
91 21 60
42 3 2
80 85 40
49 19 63
43 13 3
57 18 3
48 73 40
92 43 65
93 56 90
14 3 66
38 47 42
66 63 82
75 35 88
39 36 27
69 71 32
46 57 20
42 68 35
20 75 65
76 62 21
44 22 87
51 91 26
65 21 67
100 67 54
96 84 23
91 9 59
52 27 90
90 12 17
43 91 62
95 50 21
79 59 49
72 87 41
53 91 5
44 91 73
12 41 15
34 1 81
50 74 64
50 93 59
56 73 15
64 88 11
52 68 91
35 58 93
89 8 26
53 87 90
91 2 50
36 45 44
54 93 92
100 20 34
97 85 86
39 50 52
91 36 69
82 74 57
45 22 91
99 9 10
15 1 42
40 3 72
63 54 75
86 66 55
37 76 49
56 55 14
42 77 39
55 85 72
71 77 54
37 82 27
71 36 20
94 47 92
7 92 48
4 52 32
9 63 48
94 81 51
95 4 53
82 70 19
93 59 2
64 59 84
55 95 80
49 94 56
92 55 59
32 76 85
83 88 4
37 40 89
38 9 38
1 7 91
12 21 2
72 76 17
58 9 2
71 34 90
32 96 13
21 80 65
13 75 10
28 83 2
79 37 24
55 31 56
34 77 85
30 28 78
62 79 92
24 58 91
62 97 75
1 1 79
56 91 81
77 31 94
37 30 91
34 98 27
26 66 44
25 30 97
99 23 99
70 86 30
95 53 68
63 95 39
64 38 31
13 73 52
71 81 94
10 51 33
30 90 15
59 16 28
38 23 10
84 20 65
27 56 92
88 57 9
95 69 23
90 87 30
46 39 4
62 65 38
28 45 100
95 48 58
35 46 1
66 29 18
68 89 63
91 54 57
81 58 18
21 42 98
63 81 44
13 56 54
79 45 51
85 18 55
29 77 46
82 26 62
37 93 63
3 53 88
34 48 34
81 59 71
14 35 34
58 8 7
92 71 77
15 35 47
26 42 94
5 83 72
63 38 18
6 12 95
75 54 96
44 13 69
6 60 12
46 2 70
25 56 11
52 82 15
87 39 21
61 90 11
59 48 96
51 69 32
77 7 70
36 17 8
90 43 90
83 48 42
98 86 75
86 32 98
89 51 37
93 17 87
7 27 3
14 78 39
21 48 38
77 89 27
98 30 64
68 62 8
57 95 30
68 63 19
54 66 86
77 80 42
3 74 61
75 45 48
52 73 74
19 57 42
94 44 36
100 75 95
55 48 24
89 52 21
83 72 34
88 8 71
23 19 94
58 3 70
50 32 66
94 67 36
86 49 55
75 43 25
70 90 11
61 57 7
60 7 12
46 76 52
65 83 53
27 34 60
57 23 14
40 44 75
23 46 90
76 34 65
54 95 11
39 83 60
30 70 22
60 84 1
18 17 27
98 33 41
33 16 38
76 22 38
71 21 15
90 96 16
35 72 89
87 28 10
56 86 8
44 33 67
8 38 40
72 85 32
51 32 19
48 51 44
67 53 30
2 13 97
19 72 31
24 50 52
9 75 55
91 86 47
3 32 2
2 93 24
10 73 29
48 81 41
55 53 36
80 23 98
86 71 81
24 95 15
84 45 62
77 2 1
14 18 38
22 67 91
78 28 92
86 66 13
2 34 23
60 91 54
52 66 60
50 38 93
13 99 76
69 41 38
93 46 44
15 20 78
15 72 25
86 75 32
31 93 70
23 39 22
62 57 48
62 85 64
91 17 19
8 20 82
82 96 52
81 79 7
46 49 64
45 32 48
91 76 54
94 33 57
53 64 8
68 81 43
23 63 30
45 96 54
64 41 95
58 70 62
25 2 34
58 45 35
94 31 64
67 77 57
52 45 47
25 45 71
98 7 99
36 27 37
60 67 63
74 39 69
82 26 58
46 42 43
70 4 67
61 79 100
26 15 58
59 32 64
2 40 10
15 76 91
73 2 21
53 70 37
78 36 8
98 62 7
47 29 49
31 16 82
24 75 62
91 56 35
59 64 90
75 22 23
30 55 76
99 98 94
18 54 89
57 14 22
74 77 89
58 76 91
32 73 3
68 55 60
56 25 33
23 15 90
57 96 24
15 56 38
82 74 46
99 3 23
89 41 80
33 67 80
10 61 61
45 5 89
15 83 17
98 14 6
75 56 24
99 64 41
47 66 33
24 79 5
70 30 26
48 47 41
33 54 33
34 71 87
78 74 31
98 11 83
55 86 88
76 13 22
98 56 44
22 44 2
48 80 46
14 46 80
27 83 25
57 9 10
90 74 72
28 88 78
82 5 26
67 20 1
74 31 55
21 7 41
16 90 2
100 60 1
62 37 12
67 60 42
24 78 39
75 73 32
12 42 72
36 72 81
11 76 83
46 9 24
27 85 85
20 95 52
9 89 53
29 95 35
83 1 49
1 64 94
83 90 11
40 18 72
81 95 19
99 20 42
24 2 11
91 66 57
22 8 11
33 13 71
90 62 15
80 39 15
28 19 50
29 88 56
14 86 16
50 91 2
68 68 16
12 25 42
44 33 91
97 36 35
92 99 63
46 33 94
29 9 57
76 87 60
13 76 99
58 23 63
47 25 13
44 79 98
75 82 46
3 9 56
17 50 31
5 65 59
25 30 10
81 7 32
20 79 97
33 49 22
49 42 87
98 78 26
11 64 11
96 48 40
62 69 12
72 99 20
71 73 69
55 30 56
76 69 9
93 14 90
27 95 65
33 57 68
68 83 47
38 32 60
100 23 94
11 55 76
55 61 57
85 71 59
86 90 2
60 34 68
78 61 29
5 92 16
55 88 97
11 90 9
47 20 31
9 22 42
70 9 56
71 73 23
26 87 89
57 54 42
88 34 99
16 50 49
85 45 6
17 89 67
39 78 72
48 56 55
90 83 73
7 76 45
25 63 45
58 44 19
38 27 45
17 9 27
39 50 99
54 27 76
44 100 90
76 76 50
10 87 1
56 53 50
79 10 2
28 67 56
25 49 2
27 76 91
10 66 28
64 87 15
35 70 96
93 58 84
2 87 52
53 2 89
61 14 86
51 41 88
69 48 36
74 10 7
89 32 80
29 11 83
52 82 40
27 67 58
80 26 48
17 65 77
3 49 11
54 73 25
70 34 24
14 46 60
84 32 17
37 13 80
17 46 57
56 16 13
24 25 12
6 76 4
87 61 91
80 3 77
17 87 79
7 31 18
14 63 99
3 87 74
91 39 37
12 95 87
74 22 49
49 20 51
14 68 56
40 89 53
1 54 15
40 16 92
75 84 50
69 10 92
69 52 53
16 85 84
57 85 38
73 74 98
53 60 39
3 56 11
65 77 3
26 5 11
39 72 60
70 3 73
25 10 48
83 7 37
29 54 25
29 3 1
47 40 66
67 60 12
15 50 9
21 56 82
45 17 9
43 86 62
27 72 8
14 46 4
69 98 51
73 6 17
29 1 80
60 82 80
41 20 30
11 73 37
96 66 27
7 68 25
34 74 60
96 71 76
68 6 96
20 75 37
25 20 65
91 38 17
69 26 4
9 66 81
10 72 90
78 24 18
32 80 2
62 24 41
98 43 37
19 17 86
12 92 30
52 62 34
34 19 29
41 2 29
4 81 81
28 46 43
28 23 22
75 60 91
49 57 79
48 73 30
51 20 33
93 35 6
63 41 35
97 8 67
6 52 50
16 70 70
36 25 42
47 20 87
38 46 66
19 34 30
54 41 62
13 89 21
2 61 85
74 91 95
14 70 53
20 29 33
68 31 28
25 59 57
93 91 38
33 12 52
14 56 6
13 16 53
27 21 1
90 17 63
31 85 63
47 73 58
26 36 21
25 93 87
30 98 88
22 33 33
49 7 4
13 100 55
11 10 73
14 30 35
66 36 52
8 34 31
44 63 12
40 64 44
78 7 36
46 34 30
52 54 30
85 43 71
93 38 2
17 81 94
72 2 56
87 35 82
86 41 89
68 80 73
14 73 95
35 27 92
75 50 11
90 67 44
80 15 92
50 44 58
33 84 76
3 78 96
36 97 32
33 89 52
83 63 100
56 44 21
43 52 50
40 49 82
93 74 70
14 91 1
43 35 32
31 8 21
65 68 84
14 82 34
31 82 57
52 6 53
65 57 89
33 45 32
30 65 52
91 41 80
92 47 40
99 45 13
88 69 65
83 38 29
43 59 86
95 1 42
12 30 9
84 98 18
12 51 53
4 46 59
45 81 71
59 50 66
70 9 27
51 12 66
7 42 14
75 29 91
39 93 19
84 95 16
9 95 23
7 30 30
57 53 10
15 10 88
85 60 46
93 66 83
23 41 3
57 13 11
32 80 95
30 70 14
34 30 15
11 27 98
9 92 20
89 29 5
73 4 49
77 3 29
23 99 36
52 36 25
7 79 51
38 17 52
91 16 49
82 24 28
12 15 96
50 2 88
56 32 18
82 18 99
4 92 36
27 81 25
23 95 40
4 17 79
49 26 42
67 35 86
45 72 2
69 15 20
72 74 84
41 29 15
47 38 100
18 81 73
27 37 90
61 44 45
43 84 80
89 97 16
31 72 71
66 53 83
87 7 95
39 66 73
41 33 34
19 87 57
68 53 10
52 14 59
22 61 93
4 56 11
98 12 66
79 78 98
99 65 76
21 80 76
11 83 100
11 53 19
87 86 56
52 44 81
92 54 99
27 14 29
60 54 97
91 59 48
56 37 84
55 15 2
47 84 58
54 89 39
88 80 19
34 44 94
46 78 1
18 12 68
22 41 45
54 88 64
8 99 68
74 4 14
37 98 14
33 24 27
54 27 7
21 71 23
48 71 30
28 21 67
80 92 66
37 62 66
4 3 73
46 99 46
82 12 57
84 42 3
48 83 9
72 80 6
84 72 50
73 68 94
34 35 76
64 40 86
72 15 57
52 27 14
60 3 44
95 61 70
88 97 97
7 61 43
91 93 52
74 89 37
53 69 92
49 90 29
41 67 98
6 89 10
71 37 74
7 68 73
31 85 71
87 20 36
64 75 17
46 48 87
31 96 89
5 17 87
70 19 50
41 83 81
18 87 44
78 68 95
1 78 71
27 42 51
25 83 9
74 24 48
17 87 33
47 17 55
96 46 43
2 33 29
50 71 64
64 95 83
51 74 41
26 98 4
38 62 61
43 93 13
80 87 30
19 41 77
41 74 77
67 53 33
42 55 28
52 53 81
69 96 86
43 20 53
32 9 96
94 23 14
72 27 50
19 39 1
37 7 86
20 58 25
17 95 7
45 31 97
59 19 29
44 24 97
44 57 47
32 71 62
52 42 93
81 27 34
37 35 21
90 28 52
85 69 39
30 38 86
40 28 44
4 83 94
30 33 17
26 100 58
64 74 99
11 48 47
65 15 39
42 89 33
40 3 78
50 34 13
48 22 47
59 23 67
96 81 13
13 83 72
77 91 90
29 69 64
6 39 44
6 15 34
55 24 75
45 31 20
79 83 80
38 85 11
54 23 58
48 43 48
66 26 48
50 28 74
84 22 61
37 35 50
19 18 11
86 97 22
61 77 43
8 11 70
32 57 55
67 81 20
99 2 61
8 6 19
79 2 49
24 74 83
51 27 91
80 49 49
78 41 3
94 90 67
13 69 52
29 38 74
97 16 16
25 5 50
76 76 44
87 68 41
22 90 42
24 33 60
100 46 96
64 19 69
43 52 67
11 81 90
3 9 100
6 37 4
3 30 76
70 80 1
11 2 11
3 20 93
11 74 81
78 9 55
22 97 1
100 87 29
50 76 57
79 68 99
7 16 18
13 53 64
84 90 73
32 74 68
82 70 11
87 95 4
6 54 72
21 39 28
53 44 57
3 8 94
17 6 90
13 47 92
44 12 64
84 2 68
22 43 18
4 99 68
76 28 60
14 84 91
14 95 47
29 71 6
32 46 12
36 60 36
80 60 53
26 9 57
14 58 23
49 17 51
80 56 38
22 35 26
32 94 63
39 26 32
91 43 84
20 97 37
3 73 75
47 2 20
41 40 60
21 81 18
87 77 41
24 68 26
84 65 60
84 47 71
56 31 33
24 6 18
88 12 86
48 73 5
62 92 22
57 90 75
24 38 73
73 33 66
15 12 57
61 74 56
1 50 79
76 83 34
38 86 76
16 34 50
62 37 79
31 34 4
25 22 85
13 14 100
74 29 64
33 100 16
99 20 52
12 67 43
16 99 58
77 63 17
51 46 31
80 65 42
72 17 90
70 21 70
98 82 15
54 24 48
94 7 54
87 26 52
84 40 49
82 78 91
1 9 93
79 91 6
44 49 52
95 68 85
20 92 61
99 8 48
64 89 44
89 60 75
23 81 31
31 90 59
15 30 25
25 13 82
46 30 46
82 42 3
53 26 11
88 47 85
19 5 55
1 70 57
93 34 15
47 40 28
97 17 96
62 22 16
92 39 93
31 94 16
97 79 78
68 76 46
16 74 29
67 19 24
78 77 23
15 44 43
23 70 38
44 70 60
3 98 83
64 43 9
83 65 30
77 16 60
16 1 29
91 71 67
74 91 10
60 78 34
20 10 19
61 74 82
95 15 8
98 94 93
59 49 60
47 89 84
55 2 6
64 73 99
50 48 89
71 8 1
60 6 88
17 32 88
61 5 82
82 55 61
25 37 13
65 66 57
57 74 96
36 6 88
93 47 62
99 8 31
70 21 70
91 21 35
68 34 98
90 58 96
10 80 87
38 17 60
17 65 81
12 46 25
31 58 89
46 79 8
98 42 57
32 19 68
71 58 3
17 85 81
34 80 33
68 8 86
80 47 29
18 60 14
82 30 100
36 25 59
53 66 35
86 92 49
80 86 79
21 17 94
45 7 39
50 51 40
9 50 13
49 28 80
60 30 13
49 1 65
91 80 91
4 5 74
87 94 62
79 99 78
88 19 28
55 73 100
60 79 100
17 53 28
91 3 26
39 95 31
35 86 20
19 28 51
44 72 72
2 100 87
39 9 30
11 18 57
13 99 2
42 22 35
78 77 6
12 95 2
12 23 33
88 68 15
33 38 49
24 11 57
63 53 77
10 29 2
7 64 49
59 85 77
79 56 97
74 48 58
13 30 89
91 95 94
1 73 79
44 2 19
73 19 60
13 69 73
28 96 83
57 98 21
86 100 71
16 22 73
5 26 100
42 100 75
79 61 10
66 6 21
100 1 89
98 69 31
71 40 96
96 94 13
60 47 98
49 65 33
92 32 70
56 7 39
84 31 62
53 97 57
14 1 97
46 37 53
59 34 84
17 82 62
19 47 7
47 33 15
77 71 50
64 86 12
44 86 21
55 8 79
13 12 7
48 41 52
46 59 62
37 83 87
73 88 36
62 33 32
89 18 59
46 37 9
63 13 22
86 76 70
1 82 94
38 86 74
67 95 78
45 14 66
73 74 41
29 16 20
72 27 57
53 70 56
32 74 94
80 98 30
37 46 71
84 11 84
4 18 38
84 65 12
99 20 67
7 90 98
23 75 95
43 4 69
61 6 90
87 35 54
96 64 72
85 28 85
4 75 23
58 12 30
42 99 26
57 21 38
6 11 56
18 92 10
48 86 2
2 73 54
87 26 60
2 52 81
18 8 84
93 40 37
62 20 60
64 88 79
17 1 90
96 28 54
13 40 76
65 11 68
82 46 91
33 85 90
88 11 75
10 100 24
16 36 90
1 88 7
75 5 81
75 83 7
13 25 2
14 29 51
30 78 80
53 90 24
31 24 75
37 27 26
44 61 73
100 43 39
56 99 28
92 64 44
43 79 84
25 58 86
81 62 49
2 65 91
23 66 17
81 50 81
77 34 75
35 7 67
15 47 66
32 45 58
40 100 28
40 21 12
33 77 99
29 60 39
51 84 96
8 30 67
64 25 79
49 62 18
95 82 82
60 37 30
21 47 62
14 65 41
17 54 47
74 8 49
31 72 82
80 64 74
4 45 85
34 100 4
40 73 14
94 70 93
54 68 68
67 2 71
8 28 95
52 58 10
77 21 53
5 79 50
3 36 69
43 6 49
13 33 68
9 34 56
79 79 37
30 31 84
19 34 56
52 100 82
36 76 21
41 47 95
3 96 94
36 61 43
99 16 41
34 98 62
83 90 52
39 85 79
70 65 59
60 73 38
81 79 20
79 7 1
23 34 80
54 26 69
26 25 5
61 7 98
91 72 9
49 79 67
8 54 39
12 75 25
80 28 79
9 3 89
12 25 36
28 58 16
88 83 1
1 74 38
50 79 93
43 39 69
80 8 81
65 90 25
48 69 37
87 84 8
21 48 35
65 45 89
26 42 44
81 24 65
78 38 18
39 93 53
77 18 77
13 18 53
70 15 13
85 26 8
62 73 10
72 11 1
76 28 82
65 77 41
9 22 92
99 3 30
4 50 37
40 64 27
42 18 78
57 57 69
21 39 73
84 97 26
42 68 4
100 26 83
68 19 67
11 93 6
22 55 71
79 38 23
2 7 37
27 88 88
38 69 35
43 77 1
9 1 91
63 91 56
83 10 56
11 15 18
49 96 57
76 83 86
87 24 86
11 25 43
26 16 90
34 88 5
32 95 66
86 69 65
73 33 61
71 7 28
63 60 67
82 29 75
88 43 96
21 92 56
60 42 93
94 39 19
81 22 71
13 67 15
33 25 65
70 62 60
81 73 57
61 29 89
25 96 83
13 19 25
55 86 30
81 96 29
65 79 41
36 47 98
66 18 7
39 5 12
65 4 81
66 94 73
65 1 3
56 36 43
30 70 90
14 37 71
67 53 21
32 97 1
97 15 77
60 97 96
11 97 84
2 47 28
70 15 77
71 17 32
51 45 13
27 50 73
99 42 15
23 90 44
5 97 28
60 7 25
45 77 9
45 83 83
92 38 64
74 23 28
99 81 87
76 95 33
60 57 46
70 40 24
24 40 96
90 22 81
41 62 68
49 83 52
75 52 96
81 25 67
24 2 41
95 78 2
67 2 33
62 86 69
45 53 21
15 30 81
18 46 74
17 69 43
96 6 9
51 1 47
92 70 61
47 46 45
2 21 1
66 65 51
49 85 96
50 19 90
80 95 66
46 31 4
30 70 66
44 29 26
92 40 36
58 60 23
72 46 92
92 80 45
56 11 69
83 38 77
52 44 93
81 76 59
100 18 49
73 41 40
32 49 97
71 54 79
98 56 30
27 98 62
27 30 60
75 13 56
76 14 37
61 79 100
83 25 1
64 11 98
88 17 24
23 64 28
4 64 90
55 55 92
90 17 24
7 88 2
7 67 82
97 70 23
99 25 42
59 27 24
62 86 59
71 6 18
6 65 71
78 72 2
25 87 35
25 35 69
71 100 92
48 59 36
89 75 20
37 99 11
11 1 46
61 53 33
47 60 3
20 59 88
86 31 86
11 7 38
72 46 3
1 5 90
88 15 60
100 25 87
23 50 1
29 7 16
24 93 42
9 39 3
24 92 29
11 14 27
7 5 1
47 50 3
1 51 50
53 96 5
91 98 11
54 6 49
64 48 85
21 40 24
93 40 23
45 71 93
89 17 71
3 66 10
44 4 19
55 48 84
30 45 61
88 47 80
100 10 57
78 90 19
1 91 4
40 84 23
63 13 25
87 34 58
98 41 39
29 3 13
41 6 35
4 97 99
45 93 71
28 2 25
82 76 32
41 81 61
23 23 19
79 54 5
82 80 66
35 78 26
95 10 10
91 80 24
67 99 80
75 100 34
50 50 94
35 12 53
47 41 76
69 37 20
82 73 3
25 33 48
11 87 25
9 31 9
89 88 98
43 12 61
82 63 66
90 98 97
11 43 63
9 47 14
11 90 37
5 37 32
4 21 72
89 14 88
33 73 80
22 29 98
51 44 14
42 29 36
91 70 12
20 93 20
5 89 86
49 61 86
60 4 28
10 36 67
64 18 70
55 64 48
32 31 39
23 70 33
69 16 21
23 92 27
52 75 48
7 83 27
69 31 8
98 72 2
80 9 26
77 54 97
93 65 69
70 31 49
51 1 39
29 38 42
37 70 18
99 88 76
94 53 7
47 52 79
53 26 77
98 90 62
19 49 92
47 42 33
62 12 82
36 50 86
6 27 87
86 41 30
78 9 49
98 78 54
52 54 13
78 87 34
89 6 95
7 59 40
19 49 24
95 49 20
91 65 68
63 37 7
64 9 64
59 61 59
25 73 79
31 70 100
68 62 79
64 37 27
44 71 74
9 43 20
33 75 7
95 12 85
91 90 69
13 66 7
89 47 8
77 79 55
97 48 2
56 87 11
22 42 18
43 80 13
97 78 27
87 83 34
52 72 92
59 72 88
91 1 25
13 11 96
62 84 84
85 84 96
58 59 63
44 15 75
79 84 48
67 15 96
79 4 24
67 40 82
89 66 30
4 68 41
48 76 29
87 44 6
61 78 97
30 90 27
89 98 36
11 45 89
30 60 71
68 99 74
3 29 91
92 79 42
19 98 94
41 6 59
86 62 99
33 28 64
46 9 18
13 84 82
30 6 93
94 6 28
100 36 21
47 37 97
49 44 93
1 77 16
4 81 93
6 71 57
87 6 33
79 39 60
23 91 44
34 9 58
18 21 45
56 72 88
94 48 53
59 40 65
46 85 10
8 3 51
81 77 51
71 57 67
56 87 22
76 27 19
91 4 68
54 6 15
78 47 16
41 84 75
15 30 21
91 20 57
5 15 53
22 19 59
71 75 87
54 34 29
92 90 70
21 79 89
62 49 19
89 15 90
43 25 35
31 17 42
69 74 94
78 90 41
38 57 58
13 51 11
2 65 91
27 49 96
48 92 8
51 24 3
57 69 20
81 75 94
34 10 71
53 52 72
39 31 50
38 79 65
8 69 41
66 26 30
49 87 29
96 32 42
31 1 59
93 63 47
22 10 9
39 45 64
11 68 25
69 61 99
82 60 43
56 58 41
7 85 21
61 57 49
53 89 10
78 13 83
23 79 28
2 90 58
8 80 29
31 68 80
54 41 66
46 61 70
28 35 53
85 35 99
71 31 87
3 68 61
67 61 93
96 48 43
86 20 5
11 2 54
92 29 90
35 41 65
66 47 2
49 94 47
43 14 71
23 8 100
83 27 62
37 75 89
68 76 25
13 33 36
55 97 68
68 22 30
86 11 100
33 54 46
11 47 26
59 4 98
48 12 45
44 98 60
85 51 89
56 42 93
58 63 43
77 94 59
17 74 8
11 27 74
43 41 42
68 28 16
47 66 36
33 93 45
68 7 39
40 14 49
45 73 57
91 68 98
21 86 42
36 97 9
95 66 66
100 85 20
86 20 30
14 51 39
92 66 17
26 44 35
88 60 63
20 35 8
20 68 95
78 52 12
71 99 6
82 97 14
23 54 67
82 37 17
77 78 81
20 30 30
62 60 42
63 69 74
51 99 76
26 94 3
65 14 75
68 10 20
96 12 86
17 97 45
10 31 17
66 34 1
98 33 98
15 96 2
24 60 38
73 58 68
81 62 9
34 94 10
73 28 46
85 66 19
97 49 59
85 66 80
99 73 84
20 1 12
11 16 84
89 2 3
87 25 67
62 14 80
68 31 89
82 20 100
14 2 80
6 2 42
78 83 54
45 85 54
22 72 68
74 31 86
61 37 16
23 88 89
70 12 13
33 19 99
99 90 19
95 69 34
36 22 9
46 46 46
66 79 73
73 80 10
38 10 99
40 63 6
39 56 71
94 32 10
41 36 42
15 10 59
56 26 72
37 43 5
96 36 22
63 38 18
2 83 72
12 11 27
56 20 3
71 29 6
58 71 75
78 97 46
8 39 44
1 20 96
81 26 52
95 44 45
95 77 12
67 21 53
12 83 84
10 31 32
42 38 24
84 58 98
15 10 79
8 76 27
94 3 54
13 94 43
19 33 96
12 44 32
6 37 91
20 8 77
80 83 70
82 2 39
76 42 14
77 57 34
67 46 63
12 7 95
56 25 33
65 92 92
40 76 10
61 8 61
45 92 50
11 92 63
39 65 65
42 83 92
82 91 77
85 17 96
51 16 35
87 57 83
20 38 7
3 3 4
30 40 89
29 8 79
51 64 29
67 35 25
92 77 72
67 79 3
57 31 66
49 98 97
82 9 37
32 85 18
82 69 20
55 43 99
94 90 50
75 73 77
86 77 80
59 60 14
94 82 17
80 69 92
84 95 49
18 52 4
7 100 17
9 52 79
53 32 15
49 6 96
1 98 56
40 93 89
51 21 89
59 55 74
76 20 5
65 1 80
34 39 40
85 85 95
1 58 24
64 4 4
76 76 3
43 97 58
10 87 67
74 4 89
51 46 41
50 56 64
8 1 56
78 66 38
77 50 60
91 95 78
61 89 35
8 10 34
24 1 73
61 21 20
81 84 100
7 5 11
5 96 72
3 63 85
84 66 56
83 79 70
73 86 70
98 89 30
60 2 75
68 2 9
5 82 80
11 64 84
21 79 96
39 17 28
7 44 65
24 32 51
32 86 53
88 13 51
56 16 40
25 55 58
23 43 9
100 44 72
11 3 6
10 71 84
72 99 28
50 12 96
73 36 96
76 72 96
66 5 8
75 47 30
7 62 58
22 64 41
41 20 30
58 58 88
24 8 99
15 38 42
31 35 32
48 49 78
67 78 1
16 9 14
43 69 46
37 36 19
69 83 31
50 92 47
1 3 78
74 19 87
89 34 44
74 55 14
92 65 78
49 7 8
69 49 18
33 83 71
85 59 50
20 77 12
34 21 23
41 11 93
15 28 79
91 50 67
72 89 29
60 36 15
30 45 49
87 95 15
8 60 79
58 30 27
42 64 15
84 15 18
75 45 46
56 88 97
72 36 83
84 96 94
29 40 19
27 99 96
87 33 65
31 8 20
66 32 73
56 1 56
35 52 30
33 32 63
3 27 17
40 20 42
13 73 18
6 68 54
69 1 47
68 95 65
58 67 48
74 69 44
100 32 89
79 57 79
43 62 80
27 20 39
27 56 6
99 41 20
39 16 23
55 25 79
64 77 63
38 100 59
46 14 91
90 6 16
99 5 3
41 27 30
78 27 55
51 79 68
55 19 79
60 10 83
51 78 86
42 64 99
7 16 46
66 51 22
30 41 54
72 53 33
52 97 16
34 96 68
8 17 86
5 83 28
23 73 91
16 46 4
50 33 1
76 100 34
21 34 62
100 45 75
50 62 65
94 82 48
62 31 27
80 58 66
2 6 34
3 11 37
97 29 71
75 58 50
59 20 36
18 18 29
88 7 38
61 80 31
44 59 71
33 84 6
23 56 29
71 20 26
39 19 58
79 60 57
93 92 12
96 72 64
12 28 99
6 64 71
90 44 63
33 1 85
32 5 46
97 54 80
31 53 16
26 98 29
52 28 99
57 98 62
6 73 84
92 21 26
83 3 89
77 62 85
42 11 58
65 80 46
26 97 25
30 22 51
15 21 58
75 18 54
34 66 84
97 16 47
88 42 89
87 24 25
94 11 19
38 95 38
14 61 2
26 63 52
79 16 15
6 70 84
13 77 69
7 48 28
69 80 100
1 44 15
26 80 86
57 81 94
100 51 97
47 54 74
54 43 24
50 85 77
55 80 92
65 10 52
8 98 32
28 19 61
14 100 4
39 94 68
63 75 92
42 50 30
28 29 70
64 65 74
31 30 82
32 67 59
75 13 11
6 78 60
39 5 38
62 66 24
27 35 6
7 4 25
87 61 28
33 70 50
49 22 42
18 90 31
40 95 58
92 73 44
56 99 10
100 70 42
64 32 45
47 70 60
86 60 16
53 16 27
15 14 84
17 99 16
45 50 29
31 91 31
5 30 95
79 24 47
34 24 31
30 68 52
98 18 34
58 95 69
99 20 19
12 50 33
66 67 73
94 90 69
80 70 11
73 98 73
28 22 96
42 56 90
14 15 62
62 7 98
88 15 11
66 4 54
72 13 4
89 77 19
99 21 92
100 4 74
18 49 99
64 10 52
49 76 1
49 74 62
34 57 50
10 82 13
5 16 88
71 44 57
66 59 89
65 67 23
24 97 73
38 72 80
70 52 30
16 65 89
57 87 31
74 81 42
13 52 87
93 80 80
20 62 79
39 59 57
46 91 23
79 43 25
64 74 70
82 38 36
24 55 82
41 18 79
82 78 2
48 68 10
54 31 17
50 96 95
86 43 96
5 75 45
18 5 14
81 98 82
80 94 63
8 88 21
28 17 21
63 21 87
9 86 43
76 67 22
93 75 43
83 5 43
48 59 58
99 13 92
31 22 84
11 56 94
32 64 40
34 91 17
96 31 26
5 83 78
95 51 2
77 72 41
83 17 84
7 33 60
27 50 29
100 74 28
3 100 31
76 16 57
82 95 60
47 88 27
12 84 45
77 65 10
73 23 30
3 77 5
56 43 31
6 14 27
75 89 46
53 23 43
90 68 7
21 73 7
4 99 98
33 45 54
78 87 34
57 78 53
64 30 66
33 2 62
96 57 49
1 40 56
54 13 23
76 86 95
99 44 66
20 79 7
67 67 26
6 45 75
89 52 11
52 61 47
68 98 35
41 33 9
39 6 29
51 21 81
5 53 12
92 36 59
64 43 38
14 10 61
6 32 18
52 1 17
19 18 68
93 24 19
67 36 25
96 4 91
28 91 17
12 98 32
64 67 5
2 83 70
81 83 69
33 38 57
72 10 91
99 6 89
4 51 69
9 79 83
72 53 18
65 60 41
79 49 93
38 59 67
1 70 40
62 97 17
26 89 8
84 12 35
9 83 65
97 91 80
78 71 93
99 38 39
94 59 91
69 21 71
44 17 80
66 45 67
62 42 37
41 66 25
100 3 65
87 22 1
71 57 38
25 56 15
30 19 73
14 1 62
77 11 25
53 15 68
84 57 62
14 88 79
22 84 13
91 85 97
27 20 20
52 55 31
14 36 68
70 89 16
81 25 70
20 76 54
3 51 59
87 78 70
67 15 2
40 67 88
68 86 78
72 41 63
25 56 98
33 2 31
2 10 89
64 96 93
36 58 93
66 35 51
39 82 98
74 90 75
73 73 72
80 7 8
11 96 61
65 77 92
45 46 30
68 69 90
43 91 56
35 32 15
60 53 91
76 25 29
76 16 9
17 53 18
99 57 47
71 19 44
49 37 89
87 2 25
42 28 54
35 81 78
44 57 92
100 57 97
11 28 69
50 88 7
52 80 89
93 59 54
27 69 82
64 48 66
48 53 84
47 63 97
25 32 57
69 26 49
70 4 34
14 20 13
84 41 65
9 55 37
84 23 17
57 9 79
38 76 30
99 7 60
92 11 65
67 71 64
42 29 47
50 77 82
36 45 72
31 100 92
3 66 6
89 9 25
97 44 32
28 94 66
69 79 88
23 10 64
4 51 51
42 80 77
34 57 69
49 61 25
2 49 93
74 67 3
37 54 53
50 4 48
69 9 69
22 65 30
89 86 2
36 78 91
99 96 34
97 1 87
12 44 32
20 100 72
42 85 10
17 100 9
63 44 36
94 16 86
89 49 30
16 30 20
6 84 40
21 36 46
100 38 65
100 65 14
89 5 17
10 33 31
66 7 57
16 51 1
10 90 82
34 16 63
100 75 88
92 67 100
14 39 56
33 30 100
45 3 80
81 44 6
82 36 91
69 74 26
89 86 83
62 73 33
74 58 58
82 93 17
5 47 90
36 18 96
33 88 29
30 41 2
82 33 84
41 29 23
65 77 37
29 61 10
29 73 12
12 87 31
34 29 16
64 44 1
31 97 27
54 23 1
72 77 28
42 25 6
94 44 34
10 98 24
83 3 50
29 26 67
62 23 20
70 12 87
94 1 81
25 12 40
57 7 74
98 54 88
14 28 58
41 96 77
1 52 46
46 43 98
90 68 77
19 26 14
50 82 68
51 20 94
91 76 61
98 24 62
29 6 69
80 67 2
93 37 59
5 59 95
5 55 38
60 99 89
31 33 26
63 19 53
38 88 85
73 1 58
21 24 100
81 93 30
67 15 94
92 68 81
45 6 44
20 85 29
71 29 95
97 14 49
29 11 63
24 36 13
9 93 86
21 29 80
51 35 5
64 84 58
67 11 14
42 76 51
87 62 40
3 7 98
53 96 71
72 72 72
74 46 78
79 17 52
86 78 77
26 54 16
41 32 27
20 65 68
42 52 59
68 87 6
19 58 51
65 71 95
99 74 89
74 51 40
8 80 75
30 45 73
97 79 29
4 18 18
42 59 31
76 88 82
22 12 89
50 9 51
92 36 91
10 23 34
96 39 46
10 82 61
2 89 8
91 10 23
62 96 15
82 31 100
36 44 70
62 27 24
14 59 6
5 39 57
20 73 26
78 74 62
23 91 27
94 17 28
100 62 49
53 94 48
47 34 11
78 92 99
56 99 1
63 92 47
97 55 47
13 79 84
86 34 65
97 80 46
44 69 23
2 59 10
98 28 56
45 63 57
30 43 39
96 84 28
45 40 35
38 49 68
18 61 66
43 8 83
99 6 37
99 47 56
15 95 51
70 27 94
51 6 68
14 26 58
16 67 70
42 4 99
33 32 23
96 52 4
38 93 15
33 62 48
8 94 51
62 72 96
9 80 10
90 43 9
28 45 45
41 7 88
1 91 77
26 60 76
52 20 72
28 71 39
40 43 3
22 88 1
86 47 27
92 35 39
57 81 84
56 65 4
100 73 57
81 80 64
71 21 95
41 88 70
4 99 44
78 70 81
33 94 2
65 58 98
73 26 9
97 84 55
89 10 10
4 51 83
8 18 25
94 59 59
22 72 16
38 42 14
68 92 89
48 67 14
1 82 62
45 99 50
94 66 12
78 61 89
65 34 71
6 34 57
31 13 8
22 26 21
94 92 82
97 83 95
59 15 53
25 20 63
56 59 69
32 45 88
5 20 69
18 7 70
35 39 90
83 74 70
7 67 73
99 4 82
59 18 50
63 33 95
17 27 98
73 18 81
85 38 75
10 22 47
64 50 67
68 17 35
58 17 17
38 71 57
52 1 72
62 82 11
71 68 59
49 65 49
55 13 84
43 72 8
85 69 11
47 93 94
34 5 42
95 48 24
97 20 52
27 19 44
8 63 88
57 6 92
51 33 62
58 25 81
16 34 90
93 22 28
33 38 34
9 41 13
59 98 65
40 72 21
28 42 3
77 10 43
14 23 54
5 62 78
93 91 83
88 13 28
65 69 99
95 89 89
28 79 15
52 29 96
83 95 50
85 96 61
57 26 90
44 67 66
87 56 73
39 20 38
81 22 46
71 91 36
36 32 17
14 51 68
37 58 61
36 53 42
66 21 24
32 18 25
60 54 14
63 24 61
89 64 9
32 60 75
27 29 36
75 51 81
40 33 44
83 98 85
59 58 97
4 20 81
6 68 37
62 18 65
19 96 55
51 61 19
89 71 87
38 64 34
87 70 32
50 29 25
17 64 60
90 40 71
2 93 33
95 50 81
29 36 81
51 15 53
86 82 28
63 59 26
17 49 37
45 33 9
46 3 45
39 67 19
68 73 87
85 76 54
16 49 6
88 29 43
58 59 32
53 36 81
34 76 84
89 78 84
4 59 60
55 5 62
11 95 8
11 74 59
63 76 66
50 89 60
52 37 39
1 24 96
53 67 9
22 89 71
14 19 29
76 72 86
1 97 61
41 94 93
97 60 38
48 81 65
56 69 20
67 53 36
38 58 60
75 76 78
29 65 32
84 24 32
89 49 58
82 10 7
21 6 3
88 59 33
41 74 89
74 34 90
10 15 78
66 19 29
41 78 45
30 40 45
47 10 52
70 22 29
68 76 76
39 29 7
54 30 45
84 79 79
18 54 100
61 96 51
65 1 82
57 75 4
73 29 67
55 8 70
39 4 1
60 89 55
22 46 39
50 88 35
55 23 9
10 54 94
94 52 19
5 53 47
43 4 75
5 10 38
94 35 49
97 16 46
84 43 14
44 98 7
98 100 49
35 66 17
3 57 50
77 47 31
45 33 55
47 9 52
61 68 97
97 92 27
15 63 87
43 22 42
2 61 11
93 50 79
16 6 16
58 100 55
29 2 70
2 66 12
8 14 40
24 56 15
79 85 45
28 82 9
71 57 50
91 65 11
69 22 96
8 57 70
50 74 59
96 16 78
33 24 25
89 23 69
91 13 98
96 63 40
47 20 29
81 59 100
73 57 15
83 75 3
12 58 54
63 23 100
7 3 14
84 47 76
23 97 30
87 86 37
15 57 73
75 59 89
80 26 51
87 70 41
79 78 96
12 51 75
28 87 40
52 60 6
22 66 59
57 22 44
6 41 89
72 10 8
50 15 19
100 100 19
85 99 64
92 61 64
77 63 86
80 52 82
7 66 61
16 42 25
49 49 75
44 86 45
46 34 82
95 21 63
19 40 95
77 10 71
48 66 17
95 33 18
7 78 22
28 100 19
60 86 64
75 36 12
3 16 15
92 97 31
29 7 42
29 61 48
92 87 17
58 67 28
32 58 38
44 75 55
2 44 31
98 75 30
17 97 73
61 57 38
8 75 69
55 2 46
43 27 63
44 71 97
37 14 1
50 38 23
32 97 43
83 23 100
76 9 5
75 95 4
80 39 10
11 54 86
50 98 54
58 63 99
25 44 63
27 17 29
2 42 65
76 7 95
75 95 79
95 61 80
26 80 32
61 30 100
39 52 56
22 91 22
23 58 87
54 8 24
75 51 4
42 3 14
65 51 28
92 97 53
15 79 58
50 42 75
34 32 84
13 8 45
5 33 20
3 87 18
28 29 86
40 69 50
27 7 63
73 40 64
31 50 95
59 66 95
9 96 35
55 49 49
59 35 61
38 4 34
48 12 64
46 60 19
88 98 29
51 84 84
78 37 98
37 22 49
79 64 49
77 32 62
24 85 83
84 21 2
96 62 9
80 73 76
24 11 4
4 11 34
19 28 51
20 27 45
17 91 78
81 4 61
7 75 81
48 71 20
11 44 49
98 22 95
45 78 22
56 97 6
3 11 74
70 61 40
23 59 87
20 78 28
29 35 51
92 45 60
38 1 34
18 79 29
98 43 38
58 59 72
54 31 7
53 91 32
66 5 41
2 50 18
92 87 2
44 8 90
61 32 85
26 89 42
15 23 4
89 32 80
77 40 40
25 28 51
61 13 6
54 91 48
87 26 52
75 100 60
11 76 45
78 43 95
18 71 84
41 58 36
99 36 82
87 91 100
74 83 38
74 93 100
1 30 49
28 81 79
43 36 22
19 72 12
80 5 84
42 63 85
81 66 16
41 62 62
37 74 73
99 7 70
24 18 81
52 77 81
3 94 25
13 54 26
2 3 51
33 39 93
92 57 5
48 93 26
36 3 76
85 8 83
20 14 33
14 46 85
54 2 20
83 18 3
61 50 78
29 36 95
46 15 97
63 99 36
48 80 38
60 72 83
8 65 56
74 30 15
9 77 43
50 24 92
15 90 26
71 37 53
97 51 78
75 79 38
100 25 54
18 20 38
32 86 16
9 54 69
26 33 80
64 88 28
38 92 13
5 12 36
64 73 67
52 36 64
92 40 61
80 30 25
6 95 51
63 97 80
31 40 27
70 10 49
42 55 43
44 81 11
24 87 20
87 69 70
39 85 13
32 20 52
81 6 15
60 36 25
17 26 30
28 59 34
19 81 47
35 94 51
73 18 55
55 71 63
17 49 14
87 98 52
72 53 87
82 69 35
69 45 75
65 95 20
50 48 61
42 37 86
78 26 12
48 6 2
12 12 65
56 63 50
48 63 86
5 37 17
88 23 49
74 8 6
28 81 86
13 96 60
89 14 44
38 37 93
74 48 6
74 53 34
10 93 67
75 4 36
75 14 44
34 49 79
71 19 58
5 62 12
15 84 40
11 93 90
17 49 29
6 43 4
82 98 20
4 68 49
22 25 98
100 41 91
15 53 16
65 64 44
47 20 54
57 68 24
97 47 57
16 24 6
87 17 3
100 94 26
88 25 88
11 92 13
47 59 16
44 44 56
7 36 60
28 79 23
79 92 31
96 48 10
15 87 49
19 83 48
81 95 84
26 94 41
100 47 90
9 80 99
66 100 50
59 45 94
26 6 18
28 88 57
75 79 56
99 45 28
73 5 30
17 51 51
4 80 100
34 33 96
65 3 52
9 60 83
2 52 66
5 74 47
79 44 15
91 78 84
2 27 55
8 31 39
35 39 29
1 29 37
22 30 37
24 86 65
75 71 47
71 5 82
24 64 61
46 46 81
24 56 7
22 80 32
80 66 29
72 90 79
15 77 75
19 53 9
40 52 15
15 96 6
99 4 87
93 50 100
40 8 65
37 83 63
88 71 60
82 56 41
26 18 70
97 89 77
100 16 12
3 87 19
82 94 37
64 40 32
15 5 74
27 94 62
3 77 76
63 49 22
47 65 44
70 28 6
18 87 26
100 2 99
3 71 90
47 54 59
17 84 43
51 73 60
91 64 22
37 24 92
13 50 49
57 29 67
49 9 10
60 6 35
39 21 1
34 71 41
67 21 21
3 62 32
27 62 76
14 85 81
34 84 43
87 27 29
68 49 98
3 92 37
18 63 10
45 8 45
55 68 28
50 90 64
90 58 47
77 43 25
100 27 86
9 85 20
65 21 44
13 44 30
66 11 32
66 22 80
49 38 44
92 13 65
83 4 77
71 40 34
22 91 94
37 3 42
51 41 43
86 55 99
17 43 22
85 64 32
20 49 33
83 33 35
93 86 61
50 38 29
98 99 17
73 8 3
34 93 67
97 89 68
38 15 11
45 8 48
50 36 51
60 27 25
51 14 73
55 26 90
26 30 7
3 44 60
76 82 12
60 31 52
63 92 63
86 50 24
21 49 63
84 44 83
16 92 49
30 74 33
28 24 98
73 44 56
93 23 23
9 97 70
9 58 53
68 39 31
78 35 73
23 29 59
54 74 10
49 63 58
72 59 21
81 91 72
63 59 83
52 85 86
23 91 89
68 7 26
77 39 52
66 14 28
97 5 56
32 98 96
31 97 32
22 7 86
75 78 44
21 17 55
92 24 80
79 68 80
32 42 46
4 26 81
74 65 56
13 18 12
89 24 16
8 62 30
93 79 3
1 66 42
55 18 70
31 39 4
63 51 25
88 71 86
16 36 2
95 70 30
91 81 11
49 27 35
20 66 27
61 48 90
22 3 77
57 5 65
89 94 95
78 52 70
75 94 64
5 13 52
2 93 83
19 10 5
97 89 92
19 50 86
72 59 90
87 41 61
86 88 76
91 23 75
63 40 79
93 37 66
64 74 84
84 13 100
93 8 11
74 71 25
40 29 51
7 15 35
81 38 18
71 71 25
20 53 87
73 55 71
30 2 57
14 68 46
84 17 60
76 73 8
38 32 53
50 33 44
84 3 37
65 100 80
50 61 86
6 92 86
22 25 79
65 62 23
19 76 5
6 99 78
37 48 54
48 54 57
55 53 4
13 63 33
23 70 89
1 2 48
92 69 3
52 46 32
64 39 52
55 5 45
81 82 68
61 61 64
15 92 67
32 26 87
88 84 37
15 96 89
41 9 44
48 87 47
42 11 68
65 59 7
75 20 19
71 45 33
34 20 15
11 9 36
39 92 62
66 45 10
93 91 89
25 22 43
1 22 96
95 22 66
100 33 22
35 87 35
76 51 41
4 16 85
88 99 4
8 99 42
53 70 35
50 60 50
78 77 96
55 28 40
89 75 90
17 87 84
46 67 2
27 49 100
58 79 37
79 76 71
48 42 73
26 3 48
31 83 34
13 92 31
63 98 100
84 37 45
38 4 3
74 67 93
27 49 54
72 52 14
18 4 47
68 44 49
37 52 93
5 16 54
64 4 24
35 75 32
52 49 55
68 89 9
15 91 88
71 1 80
92 98 35
70 33 70
5 54 43
11 85 51
94 31 17
17 56 72
75 99 43
17 97 5
54 48 30
84 10 91
33 45 77
52 4 88
34 4 90
32 83 18
73 67 22
50 46 89
42 62 83
90 34 8
50 18 94
39 65 62
26 38 19
14 36 62
2 39 84
80 76 90
23 24 6
64 2 41
24 76 45
34 35 79
86 15 67
12 80 32
69 55 92
51 96 56
10 43 69
88 19 89
68 93 5
99 35 76
93 39 28
7 56 77
73 90 19
84 88 68
55 41 8
65 33 86
14 44 3
96 32 72
52 42 41
45 85 18
5 82 41
4 68 9
95 76 91
65 50 76
3 21 100
16 97 49
36 38 75
20 54 42
95 9 32
17 82 44
76 6 98
74 46 82
56 11 29
47 52 44
65 5 19
98 27 59
63 9 12
85 72 57
76 59 29
78 78 11
21 28 16
47 67 87
37 78 61
10 82 83
94 14 51
100 100 14
40 56 86
36 76 78
22 83 16
48 64 76
37 61 67
23 65 44
89 35 25
34 95 54
79 24 45
90 12 100
98 23 54
26 40 66
13 61 17
63 32 20
21 84 9
95 25 7
32 61 33
14 13 13
78 81 38
59 90 95
77 23 46
88 49 69
45 10 71
35 67 94
35 41 17
30 96 71
14 34 4
91 7 83
21 67 79
6 47 79
8 10 95
27 95 40
76 61 62
48 4 92
8 92 81
28 2 64
57 55 32
34 71 25
42 80 88
16 47 68
42 87 11
32 91 38
37 52 10
29 47 98
98 4 66
87 85 30
39 77 8
47 90 22
93 29 99
78 2 80
86 7 35
84 40 29
32 85 2
72 76 93
80 99 24
98 31 35
78 20 91
91 98 56
40 17 19
99 29 8
48 15 28
82 97 43
32 5 53
10 9 73
55 76 100
35 51 78
92 97 84
55 17 66
85 32 10
23 28 21
60 31 91
9 5 23
36 69 51
63 49 4
3 79 84
15 58 44
73 75 94
67 3 98
1 45 96
88 20 10
19 19 77
98 10 75
91 6 83
94 9 44
28 47 36
93 58 46
19 15 60
37 41 65
80 19 36
17 48 80
61 98 5
30 51 64
94 63 87
36 13 1
17 26 74
90 25 92
62 24 28
31 19 77
89 2 58
93 68 47
7 15 82
58 2 85
56 88 12
74 4 92
30 81 84
16 57 85
21 58 53
95 31 88
58 93 33
66 47 78
19 82 79
46 6 35
34 91 54
12 59 20
95 17 55
74 11 53
16 77 70
20 82 90
90 45 55
38 93 11
99 93 18
97 36 58
98 19 27
2 4 46
41 57 50
69 68 90
81 75 12
53 28 75
79 74 76
72 94 24
83 89 52
60 10 89
53 91 100
42 23 78
13 19 60
25 1 59
35 5 50
18 95 92
99 37 4
6 59 19
19 57 3
89 100 93
82 22 52
44 61 64
100 94 25
14 96 7
7 52 4
90 86 88
19 53 85
53 31 35
53 45 60
21 16 14
10 6 78
31 42 1
99 37 3
90 28 57
93 66 80
87 2 74
56 55 93
15 100 13
16 69 17
4 35 88
11 59 90
10 77 7
77 38 70
17 70 86
33 6 52
12 91 90
11 9 28
73 66 56
52 3 81
16 91 5
92 19 19
9 43 16
3 46 58
1 69 12
3 2 30
30 9 28
88 46 3
26 10 68
66 4 33
22 35 40
86 82 61
92 27 60
96 47 76
63 51 8
66 32 92
73 12 83
89 4 29
39 79 38
28 51 57
51 61 34
1 80 99
90 19 5
3 27 99
49 15 16
4 27 50
36 7 49
99 17 19
70 64 16
88 59 61
46 18 96
3 12 26
27 55 44
58 48 83
67 46 51
86 89 93
74 4 91
54 63 74
97 39 77
19 99 13
87 34 3
66 48 66
34 85 67
6 68 59
11 39 30
56 77 5
28 36 18
69 96 99
78 15 42
40 29 14
32 35 13
80 39 98
24 91 75
21 81 11
27 48 33
86 19 34
93 48 54
41 71 66
44 98 39
55 24 89
18 7 70
87 35 56
35 85 30
11 39 94
79 91 98
98 63 60
37 49 4
6 32 74
62 1 50
70 10 17
25 59 41
62 21 42
57 4 57
44 76 14
98 74 17
35 10 35
76 89 83
29 44 32
94 77 56
3 37 92
16 76 79
93 90 81
47 6 89
25 70 21
56 91 41
16 19 3
97 68 77
88 57 81
18 82 92
16 37 64
59 78 35
20 59 60
78 32 95
86 65 27
52 20 75
19 93 1
50 40 32
2 5 34
13 63 92
48 28 34
30 95 3
1 72 97
62 65 43
80 56 1
97 19 96
73 5 82
82 16 20
15 68 15
6 95 57
25 39 98
45 75 88
56 15 61
64 85 95
29 8 97
66 78 88
100 91 32
37 34 5
3 97 90
65 10 82
93 27 84
63 5 23
29 40 100
54 6 28
34 75 42
40 60 11
91 79 7
28 65 96
77 100 46
53 46 54
99 94 98
77 93 18
75 81 38
87 16 95
6 56 41
51 84 56
25 34 62
89 21 51
37 53 82
33 70 42
59 31 19
20 76 92
67 12 27
56 79 95
62 27 40
49 99 77
64 82 30
29 28 22
80 92 81
41 11 86
73 20 45
1 95 53
52 70 90
87 52 68
29 44 64
69 4 50
12 23 37
44 57 33
2 42 19
88 65 34
71 55 10
7 46 46
96 8 74
74 61 58
46 19 13
26 11 39
61 69 96
70 4 21
85 80 83
18 3 80
38 48 100
65 51 37
77 59 55
82 12 69
24 61 29
4 19 89
57 64 84
64 53 25
4 37 63
39 43 28
47 12 18
73 2 5
6 49 18
33 83 9
87 45 28
46 23 62
74 21 8
8 20 31
63 67 90
32 59 51
85 66 42
42 7 71
32 20 60
27 80 57
89 72 95
83 21 61
31 64 62
55 68 53
13 50 33
89 77 62
27 89 22
53 36 98
20 55 42
83 12 57
42 26 23
45 76 37
60 73 83
41 33 95
58 17 49
36 39 50
90 83 1
3 53 42
10 37 89
63 61 16
86 85 25
91 22 3
97 83 52
50 34 24
2 18 56
15 31 46
15 70 32
92 70 69
43 95 14
64 71 10
82 98 61
75 5 56
3 63 27
85 96 21
97 81 76
5 4 85
77 64 66
25 9 59
40 79 57
40 11 65
57 46 44
4 3 51
9 73 43
8 30 93
59 74 52
83 83 19
9 36 84
55 77 83
84 100 47
2 75 31
90 52 85
34 13 28
44 63 69
27 73 82
25 57 54
61 52 84
30 45 80
23 94 72
84 57 60
93 50 96
41 76 85
46 17 73
15 10 86
24 44 18
20 84 73
83 33 25
86 4 26
87 25 17
44 27 53
92 35 7
8 28 24
73 58 18
87 36 84
34 92 17
23 82 33
82 43 44
79 76 16
97 39 61
71 89 40
84 67 71
94 77 13
86 48 79
99 28 4
94 15 31
21 40 88
87 71 8
71 7 98
16 48 15
42 97 3
85 83 28
93 49 56
43 5 57
68 49 62
74 1 4
42 73 53
50 93 84
59 87 5
94 53 62
92 46 20
8 89 72
29 51 83
20 94 63
13 24 31
39 30 68
90 6 27
1 47 68
86 93 65
23 10 27
74 88 32
78 43 23
57 38 74
43 34 79
11 6 10
34 61 25
86 6 52
61 46 68
38 82 78
6 15 83
100 29 9
69 64 6
87 75 47
13 23 24
5 18 81
82 90 29
41 75 5
81 56 49
71 36 18
52 74 37
6 53 61
54 35 77
16 75 30
44 92 69
70 10 23
99 94 14
36 62 86
94 71 39
68 19 84
93 35 100
74 11 41
1 95 49
72 95 37
19 47 64
86 32 43
60 77 18
40 88 12
1 93 12
9 42 97
93 91 70
79 89 26
20 35 43
75 50 28
53 3 56
96 96 93
56 57 95
82 98 28
40 29 57
29 62 81
97 92 55
75 98 12
10 15 41
4 44 67
14 17 45
76 2 46
7 55 8
1 98 52
100 100 18
64 78 17
41 38 16
53 13 26
52 100 56
79 10 100
78 50 73
33 46 23
55 71 18
17 29 53
71 82 35
2 40 77
85 12 24
47 84 58
46 24 91
77 55 80
84 61 85
77 97 100
94 18 64
44 50 98
91 96 50
46 25 76
87 69 62
30 82 5
65 4 73
30 44 73
11 31 86
93 84 46
90 19 7
41 5 1
21 5 24
8 1 11
41 50 22
17 72 27
9 41 40
10 95 67
33 23 43
32 71 51
30 38 85
22 34 7
41 36 55
85 53 6
7 29 67
9 95 100
40 94 26
17 17 56
38 30 79
92 2 86
95 35 88
13 73 21
80 56 90
8 43 88
38 1 72
73 29 78
92 22 41
96 51 83
12 22 23
73 34 87
95 85 79
72 91 68
50 100 98
81 10 38
87 99 67
30 74 27
22 93 52
87 23 81
38 48 23
59 64 2
53 58 40
38 89 93
48 18 20
97 89 3
39 14 91
14 12 21
32 37 52
72 83 88
80 47 62
10 54 2
62 40 39
100 62 11
24 57 98
39 91 68
80 51 12
29 90 65
76 76 95
56 19 35
15 75 91
34 88 82
1 62 88
13 29 74
98 39 100
70 60 23
73 21 8
37 67 33
19 20 22
94 38 33
75 26 17
78 82 72
59 88 55
71 65 65
69 77 71
54 34 30
10 41 2
96 97 16
88 1 15
3 11 50
100 8 52
16 68 99
5 100 64
20 96 80
92 83 68
38 18 18
64 100 25
78 16 76
24 7 95
40 65 51
8 47 88
31 18 82
28 29 89
70 50 16
86 70 86
72 29 18
56 19 35
78 10 93
61 13 25
73 51 60
11 73 29
83 3 100
97 57 73
48 96 78
18 57 19
20 59 51
100 23 87
65 23 38
31 93 11
8 41 31
15 6 94
56 34 27
14 71 94
58 14 53
70 82 42
47 52 7
68 57 77
30 9 44
11 7 77
33 39 68
82 11 69
32 32 52
21 21 87
52 97 75
28 13 86
73 33 5
80 24 36
24 84 35
6 46 6
19 92 23
47 50 12
89 90 25
26 59 93
53 75 87
32 15 81
48 26 80
63 59 28
58 87 27
63 43 1
11 90 62
25 26 94
64 4 64
53 43 12
80 37 9
22 37 65
51 96 58
52 4 93
30 76 60
35 41 73
52 24 31
91 69 66
95 23 47
95 5 93
6 68 35
60 91 1
80 82 53
93 11 24
46 77 80
52 79 42
18 60 21
93 6 2
32 70 96
21 86 62
31 28 15
47 90 40
60 25 97
60 33 71
35 39 35
59 37 62
28 79 6
20 70 31
30 18 78
61 30 83
80 6 58
3 85 19
57 5 20
73 19 33
89 14 95
86 55 58
34 70 25
47 52 10
43 65 5
32 48 16
83 29 99
48 10 41
95 54 47
24 25 97
94 46 39
29 17 31
90 9 42
58 31 40
28 85 69
31 75 19
100 27 49
83 25 44
15 6 51
79 83 31
69 64 16
56 30 14
29 36 67
58 98 97
65 5 15
86 58 71
11 23 30
22 86 60
87 24 88
28 39 46
83 56 80
37 85 35
60 21 83
18 73 21
39 79 88
94 34 90
2 66 54
29 17 61
88 34 32
28 33 71
38 4 74
28 26 33
37 15 59
74 35 18
100 42 11
38 26 32
73 95 19
68 20 49
91 50 79
55 65 20
89 32 69
83 48 48
6 40 89
53 87 30
59 58 32
77 27 27
26 93 15
65 67 64
60 40 76
31 78 72
7 96 81
89 42 66
64 68 47
79 79 70
56 19 4
99 69 6
59 78 32
44 25 24
79 97 51
83 21 23
57 63 2
99 71 39
62 78 89
84 17 53
68 92 20
25 50 28
61 73 97
46 34 69
63 65 34
73 90 79
32 89 87
36 40 74
34 88 50
63 32 100
39 80 16
62 71 63
39 44 63
95 13 48
10 3 12
12 87 93
59 3 62
7 63 96
14 64 33
8 20 3
68 69 23
58 15 32
2 7 30
28 11 50
9 10 44
49 57 26
2 28 91
43 99 78
2 22 29
85 40 89
79 14 42
74 62 1
17 21 60
7 5 59
81 16 32
26 51 45
33 21 42
50 48 86
29 74 27
19 56 44
84 49 19
80 100 5
90 59 9
25 34 42
67 66 24
50 84 66
77 63 97
92 14 62
33 92 34
25 18 53
91 87 40
54 11 93
68 55 15
22 15 59
11 53 31
65 80 25
10 86 63
17 42 1
12 36 86
100 43 66
36 65 54
92 53 26
96 6 53
86 47 99
82 36 20
17 65 1
63 55 66
39 53 36
27 95 69
3 63 6
15 25 67
65 47 84
82 24 73
41 98 57
43 24 6
43 40 95
59 90 29
47 13 71
42 4 76
100 91 95
99 32 2
18 95 63
26 23 30
5 76 32
35 5 12
62 47 5
6 14 9
73 28 57
31 90 100
12 37 35
38 65 25
27 81 92
97 17 67
52 47 62
72 29 46
57 31 12
91 98 5
30 97 42
33 59 20
50 53 96
2 16 10
42 78 75
35 5 65
76 32 4
87 70 4
46 98 82
88 39 62
92 82 79
100 10 2
54 70 37
31 57 85
67 31 86
74 89 23
25 83 80
18 7 2
37 90 52
86 22 35
19 47 94
81 17 40
76 89 6
93 19 35
90 33 77
63 67 88
22 13 72
23 84 91
73 81 71
17 97 91
91 2 75
20 51 14
21 82 11
6 84 39
84 17 35
82 28 58
60 86 38
26 41 64
49 57 13
46 4 35
37 6 17
8 49 4
3 49 90
11 32 54
33 15 41
86 91 25
91 46 98
89 1 90
65 67 31
28 59 94
21 41 40
39 55 85
29 51 46
39 71 67
3 10 84
78 5 5
45 30 70
76 19 56
61 21 38
98 59 47
25 12 69
62 30 71
60 93 35
33 71 36
7 25 10
35 46 83
1 58 58
7 36 4
10 47 67
38 5 52
47 72 62
25 85 30
6 30 75
36 75 81
90 26 47
20 67 75
56 54 53
30 71 92
62 54 52
81 46 26
93 40 61
44 51 57
54 98 70
4 38 64
85 18 25
36 41 50
1 15 23
44 5 36
40 34 96
93 56 15
33 73 30
69 59 67
10 61 71
6 46 30
65 12 67
46 63 100
72 7 76
85 42 18
63 74 2
5 38 70
80 34 53
33 94 67
19 41 18
16 82 97
29 99 41
18 90 18
42 76 84
95 76 85
45 38 85
41 72 19
13 49 41
96 63 29
37 74 80
22 90 54
70 43 97
78 92 6
19 72 94
68 57 85
90 9 37
70 43 94
89 47 28
25 11 39
68 15 69
1 55 95
97 4 58
68 41 77
88 5 4
64 31 83
71 5 24
90 94 11
38 14 59
14 12 3
96 4 80
33 47 72
83 74 48
51 84 97
43 22 74
87 43 64
42 2 53
43 95 89
87 84 83
27 41 44
14 57 57
72 37 52
97 91 55
88 6 9
32 91 57
29 6 86
96 41 59
65 81 1
29 30 26
9 36 42
78 96 25
69 63 78
65 43 49
36 44 26
81 74 30
98 50 90
46 29 64
37 94 26
8 47 7
79 99 100
99 73 81
37 48 71
46 4 84
96 85 10
53 82 16
81 23 77
79 83 54
60 8 61
25 90 10
100 51 27
39 30 63
87 71 92
38 41 15
28 21 94
61 25 60
17 2 40
28 60 55
92 27 38
50 71 69
28 9 66
97 20 97
35 78 36
47 93 64
38 33 59
7 35 63
90 7 98
14 11 7
55 57 91
19 20 3
29 94 90
91 45 100
17 32 59
13 57 24
30 74 89
75 56 7
22 66 97
59 21 95
63 33 13
79 62 3
2 7 47
60 13 12
4 36 4
45 46 19
68 32 30
17 28 14
62 88 64
76 75 64
92 95 42
74 9 73
57 10 49
45 43 94
35 51 15
95 62 21
93 65 91
57 87 54
74 8 71
31 78 99
64 30 97
78 22 94
6 73 97
70 3 24
29 46 96
7 64 16
75 87 51
78 33 97
49 21 16
48 63 78
55 73 45
94 13 97
2 44 44
22 63 34
20 42 48
88 7 37
30 81 51
62 30 76
67 6 44
5 10 27
62 49 43
30 4 45
42 55 82
35 68 52
73 40 10
97 36 96
35 7 27
52 99 70
56 90 50
71 76 15
49 80 26
57 3 11
84 18 88
3 82 37
42 90 77
89 50 14
70 76 71
26 22 96
16 94 57
57 37 40
39 55 82
6 85 54
33 71 90
91 81 19
35 27 35
39 21 69
62 75 86
61 86 29
20 42 57
80 64 92
6 1 98
79 60 46
28 84 75
11 29 94
23 36 54
52 38 13
81 75 32
67 15 93
46 87 55
87 57 43
28 3 30
29 60 29
80 74 62
34 18 48
21 67 52
97 63 73
15 67 34
57 1 28
65 35 58
79 81 79
81 50 83
58 92 29
53 37 37
41 30 83
38 71 17
50 91 11
100 3 100
87 78 70
61 38 37
82 66 49
4 15 3
54 20 86
49 71 67
9 27 90
11 12 96
44 95 39
84 20 68
14 99 65
77 31 78
44 80 45
81 75 1
19 19 75
93 69 92
49 57 86
18 51 96
97 73 36
30 76 24
7 87 90
61 65 98
43 28 6
93 64 92
23 68 56
33 55 18
18 48 58
93 90 17
60 85 20
79 70 91
96 81 35
99 77 32
42 5 41
3 83 73
82 14 38
40 86 2
100 82 93
53 72 16
45 77 9
24 22 69
54 98 66
53 38 80
8 99 34
11 95 93
26 92 54
80 18 72
44 50 69
95 27 99
13 68 61
70 99 46
42 19 81
36 3 8
35 67 38
83 69 80
65 93 86
60 7 25
20 37 99
16 42 21
56 59 27
67 20 55
17 69 43
14 83 59
51 22 49
68 79 92
10 81 30
85 4 84
30 79 33
13 64 39
79 29 82
57 60 5
86 12 6
75 97 93
16 5 46
17 28 43
5 19 84
62 87 32
30 9 57
57 1 30
99 40 33
100 77 8
11 71 80
43 1 35
41 91 6
50 44 28
3 48 54
23 36 35
75 83 90
73 97 100
80 35 24
29 13 32
90 27 45
73 7 74
17 90 88
85 12 97
75 84 51
98 62 63
47 15 32
32 19 42
65 27 55
79 38 1
8 37 1
42 28 24
84 99 64
7 47 25
4 14 16
65 25 4
35 35 97
20 76 72
56 67 71
48 52 88
71 49 4
27 78 59
8 87 7
66 96 41
10 94 43
1 94 76
70 1 52
25 25 50
71 87 85
65 7 51
13 93 98
93 44 31
87 45 97
49 45 81
56 9 17
35 58 38
82 16 83
94 75 30
25 19 76
50 62 95
28 98 87
47 51 57
71 98 56
40 58 50
6 80 38
32 64 33
90 19 34
52 61 45
31 36 35
93 69 3
54 81 33
44 78 7
5 56 19
16 55 99
84 49 99
16 53 64
46 19 35
93 42 29
75 64 99
32 100 20
89 61 38
84 54 99
45 93 74
10 22 83
47 35 77
93 25 36
89 6 70
96 4 46
66 50 59
31 42 81
10 47 83
73 82 13
72 34 98
75 38 25
57 56 18
44 20 59
21 90 35
22 69 4
10 30 46
70 97 41
90 63 79
49 81 87
64 60 79
29 47 76
99 86 97
55 14 60
97 12 61
77 52 9
68 75 74
6 91 91
14 20 49
25 3 81
42 77 75
49 55 26
76 29 34
86 95 12
55 25 78
35 32 36
75 15 57
5 99 20
8 16 60
5 64 4
34 75 3
1 100 14
2 45 61
71 36 66
21 92 45
6 7 75
94 16 98
18 16 15
89 2 80
76 35 47
95 40 37
44 64 100
2 62 7
45 15 54
27 73 63
18 4 59
66 1 11
1 30 60
13 33 84
84 15 62
78 95 84
69 95 16
98 11 100
59 6 84
5 95 7
5 37 20
99 79 56
75 65 78
100 67 89
62 47 70
15 25 8
90 25 98
36 93 66
53 72 32
53 93 92
98 51 66
36 77 47
27 56 56
35 60 33
87 17 57
96 12 31
81 34 17
59 11 95
81 70 98
8 49 58
79 28 9
46 54 83
89 2 17
28 98 74
46 52 69
92 24 48
44 90 43
90 67 9
14 11 54
62 86 66
42 64 25
72 88 17
83 24 12
80 70 37
53 97 91
67 17 41
63 36 31
9 72 79
55 62 81
53 64 81
48 12 53
36 39 98
82 98 10
26 91 12
65 12 74
19 44 36
82 27 34
92 53 59
85 3 37
69 60 41
63 63 16
22 89 3
9 89 48
34 53 40
75 98 97
31 8 30
47 81 3
29 36 95
22 17 30
24 72 42
3 76 51
72 90 14
21 80 37
25 97 30
90 97 64
62 41 52
74 70 77
4 63 67
59 36 10
91 44 88
70 63 57
87 66 22
98 98 93
59 61 21
39 9 14
83 23 3
67 3 83
39 60 93
61 54 73
36 57 92
96 96 60
94 90 18
34 67 18
64 75 85
22 57 63
13 27 74
35 68 21
78 90 97
11 81 31
90 68 51
8 69 59
82 2 46
84 92 34
92 27 5
19 43 67
47 37 48
78 22 39
42 80 84
64 90 63
29 72 35
47 38 14
33 92 71
34 34 10
87 39 9
99 35 58
43 60 46
9 92 68
1 74 12
68 57 83
61 23 11
85 53 96
97 53 10
5 61 20
78 5 58
14 25 64
58 17 49
21 41 49
54 52 7
9 13 84
86 64 14
69 97 74
96 90 47
25 66 58
83 81 15
38 30 70
54 98 19
93 76 5
88 96 62
35 63 37
37 55 83
54 2 76
89 96 94
91 74 58
47 12 90
35 67 76
79 99 24
46 90 6
58 53 28
34 31 82
96 31 91
81 73 76
2 20 52
35 23 35
41 15 65
87 18 14
36 63 27
62 77 64
15 63 92
74 36 65
66 66 59
36 13 14
36 50 100
15 13 32
82 63 15
13 46 94
24 93 56
9 37 37
64 72 93
56 17 97
26 84 69
59 8 58
29 19 1
30 90 64
95 80 32
80 87 90
45 61 53
54 46 5
1 12 3
36 24 26
15 32 2
66 62 15
50 87 76
21 75 100
40 87 66
28 36 37
26 98 64
74 23 6
56 3 31
6 36 18
38 39 20
67 8 24
36 91 42
60 86 1
9 59 76
15 71 100
17 31 89
71 46 19
35 84 56
93 44 81
72 36 100
1 59 25
11 32 89
11 33 34
73 15 17
57 67 8
3 42 33
70 93 91
44 93 39
83 65 81
21 72 18
13 77 73
35 86 44
72 81 70
11 76 22
7 79 69
10 42 82
82 2 10
16 70 34
31 46 28
47 45 29
64 69 29
75 89 44
99 16 52
62 22 12
64 7 25
42 17 64
13 60 88
46 11 9
2 14 75
50 88 34
89 2 7
20 74 18
80 39 66
85 87 91
96 25 88
74 96 60
9 88 6
25 47 51
70 98 62
7 89 65
80 64 10
23 76 13
84 13 59
65 30 52
17 45 94
22 42 98
52 36 42
33 40 23
87 47 83
26 39 66
96 18 83
78 80 53
3 11 45
71 26 69
68 34 2
48 35 83
5 31 32
55 87 32
65 18 98
75 41 11
58 97 22
24 12 63
17 89 99
1 77 90
61 2 26
31 63 38
46 66 40
20 47 25
92 93 51
83 73 55
89 58 15
60 89 5
87 19 56
38 53 76
84 84 56
77 88 55
78 23 4
21 4 19
88 80 97
59 56 24
26 58 61
11 34 54
30 18 44
93 5 53
42 35 24
30 56 46
69 64 30
25 28 14
50 78 3
83 37 33
36 31 20
67 45 62
83 94 64
54 60 41
94 52 29
50 91 20
63 84 64
67 7 86
15 4 50
1 67 24
22 44 25
85 85 70
59 30 28
45 18 57
12 58 33
60 47 39
1 28 92
14 70 42
47 41 1
73 47 91
17 49 10
98 26 70
71 22 32
32 13 84
48 42 65
38 60 19
75 46 4
25 91 90
18 32 21
96 77 32
36 33 48
54 7 75
39 57 52
24 26 90
72 21 21
18 51 79
100 56 81
34 97 23
59 68 46
31 13 92
94 74 44
18 29 48
96 76 49
59 19 20
63 71 27
76 63 15
93 69 56
16 26 73
13 42 46
43 29 31
21 31 74
32 31 87
8 44 59
50 36 77
22 37 20
56 61 78
99 100 56
59 16 47
43 24 6
92 68 20
73 75 85
7 79 45
51 67 53
23 14 5
70 68 46
47 57 71
59 38 46
14 33 85
96 55 38
66 81 96
28 19 29
72 5 96
31 2 2
93 36 30
28 84 25
54 19 94
73 86 43
9 43 80
38 81 76
64 88 59
26 24 60
22 31 94
15 91 63
67 66 29
35 83 22
76 96 66
87 87 19
65 83 72
59 52 84
71 1 11
11 70 7
59 54 50
67 29 46
79 41 56
46 68 91
98 22 33
100 62 59
39 9 2
100 27 85
86 50 31
67 33 21
36 74 74
73 10 52
16 39 61
13 94 43
82 53 57
85 49 67
34 32 80
56 19 95
29 86 16
67 77 50
62 79 12
89 47 1
83 47 73
79 44 93
16 99 20
93 90 13
84 73 16
8 17 26
79 41 10
26 4 24
29 72 43
31 82 58
59 52 100
54 37 33
45 100 69
76 63 65
60 2 100
79 67 60
8 32 13
82 10 41
98 98 57
83 79 76
58 23 42
74 53 1
73 76 85
61 75 97
40 92 63
56 79 44
65 74 10
34 6 57
71 97 88
72 87 75
36 79 18
49 89 35
39 37 91
33 10 72
57 7 7
54 81 59
51 2 83
11 66 54
100 77 81
45 73 79
86 11 49
36 99 95
28 59 93
65 58 97
10 9 83
1 80 92
27 74 4
93 62 100
46 52 62
12 54 31
21 54 44
18 2 5
39 28 21
58 89 65
2 74 98
74 18 59
10 21 5
3 74 86
33 25 60
13 4 77
65 10 8
18 8 20
91 73 12
90 43 56
40 61 51
27 32 36
82 75 35
57 28 40
13 4 83
88 100 63
52 6 4
96 43 29
36 86 40
91 93 73
85 28 45
19 90 43
1 32 79
56 65 76
43 65 16
42 78 95
65 69 79
6 1 59
3 55 28
97 74 52
86 67 91
27 75 84
27 74 29
92 38 47
62 17 2
81 8 45
76 28 42
91 10 99
98 19 88
97 5 84
20 29 39
48 62 50
60 19 90
58 53 45
33 13 88
58 14 69
49 43 10
52 92 44
8 50 37
70 44 58
63 96 47
29 48 18
22 47 54
4 14 68
65 16 47
14 4 51
35 3 31
40 60 84
23 43 85
82 67 60
55 1 78
32 14 20
79 26 89
14 9 86
68 19 36
54 91 64
80 65 31
21 42 6
72 86 57
72 2 52
16 13 69
34 47 62
80 85 10
65 8 28
70 97 94
66 35 88
65 29 85
3 76 50
21 17 84
1 18 55
24 79 66
77 97 69
71 87 25
78 24 58
97 67 57
51 70 39
72 84 90
51 97 8
25 2 12
70 12 30
27 14 87
27 91 51
90 23 100
32 58 78
1 1 54
72 30 86
70 17 96
57 98 1
2 19 48
11 52 19
97 25 96
67 24 1
81 93 12
56 44 30
99 20 100
15 26 69
50 17 6
46 46 15
95 3 12
30 78 91
4 85 27
67 60 8
100 44 88
3 32 88
85 32 37
100 35 21
64 43 16
22 17 67
40 74 8
32 100 78
59 32 74
59 70 78
63 8 85
81 81 42
60 84 77
76 44 33
43 96 71
57 18 86
66 53 4
43 91 93
74 57 81
66 56 70
89 95 18
39 58 71
43 59 28
58 17 66
37 19 78
73 50 63
14 91 95
53 94 27
39 12 10
93 8 9
34 25 63
18 14 41
55 23 21
14 67 58
70 45 24
72 92 21
97 55 16
11 5 95
3 74 25
11 87 76
14 6 14
89 38 12
90 8 12
50 1 11
43 14 86
58 31 76
43 54 39
30 40 76
64 13 37
34 92 98
2 49 90
96 8 58
63 40 33
60 96 56
85 32 74
24 57 67
98 44 58
91 12 36
32 11 91
44 19 28
73 65 62
51 58 76
47 98 84
79 1 70
9 76 86
19 83 44
84 22 91
6 86 61
97 53 65
50 15 36
68 80 98
87 31 29
90 18 45
80 58 68
46 36 53
15 94 19
22 4 100
35 65 76
28 77 25
76 69 69
5 26 30
55 23 28
48 16 53
28 97 72
90 31 77
40 47 44
74 89 9
44 79 16
59 13 88
4 95 67
8 35 63
18 22 43
76 38 3
3 72 63
28 78 3
3 86 67
92 34 51
60 72 94
14 93 36
78 86 26
27 18 16
61 84 46
42 71 89
71 86 24
91 16 18
81 30 18
61 86 37
53 18 92
64 81 19
32 88 19
99 90 99
27 90 7
26 81 47
96 24 47
2 84 74
57 82 85
84 75 12
26 29 3
80 40 13
80 9 41
3 91 95
89 49 36
14 83 6
42 54 63
64 64 64
44 12 40
65 81 13
21 31 18
26 58 13
26 5 26
11 92 43
42 36 19
29 70 4
16 17 87
89 33 34
54 76 31
70 25 35
78 17 5
2 10 15
54 27 63
76 39 88
100 13 41
88 71 19
26 12 88
15 74 48
35 18 28
44 35 23
21 50 12
92 42 24
54 54 11
50 37 58
63 24 22
82 61 92
90 14 70
47 38 9
2 55 2
8 2 97
23 59 65
16 25 66
69 79 36
58 45 80
12 15 21
2 52 76
60 56 63
16 27 68
7 28 62
4 95 18
82 23 16
84 60 58
14 32 54
22 83 10
42 60 49
66 43 48
39 64 51
30 17 11
5 55 90
27 86 7
93 100 44
94 81 52
93 1 22
20 3 40
15 64 2
72 23 19
18 41 2
10 100 21
100 88 64
25 31 7
24 97 1
58 20 8
24 81 29
51 61 58
37 19 88
46 10 47
28 21 24
30 79 53
46 97 5
100 79 64
68 54 21
44 37 60
8 74 96
44 63 81
49 73 8
1 46 76
66 6 92
16 95 68
12 44 64
80 65 66
59 77 97
41 3 53
77 9 88
57 86 16
8 87 15
50 21 96
14 30 82
29 21 88
95 97 43
7 29 67
42 74 50
80 40 95
42 16 5
66 75 58
49 31 52
63 35 75
26 8 58
28 48 22
61 86 36
98 41 36
40 94 88
21 54 85
4 74 25
40 99 75
12 15 45
17 99 84
13 72 100
53 58 88
67 18 81
78 90 11
62 95 31
6 61 90
4 54 20
4 42 34
34 87 23
51 63 92
32 26 12
16 56 51
51 34 80
15 72 75
81 54 20
34 61 89
32 11 95
99 44 14
64 67 82
37 2 88
28 51 82
56 72 53
24 10 51
80 62 66
68 90 100
29 60 6
97 95 48
69 41 62
45 15 30
76 29 52
27 36 81
70 57 99
38 9 34
33 90 48
46 91 16
83 56 38
44 29 60
34 15 7
55 74 85
19 19 24
71 75 31
42 86 43
6 83 88
18 86 22
93 17 23
2 53 21
66 100 33
89 27 10
90 46 70
100 56 26
40 2 68
18 17 48
79 43 9
7 57 65
37 36 45
30 57 71
42 18 80
9 19 37
14 53 23
30 37 78
85 73 10
24 7 65
76 69 10
23 85 71
31 1 5
94 93 82
71 54 40
66 41 91
11 12 77
33 91 96
92 27 53
38 68 78
91 50 2
66 17 16
7 2 77
72 41 42
77 15 39
79 41 93
72 8 15
8 70 94
66 18 36
45 76 94
83 74 10
31 79 62
84 97 25
61 70 42
59 27 69
72 45 22
58 10 2
40 19 33
7 47 66
90 42 95
90 99 61
71 98 26
50 11 73
74 60 75
84 16 35
87 93 31
7 57 53
1 91 50
56 6 26
82 65 68
60 81 52
59 71 19
51 65 65
3 99 39
45 56 25
81 22 79
62 57 55
78 36 47
71 44 85
62 41 96
31 91 5
99 63 14
31 50 75
51 14 72
59 36 22
49 38 9
19 41 5
69 83 33
83 79 31
5 86 99
4 81 25
38 82 8
95 41 12
68 20 75
27 89 95
58 38 100
2 7 90
6 8 66
16 65 3
32 6 29
71 72 23
81 29 13
16 89 20
1 64 76
25 59 16
49 1 37
51 61 56
47 4 48
27 22 25
62 62 84
29 20 30
91 71 75
32 71 85
89 83 72
67 38 41
6 27 17
91 49 13
41 27 72
42 86 75
29 65 72
96 15 69
32 42 47
75 85 33
68 79 29
87 64 63
3 57 74
17 39 74
11 72 41
64 69 12
86 45 25
23 16 35
24 22 45
30 30 51
77 78 10
20 83 78
14 9 67
23 22 66
20 5 96
99 69 95
93 97 5
5 41 48
53 93 42
92 37 79
65 35 71
43 26 91
49 19 59
15 14 12
47 22 30
53 96 69
58 3 70
9 18 93
52 56 88
23 66 47
12 85 57
47 21 72
31 44 72
23 46 97
88 30 94
15 68 39
93 66 35
85 1 92
70 39 22
22 45 34
68 63 34
69 67 2
7 96 36
38 91 37
48 63 16
85 25 88
79 89 47
78 55 97
94 48 6
89 49 60
93 3 58
32 28 64
96 81 16
27 15 95
58 93 55
26 8 9
9 64 10
26 99 22
59 28 15
70 97 70
73 53 4
25 30 19
42 78 71
46 62 83
52 65 52
84 31 81
77 91 91
4 1 80
37 27 8
68 33 14
29 97 76
83 53 23
65 61 12
96 9 97
38 59 98
63 59 52
46 45 89
97 5 15
25 79 66
79 64 59
68 100 70
4 2 67
8 5 46
4 57 85
38 53 12
11 87 92
71 60 31
52 14 18
60 59 59
73 14 74
68 9 82
34 100 62
47 44 33
20 69 31
20 17 1
26 57 66
93 42 100
85 78 12
72 76 21
23 36 62
44 54 60
69 2 75
62 9 23
79 42 31
71 18 21
63 98 56
15 95 37
94 88 63
75 75 12
71 11 99
97 90 88
42 90 90
1 85 27
1 100 10
83 29 36
59 6 52
12 18 4
2 2 1
38 10 63
26 42 100
10 97 44
50 51 74
7 58 53
47 24 94
47 90 97
39 9 12
86 37 28
15 93 84
59 4 46
86 10 90
99 3 41
45 43 90
75 67 82
63 7 89
93 14 2
24 16 18
51 56 63
34 60 20
7 55 31
28 44 84
14 43 98
5 99 46
4 91 78
63 90 4
50 99 58
40 100 4
9 19 24
55 40 29
50 82 9
45 89 19
47 31 59
87 49 76
53 74 90
9 33 62
95 70 63
100 28 65
34 36 61
73 57 38
6 6 54
81 29 4
59 97 40
33 54 51
48 6 23
49 68 62
28 94 60
63 99 31
94 88 3
70 7 12
68 96 38
80 56 98
44 18 85
94 100 87
18 20 15
64 99 76
62 92 38
46 88 59
55 57 4
26 53 38
72 4 12
47 87 39
23 7 79
9 77 37
56 94 39
62 4 12
23 19 11
59 12 88
29 3 27
93 78 19
54 70 77
70 58 16
96 10 42
16 72 89
73 27 91
13 64 47
82 31 6
88 51 20
6 84 78
30 9 66
61 76 92
25 99 76
33 92 23
95 22 78
91 57 47
42 61 64
78 71 48
66 68 47
100 6 36
33 8 50
72 84 70
84 59 64
90 95 7
50 37 85
8 39 66
21 4 44
49 27 29
92 66 67
45 20 38
57 69 18
2 55 16
41 29 16
92 87 29
68 61 100
60 36 99
58 27 65
66 16 26
46 71 44
7 87 71
15 24 41
92 19 25
39 96 29
59 78 97
93 66 1
74 19 46
67 32 74
78 1 86
12 37 7
13 29 51
88 70 42
30 25 41
9 95 64
23 79 69
52 96 98
26 57 88
90 15 60
46 93 1
12 7 94
22 36 99
47 18 31
9 19 96
22 74 96
64 85 90
24 33 93
86 53 69
56 55 80
49 84 3
81 34 12
4 53 62
98 24 39
81 26 40
4 74 49
90 35 65
20 13 52
6 11 28
94 39 30
56 96 60
86 70 86
100 64 19
11 36 31
66 61 34
22 82 5
76 56 31
51 64 92
52 32 95
73 2 96
58 95 85
31 81 50
87 9 60
55 56 80
26 4 47
47 22 18
16 56 7
73 18 79
17 24 5
39 83 50
58 31 18
12 18 72
72 58 94
63 91 17
96 22 55
36 29 27
27 63 66
76 15 49
51 66 71
65 68 39
85 22 51
20 39 79
72 85 71
33 20 5
51 90 43
32 40 11
74 66 69
71 60 24
37 97 80
43 49 30
78 61 5
41 43 15
24 76 6
38 49 89
70 99 22
63 15 65
29 10 16
19 80 58
1 53 88
63 6 1
68 26 33
3 68 33
57 54 72
75 61 85
16 68 75
27 98 28
17 92 35
15 13 87
4 73 56
91 74 65
12 71 97
36 100 6
34 81 83
64 71 22
20 74 28
32 56 59
50 14 35
34 6 69
56 60 87
59 32 82
98 25 39
4 45 85
18 67 66
61 83 96
64 2 83
85 84 38
85 40 7
4 56 69
77 88 36
61 52 81
9 4 32
99 70 88
51 64 34
66 30 39
99 33 39
39 14 87
4 52 81
3 74 71
2 63 54
27 77 29
65 63 65
27 17 67
14 14 77
90 42 12
56 91 51
18 42 56
18 10 82
84 81 36
86 35 55
57 40 49
22 18 58
80 78 70
89 56 66
79 47 39
56 9 93
93 39 15
9 91 86
32 28 75
84 70 41
80 72 65
37 76 35
14 22 79
16 76 89
18 23 6
54 16 89
74 16 65
32 39 52
93 65 37
60 63 41
52 68 99
81 44 2
65 15 82
13 43 76
65 96 87
2 59 36
96 96 27
85 24 4
93 19 56
1 47 80
62 34 99
48 50 99
7 83 50
10 74 18
17 35 13
28 47 97
39 56 65
94 48 37
34 32 4
51 90 96
81 68 86
60 41 59
37 17 84
35 10 67
14 40 50
51 17 63
29 49 95
43 42 67
24 87 81
31 30 99
13 60 66
19 88 95
23 41 51
92 83 67
78 3 44
85 79 36
39 59 86
92 24 38
59 89 26
14 91 91
20 48 94
11 86 50
46 51 26
60 22 34
63 54 99
39 54 18
47 79 96
27 93 31
56 76 56
33 71 46
32 96 46
85 9 12
3 70 97
15 79 42
70 76 42
82 67 91
73 1 8
11 40 36
83 86 24
31 55 88
79 17 58
49 88 50
53 25 90
96 60 49
10 26 82
37 94 12
36 52 7
83 62 16
38 14 25
68 40 57
34 54 73
50 59 32
88 9 76
72 41 75
60 28 11
33 22 12
75 11 8
7 13 37
15 86 41
65 83 28
28 27 5
13 46 45
62 73 39
73 92 51
3 14 67
45 88 85
35 80 19
55 22 74
19 42 11
62 25 42
61 25 21
60 81 51
55 10 9
38 61 97
55 53 79
42 66 85
47 52 33
29 2 13
41 99 55
59 80 70
53 36 41
94 47 100
2 43 91
52 52 14
14 10 100
34 4 99
77 73 16
5 83 65
75 80 12
29 75 65
43 27 14
67 27 20
2 67 3
58 15 75
56 57 55
32 56 98
15 27 99
52 4 18
75 34 52
100 79 36
62 24 26
49 38 70
7 3 24
30 40 19
3 53 6
22 49 77
100 35 38
1 51 92
42 24 22
6 46 78
77 52 82
22 99 46
90 4 1
71 6 86
86 26 15
48 22 96
57 8 35
81 41 64
13 34 96
91 73 23
81 30 15
62 77 99
90 56 46
60 76 24
91 96 15
54 71 12
72 94 2
11 61 96
63 52 29
84 4 75
41 18 14
60 38 2
95 69 1
19 93 94
26 75 70
53 81 48
13 95 6
50 47 72
73 28 52
14 39 86
60 13 81
66 53 63
96 63 44
18 53 7
63 8 53
46 5 36
41 30 57
35 73 36
92 83 98
76 39 60
23 22 93
88 45 74
41 63 52
81 83 40
16 22 71
22 84 22
23 83 35
22 43 80
46 25 93
51 34 4
13 65 100
71 5 48
48 98 69
32 88 78
81 2 56
13 29 51
97 20 17
90 86 88
5 25 89
22 13 15
26 13 94
28 97 95
35 67 22
39 15 52
17 77 40
83 98 24
58 88 56
54 63 99
29 28 62
14 89 18
63 93 35
65 18 17
53 22 81
15 81 67
10 35 51
87 57 2
94 7 20
3 20 61
2 59 86
25 27 56
89 54 51
67 12 78
100 64 28
18 83 17
28 56 98
1 29 15
50 28 66
80 90 23
78 21 23
58 64 69
29 89 51
33 58 43
37 46 39
8 5 81
67 10 5
68 25 67
90 90 5
35 52 22
6 85 67
100 12 91
83 75 35
12 28 41
17 7 61
82 13 91
3 58 14
72 34 29
48 65 50
1 23 88
61 57 52
48 59 91
49 37 45
63 7 26
95 97 1
88 96 27
2 85 86
72 93 3
20 34 96
81 79 47
76 3 11
66 41 98
2 62 95
25 62 90
49 5 75
25 76 61
68 50 67
42 3 94
1 28 48
71 8 37
55 2 29
56 4 19
14 66 91
3 43 80
42 78 2
34 14 23
39 79 33
4 99 29
55 27 26
45 24 28
54 86 89
11 25 63
1 11 1
69 11 17
47 72 22
32 3 34
84 16 99
41 42 53
13 48 77
98 95 57
37 72 86
85 20 82
100 74 83
92 87 96
51 51 27
93 44 64
17 47 79
100 85 11
51 52 95
13 32 32
2 78 36
68 14 54
39 82 47
48 30 22
64 40 48
42 54 5
36 63 57
69 14 68
36 58 25
2 67 12
77 99 3
63 61 84
59 13 28
9 60 41
33 14 4
92 15 71
23 90 91
20 90 33
59 21 53
30 9 52
19 2 95
36 94 94
19 52 22
81 53 41
44 75 16
30 80 22
16 97 98
70 72 35
56 64 35
52 83 84
40 79 96
59 67 17
15 85 36
14 90 1
73 84 35
11 58 95
85 48 48
69 58 60
48 35 34
18 86 13
88 30 6
64 40 68
50 20 99
32 20 60
38 33 7
93 41 45
90 2 41
38 89 20
30 8 63
17 60 28
24 69 93
86 82 68
18 4 44
69 63 98
5 66 10
40 52 96
57 17 86
56 75 41
25 78 21
50 88 34
17 13 98
13 64 91
61 28 88
59 28 27
47 64 80
15 74 94
18 61 57
92 37 68
74 58 58
64 97 100
63 79 81
42 84 48
93 8 96
44 58 29
57 5 86
73 93 18
51 38 92
25 5 3
15 51 1
60 78 33
59 91 15
15 74 23
82 12 24
60 22 11
42 91 74
81 25 40
94 63 65
95 24 50
71 46 70
53 54 74
60 90 73
11 56 41
45 86 56
91 76 37
64 35 53
73 64 57
40 15 3
54 54 18
37 7 75
25 31 49
4 7 50
52 35 69
87 22 85
28 11 56
68 80 91
42 65 53
19 97 17
67 9 6
18 70 94
15 83 99
95 83 69
21 77 11
95 67 38
81 59 59
41 70 53
87 9 27
91 20 22
94 3 95
73 15 13
60 78 6
41 54 58
100 59 24
78 88 46
58 27 56
68 13 97
46 2 45
24 46 11
7 17 84
30 86 5
68 58 85
57 58 44
9 25 45
90 68 62
24 13 15
14 52 26
52 88 46
35 68 53
9 88 96
53 15 35
71 17 51
62 84 98
86 46 38
8 93 91
49 91 93
69 33 70
38 78 61
92 95 13
77 38 49
17 96 89
39 68 56
94 57 60
81 78 66
83 20 51
15 22 72
17 20 60
10 96 23
35 56 89
91 35 18
75 2 96
74 13 97
61 4 2
78 3 59
95 24 1
33 38 93
16 77 12
97 26 65
16 31 9
39 16 72
32 29 68
24 32 3
16 29 24
2 82 93
26 100 35
8 51 20
54 19 99
72 99 7
57 8 3
58 83 3
51 50 75
71 94 88
25 63 92
89 46 64
87 40 61
32 65 82
42 71 76
35 75 98
25 41 98
31 12 40
76 78 89
87 87 33
55 18 68
59 75 98
78 21 56
67 99 24
80 70 88
51 62 20
49 46 79
9 77 17
6 88 73
58 29 79
19 22 69
66 51 40
15 65 75
38 36 80
16 42 77
2 57 95
48 96 39
95 62 64
13 93 74
36 52 77
14 97 50
57 23 15
64 45 20
4 37 87
53 64 68
88 37 39
84 53 31
54 35 72
80 73 44
88 70 7
23 93 99
94 77 22
35 39 42
91 37 95
86 57 87
76 84 70
40 36 92
39 67 95
57 91 7
35 67 38
15 47 8
92 85 19
74 72 78
46 61 82
50 37 90
33 3 86
27 87 18
39 11 60
39 48 84
50 77 12
95 98 53
39 32 100
25 21 97
21 10 37
37 90 3
52 83 66
80 8 36
42 19 4
53 90 44
75 17 9
54 38 73
33 65 42
89 81 13
36 6 34
78 76 95
27 6 94
15 82 11
59 16 91
58 29 4
25 74 6
3 32 18
51 93 14
15 66 9
50 42 77
37 81 47
97 4 40
6 43 44
18 70 61
86 92 66
10 60 88
52 21 73
100 58 84
91 100 84
25 9 64
38 99 5
38 14 100
74 31 62
16 88 88
89 51 45
54 54 42
16 77 10
95 92 22
75 18 31
36 100 83
36 3 53
75 62 74
73 76 42
5 83 96
5 11 25
24 1 5
19 100 36
37 83 13
38 32 53
30 69 94
30 68 14
31 52 84
61 46 74
98 47 71
90 37 86
90 76 98
84 34 29
57 30 71
96 39 4
57 50 84
37 25 43
29 81 87
35 48 2
79 69 46
80 30 62
78 25 80
76 80 57
39 49 1
72 69 16
95 8 75
23 5 94
85 73 28
34 55 61
9 85 13
64 80 14
94 7 84
61 97 6
66 82 81
54 22 70
58 19 98
2 35 37
84 68 26
59 94 50
17 61 88
55 43 81
3 8 48
81 77 86
97 10 10
50 67 22
83 49 9
19 9 9
50 32 95
23 56 50
12 34 22
43 48 83
10 99 80
64 77 84
37 80 95
27 2 96
88 45 72
68 78 89
57 99 57
57 86 46
24 91 38
66 5 83
94 9 80
93 22 96
12 64 53
90 27 25
12 82 19
35 67 72
50 20 92
74 20 59
18 72 54
60 76 17
56 71 10
55 92 87
68 28 83
50 87 43
21 76 86
65 44 97
22 31 14
21 31 53
76 33 47
61 19 61
20 88 97
61 33 84
52 35 64
5 37 28
21 97 46
56 45 62
71 25 70
97 19 65
68 35 65
63 11 36
33 85 45
77 32 6
37 4 75
27 73 46
20 54 30
9 19 4
80 39 13
19 90 43
61 37 4
17 85 87
26 66 65
60 42 44
70 56 70
42 20 80
64 75 18
8 85 21
34 88 85
48 32 87
93 39 98
34 86 19
39 5 72
83 32 93
35 49 35
27 19 11
91 19 17
30 68 88
4 64 24
65 9 26
92 54 80
9 11 19
57 22 100
87 67 7
97 29 88
20 32 27
52 17 71
99 6 29
90 54 80
13 93 64
28 88 47
2 51 65
35 55 38
32 48 64
71 31 43
96 48 9
73 22 45
30 60 65
73 36 91
71 19 57
81 17 92
23 42 96
54 68 99
27 78 39
8 98 7
95 85 34
50 72 93
78 48 62
44 49 53
3 78 74
90 43 38
27 75 7
4 6 56
47 44 43
15 57 31
89 50 36
21 7 51
4 31 83
73 56 52
62 4 9
58 99 6
10 98 45
48 4 7
13 56 22
89 6 73
95 12 90
5 4 7
72 38 23
50 2 57
92 47 13
46 12 72
96 78 24
47 2 22
56 59 43
96 86 95
71 16 97
11 43 96
54 57 73
92 86 81
93 60 78
15 71 28
85 94 14
92 43 2
4 3 16
34 25 94
34 45 19
71 57 25
47 4 9
59 85 18
48 41 93
3 7 4
58 89 77
63 92 24
63 57 66
83 13 95
32 39 55
16 22 65
75 73 70
41 52 56
3 87 83
49 11 41
34 78 49
89 27 94
1 44 83
17 27 91
34 19 73
41 39 99
78 92 22
80 10 12
72 20 7
92 49 15
44 17 36
80 3 71
96 30 92
64 20 54
73 67 20
33 19 63
13 23 67
99 19 9
2 6 37
92 22 4
46 90 58
23 12 62
10 54 86
72 32 94
3 66 38
60 28 94
64 67 31
18 20 75
63 4 78
99 7 39
45 80 66
67 96 24
45 9 88
8 95 72
11 81 40
95 36 60
61 99 94
42 12 45
15 92 87
38 31 62
4 35 10
37 93 58
37 79 91
23 85 74
14 20 27
66 18 80
25 48 78
67 81 59
57 99 81
79 4 84
75 97 79
64 17 21
68 49 3
40 91 5
82 3 6
10 51 31
3 59 80
24 17 58
14 26 45
17 7 84
56 17 60
13 60 48
40 8 1
91 50 41
80 54 63
21 79 6
24 30 75
46 18 87
21 34 65
29 65 97
16 40 15
88 11 25
92 21 15
11 44 40
26 26 80
28 15 3
61 21 63
75 33 81
41 92 34
17 84 76
86 14 3
17 8 41
7 37 43
44 15 27
1 53 34
93 20 83
39 46 96
84 5 59
87 21 88
9 99 76
49 4 62
44 16 47
78 86 64
59 71 73
60 49 76
97 76 37
98 80 60
18 58 36
76 83 84
87 76 21
80 82 8
75 29 66
84 59 48
5 55 78
98 80 45
39 86 85
12 16 98
34 73 10
9 60 35
74 28 100
66 38 86
20 42 25
6 39 36
100 73 72
53 99 17
85 7 28
68 48 86
86 99 64
31 83 49
37 7 48
50 32 66
9 76 54
16 23 39
55 65 3
47 80 22
68 91 70
27 9 38
64 71 49
65 94 90
39 93 23
45 17 2
75 15 60
94 5 31
88 71 63
51 53 1
42 33 3
43 34 8
77 77 75
64 5 11
59 3 61
46 92 78
74 43 51
3 66 86
63 38 65
90 53 93
7 73 38
30 29 86
98 20 31
24 45 86
59 37 14
79 94 43
52 26 97
54 25 68
28 18 86
22 38 40
45 70 50
51 59 96
15 36 30
51 85 93
68 85 38
48 38 42
80 52 14
54 82 92
75 40 69
35 22 61
37 75 65
13 28 91
72 1 85
89 47 75
35 11 37
69 33 54
81 56 55
39 90 43
52 61 90
13 53 11
24 23 43
73 57 79
9 94 50
48 66 79
61 100 86
16 31 49
95 37 70
46 41 59
35 72 13
34 76 97
79 94 23
55 35 22
79 45 41
57 13 46
86 96 74
79 33 12
91 90 41
79 39 2
10 72 95
79 86 45
12 45 82
4 15 6
8 50 75
17 65 63
93 75 27
9 28 11
78 42 30
59 23 4
16 42 46
85 51 38
40 32 90
48 39 53
75 12 80
59 21 95
65 4 19
93 77 8
87 70 36
35 60 54
79 67 33
85 44 23
36 98 38
28 4 25
56 43 76
14 50 95
16 1 25
67 85 5
50 36 92
16 77 93
10 16 4
15 45 89
18 30 59
64 79 11
21 82 78
15 89 28
65 60 69
82 93 44
45 84 30
3 5 56
9 2 98
39 10 47
33 21 53
20 32 57
91 60 38
53 81 100
49 73 52
34 49 50
93 93 43
59 56 13
3 15 96
29 94 38
35 10 58
41 20 22
60 71 21
17 66 75
37 44 34
81 59 25
53 32 89
9 44 80
55 13 63
56 81 21
46 10 1
60 63 1
59 49 24
36 14 94
94 69 93
13 65 93
5 91 50
24 82 1
81 40 16
57 37 10
23 14 56
63 7 99
59 54 8
71 40 27
33 100 75
18 11 15
7 39 21
31 38 76
45 95 21
82 36 83
45 6 46
38 87 46
15 67 50
2 2 57
36 9 50
42 36 25
38 62 39
44 33 64
47 36 100
93 66 46
53 82 80
78 56 85
8 4 92
31 87 15
28 79 2
7 26 40
58 13 86
63 77 92
17 63 48
32 49 52
26 82 91
20 1 36
86 27 55
20 24 70
98 37 73
76 11 31
19 92 32
89 10 37
44 83 86
46 43 48
90 23 47
21 30 13
26 67 37
57 93 55
18 69 68
8 35 19
12 33 33
58 72 30
4 63 91
72 33 44
89 51 38
61 75 23
81 14 40
81 20 63
13 45 96
30 1 61
52 32 7
6 58 85
85 45 11
76 41 47
22 72 24
29 91 80
43 19 3
79 67 79
38 15 73
46 34 87
64 16 25
54 35 53
87 53 97
54 55 95
41 81 58
40 60 95
90 56 72
54 2 31
46 33 74
99 33 10
87 61 17
63 8 4
23 43 99
39 15 37
28 35 93
29 66 94
10 80 19
12 94 12
99 46 48
13 67 33
87 10 90
45 99 45
88 46 41
30 4 61
11 1 74
85 24 28
86 85 75
97 81 94
37 11 30
14 89 36
59 6 63
24 8 23
19 27 32
23 6 67
57 78 53
83 10 54
15 37 48
60 47 71
60 7 51
96 28 39
48 40 87
88 59 32
77 2 72
24 91 73
42 77 10
45 32 12
7 6 79
94 98 4
80 25 19
90 87 68
96 61 28
64 72 17
3 36 80
64 12 6
98 77 81
8 98 5
51 28 48
38 57 90
79 90 36
89 14 18
90 4 42
52 56 77
23 25 6
16 85 50
79 5 84
52 2 48
29 80 52
88 28 21
63 75 85
61 70 9
17 97 40
79 89 97
39 60 81
24 9 89
75 59 80
98 9 68
67 41 75
50 97 62
78 63 45
50 93 75
27 31 48
71 4 90
60 63 95
82 13 65
97 6 48
7 89 94
98 57 72
20 47 10
47 16 35
94 29 62
48 93 94
96 9 64
41 97 49
4 1 61
93 21 99
71 89 20
15 88 62
14 64 89
40 36 32
60 90 91
85 11 60
52 52 30
50 44 27
87 23 77
50 88 54
79 44 39
13 70 50
31 83 20
67 61 47
19 20 95
25 86 34
4 85 76
33 58 96
6 21 85
38 97 44
10 16 53
42 35 27
84 76 12
67 38 91
7 60 73
63 83 51
7 58 89
95 60 34
15 45 11
96 3 71
92 1 4
57 85 62
7 89 19
90 1 27
64 89 66
28 5 8
48 81 57
93 38 14
5 32 46
25 36 17
91 6 60
41 41 49
57 25 53
57 3 47
21 13 63
68 32 92
20 74 83
87 40 67
61 98 21
62 48 33
53 18 36
14 76 9
94 68 23
89 31 29
45 63 55
85 93 53
11 61 81
58 21 93
2 46 28
22 62 11
29 30 56
83 39 24
54 17 20
50 29 20
73 4 82
81 12 77
47 20 45
22 50 81
55 27 6
24 49 93
95 39 46
14 67 80
36 91 34
45 17 15
16 51 14
43 91 59
32 33 80
95 61 65
32 7 99
49 71 98
27 88 59
35 30 28
9 71 81
17 45 94
46 46 6
29 14 60
100 23 66
12 60 83
88 17 49
8 72 30
42 51 83
33 93 80
37 54 43
2 86 10
75 32 96
6 92 14
75 24 60
37 14 40
79 66 39
52 58 73
52 75 43
64 86 87
28 100 43
86 13 41
14 48 97
11 5 58
47 81 48
19 85 12
84 16 40
69 31 69
43 10 42
36 80 92
100 45 42
16 6 23
10 95 29
3 23 73
50 15 95
32 44 82
97 41 1
71 54 72
56 20 17
45 63 57
20 17 55
89 47 81
79 43 70
19 80 81
38 42 19
9 20 8
94 23 58
2 11 30
66 12 10
80 34 36
94 88 61
6 14 33
75 97 74
1 78 68
47 49 20
56 23 29
39 51 61
4 73 46
96 19 97
74 15 100
56 44 50
2 64 18
67 38 20
61 39 88
55 53 86
81 100 78
3 93 70
83 48 44
11 29 91
41 34 98
84 25 29
88 32 20
3 79 83
99 92 18
86 77 77
63 27 42
98 39 90
42 75 55
88 23 60
66 22 79
8 7 11
38 10 73
11 75 66
72 11 60
90 21 92
34 8 56
63 38 21
97 47 1
41 22 75
79 21 27
80 14 70
60 48 70
7 49 42
71 96 23
58 63 93
20 15 96
56 81 86
33 68 74
58 25 4
40 11 22
72 46 95
87 67 94
57 22 20
65 82 98
57 67 38
1 46 11
25 78 78
32 94 67
98 19 15
53 79 32
100 14 40
44 47 100
83 85 27
66 43 5
45 74 10
89 13 18
58 65 21
30 45 48
12 40 100
59 4 91
93 86 30
30 19 13
10 44 62
19 28 89
81 67 65
29 41 70
30 49 12
30 80 13
74 97 9
50 79 43
17 11 74
1 36 9
33 76 41
50 67 68
55 99 58
70 77 100
1 41 47
28 99 34
21 16 41
27 21 25
39 92 30
4 97 94
28 64 26
14 62 28
7 81 97
18 17 27
35 11 71
23 53 49
2 32 96
10 79 44
89 65 6
86 30 94
95 89 77
70 2 34
45 74 57
58 79 99
48 11 92
31 62 28
82 68 64
56 8 96
49 54 53
66 57 47
65 23 20
29 100 23
47 45 7
64 2 54
77 78 63
72 93 14
59 97 36
54 67 1
38 59 85
36 10 61
88 96 14
65 8 98
82 31 1
72 71 50
20 71 35
27 67 86
63 11 79
36 11 21
30 65 51
41 89 16
92 28 83
8 25 35
22 86 16
19 18 92
18 46 90
28 50 87
85 90 100
81 77 16
40 48 46
10 84 30
67 25 50
87 96 56
47 62 69
65 15 47
25 84 48
52 69 44
28 72 36
30 26 92
20 75 79
65 91 13
44 38 97
94 54 80
61 31 85
10 31 91
33 25 99
31 41 90
64 10 76
67 50 93
56 28 41
62 25 21
10 79 94
67 88 46
69 79 4
89 81 43
80 62 34
85 93 28
97 29 12
8 10 49
5 91 39
31 50 16
11 43 10
72 18 11
22 84 97
3 20 24
92 97 75
97 65 97
13 96 97
21 96 6
88 75 45
74 56 37
25 87 37
5 80 9
43 21 28
12 1 87
100 79 58
78 2 83
98 5 100
79 70 25
17 98 45
49 69 94
31 38 16
38 95 65
84 83 28
89 38 63
36 79 94
17 29 62
4 10 30
9 91 95
77 58 56
78 23 84
68 58 49
50 84 76
11 88 86
36 30 98
86 55 63
74 94 25
37 99 10
41 43 54
90 47 98
5 39 100
7 55 35
4 83 94
99 4 82
29 30 58
70 27 52
82 16 35
23 77 80
98 23 37
81 37 38
63 69 94
45 2 37
37 26 9
61 88 68
26 60 14
20 29 13
9 33 52
85 14 2
18 1 47
97 8 7
57 27 99
8 58 56
24 95 8
45 99 49
72 35 87
15 71 67
61 19 45
22 95 97
2 79 58
69 38 36
18 55 16
85 64 60
88 90 36
55 93 65
65 28 6
56 26 65
12 95 63
47 44 99
15 24 33
10 65 59
5 34 17
33 82 64
61 80 24
52 100 67
65 74 40
55 69 87
93 17 65
42 40 83
35 38 50
18 42 36
48 95 36
54 18 40
88 24 49
6 27 84
52 3 20
13 5 23
44 93 35
74 64 1
49 39 66
42 23 44
24 22 40
73 68 5
40 85 69
17 92 73
63 86 83
97 44 15
55 99 32
22 91 52
63 97 94
31 92 47
23 80 72
28 100 11
62 44 93
37 39 22
68 60 68
39 26 66
45 60 25
18 15 95
46 44 21
100 75 46
59 77 32
75 31 88
68 33 2
24 3 99
26 57 93
93 47 98
74 94 35
54 55 94
44 98 94
36 88 38
67 21 75
53 17 86
18 56 21
52 68 45
60 97 49
5 32 31
1 57 66
100 23 52
53 42 20
65 84 98
50 31 76
19 96 80
21 12 28
49 80 21
30 33 81
81 94 94
70 11 8
29 11 23
18 25 45
76 56 32
15 27 75
48 68 7
81 67 70
81 21 5
94 5 51
84 58 75
10 98 33
94 86 5
47 69 70
75 28 87
63 84 75
21 55 18
30 29 57
74 58 36
33 38 20
75 35 76
60 15 41
39 78 86
54 38 51
93 33 14
25 34 42
95 41 83
90 26 60
74 94 65
22 19 7
49 64 35
71 41 79
42 41 34
18 89 61
99 97 95
42 13 38
89 12 87
76 59 20
7 58 17
20 6 76
66 48 94
83 93 8
85 48 38
17 86 95
37 22 5
12 24 50
57 99 41
8 92 16
81 12 37
95 93 53
1 50 5
59 37 29
53 44 38
82 26 97
96 57 39
4 58 64
29 72 3
19 12 79
57 1 11
37 61 1
19 11 1
20 36 34
44 49 94
78 8 25
10 30 49
70 55 88
25 46 56
22 74 27
88 3 15
6 26 43
42 76 100
1 47 29
85 4 41
9 22 30
22 61 56
86 23 14
55 25 76
27 29 32
42 26 60
70 41 47
95 65 62
97 48 88
32 93 94
66 50 89
46 7 47
9 12 44
47 8 74
98 61 74
41 73 12
91 94 21
99 3 43
56 71 3
75 48 48
93 20 13
57 48 99
99 58 81
98 79 31
87 96 51
73 62 12
99 44 78
37 90 62
71 25 66
78 9 4
27 64 36
70 57 28
9 93 85
91 89 30
17 19 23
38 54 5
29 29 33
23 4 92
64 80 24
99 19 6
45 81 90
24 22 86
10 52 49
83 85 69
79 25 50
30 13 35
43 79 24
7 37 68
12 65 100
28 53 17
2 99 19
18 62 26
53 70 46
76 79 81
87 94 44
88 2 36
44 43 72
58 2 73
20 44 9
33 11 51
80 63 63
75 74 91
34 64 4
56 59 93
56 76 48
51 87 62
14 21 70
7 14 80
21 42 56
27 98 7
100 20 94
64 3 41
17 2 76
32 37 89
46 79 13
63 88 84
20 27 58
58 14 77
30 29 10
33 71 90
50 65 36
44 94 66
68 29 100
94 25 62
76 24 76
92 49 25
16 4 1
58 25 100
15 60 13
72 53 43
38 68 88
12 60 36
21 29 29
77 1 19
83 63 22
67 57 35
22 76 47
90 96 42
53 8 47
42 55 100
18 19 5
62 43 98
63 40 16
92 81 85
69 43 30
15 97 91
41 60 62
59 40 46
73 9 70
92 8 60
20 82 27
20 88 92
5 95 34
48 82 26
93 9 30
31 10 76
56 14 16
76 91 54
74 2 10
77 66 71
77 68 74
60 89 22
91 7 100
38 46 67
29 18 6
45 12 65
66 19 69
54 88 44
29 80 1
41 28 95
53 88 100
85 15 30
81 69 89
43 7 2
55 10 68
13 40 30
17 5 32
93 62 86
34 41 5
20 70 11
68 35 64
56 78 59
94 76 67
34 67 43
8 74 91
4 19 12
96 77 98
68 93 85
69 41 2
75 31 66
90 2 18
41 10 92
53 95 24
56 51 16
37 67 58
52 15 49
53 44 2
19 79 16
97 5 65
39 74 89
54 61 13
34 30 76
86 65 98
80 65 59
40 84 98
45 67 82
83 71 11
80 9 29
54 58 50
2 69 59
81 77 53
19 34 60
5 33 85
34 89 80
30 27 64
50 49 30
88 26 74
18 19 97
96 71 52
84 14 66
11 63 30
62 4 51
32 73 11
52 89 11
44 49 26
3 6 46
93 83 95
78 79 28
24 36 18
69 18 84
95 86 75
56 16 30
28 27 69
8 6 49
6 59 36
99 97 36
13 1 87
6 54 11
86 49 24
87 69 64
67 15 71
64 6 83
87 39 11
72 46 60
65 81 92
28 85 58
46 89 15
44 54 44
39 3 39
49 52 91
20 16 38
49 93 72
73 3 26
38 76 59
45 58 41
47 6 65
66 3 45
48 63 100
57 71 88
41 56 48
11 52 9
8 55 99
12 14 98
92 56 99
35 66 55
75 98 66
50 21 98
2 99 53
15 78 42
81 90 75
75 98 12
20 82 95
90 70 26
70 54 48
96 12 88
96 97 52
26 5 57
79 67 100
37 45 58
57 2 58
89 45 1
3 72 88
50 78 47
36 44 30
32 28 7
90 21 93
35 43 10
8 47 30
74 28 77
16 93 39
84 95 1
10 75 45
8 41 12
71 65 76
11 32 2
59 71 64
21 52 28
25 76 51
46 82 91
36 69 28
58 17 1
96 24 39
11 5 79
14 98 67
53 79 51
78 67 61
3 86 30
51 18 16
90 38 86
28 68 81
31 65 96
10 76 6
82 31 80
4 13 67
40 78 21
72 47 18
79 13 41
26 18 44
99 20 69
18 55 23
88 34 47
82 9 83
36 52 38
62 97 84
29 95 36
83 26 18
57 36 38
54 81 49
45 100 85
11 1 49
49 81 60
6 85 68
88 95 47
73 30 92
3 92 76
19 53 83
77 82 98
11 58 74
75 8 30
68 33 44
85 96 50
98 87 76
82 2 11
4 81 86
72 91 11
50 32 18
83 51 26
23 97 82
31 17 25
75 97 50
12 71 88
23 83 70
55 19 53
35 77 76
90 77 2
39 85 42
12 93 15
65 8 15
81 76 31
38 57 100
28 51 89
53 43 77
1 31 74
22 45 17
66 68 16
69 83 10
58 67 70
92 71 19
60 39 75
92 23 22
12 96 52
38 19 38
17 76 62
86 62 57
86 37 68
79 72 9
44 36 26
14 48 24
18 88 2
81 96 41
72 72 35
96 10 61
71 23 64
93 39 69
26 31 20
70 67 29
15 84 94
61 26 15
63 92 64
80 88 9
62 75 70
46 82 77
29 84 79
84 3 95
24 78 41
6 65 3
16 26 26
48 41 65
20 18 52
100 27 16
55 81 68
38 76 46
30 33 95
66 78 21
31 31 54
22 92 88
17 99 68
26 26 10
11 70 97
64 41 24
95 27 4
90 60 35
88 70 32
2 11 64
26 45 33
96 75 81
73 12 71
86 84 38
34 2 76
69 93 6
69 81 18
42 50 41
53 46 100
12 35 13
92 72 34
71 78 75
19 57 98
44 27 1
56 10 21
83 41 55
54 78 34
39 33 7
36 81 34
100 9 19
14 36 30
69 90 60
84 55 80
47 45 69
98 21 17
14 88 65
11 54 2
79 74 81
17 47 10
84 85 77
88 6 91
33 37 53
69 5 54
81 78 48
23 67 2
10 17 35
70 59 78
97 82 94
15 90 8
38 94 86
17 83 63
48 8 81
67 98 25
11 30 84
59 30 15
66 82 80
12 55 59
69 73 3
10 43 46
98 54 54
27 62 94
90 48 85
10 36 4
8 56 28
25 60 10
32 84 23
72 35 41
51 62 8
35 71 51
12 100 4
59 25 88
29 34 64
60 28 65
81 6 43
19 26 26
4 94 31
3 5 56
75 16 74
99 76 36
43 79 89
4 66 91
56 75 78
42 76 86
57 31 96
92 31 24
2 76 84
72 49 82
9 13 95
56 65 89
75 86 78
72 52 8
36 46 79
20 98 5
32 3 84
71 33 33
100 18 29
8 60 54
90 89 10
60 86 71
42 77 77
30 41 90
18 20 19
22 55 65
34 90 99
14 11 48
40 4 25
48 27 27
59 17 28
15 88 68
15 41 70
17 9 19
10 90 19
94 30 93
98 20 32
55 12 94
19 20 83
5 82 74
19 16 41
18 55 41
13 12 46
58 91 33
37 19 61
68 9 46
75 56 17
58 91 13
84 97 73
16 67 74
45 14 76
71 2 73
72 49 44
92 52 4
70 85 74
52 65 12
51 1 13
87 63 75
89 43 56
46 49 40
51 68 39
56 73 34
38 63 17
82 75 8
76 56 24
45 65 27
88 64 39
25 90 69
91 85 76
98 64 99
14 62 13
91 54 6
95 51 35
26 51 11
65 58 32
56 63 48
95 39 97
43 81 67
72 70 64
43 75 20
17 29 61
58 96 8
72 61 9
81 31 51
3 33 18
43 49 74
37 6 69
40 90 33
8 58 77
96 56 96
83 26 84
75 54 11
94 79 28
69 43 50
16 22 38
91 71 33
57 36 3
27 17 68
74 46 41
76 63 33
88 35 7
95 12 20
97 67 40
85 91 69
29 86 3
17 52 8
59 8 54
14 12 98
48 10 34
62 38 97
41 82 48
67 21 39
2 28 52
44 17 2
38 62 63
16 8 76
6 77 61
56 70 39
4 7 50
24 7 65
14 98 85
45 83 54
85 2 98
14 98 19
91 94 58
82 67 92
71 78 76
71 61 14
39 54 49
82 71 73
75 82 70
66 10 87
84 63 86
42 80 19
56 85 70
57 46 5
32 89 12
56 8 13
18 38 68
98 78 63
51 51 41
29 76 28
63 4 97
85 76 50
37 23 84
63 2 82
29 45 13
48 7 1
29 35 41
10 36 82
18 100 26
60 82 98
23 70 30
23 48 78
68 90 59
45 74 50
49 57 40
39 72 66
28 15 39
81 36 60
74 95 91
90 43 82
99 87 39
35 84 50
33 86 44
57 71 66
48 5 73
87 80 62
39 27 31
29 79 16
50 42 62
54 47 96
38 34 91
34 1 1
72 51 29
99 85 3
45 70 2
25 28 36
72 16 79
28 35 2
99 71 1
95 33 80
58 82 92
58 40 43
34 45 56
55 27 85
60 4 99
52 73 19
72 98 4
26 69 15
100 68 68
18 95 99
36 43 22
3 56 49
16 2 63
41 10 89
8 46 28
26 7 27
58 12 70
38 87 58
91 38 52
14 47 42
50 63 27
64 32 54
73 70 69
87 52 66
74 75 10
16 94 77
90 67 69
84 22 7
77 38 95
27 22 1
78 85 46
52 49 42
55 71 46
4 98 27
7 97 46
70 45 12
100 41 99
69 64 70
62 92 95
100 25 8
33 96 65
60 24 54
72 71 1
30 81 66
10 57 39
7 89 11
92 41 82
73 16 83
85 21 15
10 53 59
56 9 45
1 59 42
21 6 38
62 4 11
73 9 61
94 32 53
92 36 37
100 97 68
93 15 23
100 26 62
36 40 42
74 83 99
7 82 86
58 34 1
90 81 11
6 77 5
4 70 69
61 47 24
66 4 32
72 59 40
92 78 27
29 86 87
27 80 46
75 77 93
4 1 6
72 63 30
94 23 71
3 22 17
55 27 83
81 78 59
61 55 12
73 85 14
26 53 10
42 45 94
46 62 100
35 92 61
25 32 91
12 44 89
47 74 19
6 69 73
80 43 3
86 78 62
32 7 25
18 36 2
86 92 79
49 40 52
40 3 52
54 14 90
96 75 57
50 42 70
8 35 65
19 42 99
25 21 22
36 52 94
64 100 79
66 86 40
27 31 64
37 57 71
60 57 31
99 60 13
44 28 12
48 41 2
79 31 43
56 13 60
36 85 83
49 47 2
20 57 73
2 64 41
33 21 56
15 66 8
51 19 98
2 57 100
45 53 77
48 7 65
99 39 100
34 69 92
39 58 18
11 23 38
75 71 15
91 23 72
59 85 47
53 98 87
17 70 89
32 96 42
71 59 2
79 88 77
94 4 83
42 46 92
29 98 38
67 13 79
59 84 79
49 4 64
51 19 9
18 40 94
54 85 76
73 57 61
12 2 42
17 52 2
36 100 32
96 68 13
71 49 90
49 62 10
89 71 82
23 40 43
58 98 22
44 96 68
52 64 11
9 5 88
40 4 5
2 25 41
100 35 57
57 34 32
1 47 54
98 67 96
16 73 67
70 34 36
36 4 37
29 11 58
90 98 69
92 74 64
82 90 17
82 43 85
85 12 17
56 99 74
36 90 19
40 76 29
29 44 26
4 22 42
21 43 96
60 58 72
7 17 7
7 18 86
67 85 1
60 19 20
40 8 21
89 90 55
98 41 63
48 92 77
87 21 96
72 97 52
100 42 69
23 91 67
8 23 75
77 85 29
47 54 82
5 87 24
82 47 27
82 3 17
33 84 27
71 100 8
23 100 66
66 40 70
3 18 23
100 70 54
37 20 4
12 74 37
21 18 23
100 61 59
2 27 44
86 38 59
99 69 70
61 49 11
38 33 58
19 19 93
58 33 30
73 82 19
85 12 68
46 60 77
31 19 46
71 60 19
18 17 60
31 41 33
81 2 4
45 2 93
29 75 24
29 83 64
95 100 52
80 46 45
32 89 54
3 79 23
15 71 2
16 84 79
98 9 27
21 67 74
34 77 86
77 39 59
11 74 26
55 6 35
32 18 26
13 55 41
31 13 58
82 71 67
17 27 96
86 96 5
83 23 51
84 91 90
13 92 48
81 70 50
78 65 21
20 85 32
25 83 76
3 81 66
9 69 99
39 94 33
61 11 65
52 92 45
73 63 59
52 16 18
34 23 19
34 49 50
42 51 18
8 17 82
50 16 88
10 30 89
35 57 6
57 48 74
73 100 31
7 33 53
97 34 63
66 24 39
84 7 36
50 85 95
6 29 99
91 72 1
34 100 67
39 1 8
26 82 84
88 48 62
3 65 78
82 82 23
84 87 9
67 53 93
63 57 51
79 18 13
38 70 59
67 73 18
30 73 88
79 17 64
14 78 76
54 98 4
94 29 58
57 16 32
97 22 89
18 14 100
61 46 35
2 13 46
23 49 91
7 61 98
86 100 39
78 5 76
91 77 73
29 69 88
12 41 98
94 39 59
86 61 100
93 65 69
65 52 88
24 52 96
18 50 3
100 90 94
72 64 4
76 66 21
9 43 73
25 60 1
96 67 79
21 73 37
74 43 65
87 16 29
59 56 85
41 69 14
22 82 21
49 61 76
19 60 83
20 97 86
35 98 90
78 56 54
23 22 72
85 54 5
87 49 42
3 72 77
62 49 97
92 17 37
70 29 15
53 92 17
55 88 92
44 38 68
60 42 62
42 37 70
76 30 99
20 73 29
89 2 18
83 86 28
31 42 26
57 52 46
23 54 20
70 15 66
17 1 56
65 27 37
13 24 66
7 96 35
47 19 69
33 69 89
61 99 18
87 25 38
30 68 20
19 85 26
68 59 98
30 39 61
48 85 18
84 71 19
36 94 57
57 87 19
100 72 21
23 92 92
3 67 22
62 65 96
79 74 75
65 44 64
55 85 60
93 20 54
76 31 59
61 100 27
32 8 36
99 35 90
59 26 70
15 21 63
15 45 19
22 19 75
23 36 66
69 14 56
55 47 27
24 14 73
28 29 69
68 76 74
43 13 66
18 59 50
95 77 34
12 20 27
12 62 68
15 33 12
98 70 36
15 17 86
51 36 36
94 50 84
80 25 37
69 25 72
24 93 61
64 6 24
81 5 48
79 5 56
68 23 63
25 20 38
88 82 16
2 73 89
42 11 57
12 49 13
71 97 73
15 10 81
75 4 20
18 66 92
40 25 75
17 28 86
26 73 85
5 9 36
18 99 51
2 83 57
25 94 90
33 72 28
31 50 18
6 93 74
49 87 16
89 21 89
12 33 53
40 79 85
97 65 85
71 32 15
87 11 39
24 27 60
45 26 23
50 5 30
30 76 16
62 73 41
75 90 25
56 54 52
40 80 71
83 98 88
90 37 28
46 69 49
84 8 82
50 95 55
78 40 62
93 14 58
64 39 91
1 76 11
52 61 54
84 38 83
81 29 61
32 67 68
37 43 62
83 92 41
44 14 25
15 81 89
59 51 18
39 4 18
47 28 17
26 4 9
6 16 6
4 71 21
92 24 33
58 25 80
77 18 44
47 39 2
24 16 7
24 77 67
47 37 47
86 34 32
87 46 19
23 30 56
83 19 42
77 17 43
24 79 75
86 89 91
53 80 36
8 99 89
10 7 74
83 95 60
4 26 90
8 63 5
5 16 80
28 22 82
19 87 21
66 67 93
75 64 18
84 59 32
37 37 53
98 78 10
75 44 69
17 97 93
80 46 99
30 19 63
65 56 96
88 29 78
64 33 8
47 10 30
72 47 3
27 27 79
79 5 71
46 85 66
29 48 20
53 51 74
28 40 10
66 11 63
17 81 53
91 85 49
10 78 73
48 98 73
14 100 28
26 99 71
5 27 97
62 8 36
14 8 76
60 65 77
86 46 40
85 61 92
98 26 100
98 53 84
21 58 76
51 49 1
31 80 80
28 100 94
60 52 98
28 17 89
82 64 64
99 1 36
65 18 6
82 68 47
47 95 34
63 11 84
27 7 53
81 41 59
57 85 64
93 17 100
68 8 13
22 97 3
9 20 50
49 86 40
68 55 38
32 69 55
74 48 47
13 60 64
33 49 55
87 84 27
67 54 16
72 37 64
28 1 84
92 26 93
75 71 29
48 5 79
1 44 6
4 2 73
37 99 72
27 53 19
2 78 88
26 19 5
85 38 31
41 50 82
78 64 17
13 47 75
51 37 59
93 15 42
29 30 63
57 58 3
89 32 94
66 81 92
33 15 49
20 26 78
69 74 85
68 51 25
65 62 41
35 48 84
83 38 86
15 14 63
57 25 16
56 85 39
61 13 16
27 60 75
18 37 40
8 25 11
71 97 7
44 96 13
57 24 87
69 36 18
20 65 17
96 55 16
49 60 45
5 7 83
57 47 37
70 7 20
59 86 7
40 58 79
41 4 97
68 64 22
84 12 11
19 90 48
39 19 52
50 24 30
41 17 86
49 94 25
61 36 13
49 25 51
18 55 23
29 10 34
52 88 39
23 10 28
22 8 40
80 71 9
73 77 45
44 63 13
28 49 51
55 78 88
75 94 93
78 59 1
33 26 61
8 21 13
56 66 45
94 36 48
36 54 84
84 40 93
59 97 96
52 61 28
100 68 20
2 89 54
27 90 47
8 58 93
82 69 49
10 96 84
39 77 43
16 94 11
72 3 54
64 11 6
38 26 51
24 32 84
50 36 26
84 86 31
7 40 62
49 57 13
76 38 46
42 4 17
12 77 63
61 5 9
92 45 91
90 19 74
34 31 39
53 1 21
39 68 70
63 62 94
8 51 41
19 100 90
47 81 70
52 26 56
35 2 32
32 60 1
79 94 38
4 28 63
94 49 64
94 24 44
13 9 12
68 44 60
23 89 50
37 59 37
40 78 79
71 37 33
30 89 81
43 14 21
93 55 17
72 52 49
23 19 54
23 44 65
47 59 29
85 80 90
12 85 87
72 98 72
3 55 12
12 16 30
50 50 12
33 54 89
37 37 60
71 36 41
66 53 82
40 60 53
84 80 38
88 27 27
87 32 68
1 4 70
8 4 7
44 58 31
79 90 36
90 88 62
74 85 84
8 25 32
72 35 66
100 4 90
42 40 35
3 50 15
88 90 35
7 99 73
88 43 84
83 5 92
41 86 38
73 27 74
6 53 72
17 11 35
40 21 11
75 36 88
19 82 49
74 16 64
86 14 38
15 11 43
3 44 97
76 40 47
23 45 15
25 48 34
8 95 31
19 13 77
67 26 10
93 88 36
65 48 55
97 95 42
96 47 61
74 38 100
30 26 27
21 23 27
46 3 67
66 29 3
4 49 18
10 81 51
77 75 39
66 30 47
45 71 65
72 99 75
86 88 63
82 83 36
4 1 79
45 18 8
13 85 60
63 57 79
98 17 65
35 15 85
6 66 78
86 66 81
56 22 54
38 94 12
15 6 26
2 48 51
19 8 92
4 27 89
35 94 55
9 23 64
41 35 8
82 49 95
86 27 78
41 65 86
92 84 91
30 47 73
49 33 28
77 10 84
100 32 87
74 8 12
85 98 43
40 3 93
16 95 14
8 12 99
61 28 1
71 88 23
69 50 45
47 38 74
26 92 54
10 67 19
61 67 45
81 70 16
29 41 33
39 38 14
35 97 64
85 70 31
10 8 60
94 21 30
78 45 87
46 74 92
72 44 9
17 79 53
51 3 98
57 68 97
42 80 85
24 67 41
34 5 47
2 31 6
45 31 52
4 9 79
48 65 75
99 90 88
11 47 67
4 78 82
62 79 22
16 40 27
67 68 15
68 85 70
67 98 56
99 55 52
38 92 23
85 31 10
26 21 96
71 90 90
2 91 48
45 98 12
26 28 58
1 39 16
69 76 48
55 36 29
60 28 16
70 68 13
1 98 15
53 89 74
53 82 46
48 39 42
89 41 82
40 32 16
33 38 81
20 41 70
68 28 25
24 74 18
28 62 87
46 25 73
70 25 34
79 78 80
70 2 66
96 16 72
20 80 34
88 99 23
71 79 12
72 7 94
75 18 91
2 90 46
59 59 41
48 77 87
54 33 27
42 49 51
5 22 47
48 98 1
63 27 87
61 51 43
86 91 68
41 70 69
67 89 85
72 43 64
70 33 23
81 98 81
58 24 29
13 1 21
43 25 37
68 82 63
7 25 71
34 74 26
44 63 61
74 81 89
16 39 15
13 23 94
41 23 54
89 69 16
55 36 88
8 74 21
53 32 22
8 91 43
41 13 38
18 35 18
83 99 87
58 95 14
15 56 100
46 62 60
49 78 34
47 51 81
29 4 45
39 55 94
62 72 7
9 15 4
92 47 11
40 19 80
93 15 85
38 86 42
77 32 45
72 13 34
91 33 92
16 79 93
11 46 10
40 3 33
18 98 1
32 43 69
10 69 83
69 73 59
43 58 10
43 71 79
49 98 78
7 4 97
82 39 86
59 43 23
56 100 20
31 52 39
31 53 91
6 63 50
5 78 52
23 78 78
94 20 43
99 38 12
32 46 24
25 70 84
60 16 3
24 41 57
9 7 72
98 15 39
52 29 62
92 99 47
66 25 24
61 18 70
20 28 33
66 33 69
12 72 94
87 17 90
65 7 92
88 83 74
66 4 41
45 98 32
35 21 66
43 26 10
76 50 43
92 83 27
75 75 55
77 35 83
89 90 95
47 96 16
43 21 99
23 71 64
69 72 42
30 34 31
98 69 56
4 69 65
80 72 77
64 47 34
29 72 95
4 61 25
26 89 68
35 6 68
15 41 11
89 11 86
55 67 93
74 86 41
17 41 3
86 78 10
21 27 18
37 12 92
4 64 83
84 54 94
48 32 4
38 27 1
10 39 96
76 22 36
52 52 2
20 3 29
58 45 63
35 96 52
24 22 32
65 12 90
85 70 66
60 74 82
63 8 74
30 93 99
32 91 52
34 5 10
34 3 40
47 20 41
32 40 72
33 71 46
65 37 38
3 28 13
28 65 58
9 97 35
31 100 92
46 94 37
28 96 98
50 77 96
20 75 3
34 76 16
30 13 96
50 63 19
96 10 87
89 17 62
19 80 32
9 43 30
82 64 84
96 73 83
56 56 5
62 44 22
9 11 82
49 74 4
40 73 46
79 14 48
91 38 82
38 76 76
31 65 2
46 35 62
65 83 10
33 92 59
1 26 60
47 65 96
44 78 36
45 93 21
85 53 37
95 23 6
81 16 37
40 79 11
76 38 78
20 1 32
40 93 70
59 73 57
98 80 2
2 46 80
40 78 55
7 91 37
90 12 13
17 93 85
59 64 90
81 58 96
34 59 46
35 74 23
27 46 9
14 63 88
28 20 41
93 94 44
15 19 83
29 3 29
90 57 63
9 12 100
59 52 19
3 96 45
59 39 43
99 35 62
67 42 70
92 64 83
70 74 70
62 38 11
4 40 33
10 18 63
36 30 57
98 45 53
49 95 44
12 55 59
34 33 10
71 31 90
13 7 80
96 72 73
53 92 19
41 67 26
84 70 12
66 53 57
23 64 62
42 53 15
48 66 45
67 33 73
35 15 77
39 12 34
83 94 40
76 32 41
34 43 2
100 36 70
86 16 29
79 34 10
50 27 90
16 52 31
79 47 14
38 43 68
63 66 22
28 22 11
65 41 85
25 47 44
89 63 25
87 20 52
56 89 13
19 19 93
18 63 97
1 46 87
97 93 29
73 31 46
85 43 45
1 69 31
38 57 8
7 96 75
100 99 31
89 76 19
58 41 88
90 65 11
68 68 36
22 58 19
41 57 49
99 49 69
29 48 76
34 60 95
20 52 66
79 99 17
95 52 63
85 31 2
30 49 97
48 91 71
49 58 44
54 70 89
13 91 81
43 19 40
51 39 30
86 85 24
88 33 42
6 76 69
63 3 41
77 84 84
28 22 69
41 92 11
92 60 92
53 74 79
65 11 70
46 56 67
84 31 76
2 73 53
51 65 15
61 26 69
12 33 73
82 34 32
99 15 7
30 4 77
53 70 32
58 66 91
17 11 31
100 23 55
80 63 73
33 29 80
50 75 97
79 92 85
93 27 37
45 79 74
76 89 69
26 30 79
98 51 5
46 71 2
4 62 76
40 48 91
9 98 5
33 83 49
86 3 62
13 16 5
28 66 39
40 8 5
69 82 90
45 70 76
8 59 56
58 50 27
36 91 87
79 63 35
66 69 65
100 22 38
14 100 53
43 86 43
31 3 28
14 23 78
66 32 30
27 84 75
54 62 47
64 24 33
67 96 17
19 2 7
95 35 47
67 45 41
29 32 66
35 9 63
100 23 77
44 55 41
41 54 92
52 46 68
91 82 63
79 89 36
95 74 38
91 83 23
53 85 57
92 11 28
83 41 19
37 2 37
48 80 61
60 55 30
44 62 53
82 67 76
27 51 37
22 30 71
40 50 5
94 89 100
2 10 71
83 34 58
83 27 36
31 76 67
4 67 87
95 73 24
90 73 74
43 15 88
30 11 33
27 54 1
31 80 81
37 74 72
88 60 42
69 77 58
14 58 38
37 90 46
2 47 85
65 28 20
10 34 57
95 47 32
78 43 70
35 9 94
4 44 89
27 45 31
94 74 58
84 42 68
57 80 59
10 40 66
7 31 97
82 16 61
66 58 44
17 91 86
59 16 43
39 10 79
81 48 50
10 90 92
4 13 25
31 24 3
91 99 49
80 45 67
7 12 98
80 10 97
30 66 99
4 22 60
13 61 48
81 100 22
49 84 12
11 97 87
56 68 93
59 34 30
47 48 72
92 66 75
44 80 27
68 73 82
4 43 52
15 32 8
69 82 60
32 97 64
52 17 57
72 20 28
10 80 79
26 64 30
66 14 96
89 22 89
80 16 12
36 57 19
8 29 67
97 30 17
22 21 76
63 86 54
57 59 52
28 38 80
35 7 25
26 73 15
74 96 48
28 84 36
31 20 54
86 25 96
88 82 56
25 44 46
40 61 5
86 20 16
64 65 92
20 38 98
20 64 20
12 91 64
63 30 15
82 4 71
48 98 50
32 87 17
52 57 96
78 74 30
55 11 22
50 80 74
5 7 72
72 41 33
12 89 75
23 30 88
74 39 81
45 74 19
13 87 35
52 95 59
47 81 18
44 35 68
98 3 89
54 33 100
18 80 70
63 8 11
41 33 43
84 92 60
67 51 9
45 71 73
75 35 66
95 20 45
70 33 94
49 91 14
63 53 5
45 63 73
78 28 74
64 53 73
28 35 94
8 91 59
3 2 20
27 84 49
82 88 72
5 100 34
79 29 78
69 71 43
25 30 98
97 66 47
9 76 5
34 2 92
31 48 60
4 54 18
74 79 85
42 83 3
100 63 57
98 92 74
37 3 26
89 17 48
40 95 61
87 72 64
74 64 88
43 62 60
19 80 30
72 56 99
62 25 64
21 16 26
99 97 82
1 95 99
96 38 9
56 52 83
43 3 8
40 93 91
36 82 81
94 68 67
41 90 87
78 87 38
95 68 64
5 91 45
31 93 47
26 17 24
4 52 57
58 93 50
56 25 11
35 64 36
50 60 6
29 92 83
91 25 20
4 5 74
73 52 76
63 84 4
93 64 22
11 89 36
27 41 99
69 14 28
52 73 51
72 43 94
64 6 82
66 59 4
58 16 10
43 9 99
14 46 19
84 6 66
9 76 33
88 66 6
44 44 34
9 94 10
26 63 61
99 34 34
66 47 69
41 17 64
34 59 72
23 21 3
98 29 46
16 67 29
20 59 89
4 78 97
57 44 54
23 43 99
53 18 43
75 59 85
26 26 44
67 86 80
33 45 53
50 8 34
11 85 14
90 88 68
20 48 50
75 82 5
7 97 30
31 67 82
50 36 29
91 89 14
57 57 41
82 96 41
58 81 99
16 79 66
33 14 31
14 35 78
46 85 9
93 41 40
10 18 95
55 73 2
55 89 25
68 19 22
19 12 5
68 100 61
81 31 100
20 68 93
45 39 30
32 71 85
33 41 20
1 7 25
30 32 38
47 37 81
54 8 49
13 18 100
91 55 84
4 26 9
7 66 33
88 57 39
5 28 80
96 62 86
35 7 41
81 99 32
17 47 89
76 82 92
21 47 6
82 5 90
17 35 59
69 78 71
25 51 21
59 63 74
9 35 24
32 77 18
72 56 27
24 22 4
39 27 55
66 88 34
39 5 95
47 27 82
29 18 22
64 22 18
28 88 92
58 97 69
94 24 41
45 13 62
67 91 84
71 85 45
16 65 60
20 92 59
41 33 11
76 75 72
94 69 100
2 48 40
96 32 57
54 78 91
48 56 98
78 50 14
14 43 43
66 93 67
81 80 97
27 69 75
70 52 83
87 20 100
91 44 41
28 37 19
94 97 40
21 81 98
79 5 63
11 87 69
63 32 48
83 41 5
82 5 94
19 14 67
77 34 4
97 19 9
27 41 35
38 3 6
7 8 68
11 47 17
58 30 42
46 40 77
32 31 84
6 79 45
61 7 73
19 87 26
74 93 7
21 98 94
71 67 28
94 25 37
10 72 4
21 71 82
73 79 35
6 81 68
38 73 54
85 11 1
36 21 72
63 59 92
73 96 28
10 91 17
32 68 27
10 71 87
95 57 56
57 53 29
98 39 98
56 32 46
62 66 64
100 44 74
69 85 98
62 100 98
75 99 98
54 53 55
60 20 80
22 80 13
43 16 69
35 16 4
64 51 90
27 66 48
27 27 59
66 93 90
74 11 6
32 76 76
78 45 56
62 98 89
39 67 59
57 17 69
62 70 70
8 74 8
90 91 11
58 37 13
17 86 7
15 65 32
78 86 98
50 95 53
18 47 63
44 34 41
30 30 62
2 41 70
75 59 21
17 77 75
46 53 32
41 52 66
24 39 49
28 78 97
6 53 34
96 64 47
66 46 35
65 47 79
64 33 43
55 61 29
55 45 28
80 33 96
36 19 70
10 46 45
2 71 39
73 56 31
66 93 96
90 27 54
51 70 87
26 18 15
94 34 20
94 91 69
9 1 18
64 82 31
34 16 18
5 14 39
71 61 11
85 7 72
89 35 20
83 86 58
58 2 61
27 43 2
54 26 74
60 19 79
46 2 73
44 82 89
40 52 28
29 41 83
55 27 22
16 77 1
40 99 7
79 41 73
42 36 69
34 78 4
65 41 4
64 66 49
62 6 74
86 7 45
13 14 60
45 83 61
2 51 63
59 26 34
65 10 6
99 43 5
41 94 49
28 27 84
84 80 75
46 51 97
74 79 73
49 38 52
37 9 20
67 90 29
91 94 86
16 45 64
62 54 89
5 15 74
47 24 5
74 28 72
94 33 42
4 66 1
53 46 64
79 92 62
24 34 14
15 68 64
94 34 72
86 94 88
78 93 66
34 20 49
8 65 96
83 1 4
76 96 70
61 27 75
48 61 24
13 62 29
47 77 62
62 14 11
6 93 5
82 86 55
66 51 16
68 70 40
61 28 35
31 80 25
44 75 51
17 93 23
17 15 28
36 81 63
34 35 66
68 82 28
50 34 35
74 17 20
96 62 28
71 38 8
64 54 8
52 75 79
90 57 42
20 79 5
2 16 34
36 51 44
34 48 93
62 77 83
2 21 20
78 40 19
29 6 99
69 10 55
80 91 52
55 9 22
55 48 88
46 10 44
6 69 93
65 25 96
61 80 81
27 68 26
30 26 84
85 73 92
38 4 16
71 60 21
74 52 47
61 60 56
46 64 95
87 16 87
100 73 11
4 53 3
7 90 83
16 70 48
97 58 68
31 100 91
84 26 56
96 54 76
91 27 5
72 29 1
36 93 73
50 98 82
99 62 33
44 95 7
34 13 97
32 18 8
9 81 37
25 91 94
5 80 34
60 34 8
63 80 76
45 77 25
7 35 86
79 58 57
22 75 40
40 84 57
99 37 95
26 6 58
39 11 64
43 63 26
73 19 69
28 34 51
14 84 55
56 26 43
62 70 8
36 60 30
57 21 91
64 74 46
10 24 13
6 60 17
68 14 69
18 50 22
54 7 95
52 24 91
11 37 64
80 25 54
41 97 8
30 28 13
18 84 65
93 40 30
8 78 63
47 62 68
18 73 24
10 78 52
97 39 61
98 80 40
43 86 44
3 99 22
78 87 32
82 25 3
79 97 7
31 49 97
33 65 64
48 7 53
12 71 34
67 32 23
55 3 42
50 65 44
12 73 92
22 7 4
15 25 23
38 3 58
84 18 15
86 51 10
77 29 62
91 65 85
16 19 64
71 31 65
24 55 35
44 68 12
12 61 99
100 98 22
67 73 6
23 43 77
36 93 22
70 46 82
88 10 43
92 16 52
41 58 22
99 61 84
18 100 2
20 41 29
78 79 85
75 2 82
73 71 19
7 39 62
49 3 41
76 15 47
38 76 20
68 80 42
56 22 47
89 88 37
60 88 12
96 75 22
43 56 78
6 50 96
20 30 18
88 67 32
20 68 94
55 22 87
57 66 22
78 16 97
27 94 30
74 68 77
64 86 44
64 37 20
89 79 69
31 37 26
14 60 52
49 82 47
92 42 28
62 70 76
85 8 20
100 78 39
57 23 3
58 54 97
31 36 4
98 20 27
88 22 70
56 10 75
17 54 80
60 7 88
60 45 57
68 83 65
24 56 1
17 77 100
63 17 69
81 78 23
69 64 20
75 75 40
61 100 89
20 58 16
20 11 93
69 8 60
11 44 20
18 94 18
97 52 67
89 51 93
77 84 70
100 13 11
89 64 26
69 2 20
13 28 72
10 85 52
49 51 31
28 16 9
74 68 96
23 49 30
46 95 100
23 57 85
45 8 35
23 86 96
92 50 91
23 81 50
27 19 55
51 78 19
46 21 20
34 4 30
10 39 54
86 40 40
47 85 19
28 84 37
83 14 83
100 61 27
45 58 100
93 95 96
85 17 21
24 61 32
93 19 36
4 4 21
65 17 66
90 8 81
20 89 21
39 70 37
79 38 86
33 100 57
23 9 65
84 76 54
16 26 40
77 69 67
99 92 88
60 67 94
9 17 81
24 18 8
7 66 44
95 58 85
74 34 19
92 71 53
53 69 49
90 18 86
67 81 13
88 62 13
47 3 21
28 80 62
14 78 32
30 91 32
78 49 51
74 17 75
27 87 22
29 38 74
83 32 69
32 70 78
86 100 57
65 80 48
25 41 9
22 80 13
43 85 58
42 73 66
7 27 15
1 61 37
8 33 80
88 77 58
12 20 59
39 86 61
70 50 5
76 11 51
4 3 57
8 67 85
64 24 6
2 57 55
18 47 71
95 39 70
3 66 89
5 73 68
81 91 92
18 94 74
46 32 81
69 9 78
55 65 82
32 70 61
50 71 14
79 94 92
51 44 70
66 16 92
68 33 22
30 47 46
93 77 2
77 25 60
34 92 99
67 94 38
73 19 11
94 32 87
8 87 12
9 94 30
13 21 81
52 80 49
65 43 31
32 13 83
100 63 55
60 42 84
22 25 78
17 70 97
19 59 43
67 33 7
29 68 70
47 65 82
51 18 7
20 12 90
44 59 24
70 69 44
85 98 98
25 20 75
94 61 24
60 42 62
44 94 35
47 74 44
31 1 99
10 64 36
59 46 80
22 23 56
86 96 63
26 48 95
22 63 8
93 71 99
5 74 80
68 77 51
54 5 12
55 27 61
25 53 77
100 73 22
64 19 39
71 15 87
73 21 53
71 87 28
28 92 46
58 86 59
60 72 13
4 98 25
55 37 9
3 87 62
30 24 50
93 21 85
10 13 5
19 9 64
71 48 14
19 12 80
91 14 84
73 38 2
66 89 89
95 90 18
57 71 33
48 86 57
16 85 23
42 78 74
84 63 95
16 87 12
29 90 76
27 18 94
27 13 83
28 80 1
80 16 34
32 91 44
31 44 30
12 76 4
73 78 18
4 98 82
99 15 3
40 59 33
56 26 37
77 47 99
89 38 80
9 59 11
1 73 61
31 63 32
49 10 80
67 68 27
30 59 9
78 96 8
96 21 71
87 68 18
75 18 70
84 14 86
6 39 42
53 46 65
61 43 33
12 24 11
58 8 29
87 73 10
21 2 4
57 48 24
18 39 92
34 5 68
67 67 95
50 89 36
44 96 1
42 29 96
75 32 71
17 17 30
5 31 44
56 36 96
23 58 31
92 55 31
2 31 67
39 61 85
85 23 29
76 72 58
100 58 61
50 23 72
75 91 68
38 18 18
88 94 87
16 93 80
70 96 68
9 72 100
83 4 26
65 29 99
100 10 42
73 92 9
17 4 31
95 16 61
7 99 39
56 88 12
63 52 75
22 14 87
18 4 49
1 40 61
90 35 58
13 16 90
98 28 33
11 53 49
37 50 45
54 53 36
46 6 76
32 47 51
87 86 61
99 72 4
18 51 50
64 9 46
73 94 75
5 68 8
5 59 91
26 64 78
82 1 67
83 54 2
94 54 71
46 34 2
77 54 3
13 27 37
90 94 54
39 65 30
8 64 19
12 36 11
89 51 37
100 91 81
13 23 3
72 34 79
68 100 30
36 40 94
95 59 37
29 62 100
56 35 77
82 53 36
63 100 56
99 53 21
85 99 67
71 90 98
52 29 49
26 59 42
38 29 56
79 18 13
48 17 35
86 81 1
87 7 6
70 2 23
26 50 45
22 66 3
73 64 25
3 58 19
20 56 74
43 6 31
47 91 10
73 19 29
93 22 57
57 100 17
44 28 71
25 65 74
15 32 79
72 72 20
37 69 66
59 33 94
58 53 58
32 82 56
49 14 31
67 4 49
58 8 60
39 26 39
35 77 4
13 2 76
96 83 17
59 61 6
57 3 7
3 96 59
62 14 33
17 4 73
71 19 11
33 24 80
42 28 65
71 76 84
2 79 88
88 31 91
33 19 92
65 74 13
50 47 70
52 26 64
86 5 14
29 22 43
87 69 15
98 53 83
32 4 36
40 75 40
76 99 61
76 92 93
100 54 9
81 68 78
16 55 42
26 81 45
82 69 37
92 39 79
84 23 37
30 96 64
20 18 65
16 50 33
32 85 91
46 3 72
56 93 10
51 95 40
9 63 94
19 95 64
49 99 42
72 45 15
63 97 55
54 91 82
3 69 48
27 66 72
46 47 57
32 41 28
97 80 11
80 75 81
50 72 72
2 60 96
62 71 74
44 51 97
2 42 78
83 74 71
72 8 79
99 96 31
88 48 31
10 59 90
89 38 71
7 59 78
38 91 42
37 64 31
92 85 2
14 65 69
67 52 33
63 54 25
53 68 98
44 41 83
62 95 33
44 2 27
56 50 1
41 26 51
41 88 55
82 34 30
39 63 78
49 35 36
22 46 26
83 20 35
6 51 27
31 16 34
92 70 84
46 6 20
18 32 66
61 8 38
98 73 15
10 66 71
52 85 37
35 18 21
50 33 98
13 39 10
3 72 99
40 47 1
35 62 93
8 87 9
16 43 90
95 49 66
17 73 32
92 25 2
72 16 85
6 34 43
25 4 41
66 75 5
72 35 22
27 96 38
46 67 17
6 90 33
25 17 94
58 99 25
69 10 3
61 52 19
96 86 29
39 26 23
70 63 24
51 27 45
51 88 88
56 67 50
41 2 9
96 70 30
24 24 48
73 65 21
27 77 51
54 10 29
36 70 37
58 66 40
9 63 80
57 86 83
26 90 73
90 57 84
65 79 6
21 10 78
100 60 27
56 42 43
26 59 37
6 37 58
3 31 98
48 63 8
62 56 72
9 53 42
33 75 79
97 99 11
23 90 83
65 25 51
37 30 40
86 78 96
91 98 93
15 80 96
86 99 67
96 90 5
52 54 38
4 73 62
33 20 88
94 58 70
74 67 98
47 83 21
55 4 7
60 81 43
89 14 1
6 54 64
82 71 80
2 32 16
10 72 9
97 93 61
55 29 39
3 65 100
27 10 71
62 75 27
6 95 85
95 62 52
75 7 78
100 99 64
63 2 55
21 40 20
83 50 97
68 7 11
64 62 63
61 80 52
33 86 1
63 19 26
69 17 81
25 23 82
76 30 25
4 39 51
13 27 57
56 46 86
42 9 62
9 93 65
34 3 17
87 67 31
18 3 45
24 8 64
37 40 25
87 56 28
48 12 59
86 20 4
52 24 38
32 75 70
27 10 36
70 97 10
51 12 70
73 51 68
12 99 60
92 8 46
43 45 70
14 88 1
86 71 78
3 93 17
31 71 65
18 76 100
91 8 90
31 95 39
40 76 21
45 68 19
5 76 42
82 89 26
2 87 61
38 10 33
83 47 70
91 96 33
97 96 33
43 23 31
51 95 95
39 87 32
61 100 67
85 97 63
21 47 81
22 87 72
89 76 37
3 31 5
80 48 60
74 25 43
31 48 46
44 84 33
98 47 34
32 92 34
97 25 19
25 46 74
86 82 43
21 90 89
27 71 91
68 87 28
58 54 26
7 80 76
88 14 90
48 67 77
83 69 100
87 98 96
99 100 85
24 77 73
73 69 91
84 14 35
66 74 35
67 7 55
6 45 68
53 35 65
34 54 97
53 73 13
39 42 99
62 58 57
65 7 41
2 21 30
45 11 13
65 27 73
47 8 44
7 98 89
87 17 51
63 91 10
98 95 80
55 29 34
14 82 53
96 65 59
50 16 64
56 83 26
41 69 25
27 43 76
37 61 46
93 57 94
72 74 100
57 100 78
30 30 69
79 85 53
80 1 84
14 70 18
85 91 51
44 26 38
57 16 68
47 1 64
73 92 94
83 98 82
54 74 1
55 34 75
84 10 86
78 41 94
33 19 44
11 40 22
88 61 47
96 17 46
96 82 49
13 83 13
33 41 98
88 26 27
54 70 20
6 7 13
77 65 23
76 53 56
65 14 3
12 59 81
67 38 6
44 97 79
87 42 29
75 44 22
66 34 77
25 94 13
17 47 32
92 17 24
86 40 4
19 26 21
64 3 65
48 73 10
43 41 25
1 35 84
99 73 91
14 34 87
12 71 54
67 54 82
49 98 58
18 87 17
93 82 90
84 21 35
30 69 91
35 45 91
29 65 60
84 6 48
20 79 39
12 54 86
86 60 49
5 58 32
89 11 69
71 41 21
42 74 89
50 49 5
3 98 32
9 36 100
66 65 70
77 25 46
6 45 41
1 20 61
37 39 25
69 45 35
8 19 6
61 19 5
66 16 20
6 56 28
13 38 20
51 3 88
61 28 6
75 58 15
72 54 68
56 44 10
12 38 74
8 24 26
5 83 44
75 39 58
34 43 72
41 12 22
88 85 54
32 88 46
4 17 25
77 91 35
61 69 65
2 73 44
55 32 63
68 28 43
21 57 92
70 32 63
31 2 58
8 76 31
76 7 42
39 60 12
53 35 9
91 62 75
29 34 81
19 74 100
34 42 100
5 100 81
87 77 9
84 50 23
21 22 92
92 9 19
13 1 25
62 87 42
43 28 12
77 38 87
85 44 81
10 36 42
47 42 71
68 29 77
11 86 30
49 54 58
85 8 58
38 25 96
90 87 30
93 79 83
43 62 4
55 9 21
49 42 59
18 69 7
45 24 91
58 18 72
10 23 39
23 71 47
20 15 77
10 6 14
41 57 52
12 44 8
40 6 58
18 87 78
97 47 26
63 56 34
81 82 22
99 96 30
9 42 99
85 11 1
48 97 69
97 21 53
69 45 92
29 21 67
40 12 43
7 72 29
85 75 40
37 89 29
65 52 19
21 38 74
78 52 94
23 53 83
83 15 42
40 40 58
74 81 22
63 19 88
26 70 98
96 87 40
67 58 58
55 87 15
45 14 51
64 75 76
61 62 78
90 57 31
54 16 28
53 3 21
28 48 100
2 4 10
80 73 74
53 56 54
61 70 74
86 82 5
4 32 91
21 17 48
76 9 67
22 17 100
16 90 7
82 24 91
94 35 29
77 91 12
54 93 84
3 42 23
7 44 1
89 75 49
37 76 9
65 98 62
20 24 55
76 29 31
78 91 88
12 23 15
24 20 99
38 15 2
20 5 74
94 3 33
50 86 78
90 73 45
18 43 40
13 71 81
50 82 81
28 97 38
33 20 21
90 50 93
23 73 13
85 43 94
24 48 58
65 16 73
71 49 47
60 43 26
74 100 68
34 6 99
90 68 15
61 64 91
1 96 69
5 28 91
91 17 19
67 50 65
92 46 40
46 38 37
100 10 79
3 86 91
34 35 25
91 25 49
9 88 90
25 4 5
81 68 90
88 10 7
33 94 13
4 59 12
67 49 1
67 4 23
9 51 71
60 28 74
76 69 9
34 53 44
32 19 3
38 31 42
63 4 43
67 84 24
33 72 81
15 26 68
80 30 51
11 43 6
13 70 100
55 3 18
31 25 46
68 12 21
63 70 67
39 1 19
59 75 36
32 20 78
75 68 2
68 26 70
25 44 24
29 69 10
70 15 20
17 35 69
61 14 9
50 98 92
38 16 9
39 69 94
10 63 86
75 96 51
54 70 89
5 45 28
23 63 35
27 98 58
15 95 53
32 66 29
20 83 86
15 9 91
28 39 69
49 36 56
39 38 77
12 20 25
38 58 37
13 63 8
80 63 65
16 20 53
42 51 26
36 33 91
71 12 7
74 85 33
38 90 13
64 82 6
37 87 37
90 44 97
23 63 24
28 1 4
12 57 55
89 87 93
70 43 78
78 16 68
9 2 55
16 43 62
75 96 3
3 97 23
17 100 89
81 83 48
31 100 18
55 87 60
82 69 100
32 87 100
13 51 35
90 93 63
63 79 97
36 64 66
64 44 24
21 96 57
81 72 87
97 24 32
39 32 11
74 90 62
65 9 37
25 26 33
50 33 9
1 32 78
64 89 65
66 58 42
69 88 72
46 25 16
43 46 34
39 52 46
89 18 29
87 99 21
65 93 23
34 10 51
26 45 9
79 49 72
15 48 31
85 25 27
36 48 92
76 73 9
97 96 1
89 44 51
88 54 10
98 81 27
29 71 70
91 8 9
46 34 31
50 72 68
55 99 85
72 46 73
99 29 85
1 78 72
7 17 1
41 74 34
80 58 8
100 83 38
94 70 87
34 45 92
80 45 71
100 35 73
68 59 66
13 71 96
39 48 71
35 42 19
92 39 3
12 53 82
74 26 48
40 67 87
68 11 13
25 42 17
59 85 63
90 92 31
80 43 97
11 29 79
17 82 16
62 6 92
98 22 66
15 65 37
17 88 89
52 34 9
31 9 43
92 82 33
29 19 71
98 23 31
28 60 92
69 71 88
94 85 63
65 9 100
64 10 51
22 23 38
3 26 64
61 41 77
70 47 27
39 95 85
16 73 37
23 37 37
15 83 34
6 52 93
84 55 61
32 98 19
96 34 94
50 43 100
30 51 33
66 75 30
89 84 6
37 90 86
22 9 75
28 64 76
93 10 45
60 22 5
78 23 80
8 13 46
9 58 23
78 46 87
88 7 79
26 50 93
75 64 32
19 79 23
54 15 7
58 49 19
98 34 30
64 66 5
11 89 30
94 36 26
86 63 93
20 97 54
63 28 5
4 16 49
71 35 63
57 22 38
9 40 35
61 6 56
89 11 17
25 50 3
43 86 62
49 64 60
29 67 9
88 75 41
12 52 78
10 90 10
13 21 38
40 41 73
41 14 89
21 100 17
16 56 41
50 62 44
27 91 66
91 37 80
96 36 54
46 64 52
54 66 20
47 72 67
70 52 68
23 26 38
76 83 71
98 93 76
67 22 50
80 83 31
81 20 100
43 57 64
12 94 42
81 12 28
40 96 69
81 64 35
60 77 93
5 54 91
61 37 68
15 3 66
81 98 25
5 85 61
67 21 22
20 39 34
33 61 5
97 92 92
51 84 94
63 79 17
97 20 10
2 59 93
35 8 56
7 96 68
76 25 53
43 48 2
43 93 20
92 96 82
45 41 7
87 3 58
92 50 75
12 52 77
21 12 54
53 8 45
45 15 67
20 69 5
54 86 22
28 74 46
77 50 76
11 32 6
60 20 49
82 3 43
8 23 46
95 88 2
58 30 91
80 17 72
31 98 55
23 39 12
32 4 22
70 72 25
82 87 61
27 41 60
18 3 51
16 60 13
65 50 53
52 59 6
32 25 29
41 35 15
99 67 67
54 1 47
7 47 14
47 2 18
8 88 42
56 13 10
70 11 17
36 13 40
47 12 89
36 82 43
38 84 68
93 69 77
50 68 62
7 26 53
13 24 43
86 97 55
24 54 27
66 60 99
13 70 95
10 13 39
14 48 93
9 6 30
38 9 49
54 51 44
9 33 26
92 17 39
60 59 71
40 53 56
79 19 38
54 43 86
15 41 42
29 34 21
54 71 73
59 72 29
77 1 10
86 95 35
32 80 6
59 37 22
96 12 61
21 38 8
24 23 62
50 39 59
1 49 6
30 35 39
28 2 87
46 46 87
12 28 64
27 26 74
12 93 28
28 2 15
50 24 76
72 10 1
45 24 71
25 85 38
3 84 34
51 93 57
47 17 53
25 56 87
100 12 38
97 91 71
17 71 79
56 64 57
66 63 100
56 56 20
80 41 20
85 28 79
66 36 62
90 27 52
25 59 25
61 7 28
66 72 44
23 80 69
64 2 42
91 72 57
89 26 12
35 63 92
44 92 67
95 91 4
10 81 2
6 49 41
67 29 64
42 76 80
12 61 50
57 28 46
82 32 61
95 12 20
80 21 56
44 83 82
5 62 53
41 13 100
10 32 2
46 44 19
50 97 97
58 61 23
9 48 73
97 93 88
14 40 97
63 27 57
17 56 97
40 10 34
2 41 31
36 78 73
93 45 98
27 94 39
19 76 44
73 63 76
84 41 33
18 52 100
35 67 1
69 62 8
43 67 13
88 50 1
65 10 15
39 43 30
5 48 26
61 98 96
32 75 52
69 90 55
9 59 82
29 47 35
24 5 97
32 90 77
7 81 3
74 25 35
52 30 37
4 70 79
13 91 71
82 57 50
48 81 13
44 97 6
32 5 100
47 76 68
19 27 55
59 65 66
40 34 75
49 11 55
88 78 80
22 39 97
62 12 38
54 39 94
57 86 34
88 76 64
69 74 11
61 50 84
82 13 80
30 28 57
24 35 24
78 78 83
45 59 67
13 30 77
90 70 10
86 57 62
19 9 4
41 66 31
81 11 66
33 66 10
35 44 17
11 4 86
51 66 78
36 42 3
91 18 35
10 25 76
54 16 12
86 68 82
41 80 24
41 5 60
35 39 79
57 64 37
52 41 41
11 41 9
89 34 39
75 56 95
100 7 56
3 12 74
18 2 47
44 62 28
17 36 41
1 16 77
20 56 99
75 60 50
14 95 11
15 35 25
28 58 71
53 24 13
97 87 35
33 95 97
39 26 41
21 87 8
93 57 35
17 17 27
33 42 54
77 29 88
87 20 82
62 24 2
6 63 1
85 89 9
33 80 12
8 94 84
76 10 81
54 15 64
8 85 16
36 56 24
70 25 12
21 75 70
94 89 79
31 4 13
45 65 80
14 50 24
68 7 53
97 65 89
85 82 45
98 34 57
81 98 15
11 49 8
64 90 95
74 39 76
65 91 36
67 14 100
81 47 17
90 19 50
40 60 48
2 94 59
1 2 64
47 1 71
36 41 93
19 53 33
44 45 34
35 73 87
44 99 99
55 8 60
16 81 61
77 74 36
32 65 92
55 34 90
61 67 87
48 50 18
5 100 70
81 54 83
31 63 11
86 69 3
99 23 90
75 25 92
81 79 58
62 5 82
41 58 29
99 23 38
66 26 83
96 49 59
43 42 59
77 72 69
43 12 46
65 13 40
1 57 25
4 90 77
19 16 87
87 67 64
48 82 36
88 74 46
6 19 18
100 99 68
56 25 83
33 65 91
36 12 62
29 84 86
63 99 4
82 18 33
63 38 23
60 27 98
82 59 53
62 69 49
52 1 27
94 18 71
44 39 24
46 8 1
95 15 80
41 34 51
93 34 47
13 34 70
67 83 37
42 87 91
83 90 51
63 78 36
96 77 21
49 90 92
76 88 36
11 47 54
84 35 28
7 34 11
98 25 62
43 3 83
52 12 4
88 73 70
21 55 49
71 93 82
95 63 21
54 30 39
7 63 16
63 14 58
32 97 88
73 16 57
85 54 55
35 55 2
98 52 2
90 34 14
82 23 18
74 51 26
54 41 12
22 80 32
77 67 58
24 87 58
85 53 73
7 92 20
34 78 20
48 3 45
93 68 34
14 3 35
6 45 98
8 82 50
17 92 34
53 71 92
77 80 63
60 22 33
63 68 4
1 5 14
35 91 92
48 8 62
17 24 12
78 50 81
57 51 30
65 29 76
17 38 11
76 87 29
60 11 58
86 60 47
30 73 71
97 64 45
30 72 65
34 96 48
19 55 85
4 64 35
49 63 46
54 28 84
33 92 46
77 53 75
79 31 50
57 76 61
4 31 89
16 4 11
60 26 33
30 33 5
93 14 56
20 56 44
80 50 48
1 77 23
18 72 49
30 87 82
42 70 15
51 85 9
38 52 75
79 62 35
68 41 44
42 99 47
30 27 51
9 63 26
80 37 46
95 36 48
86 91 77
86 25 38
91 6 24
29 84 73
91 35 43
52 7 25
86 18 44
25 79 76
32 21 27
49 31 19
59 63 97
45 94 93
78 59 16
42 39 40
58 9 6
44 13 68
82 21 25
89 59 83
11 2 40
76 91 77
67 24 15
60 52 72
60 77 11
65 9 35
43 84 84
32 78 51
41 9 64
57 95 82
33 91 90
90 14 77
70 3 68
68 37 40
98 65 2
72 68 80
26 71 91
90 74 65
54 1 37
11 98 25
82 84 35
81 41 62
71 56 9
24 40 66
59 84 100
96 25 75
58 87 13
55 31 80
27 57 83
48 33 23
100 10 19
75 69 78
3 62 29
96 77 66
67 53 10
32 91 90
13 37 50
44 33 85
73 58 95
91 59 97
18 83 29
13 5 45
87 64 29
40 66 78
8 36 83
5 17 47
43 39 98
49 50 11
65 60 29
26 93 85
80 48 16
43 33 38
73 89 5
69 80 51
36 47 1
83 59 33
2 52 47
39 14 8
35 91 42
83 62 78
44 29 15
49 26 1
23 12 83
71 51 77
73 75 82
30 32 3
26 26 10
32 90 74
14 100 94
76 2 55
43 69 71
72 90 23
27 74 79
8 25 80
51 81 63
80 38 91
4 85 77
99 46 95
44 45 15
52 65 1
57 41 64
83 11 27
13 22 41
24 17 12
54 57 35
23 73 63
9 57 34
29 68 36
95 95 97
41 9 34
32 91 35
87 87 89
51 81 4
44 49 52
34 95 52
63 13 85
73 83 26
25 6 6
55 94 98
80 21 69
15 30 73
96 60 28
35 90 14
8 62 55
48 74 90
38 58 73
83 15 69
46 10 41
35 21 17
26 95 82
67 34 67
52 4 45
92 46 24
81 59 14
66 32 83
23 100 5
63 82 38
88 85 44
62 40 62
20 91 89
94 38 67
25 88 61
81 95 99
36 5 77
69 14 76
81 2 93
75 47 43
70 19 95
97 81 54
45 10 10
18 8 61
96 67 64
24 60 75
31 8 40
24 74 18
40 18 51
82 15 76
18 78 90
74 80 5
60 90 55
60 99 2
9 21 45
78 36 90
16 29 33
13 71 8
79 48 9
22 94 93
97 67 18
82 98 13
34 56 77
53 19 69
97 94 50
7 25 6
8 13 52
27 14 50
98 40 20
7 76 81
40 43 32
34 7 62
83 63 33
6 70 80
69 13 43
57 90 78
31 28 52
70 21 37
54 78 81
48 28 2
29 41 29
89 50 75
82 85 60
14 20 29
95 28 9
41 43 55
68 44 71
57 64 71
18 60 23
4 42 29
4 16 22
56 23 81
95 58 97
51 7 16
98 92 65
26 62 38
95 78 21
62 32 37
89 55 40
5 68 65
68 55 94
49 21 6
1 63 64
81 53 20
54 92 40
78 21 84
42 71 33
36 90 18
89 17 92
59 59 91
7 51 32
9 21 83
91 61 14
10 84 26
65 100 84
17 54 78
10 24 66
77 4 64
35 16 96
53 91 96
21 22 38
31 5 84
85 61 48
93 94 45
80 60 79
91 97 75
93 69 64
35 28 75
11 62 96
16 86 83
82 22 27
69 60 30
39 71 30
28 58 59
75 70 8
45 26 27
88 45 59
8 70 75
71 12 10
51 41 32
85 49 67
72 52 70
82 84 79
46 40 45
44 71 12
9 12 23
68 84 100
4 5 15
46 68 80
78 33 41
64 4 50
53 12 41
13 24 89
59 33 50
18 85 11
41 10 94
12 64 29
9 61 41
59 51 71
88 7 97
40 58 56
47 18 44
16 6 90
15 55 86
30 27 37
95 6 69
7 2 4
40 90 44
30 87 78
34 42 17
70 20 96
12 37 18
28 67 36
30 55 16
18 64 72
30 49 1
64 5 24
69 83 47
79 68 43
88 100 80
46 28 96
82 97 31
99 35 29
75 95 62
74 78 15
33 57 61
53 81 47
67 87 100
71 79 57
51 23 36
81 98 41
82 23 40
80 10 97
50 15 20
67 52 70
85 70 24
92 94 80
92 9 35
64 27 24
80 40 18
6 27 40
38 85 33
29 68 16
98 59 80
87 96 20
45 46 2
22 33 61
44 18 31
77 97 81
80 53 86
81 28 3
4 60 24
25 45 46
19 5 31
4 51 90
30 8 47
84 77 66
8 36 88
23 91 47
4 42 86
69 43 52
33 93 68
23 20 37
85 75 95
56 77 8
19 80 69
100 37 73
10 94 75
41 31 29
71 35 43
55 36 38
51 78 64
87 60 22
46 68 25
61 33 34
87 19 22
45 8 92
2 39 77
74 80 98
31 77 15
8 70 58
31 35 95
52 18 41
20 83 31
35 94 39
8 46 62
45 9 83
74 52 6
36 61 87
12 62 98
10 42 13
95 5 13
11 85 92
5 66 19
43 82 39
1 60 24
35 22 14
34 44 35
43 35 37
27 52 73
86 87 85
2 66 54
22 98 85
36 78 14
2 96 74
22 71 65
16 68 40
57 29 37
61 41 41
76 20 57
90 32 16
93 74 15
78 59 82
24 76 33
24 43 28
83 82 99
18 37 21
6 79 38
72 76 27
21 1 41
25 6 14
57 79 90
45 98 89
74 66 31
61 13 19
42 23 59
13 37 88
66 32 48
75 59 82
21 61 29
31 98 51
44 38 36
66 5 27
46 52 86
86 53 73
18 95 74
58 91 14
34 99 91
98 71 31
49 83 90
28 30 51
87 33 4
87 17 99
89 3 56
34 58 12
15 58 79
7 74 87
78 22 1
22 70 94
50 19 58
20 36 89
9 60 85
32 10 24
99 80 29
13 10 64
1 74 73
82 38 16
13 50 89
64 1 7
62 21 30
67 26 98
21 56 28
62 45 41
90 39 36
76 7 80
69 79 86
97 39 46
9 30 99
89 91 85
39 48 69
41 37 52
11 20 17
46 59 53
6 72 35
89 14 3
30 4 80
9 81 15
49 89 85
62 10 58
91 31 19
72 74 90
56 50 99
10 17 97
73 22 38
12 86 57
40 64 34
73 13 26
59 39 16
63 42 57
16 15 26
31 31 91
76 17 70
23 23 90
82 19 61
2 25 59
2 98 87
66 55 20
3 20 50
77 59 94
8 76 19
88 16 58
33 67 14
34 15 2
98 60 9
34 66 15
19 100 84
44 45 27
65 85 87
44 53 56
51 86 46
28 93 35
97 78 31
99 90 62
45 19 57
29 86 12
19 30 14
93 35 44
76 58 85
69 39 34
82 60 50
37 89 20
77 4 24
73 73 21
65 29 53
31 46 54
79 86 56
47 78 90
100 72 73
40 15 7
30 74 83
98 82 58
33 38 20
70 40 20
95 56 63
89 16 21
33 98 60
64 65 58
54 41 37
36 90 12
17 25 70
40 97 63
10 67 72
72 67 65
42 56 58
89 61 25
88 79 92
16 73 99
76 29 79
72 53 62
10 24 99
91 87 93
7 94 85
88 39 31
29 95 25
6 35 76
36 1 49
11 7 35
77 13 87
92 46 60
34 29 88
43 39 88
88 52 79
41 59 97
72 44 12
35 40 100
74 98 65
24 5 4
40 80 37
97 76 69
89 69 18
12 5 9
66 50 72
35 51 39
70 19 84
1 9 2
66 91 14
31 80 34
53 85 56
17 44 37
56 25 14
78 18 54
48 29 10
7 95 94
89 79 60
26 10 79
82 32 54
19 74 6
24 96 90
85 70 89
84 80 19
13 19 22
92 15 19
11 32 51
9 88 52
24 12 72
53 60 80
4 51 75
80 67 89
42 74 86
20 63 42
57 4 74
98 60 72
57 57 85
18 55 23
77 57 69
9 33 60
20 66 71
37 55 46
17 94 96
50 48 70
9 26 72
48 30 4
66 22 81
80 11 82
23 68 33
19 46 46
98 87 89
65 87 40
40 94 29
62 44 75
47 23 33
91 30 54
45 63 93
76 12 2
89 56 31
75 15 99
28 90 6
83 67 16
48 18 31
1 23 100
80 38 33
88 2 58
16 15 65
37 2 75
89 6 6
35 77 17
81 40 94
97 33 85
82 51 95
34 51 16
71 51 68
10 95 92
64 54 56
11 7 33
78 90 6
13 73 13
10 93 81
36 98 79
8 42 42
95 62 73
64 71 31
58 37 47
96 20 48
18 77 66
7 67 81
12 86 7
11 72 58
77 43 69
92 79 18
82 47 74
95 27 77
94 11 100
85 53 83
74 58 39
7 83 47
54 28 92
29 51 10
49 94 45
31 35 75
74 78 71
18 9 91
52 34 87
87 57 50
55 43 1
33 12 79
47 68 59
87 73 50
29 17 92
69 38 37
25 85 70
9 85 14
5 74 74
24 14 95
22 37 57
69 36 66
4 12 82
87 71 92
52 40 86
31 52 91
45 85 7
1 79 27
56 69 53
11 98 99
45 53 45
4 16 37
33 35 9
90 26 39
99 45 14
62 100 90
28 3 75
70 1 78
96 97 63
16 16 27
50 24 56
70 42 63
34 50 35
45 82 79
6 72 6
44 41 41
84 80 34
54 62 71
74 93 89
73 96 27
92 25 67
20 71 40
92 14 55
54 42 71
49 58 87
22 13 74
37 19 96
34 17 45
12 63 85
89 30 53
43 86 73
90 35 63
48 27 84
85 22 9
19 52 1
88 20 20
44 29 97
46 61 64
82 1 100
91 53 81
1 74 61
80 57 42
53 32 10
79 46 16
39 14 60
49 55 8
92 15 20
96 14 36
48 88 41
21 96 5
53 96 93
63 35 28
25 99 56
8 89 89
100 9 88
28 100 74
70 6 1
95 3 56
21 40 99
56 61 56
13 16 79
67 4 60
93 7 83
32 15 81
13 36 10
75 15 54
43 22 45
29 14 23
21 77 21
73 65 61
24 86 77
55 7 81
67 63 69
34 91 3
78 53 3
27 74 29
19 31 59
89 28 76
38 46 34
56 65 56
54 24 8
28 39 14
94 4 91
33 85 44
5 63 2
22 84 93
14 40 48
46 17 70
72 28 77
95 43 70
19 28 57
81 27 93
54 17 38
73 1 73
25 53 86
89 25 97
17 13 91
6 44 21
23 95 39
86 38 6
51 54 5
76 52 93
96 58 19
73 48 51
53 68 64
75 48 11
41 69 9
87 82 5
66 27 12
96 18 73
90 74 61
99 57 54
43 39 44
45 44 37
31 94 74
80 43 54
45 75 77
48 32 5
97 54 12
29 96 72
75 70 79
55 33 79
87 74 69
86 88 84
39 34 17
68 11 83
26 69 91
68 84 36
10 2 15
92 26 15
20 67 11
80 67 82
44 31 3
93 10 86
21 45 84
35 8 81
99 17 22
84 83 91
40 91 56
43 97 91
22 56 20
95 85 44
84 67 23
91 80 84
44 85 44
83 43 21
94 30 82
61 25 85
15 95 47
42 28 87
15 3 66
81 83 41
38 82 82
51 70 83
92 86 28
6 3 63
77 80 10
30 95 62
56 33 12
9 3 9
26 27 47
69 81 30
18 24 90
66 41 79
96 30 32
69 98 69
86 21 49
69 27 8
8 29 83
17 17 45
65 54 18
73 60 50
83 72 15
2 2 68
6 23 16
16 97 83
30 72 37
64 89 47
52 24 29
47 84 94
4 38 77
86 63 79
41 10 6
10 80 79
40 68 67
79 27 70
66 84 71
92 37 13
29 71 26
86 2 75
49 31 88
31 84 72
75 94 12
43 55 50
37 34 69
19 63 27
15 66 43
12 16 42
9 26 92
99 80 96
82 67 49
72 56 47
68 19 5
47 100 13
4 15 42
90 10 80
72 72 59
47 66 60
61 54 38
90 85 80
58 65 60
52 47 68
21 29 27
76 49 22
71 6 62
80 45 54
14 39 75
42 76 76
24 28 62
6 22 54
29 41 64
4 42 80
76 97 8
30 83 24
49 29 67
23 64 100
23 58 57
86 51 92
98 46 46
97 79 86
59 40 89
24 91 14
64 46 76
54 23 27
64 40 19
83 93 76
95 57 57
55 53 98
10 87 47
6 16 78
58 20 11
86 24 17
94 75 62
61 84 49
38 39 78
58 50 49
91 78 88
53 25 71
43 94 25
21 60 82
44 14 83
30 19 53
39 7 89
69 4 73
59 27 27
1 87 67
43 97 97
37 98 69
39 62 61
53 79 79
19 87 13
73 74 67
59 29 58
57 77 76
43 34 25
98 15 54
9 42 99
16 11 61
95 93 94
91 67 2
41 87 74
77 3 92
42 14 61
54 53 19
60 30 83
33 35 59
91 11 92
96 17 7
21 83 26
18 3 87
82 21 50
80 80 28
37 35 62
23 64 41
88 83 71
20 98 16
16 55 61
97 31 16
10 97 80
71 38 49
82 86 97
60 73 59
52 49 1
14 59 73
2 59 81
18 39 24
16 41 74
75 39 34
16 49 77
50 58 25
25 9 26
24 90 73
96 83 2
17 63 61
9 60 63
48 59 17
5 40 62
41 47 71
86 18 33
43 53 49
95 44 8
26 32 82
31 24 97
15 89 19
31 69 91
32 17 26
71 13 18
94 17 22
68 19 96
98 7 70
43 14 17
67 12 25
17 36 77
57 54 28
94 55 87
83 97 65
89 73 34
46 8 62
23 55 32
81 93 44
23 45 55
52 61 63
11 25 49
28 11 61
62 69 52
46 31 28
97 73 26
46 11 81
31 40 93
15 99 65
88 20 46
36 30 23
36 46 96
21 20 37
72 74 1
16 99 81
93 2 83
42 46 55
74 16 36
83 60 83
44 80 51
12 14 78
20 15 57
22 59 27
90 84 29
74 87 12
97 25 62
85 57 89
63 100 83
19 86 23
76 46 45
6 41 42
15 62 26
65 42 41
10 69 82
16 98 68
85 18 24
75 17 5
14 77 43
46 38 26
13 60 37
96 5 11
81 89 85
72 19 89
30 2 9
99 6 69
23 76 97
95 95 68
7 50 63
34 9 73
58 32 86
27 26 20
4 51 44
100 35 54
51 74 55
27 8 24
67 5 47
56 26 48
68 20 90
52 46 35
22 8 3
46 23 37
95 51 37
16 99 33
52 49 60
93 2 9
34 30 67
5 61 15
13 65 4
22 92 57
8 1 81
35 32 16
82 51 70
92 8 44
74 3 25
90 99 15
67 33 72
83 70 84
97 66 93
84 28 52
7 79 28
9 78 14
13 74 61
66 51 5
23 84 23
44 61 64
31 28 76
27 12 88
55 8 31
15 29 46
4 93 2
62 71 78
59 20 79
69 40 33
49 39 58
90 16 31
16 26 83
56 66 65
80 32 7
77 48 30
1 1 82
57 44 27
28 58 100
3 26 1
97 59 17
36 75 74
7 21 47
61 83 74
29 59 30
33 40 53
48 1 14
81 97 26
18 43 80
7 34 88
39 80 14
65 47 57
69 97 43
33 39 34
25 60 83
98 74 7
74 20 17
43 62 30
61 81 85
76 19 12
94 95 34
2 6 82
94 58 43
78 34 84
32 19 10
68 82 64
55 40 15
33 14 33
73 60 10
29 93 41
13 96 43
5 54 11
76 96 20
46 46 91
33 26 41
70 95 79
56 18 22
82 50 2
70 41 8
68 35 92
82 39 56
13 11 100
75 45 1
20 36 64
44 69 48
98 85 18
33 36 78
57 59 71
15 53 26
21 56 75
47 31 92
44 46 69
48 87 28
71 3 31
93 34 61
75 68 17
87 73 33
26 23 63
90 93 34
16 98 61
96 2 10
73 68 3
34 41 27
73 85 45
21 87 51
30 51 7
4 67 13
92 56 50
50 63 94
22 100 3
3 12 24
64 65 37
13 16 99
8 67 76
73 72 100
47 67 92
79 37 24
99 60 71
90 89 47
43 7 26
59 16 12
14 5 42
25 54 100
71 23 69
33 49 41
22 53 99
38 87 57
82 89 67
21 2 74
21 54 34
7 23 75
47 26 67
14 85 25
97 87 47
99 68 95
93 16 24
85 4 77
60 41 13
61 57 47
61 3 93
25 13 30
18 10 15
37 69 54
88 43 68
28 36 26
21 16 95
88 70 75
5 81 20
56 67 16
22 10 77
57 97 55
66 68 5
44 25 20
65 72 47
1 86 5
77 78 36
22 27 41
5 1 57
55 5 29
43 54 26
21 88 14
60 16 21
55 57 66
82 57 94
10 63 20
4 63 46
51 29 92
50 87 7
25 59 15
27 84 49
60 23 39
16 9 80
47 1 31
29 40 28
25 80 15
28 22 78
63 93 84
1 60 64
100 89 72
74 49 64
39 12 19
56 47 34
13 47 95
96 64 46
87 77 73
89 69 51
24 27 58
35 61 98
31 52 43
16 48 84
25 53 97
39 9 88
34 2 76
95 8 7
21 49 8
63 95 93
35 92 61
22 47 79
89 61 49
55 27 89
4 93 9
76 88 68
92 74 97
15 65 13
98 28 52
40 14 57
82 13 37
19 28 24
47 3 72
47 53 8
3 31 79
39 39 81
38 78 78
95 12 81
74 59 51
13 80 80
4 33 12
70 97 76
11 32 78
30 82 71
12 20 41
13 62 37
86 52 8
7 61 45
70 72 55
83 52 5
94 49 79
91 41 24
2 39 17
10 18 70
32 84 53
35 94 40
36 21 89
25 26 99
99 43 47
94 18 39
8 86 76
20 29 97
29 44 17
11 92 80
84 100 43
45 86 7
44 100 73
7 79 82
64 40 11
3 91 56
91 53 75
95 67 2
67 7 25
35 6 89
15 94 59
11 44 90
79 28 59
25 88 98
35 79 86
69 27 51
26 20 17
4 40 4
22 53 78
42 92 77
44 97 66
41 89 1
78 10 67
50 15 29
22 24 82
51 70 35
55 78 83
28 86 98
4 86 88
53 46 23
69 49 5
30 94 23
76 14 44
73 20 11
42 12 29
90 4 89
66 40 75
1 70 88
47 66 18
85 2 46
50 10 55
61 23 13
19 83 15
86 30 92
17 32 67
35 38 21
34 25 97
42 87 95
8 75 59
85 89 57
3 67 60
45 5 98
71 44 27
66 82 79
54 50 72
15 70 24
94 87 36
38 29 73
23 84 93
65 97 85
39 79 94
95 15 38
31 65 43
80 99 43
80 23 46
16 74 11
94 77 90
86 56 12
81 61 6
41 94 6
5 1 77
83 13 49
50 19 38
78 25 83
1 56 96
82 19 93
4 36 79
17 77 4
38 12 96
2 14 60
82 14 73
55 15 40
59 56 85
41 83 95
19 40 34
42 26 10
50 73 21
75 13 54
5 40 86
2 7 60
87 17 71
90 1 33
62 96 65
32 98 68
71 14 91
94 45 44
19 55 66
29 16 18
66 7 19
16 46 48
34 97 80
75 52 76
32 91 1
85 31 63
75 9 25
93 81 65
50 38 72
56 82 83
9 13 89
24 7 62
3 23 71
63 68 20
35 12 25
10 44 24
64 60 80
64 43 28
36 72 77
92 55 30
26 76 29
29 94 92
27 67 1
63 12 62
76 23 31
65 67 19
83 29 85
28 28 51
41 38 79
18 31 34
100 59 54
11 4 48
81 84 80
27 10 25
25 53 30
5 11 87
36 95 41
47 25 2
71 91 25
26 10 85
48 56 83
16 10 17
92 47 83
39 9 22
55 45 1
9 27 4
26 5 74
57 89 77
93 78 1
52 78 44
5 15 93
93 58 64
59 76 58
59 85 27
69 69 74
53 36 6
26 44 17
13 26 58
40 55 22
42 45 95
69 45 98
5 26 47
30 52 38
54 16 41
3 47 89
78 64 18
76 10 53
47 12 75
85 41 43
41 89 69
73 36 73
34 23 66
50 45 93
79 57 43
75 51 27
38 2 80
17 83 41
9 80 28
90 41 69
75 39 85
29 64 12
55 95 30
49 16 68
75 72 7
82 63 21
100 27 61
95 42 94
99 61 99
4 17 91
87 27 52
11 18 24
24 20 65
66 4 54
37 91 44
32 96 13
31 94 63
87 51 56
43 57 57
10 59 90
51 79 92
15 84 31
31 43 2
3 86 87
2 87 2
29 42 21
99 71 8
11 98 92
62 5 61
12 3 22
83 82 25
63 61 4
72 60 32
56 97 93
51 66 56
27 98 22
29 43 35
15 16 34
65 59 73
29 50 36
26 50 50
92 36 21
18 45 84
52 12 72
21 45 35
46 63 28
73 9 93
2 26 28
5 51 83
70 91 61
97 98 49
14 89 42
34 59 29
34 99 96
99 60 10
39 23 34
39 47 89
4 7 8
82 89 34
57 17 48
86 48 20
76 49 65
88 30 8
93 61 56
13 94 17
16 67 14
22 51 11
95 67 100
78 11 38
19 64 89
16 31 18
30 39 67
21 94 50
46 82 46
1 88 65
68 39 12
41 84 80
48 18 65
52 77 55
81 48 57
94 49 14
34 69 97
19 91 73
100 28 11
22 80 70
33 79 34
77 14 69
34 85 100
86 71 10
57 61 28
81 85 74
90 57 47
16 59 26
61 16 82
47 17 15
10 77 35
42 89 71
21 99 55
77 5 59
8 47 7
12 12 37
89 72 51
50 37 8
54 92 75
68 47 28
52 84 73
31 95 83
88 15 30
72 38 72
89 65 55
64 88 47
82 31 62
72 33 53
14 81 42
2 74 91
31 23 42
82 87 10
18 11 80
24 67 44
41 92 35
87 7 93
28 2 47
29 55 92
14 28 93
62 11 6
68 16 19
30 26 61
100 68 99
97 57 24
29 83 77
31 91 92
3 75 9
70 4 7
28 13 23
88 66 22
39 30 26
46 41 12
38 62 24
63 68 76
68 90 43
84 66 1
73 53 98
5 27 44
49 90 79
27 45 7
20 33 57
93 52 44
31 77 28
95 40 48
84 24 25
93 79 50
43 15 12
69 12 4
37 12 29
100 35 86
40 44 4
42 64 46
55 39 85
77 42 54
78 6 98
18 25 92
50 42 71
89 74 49
5 43 6
85 43 12
61 51 42
49 73 35
18 90 45
46 16 28
93 91 58
11 18 21
18 47 88
27 46 4
52 28 61
81 45 68
95 55 33
99 17 24
91 98 63
71 93 33
10 22 21
84 100 56
10 78 100
16 36 12
15 68 73
35 39 1
59 45 27
43 61 79
34 15 30
43 73 80
10 20 66
15 56 78
80 9 3
72 82 36
37 74 58
2 71 30
82 95 94
11 40 59
13 99 71
35 82 85
95 21 1
38 14 8
46 13 25
93 89 26
67 62 44
100 35 37
73 54 87
60 23 76
15 47 49
83 50 7
74 53 54
92 32 83
60 100 41
93 94 17
93 69 1
25 62 46
72 2 50
26 8 43
65 6 94
2 8 6
12 46 15
83 62 19
10 98 94
14 20 14
46 81 77
46 86 46
3 98 85
86 33 53
88 95 15
9 89 60
7 42 19
96 23 53
90 21 88
53 28 60
29 57 93
29 26 83
23 13 5
78 87 4
80 22 90
13 85 59
35 94 83
12 98 61
98 19 98
76 75 40
25 9 81
45 71 32
14 76 99
19 19 34
62 27 60
94 54 55
78 79 93
13 5 5
72 4 86
36 50 78
26 56 27
79 22 40
64 24 89
9 86 58
22 40 32
21 36 67
32 5 98
77 53 17
71 91 78
15 50 50
51 28 72
1 35 39
56 86 77
66 34 3
8 39 60
37 63 34
89 15 29
52 85 63
6 48 37
3 70 75
36 98 37
28 60 66
77 69 53
70 23 72
47 41 32
15 57 7
98 38 95
8 89 47
40 43 68
72 26 21
8 66 55
17 38 73
46 80 25
77 63 85
26 64 46
8 50 60
46 13 100
53 61 27
81 22 7
82 83 57
59 5 4
73 8 15
98 56 89
88 79 86
95 18 87
13 82 36
47 52 15
31 63 69
84 2 64
33 52 66
88 79 66
44 40 96
40 76 66
18 93 87
43 27 44
42 29 31
82 63 38
54 90 97
13 27 11
10 6 47
18 1 73
12 36 80
38 43 36
53 92 33
87 32 13
64 97 82
98 87 82
75 21 76
89 89 97
3 70 79
72 65 32
24 11 38
90 33 51
79 90 80
69 16 21
9 94 20
60 38 23
44 39 39
40 47 98
86 19 86
82 83 33
92 83 47
14 53 92
57 33 21
7 33 94
50 39 28
91 17 1
10 82 80
60 43 31
57 99 64
53 55 46
60 8 79
42 18 61
90 49 77
28 57 95
37 86 28
37 42 98
24 65 93
41 77 63
22 71 81
58 24 52
64 99 19
35 95 11
92 34 85
28 60 79
73 94 86
2 32 80
46 16 56
40 21 3
9 79 1
35 72 1
11 34 24
60 70 3
21 57 34
38 43 89
82 82 40
79 86 58
52 63 83
62 87 51
30 12 16
51 47 66
53 76 36
18 86 73
64 6 29
63 9 32
72 85 80
18 86 57
17 85 97
43 70 4
98 84 66
70 51 57
40 99 6
91 35 79
33 41 69
94 25 38
59 27 99
5 44 46
26 13 78
48 15 62
87 1 27
40 22 74
22 37 91
31 71 78
90 32 54
66 48 99
30 18 24
44 66 46
69 27 43
67 83 68
94 24 81
39 58 24
34 24 18
40 35 74
92 31 9
52 76 27
77 91 58
86 63 10
98 21 40
65 94 68
71 59 54
89 70 6
19 11 40
81 91 33
43 68 24
90 2 22
30 2 93
2 3 94
59 94 87
38 69 6
22 77 33
64 68 86
7 24 9
73 45 22
75 75 93
42 94 13
48 31 46
74 7 81
8 75 54
90 46 65
86 69 86
94 67 80
1 81 70
83 18 92
13 71 65
37 65 70
19 20 24
49 39 22
5 16 48
7 53 68
96 2 56
66 85 92
15 48 2
13 64 52
83 68 60
45 23 30
27 46 3
37 22 72
99 54 76
56 4 64
33 56 97
3 52 70
23 3 16
68 68 65
17 15 40
23 87 21
61 39 22
48 100 88
42 63 71
38 74 67
12 40 71
23 81 33
69 43 79
91 23 22
41 74 31
7 41 30
12 45 100
16 10 74
11 96 52
28 32 26
28 59 68
5 52 18
58 53 54
58 26 66
32 17 25
21 43 72
6 19 39
15 46 44
95 83 9
10 58 17
63 56 93
49 1 70
11 88 93
98 27 23
72 93 83
12 60 51
97 11 35
4 79 60
85 24 83
67 89 70
25 49 69
23 64 17
63 56 51
12 76 42
8 91 67
80 52 73
39 31 17
3 62 100
56 51 74
52 57 57
94 6 30
97 79 51
85 82 1
24 67 12
9 18 50
46 48 18
34 99 81
46 64 22
32 11 70
78 45 38
26 28 96
83 41 52
60 56 95
40 72 30
93 61 39
59 15 79
99 62 83
90 14 31
43 32 7
2 89 77
34 75 21
73 48 91
54 94 84
99 90 92
9 72 29
5 77 38
9 64 66
65 80 20
4 38 61
5 80 24
5 92 60
72 28 39
34 95 88
57 48 48
25 83 78
51 70 62
93 78 9
7 98 45
16 100 35
15 99 91
85 94 6
63 20 43
64 79 4
97 58 77
39 93 7
33 97 73
60 10 48
42 96 74
19 62 58
66 28 6
63 28 53
70 24 69
28 2 12
1 68 7
43 38 59
42 17 45
63 54 43
83 17 23
51 45 18
20 1 13
74 89 61
20 29 27
62 62 21
71 9 72
83 28 23
14 59 84
63 59 54
31 23 22
2 91 49
23 16 75
2 67 85
90 70 57
3 81 73
56 69 69
36 3 100
75 45 56
3 7 87
89 17 8
85 86 77
61 50 90
10 52 71
72 32 95
38 32 45
15 62 27
89 3 53
59 43 37
56 96 79
22 11 89
22 13 48
71 42 97
75 14 63
70 45 23
45 9 49
94 27 17
85 50 65
89 69 4
63 64 48
62 75 28
31 90 48
80 13 81
80 62 9
30 40 79
7 41 66
4 7 24
95 3 30
65 71 3
77 76 63
4 89 40
40 48 74
71 29 64
65 64 3
85 5 71
88 7 57
92 36 67
82 60 99
23 3 52
59 90 45
76 5 72
84 35 6
45 93 18
6 46 24
97 63 7
39 56 65
92 12 6
69 1 7
35 69 87
30 100 94
38 27 38
7 57 58
29 55 80
48 84 80
24 54 16
28 9 8
7 88 5
50 77 70
61 91 99
26 61 65
79 71 80
36 85 80
11 89 47
16 88 46
3 82 66
87 49 89
12 39 87
95 9 57
13 1 15
81 12 99
14 97 94
36 8 8
32 49 40
73 8 78
72 3 14
83 47 92
85 57 95
57 17 31
56 32 79
43 14 69
23 50 70
37 47 44
68 56 41
97 94 51
86 61 51
17 59 100
66 17 98
46 88 27
66 73 84
60 28 64
83 28 87
11 11 22
56 98 4
41 47 91
71 18 10
28 13 83
45 12 46
48 18 84
84 24 73
48 77 51
71 55 79
62 96 74
82 94 54
90 10 11
5 97 39
83 25 76
60 87 23
14 96 48
26 61 51
86 36 83
35 3 20
88 74 96
5 80 4
56 28 42
98 31 66
85 3 44
77 66 36
46 15 55
6 84 34
82 46 21
6 34 97
11 6 38
11 85 3
43 18 59
82 58 36
4 56 70
3 79 76
41 37 24
43 86 50
80 68 11
69 33 4
64 29 52
99 15 51
1 56 47
1 76 74
53 71 62
29 15 50
70 89 11
54 30 10
65 55 91
41 15 97
86 52 32
55 68 49
66 68 87
5 3 80
38 43 25
74 63 56
81 38 55
35 32 20
76 69 76
72 50 42
92 82 23
51 21 84
66 64 70
98 80 25
43 56 39
60 15 3
48 54 34
11 28 84
62 92 53
3 94 79
75 70 38
62 75 46
48 36 34
21 11 80
52 4 96
16 65 8
62 84 21
90 53 43
27 18 5
50 11 7
82 8 6
90 63 66
32 72 96
57 82 47
13 12 56
32 14 75
1 41 83
44 33 80
80 83 74
90 29 36
48 29 14
96 54 24
31 10 89
21 37 86
80 63 82
3 40 31
100 27 65
35 97 3
38 74 61
40 57 75
87 71 6
86 18 90
19 36 53
61 34 42
18 21 52
98 14 40
94 17 48
37 76 80
2 12 79
64 95 84
81 58 33
75 4 12
15 89 91
28 13 12
91 3 16
30 97 65
63 85 66
77 87 15
82 32 86
51 11 30
14 10 12
8 20 21
67 47 21
52 81 4
54 86 2
74 86 50
13 94 7
10 14 50
28 15 69
72 34 29
37 13 21
66 90 86
31 26 21
47 34 64
42 82 75
96 56 21
43 60 20
52 66 74
44 96 55
93 26 45
4 69 76
97 79 81
25 3 87
94 28 24
27 57 94
38 86 82
2 13 31
30 23 69
66 94 66
74 47 19
41 68 25
2 96 93
58 6 44
75 64 10
19 9 71
50 78 48
98 95 84
93 90 46
17 85 46
1 3 8
27 5 37
39 84 85
38 46 74
94 73 11
98 56 50
60 100 55
91 82 20
99 79 60
50 32 41
87 91 48
27 2 80
52 45 46
89 25 14
52 67 67
68 71 93
53 78 69
53 28 88
6 57 81
88 47 14
5 5 31
83 1 14
90 68 67
60 52 51
79 4 36
74 64 82
53 30 94
66 99 53
23 100 96
36 31 23
27 93 28
82 28 11
81 34 59
72 96 1
76 97 66
16 60 63
10 47 79
81 22 50
31 19 21
12 31 76
55 23 47
57 33 66
28 9 81
45 44 53
1 93 51
80 27 12
32 52 92
51 61 9
34 46 8
61 8 35
74 60 96
79 76 1
29 8 44
10 80 43
67 2 49
39 19 51
71 25 26
84 52 59
96 100 13
79 2 60
61 16 69
70 47 11
69 46 69
47 98 31
36 42 80
51 25 71
37 46 72
32 98 30
83 74 34
6 88 65
48 19 75
34 84 91
58 32 66
58 47 43
67 22 65
70 99 31
3 25 71
39 21 70
47 19 46
34 82 91
71 64 59
13 21 64
11 31 36
100 80 74
8 23 32
85 46 12
56 24 100
35 35 25
2 27 63
39 92 88
34 89 48
37 29 26
66 46 58
7 22 23
63 7 87
53 89 71
95 91 14
8 87 56
93 29 87
17 72 84
90 19 64
26 81 9
76 81 8
64 71 63
9 36 59
71 21 42
14 48 21
60 42 97
73 87 81
37 40 24
36 79 86
66 97 77
39 63 79
80 56 73
49 16 72
6 94 56
100 60 23
93 21 55
31 52 98
66 52 23
72 41 27
70 54 7
65 11 25
79 57 84
46 79 29
26 30 38
77 1 2
74 51 46
79 51 72
73 1 52
22 34 40
67 77 76
27 29 93
44 90 28
69 11 55
50 20 75
77 61 56
11 42 99
93 89 73
49 23 40
29 35 25
58 57 61
71 29 3
37 55 55
98 47 94
57 4 72
45 7 69
28 22 35
73 39 56
8 62 79
11 45 41
35 21 18
83 56 91
21 81 54
73 67 91
44 1 7
80 57 40
39 86 76
52 75 71
47 1 36
63 82 12
65 63 64
72 32 42
76 62 89
79 99 20
10 13 12
12 85 4
48 13 92
87 34 56
67 58 39
63 43 17
25 90 13
42 30 47
97 54 83
62 46 48
61 68 53
48 74 2
57 62 9
8 37 34
68 49 24
30 38 81
20 6 35
65 95 91
62 29 24
22 52 68
23 51 8
5 30 52
18 91 41
9 22 80
45 64 80
94 30 11
21 62 46
26 74 42
6 11 83
39 84 54
31 61 92
39 83 29
7 80 45
10 36 34
63 58 76
39 39 6
88 60 21
23 40 16
81 47 92
69 16 100
94 27 31
65 16 32
94 29 13
47 22 87
33 6 43
100 6 29
57 36 97
99 89 81
6 72 27
70 19 43
33 93 70
61 28 57
43 47 70
51 23 65
30 80 44
70 49 90
66 51 42
10 38 76
77 77 49
32 67 11
74 70 48
1 77 56
27 29 12
43 70 94
29 45 62
49 69 90
60 99 58
42 74 41
83 68 17
99 27 2
45 4 27
32 21 72
66 22 35
75 85 79
19 58 12
74 77 99
57 7 86
26 4 77
53 26 71
44 54 10
32 73 40
97 25 16
89 93 58
91 41 25
35 39 60
81 24 57
74 83 65
4 32 19
95 81 46
76 21 42
21 8 21
65 40 77
40 8 6
63 13 96
58 48 42
8 85 49
18 61 60
40 19 74
72 21 8
56 74 73
72 90 41
32 30 27
72 83 35
14 47 39
87 78 50
99 32 88
86 15 17
35 17 15
63 68 39
54 35 100
15 80 64
56 33 23
40 41 67
100 75 67
48 4 23
67 8 18
100 36 100
59 60 27
15 71 90
65 98 44
41 21 40
61 46 12
16 25 42
22 50 61
74 15 18
10 80 42
8 33 6
73 59 59
6 17 59
47 17 70
59 62 93
79 96 10
5 42 37
47 42 14
63 77 68
47 40 71
49 62 63
1 20 92
98 100 10
100 75 24
16 40 72
70 41 12
63 87 58
25 99 58
64 69 64
97 39 39
16 44 64
28 71 60
25 26 68
59 95 77
53 93 21
89 34 67
83 97 41
13 91 37
99 29 47
7 54 64
58 95 75
17 80 26
17 57 71
14 96 89
82 7 39
97 23 76
70 10 61
34 24 7
38 5 99
15 56 25
54 22 92
78 89 90
33 89 95
57 20 21
6 16 6
19 71 96
76 79 35
16 91 74
21 38 62
49 85 14
19 7 31
98 69 63
53 75 78
34 17 44
13 24 34
61 7 19
14 45 60
86 76 31
14 8 88
34 10 55
73 90 93
52 83 70
26 23 56
50 92 84
21 62 23
85 93 32
81 32 59
18 49 32
61 77 1
32 85 60
10 57 28
6 61 15
64 1 89
29 27 7
87 42 21
17 23 39
26 30 86
8 95 11
63 24 71
63 90 33
44 49 83
100 9 28
11 68 28
62 72 64
59 19 77
38 23 39
8 15 35
27 82 18
55 68 8
62 3 54
79 48 78
1 40 38
20 97 48
75 45 1
14 37 16
87 35 94
43 48 94
17 42 41
17 55 23
13 27 8
18 37 3
29 68 45
27 52 60
13 79 22
7 6 100
75 16 51
94 82 12
24 14 39
29 75 90
95 55 96
98 62 16
97 100 33
51 21 16
93 98 4
22 98 92
20 75 4
86 96 1
98 100 80
63 92 16
42 34 44
11 34 15
15 11 10
73 20 90
3 99 57
14 13 29
33 58 23
96 63 95
26 34 36
29 93 40
17 15 31
20 7 40
39 79 28
69 22 88
54 50 64
11 13 49
80 8 21
18 85 93
89 4 94
13 53 48
53 46 66
40 59 33
85 67 40
72 15 40
79 82 31
87 55 57
84 30 49
34 27 72
65 8 11
91 66 16
32 97 38
37 7 64
88 80 37
97 93 9
1 2 90
30 62 6
12 1 47
98 97 35
96 15 42
83 92 72
69 63 67
37 11 10
90 85 83
14 14 52
47 77 83
79 24 38
74 9 56
90 76 43
85 33 63
93 81 42
44 50 19
13 53 48
15 72 55
50 65 85
13 2 95
1 43 96
12 80 50
79 98 94
75 35 89
48 66 66
40 42 29
77 8 16
59 100 53
71 91 46
72 51 73
64 25 74
89 22 5
87 42 83
67 71 13
3 23 29
24 25 67
95 42 34
43 4 80
37 73 34
14 3 1
68 5 48
18 54 63
97 9 12
36 69 79
66 100 37
54 82 76
11 35 89
16 31 35
40 54 83
94 92 27
27 77 31
91 90 62
55 99 41
36 71 26
30 28 30
69 3 50
53 77 32
37 32 17
97 7 73
94 19 30
10 52 3
50 54 96
8 28 19
35 14 88
16 88 83
82 83 60
75 99 20
78 80 82
92 77 13
34 41 47
8 90 17
88 86 14
33 42 95
89 28 22
36 54 71
21 80 93
29 39 7
3 70 54
86 69 2
47 71 97
21 42 22
7 30 82
84 95 36
60 57 45
32 33 93
86 87 12
16 33 45
26 55 51
12 95 20
37 5 20
18 35 56
27 54 31
98 56 12
70 42 45
11 77 96
63 100 6
29 61 74
57 32 23
64 22 53
77 59 59
75 40 24
31 31 73
92 67 64
65 67 15
11 29 6
99 9 76
49 83 39
89 54 95
54 50 9
79 7 30
41 87 72
75 3 99
35 83 62
60 38 57
40 55 41
70 71 47
74 69 30
97 28 11
49 31 49
79 17 81
70 47 72
24 66 5
19 15 10
38 99 99
51 71 69
90 90 11
94 63 92
6 51 54
32 78 13
41 45 94
6 10 49
80 9 37
59 26 80
44 46 20
25 44 49
8 35 61
51 55 6
94 62 82
72 74 31
66 66 20
40 60 33
79 14 79
42 65 4
77 45 22
34 79 75
38 39 56
5 56 75
23 91 30
96 27 100
14 22 48
84 63 70
82 9 49
46 100 47
85 98 86
9 55 30
90 19 76
18 11 54
33 74 34
87 96 83
35 32 2
13 14 92
89 73 59
25 9 3
49 95 81
77 42 64
95 7 94
82 16 16
4 75 99
33 44 79
82 32 67
99 73 62
38 69 3
38 5 46
90 42 19
91 17 63
82 18 22
52 73 87
24 41 21
19 16 94
97 81 41
27 95 88
54 67 91
50 93 40
29 48 18
84 22 43
7 9 65
11 28 14
57 44 15
29 19 57
4 28 60
14 70 4
80 83 55
45 56 41
96 43 48
63 20 71
87 5 26
3 14 54
37 39 62
79 32 33
92 78 16
71 62 16
67 26 98
89 60 79
33 97 29
53 85 52
90 47 75
88 68 8
88 50 7
66 80 69
24 81 60
90 1 11
87 78 68
32 76 82
44 81 20
26 59 68
25 20 100
43 57 10
80 86 53
67 20 3
15 81 49
33 23 92
40 72 80
38 87 60
40 10 35
54 5 27
16 33 35
66 73 55
24 56 30
78 44 58
3 19 44
1 31 3
98 62 90
72 96 68
10 95 81
60 76 65
10 85 82
36 90 93
59 12 78
86 89 87
45 30 51
39 57 32
3 86 97
51 70 32
35 38 14
84 76 76
52 16 19
89 5 22
26 79 16
41 45 20
38 48 33
66 6 90
44 99 82
57 80 2
35 50 66
12 26 26
78 61 59
21 67 37
58 23 32
80 33 59
70 60 23
84 97 2
85 81 7
45 24 50
6 74 52
29 39 96
28 11 53
47 77 87
69 100 46
94 7 75
76 100 42
92 47 81
35 6 16
76 52 100
9 85 31
93 94 91
92 89 12
79 66 77
51 60 45
66 20 85
67 13 21
50 86 96
77 64 35
56 62 66
65 28 60
13 35 44
26 37 55
10 48 25
94 72 42
71 69 67
99 17 4
1 16 99
56 77 51
71 79 83
38 79 65
15 25 73
49 29 59
31 55 33
18 97 19
29 27 95
4 53 74
94 84 45
69 51 32
76 24 18
99 34 12
78 40 94
23 24 90
4 12 22
91 86 97
88 69 27
18 31 29
96 27 51
12 95 100
91 7 70
86 97 15
92 31 47
12 57 39
94 29 19
75 28 16
1 51 51
33 94 94
96 59 14
25 68 5
36 46 2
50 44 83
17 24 81
84 34 69
2 77 80
71 9 71
94 72 32
45 22 91
48 37 86
54 54 92
95 65 14
6 98 44
42 78 43
56 60 41
86 66 43
26 80 67
46 70 56
2 86 93
72 67 53
84 98 57
12 71 97
12 57 82
41 83 31
57 16 76
25 58 82
26 54 68
3 66 93
90 30 87
57 13 13
99 57 91
96 23 73
39 41 12
3 17 74
27 12 99
68 45 4
49 75 7
62 27 68
100 51 49
36 88 17
23 61 85
19 50 3
86 60 91
7 14 39
65 98 98
56 95 10
32 54 45
27 68 29
56 44 57
68 70 62
15 20 52
14 78 36
13 28 78
54 30 14
99 17 82
86 75 24
2 30 62
55 25 14
38 56 61
75 97 21
3 14 62
88 36 81
38 94 40
2 14 47
100 92 15
93 33 89
80 20 81
83 16 19
46 15 73
69 45 17
7 46 51
91 17 9
38 9 37
83 62 28
37 53 4
50 96 54
89 26 39
54 69 83
8 69 56
99 11 94
85 28 63
76 87 95
68 68 97
92 8 15
92 8 5
40 77 85
1 97 40
56 12 11
45 18 10
37 93 50
81 88 83
9 40 65
74 40 95
64 44 35
13 34 2
3 56 98
31 22 25
81 28 63
42 20 24
75 11 57
21 42 68
63 6 64
95 73 18
67 72 22
93 94 1
67 3 20
11 76 59
4 55 27
27 79 80
44 26 100
99 51 46
41 46 39
65 42 5
72 28 70
39 8 70
92 10 22
5 67 100
94 92 98
62 32 71
73 81 17
22 17 24
93 28 63
22 14 83
47 99 22
57 2 43
99 58 98
29 36 66
49 17 29
4 86 39
29 29 11
29 18 32
73 47 32
12 51 89
25 69 40
86 15 93
17 57 48
75 29 26
77 43 4
21 20 96
5 29 8
8 42 49
28 49 58
51 29 77
56 49 86
61 13 27
94 3 51
84 33 67
96 65 82
87 26 55
90 47 61
98 58 34
47 49 76
61 77 18
66 90 84
70 88 100
71 2 47
18 58 51
29 68 38
38 91 74
41 80 53
46 95 77
33 71 82
84 21 14
53 38 77
44 41 29
34 64 55
73 39 32
53 51 16
2 9 32
40 15 48
72 68 77
72 28 8
100 14 79
84 59 85
17 12 8
89 43 29
53 40 92
31 53 1
35 85 31
81 70 60
44 60 9
50 23 88
11 14 36
92 42 86
56 74 32
2 77 50
88 67 2
29 37 79
100 64 73
70 40 32
7 5 6
100 21 30
62 79 62
100 23 30
67 94 36
82 55 80
14 89 42
11 16 3
18 21 11
26 2 68
36 61 40
44 52 49
28 36 51
83 8 21
55 13 12
44 23 1
46 35 2
98 69 33
25 89 51
11 12 98
82 1 4
90 52 48
88 81 39
59 33 71
81 52 95
48 6 24
68 23 30
59 90 99
68 22 31
92 10 56
78 59 47
93 90 92
38 70 13
43 41 14
94 62 61
16 4 3
69 86 10
48 8 53
31 7 21
80 42 4
47 84 71
47 80 6
91 19 15
6 73 70
7 23 18
19 97 13
9 89 42
19 50 99
3 70 51
41 87 95
29 80 50
94 25 64
9 21 58
78 67 2
72 2 83
92 43 79
80 97 38
95 71 23
85 95 17
50 96 90
4 14 63
7 46 31
47 39 43
63 34 100
71 93 52
95 55 3
68 23 48
87 91 12
49 69 72
96 80 82
14 62 26
6 38 11
24 26 66
47 82 54
27 54 19
66 81 83
90 50 22
83 1 23
70 100 52
98 70 73
94 65 57
54 63 34
23 68 53
93 56 27
30 55 18
54 21 64
19 100 17
51 37 99
48 11 73
90 39 24
90 38 90
36 8 86
52 63 29
22 1 23
37 77 93
14 46 24
81 5 55
92 92 91
16 49 75
65 18 89
58 48 45
69 16 45
2 98 24
63 75 23
64 95 87
47 88 30
76 47 49
73 83 40
30 62 41
47 13 14
96 67 82
54 78 1
94 6 54
4 57 13
68 87 98
8 49 39
45 40 5
17 77 17
71 49 97
30 12 81
95 73 36
23 6 89
64 65 50
78 45 8
66 21 92
76 12 21
23 99 38
7 10 55
22 57 50
72 82 39
87 55 57
62 34 19
23 59 51
52 14 49
52 92 2
33 8 98
84 64 52
41 49 89
77 70 84
60 72 47
59 78 57
86 40 35
12 92 79
71 75 28
77 58 46
51 94 5
75 2 65
47 17 45
11 39 4
20 48 17
63 56 59
100 85 7
87 35 42
49 29 16
81 50 30
87 20 70
69 98 78
69 65 17
20 53 86
61 30 61
54 89 31
47 97 2
76 64 7
6 56 60
26 71 66
7 77 99
88 61 2
20 11 60
33 23 19
50 19 29
15 65 2
28 17 7
89 75 45
31 100 44
32 42 43
50 93 7
5 89 37
38 61 91
41 30 52
67 29 18
100 51 30
2 85 72
69 49 87
4 84 87
63 1 75
28 61 14
43 69 80
27 10 22
70 92 12
16 26 84
96 95 81
13 55 47
100 52 23
49 46 50
54 3 15
31 43 17
54 15 32
4 29 55
3 32 70
71 60 81
96 71 18
63 56 16
62 54 29
14 72 76
10 83 89
28 31 72
97 1 98
49 17 33
93 6 57
13 23 6
24 18 34
30 81 30
79 99 61
57 59 25
61 60 95
70 19 8
8 13 99
92 72 13
83 38 60
52 65 44
97 29 93
24 65 11
33 23 45
16 82 87
32 65 95
91 47 91
29 99 46
19 92 58
77 20 6
22 71 42
2 97 42
97 54 69
42 78 54
40 79 42
66 53 87
59 25 72
1 31 87
71 20 100
77 83 88
97 25 46
61 27 31
62 79 72
39 44 15
65 91 22
17 34 84
47 12 5
52 97 23
31 63 93
62 53 51
5 64 31
93 87 89
39 26 47
67 5 20
89 57 54
37 98 56
52 85 72
68 43 86
12 43 71
3 91 19
76 70 5
47 77 12
73 86 53
50 100 16
32 15 47
11 7 64
81 82 95
13 61 28
95 84 63
53 22 95
41 98 36
77 38 40
73 59 1
88 98 28
91 68 80
6 13 25
24 62 70
99 34 82
63 18 28
40 88 75
5 66 29
60 28 87
100 62 8
59 66 12
74 64 30
33 63 74
33 100 97
24 35 49
16 30 26
2 22 85
75 3 95
5 6 9
55 6 70
34 14 49
7 60 62
70 95 32
29 63 28
79 59 41
95 51 72
23 71 65
52 51 57
64 91 28
71 32 82
100 100 12
32 61 63
35 78 7
53 69 74
99 4 73
66 24 80
50 10 22
17 7 33
97 69 17
41 51 49
52 17 44
88 63 39
91 53 22
8 11 95
45 29 37
30 14 20
86 64 96
77 60 46
15 81 79
51 24 29
65 20 53
1 46 82
13 93 29
20 15 84
57 63 79
3 93 64
25 67 39
96 21 82
33 69 89
67 32 96
87 26 89
83 17 3
95 70 54
51 65 100
54 53 11
5 92 49
89 16 14
5 8 90
36 1 53
60 52 44
62 25 63
57 43 18
43 15 29
78 31 70
37 93 78
83 13 10
95 72 36
42 68 65
67 21 77
35 6 23
79 9 72
91 79 80
77 74 9
25 6 13
45 20 66
51 61 46
81 5 51
2 9 92
56 55 63
40 27 12
86 78 11
52 35 78
77 33 22
40 29 34
5 67 47
39 84 19
18 17 20
78 45 79
22 87 13
4 48 42
25 9 38
96 13 29
7 17 83
10 89 9
47 87 100
88 81 15
49 8 98
81 44 26
66 73 16
42 27 2
52 10 44
33 75 11
97 86 90
87 21 90
15 23 14
93 82 67
10 79 84
69 21 16
54 53 64
49 46 41
49 85 2
70 58 54
1 20 83
90 43 24
15 60 49
36 98 69
12 33 58
19 50 44
1 40 19
49 95 64
91 39 63
28 13 6
72 49 55
82 30 28
53 69 32
10 86 83
7 42 80
43 79 74
16 85 88
16 34 81
58 68 64
75 72 16
27 71 64
29 86 62
5 23 25
18 87 5
68 90 84
38 86 76
12 51 57
61 31 77
6 44 72
64 61 75
72 62 86
57 63 34
45 92 20
58 92 43
68 30 32
100 14 78
24 91 5
41 19 78
25 11 82
20 55 11
43 8 24
87 24 2
55 9 81
78 28 94
34 50 67
61 69 49
100 26 81
31 1 58
41 80 72
42 50 60
20 97 45
46 83 82
53 21 54
85 22 40
50 28 13
86 32 75
87 62 68
30 90 65
61 63 3
20 70 17
13 78 33
45 97 63
58 48 99
84 40 33
14 83 42
48 37 41
97 35 86
75 72 88
66 54 58
61 54 17
39 15 60
43 5 92
77 28 86
37 94 91
8 26 82
88 55 40
97 51 93
73 27 26
38 70 68
47 82 14
4 30 7
79 84 81
64 67 29
1 71 46
71 33 51
85 15 80
15 32 60
58 37 57
44 44 40
96 86 23
13 79 96
30 86 20
53 52 4
100 96 78
16 83 52
34 3 76
48 59 23
36 78 61
50 70 94
21 72 40
17 74 22
28 41 92
81 55 35
21 33 93
60 44 34
41 15 93
93 3 41
95 82 6
86 77 59
71 48 65
11 38 72
92 38 71
64 51 39
77 92 30
42 36 35
34 56 53
19 92 12
77 15 30
38 27 65
86 50 18
7 68 68
55 79 48
40 35 58
44 62 95
42 72 19
17 46 49
83 73 13
33 14 10
46 44 46
33 90 85
29 97 73
31 10 99
27 60 89
90 19 10
78 63 16
46 6 36
36 92 7
23 68 69
74 66 37
7 80 88
50 48 17
88 6 3
4 14 94
62 86 79
49 39 50
16 75 70
77 37 30
53 91 87
2 77 50
90 36 47
35 56 62
39 28 39
42 65 94
15 78 86
14 50 23
26 49 83
67 51 56
91 96 64
80 80 88
21 4 83
21 86 34
19 46 80
22 34 50
32 49 90
38 46 82
52 1 31
23 86 82
52 9 98
77 19 2
43 21 30
81 94 52
65 88 65
34 100 76
6 64 50
74 2 66
69 50 42
49 35 45
99 80 44
44 74 3
64 97 3
93 44 67
36 40 14
23 83 6
80 22 59
36 6 66
12 85 70
9 60 53
68 85 35
36 86 49
74 17 8
20 49 71
55 94 59
67 48 55
89 80 39
75 40 94
26 34 47
28 67 46
29 33 39
100 56 12
32 93 42
46 77 24
38 83 83
76 86 15
15 97 41
54 76 76
22 22 82
62 4 97
38 51 68
92 63 22
53 26 52
11 63 49
79 15 32
42 15 9
83 96 12
70 14 20
25 77 12
10 45 64
58 36 94
15 6 23
10 89 6
46 54 9
53 3 83
96 34 25
58 19 14
51 93 62
57 96 8
43 93 29
17 70 5
31 19 28
34 18 68
60 6 66
83 58 26
89 54 87
40 79 72
86 77 83
1 60 82
13 42 78
90 44 95
43 35 96
5 83 30
18 33 95
69 80 46
84 10 76
64 69 81
58 74 99
54 33 48
48 63 10
6 100 51
3 96 75
19 15 52
24 37 82
26 44 85
17 59 4
77 77 6
97 95 5
41 60 9
12 90 96
54 23 46
3 20 21
60 30 77
68 11 43
7 19 5
7 91 98
25 79 67
21 50 84
7 42 7
7 53 99
84 59 63
22 76 33
42 82 71
1 6 79
95 45 90
6 34 6
91 67 21
93 90 23
42 94 95
50 99 65
86 91 15
2 28 70
13 38 80
38 8 2
21 62 20
54 34 95
38 1 64
66 63 15
83 18 19
65 18 17
53 94 36
65 81 32
24 50 13
19 52 91
33 16 40
12 22 97
72 31 100
91 82 40
97 98 32
57 60 69
63 41 31
17 34 93
42 32 3
25 64 37
35 97 84
83 25 36
98 25 91
17 14 32
12 84 12
72 9 64
60 6 85
99 90 90
56 63 11
57 3 26
42 4 61
33 84 97
72 88 62
85 87 17
1 35 1
8 63 29
8 38 39
56 86 59
28 22 16
6 49 98
90 85 36
46 41 3
20 16 57
53 45 71
19 96 77
31 29 41
7 18 34
35 81 5
4 82 86
99 7 3
71 15 7
69 10 37
19 32 11
22 30 86
67 28 6
99 79 95
29 83 34
94 95 81
65 36 38
6 45 27
10 33 37
51 35 93
85 37 53
33 38 12
62 36 33
90 57 26
47 68 62
57 80 92
63 50 36
5 20 69
40 21 39
60 19 49
12 94 87
82 62 45
97 25 77
92 45 87
19 50 32
92 3 11
52 68 95
5 22 42
45 92 69
51 40 64
82 46 94
54 95 20
82 49 75
10 40 18
1 27 25
80 31 48
94 23 55
59 15 53
74 95 52
72 92 98
95 91 13
24 21 52
50 59 25
31 54 56
86 9 18
34 31 1
59 70 55
27 97 95
35 48 68
3 36 63
33 66 98
3 86 29
53 13 78
41 64 30
52 58 77
21 89 38
14 47 6
82 68 77
5 77 43
22 7 5
3 74 86
57 24 83
64 4 63
8 12 64
57 54 27
89 31 46
52 9 51
100 65 63
43 28 84
23 70 88
53 16 36
1 55 25
6 77 29
77 70 63
64 54 1
98 96 59
10 95 51
90 79 71
6 98 20
22 98 26
99 96 48
16 75 22
81 23 85
65 44 66
10 82 94
23 76 43
27 100 50
13 31 39
31 18 72
11 18 48
78 53 16
1 30 15
100 92 26
14 15 26
29 30 55
55 98 77
69 60 58
2 51 100
46 34 35
56 76 24
17 23 80
41 91 98
65 35 92
45 91 72
50 22 65
25 5 14
48 88 99
49 63 44
99 91 7
96 4 69
11 50 77
61 100 55
11 17 42
23 13 97
32 78 73
12 94 31
30 35 71
34 77 65
96 61 27
84 88 76
37 3 93
87 13 15
9 86 35
27 60 29
34 65 51
51 78 11
43 95 32
37 83 90
91 25 43
79 33 63
18 100 44
84 71 75
19 59 77
14 14 45
70 2 21
29 95 44
8 40 59
4 78 73
27 17 41
65 51 6
8 11 11
93 7 10
61 18 35
52 70 56
17 11 61
95 87 9
95 20 18
59 30 67
96 44 21
54 83 32
99 37 34
90 92 59
30 2 40
37 24 98
96 33 28
6 36 83
62 35 20
97 99 95
48 64 34
43 2 31
17 2 58
83 22 82
67 6 51
4 71 97
88 47 18
39 20 78
58 21 34
34 92 8
58 25 58
95 95 12
44 24 59
18 57 17
85 64 77
40 80 61
98 90 60
40 64 78
28 12 18
26 84 38
80 45 7
11 67 15
31 46 71
25 98 98
28 57 41
77 80 14
64 71 71
83 68 63
4 80 36
72 82 2
59 48 58
18 47 69
75 19 42
52 24 4
83 24 85
90 78 21
37 63 36
1 57 33
66 45 43
91 37 92
37 99 2
51 96 61
24 32 97
54 16 99
23 18 78
48 33 37
87 73 8
88 48 34
32 22 9
87 74 31
72 42 30
70 41 31
67 5 43
40 21 40
22 25 29
31 45 20
13 98 15
83 56 84
57 69 23
86 80 9
51 57 4
25 98 48
51 54 50
61 79 8
56 50 19
60 58 35
39 55 24
50 26 20
59 78 10
74 99 46
13 2 82
89 7 14
24 68 92
59 66 88
56 60 20
27 59 49
58 68 46
95 33 41
86 6 38
15 77 88
36 53 24
48 44 41
69 88 5
83 94 86
30 39 19
45 57 30
38 66 37
2 23 81
59 90 40
92 86 1
73 28 17
13 55 55
82 83 23
96 17 28
32 13 58
52 24 93
62 15 72
42 100 11
25 30 60
80 22 100
37 73 16
98 54 15
71 49 37
14 40 4
3 52 9
4 13 77
88 47 9
3 3 27
28 16 93
72 16 31
31 44 37
89 66 58
4 58 40
71 34 51
17 92 41
17 70 82
60 55 20
7 11 6
29 14 57
59 35 28
91 14 43
32 61 5
58 93 16
79 45 22
97 9 64
8 19 1
53 70 95
75 47 5
11 63 80
63 54 9
70 67 33
54 5 25
41 1 32
23 28 44
56 47 96
20 43 98
95 5 57
40 91 89
75 48 6
40 46 44
94 73 77
80 14 45
89 17 36
16 5 100
64 89 19
29 60 100
69 88 56
15 44 31
20 41 28
33 64 70
15 100 40
44 69 90
34 38 93
20 89 41
81 92 2
71 98 57
99 40 27
56 49 100
70 24 58
27 95 11
96 49 54
46 1 6
29 98 76
14 61 60
34 76 39
44 7 42
83 2 31
78 91 65
61 43 33
17 89 63
62 50 16
60 28 43
84 79 21
47 73 15
5 81 9
75 69 75
86 47 94
50 91 46
77 11 2
44 70 36
77 53 93
22 10 36
27 67 10
55 86 21
95 68 73
19 1 44
49 27 10
57 22 23
82 81 70
8 49 11
31 93 64
95 75 35
23 35 44
18 6 26
88 83 84
93 76 22
34 29 12
34 63 77
68 61 69
18 9 61
39 75 93
79 66 69
77 7 35
26 42 21
3 93 97
79 30 87
43 44 37
97 58 38
5 21 81
50 51 65
50 73 83
75 72 96
74 89 48
33 13 85
23 5 8
34 41 45
87 59 20
92 75 80
6 83 13
94 10 95
72 47 65
19 98 100
81 62 54
4 6 67
21 97 56
72 79 60
12 2 72
15 84 23
62 29 80
41 15 27
49 38 74
22 10 35
36 97 47
15 86 63
37 34 75
32 22 64
69 41 64
36 30 23
100 31 98
17 80 82
99 73 63
73 59 73
82 23 74
85 70 78
85 99 22
20 9 74
30 23 74
86 7 49
25 98 97
51 91 47
46 1 56
70 84 3
94 31 83
78 21 88
99 63 1
40 74 84
23 60 46
2 91 18
32 33 41
4 13 48
98 27 68
73 40 8
81 20 85
55 83 15
33 17 30
83 23 28
21 71 16
90 16 88
69 87 94
44 29 27
42 19 50
57 65 96
18 70 72
16 37 67
39 9 33
84 65 6
51 100 97
83 98 56
80 16 22
99 4 100
82 36 65
18 61 41
91 46 34
78 34 48
6 16 2
49 45 2
62 94 94
17 71 3
75 45 91
35 70 73
50 65 40
6 28 46
73 61 11
93 83 36
83 84 9
45 1 21
17 9 48
53 12 44
24 18 55
4 91 31
73 76 73
23 97 36
72 36 49
55 74 2
23 2 87
54 39 6
98 95 6
19 19 87
34 47 64
50 79 57
74 91 53
96 26 70
72 8 25
66 14 15
72 56 72
23 79 87
60 21 71
42 12 57
95 22 65
2 86 37
72 21 87
59 21 4
12 27 81
62 24 61
30 68 37
79 98 59
51 46 14
21 29 48
21 48 97
5 67 5
38 46 64
2 3 68
39 57 32
88 60 95
4 94 32
36 76 26
76 42 64
75 33 93
10 63 27
60 78 97
63 13 3
24 10 97
72 49 33
78 89 66
35 8 97
54 54 48
50 65 22
72 73 95
98 47 84
25 90 93
88 17 21
10 65 46
6 43 52
93 31 94
9 41 55
25 42 60
85 47 48
53 78 60
79 85 45
89 38 63
20 18 30
27 48 92
25 82 39
30 35 3
99 73 23
2 36 74
84 82 92
40 53 30
38 87 51
62 58 81
75 8 2
34 7 63
85 46 51
43 12 17
97 43 52
27 5 37
38 8 36
66 74 49
22 90 17
64 97 42
38 73 3
22 31 86
98 34 76
16 17 96
49 61 5
35 44 50
21 58 2
85 81 72
4 17 76
78 10 1
84 95 36
8 74 35
90 96 9
10 42 84
45 96 81
81 29 32
43 53 82
1 50 55
21 52 23
13 1 70
3 31 15
95 2 68
81 75 26
39 67 11
69 55 64
47 97 62
41 95 16
65 19 5
49 16 75
31 3 6
62 2 96
71 87 54
73 42 41
15 87 52
10 24 11
39 70 13
23 88 48
78 46 47
77 77 100
96 16 40
42 1 90
68 27 76
41 69 68
10 72 96
61 60 73
33 56 36
32 46 3
74 16 46
60 19 19
67 84 36
70 75 86
44 26 50
77 24 97
79 64 85
40 72 33
50 46 38
99 31 63
47 53 13
61 26 66
94 43 55
53 21 91
70 60 51
12 71 90
79 97 81
95 28 3
89 72 100
26 64 38
52 83 96
77 90 82
51 99 93
45 53 16
16 40 36
41 69 55
76 98 80
67 100 15
93 29 82
1 53 32
85 37 73
15 61 88
57 52 4
20 33 41
28 73 56
60 3 59
30 44 80
55 18 65
39 93 83
87 55 66
69 50 22
41 84 41
74 59 47
94 7 51
85 19 33
49 69 85
89 49 100
70 77 13
80 76 71
59 69 37
1 5 82
64 43 20
22 50 40
40 6 48
98 9 64
63 86 85
45 33 15
55 84 47
61 64 37
4 71 75
42 90 22
92 41 91
70 33 17
2 17 41
22 78 41
65 44 71
68 70 76
20 34 34
96 65 9
14 35 66
9 60 39
98 63 53
24 10 99
7 81 50
56 73 75
90 100 51
8 45 36
15 71 83
1 84 3
7 21 16
92 71 100
88 6 2
59 75 12
67 90 36
90 44 29
35 25 89
99 77 42
87 9 50
92 81 20
98 87 96
50 58 89
74 74 64
7 13 88
33 83 37
42 48 46
65 24 6
10 93 14
70 36 21
55 90 99
17 40 32
75 71 51
80 66 22
19 41 67
1 84 88
1 99 19
48 15 60
89 37 62
37 94 7
84 47 54
36 83 75
76 35 70
57 67 19
24 57 59
1 11 22
85 57 80
11 34 24
100 50 15
5 81 44
29 55 97
97 80 53
61 2 76
47 59 31
24 87 7
74 84 92
59 12 45
15 85 78
74 40 42
8 31 10
49 90 49
74 61 59
90 70 36
4 92 75
37 6 12
22 38 91
40 79 94
47 36 60
47 70 10
55 60 45
73 80 33
14 83 87
50 72 96
25 72 25
35 69 44
93 52 19
15 100 34
48 54 46
74 76 11
73 19 95
89 94 83
98 88 93
90 96 98
72 77 4
11 85 97
48 79 93
27 69 51
60 65 66
24 50 51
29 34 47
2 44 6
10 62 92
28 92 24
59 68 83
38 93 17
33 88 47
16 18 84
63 61 29
81 50 26
84 12 47
100 61 83
39 4 67
6 45 78
34 2 60
13 38 47
97 100 28
52 4 92
23 47 71
2 1 7
29 5 70
60 29 13
95 32 42
74 20 21
89 76 40
100 34 47
43 17 40
53 17 74
6 7 38
95 97 47
78 6 91
23 95 99
11 4 85
12 92 23
9 22 56
67 34 69
9 51 95
77 26 3
24 83 94
16 30 10
50 39 41
16 8 35
13 23 87
99 31 57
93 12 95
80 1 34
94 51 76
27 80 53
78 43 44
42 14 48
17 5 88
100 19 94
45 60 66
86 90 47
53 88 19
35 27 72
66 25 90
60 14 10
99 16 87
52 16 14
97 14 62
11 3 88
49 10 53
24 6 45
94 64 29
77 41 11
60 46 29
39 66 92
95 86 45
48 6 49
73 59 4
52 41 49
10 89 36
100 24 23
74 5 20
33 70 70
24 12 87
60 71 68
19 38 17
62 93 67
45 88 67
43 100 23
13 43 2
74 43 18
79 36 44
76 23 49
74 22 93
64 18 18
91 35 75
51 35 56
83 90 20
11 84 74
85 54 60
46 73 90
51 72 100
64 2 75
42 38 62
32 76 58
34 41 89
66 69 92
31 43 35
90 78 80
83 3 100
33 8 88
78 67 69
58 65 23
3 21 67
30 17 33
6 79 12
9 19 28
22 60 82
21 84 78
82 81 75
34 51 70
62 88 98
6 12 79
37 90 10
68 30 29
14 41 20
76 94 35
39 69 16
67 70 17
95 58 80
98 23 43
38 49 90
73 77 39
33 88 64
40 13 18
54 54 77
57 38 59
3 2 18
98 45 66
65 14 38
86 80 62
90 68 77
43 18 16
43 88 66
88 79 3
58 16 78
55 67 89
41 70 47
41 44 57
93 65 19
17 98 23
40 6 39
81 53 9
9 27 16
32 16 5
96 19 56
50 82 43
67 16 48
80 88 21
6 66 43
30 99 96
69 50 15
40 21 32
46 83 76
90 74 7
97 35 18
30 78 15
88 33 96
28 9 67
34 26 52
79 3 23
62 14 47
61 39 87
3 75 66
91 11 44
78 11 96
35 15 66
5 87 24
43 39 48
26 34 4
45 69 37
49 44 35
98 42 41
92 83 1
76 60 1
24 50 57
22 80 33
12 80 95
53 78 29
62 82 72
73 66 2
48 44 65
36 21 44
36 71 95
36 8 27
76 61 30
79 68 86
83 96 47
64 12 23
61 99 81
40 12 18
21 83 64
34 11 25
92 51 52
52 15 85
29 57 70
62 60 90
8 22 19
16 77 92
50 96 1
15 18 38
70 82 89
60 67 36
77 51 81
77 56 66
90 93 66
36 18 85
23 80 86
88 37 93
58 85 68
10 7 13
94 92 97
80 98 70
94 60 90
22 2 36
78 58 65
42 63 17
28 72 18
66 72 90
95 61 100
9 8 55
56 90 4
68 79 93
94 60 56
86 99 3
98 57 74
86 61 14
44 13 73
51 95 39
68 54 78
10 7 20
34 56 91
75 7 82
15 19 23
36 60 66
100 68 57
12 48 96
65 85 62
25 6 97
41 18 33
28 2 28
42 27 62
58 51 57
10 26 62
71 14 45
7 12 11
64 27 55
64 19 81
73 58 62
67 64 79
4 44 71
29 24 56
78 40 34
86 80 80
3 49 5
78 37 23
67 8 65
34 13 73
4 68 55
77 83 81
53 65 90
73 73 48
76 65 13
14 70 96
23 77 84
40 36 52
17 11 43
87 100 68
26 89 11
9 84 38
77 15 35
72 30 28
62 73 98
91 42 9
16 84 16
43 1 32
89 80 81
23 3 63
100 5 9
75 43 64
73 17 4
33 80 79
95 41 95
13 97 45
50 47 40
40 73 8
13 6 42
51 40 97
56 97 47
41 57 33
61 95 60
98 37 69
74 7 19
26 90 49
66 64 36
54 82 80
46 27 83
22 32 71
60 56 10
100 39 86
68 66 47
76 84 88
44 12 60
32 6 98
28 43 54
51 12 58
71 71 93
73 12 56
54 28 69
30 97 29
62 97 28
36 46 47
99 95 74
57 31 62
27 56 1
64 14 88
10 18 69
31 32 15
86 46 83
42 21 7
60 29 100
20 51 100
99 27 66
42 80 36
80 25 6
2 56 95
85 81 19
18 34 65
22 73 100
88 53 18
89 11 34
66 51 49
57 54 54
60 95 83
21 5 71
75 32 3
15 83 16
69 33 81
39 2 20
66 61 33
76 44 60
78 44 71
61 40 56
56 94 34
54 82 74
81 22 49
32 69 72
9 23 21
44 79 80
41 82 67
13 76 45
62 99 15
44 31 37
61 82 35
34 26 57
10 91 44
97 82 96
82 38 7
19 8 52
99 49 59
85 18 27
88 72 44
75 32 35
53 33 20
26 74 73
78 47 79
82 59 2
82 51 86
59 46 12
65 14 97
41 30 47
88 44 69
23 47 97
36 9 52
44 17 68
24 74 25
94 69 22
61 6 6
15 13 89
73 71 7
12 72 3
84 35 76
44 19 7
72 94 7
10 92 51
93 68 55
46 24 34
9 79 31
83 70 25
94 57 23
40 5 57
70 21 18
74 2 97
14 37 91
93 82 61
48 55 81
7 68 66
96 85 72
59 21 65
4 64 87
65 12 25
24 97 70
35 19 5
27 22 77
6 2 47
82 95 68
37 96 51
25 51 18
14 36 11
75 2 92
63 82 11
5 36 86
14 38 16
17 78 25
78 70 36
67 94 94
7 82 8
26 95 91
8 56 7
88 61 97
34 77 15
25 14 95
3 96 36
54 44 34
57 90 12
12 4 9
41 77 36
89 53 83
32 65 24
55 87 76
96 90 27
38 30 96
65 29 66
23 72 8
73 73 97
40 56 68
49 92 13
93 33 38
6 97 67
18 17 32
70 39 85
29 48 36
57 52 86
67 69 65
12 95 98
55 92 90
12 54 36
56 33 31
59 67 3
8 9 12
96 82 81
38 79 32
35 7 92
50 18 46
8 17 55
15 44 38
95 64 28
31 99 33
66 63 15
98 65 98
92 21 90
80 60 19
84 78 54
22 24 45
48 40 75
87 21 5
51 50 2
80 15 85
97 41 90
66 91 26
54 78 78
93 59 85
24 93 44
10 79 52
73 85 49
79 1 98
39 42 46
18 59 24
68 91 14
38 37 39
10 8 27
3 75 41
86 54 45
76 56 41
4 23 19
11 86 76
87 18 65
33 40 34
60 62 21
30 31 100
24 84 43
30 1 95
22 17 38
59 89 43
58 1 88
37 31 31
100 30 72
84 51 56
64 66 66
99 91 71
42 22 37
58 100 63
93 36 84
34 48 5
2 13 70
40 60 24
75 96 59
30 35 44
72 26 56
57 66 21
8 33 68
68 71 87
53 94 83
93 95 68
10 30 59
65 40 67
82 92 15
85 16 36
42 72 91
5 97 96
18 71 67
68 17 69
87 5 28
19 56 92
47 88 98
81 45 57
62 20 92
51 14 6
88 48 83
69 94 51
80 20 10
4 27 87
36 73 87
22 19 65
58 22 79
85 16 13
30 40 52
90 70 48
41 23 33
81 79 97
79 72 6
98 43 18
50 89 52
87 30 36
89 94 8
84 45 70
17 26 37
41 54 28
94 5 57
88 59 75
89 5 83
49 97 71
16 95 28
44 86 22
74 63 90
73 95 39
79 69 100
22 20 46
23 25 5
6 11 81
42 91 19
56 65 21
45 71 85
46 11 15
100 35 76
54 81 9
80 48 56
80 57 25
46 63 95
68 69 86
93 83 10
15 54 82
58 28 59
84 93 44
73 58 5
4 12 13
45 34 21
43 64 31
68 57 3
20 17 37
11 29 72
72 81 82
33 40 98
43 71 42
67 22 5
54 46 68
23 83 29
31 46 46
74 68 77
98 71 48
88 92 73
27 50 76
35 41 76
62 40 77
51 95 65
64 96 24
45 62 63
91 79 41
22 89 72
93 87 16
93 39 100
82 65 55
72 46 30
19 94 7
56 55 41
71 25 37
54 45 64
12 72 30
43 73 27
10 98 37
18 85 51
91 54 84
57 88 18
10 17 13
96 70 56
13 81 69
62 71 35
61 37 69
47 30 10
36 58 63
64 57 59
6 8 94
64 44 24
78 3 100
29 50 48
2 62 82
75 39 8
72 61 83
94 19 14
62 73 55
17 96 77
50 58 24
61 38 85
21 7 83
9 15 56
39 93 93
84 15 90
24 31 94
52 19 6
15 36 70
41 35 81
94 91 8
78 88 3
59 98 74
14 41 61
66 34 35
72 35 4
46 60 56
47 12 45
6 25 55
92 61 27
12 4 92
39 35 19
96 91 10
24 27 10
56 34 53
61 84 58
6 76 35
93 92 72
20 74 97
20 85 49
67 79 8
95 13 15
85 41 57
91 26 52
67 73 67
48 51 63
43 23 1
29 65 72
26 43 58
82 55 53
54 42 58
84 4 1
33 22 25
88 84 17
38 32 62
53 60 68
95 35 96
9 41 38
46 47 75
54 30 39
81 71 67
69 61 10
9 66 76
80 16 69
15 42 53
11 28 32
75 7 98
93 50 20
80 80 24
8 28 18
26 98 61
46 21 62
90 29 89
62 62 10
25 47 20
14 32 82
67 7 4
8 40 37
58 23 47
24 58 18
80 65 25
49 58 11
26 77 25
17 85 50
20 59 48
11 69 95
59 57 64
56 74 2
90 5 52
86 38 85
94 67 100
26 38 26
88 98 78
75 72 79
75 77 92
18 16 67
3 15 68
39 8 76
36 80 5
57 93 52
12 66 23
19 28 81
51 46 59
61 44 47
43 70 80
11 57 76
23 52 23
76 52 44
27 26 35
59 41 68
10 17 87
18 75 87
57 20 11
16 78 34
46 42 15
64 61 90
12 1 89
93 6 22
60 19 18
69 43 68
94 45 47
36 75 11
1 90 100
6 8 27
44 4 3
82 18 45
98 91 76
15 70 48
31 4 26
60 95 34
1 94 95
74 49 39
92 47 79
59 21 20
11 47 23
32 83 71
50 25 16
58 89 30
23 88 65
8 34 51
6 59 7
24 89 27
21 37 71
13 96 9
75 75 48
99 65 80
3 58 81
35 16 49
32 67 17
56 89 10
2 99 49
49 91 16
4 49 93
29 6 74
69 6 26
15 62 56
60 2 85
31 92 37
42 36 82
12 22 2
47 89 29
84 47 27
33 55 14
87 54 80
47 12 20
31 32 5
56 4 1
86 35 43
95 87 90
99 20 99
100 73 78
33 65 11
74 29 50
64 82 91
29 89 77
7 1 90
83 87 11
17 67 11
43 59 84
91 59 80
100 49 24
80 53 56
6 63 21
29 49 70
59 100 80
64 14 36
44 12 83
39 80 95
61 19 52
64 7 29
5 8 24
64 26 80
3 40 99
68 89 16
20 80 48
53 1 27
58 8 79
100 34 45
89 10 88
4 74 6
10 61 89
69 50 99
22 99 2
79 83 32
55 69 89
90 17 19
66 12 75
20 17 16
7 21 23
15 94 40
6 55 28
24 40 73
71 85 51
96 62 98
86 73 14
94 5 18
58 50 60
47 22 84
50 4 15
70 96 31
89 86 53
33 52 24
22 63 80
18 32 3
67 89 98
34 66 54
61 59 10
69 92 91
86 14 16
24 55 51
75 71 69
32 12 22
30 96 92
34 94 48
57 93 85
34 48 82
34 96 50
60 37 44
4 36 85
99 42 67
24 18 27
83 36 44
83 69 90
97 56 49
95 92 6
95 68 28
9 99 47
20 79 36
88 75 19
90 53 57
57 80 38
95 43 4
12 18 89
12 56 49
58 25 77
10 26 32
67 29 54
91 37 4
95 33 68
52 87 33
24 65 72
65 69 88
12 18 3
73 65 92
32 79 9
67 1 73
91 80 69
89 17 85
86 2 94
88 49 35
10 81 80
38 52 10
24 68 27
94 74 95
35 27 23
61 64 31
28 2 33
91 45 14
49 87 44
95 44 5
97 66 68
29 71 64
48 98 13
96 31 2
12 77 67
86 78 63
77 43 10
72 60 57
32 12 66
30 81 29
88 34 7
9 64 86
99 66 78
45 18 54
11 9 14
67 82 2
73 48 65
60 92 86
30 46 97
49 9 27
14 13 34
25 94 86
18 46 36
35 36 23
56 81 82
83 12 46
19 45 33
80 48 3
39 5 82
57 19 25
38 93 13
24 66 15
71 69 8
94 21 21
15 91 78
38 87 16
89 9 74
1 61 85
44 73 15
78 10 1
31 92 39
91 60 43
100 60 14
52 63 70
87 84 50
49 67 71
27 64 91
44 13 58
6 68 91
27 85 77
76 64 24
86 70 75
25 9 64
63 66 61
14 12 14
12 41 64
9 52 80
75 77 53
10 14 62
74 37 24
67 63 60
86 28 10
97 40 55
70 67 15
21 33 86
72 43 6
94 40 97
97 86 44
23 77 53
13 62 9
5 5 83
87 13 32
79 91 76
96 33 81
68 26 96
10 33 78
100 60 79
63 45 3
23 50 34
18 49 21
21 3 87
100 81 87
53 31 85
37 11 32
71 27 37
44 57 20
96 76 51
50 25 67
51 8 71
42 92 23
69 55 66
25 66 18
37 72 15
57 38 98
49 96 72
54 41 18
93 28 81
57 57 18
59 53 65
95 90 96
59 25 25
28 35 35
60 55 79
67 22 56
97 32 26
70 43 86
15 97 15
19 77 30
3 15 79
69 59 89
9 25 45
99 87 74
29 59 34
35 45 40
1 74 55
87 18 60
31 98 67
16 93 71
40 1 51
38 1 26
13 13 76
7 13 47
92 48 66
89 50 17
10 29 68
7 26 68
54 42 32
35 45 88
74 77 15
76 4 97
23 59 16
26 29 5
88 63 12
92 39 80
96 84 93
6 17 55
72 71 86
47 83 82
73 36 56
49 39 15
20 49 63
74 91 60
5 3 70
25 4 66
21 92 95
65 81 38
41 69 94
99 69 10
10 20 34
71 69 7
31 35 52
85 42 56
86 39 9
49 60 25
54 23 19
49 35 26
76 59 92
66 81 76
50 58 49
50 38 74
62 47 13
24 46 12
81 48 77
64 91 72
73 81 17
33 13 89
12 64 50
44 71 33
69 43 76
14 7 12
99 49 23
20 69 47
66 82 88
64 41 41
36 60 21
18 59 73
90 24 16
5 68 3
49 4 4
22 85 5
5 63 19
84 90 18
81 64 49
15 2 93
50 32 55
18 3 15
85 28 94
6 77 66
86 98 37
94 3 24
15 57 79
31 32 9
30 70 59
49 39 80
67 25 19
47 22 35
38 25 52
22 72 31
8 15 62
83 15 80
96 87 22
12 94 27
71 82 92
75 25 54
5 48 56
93 69 77
60 48 70
3 8 74
17 41 96
71 47 47
44 34 78
20 96 23
77 42 63
67 34 38
42 10 56
9 68 30
49 67 16
5 47 60
95 55 87
33 88 83
30 63 18
67 75 3
71 85 13
21 45 77
14 31 43
50 27 96
58 41 61
81 99 71
50 11 25
100 64 84
76 61 39
85 18 75
94 16 96
86 13 89
89 22 99
78 53 33
66 42 84
99 2 90
36 80 36
70 35 97
84 89 79
37 58 48
36 78 68
66 18 33
40 85 95
31 74 33
34 55 5
17 61 79
43 94 57
48 7 73
18 45 23
20 87 91
42 73 97
50 39 92
2 65 32
25 85 23
89 29 68
45 68 9
49 91 46
6 88 90
88 18 19
81 90 70
59 21 14
7 93 97
72 61 50
87 4 31
8 63 95
1 96 88
59 4 18
51 23 61
41 9 28
7 91 87
23 76 23
27 97 30
90 4 97
42 49 6
84 24 8
46 51 42
84 69 99
60 77 1
50 82 57
93 95 87
1 81 18
77 43 98
53 54 46
71 58 40
51 84 5
40 26 42
53 33 61
84 21 100
61 84 18
67 10 51
65 68 61
11 66 76
50 46 23
99 42 96
47 21 86
56 26 88
15 6 98
62 67 48
4 59 6
16 69 21
56 25 39
65 31 34
54 24 54
66 3 57
73 89 9
1 12 51
86 49 3
81 3 24
82 72 46
92 84 10
15 30 56
52 69 1
79 33 28
41 21 43
2 98 25
17 86 89
20 38 26
86 32 31
81 61 21
71 69 81
41 27 74
89 30 37
69 23 43
97 62 47
64 76 12
26 53 64
12 24 71
5 21 97
25 89 92
52 19 95
72 45 14
12 72 16
53 6 40
54 30 33
78 8 46
6 44 99
7 20 27
98 71 20
56 7 1
68 73 56
53 35 32
83 63 62
44 30 93
71 100 43
42 9 78
4 43 41
92 50 10
44 91 85
19 83 6
7 64 43
11 92 84
36 21 31
16 28 83
64 6 18
61 94 37
55 18 64
24 81 19
70 2 93
18 91 52
15 82 81
8 44 13
14 27 27
76 35 97
56 21 76
75 44 30
69 61 73
40 59 54
53 88 16
61 49 5
72 92 11
53 53 72
100 76 76
55 57 83
37 78 99
20 47 1
46 28 88
25 78 85
26 72 44
33 28 25
86 2 74
72 39 59
14 24 98
19 62 44
48 48 56
3 69 79
46 74 73
64 1 59
73 36 31
52 64 29
79 81 90
30 61 91
99 7 91
16 80 68
37 67 89
77 72 64
15 85 49
17 99 100
7 92 19
31 88 26
79 16 1
6 70 4
1 64 14
5 46 82
73 21 12
14 16 60
70 28 64
93 21 30
60 13 100
22 100 66
22 73 90
27 46 72
65 85 66
43 19 52
37 13 31
42 46 44
29 68 96
42 1 68
22 97 68
72 84 9
37 96 6
72 35 61
90 85 27
21 55 60
93 17 75
8 61 48
87 45 68
61 55 47
40 98 67
3 55 81
100 75 44
48 56 69
47 49 12
85 68 52
14 57 33
48 72 91
35 83 90
2 6 58
92 100 39
9 12 60
6 10 26
18 76 33
99 34 63
38 55 69
59 46 64
34 73 49
7 18 76
80 41 27
78 29 21
100 64 38
81 3 20
16 91 43
88 30 27
86 26 61
77 30 69
66 99 55
65 41 53
40 85 67
37 55 6
74 5 27
90 62 10
66 38 95
63 41 37
83 92 30
9 34 99
99 63 6
73 42 63
94 69 88
49 25 30
96 54 58
85 64 80
26 60 46
91 23 73
63 23 70
61 40 53
45 90 45
4 60 70
91 73 98
53 1 73
8 92 2
49 89 53
29 21 24
14 33 23
3 19 98
68 70 32
63 15 80
28 92 10
24 22 74
74 35 24
17 35 85
39 75 51
16 31 61
65 55 57
92 61 24
92 93 41
60 99 76
55 8 28
74 44 11
83 91 69
28 31 16
7 66 5
57 44 94
35 89 86
75 1 96
95 12 34
49 61 96
33 5 47
19 45 52
5 20 55
19 80 9
40 23 60
47 100 99
43 71 17
8 69 58
3 85 90
92 40 7
73 68 5
80 70 82
30 31 47
82 37 64
9 52 84
38 26 84
94 77 64
91 39 6
24 7 15
92 36 43
53 96 28
20 7 88
21 1 75
47 13 58
9 32 19
37 59 96
94 74 35
89 68 19
90 15 60
82 56 86
89 70 81
85 78 26
60 72 50
48 22 17
38 86 70
4 88 74
75 16 31
94 2 15
47 8 36
83 56 14
22 74 50
48 26 54
70 16 55
59 72 66
13 87 96
57 72 2
7 77 15
21 61 80
9 23 2
45 64 56
88 49 61
45 94 58
51 49 43
51 29 2
39 8 26
79 11 49
48 2 33
38 19 95
64 3 44
80 79 39
61 61 48
56 8 16
64 50 25
55 7 53
88 64 41
17 19 40
12 94 29
24 51 65
32 51 91
99 12 85
47 57 21
22 93 37
41 49 24
77 96 22
14 1 58
74 67 75
28 68 78
51 12 24
22 36 94
88 55 41
37 25 6
58 4 11
90 86 54
88 95 99
88 17 27
15 15 26
50 35 63
55 17 24
16 35 82
48 40 5
99 22 69
94 81 1
14 27 18
37 59 93
56 40 37
34 50 66
70 94 5
27 63 61
79 7 60
28 81 99
46 67 22
35 70 96
18 70 77
4 82 50
5 41 77
8 95 98
32 88 46
76 42 23
11 64 89
50 13 79
51 11 13
43 69 85
38 87 20
21 6 36
87 96 98
13 1 72
24 10 51
5 53 89
72 95 36
31 11 12
86 4 53
90 44 52
43 7 94
36 35 5
100 11 87
8 73 17
48 70 8
66 29 55
63 48 57
7 68 23
50 46 48
59 56 41
2 32 14
48 27 36
40 76 46
11 20 6
71 52 60
71 96 1
37 44 65
27 57 63
10 34 99
74 64 66
18 4 22
65 36 78
85 6 23
100 25 15
78 88 24
65 8 86
31 79 31
75 21 12
51 44 25
25 51 38
21 78 87
30 30 49
69 16 64
69 56 61
32 71 45
79 92 80
26 57 19
36 84 43
10 80 41
29 73 82
56 23 56
41 49 81
79 40 44
61 6 39
25 51 40
27 21 15
75 61 19
89 99 46
99 15 97
36 14 36
21 80 17
67 57 72
75 52 3
19 33 55
73 75 64
45 48 81
34 84 99
50 41 74
45 50 67
83 19 53
95 1 44
14 99 10
23 67 67
12 39 79
64 54 53
75 19 30
54 85 69
60 45 53
89 77 23
38 7 93
50 36 24
97 29 98
13 35 33
29 62 30
29 3 82
80 92 4
72 82 44
30 88 21
45 30 79
21 50 69
16 46 18
99 94 68
24 99 95
43 61 66
23 28 94
90 73 10
25 75 33
72 13 3
35 60 74
16 92 59
60 76 19
60 73 22
74 62 94
53 15 61
17 74 5
52 33 90
57 40 8
94 77 88
55 22 26
47 50 50
97 95 34
9 31 75
30 45 74
83 11 30
74 45 49
86 24 37
7 55 95
14 3 53
39 15 34
95 52 73
12 25 49
96 15 43
93 4 5
19 18 38
62 48 51
67 82 3
46 60 95
34 76 95
23 85 14
95 19 57
38 59 44
67 36 37
96 47 35
58 67 27
32 13 5
87 81 81
51 26 71
48 79 36
91 51 9
82 96 12
79 49 88
59 80 52
54 6 89
7 18 87
58 29 3
34 45 93
67 72 56
83 75 11
90 80 7
84 82 18
85 73 79
29 42 13
52 71 27
43 63 40
23 88 3
53 78 26
24 6 98
86 14 92
13 52 91
76 27 25
60 54 3
14 18 93
78 91 79
77 51 57
57 79 97
20 13 99
74 82 71
73 60 8
35 64 56
21 28 80
2 59 34
25 92 60
98 61 56
71 41 56
54 46 21
2 30 95
43 21 54
53 62 34
23 18 87
61 13 34
38 78 42
10 10 90
74 19 45
31 78 39
71 69 70
39 47 77
17 76 89
5 9 1
82 91 31
69 79 46
95 67 69
92 20 91
16 37 60
34 58 31
73 90 84
9 58 58
57 95 49
78 85 21
51 92 31
35 34 6
58 73 17
73 86 63
47 59 73
41 100 43
83 85 96
42 12 38
89 51 45
29 10 83
56 34 89
91 36 17
54 84 19
99 61 85
8 84 33
83 6 54
68 2 8
48 45 26
76 21 18
89 36 27
83 51 39
86 65 61
72 7 48
7 39 6
83 33 17
88 3 59
96 24 54
43 47 39
78 28 25
27 78 83
32 52 4
55 85 26
49 76 41
45 83 55
98 80 63
56 51 95
46 52 47
91 6 26
72 92 74
89 46 21
26 68 1
9 5 100
36 10 39
48 53 10
99 1 73
73 29 88
45 73 91
70 32 26
29 13 72
67 67 92
98 18 76
50 55 17
34 79 98
74 57 67
7 35 49
25 3 85
51 60 31
78 83 67
1 7 57
34 95 56
92 51 77
82 28 36
97 65 36
6 37 2
36 38 19
61 2 38
2 70 83
5 37 87
9 61 92
79 51 63
10 38 15
22 94 54
9 87 78
52 74 19
10 25 49
54 74 88
94 82 46
26 94 76
80 22 97
85 92 39
63 28 39
16 90 18
10 51 43
82 65 31
38 48 32
31 60 100
10 95 99
81 73 32
96 95 12
42 2 32
38 97 5
81 54 40
57 71 20
29 92 10
78 1 56
61 25 70
5 26 3
20 90 17
56 46 2
93 54 20
69 7 54
65 72 51
74 59 55
98 6 98
45 67 78
37 44 57
79 75 69
30 58 41
22 93 91
51 55 97
23 21 54
77 28 49
63 62 33
70 24 99
72 85 99
46 13 92
50 8 31
93 64 37
30 72 41
58 17 69
6 99 2
4 26 67
20 93 60
38 18 59
19 76 11
54 51 37
64 13 51
31 73 1
69 35 70
76 48 71
59 91 48
1 4 80
12 97 58
30 50 89
20 96 63
57 95 6
84 12 70
19 29 99
33 61 39
94 39 9
7 5 28
78 44 12
81 53 23
85 59 99
91 48 69
4 78 64
46 44 83
21 74 73
72 39 79
39 43 21
19 58 79
17 80 81
68 34 24
9 29 15
29 37 19
57 76 53
86 61 9
47 64 99
14 94 26
1 49 62
6 100 51
36 5 2
50 39 12
59 97 18
84 58 78
13 87 73
68 65 11
10 8 69
88 43 43
68 33 75
22 36 92
53 57 83
2 59 32
18 86 99
95 72 28
12 7 6
68 47 39
22 19 37
67 8 99
58 80 36
69 16 93
37 90 32
71 59 23
46 31 62
17 71 58
84 25 96
75 3 78
25 75 82
80 65 75
55 68 15
86 54 97
83 94 26
37 41 10
44 33 92
90 67 43
11 81 7
43 2 1
24 27 39
75 60 77
72 51 61
68 60 33
62 44 17
87 51 49
25 38 38
88 95 21
96 37 47
53 61 79
40 16 62
24 54 57
91 40 59
46 12 8
80 92 93
18 74 5
97 71 31
75 30 7
68 66 87
80 40 76
46 47 17
56 70 45
66 2 37
40 47 6
12 99 73
48 39 17
20 35 41
94 65 87
38 79 84
98 32 74
53 16 19
68 78 82
51 22 42
55 81 53
57 1 11
48 36 88
17 53 28
19 31 40
20 99 25
19 70 81
75 71 33
77 19 33
18 67 45
92 76 79
56 22 53
75 82 66
87 86 81
60 100 19
37 8 70
49 4 19
90 40 30
30 80 31
52 26 44
32 97 50
97 14 47
36 50 70
60 50 54
67 54 93
21 11 55
51 37 35
55 33 77
45 92 77
45 25 11
49 71 84
95 7 5
10 46 94
15 31 35
93 39 80
53 85 27
53 14 16
75 16 97
13 62 51
25 11 89
1 21 66
14 89 48
11 18 33
62 39 11
14 76 11
29 86 43
70 47 86
93 40 48
44 10 100
99 45 93
90 79 19
60 25 24
92 46 33
100 93 25
46 3 76
59 99 51
79 72 18
79 23 42
52 33 46
12 93 57
40 90 65
61 35 74
10 27 59
17 86 31
5 43 78
44 95 19
22 22 67
49 39 70
3 59 50
38 5 17
61 56 2
55 78 24
52 65 99
73 83 9
59 66 92
55 79 55
12 89 80
87 74 59
42 27 40
2 64 95
2 80 60
58 21 27
24 48 15
88 73 32
32 82 2
69 93 31
91 84 22
9 86 5
64 39 42
99 76 73
41 64 92
16 11 36
3 95 45
26 8 16
43 43 87
89 11 54
70 47 10
85 14 47
68 98 57
55 82 42
29 84 42
48 60 84
1 32 10
40 23 20
5 31 12
85 50 34
29 15 93
96 94 26
69 76 45
84 6 83
20 6 55
85 59 49
30 88 51
100 29 34
69 7 12
65 66 36
93 9 47
79 85 4
2 92 53
8 37 72
87 71 93
37 29 44
51 6 66
55 27 88
84 83 64
26 46 74
21 12 84
67 14 45
95 11 11
24 40 67
13 23 39
3 44 76
38 30 39
60 75 69
17 3 53
92 60 23
37 10 13
28 79 63
91 74 52
41 42 90
91 14 58
57 24 62
14 13 94
39 7 73
88 34 84
27 97 93
71 80 3
67 6 51
72 28 85
62 45 57
44 66 7
30 4 1
74 6 10
32 99 91
51 54 62
98 97 72
35 17 76
71 45 64
29 37 45
50 84 72
99 98 66
63 9 32
68 32 34
5 41 57
59 67 66
64 98 56
56 4 25
43 12 90
73 96 30
54 70 31
48 87 18
55 4 1
77 52 9
42 68 1
64 11 87
85 84 18
54 71 7
29 71 15
82 80 31
76 66 74
88 62 5
19 87 42
28 13 52
53 77 4
60 41 79
49 20 39
98 12 16
74 58 17
1 57 76
18 78 94
74 99 22
77 73 36
39 30 63
95 30 33
28 94 88
50 83 26
66 96 18
78 42 76
35 68 38
76 57 8
93 96 86
37 54 68
19 8 83
32 49 82
64 27 67
74 67 62
82 63 38
56 61 72
85 74 23
86 69 43
78 4 26
89 93 53
20 52 71
42 5 61
94 97 62
64 62 49
71 10 39
29 24 43
88 8 38
76 71 83
22 91 1
40 37 5
96 22 11
54 31 36
89 70 49
46 3 68
82 80 72
30 71 82
43 31 35
72 43 92
4 31 20
6 33 49
24 57 85
46 6 100
47 51 38
14 17 8
52 39 71
87 73 44
33 85 91
33 64 37
34 53 91
100 95 10
49 37 33
70 5 13
48 10 42
81 41 3
18 64 65
58 24 26
96 40 3
8 33 64
58 9 5
42 9 94
98 48 95
39 1 19
93 78 39
89 82 76
89 93 63
42 11 35
74 56 14
10 10 43
91 59 66
51 4 82
54 32 18
29 24 15
91 99 68
82 37 74
40 12 23
79 32 82
12 28 54
66 38 51
13 16 19
46 62 8
30 61 78
46 10 83
56 15 35
50 50 96
48 30 78
85 82 23
61 6 87
63 85 66
85 34 37
57 32 85
39 87 39
41 70 66
86 37 63
22 64 11
80 53 39
59 77 77
47 5 30
96 70 37
7 88 1
72 83 84
28 69 14
48 14 5
87 48 73
56 93 26
14 91 86
33 55 89
93 4 88
88 10 62
48 49 93
82 8 27
98 21 55
83 18 85
72 44 18
90 33 74
20 65 42
47 40 78
11 91 45
5 75 97
47 88 16
10 92 3
14 43 40
38 48 60
18 96 82
34 38 31
90 97 63
47 36 63
45 34 26
12 31 3
97 97 10
94 23 70
50 47 48
87 54 79
11 41 74
6 26 45
21 88 16
5 9 70
15 51 34
65 47 90
48 40 8
91 73 54
14 9 98
10 61 10
31 37 68
85 71 93
86 56 87
44 72 48
44 28 86
34 11 90
33 41 5
5 84 26
9 62 17
38 45 16
34 64 46
70 47 89
100 70 2
66 21 45
32 3 43
46 34 17
73 38 29
60 85 32
25 27 87
21 70 8
28 33 18
36 60 43
46 13 57
18 89 38
55 92 77
45 21 88
54 30 56
39 73 1
20 81 84
53 15 37
77 70 76
81 81 67
19 2 87
74 2 45
46 57 53
7 81 81
92 76 75
25 41 40
61 90 36
97 93 94
70 33 77
91 83 29
51 100 60
8 7 80
7 35 82
12 44 80
64 90 14
5 20 90
17 26 58
48 28 58
61 14 83
44 78 6
17 84 69
71 42 47
28 21 88
93 90 30
86 95 46
50 21 75
30 29 41
20 38 74
59 95 44
74 3 94
95 66 95
99 7 91
63 86 92
51 39 39
42 43 59
7 9 78
27 93 80
25 80 2
17 8 72
43 6 26
64 67 42
90 2 72
7 51 73
78 73 87
15 95 7
38 95 30
54 67 69
49 48 93
94 81 26
89 86 27
40 48 29
53 24 71
8 95 33
78 27 68
31 13 86
17 33 25
2 64 96
93 30 73
38 30 92
14 93 78
16 82 72
1 74 76
3 57 8
89 29 39
83 12 39
89 74 71
45 17 98
81 91 66
9 72 88
21 47 63
74 27 90
78 29 71
36 9 32
78 57 7
53 5 86
12 35 32
52 62 34
84 59 91
36 45 35
17 83 73
43 82 97
89 68 5
39 24 9
100 14 10
97 96 55
85 60 73
23 72 80
9 25 56
49 94 92
3 51 63
83 44 39
2 95 67
84 61 62
30 17 6
10 59 45
9 13 11
100 82 14
71 84 85
18 30 64
71 37 57
85 69 97
52 43 93
19 36 72
92 65 56
15 6 95
64 44 88
44 43 92
80 99 50
60 35 1
70 91 42
38 25 96
56 85 44
10 13 76
39 94 91
6 39 48
99 58 85
37 10 26
31 45 24
66 39 99
28 6 43
4 45 1
15 38 33
20 8 36
60 24 75
10 75 75
80 18 27
84 93 86
55 70 51
59 41 54
43 27 68
65 94 90
94 67 87
54 78 90
91 96 30
34 59 32
45 26 73
77 13 49
13 62 33
71 79 98
59 61 61
15 19 13
23 3 6
88 20 77
71 55 60
43 63 68
22 90 65
84 78 57
84 38 27
24 67 97
4 12 79
78 34 9
58 37 24
56 61 68
32 52 72
32 39 31
75 26 32
43 32 47
40 68 76
23 85 70
59 93 76
96 99 98
66 50 93
41 36 90
83 79 67
55 21 27
34 29 50
26 63 81
9 94 80
92 17 81
72 46 98
10 87 35
22 57 84
76 53 94
31 78 79
39 98 8
7 46 99
96 49 49
35 74 26
76 99 61
9 52 65
18 94 5
16 20 52
94 36 27
50 54 4
80 15 11
99 34 24
49 4 84
2 45 57
21 85 80
62 29 6
6 73 32
10 72 60
98 88 86
69 26 96
15 92 74
41 64 56
46 64 5
78 98 86
85 54 59
58 100 79
30 6 58
56 20 86
63 26 62
21 100 98
48 83 31
45 36 37
3 91 9
58 50 92
62 7 90
6 20 40
36 32 20
15 6 61
94 71 22
24 78 48
59 49 46
21 81 99
4 60 59
60 7 2
23 18 44
31 65 80
78 96 16
21 47 57
72 23 100
44 79 43
59 86 14
34 96 5
97 86 58
89 56 27
16 75 83
10 34 10
53 17 18
73 21 74
20 57 61
53 10 60
42 20 52
87 12 99
71 48 27
34 48 85
28 80 64
29 84 14
14 48 51
52 6 43
38 60 78
85 67 65
99 19 69
27 89 62
58 65 40
97 37 25
13 3 41
68 43 76
50 11 54
2 64 67
70 82 18
83 23 61
56 6 40
82 16 67
19 96 86
97 100 92
91 4 87
54 83 23
6 14 49
4 60 25
36 15 76
53 25 25
14 73 85
50 29 16
87 10 62
3 40 64
34 100 92
62 34 71
67 91 29
72 73 54
49 83 13
2 97 53
9 98 86
93 1 17
43 26 78
95 7 97
75 95 45
58 100 67
88 61 82
61 76 1
2 82 27
64 30 68
70 76 18
27 94 94
60 9 68
63 72 92
38 81 75
13 48 65
98 98 85
41 85 3
81 33 26
61 47 49
43 86 68
82 71 69
91 32 85
13 80 47
27 66 89
59 48 50
80 8 50
26 95 56
66 81 99
89 65 58
31 95 78
62 88 5
9 91 89
78 12 82
30 95 23
98 5 63
76 6 93
86 82 93
56 48 77
35 38 85
77 85 90
85 59 57
76 44 95
96 13 74
50 37 15
99 40 69
24 11 98
56 14 11
34 73 76
95 25 65
43 14 49
20 57 45
9 37 25
34 67 74
65 33 77
50 90 39
85 72 77
32 96 58
33 87 75
88 72 12
96 20 48
28 74 47
8 6 74
100 52 56
62 44 82
3 28 17
23 44 92
7 68 24
90 1 89
91 69 11
82 39 50
15 42 84
92 27 18
7 93 20
38 88 92
18 10 33
27 56 73
20 38 13
81 73 77
35 49 96
99 97 13
11 10 91
3 6 17
59 60 73
13 60 50
43 95 48
12 29 12
50 39 10
3 91 96
30 18 97
69 20 46
3 16 2
24 13 68
76 45 28
38 64 98
83 20 18
5 31 67
6 80 16
45 74 84
12 69 77
58 17 90
30 40 51
51 86 28
92 79 100
36 72 88
84 93 9
2 40 57
100 67 79
51 26 7
38 43 6
76 67 72
43 10 32
37 97 10
25 73 30
9 15 73
6 69 97
53 65 74
68 14 9
94 86 31
13 87 98
21 18 79
58 5 15
45 91 47
7 86 14
77 16 30
3 55 51
40 46 41
64 100 62
76 47 79
95 82 80
56 69 8
22 4 64
8 30 77
76 43 28
52 87 55
92 22 92
15 2 90
20 12 99
97 83 35
2 7 56
64 33 5
13 5 80
45 3 5
88 3 33
58 41 30
76 76 8
84 99 84
83 62 93
23 28 62
20 38 25
94 95 38
59 33 77
63 29 17
37 98 76
16 36 61
13 41 29
64 17 21
19 86 48
60 17 72
69 68 87
63 20 22
47 35 92
31 26 90
43 61 42
60 29 86
7 72 89
83 99 48
37 34 98
71 31 42
59 84 5
36 58 37
48 78 60
75 18 74
8 61 45
81 67 48
5 46 33
82 66 96
71 54 34
48 8 55
40 80 75
10 52 42
2 35 50
59 43 88
22 63 9
69 22 12
77 76 57
4 1 9
94 17 55
42 5 32
19 98 33
40 20 36
93 91 42
70 68 35
67 94 13
98 73 99
75 83 7
30 44 54
88 68 37
85 76 2
43 54 7
26 88 43
62 11 16
97 29 70
72 89 89
4 76 20
13 13 56
81 58 89
98 65 13
97 72 73
82 37 45
1 92 80
71 28 80
5 55 84
80 96 12
83 72 53
97 72 44
64 89 33
49 56 24
55 3 17
25 7 76
55 96 92
80 12 71
94 50 1
72 2 76
51 57 32
59 31 58
14 89 27
17 75 73
82 73 65
8 4 25
60 19 71
77 58 66
68 45 69
92 40 55
94 21 29
80 7 53
76 63 55
68 83 69
88 48 42
31 57 38
48 21 48
86 82 91
55 30 61
83 35 68
90 85 6
13 58 74
10 10 90
70 81 80
19 4 12
84 69 50
34 3 78
45 99 8
66 87 40
35 41 24
7 89 36
35 3 52
88 86 10
76 16 4
52 95 77
99 85 89
15 86 45
75 64 25
13 83 10
68 66 82
17 87 69
17 86 28
97 4 68
82 70 35
46 74 33
71 24 94
41 26 71
48 89 2
19 80 55
63 76 99
100 17 62
79 57 98
91 20 18
70 6 99
62 3 57
74 100 50
78 30 29
44 72 81
100 25 76
14 47 52
84 28 64
78 24 43
66 58 25
45 32 69
20 61 17
67 16 98
61 89 29
50 53 65
8 26 22
59 37 58
53 7 1
50 49 35
7 55 48
2 48 43
18 44 51
40 46 76
99 52 17
71 26 43
13 84 6
9 9 70
11 21 9
20 1 68
35 92 38
99 6 58
86 39 53
49 87 48
39 87 32
58 62 74
49 22 73
58 39 96
49 49 91
16 71 48
38 76 12
71 35 15
42 3 27
95 84 35
70 35 16
96 64 4
38 90 14
34 70 57
27 62 82
70 70 53
85 63 36
39 61 78
99 36 31
63 54 49
67 25 78
58 16 4
50 47 90
19 44 87
33 20 92
88 29 10
37 31 31
52 94 73
16 32 41
82 60 4
12 45 3
43 82 36
94 43 92
21 96 37
65 48 43
10 3 51
85 67 55
51 18 8
24 50 46
18 93 93
1 56 90
58 17 18
95 61 13
11 32 99
31 25 53
77 40 38
25 11 37
92 49 79
3 44 28
74 4 91
21 37 33
63 63 18
65 47 47
43 34 58
23 78 99
87 38 98
62 93 15
88 53 2
81 33 69
81 53 74
59 61 87
52 67 16
9 71 75
29 56 94
88 88 76
61 87 61
72 28 4
52 89 74
10 83 8
20 76 76
87 55 52
20 71 34
86 20 17
44 57 32
31 6 63
44 46 96
68 40 59
91 58 64
23 35 47
79 76 13
100 93 29
45 15 65
100 39 54
31 93 3
82 85 30
71 91 38
19 29 78
24 56 31
27 91 25
73 37 41
94 97 18
49 11 1
58 94 28
48 45 97
99 88 67
19 66 34
96 61 89
22 57 60
50 18 72
53 1 94
60 86 74
2 8 67
51 65 13
9 18 15
35 30 24
92 71 75
34 4 7
94 82 55
9 37 46
36 13 55
27 76 99
12 8 56
80 4 100
26 56 21
18 10 71
47 44 10
12 15 66
35 45 88
4 39 79
34 30 77
89 71 92
94 83 17
44 96 19
97 11 44
42 69 73
13 98 48
24 14 54
20 2 12
30 52 25
2 18 49
74 47 46
62 58 71
94 83 97
81 78 51
68 9 47
62 55 90
74 12 25
66 2 62
58 72 40
83 22 38
63 82 55
95 1 4
12 23 8
38 14 68
80 99 39
55 47 59
52 1 31
60 48 2
25 85 22
96 60 98
97 62 88
9 99 36
18 73 44
56 3 7
12 47 79
94 52 69
35 32 56
42 87 46
26 70 55
29 51 6
46 55 73
74 15 14
29 97 50
56 18 17
68 5 80
87 52 56
70 39 25
55 81 84
95 14 45
95 96 78
31 28 94
11 73 97
82 3 28
18 62 7
43 30 71
6 26 23
27 34 99
57 95 86
87 3 47
74 38 68
36 36 6
47 62 22
97 52 34
26 90 47
91 11 63
85 22 76
48 4 30
92 78 89
33 32 32
26 21 44
89 74 81
65 82 61
51 12 71
19 16 97
52 17 3
57 35 36
52 99 14
70 67 18
28 13 71
58 85 88
31 27 86
37 36 60
51 22 41
32 33 11
21 2 80
94 74 87
59 29 96
18 16 94
81 27 40
4 75 68
58 38 95
99 95 72
93 9 73
56 99 85
63 61 22
91 95 69
32 60 75
19 65 81
97 82 93
36 82 7
85 1 3
99 17 15
16 48 4
97 53 31
49 40 99
35 29 72
79 99 98
53 57 31
45 3 30
98 81 60
5 69 21
87 34 93
22 11 71
32 17 64
3 14 10
7 94 49
78 88 78
85 74 76
16 32 47
39 64 84
56 97 8
14 37 88
12 60 66
35 26 91
63 35 54
34 16 60
64 30 69
7 29 86
69 91 13
51 77 63
77 3 75
78 45 89
23 48 29
17 29 44
74 46 53
82 6 67
76 68 30
57 14 41
25 41 100
59 28 18
11 34 82
26 60 95
76 48 48
93 51 50
96 11 71
43 75 59
79 64 77
26 53 91
85 74 18
51 96 88
62 91 46
7 25 9
10 14 1
34 55 32
76 61 30
96 21 77
79 44 81
8 22 20
37 48 86
6 58 14
42 72 55
99 42 54
33 18 91
9 92 63
52 9 5
9 37 15
31 73 38
27 30 97
44 51 45
8 32 34
38 19 90
30 18 52
61 84 27
62 39 88
98 52 23
59 80 14
46 6 82
64 34 51
26 57 75
69 10 76
92 13 41
13 25 47
35 49 34
85 57 89
5 27 41
29 86 41
55 78 39
7 54 93
68 9 54
39 47 93
17 48 30
61 36 11
46 87 25
58 92 21
86 59 8
53 71 66
82 62 57
38 14 15
36 60 78
75 67 67
93 84 37
75 19 34
64 21 58
62 38 28
97 91 49
63 87 81
20 24 30
7 1 86
78 42 24
76 12 44
83 55 79
67 85 51
19 90 19
74 45 82
86 94 23
65 81 43
88 10 52
21 79 44
20 36 43
9 70 51
96 31 58
99 70 49
73 25 22
63 76 95
85 8 1
92 49 55
37 62 75
6 50 73
96 87 73
100 74 29
56 69 98
60 30 97
66 57 46
63 98 1
92 69 42
64 76 46
28 38 100
43 69 79
41 82 48
51 99 52
22 91 84
81 68 95
32 95 59
21 81 27
64 42 20
10 65 29
45 26 9
34 70 13
64 16 67
44 96 13
85 56 93
89 1 96
66 34 27
95 40 2
80 14 60
95 59 30
59 20 25
39 24 5
86 83 62
9 44 10
97 93 29
66 56 37
32 41 84
69 67 38
61 90 59
78 52 60
64 30 24
99 41 90
82 63 71
74 17 51
33 26 27
40 86 14
55 1 85
67 83 25
15 89 44
34 39 54
40 84 77
31 100 13
57 45 12
81 24 50
23 13 43
25 60 96
25 97 12
72 28 50
43 89 49
33 3 88
58 50 71
45 73 4
9 43 70
37 43 92
7 96 93
100 93 97
68 68 98
44 93 89
89 35 78
46 50 55
74 55 83
42 2 62
67 74 52
82 32 90
21 70 2
33 16 99
11 36 7
60 40 99
23 9 76
45 82 92
99 64 5
29 35 93
14 25 68
39 50 27
83 70 27
6 56 60
12 93 45
22 89 86
60 11 52
55 63 97
91 83 55
40 61 40
34 35 81
46 7 71
25 18 28
24 28 98
91 2 90
46 66 31
93 96 72
15 56 9
97 14 53
77 23 9
16 32 87
68 23 22
81 23 40
1 79 20
46 34 66
96 95 18
85 96 20
64 78 71
93 51 19
41 14 21
4 69 31
96 89 53
25 50 31
28 56 93
36 33 87
89 36 60
55 16 53
91 63 12
58 98 80
91 1 15
30 79 91
3 77 7
15 45 88
42 74 6
33 85 41
39 14 29
90 32 67
27 34 100
6 6 67
85 72 21
35 85 55
49 69 51
55 30 87
32 75 19
37 88 54
30 71 75
12 1 24
75 74 16
33 47 87
43 21 8
47 23 32
4 80 71
75 28 36
8 30 81
19 19 65
84 62 16
34 38 96
76 27 32
33 77 46
37 35 11
43 86 2
79 37 22
35 83 42
2 5 58
93 50 30
85 75 34
3 97 87
17 29 91
82 41 74
28 5 15
83 54 55
79 63 6
74 1 5
8 15 87
100 27 31
65 45 19
48 26 94
14 71 9
30 8 96
49 56 92
90 64 8
87 75 14
67 20 100
59 87 40
71 29 84
94 41 3
20 73 12
21 65 38
77 80 63
42 57 16
87 48 6
64 100 72
95 50 60
41 86 91
79 25 28
25 96 42
40 97 61
42 9 93
17 47 82
83 71 94
89 41 29
38 96 14
48 10 82
22 91 60
67 46 34
29 56 1
25 62 10
33 4 9
37 96 7
14 17 60
28 36 97
84 39 94
93 69 55
97 35 75
43 83 24
57 82 67
28 82 58
27 11 77
11 51 89
57 97 36
61 5 64
96 73 34
3 85 22
39 99 92
62 18 98
56 86 8
88 6 21
25 51 1
45 22 51
58 96 64
70 63 48
55 37 58
28 41 18
100 51 54
68 33 43
11 39 99
18 71 60
53 82 91
97 48 40
97 34 52
83 8 92
70 15 48
97 10 37
11 41 66
2 11 55
54 49 76
80 2 77
40 3 22
80 100 35
27 81 100
33 24 56
78 23 13
77 29 51
55 42 6
66 28 100
36 89 99
87 93 58
11 51 51
33 96 98
70 55 15
69 21 22
40 56 86
36 50 70
83 12 40
3 24 38
33 32 7
38 16 19
72 40 85
48 41 59
73 35 54
5 47 75
82 8 26
1 73 14
58 29 67
32 62 14
28 12 24
24 29 26
86 49 34
96 40 51
8 5 71
3 72 88
5 68 8
61 99 98
100 2 35
77 37 97
98 84 84
52 74 30
87 25 81
56 65 99
71 84 54
15 48 75
32 56 74
94 89 65
74 77 74
84 1 71
32 99 1
37 35 14
10 43 15
81 13 83
62 48 94
92 43 45
73 48 85
81 90 59
11 48 99
88 87 72
54 14 98
63 33 19
27 60 64
43 19 46
32 37 2
81 49 44
94 34 79
26 47 54
54 37 26
97 71 77
17 3 3
54 17 100
37 33 100
99 79 16
64 23 66
96 55 12
46 43 70
54 29 13
21 66 52
48 55 8
10 62 55
49 80 81
6 42 79
45 6 82
83 78 84
46 81 17
78 86 93
59 70 71
53 7 70
25 85 27
71 86 2
4 61 82
75 55 37
51 43 75
20 68 7
18 34 68
10 5 1
66 33 7
58 97 24
49 36 68
18 76 12
20 2 46
63 90 26
34 39 71
63 18 6
14 42 1
43 19 52
36 31 91
85 83 36
24 47 42
80 66 14
35 61 72
74 53 54
84 42 1
87 26 36
81 80 73
1 90 79
32 31 48
62 74 57
35 7 21
75 85 20
5 40 83
68 51 64
59 61 49
86 17 37
16 12 35
43 49 41
25 35 18
39 70 92
41 86 52
2 79 73
90 44 88
39 41 38
97 37 33
32 73 95
76 17 46
98 21 46
6 8 43
49 53 57
80 48 82
1 46 81
50 13 25
49 94 7
85 61 10
30 2 59
36 69 41
23 18 58
69 83 42
75 51 51
77 76 69
46 91 64
88 5 11
14 83 91
22 84 8
17 63 9
80 84 9
34 11 21
60 56 21
52 86 24
70 33 18
79 95 14
49 15 62
18 81 7
70 87 92
65 21 23
32 91 40
17 64 14
61 14 77
82 40 97
19 90 83
61 26 88
64 67 92
11 26 91
97 95 99
62 76 20
3 33 36
3 71 40
64 44 35
15 25 84
34 44 8
13 5 32
5 71 37
17 47 39
97 21 61
57 31 21
28 93 55
67 11 89
73 63 81
25 76 10
12 28 84
34 41 28
25 45 18
47 75 16
18 97 13
74 35 43
94 65 67
65 98 28
23 6 49
83 58 82
99 66 93
49 24 8
12 35 6
16 76 24
42 86 70
72 30 50
11 66 37
30 48 88
29 46 41
51 84 43
2 53 96
88 91 98
86 4 95
62 8 21
37 12 45
28 35 23
33 79 37
59 92 66
63 65 6
46 44 44
49 94 76
59 39 77
76 44 67
30 2 37
100 75 58
90 18 18
79 35 31
37 90 22
89 97 50
89 71 55
93 86 1
38 89 76
6 3 89
62 68 91
73 6 57
11 3 45
73 93 83
79 16 38
97 71 65
41 25 1
34 8 99
46 53 2
54 2 37
38 82 17
86 70 25
96 40 61
88 69 74
63 40 59
93 16 92
53 44 98
77 43 51
3 39 65
94 73 54
89 52 35
38 51 94
10 55 2
70 76 29
29 43 45
63 11 68
15 60 38
10 10 87
56 77 68
33 85 66
75 44 94
44 49 44
72 81 89
44 100 100
78 10 98
48 92 18
34 25 73
58 80 34
9 72 85
99 30 27
75 96 71
95 1 60
71 15 81
89 44 53
2 37 23
31 91 31
37 14 80
98 6 81
34 4 72
40 11 9
7 98 42
59 84 98
31 62 73
23 89 18
39 35 17
42 58 17
62 2 10
4 41 74
86 43 61
56 72 92
29 58 62
53 42 28
57 12 15
41 20 5
13 99 74
12 41 76
14 85 95
9 22 98
26 37 41
15 35 1
97 88 33
54 15 20
85 8 38
52 2 98
89 10 48
81 30 34
66 80 25
78 100 8
81 99 60
61 92 38
54 98 20
72 86 48
38 19 69
83 6 16
46 80 100
8 83 34
20 98 36
74 6 62
97 26 46
79 91 47
99 8 96
80 12 23
52 84 16
62 85 70
50 15 24
33 22 9
84 31 53
52 9 73
93 67 36
34 52 21
41 4 64
81 62 52
24 9 6
73 70 84
97 24 41
100 16 31
73 83 80
10 66 78
33 52 42
52 65 67
45 18 12
64 68 35
35 68 45
41 12 57
69 46 14
25 68 90
80 11 17
45 74 79
33 85 82
8 76 11
75 85 82
25 31 16
79 74 8
45 78 42
75 81 56
53 97 95
67 71 52
84 19 85
53 81 20
83 7 100
63 56 83
97 14 33
44 7 1
49 65 40
19 23 1
99 9 57
33 15 70
34 45 21
83 40 13
76 73 73
99 6 15
84 22 51
46 46 98
70 53 41
6 67 88
56 76 80
92 66 99
21 64 86
3 12 21
83 31 49
20 31 24
72 5 24
84 87 3
67 28 6
90 81 28
71 43 33
40 50 99
87 97 19
54 69 51
92 12 69
10 100 57
51 70 79
55 29 83
59 12 77
52 71 49
21 43 46
94 84 18
92 35 10
97 76 47
47 1 11
31 77 62
48 84 1
64 92 1
17 32 23
77 67 72
43 47 87
62 53 24
2 8 8
45 54 13
68 95 76
31 74 74
98 64 3
62 16 40
57 100 67
65 27 34
74 26 61
20 14 85
5 15 79
19 79 9
80 13 59
97 33 71
54 40 9
20 47 8
74 91 52
31 43 36
24 75 11
74 51 44
85 61 19
95 68 13
90 72 30
17 64 4
54 4 42
91 36 20
50 56 2
86 73 73
97 90 32
98 69 39
76 72 60
41 3 65
68 83 86
18 46 94
76 60 51
66 39 86
92 32 6
93 37 95
87 56 8
40 97 97
37 80 62
43 15 26
63 49 43
19 62 86
70 93 49
56 9 1
31 85 46
62 43 82
45 33 97
62 20 31
62 18 43
74 1 73
56 87 12
84 47 75
10 49 54
7 3 54
7 18 26
65 59 1
58 1 79
45 30 34
46 72 65
15 89 32
98 65 22
22 76 51
59 87 71
86 16 4
6 13 77
57 8 35
93 97 24
54 10 15
5 81 39
22 55 22
23 59 70
45 10 91
32 69 34
33 6 2
49 9 13
46 88 49
19 73 41
29 27 80
19 66 95
69 63 77
24 58 7
65 74 4
19 32 34
62 83 8
67 9 81
79 12 86
69 80 46
75 72 91
1 76 40
31 11 16
56 14 35
66 5 77
82 31 26
86 9 58
16 45 28
11 84 71
71 36 24
61 69 69
97 84 50
41 100 54
15 81 19
51 61 5
89 85 58
93 23 54
75 63 34
42 80 70
61 42 95
27 49 10
47 27 11
14 14 4
13 87 59
59 80 18
79 76 80
30 8 25
13 24 41
3 15 74
14 32 92
80 48 52
66 59 78
85 10 77
88 65 59
93 22 39
27 1 41
72 46 67
7 69 46
82 26 22
95 71 2
54 26 7
35 86 2
20 30 89
83 25 77
6 70 28
57 43 19
88 64 49
67 89 67
83 80 37
15 72 24
66 63 37
80 69 31
22 10 68
80 46 89
46 40 44
64 12 89
10 4 76
83 97 12
91 32 3
91 62 15
70 90 31
84 26 2
92 86 26
88 83 56
56 6 21
5 34 24
67 42 9
46 47 17
4 31 13
34 1 60
48 1 99
55 28 16
85 94 60
57 33 97
16 75 46
55 66 68
22 60 23
86 98 23
79 79 43
67 32 88
96 23 46
100 13 10
5 3 49
78 61 87
33 35 40
91 54 59
42 97 1
67 21 74
79 45 22
38 15 46
100 20 24
34 87 74
90 100 77
32 13 7
69 48 16
65 8 84
20 51 86
28 60 5
7 74 52
38 34 90
38 33 64
86 14 42
21 31 43
17 81 9
96 73 58
30 31 12
35 28 71
68 6 82
42 43 31
28 40 71
100 27 1
18 32 43
58 30 77
8 76 1
58 80 23
79 79 78
96 98 99
72 40 78
11 21 33
30 91 90
82 82 32
37 94 92
13 81 17
53 66 38
50 77 12
98 92 10
46 97 90
85 10 59
34 53 96
46 97 49
98 17 48
17 45 55
94 92 91
71 80 67
91 17 74
28 9 93
83 26 61
43 67 24
88 45 35
84 93 62
7 56 78
91 32 7
17 5 27
66 5 87
75 70 90
83 13 96
15 60 20
88 16 81
73 22 11
2 35 88
78 88 19
85 49 16
21 7 18
27 46 22
89 48 15
66 61 88
61 48 52
46 77 99
29 58 73
80 90 50
83 97 39
72 24 35
64 47 79
16 38 80
83 25 89
50 2 4
20 87 9
2 78 69
67 52 97
99 16 16
43 23 45
28 43 92
9 36 50
6 70 31
29 81 66
96 100 16
38 40 58
51 63 12
25 10 31
61 50 76
30 12 88
41 85 95
34 31 97
68 77 16
54 69 55
14 73 83
58 76 40
69 58 97
95 24 22
85 99 8
28 49 84
93 66 44
47 82 28
97 62 22
42 35 32
47 74 71
67 53 30
99 16 3
40 43 17
63 5 15
95 55 90
1 70 1
15 54 48
47 29 1
77 79 24
19 19 54
54 14 67
91 100 12
5 62 4
82 53 24
85 50 62
8 98 87
33 78 47
13 49 97
80 22 53
58 40 37
88 92 62
9 33 69
88 91 65
40 99 18
73 24 3
64 50 69
1 16 55
20 39 50
5 54 17
46 9 62
65 6 100
70 64 21
6 87 30
59 40 34
11 51 11
16 20 96
44 6 63
93 10 11
46 91 63
86 29 63
16 100 95
96 96 46
60 31 16
18 64 57
48 13 19
61 89 41
36 90 86
61 69 74
50 51 43
85 19 79
17 71 85
98 13 4
41 25 90
43 28 32
60 33 23
81 52 82
42 17 77
54 47 88
36 79 48
62 97 48
37 55 39
60 67 12
3 91 3
58 81 90
74 25 69
96 99 46
80 89 35
20 10 83
43 10 1
41 81 24
64 55 97
75 24 27
80 72 37
59 21 62
65 6 27
89 21 23
99 79 78
58 6 36
86 31 3
65 48 59
73 72 59
81 75 41
70 65 24
80 83 69
7 17 90
69 17 99
1 82 77
73 61 35
18 22 34
24 88 5
27 91 71
40 85 41
27 62 63
69 59 53
91 97 82
52 31 65
57 28 85
12 38 47
73 13 36
95 89 89
44 40 29
33 36 21
37 84 59
74 71 9
79 99 26
58 2 85
57 26 26
73 55 10
1 50 57
9 69 56
14 51 63
28 5 96
79 61 55
7 34 87
27 21 38
56 64 57
95 69 26
17 52 34
83 33 1
76 69 14
99 46 4
66 51 17
81 69 18
91 41 89
40 1 7
98 50 25
19 82 42
9 4 21
89 60 41
10 14 17
92 41 64
50 84 7
53 92 76
4 41 24
69 14 68
83 47 46
22 83 89
90 32 84
13 56 44
52 74 93
65 53 7
11 30 60
4 14 24
75 27 37
24 19 9
61 52 17
98 11 28
74 49 20
60 50 65
6 96 32
30 94 9
69 6 23
75 11 34
61 99 100
99 77 89
84 43 92
42 72 48
50 23 63
66 68 99
99 31 5
65 46 32
40 83 24
83 79 55
98 82 69
75 69 80
64 93 36
17 30 9
32 79 95
95 1 57
39 61 85
100 22 31
49 44 68
33 55 13
60 96 63
58 10 70
2 94 78
45 62 60
10 65 100
69 92 7
15 62 22
5 92 1
79 33 85
56 52 78
47 50 46
18 11 72
94 58 68
80 24 95
88 57 99
4 49 9
66 95 94
100 30 89
95 45 31
80 63 67
36 23 41
62 11 36
80 32 81
73 90 34
17 70 6
14 65 96
69 35 30
50 91 40
83 94 89
26 30 82
64 62 76
7 31 23
5 33 80
41 50 15
62 78 31
24 60 10
100 80 60
65 43 39
25 57 6
66 84 68
20 6 65
47 73 43
50 92 84
44 95 74
51 83 55
72 33 20
56 84 39
84 91 65
6 41 56
2 44 32
100 24 28
98 65 9
84 53 94
50 65 57
36 80 35
17 21 54
1 20 79
66 70 84
75 15 50
100 61 72
43 12 5
23 3 58
89 6 8
37 78 2
5 86 75
28 51 4
86 75 23
64 55 63
61 79 3
23 28 71
21 27 96
84 61 7
51 88 30
6 49 24
88 43 37
22 50 28
33 11 12
23 50 92
45 14 52
77 9 91
41 20 74
85 82 60
26 12 61
67 93 55
87 33 50
84 43 92
72 35 84
60 8 54
48 44 6
1 54 96
30 2 14
97 54 32
84 79 7
4 57 20
67 39 3
54 79 11
1 58 53
6 75 21
24 41 31
50 88 32
14 30 99
14 70 16
39 100 47
25 72 69
58 1 91
94 11 88
60 59 72
38 18 57
75 3 52
84 72 100
74 56 29
3 39 10
81 52 71
64 80 27
51 31 55
61 75 2
27 9 23
94 30 84
63 82 75
86 57 53
3 30 31
63 10 75
15 86 39
28 10 68
25 51 3
91 5 53
25 87 66
38 78 4
61 59 2
16 75 73
72 66 2
32 78 26
17 9 21
6 21 20
63 51 3
49 21 12
60 56 91
32 37 73
29 96 8
37 40 59
61 21 32
81 4 23
37 40 8
3 62 80
88 65 90
50 42 64
59 92 76
91 22 91
83 61 64
94 44 4
27 35 60
16 79 77
42 58 98
40 6 69
75 48 29
82 74 66
45 92 69
83 46 63
65 35 35
66 54 94
84 12 6
49 2 52
26 80 59
69 43 19
95 7 65
59 85 43
26 87 46
27 62 65
17 50 67
29 90 75
47 41 41
81 8 57
49 23 46
35 61 27
30 39 71
33 68 56
98 28 64
31 4 33
65 40 38
55 78 46
31 11 55
19 69 11
94 52 77
89 18 40
20 94 59
81 35 80
47 75 42
78 86 27
40 85 50
9 13 28
66 19 25
30 71 48
85 65 61
94 62 32
95 62 94
89 84 25
81 28 54
96 23 45
85 16 29
44 34 62
5 73 68
4 58 95
64 59 28
6 71 98
22 54 93
86 39 22
6 70 84
3 100 44
56 50 79
30 38 23
32 55 77
19 91 46
26 87 21
33 45 99
77 51 45
49 73 89
27 26 41
98 74 97
56 96 73
47 62 26
37 86 21
3 50 71
68 74 71
14 71 80
74 28 72
34 93 2
84 65 19
80 1 54
63 31 76
35 63 38
94 1 68
46 17 64
97 85 23
57 62 60
89 19 25
75 72 33
86 42 52
66 73 48
98 23 51
81 68 90
90 50 74
86 69 6
10 29 61
50 82 26
27 31 14
15 91 27
57 33 31
37 24 46
15 59 85
31 42 34
23 15 5
95 69 48
52 97 35
75 65 42
91 55 45
60 49 47
67 82 70
60 98 65
23 84 59
52 20 100
54 87 11
37 12 57
58 79 77
23 36 70
41 45 32
51 35 82
68 49 80
16 46 81
46 15 61
9 12 72
9 26 74
21 15 24
39 1 80
41 88 66
83 48 70
30 99 36
84 83 82
60 97 1
24 12 52
16 2 78
6 16 73
19 33 20
33 89 20
70 37 82
65 47 81
12 47 95
49 4 92
61 87 8
59 7 2
27 2 24
58 69 94
48 93 17
4 72 27
43 36 4
37 36 33
41 10 39
20 29 69
54 20 93
10 46 62
99 100 49
7 55 91
58 8 10
87 3 14
45 74 79
12 41 89
52 100 39
81 99 12
91 91 62
43 35 63
82 69 76
98 60 43
35 74 70
56 76 63
47 49 61
26 77 100
88 45 20
42 8 45
74 32 72
87 76 47
98 68 22
65 78 44
41 96 82
28 50 90
21 48 93
35 42 67
15 58 13
89 69 27
62 28 13
50 42 28
21 59 8
25 6 85
84 71 78
90 64 66
4 90 46
44 69 34
71 30 17
75 66 3
56 36 29
6 92 75
74 65 67
65 71 32
43 16 75
42 77 41
18 3 16
58 72 46
91 19 32
28 32 42
40 95 39
90 55 98
87 78 35
52 30 81
98 41 63
80 99 40
24 79 91
30 89 7
13 95 23
32 19 12
13 57 56
58 12 40
42 36 61
26 40 15
37 13 32
4 27 48
32 27 11
8 74 72
42 6 16
98 90 57
20 53 90
14 64 36
20 28 74
97 52 99
88 87 45
58 49 91
52 33 84
84 79 14
26 15 23
4 93 13
96 62 73
51 58 58
13 84 60
52 35 83
3 25 78
95 63 15
39 2 65
41 13 100
47 52 80
16 100 38
100 93 67
72 51 26
5 52 99
90 35 5
43 50 2
80 75 32
78 20 53
57 27 74
60 38 54
84 47 24
40 48 1
20 83 62
35 58 92
92 25 2
43 9 44
100 98 80
2 75 3
12 6 78
4 63 64
35 77 18
55 25 59
77 53 50
11 22 2
55 1 4
32 8 83
98 6 57
15 48 60
14 36 83
89 26 99
33 25 59
54 37 34
80 81 55
98 39 36
45 74 74
60 70 79
88 93 90
1 12 12
79 60 38
100 47 86
32 78 26
22 26 22
56 71 15
83 26 93
85 22 90
60 98 10
50 2 45
77 33 5
39 41 56
26 61 81
66 79 47
28 82 49
38 34 26
40 3 50
99 22 42
15 25 90
83 82 3
100 83 90
98 99 76
95 24 3
92 24 17
52 74 2
74 82 66
10 75 28
100 54 79
94 77 34
29 60 10
17 46 75
68 70 19
59 71 58
85 50 20
10 36 67
35 70 8
71 84 73
66 45 92
86 50 55
48 49 91
33 46 100
31 39 36
34 57 36
93 44 79
77 99 77
77 19 53
100 29 22
29 60 16
20 64 76
78 12 65
57 15 19
93 12 16
99 35 58
40 34 24
16 33 87
97 81 73
85 51 44
82 46 37
16 57 40
97 16 16
31 100 64
40 21 99
64 60 44
78 99 84
26 36 9
51 78 86
56 84 16
67 30 95
79 46 66
21 41 13
25 24 92
8 80 2
44 87 1
22 90 94
33 2 48
1 60 13
17 14 2
8 56 97
67 84 74
35 3 72
40 13 13
92 77 47
88 32 41
3 71 7
35 8 60
94 56 30
41 61 27
28 97 61
10 43 15
25 57 33
74 50 32
19 35 5
99 67 62
32 61 64
16 63 13
9 63 69
11 65 25
11 84 95
93 9 93
72 11 75
72 87 85
45 73 50
51 23 69
22 2 42
90 73 100
38 77 22
69 51 25
24 54 97
3 61 83
5 3 15
67 71 91
5 15 92
79 71 37
4 19 81
29 50 31
41 57 52
89 3 75
52 100 45
74 35 93
38 90 96
42 84 10
73 28 88
55 70 78
82 66 74
85 95 92
73 15 36
39 48 60
62 78 99
11 48 6
57 36 82
86 96 89
65 64 15
16 29 76
40 100 27
77 75 2
14 30 9
21 16 43
79 10 68
1 9 73
23 46 10
95 28 62
46 96 11
15 96 29
24 35 21
28 25 93
69 93 3
30 73 36
52 83 48
30 97 44
77 35 24
96 14 2
61 77 88
44 30 22
94 44 40
62 34 73
96 93 15
94 16 48
80 57 42
30 28 15
46 56 73
87 97 91
10 43 27
9 54 66
38 78 37
78 15 97
70 21 55
35 44 35
86 4 20
83 37 47
45 93 84
30 44 24
51 45 64
100 43 97
88 58 65
35 14 90
32 12 100
87 7 17
89 90 74
14 89 19
5 13 100
8 87 16
70 89 11
89 48 92
14 48 84
67 97 51
4 66 82
30 77 38
23 3 10
93 77 83
77 34 74
47 22 64
47 67 55
97 54 82
1 86 15
33 30 4
24 24 49
50 57 51
58 69 40
85 92 90
53 50 68
41 14 83
39 31 64
17 7 99
33 90 70
70 28 65
49 36 33
95 91 84
39 33 40
7 41 26
50 99 93
48 100 55
10 35 47
22 42 23
46 50 7
53 97 39
52 58 78
40 74 5
87 9 75
53 48 97
53 82 42
27 24 37
47 93 52
62 79 38
35 60 75
49 6 58
97 73 30
13 98 20
83 85 18
15 11 20
39 86 62
42 6 81
12 55 97
45 45 20
74 74 91
24 69 2
57 97 90
98 65 80
44 50 43
33 58 27
96 95 93
20 92 29
9 35 86
53 59 16
96 24 43
76 8 81
2 28 25
70 12 24
95 43 39
75 21 19
7 74 4
45 65 14
16 4 76
51 41 42
12 36 6
34 25 27
21 14 90
94 15 94
25 52 100
5 66 98
12 61 18
80 57 91
31 20 49
21 90 61
68 10 20
36 48 37
18 23 84
38 62 38
58 83 8
13 25 31
42 33 76
33 100 16
26 76 60
76 43 41
58 72 61
81 57 84
89 94 91
53 27 68
66 77 7
80 75 24
99 61 10
9 71 96
75 72 80
3 83 27
14 33 84
82 60 63
81 9 7
29 65 55
85 2 4
35 9 53
75 39 12
56 38 40
98 24 87
58 71 16
69 7 40
3 53 57
52 8 42
71 28 74
68 24 64
64 10 84
50 15 99
26 88 30
62 55 8
63 19 64
46 28 21
3 43 25
33 83 76
15 30 64
51 55 44
22 38 9
34 29 79
95 81 33
1 60 26
91 60 2
96 24 35
89 70 92
54 100 32
55 33 65
41 27 76
10 77 8
41 21 41
89 59 58
27 7 78
18 12 91
53 48 63
66 55 29
68 63 57
75 86 93
14 100 74
60 9 24
46 22 40
84 87 97
45 60 94
18 29 79
72 58 5
75 94 76
9 85 28
52 83 26
48 46 3
67 26 96
4 96 45
12 80 57
74 29 56
8 70 97
65 39 43
29 23 44
72 53 100
30 48 74
28 21 1
41 38 29
6 15 66
16 88 97
82 29 20
62 32 77
95 1 16
82 73 72
62 18 2
47 90 30
2 73 86
25 78 46
8 86 99
95 35 39
43 44 76
68 62 5
30 96 66
8 70 72
24 5 32
11 11 22
70 65 100
89 95 11
44 15 67
76 27 24
33 77 27
22 9 27
84 30 17
75 66 22
51 28 8
24 76 71
96 23 57
23 76 37
28 76 42
84 84 95
21 32 50
90 81 28
48 79 44
26 53 81
94 14 88
39 21 100
40 63 31
89 53 31
82 30 97
17 98 89
59 28 100
7 88 25
43 74 10
79 61 95
94 49 96
6 79 97
86 90 44
24 1 49
56 9 70
23 16 46
78 34 22
79 16 66
17 86 13
20 38 48
48 58 29
40 30 43
81 44 30
13 100 74
68 32 64
16 70 22
98 34 37
62 27 33
14 45 62
87 59 33
7 66 70
72 95 4
30 97 94
62 31 58
51 46 72
97 89 18
39 82 90
61 60 95
95 51 94
97 41 12
82 13 73
55 17 50
58 50 6
22 84 15
9 43 49
81 64 24
53 93 80
37 96 65
8 9 23
14 67 98
73 74 82
60 66 16
90 27 86
30 57 2
49 18 85
5 19 92
40 34 43
5 66 25
24 90 34
74 94 34
51 78 17
14 10 16
83 83 55
33 75 14
5 53 48
72 48 30
91 13 27
26 2 85
83 52 42
2 18 35
72 16 37
72 51 100
33 6 85
25 45 10
86 8 30
35 33 79
18 7 9
50 69 61
34 44 27
81 54 26
69 95 97
82 43 93
1 57 93
71 9 76
11 93 7
19 94 12
40 70 15
79 37 21
34 85 65
50 13 66
47 9 2
77 75 64
87 50 22
18 30 46
33 90 91
3 50 94
60 83 79
60 24 17
10 45 45
19 54 65
72 100 67
21 34 64
19 53 15
16 50 33
93 5 87
73 79 36
3 17 50
91 50 87
47 90 10
10 71 19
77 71 32
70 36 13
40 35 11
57 79 2
36 62 71
94 36 94
27 98 21
4 35 75
41 64 16
26 19 2
9 72 17
52 25 90
93 27 32
62 55 28
13 73 95
64 46 73
41 65 15
73 75 68
86 81 40
81 67 29
45 66 76
86 88 84
34 87 58
59 16 59
41 72 89
11 9 29
59 37 29
76 67 16
37 34 29
25 54 93
35 59 39
72 72 24
81 57 91
36 5 85
57 39 66
52 3 20
39 60 92
64 52 12
14 18 57
95 47 88
43 76 50
67 4 18
25 42 16
44 21 37
35 24 40
79 95 47
80 97 70
22 11 53
36 67 22
63 91 95
96 65 40
69 98 21
32 18 85
89 72 69
25 99 38
7 85 14
72 73 52
51 50 3
73 25 17
57 75 57
28 4 46
3 10 91
98 41 44
100 67 47
32 92 92
85 90 16
12 59 24
78 91 91
67 55 49
86 69 100
90 92 42
99 14 85
68 93 64
54 56 86
91 9 36
76 12 8
28 27 60
40 85 25
97 53 96
86 76 58
71 80 54
60 76 43
83 90 55
99 81 78
96 99 59
95 80 57
75 46 15
21 9 62
67 60 87
90 89 42
35 76 90
97 76 19
56 41 44
53 13 88
60 24 48
61 15 98
29 21 60
9 56 65
52 89 41
47 27 17
37 48 4
57 74 93
90 92 64
15 71 26
17 100 17
19 32 25
53 80 1
93 13 69
42 14 90
8 56 45
54 93 61
70 89 42
98 87 10
69 88 75
39 40 84
33 77 62
45 40 85
56 10 88
43 81 1
4 48 66
92 69 59
94 20 43
25 24 80
85 47 8
57 56 11
79 96 98
88 40 97
9 2 64
79 64 38
44 94 72
67 9 27
69 59 75
90 27 60
55 73 24
35 42 61
92 14 58
75 58 100
67 72 44
49 74 46
75 71 21
90 77 41
96 90 33
16 49 97
87 58 17
1 90 28
19 46 59
73 49 51
49 18 43
3 32 37
9 87 13
90 86 74
27 52 8
69 68 22
79 10 4
86 90 78
65 37 30
70 19 81
82 66 61
19 91 61
49 33 85
76 22 81
82 9 25
16 85 55
76 29 31
1 76 97
52 43 5
31 34 14
74 32 94
7 94 59
30 62 50
29 74 96
15 67 29
33 36 44
8 14 15
59 50 83
2 87 4
20 36 15
44 7 77
80 65 50
10 65 91
35 22 35
76 71 31
46 87 12
5 67 65
23 39 7
54 75 19
50 88 52
59 71 32
38 89 92
47 62 42
88 62 40
7 6 9
66 99 64
59 44 84
80 38 5
94 16 97
80 42 26
58 25 30
27 40 52
35 59 77
86 40 44
86 69 41
57 62 67
86 25 96
85 69 91
12 21 83
2 25 100
32 71 82
90 63 56
84 33 96
13 68 39
30 25 5
89 83 72
34 81 12
46 42 78
82 31 17
66 67 96
47 32 14
31 86 12
100 31 66
93 60 68
74 28 82
64 6 2
43 53 80
77 5 24
50 98 58
38 39 92
18 14 98
65 73 42
40 92 50
25 54 98
37 96 37
72 3 2
85 48 99
40 6 19
61 84 63
58 59 29
3 79 75
93 1 49
25 53 73
76 75 70
20 97 7
30 84 46
9 3 73
10 98 33
67 89 26
35 10 88
33 13 73
37 64 86
86 53 86
92 94 7
99 64 49
62 5 66
69 85 61
67 17 13
18 83 55
43 34 71
64 95 96
19 39 83
84 94 52
21 60 79
81 49 80
41 97 3
63 49 33
31 29 43
54 89 35
76 68 15
65 53 36
35 70 59
71 7 87
28 44 5
67 21 24
76 64 76
52 18 93
66 64 93
51 5 17
54 85 6
34 49 68
74 95 22
74 91 61
79 72 90
87 30 53
15 94 3
33 53 68
77 26 60
26 3 87
100 50 92
55 51 6
37 6 85
7 29 85
26 62 3
28 70 29
99 79 96
87 3 25
62 84 53
94 85 62
25 46 28
28 43 20
87 19 58
90 35 74
56 63 61
54 21 74
70 42 75
32 34 7
32 61 31
84 18 99
12 78 35
43 83 67
80 61 32
16 2 32
72 6 79
97 85 91
51 7 85
76 42 18
92 89 11
25 38 25
15 19 20
3 21 26
44 65 90
98 97 100
58 64 79
18 33 97
3 96 17
89 12 25
32 15 58
53 35 1
8 30 3
25 30 37
29 2 5
36 78 34
67 58 79
73 79 77
88 85 40
25 8 88
89 80 64
64 17 90
71 65 88
84 4 45
30 27 38
58 14 61
71 9 45
76 21 57
71 31 35
95 76 61
28 37 42
63 11 17
31 13 38
73 26 17
2 58 46
23 76 35
17 6 37
38 98 97
50 65 80
100 37 83
18 71 4
16 32 98
22 88 5
52 64 68
57 58 97
88 85 97
32 51 58
70 15 51
100 34 94
87 20 94
52 54 23
64 31 48
100 8 20
1 60 50
56 3 71
52 32 63
8 36 70
95 62 6
5 23 85
14 30 37
15 9 18
10 56 81
89 72 88
92 16 93
35 2 99
80 9 19
62 23 3
25 65 7
57 9 26
35 31 70
8 7 12
58 38 17
7 51 80
10 41 71
78 81 37
59 46 37
86 16 59
46 31 56
12 12 21
69 100 18
33 42 94
26 71 20
52 3 15
31 60 62
31 23 84
14 22 51
41 24 33
1 70 89
72 25 68
83 69 93
69 42 88
99 69 23
34 97 69
64 75 61
32 27 10
21 87 75
61 34 72
15 2 54
96 82 20
83 48 80
19 98 26
90 60 31
88 68 20
38 66 48
40 14 45
80 11 21
8 76 90
35 72 77
25 6 7
66 9 51
10 19 94
12 63 16
84 65 6
62 10 83
62 65 81
23 98 78
45 77 67
49 84 25
100 47 56
54 74 92
27 4 77
49 48 46
2 22 70
66 57 7
71 86 36
4 45 57
32 49 49
41 28 3
6 87 16
88 1 31
66 69 80
57 52 64
1 93 41
17 7 6
43 83 32
5 68 63
50 50 27
17 51 20
41 98 1
85 64 35
60 25 46
32 5 21
82 9 53
36 95 34
90 43 57
72 74 11
70 60 68
20 40 87
23 75 28
99 80 93
13 74 17
14 53 36
41 45 60
28 65 20
27 62 84
41 19 56
87 15 99
35 77 2
64 53 73
59 23 54
24 65 28
96 74 58
74 24 42
28 89 24
58 87 40
22 78 51
30 60 92
19 86 83
67 20 55
22 26 30
88 89 96
61 93 86
5 2 65
5 86 68
66 40 24
61 13 49
67 22 20
71 65 13
8 70 27
94 28 45
42 37 48
32 8 55
50 91 90
6 18 94
32 54 88
58 76 77
40 1 19
2 74 21
48 31 54
24 49 45
53 76 11
49 65 36
69 3 38
52 61 42
93 33 52
87 69 61
93 85 59
43 87 24
24 1 17
9 29 59
29 26 57
50 25 43
65 31 89
27 73 98
95 27 69
91 83 76
16 1 95
17 30 92
19 56 1
84 4 52
42 70 33
94 12 78
38 95 34
4 36 79
9 45 37
25 13 55
23 1 3
72 33 20
83 44 79
36 25 86
4 29 27
66 41 26
48 66 47
20 13 87
91 15 15
19 13 14
21 50 12
48 93 9
10 37 3
30 7 28
82 32 26
34 89 47
76 53 96
70 31 84
11 25 69
22 64 67
74 53 16
86 69 58
18 66 69
59 19 36
63 52 56
94 73 80
14 74 16
35 75 52
56 60 13
92 49 34
47 81 79
37 90 28
38 42 60
8 19 84
86 88 62
34 45 60
72 89 68
77 83 26
62 36 89
85 73 91
34 22 56
47 75 4
67 57 67
12 99 9
69 37 18
33 36 28
97 67 32
64 78 62
12 100 99
67 87 40
44 49 34
42 38 92
56 90 87
54 97 97
7 33 27
17 1 93
100 54 80
63 26 84
18 18 55
74 2 13
46 16 51
100 17 62
27 82 78
86 95 2
92 2 50
33 15 58
37 12 59
79 100 71
32 25 66
95 50 3
76 66 51
4 4 48
90 39 20
16 10 98
98 39 53
16 91 70
88 84 49
32 9 33
78 93 53
53 12 3
100 33 53
56 94 78
27 77 44
43 20 83
11 90 1
41 23 59
96 50 22
83 54 78
73 46 70
82 88 36
81 96 94
43 6 52
13 67 100
87 33 53
79 28 40
84 51 10
87 14 65
49 62 24
85 17 44
37 89 78
80 13 100
93 25 73
75 29 74
7 19 36
53 39 70
93 53 94
28 48 31
35 5 30
86 69 98
9 46 51
21 64 96
9 29 88
38 75 40
89 22 66
51 42 68
23 6 39
58 5 54
58 79 7
57 25 55
33 10 22
28 10 29
73 10 72
70 14 99
71 52 10
91 88 35
36 83 72
48 24 5
83 79 13
45 75 99
36 82 93
8 95 52
23 24 43
57 33 76
37 49 10
17 95 34
67 72 56
85 30 77
34 49 29
90 46 19
16 47 80
11 24 91
51 20 17
2 55 12
43 47 67
30 28 95
16 33 43
78 83 91
42 93 34
75 26 71
68 26 75
37 38 52
25 24 18
15 24 37
32 7 29
61 55 83
13 52 24
78 85 91
26 76 34
100 31 55
1 16 23
44 29 37
86 71 3
23 28 45
35 54 39
63 70 72
47 100 35
40 9 30
36 40 91
86 69 1
43 85 40
54 26 6
97 88 33
5 27 25
19 89 83
18 83 25
87 95 96
50 76 25
62 46 74
48 43 67
67 85 46
44 42 38
20 68 37
99 87 41
88 9 24
90 10 69
98 11 18
89 14 62
6 36 65
78 22 22
42 13 29
81 61 97
64 57 14
38 23 78
97 86 89
26 27 91
59 76 45
13 26 25
71 31 15
20 84 79
64 7 86
5 90 5
63 92 97
28 69 33
93 65 24
63 55 97
51 73 16
3 42 88
85 19 86
93 89 7
84 38 29
7 14 88
40 29 84
89 2 99
87 96 80
36 38 84
85 79 82
86 98 22
56 49 32
34 7 93
82 52 15
24 28 52
79 91 30
83 86 4
55 25 29
45 7 14
76 41 40
100 5 72
81 7 65
21 71 50
54 58 56
58 93 67
41 43 82
95 87 83
32 44 5
61 97 97
90 95 78
12 81 25
23 17 9
100 53 71
61 49 30
8 57 11
90 37 72
44 57 48
15 17 59
63 75 89
8 89 23
4 74 18
36 51 55
35 75 30
36 95 36
71 25 88
28 21 5
2 19 21
20 96 26
54 14 34
10 40 6
1 78 42
9 71 7
61 62 42
97 2 58
85 30 38
2 54 65
23 18 41
37 85 91
78 82 70
37 73 62
20 41 54
90 41 93
62 98 25
64 92 59
16 73 66
100 99 68
86 60 64
67 74 76
31 6 72
55 83 18
75 89 22
41 44 54
86 59 40
34 96 83
73 42 43
96 100 61
61 97 99
9 20 5
54 11 29
72 19 2
44 21 62
66 62 66
80 23 27
7 43 16
11 78 96
52 20 34
38 65 47
6 29 70
84 12 59
97 96 2
9 65 71
24 15 24
11 17 13
32 68 99
16 54 7
94 88 75
66 96 56
5 50 77
87 34 30
64 4 92
18 63 16
46 17 70
11 88 33
12 17 93
62 69 28
37 68 1
65 49 43
55 91 100
89 38 16
50 13 85
99 56 11
39 35 31
52 87 8
54 80 89
21 26 47
64 54 37
86 50 42
93 93 50
78 89 95
97 74 90
60 82 79
18 46 94
97 88 70
99 43 92
97 6 15
33 33 100
69 96 32
36 40 88
61 48 76
98 39 17
79 37 41
69 73 4
37 80 9
98 67 50
70 80 69
38 52 19
44 22 56
27 37 33
52 53 45
88 17 25
45 3 55
69 92 15
78 42 83
82 35 91
78 39 25
26 3 4
7 72 85
97 86 61
23 93 84
84 72 62
46 61 5
22 86 82
14 67 59
85 73 95
84 17 76
67 4 48
4 97 68
64 92 85
4 59 94
98 65 49
12 68 38
21 15 19
33 19 60
11 2 71
67 96 37
72 9 87
63 68 40
53 70 97
18 36 85
53 80 87
18 66 99
37 46 86
10 5 40
100 55 69
14 1 55
54 69 32
20 79 48
12 59 89
90 55 77
87 45 31
41 3 88
78 9 21
16 9 92
85 95 25
60 23 45
35 65 33
22 64 15
47 75 64
92 81 53
37 28 60
31 12 24
26 79 91
51 60 73
4 43 43
18 83 73
20 45 35
56 95 21
98 2 97
25 14 11
58 49 88
98 1 13
26 14 85
91 93 77
36 24 61
66 54 31
50 18 73
41 13 37
90 21 73
100 43 29
3 74 85
38 62 59
1 62 38
71 53 50
81 89 53
63 59 45
5 91 57
71 61 97
88 42 89
34 43 54
26 97 99
94 15 18
84 25 97
85 50 73
57 38 33
34 24 78
90 61 50
16 46 17
63 11 51
40 72 29
61 73 83
16 59 71
10 99 93
33 95 55
60 13 88
82 86 93
97 79 30
89 26 10
92 44 41
82 87 74
98 12 80
25 96 41
47 2 88
50 14 38
83 11 32
93 13 7
1 6 98
2 89 27
65 48 40
28 61 66
23 91 49
70 82 10
56 83 60
94 89 53
77 86 83
54 3 64
69 87 83
49 77 9
51 36 49
20 53 3
87 58 70
22 81 29
100 50 45
40 100 70
10 85 68
12 57 2
86 33 75
90 34 10
43 81 70
51 7 42
71 92 57
72 39 66
12 53 19
38 100 37
40 92 98
89 90 59
99 9 86
18 28 80
9 67 41
93 57 31
31 99 43
83 29 36
31 35 50
48 11 50
42 98 31
83 10 52
48 79 65
31 87 66
68 50 54
66 39 90
17 89 39
55 94 62
23 50 83
67 10 76
48 20 4
34 27 44
37 83 74
27 51 24
35 90 94
45 34 74
67 3 71
49 99 32
86 79 30
5 38 40
13 71 49
50 50 1
62 80 22
84 30 9
68 49 24
99 58 91
74 91 48
94 12 5
39 56 85
22 85 39
58 17 65
2 26 97
32 71 87
57 38 59
85 7 84
31 44 43
62 89 21
1 82 1
15 89 61
18 91 20
60 19 84
19 38 92
48 94 4
40 55 85
15 56 45
94 4 27
30 87 41
14 98 16
3 75 83
69 54 62
15 42 83
56 64 5
85 85 3
15 14 78
28 4 6
57 11 54
86 28 35
83 41 67
37 93 53
38 34 50
27 81 13
7 99 94
64 46 30
72 40 54
36 56 89
52 81 98
41 99 34
4 36 1
1 21 19
37 39 83
75 22 20
83 99 29
10 1 43
69 59 64
18 49 57
87 73 7
41 24 12
36 46 42
53 92 71
25 66 39
65 64 47
59 85 9
90 64 15
29 72 49
11 79 66
10 72 100
2 46 1
68 37 4
61 24 92
57 40 81
81 40 31
46 78 16
4 11 4
71 2 82
88 77 57
92 85 70
63 61 80
6 44 67
58 88 40
16 73 56
83 79 1
48 14 85
49 89 40
13 1 15
61 77 23
62 21 34
30 51 36
92 11 74
71 31 9
100 87 71
97 47 8
17 35 91
89 86 44
40 36 81
97 52 54
68 84 85
76 84 41
14 93 9
96 29 48
47 17 15
50 25 68
65 87 56
44 25 9
37 2 17
45 97 55
38 15 48
53 6 94
90 42 38
60 61 86
49 47 66
7 21 48
83 27 81
52 67 50
15 100 20
38 39 93
9 4 3
19 11 52
37 50 69
29 79 85
21 22 11
2 9 10
37 5 93
76 62 4
32 40 18
9 64 5
6 64 3
6 55 18
65 5 23
14 100 17
89 6 83
33 72 6
36 7 98
58 65 88
75 67 13
62 18 96
3 12 53
6 32 78
11 63 3
35 68 75
96 95 73
53 49 41
40 61 79
26 4 40
24 18 48
24 5 46
5 90 70
71 21 70
13 77 18
69 23 84
27 95 9
17 5 49
61 34 21
9 63 31
92 32 80
29 3 74
95 69 34
57 94 71
44 81 81
61 42 26
29 33 64
21 65 12
17 5 7
29 48 54
35 25 21
18 82 18
75 33 74
58 62 11
6 51 51
7 74 73
62 94 49
4 86 70
94 3 63
38 23 10
29 93 85
16 18 37
4 82 52
92 90 69
12 51 47
56 54 4
1 87 4
33 3 41
44 44 28
2 88 88
94 69 15
31 46 16
16 44 13
44 20 68
28 16 5
44 12 9
68 89 77
14 73 59
44 77 85
16 88 67
52 100 4
89 4 7
61 20 27
5 44 6
71 65 94
31 74 26
88 4 44
90 49 58
10 77 82
41 73 55
68 20 58
65 34 70
8 76 76
47 74 31
75 87 38
78 80 96
8 30 15
77 44 97
25 99 34
42 64 89
97 80 21
59 38 61
89 24 91
95 2 8
67 18 39
46 26 78
78 100 82
55 38 70
85 51 56
69 54 59
19 36 38
53 37 8
9 23 12
94 35 89
35 56 42
15 24 47
59 85 41
81 53 42
74 83 55
29 85 97
31 23 84
35 30 39
83 9 59
68 1 40
1 64 20
85 13 13
41 35 7
43 45 54
70 2 27
27 15 84
74 52 71
96 76 50
54 78 36
91 63 23
27 38 39
23 79 61
100 71 14
45 73 77
44 67 67
73 95 80
9 89 77
84 97 99
16 72 3
24 61 11
77 75 8
61 12 7
51 33 10
66 46 81
90 94 87
57 33 23
59 37 87
99 17 24
79 12 83
7 45 57
65 13 35
11 54 86
74 28 6
21 40 77
76 41 60
19 16 61
92 60 77
90 2 52
96 1 18
47 41 49
57 83 35
1 67 32
15 5 25
1 68 26
88 20 31
32 14 52
4 3 23
75 16 73
50 22 87
51 61 88
38 62 18
97 10 47
61 32 40
7 30 92
23 53 15
29 44 34
35 36 70
83 61 52
83 58 50
56 9 83
52 6 47
46 99 45
19 35 51
38 74 4
100 44 1
12 43 84
5 9 89
18 66 65
24 43 85
19 95 52
44 17 74
81 85 1
14 22 62
70 63 46
47 1 30
67 63 15
13 58 62
35 77 31
95 53 71
34 73 84
96 33 87
31 12 31
62 31 18
90 78 5
86 27 85
38 59 1
37 58 50
54 93 39
16 26 65
26 52 68
26 55 76
31 23 22
31 92 99
91 37 57
63 44 42
66 39 43
52 42 74
52 74 50
53 42 16
54 52 24
37 63 49
98 83 81
20 41 2
99 46 33
3 90 30
94 8 32
3 93 66
87 74 35
10 75 76
81 70 99
59 62 1
10 79 87
98 79 99
15 81 15
8 11 24
10 34 87
11 64 50
23 51 75
77 41 39
32 38 31
84 64 64
53 42 45
62 62 34
45 28 67
59 25 79
76 41 71
91 78 17
89 91 70
28 25 4
47 13 29
67 7 66
94 42 46
38 100 97
26 1 81
57 2 61
33 66 15
99 58 87
17 21 44
39 82 86
75 95 79
68 51 71
86 63 43
53 20 4
22 73 58
49 93 10
39 71 55
79 8 38
73 68 48
49 37 72
89 54 93
17 97 97
35 94 56
18 49 91
61 98 100
57 66 22
9 62 96
98 84 54
92 56 76
1 89 92
47 96 78
58 1 57
38 71 81
64 11 13
30 83 81
79 77 20
7 87 55
92 64 75
23 9 13
98 26 26
75 98 74
93 97 88
19 15 33
43 92 85
32 37 29
86 32 35
4 54 19
43 90 64
11 56 39
85 8 86
72 28 87
68 61 37
42 51 52
61 41 84
27 79 87
18 81 48
44 77 100
22 17 67
15 19 29
87 83 38
71 67 8
84 47 34
97 8 26
89 54 49
45 43 16
23 96 66
22 98 39
83 50 40
21 14 17
78 34 99
83 94 61
80 25 38
78 87 57
97 3 2
36 95 20
21 88 13
33 50 75
90 64 23
63 97 1
96 65 36
18 92 37
59 50 72
47 8 1
50 15 1
44 66 93
53 35 72
70 72 58
33 30 86
23 47 43
53 78 6
76 66 24
44 93 50
71 49 45
34 41 73
55 2 3
78 35 33
78 89 7
52 29 37
44 70 92
18 11 23
71 26 61
74 27 7
17 54 30
98 66 57
84 44 69
79 67 18
80 11 3
14 40 8
12 42 67
11 11 91
75 8 7
90 87 18
86 68 3
81 12 6
1 43 42
70 26 99
37 49 48
79 35 8
7 61 41
66 92 11
10 9 65
10 45 94
16 76 55
37 57 25
42 47 37
89 87 72
96 57 84
90 42 82
70 57 16
38 95 4
22 84 100
21 16 66
5 62 4
23 47 5
92 61 92
9 4 19
8 39 14
65 73 49
26 9 28
78 80 83
58 83 76
12 51 44
14 63 54
52 96 61
82 14 35
46 68 65
65 71 55
6 12 96
96 50 77
11 6 81
75 77 48
25 63 4
22 98 76
49 60 6
100 24 11
48 73 22
69 2 100
44 79 38
20 8 62
33 58 51
50 74 83
14 81 70
17 61 10
61 64 92
6 25 14
62 55 90
20 78 4
92 41 20
30 66 7
85 95 41
74 43 75
15 79 43
84 17 17
49 61 6
100 33 1
42 53 70
77 7 62
23 11 59
92 28 3
36 14 100
5 42 29
79 93 88
94 49 71
27 85 40
78 24 15
34 90 39
40 3 18
88 92 37
56 69 73
100 58 31
55 43 47
23 48 32
96 23 75
8 48 61
26 67 37
81 62 82
10 18 13
40 26 65
34 17 28
30 93 60
13 42 84
51 45 54
44 73 41
77 83 40
10 40 45
81 89 83
97 8 50
75 92 44
81 62 3
68 20 75
43 58 16
3 95 13
43 84 13
33 73 17
51 88 15
62 55 19
92 76 86
25 78 80
84 26 23
35 92 81
90 55 72
66 59 91
59 63 38
14 72 79
29 38 52
2 11 55
14 38 28
6 73 52
16 79 97
56 52 29
95 65 39
38 9 90
72 72 79
25 77 100
35 45 86
26 94 72
71 70 38
58 83 94
4 57 4
45 33 15
4 23 26
33 37 72
97 28 37
95 14 11
2 85 71
95 70 36
13 40 27
66 39 36
70 65 49
39 35 80
3 94 40
20 8 11
64 50 49
30 49 97
37 15 7
46 31 28
83 9 27
45 33 98
42 37 27
77 30 47
50 2 84
11 5 5
98 46 46
10 2 52
86 51 26
25 90 83
58 65 13
65 22 41
80 97 69
21 4 46
33 48 73
38 64 14
24 64 98
22 41 63
7 97 81
16 88 82
72 46 3
79 63 21
47 88 34
8 51 74
34 28 91
55 94 56
49 29 84
30 16 53
3 91 77
7 32 65
8 32 48
53 91 15
34 31 3
11 79 60
1 67 60
88 12 93
4 29 40
22 87 17
74 14 10
90 20 26
61 16 62
83 40 59
37 5 96
29 29 38
18 30 7
67 60 42
94 95 81
82 65 13
28 71 75
25 70 23
15 82 45
66 52 87
42 67 67
51 86 58
66 64 29
82 3 85
35 35 23
47 14 98
19 76 96
15 79 47
82 10 20
66 52 7
97 35 7
49 14 97
60 41 59
97 52 90
98 82 51
99 63 73
11 91 35
35 79 11
22 94 83
14 39 45
65 11 88
28 58 84
63 65 31
67 96 96
89 24 11
48 20 16
42 42 60
57 45 94
51 94 65
52 78 76
4 39 20
60 79 44
27 16 75
75 79 55
44 86 41
68 34 76
44 35 84
35 42 87
91 11 19
29 89 67
1 92 29
73 27 63
77 78 81
21 65 67
40 66 8
53 66 3
54 33 68
94 81 31
61 1 62
85 51 66
54 5 95
17 38 58
56 42 24
84 54 90
28 44 29
66 56 78
4 80 76
85 75 83
17 10 85
86 95 88
29 80 37
92 29 42
37 26 17
25 92 88
91 67 7
13 34 75
85 23 83
63 29 77
32 55 90
24 78 79
41 8 53
99 17 50
42 25 67
47 81 26
66 79 99
82 70 30
9 16 40
43 81 75
18 29 94
18 48 26
78 94 6
71 1 47
58 88 73
40 39 1
56 58 54
24 3 99
73 94 31
37 67 40
58 38 89
88 71 52
89 69 5
91 54 52
53 13 12
24 55 98
6 72 74
90 51 85
87 50 33
40 1 98
90 92 94
16 96 64
1 3 74
30 23 95
18 57 43
9 5 60
23 77 29
66 48 100
33 63 18
21 73 90
46 50 64
71 24 57
88 93 68
56 60 37
48 31 2
7 73 71
64 60 94
40 35 42
49 65 6
17 23 90
19 35 21
36 1 50
97 95 92
69 26 14
51 42 97
66 50 22
92 100 79
82 34 45
35 22 1
33 43 40
23 4 45
23 83 20
10 16 61
91 44 70
80 49 53
68 91 90
9 15 9
26 42 28
5 75 64
58 72 51
69 68 1
77 20 78
82 39 12
4 56 54
36 1 94
94 3 72
14 51 11
47 29 20
38 46 66
70 8 73
68 2 48
65 27 14
93 14 50
42 76 18
49 65 12
95 75 87
45 42 97
84 25 93
4 48 76
75 61 54
75 41 67
1 70 3
76 55 99
76 39 34
66 4 6
81 18 82
67 73 60
89 74 84
99 21 74
89 80 84
31 19 87
7 20 35
36 72 8
20 6 46
37 42 37
80 23 23
12 86 57
58 70 27
18 90 14
89 13 17
38 35 63
97 65 75
56 54 33
94 14 65
28 35 26
5 30 16
82 60 18
5 84 2
38 20 5
85 6 13
18 10 69
5 100 54
13 70 43
22 32 59
81 58 21
94 56 74
5 66 97
95 55 92
26 99 62
42 6 97
32 61 15
98 91 1
10 84 84
54 50 8
63 53 100
51 78 28
50 6 5
77 67 43
79 34 50
88 55 93
78 21 15
94 97 85
70 14 88
6 12 47
35 91 4
85 87 84
49 58 61
15 27 76
3 71 23
39 74 42
43 58 31
25 80 84
11 81 72
99 1 98
81 99 29
9 9 12
71 50 52
64 42 83
61 2 73
72 41 50
22 73 74
72 10 59
97 2 81
12 22 13
1 84 56
2 87 12
72 19 54
89 53 98
11 46 98
83 54 37
16 78 97
41 42 86
73 46 70
76 72 94
31 50 50
26 25 90
65 44 13
6 45 2
21 8 73
93 1 61
72 35 78
75 49 71
4 59 78
90 33 58
5 96 90
40 1 82
31 16 81
66 63 54
80 30 29
94 7 23
47 85 70
17 86 42
17 2 76
6 11 28
17 94 84
87 74 52
94 100 52
84 52 13
21 23 47
40 11 62
60 23 99
35 42 95
4 63 15
65 91 39
74 75 19
7 41 29
44 17 90
76 88 42
89 61 63
58 87 72
68 24 18
66 29 33
35 76 86
26 86 82
86 62 27
10 26 64
52 100 46
79 40 70
90 61 74
60 84 76
61 26 20
36 13 58
82 29 7
62 27 71
50 91 32
54 21 92
1 64 65
87 58 57
64 71 72
30 67 42
91 99 71
24 51 63
13 35 78
34 1 3
9 69 53
48 68 10
4 35 34
55 50 79
72 32 97
95 3 98
98 2 9
78 85 58
90 64 33
38 71 35
61 48 68
81 79 71
66 7 34
40 16 91
4 52 11
69 38 51
32 32 67
82 42 25
39 25 41
35 70 19
19 39 100
18 63 51
96 19 55
95 20 74
63 66 100
84 4 44
96 86 56
89 52 51
43 18 81
10 2 50
25 66 79
58 46 73
27 31 97
49 28 55
69 90 12
80 25 36
18 3 39
14 76 86
1 67 42
4 13 49
19 85 16
72 73 54
95 74 48
50 93 100
15 1 84
50 15 59
83 65 7
65 96 18
31 53 5
18 25 72
40 10 55
96 57 41
10 38 48
53 61 53
55 94 19
45 85 16
75 91 3
44 23 49
59 93 64
98 12 7
31 41 99
32 56 81
100 1 3
98 64 87
33 41 31
54 91 99
7 54 24
98 31 14
37 16 53
4 33 58
8 6 14
54 61 53
41 57 32
3 74 23
33 74 96
58 76 39
47 11 88
73 63 70
67 72 50
38 70 75
67 6 100
14 40 63
92 89 13
21 11 73
44 10 63
100 95 36
43 37 53
50 60 19
49 82 59
24 9 55
9 37 7
61 12 94
14 91 45
82 80 86
1 50 69
96 91 23
27 62 9
77 70 97
46 98 82
12 55 86
36 53 93
26 84 86
73 100 38
32 76 73
80 86 12
14 22 39
64 81 17
10 5 8
86 14 48
16 80 42
76 64 18
100 26 37
33 9 76
9 58 68
34 15 70
40 43 100
47 30 79
72 95 23
44 35 43
71 42 5
97 41 53
69 47 32
56 76 23
9 90 93
46 71 94
11 84 52
83 59 81
15 69 77
94 55 99
62 38 53
92 95 26
97 37 5
33 53 76
21 45 22
84 66 57
73 88 65
49 59 60
31 12 85
71 85 63
42 87 72
46 36 30
88 70 74
11 19 61
95 54 60
48 55 89
84 18 43
79 44 68
94 84 18
55 72 65
3 5 81
24 65 33
92 17 42
68 89 67
33 49 81
43 86 35
1 58 66
2 90 39
31 90 36
98 55 30
90 75 42
37 87 28
82 78 45
32 30 85
82 60 62
88 74 97
74 21 83
70 69 82
22 40 84
92 55 11
43 14 17
49 23 5
63 29 88
81 97 15
17 26 54
75 60 8
24 49 43
2 1 72
42 95 31
46 36 65
41 79 85
68 25 55
87 89 60
9 43 66
57 48 87
49 98 80
20 13 41
8 9 71
73 55 86
11 13 62
59 43 47
53 90 37
82 56 68
82 38 100
58 12 53
75 74 59
66 51 73
65 100 85
41 86 52
12 18 17
16 57 78
66 23 79
64 79 23
18 75 55
28 51 84
64 69 81
13 44 35
89 58 63
93 64 88
43 12 55
58 70 33
78 20 9
73 49 52
9 55 97
18 89 83
64 1 16
41 1 11
39 93 30
80 62 61
93 5 63
87 78 96
52 91 69
72 53 64
11 86 49
33 75 43
20 33 84
22 9 55
67 29 88
46 54 57
13 22 98
17 77 68
65 21 86
71 14 39
96 48 14
87 76 4
76 57 92
27 61 78
75 64 75
23 56 24
33 24 52
10 98 76
36 41 78
67 86 49
9 63 94
95 32 47
66 61 1
11 23 66
39 53 78
85 20 17
4 89 45
31 100 79
52 7 5
90 33 73
26 65 82
57 83 50
20 66 31
9 46 77
3 38 1
39 90 76
19 69 31
4 38 40
4 61 12
59 24 7
1 39 95
24 81 45
5 49 64
72 91 17
11 59 32
82 49 45
35 78 27
59 43 100
3 26 16
7 70 36
65 43 68
81 10 21
83 39 78
4 78 12
61 51 22
78 30 72
16 81 59
72 40 87
65 13 32
26 70 28
48 70 9
66 56 66
96 47 100
29 74 82
7 4 74
76 9 13
53 24 94
36 37 43
94 81 67
62 59 15
52 30 10
31 81 25
91 71 57
30 28 78
95 43 76
12 24 50
51 80 26
8 79 66
20 92 72
95 62 29
85 1 6
67 26 22
24 91 2
71 36 14
72 85 95
33 73 65
99 13 20
45 87 100
6 19 70
44 1 99
51 34 96
92 2 52
38 54 95
20 79 42
19 10 4
60 46 63
72 73 2
4 60 60
46 9 88
68 64 37
99 72 67
51 94 53
23 26 54
24 42 44
62 85 18
81 84 62
61 22 6
24 45 13
59 38 86
74 40 41
47 67 87
99 72 45
76 47 61
15 11 87
89 12 70
3 24 77
4 91 57
27 21 50
81 51 11
17 92 9
87 33 7
56 45 57
5 25 32
24 17 39
63 64 70
83 6 59
49 28 90
45 19 57
62 47 9
25 2 95
59 13 75
1 42 86
19 40 25
80 56 52
11 72 50
47 69 17
67 95 75
43 1 53
34 61 89
21 1 85
11 14 20
79 90 16
85 89 22
79 37 31
1 32 50
65 35 65
95 44 1
89 32 32
10 26 2
14 77 93
80 17 86
32 31 81
98 91 67
69 59 44
73 88 26
91 36 52
67 23 57
5 37 47
66 25 3
12 97 32
51 39 41
86 6 66
78 69 37
33 40 31
42 77 9
45 26 68
60 9 94
75 81 89
8 12 53
26 53 60
45 59 47
23 3 63
92 65 53
54 8 34
23 80 94
32 77 19
38 62 100
19 62 64
19 48 11
11 51 61
3 81 55
26 36 11
70 23 55
83 78 28
70 92 28
89 100 28
28 65 8
5 54 16
60 56 15
41 16 20
94 28 22
62 94 78
21 88 40
97 76 49
33 91 36
59 41 20
60 5 29
32 59 22
50 84 74
61 33 49
34 77 12
17 68 17
87 52 36
92 37 69
64 2 38
28 55 38
50 97 94
3 74 47
51 55 55
37 22 24
3 79 59
49 39 34
62 24 66
75 24 49
8 74 20
66 40 84
6 99 33
79 32 7
22 65 62
51 86 14
17 33 93
78 71 9
71 59 33
45 76 52
63 18 4
96 11 65
31 81 13
63 96 55
45 91 8
32 62 11
19 86 66
11 68 22
5 2 48
18 27 82
28 50 8
73 9 40
2 94 83
33 49 19
87 31 70
58 95 47
74 37 20
96 62 40
72 28 20
41 18 92
43 4 7
9 53 6
84 43 56
97 51 79
99 1 9
49 40 44
98 39 61
25 4 74
51 91 27
9 38 68
91 93 87
81 24 19
15 12 31
49 15 4
76 19 6
43 68 53
76 9 76
12 69 73
60 85 96
50 88 30
18 86 81
70 68 94
15 64 47
14 84 16
1 85 41
78 75 39
56 57 94
45 92 31
64 20 62
94 19 29
87 66 70
92 69 30
76 43 44
58 63 3
29 3 46
98 74 67
9 92 66
96 12 51
38 2 9
82 27 32
92 4 95
10 9 67
96 89 81
93 100 26
22 76 73
17 55 33
82 76 27
2 97 11
96 84 22
22 22 70
68 71 36
64 41 60
97 32 47
84 36 34
52 45 79
41 32 24
61 54 8
2 64 36
68 82 31
39 1 86
57 97 18
64 33 38
91 18 56
17 88 71
46 33 17
21 21 65
35 46 62
43 38 23
25 81 77
14 75 58
23 94 100
40 4 2
73 84 3
27 14 79
70 52 44
72 57 34
70 65 10
70 96 9
74 9 19
29 8 94
61 40 6
26 22 80
85 50 85
18 100 45
44 24 51
18 41 68
34 15 95
31 36 82
46 82 87
60 64 79
39 23 26
19 93 19
73 35 62
20 90 99
60 41 94
89 23 13
19 18 77
21 72 90
97 34 26
22 26 90
73 54 87
53 6 99
11 53 79
91 41 58
78 86 46
43 20 51
39 84 44
55 3 68
98 1 26
74 54 51
31 58 17
16 26 75
51 92 9
59 85 23
57 92 1
86 24 39
65 46 47
52 61 23
55 55 44
32 67 86
46 7 3
49 69 44
54 82 55
68 88 36
47 51 79
46 41 89
20 61 30
36 98 22
76 15 72
69 58 46
80 12 52
18 60 35
19 15 40
11 52 50
62 81 39
96 47 95
98 18 2
63 5 87
38 41 30
49 80 43
75 79 28
37 66 3
67 26 75
71 51 71
56 95 57
60 34 67
64 75 52
17 12 10
32 94 66
8 15 20
19 30 90
48 13 35
23 30 69
6 16 94
98 61 25
38 94 80
25 31 64
32 23 50
34 56 11
71 87 51
88 23 27
70 86 12
39 68 76
44 30 15
27 32 85
43 15 86
9 91 29
17 91 35
26 80 55
19 93 64
37 24 78
9 78 80
67 9 88
87 37 90
71 86 51
27 45 68
97 93 72
27 31 86
90 34 63
79 83 82
20 11 60
8 53 85
50 6 16
21 52 9
15 89 53
63 16 90
47 61 15
1 25 70
5 12 9
8 90 80
66 83 8
61 23 1
27 34 14
71 28 53
26 68 15
77 3 69
14 99 84
53 41 53
51 69 28
12 9 46
25 9 52
93 14 1
20 95 57
9 65 17
33 4 7
43 5 80
98 16 47
86 11 51
45 43 81
91 18 81
77 67 15
5 96 32
8 98 47
13 60 55
84 90 60
23 75 41
59 49 8
43 20 95
94 52 69
50 43 43
90 63 64
74 47 17
64 41 61
81 9 36
19 39 78
87 74 78
99 2 20
9 51 93
95 75 53
38 36 48
26 9 85
24 41 20
35 45 49
9 14 9
73 91 32
64 45 67
51 73 84
25 21 57
84 73 62
95 12 89
21 52 11
23 51 30
2 18 62
3 89 12
93 49 30
9 67 83
35 46 60
52 48 50
28 31 94
21 1 27
78 9 15
81 70 99
88 18 89
30 87 44
63 12 83
54 33 27
8 50 79
36 94 27
8 58 84
81 91 51
9 60 75
37 47 72
67 18 81
7 12 25
46 81 35
42 81 25
80 91 47
24 94 93
38 87 65
46 25 55
81 91 23
64 57 78
17 11 48
19 62 85
49 9 80
94 61 78
47 97 44
24 70 17
45 28 47
38 54 56
60 100 99
42 13 89
80 7 46
42 16 43
12 95 45
11 40 95
22 6 53
25 25 78
70 46 63
13 7 33
90 96 12
90 31 33
25 87 28
37 58 24
85 49 68
51 73 54
79 3 58
85 21 61
1 10 19
15 28 38
38 66 48
68 59 79
58 63 86
82 44 62
87 58 47
81 52 50
33 52 43
81 61 87
63 6 44
88 45 75
51 25 7
62 41 74
86 94 98
44 91 83
82 96 54
88 37 64
73 57 19
77 39 52
30 86 60
97 65 54
30 25 24
64 98 72
5 24 86
41 2 76
75 85 14
16 25 62
41 67 64
94 69 3
88 48 78
73 63 18
1 11 5
81 14 48
58 40 55
60 9 63
33 100 50
57 3 93
26 39 70
86 48 27
14 82 36
36 14 24
51 97 43
6 34 18
36 22 50
32 94 95
92 18 78
43 61 39
88 27 88
15 97 85
31 87 1
72 68 73
48 83 33
5 2 94
27 34 38
54 92 43
77 25 4
93 67 16
32 52 42
1 28 23
99 51 78
37 51 57
86 64 95
35 93 34
90 77 25
97 23 79
29 51 91
47 54 16
19 73 3
94 53 55
32 30 45
68 28 93
87 2 98
65 34 59
5 52 14
91 62 10
1 76 54
8 81 25
52 7 62
2 44 30
80 55 56
97 86 74
51 57 52
50 7 2
33 25 2
25 40 37
82 15 58
17 77 55
45 1 54
66 72 6
37 68 52
65 43 68
10 66 34
46 11 31
44 3 72
36 87 31
9 56 70
33 100 96
13 16 42
23 8 27
68 21 64
35 61 29
65 70 46
4 67 61
88 57 78
49 24 34
29 33 76
64 48 18
11 14 4
34 99 64
3 40 76
75 76 98
13 50 70
100 23 94
81 14 23
22 70 58
85 20 79
8 18 34
1 89 20
61 95 79
11 95 6
26 77 38
40 17 89
55 21 3
52 59 63
80 54 67
73 48 56
17 47 63
3 40 76
18 21 15
48 79 97
65 7 99
82 53 53
52 1 68
18 17 50
14 27 18
67 39 60
32 96 52
58 13 62
27 42 99
3 73 52
76 100 88
59 28 49
15 7 70
97 65 29
9 72 28
49 14 48
88 45 73
10 19 30
96 75 62
82 36 57
73 87 9
70 43 97
96 37 81
53 91 6
77 38 75
86 7 40
83 66 59
46 35 59
49 68 81
76 99 53
86 17 25
87 81 54
82 71 51
14 90 24
18 16 96
77 8 46
73 84 50
15 14 14
100 60 89
73 94 48
54 97 8
63 67 48
72 68 67
48 64 14
16 33 37
31 40 30
11 70 35
58 53 68
54 19 63
41 28 8
97 52 35
20 22 38
85 86 22
100 38 51
70 69 97
5 52 32
8 17 50
89 95 33
3 33 56
2 36 82
68 99 23
73 24 99
43 35 53
43 80 58
87 87 57
54 72 37
67 93 18
58 85 60
14 88 82
9 88 67
3 4 46
4 25 14
57 67 46
13 35 40
10 99 71
56 74 49
63 37 92
28 62 7
82 8 32
14 57 24
44 6 6
11 48 95
37 81 32
3 68 14
17 4 67
73 58 32
30 93 87
32 1 30
97 14 46
100 67 81
73 44 46
75 67 85
54 58 82
61 83 48
49 8 76
35 53 49
20 64 10
74 4 24
19 23 78
7 33 19
84 79 96
56 35 13
39 73 5
48 94 92
66 86 73
11 24 19
83 1 22
70 75 91
47 2 31
2 22 11
91 50 96
49 29 76
98 42 5
30 47 78
29 90 96
61 99 29
53 38 92
57 92 95
23 57 27
65 40 16
60 98 56
93 97 37
76 76 66
60 71 39
87 42 6
14 34 47
20 24 38
100 95 78
27 31 75
37 97 92
4 66 46
52 81 13
24 88 79
7 24 19
45 69 73
90 71 46
11 10 61
40 54 49
83 48 87
67 77 21
91 39 30
48 27 18
99 46 86
44 27 56
13 23 66
9 80 1
7 62 28
34 84 67
71 66 37
54 58 18
100 23 87
3 45 49
1 3 57
97 50 96
98 66 20
30 98 70
89 75 47
96 43 3
83 16 49
52 34 99
84 57 15
47 25 23
59 84 33
1 83 22
76 34 48
70 70 4
49 99 85
59 30 68
24 83 13
48 25 15
74 43 21
2 98 34
20 28 80
28 51 20
86 72 54
31 39 2
63 33 23
55 76 14
97 65 21
94 22 25
67 99 96
59 39 52
86 15 85
55 57 29
4 77 9
4 33 85
76 66 53
9 82 42
25 23 88
34 43 63
5 75 28
26 10 85
17 83 85
56 72 13
44 8 75
97 58 70
30 57 39
66 69 5
81 49 14
54 97 44
87 39 36
80 58 36
82 98 75
20 75 66
19 80 83
9 77 1
48 81 58
57 6 2
92 52 33
23 70 35
70 82 67
41 28 57
8 64 34
63 41 46
37 96 55
82 43 41
48 9 42
56 7 70
36 5 17
12 25 28
23 46 36
76 53 17
57 53 87
13 11 37
25 65 48
36 43 2
82 31 62
86 15 45
35 58 17
5 33 56
74 42 56
64 50 31
37 17 60
71 3 11
77 6 50
76 31 90
5 75 17
19 48 92
63 3 76
14 95 38
43 83 92
83 5 33
56 59 79
67 7 27
47 95 15
42 61 79
65 78 67
94 37 16
98 66 74
77 21 56
13 3 98
94 12 52
88 30 3
61 71 65
31 90 3
74 4 79
33 35 85
92 96 33
63 22 27
43 57 88
15 23 75
76 31 27
82 4 52
54 77 63
19 75 73
50 80 17
68 37 82
88 9 57
66 99 57
51 44 92
53 9 54
77 95 31
33 38 51
99 23 94
57 66 61
91 44 72
32 92 13
24 46 51
24 98 46
18 34 43
15 3 49
5 73 14
3 42 35
41 52 84
40 17 35
35 80 40
72 89 52
58 20 34
19 21 60
71 95 11
88 84 89
68 45 6
79 19 64
26 41 34
56 9 43
33 98 64
67 65 72
34 26 55
46 44 100
69 63 24
82 27 68
55 74 45
73 95 28
57 76 31
12 26 41
28 52 68
11 38 51
88 8 28
13 22 52
78 24 81
19 78 44
95 67 72
7 86 58
22 35 100
85 18 17
61 100 62
22 5 28
39 43 5
99 66 79
54 33 2
45 4 85
88 43 74
57 85 28
99 27 44
6 61 51
72 18 33
30 58 38
41 19 23
51 49 50
11 71 87
77 21 72
67 5 12
33 84 4
42 35 77
37 51 18
43 83 50
32 87 88
63 37 89
74 80 17
85 93 90
66 39 27
58 31 50
17 56 12
89 43 30
12 69 78
67 38 63
57 90 23
60 72 36
63 85 37
78 75 81
17 74 11
32 10 71
73 12 57
54 75 1
57 48 25
54 11 17
67 38 72
80 61 12
89 68 40
87 23 3
21 30 25
36 3 14
58 83 7
32 73 31
48 60 37
26 3 45
56 24 10
37 26 19
42 39 92
47 3 27
22 93 29
40 74 61
19 39 38
99 85 46
94 6 95
64 36 30
5 3 22
78 24 71
21 29 67
38 44 82
7 96 83
20 24 75
27 74 28
91 9 59
2 65 71
15 42 13
2 2 13
65 88 76
55 4 95
47 53 45
60 99 84
97 2 34
71 91 96
55 8 45
53 79 91
57 41 12
73 28 65
44 19 9
60 100 24
9 8 12
66 18 85
62 22 10
15 42 24
71 71 66
63 22 84
75 34 31
88 81 88
50 44 13
63 39 63
70 48 4
20 68 19
94 36 82
11 86 35
83 8 89
26 13 47
30 93 52
45 24 33
13 23 12
90 61 28
21 70 56
98 67 81
68 25 35
100 74 72
31 28 19
68 17 34
42 24 79
53 16 82
57 4 62
55 14 20
37 32 70
54 14 13
8 31 17
37 36 44
19 84 17
5 13 34
29 21 6
17 73 98
29 28 19
87 70 47
13 11 37
88 18 35
49 48 49
71 7 10
38 57 26
53 79 3
51 38 73
40 69 42
14 65 35
32 43 21
69 97 28
40 35 32
51 19 16
84 69 72
81 30 72
29 30 37
56 51 16
47 46 59
60 6 57
89 39 53
85 53 42
90 40 24
98 7 84
86 48 72
20 37 78
90 82 93
55 95 12
96 64 70
57 31 4
15 52 49
51 70 29
89 91 10
86 29 20
94 87 99
37 58 11
6 49 71
1 60 86
87 100 80
81 95 76
70 14 80
19 70 1
57 6 45
67 9 55
20 73 4
64 96 13
70 17 12
54 38 80
85 79 78
46 45 41
25 87 15
85 38 7
59 58 74
94 47 74
26 38 92
37 40 21
57 41 63
23 100 86
2 1 41
85 90 94
69 6 4
20 42 62
34 34 87
49 37 12
98 97 87
39 58 46
85 38 83
34 49 12
94 58 39
45 59 8
61 95 57
58 98 62
44 94 64
89 64 5
22 27 17
38 33 54
43 61 82
44 70 76
41 99 98
49 93 94
92 61 24
30 90 63
29 14 33
39 25 51
75 92 21
38 78 85
94 38 43
53 29 12
18 66 22
68 66 18
9 70 64
56 94 25
97 51 85
24 67 63
18 4 37
83 72 13
87 20 89
98 53 4
99 76 46
49 11 2
53 97 96
60 91 99
22 61 50
71 72 71
48 95 57
70 8 49
46 43 14
25 9 33
76 20 42
24 31 30
44 82 19
71 81 90
56 69 36
49 12 53
59 29 2
58 99 8
69 29 46
54 33 48
55 3 82
88 6 13
12 66 34
59 92 33
7 97 3
6 77 40
65 47 47
63 63 65
31 3 32
55 66 61
93 16 7
100 92 70
71 2 46
6 45 74
78 42 55
21 2 82
60 25 33
46 32 65
60 76 37
28 89 35
25 79 13
11 21 26
39 24 72
39 55 78
98 85 60
76 41 47
14 92 96
35 12 63
33 57 31
34 74 89
50 90 29
42 90 23
93 40 88
22 49 29
8 32 35
9 75 41
44 73 44
77 44 12
97 10 50
10 29 79
91 57 97
18 37 31
90 99 51
84 40 55
31 22 68
51 49 4
10 30 56
31 47 76
57 44 79
45 23 46
28 56 43
8 14 15
87 62 13
72 74 53
53 91 42
71 66 68
6 86 37
49 31 58
18 67 19
7 76 98
4 55 91
53 58 92
84 81 23
95 75 81
78 86 55
80 9 75
32 73 56
2 18 27
2 96 98
82 21 91
71 14 48
48 76 90
1 58 62
31 27 10
71 24 56
54 34 86
80 79 68
30 73 61
16 55 46
17 72 13
96 79 83
54 75 24
46 8 52
91 43 65
89 48 94
47 32 80
100 57 82
3 14 93
16 85 94
96 1 88
22 50 81
38 49 69
2 41 50
53 37 12
73 41 64
51 35 28
21 71 13
64 29 22
100 87 72
62 70 76
9 78 47
20 65 84
60 58 58
86 86 90
25 95 9
3 20 92
52 67 43
66 59 62
31 80 56
58 32 90
92 96 48
1 46 6
100 53 95
88 30 12
34 42 24
51 4 60
61 35 31
29 20 89
64 99 24
82 10 17
37 37 96
1 31 65
31 63 65
23 73 58
11 48 14
45 43 22
48 76 79
15 96 44
64 19 15
6 94 68
48 85 30
6 47 72
89 89 29
97 39 13
23 11 71
54 14 18
50 35 29
75 37 46
100 91 79
98 33 50
85 10 30
44 70 10
42 10 95
83 54 68
16 13 71
96 61 84
40 83 34
4 68 31
58 73 18
14 49 63
56 47 88
49 7 3
57 85 93
49 29 44
83 96 33
87 16 76
8 39 90
79 97 49
30 98 72
64 68 41
40 97 60
53 93 18
7 64 70
84 57 40
32 74 57
75 63 37
61 93 17
26 39 97
70 69 46
35 100 82
51 12 19
52 73 46
48 13 6
98 48 83
57 82 69
38 56 83
2 87 48
48 58 83
81 76 60
92 29 90
15 52 76
92 12 65
68 21 47
89 19 5
37 15 31
95 36 98
55 31 6
42 70 98
37 79 2
61 70 35
95 98 26
21 53 65
36 15 92
43 46 78
78 51 82
1 7 14
31 70 38
74 14 87
66 8 97
3 74 70
8 13 81
82 30 60
94 53 80
80 45 17
69 84 37
100 79 16
90 29 73
34 77 84
17 14 72
51 59 46
66 4 38
47 24 35
25 35 12
28 69 45
34 18 38
88 60 92
28 66 32
58 75 89
32 17 1
19 65 89
85 51 35
80 36 35
49 48 94
61 88 95
58 82 92
48 57 89
79 71 30
18 51 94
37 100 97
33 45 45
86 3 6
13 91 26
36 48 89
71 82 19
79 79 15
73 44 99
100 29 10
46 54 79
88 83 18
84 24 68
10 29 30
15 63 39
71 1 59
2 73 59
98 45 7
22 66 73
95 14 14
84 17 8
97 24 58
39 84 51
36 74 59
47 87 66
11 97 41
33 31 86
33 78 45
16 26 9
23 53 58
80 35 83
84 30 38
90 95 34
74 84 12
72 46 54
70 76 63
73 48 23
35 68 10
24 20 25
81 92 28
90 60 71
39 75 29
70 72 5
81 67 80
95 7 99
42 10 32
96 10 100
11 65 65
44 55 63
55 45 29
42 60 52
57 19 17
44 18 82
5 32 37
50 76 22
56 88 11
69 95 10
39 4 59
16 33 71
37 7 31
1 80 4
89 87 44
54 61 4
22 71 25
82 25 50
27 67 75
87 97 34
78 23 38
76 3 59
64 58 94
37 48 29
63 8 22
4 34 30
6 81 97
37 66 27
52 78 5
64 14 65
39 77 79
92 56 78
82 83 54
41 52 27
64 42 17
43 70 35
5 71 55
86 6 27
41 47 51
42 17 38
63 12 28
68 61 79
87 21 30
57 94 15
77 5 81
84 64 17
59 72 91
43 89 53
18 100 30
40 68 68
59 30 96
11 9 14
77 65 34
22 70 8
100 21 73
36 29 78
100 4 75
28 4 93
90 81 70
7 45 89
26 41 71
41 70 77
17 59 23
63 98 1
21 33 72
6 99 32
3 12 90
90 76 96
37 22 70
70 27 42
1 75 2
4 83 10
25 27 39
98 1 68
73 38 37
8 7 81
74 48 25
95 52 82
14 30 31
31 17 58
25 94 12
35 2 88
43 16 56
51 75 81
89 2 22
91 70 60
15 16 5
73 43 60
6 97 74
91 21 49
43 84 81
8 16 35
42 77 21
54 75 94
94 15 55
11 18 33
45 34 50
100 83 71
46 90 33
7 71 85
13 52 26
73 58 85
42 93 35
55 56 23
90 13 10
41 20 29
2 50 34
4 65 45
27 94 99
61 82 82
81 96 35
57 12 98
64 48 51
65 60 80
88 3 82
43 41 69
95 77 45
62 57 94
42 60 93
94 88 12
74 33 8
2 45 19
38 76 28
28 11 25
7 75 89
49 98 74
50 89 43
17 84 69
18 79 88
47 6 100
89 52 33
64 27 13
53 69 95
25 86 37
94 47 95
55 31 81
35 98 79
11 59 56
9 32 71
42 20 31
63 18 61
74 69 56
69 48 10
92 13 46
53 100 63
29 91 85
69 85 12
23 39 6
26 96 40
40 93 2
9 84 63
91 64 37
39 8 84
48 27 48
8 53 78
55 17 99
31 41 12
53 98 14
61 19 16
94 48 74
47 13 56
57 45 84
72 99 50
86 10 17
52 73 50
43 10 11
10 53 4
14 6 10
17 92 24
33 93 97
30 57 28
44 97 65
21 15 67
47 73 99
31 1 97
84 79 55
53 28 59
94 36 54
31 30 72
37 85 24
89 67 81
23 68 34
89 99 35
87 22 23
14 3 78
34 83 62
26 59 7
83 73 59
35 85 25
72 84 44
33 86 29
70 12 5
29 51 11
19 10 94
97 34 75
33 63 16
57 89 64
73 80 86
51 72 64
10 74 56
96 16 28
20 11 32
98 38 86
28 3 69
30 83 19
76 64 95
70 81 64
43 8 8
37 13 74
88 35 24
93 93 55
72 82 19
62 38 72
94 61 78
6 37 33
40 33 36
1 92 16
76 82 85
5 39 16
20 68 61
54 64 10
6 100 76
50 71 32
4 88 49
78 8 16
86 30 36
32 70 47
23 59 97
53 54 3
7 33 82
96 36 91
35 7 28
55 37 87
85 81 96
65 3 47
98 88 94
59 29 24
90 49 27
53 51 91
97 36 94
96 70 21
22 45 41
36 36 56
85 57 17
5 90 26
88 97 45
51 94 36
83 27 9
14 96 75
48 79 47
80 99 37
61 8 35
92 21 68
33 35 67
100 32 59
56 61 89
58 16 99
79 58 39
30 38 18
64 16 77
30 31 84
64 31 6
38 22 63
69 18 27
21 30 54
95 82 73
20 24 32
33 77 98
41 73 33
85 19 91
88 48 90
60 10 52
84 7 26
54 11 50
94 93 12
4 98 77
96 4 36
75 6 98
10 69 90
99 63 82
7 82 25
66 98 15
65 17 31
4 52 65
54 7 93
26 3 4
33 47 76
7 56 34
79 73 43
29 30 56
18 7 85
23 11 27
82 85 11
9 44 61
32 43 64
69 40 62
75 60 11
45 53 16
54 55 48
63 2 83
70 56 50
23 100 71
32 38 100
53 95 86
89 6 16
64 72 30
74 26 93
35 99 82
6 22 18
95 34 61
76 22 37
37 52 24
30 94 52
59 57 52
98 64 8
42 7 95
3 55 29
50 75 51
24 34 98
84 9 26
75 76 90
55 6 55
56 76 19
37 12 84
54 29 81
59 90 73
29 97 22
47 28 90
98 3 66
59 73 30
17 47 91
64 8 66
51 90 90
84 31 22
97 100 32
64 48 33
37 21 64
11 23 10
87 66 93
55 71 55
89 28 51
21 61 99
52 36 88
14 33 56
9 67 83
63 85 43
76 27 32
53 94 58
66 88 71
85 33 13
30 94 23
98 66 14
43 66 26
91 93 12
3 27 76
87 25 80
32 9 58
9 7 95
89 10 86
29 47 67
22 86 60
35 37 9
90 89 65
97 41 87
38 56 71
50 82 62
77 98 77
5 27 41
10 21 67
98 47 25
6 15 90
88 3 54
76 36 37
20 32 33
86 72 39
93 90 18
52 22 100
16 23 39
38 36 84
78 10 56
16 20 84
99 77 51
41 60 26
21 15 54
89 93 87
78 27 61
92 46 38
79 7 77
52 84 84
30 68 24
27 68 35
21 11 95
12 52 73
94 93 25
62 42 46
67 14 100
84 42 95
57 52 43
71 84 8
46 81 60
42 45 57
55 30 44
13 70 46
35 88 16
73 1 100
3 21 2
94 85 45
99 88 84
66 64 99
38 26 66
34 54 88
7 64 21
78 9 88
62 22 22
45 81 39
11 96 24
32 4 99
13 68 95
22 77 55
79 70 43
94 73 4
86 19 22
48 54 54
90 34 39
65 3 80
73 83 78
47 82 71
58 17 40
1 29 89
94 53 51
12 17 19
48 18 72
100 80 71
59 99 18
22 38 12
93 81 57
71 65 36
60 44 98
78 92 72
78 36 84
42 36 15
67 96 34
96 30 51
32 16 70
80 60 83
48 93 53
71 79 38
2 25 52
61 47 33
28 40 23
19 77 1
14 86 78
57 97 49
25 68 73
18 94 54
16 62 30
91 94 71
50 89 2
75 35 48
78 96 30
32 80 28
85 63 74
25 64 78
78 26 20
33 81 27
75 50 52
97 26 57
73 55 5
3 28 66
1 4 6
3 48 90
19 19 47
77 74 77
20 87 82
2 57 54
69 49 12
100 77 86
84 40 20
16 71 37
79 51 41
8 87 40
56 80 15
71 75 8
14 55 91
35 27 1
14 56 46
10 43 68
21 18 56
44 71 57
90 81 30
100 55 1
21 72 26
69 79 20
94 27 59
29 100 68
68 10 41
77 40 59
68 20 84
1 59 87
93 90 86
94 64 96
39 100 77
10 84 90
71 57 13
49 26 75
9 20 27
65 98 97
41 38 73
56 40 97
98 98 48
24 74 39
7 11 26
27 88 91
70 51 4
57 52 34
53 39 76
1 43 13
99 87 70
35 56 29
74 91 83
72 21 45
27 82 39
88 47 90
84 88 81
3 9 44
41 87 17
81 81 90
54 30 88
76 36 100
60 82 22
47 92 4
54 61 12
35 93 21
7 100 12
37 59 100
47 28 12
45 10 31
87 67 4
97 25 92
76 25 100
4 95 96
15 42 11
13 87 5
62 22 87
47 31 68
71 29 75
33 9 39
61 73 97
85 43 34
69 66 80
99 72 86
63 91 29
92 25 24
57 41 30
57 64 37
33 50 60
76 45 79
92 69 43
61 27 70
44 6 59
18 48 57
77 95 58
45 98 98
49 12 20
24 68 23
83 44 14
90 44 59
16 69 37
43 59 93
56 62 50
74 82 20
49 63 66
11 91 23
53 20 47
6 49 79
80 50 34
71 2 31
99 59 77
10 59 53
52 41 8
52 86 81
18 48 74
51 90 12
64 37 4
21 42 51
52 28 19
25 71 91
3 2 31
59 64 76
87 61 26
46 89 17
66 87 8
17 27 43
17 86 39
53 38 100
89 47 72
5 44 18
7 95 21
52 79 51
38 3 95
2 47 79
91 19 87
12 13 80
97 29 88
54 43 7
36 19 28
89 96 76
19 23 9
14 15 78
27 96 75
2 28 6
10 20 88
77 19 29
34 1 29
11 15 96
47 44 20
49 64 54
68 2 7
73 77 6
47 13 56
52 57 15
31 1 17
69 90 26
19 73 89
36 21 29
97 31 32
64 28 56
42 100 77
24 62 48
37 50 29
1 54 79
34 50 48
26 76 99
16 55 81
63 35 2
76 1 18
65 67 12
53 75 7
79 6 65
18 52 21
55 94 10
38 5 2
72 25 50
48 17 46
72 47 20
78 80 72
81 14 2
17 84 81
39 76 17
61 75 30
34 62 85
22 83 59
59 8 90
46 46 5
30 32 13
47 25 51
86 91 21
75 94 25
15 25 18
59 81 31
14 31 61
81 83 43
41 30 50
66 44 56
63 33 70
89 68 20
34 29 1
93 49 63
30 81 94
39 33 39
91 17 34
80 38 73
3 41 11
12 61 18
16 50 4
40 41 54
7 69 29
71 32 28
40 49 92
85 10 41
89 46 1
69 21 6
11 78 13
70 37 44
66 64 5
61 40 32
92 8 66
62 32 69
25 3 78
30 5 6
43 32 8
97 22 56
67 76 68
21 3 58
66 12 85
31 50 91
69 54 64
78 59 73
95 82 67
84 20 84
13 41 13
45 5 13
70 47 51
15 45 13
23 32 39
49 50 91
41 91 50
58 41 51
2 60 61
64 48 16
55 69 30
6 9 38
74 94 93
25 13 90
72 21 32
65 18 13
15 60 29
100 89 73
9 5 46
13 34 59
91 78 10
72 71 74
89 42 53
66 79 71
99 94 79
85 28 51
90 55 13
52 91 66
99 33 26
43 51 43
25 65 10
36 45 54
91 5 51
28 95 25
29 90 62
20 58 63
86 93 17
47 84 39
79 49 20
55 54 51
75 85 49
90 15 99
55 19 90
74 100 48
49 85 7
61 9 5
49 76 38
52 12 5
10 30 46
82 98 40
58 2 41
29 30 37
63 35 85
44 31 6
79 15 3
54 36 82
41 89 76
66 32 14
73 89 100
15 41 23
82 7 67
8 85 83
1 64 4
79 89 57
13 66 8
38 63 28
12 54 88
41 13 54
32 58 52
52 57 97
19 81 93
8 85 29
11 33 29
45 13 48
86 32 44
19 11 4
87 67 65
8 28 64
17 25 89
20 93 30
6 46 27
29 79 16
28 84 66
33 68 96
1 10 28
42 4 79
92 88 86
71 22 79
17 52 72
46 65 30
14 34 75
58 85 37
29 17 92
6 45 45
66 18 44
6 5 55
24 20 35
30 62 86
94 51 5
75 25 25
51 14 37
51 75 11
55 46 14
31 13 59
44 90 36
21 66 87
81 24 8
94 82 11
99 4 32
39 62 25
73 78 53
30 32 23
99 93 33
95 9 1
4 34 97
47 4 32
57 11 94
9 39 85
61 40 6
69 94 77
54 35 8
84 77 49
10 70 20
41 81 42
56 11 37
67 15 14
29 5 17
86 3 59
29 16 53
10 13 74
76 61 88
28 25 42
59 94 8
18 48 78
12 96 63
84 75 57
29 53 57
54 54 19
4 57 41
9 9 14
87 71 75
27 8 8
100 52 99
98 49 22
37 19 26
83 55 14
89 52 18
29 24 42
44 97 96
16 9 19
16 3 22
36 34 62
11 57 2
3 34 6
19 84 51
93 81 88
96 89 36
6 30 27
38 97 24
85 94 91
14 83 45
89 31 47
23 51 70
56 54 8
62 81 35
42 83 34
34 90 86
47 78 81
37 48 38
79 60 16
40 77 68
5 60 81
15 58 26
38 55 64
17 25 28
25 28 99
38 4 5
45 1 68
75 57 75
27 93 61
55 60 11
56 43 82
56 72 62
78 6 55
73 70 71
48 13 54
12 50 29
10 14 44
41 14 16
58 96 22
4 70 71
40 27 29
6 28 42
37 25 85
84 38 42
18 96 25
73 79 60
43 11 56
68 96 89
89 77 93
85 28 39
92 34 19
92 57 94
5 22 47
5 64 50
4 21 78
49 60 65
25 84 7
70 59 67
50 25 28
72 71 87
83 66 13
44 50 35
87 98 61
93 38 39
36 12 22
22 97 15
70 65 64
80 75 66
77 87 79
39 86 74
29 64 75
17 54 38
62 28 53
79 62 90
29 33 3
71 5 89
72 12 67
55 16 71
79 62 2
24 55 26
40 70 87
77 23 53
76 77 32
53 14 84
79 34 7
25 66 41
66 3 14
65 35 19
57 51 39
37 59 35
74 42 3
83 20 11
35 5 75
46 98 10
77 72 84
18 23 12
34 51 96
57 9 79
62 84 17
75 53 93
65 73 50
70 97 92
10 8 39
74 17 10
54 36 18
100 50 19
90 57 28
55 26 30
42 20 76
88 82 38
1 5 30
45 43 98
53 56 98
96 85 78
34 44 5
32 15 67
50 94 12
72 56 72
66 98 56
70 27 37
79 48 99
86 77 66
45 12 69
64 56 20
88 12 91
85 98 18
63 36 38
33 11 7
76 51 32
60 89 35
94 37 61
44 35 60
89 33 18
60 66 6
80 74 50
40 23 90
93 12 42
89 17 96
67 96 34
91 75 37
71 29 34
90 59 18
64 24 2
52 40 2
66 27 35
17 9 65
5 64 10
99 69 44
63 38 100
59 5 70
39 77 16
23 40 59
42 61 27
63 80 95
59 58 22
41 79 58
14 47 54
51 39 45
77 10 83
1 51 43
73 89 13
13 40 53
9 93 68
46 11 57
3 51 15
76 66 1
27 28 98
66 84 1
37 11 51
39 15 49
33 89 48
19 16 64
10 6 16
24 38 80
26 67 22
89 5 22
49 6 94
83 41 7
43 89 76
68 86 31
18 97 10
45 24 11
80 95 96
47 52 25
72 38 32
49 38 99
21 9 16
16 1 30
100 23 50
88 34 73
56 2 52
33 83 26
55 6 77
64 87 24
86 89 70
38 32 21
55 23 4
83 75 59
91 50 44
65 72 84
68 61 97
7 3 74
19 43 50
50 21 51
76 36 10
59 2 82
23 26 50
3 71 97
53 34 74
65 79 71
48 5 59
46 46 24
60 50 97
92 83 81
74 48 29
85 36 25
5 53 70
6 81 99
91 96 50
50 66 15
18 19 46
84 13 7
62 18 94
100 51 10
7 10 18
60 83 57
11 36 25
7 92 83
94 76 60
86 79 99
68 31 58
8 25 69
83 15 79
52 96 96
27 13 20
31 88 41
8 96 61
28 11 55
98 67 80
3 34 88
17 21 95
91 21 81
84 10 91
80 21 93
69 14 2
75 2 59
91 14 1
18 52 51
34 57 48
67 49 58
62 60 67
69 68 61
20 58 52
45 59 72
24 80 24
20 28 68
36 27 23
59 15 35
26 65 41
93 37 19
100 71 84
38 33 2
50 89 49
31 78 79
20 75 71
2 90 47
63 77 43
68 68 51
4 38 19
4 32 32
61 27 76
64 69 15
27 87 57
87 81 38
6 76 1
14 18 49
81 42 12
2 94 65
35 87 3
10 63 43
56 94 88
22 61 25
8 23 25
96 63 30
40 69 100
100 36 97
16 55 58
54 95 88
18 61 100
13 85 30
65 13 2
2 42 5
52 15 77
53 71 12
70 50 78
28 88 76
28 51 51
3 73 23
7 11 26
22 98 50
79 9 2
3 74 4
8 98 20
32 52 53
75 51 78
43 6 49
57 14 8
30 91 38
67 91 31
33 81 53
31 39 36
28 98 1
71 7 8
38 99 91
42 79 64
2 47 56
28 87 20
88 12 94
21 15 2
50 92 90
76 44 34
39 19 78
79 57 20
55 43 64
61 35 41
59 83 16
45 34 36
30 48 66
5 98 62
1 53 14
49 81 7
70 97 10
99 66 77
75 79 30
97 8 73
49 16 47
50 1 39
90 51 32
100 65 48
10 77 53
59 70 93
35 23 12
59 23 39
67 94 84
58 100 64
51 83 81
17 54 1
27 32 1
81 97 63
60 76 13
78 8 90
57 6 27
73 59 41
81 100 28
98 79 71
20 28 63
89 81 80
30 55 94
47 34 87
7 43 3
97 75 100
13 15 100
50 6 21
85 35 1
66 74 87
15 62 43
28 35 19
73 11 68
94 8 66
48 11 69
78 71 53
8 53 21
1 45 99
88 59 58
49 7 62
77 93 21
58 19 2
49 21 59
7 90 65
71 37 57
59 48 78
74 20 30
13 98 95
18 58 61
35 99 56
52 80 3
45 51 6
47 95 11
61 21 84
36 5 59
37 17 97
11 76 17
65 97 36
29 8 79
99 25 4
77 11 91
87 5 42
50 97 69
87 79 98
47 19 28
97 99 57
41 8 38
79 88 66
10 31 77
8 95 96
11 27 10
43 7 67
47 13 9
98 43 97
10 98 78
20 97 11
15 20 84
26 75 25
79 11 6
61 44 87
48 20 42
48 99 45
80 6 85
56 84 32
1 29 91
52 69 56
15 56 65
35 48 74
50 5 76
77 34 50
76 55 20
34 44 91
62 30 74
90 1 76
51 35 31
34 71 19
24 79 95
79 36 51
16 43 57
83 82 48
99 18 41
14 69 14
65 24 51
36 86 62
43 33 57
79 94 95
39 63 29
54 5 11
84 42 30
86 93 45
19 55 12
78 21 36
75 94 29
65 91 95
74 54 52
83 14 32
97 93 56
79 36 70
92 9 21
28 93 12
12 34 69
71 82 32
41 39 99
35 9 19
7 91 83
92 60 38
90 8 71
83 11 100
75 52 27
33 46 30
4 75 87
6 87 74
36 93 47
17 70 32
88 85 66
10 67 85
80 9 65
90 80 18
17 14 25
37 4 43
48 24 42
76 63 53
81 80 5
6 82 1
98 64 47
64 75 93
69 25 94
30 32 24
21 53 68
47 93 37
16 39 63
22 51 41
41 53 96
90 43 17
98 75 52
53 9 40
76 81 66
96 8 99
66 6 4
56 49 24
43 8 32
67 28 42
11 54 88
42 66 22
59 87 19
4 80 43
32 4 51
12 25 17
42 81 62
92 55 60
67 86 96
22 94 26
36 24 62
31 77 17
34 20 48
53 27 92
12 53 8
59 9 8
15 11 53
10 92 53
90 97 71
87 91 10
52 58 47
59 22 50
25 22 29
62 61 31
1 28 30
64 14 42
48 59 97
84 61 53
91 67 67
48 79 91
86 43 52
99 61 3
38 90 56
92 83 91
9 61 62
77 10 69
99 46 95
99 88 27
65 35 76
20 25 87
79 85 22
86 46 80
80 46 33
19 42 81
2 24 15
37 21 30
5 67 4
65 98 7
20 31 58
47 79 26
26 76 49
67 8 21
2 95 15
16 5 6
53 38 7
18 99 4
68 96 11
10 14 64
50 82 77
97 53 53
24 71 1
92 84 25
20 15 58
61 17 57
86 13 92
76 53 15
14 43 34
30 51 10
40 31 20
53 35 81
66 38 76
49 52 15
34 87 63
44 17 84
25 76 41
6 14 10
55 34 37
68 26 57
61 79 32
86 79 74
63 8 3
65 29 30
55 94 11
15 5 25
76 80 25
27 99 41
44 40 80
73 70 92
82 41 65
58 90 51
16 87 18
48 92 45
1 100 40
56 3 12
64 16 45
76 68 60
76 33 93
89 1 96
99 16 39
72 83 33
96 69 7
12 5 12
17 10 70
13 68 83
87 2 24
25 82 70
88 69 22
84 43 7
84 70 39
52 87 45
41 4 37
100 13 16
39 49 39
22 85 13
80 12 55
72 98 47
10 77 24
18 72 26
81 84 43
71 85 20
58 51 38
51 48 22
55 67 37
94 39 6
8 80 48
99 31 17
32 6 36
95 53 17
63 41 92
97 73 47
12 52 58
69 90 34
50 65 65
18 35 74
73 99 68
76 42 57
28 98 21
59 64 80
6 21 73
43 50 2
67 19 91
68 15 21
58 6 83
92 37 90
92 40 61
20 32 6
55 86 85
37 82 55
51 26 8
46 76 14
35 83 76
77 37 43
44 66 46
23 35 72
39 48 99
28 88 36
90 68 14
48 59 92
63 37 66
36 53 88
63 86 84
76 71 93
44 67 74
1 10 48
17 97 86
5 3 82
10 76 17
54 94 22
43 4 98
3 70 35
74 15 16
41 4 48
20 60 7
85 65 7
51 74 39
80 64 16
16 93 24
47 37 89
74 7 92
89 55 57
62 50 34
37 54 85
83 53 45
100 29 43
71 51 1
49 66 95
36 90 82
47 66 25
25 5 99
67 96 19
2 95 33
28 42 13
66 50 34
27 41 69
64 42 64
44 94 47
9 64 36
28 34 1
26 6 92
93 18 87
99 95 46
54 14 24
100 53 86
7 98 10
47 9 43
4 39 91
31 38 43
68 46 5
17 95 69
100 52 52
51 94 70
18 97 25
24 53 6
76 100 33
50 27 18
4 33 1
20 78 23
1 69 73
43 55 78
91 13 50
72 31 77
20 68 88
2 47 8
11 57 99
40 84 13
30 3 77
3 86 56
22 77 94
47 63 94
98 98 49
71 14 78
35 23 87
45 12 59
57 20 62
49 43 89
68 71 85
58 53 55
46 24 71
58 35 90
49 8 62
2 20 55
13 30 65
15 83 59
74 98 54
58 75 46
71 44 16
36 89 78
78 24 72
64 77 3
96 99 31
37 40 68
68 59 39
47 32 85
54 20 92
88 32 76
5 95 35
43 44 26
37 67 95
77 33 25
63 1 7
84 69 34
16 5 62
39 18 29
14 58 42
18 70 45
55 45 34
83 70 92
48 62 53
75 73 58
44 57 83
30 94 3
80 64 51
45 70 43
5 1 63
1 44 18
72 46 9
52 22 2
1 39 91
100 6 92
9 55 66
52 95 18
59 84 77
32 91 31
98 28 86
95 40 95
4 44 70
26 56 80
77 21 80
96 85 76
2 20 96
60 9 11
58 5 95
89 23 42
15 14 71
12 27 68
28 82 65
36 21 6
85 38 75
79 49 18
10 2 75
23 7 80
41 90 41
40 42 91
26 28 62
72 52 91
92 75 18
37 42 67
65 25 96
25 62 14
1 31 55
20 16 78
12 93 99
48 37 51
16 88 10
68 18 73
86 67 49
82 29 42
59 96 69
95 60 43
16 60 100
20 31 51
33 56 59
88 31 9
92 76 35
61 85 57
17 84 2
10 74 13
34 45 2
20 99 66
9 12 80
25 84 77
55 14 22
31 24 99
11 58 9
42 18 39
45 57 78
67 97 83
62 21 48
18 67 18
83 56 75
29 9 84
66 72 71
43 92 10
35 65 61
86 41 17
89 16 66
25 50 23
79 49 11
93 19 86
88 30 66
75 3 48
82 91 56
14 35 40
19 87 63
84 97 31
83 87 31
91 5 24
60 98 86
4 36 99
11 40 53
59 72 83
45 62 92
85 21 51
70 40 42
81 20 71
8 29 56
43 29 75
29 22 100
100 48 75
67 77 33
13 4 75
88 24 20
38 1 62
63 69 62
82 79 59
37 77 45
3 91 49
75 29 88
38 72 65
40 37 77
20 41 66
92 2 80
13 62 62
85 36 4
73 66 100
68 88 58
75 51 9
59 53 91
22 29 68
16 58 7
64 7 21
73 27 80
64 72 40
96 52 68
9 16 12
12 50 16
96 80 38
26 67 5
29 91 47
76 48 33
73 39 51
44 16 71
61 57 40
28 29 96
91 10 13
89 59 37
46 23 90
70 62 78
72 24 88
38 82 97
36 43 84
19 97 28
65 83 7
48 48 92
89 85 92
81 8 73
17 67 3
94 20 79
28 32 96
10 41 90
47 6 39
7 43 90
9 48 80
89 21 30
55 79 40
45 52 9
89 11 85
8 70 30
1 60 94
19 44 39
100 96 66
93 9 66
80 53 69
92 15 92
3 60 57
41 60 22
15 9 98
59 2 42
100 2 73
12 57 24
88 19 49
50 92 52
55 66 100
13 5 20
7 94 91
21 47 58
77 71 89
75 56 2
15 17 70
41 14 4
27 22 36
72 43 80
77 30 79
28 52 58
13 11 50
97 61 87
61 8 32
57 35 90
48 21 8
78 13 19
56 16 88
62 76 6
75 9 63
53 55 28
78 82 35
84 37 67
77 77 4
97 84 95
89 84 52
28 35 64
18 84 18
19 91 90
78 30 65
31 35 92
28 32 22
82 13 100
87 81 99
69 83 76
4 36 73
66 90 63
83 78 4
1 27 59
22 11 55
81 52 1
52 12 76
88 1 54
42 28 20
5 40 65
63 57 94
44 97 52
28 20 63
12 76 96
65 33 58
72 61 23
81 21 6
57 47 88
96 15 71
90 65 60
82 80 74
37 68 31
47 88 13
73 87 74
23 84 71
97 86 21
69 26 5
70 60 94
89 61 49
55 47 7
49 95 40
48 38 31
30 75 71
7 8 64
43 6 47
17 8 94
53 1 98
33 94 22
23 10 65
79 77 10
51 48 97
55 1 32
6 21 18
19 85 14
77 72 25
100 82 33
72 8 34
33 71 93
37 47 76
80 91 17
10 78 18
11 86 45
82 21 49
74 15 70
52 65 71
95 86 34
44 45 49
22 48 25
40 18 29
25 27 75
80 91 31
77 32 61
35 16 65
88 55 99
88 100 12
66 92 96
25 30 92
80 27 14
8 95 4
1 96 34
100 23 60
74 5 33
2 91 27
15 26 18
61 3 53
46 56 2
24 86 18
37 96 89
13 80 18
41 41 95
57 80 28
74 81 50
36 83 46
61 19 36
98 12 29
51 1 41
50 28 77
88 11 23
29 10 92
82 50 71
35 33 7
98 78 66
88 15 80
88 36 16
67 94 84
47 84 40
83 44 19
12 55 24
96 58 23
23 53 36
36 77 81
21 23 17
26 74 32
95 35 74
83 25 70
11 56 51
63 33 79
68 36 40
77 83 6
14 3 67
5 85 70
92 54 74
23 41 35
96 13 67
49 44 25
60 82 97
33 44 40
92 33 24
26 51 17
90 5 64
91 37 66
43 52 19
22 42 15
75 98 57
37 84 42
75 56 64
78 53 58
55 62 11
21 99 76
92 8 18
89 53 82
99 79 39
56 45 75
34 38 27
48 74 75
39 42 23
97 90 36
45 24 70
56 59 94
20 84 88
51 21 68
99 10 99
54 9 45
48 60 30
7 34 96
39 39 83
39 49 81
72 36 2
78 24 12
6 70 92
1 91 89
96 39 88
8 54 28
17 37 60
36 34 3
49 33 50
84 58 39
65 35 40
48 9 31
78 44 91
91 43 71
80 71 53
15 20 19
89 11 77
27 4 49
42 43 15
5 54 97
76 22 35
70 95 38
60 7 43
32 67 4
32 50 77
11 32 70
23 75 68
85 64 72
2 44 95
1 17 13
1 70 24
35 92 77
7 52 67
35 15 26
23 57 18
81 68 59
50 15 2
10 60 72
95 58 50
70 88 78
15 53 31
20 73 37
80 29 95
22 2 61
92 59 32
88 96 49
27 53 5
6 75 67
51 37 70
53 58 1
63 26 91
16 71 18
50 26 60
29 34 6
16 21 49
95 97 2
15 21 68
80 5 29
50 95 43
72 18 94
27 87 46
52 72 70
30 66 57
92 98 57
69 19 60
88 81 18
94 85 46
99 89 76
69 49 93
27 31 10
60 40 24
87 47 53
94 36 11
62 36 69
48 78 52
8 68 98
47 54 81
47 17 20
9 34 93
28 49 29
45 35 56
33 93 54
80 97 59
91 92 3
77 27 25
58 47 89
12 13 57
63 14 39
59 3 88
15 17 38
44 40 60
94 21 71
51 13 63
82 97 81
55 8 32
64 73 77
93 29 65
93 81 46
70 20 61
11 99 39
100 65 9
12 86 87
1 17 17
25 45 23
78 50 32
22 40 67
26 61 19
40 57 73
34 50 48
34 52 42
8 48 31
1 68 85
2 61 36
10 81 74
28 73 48
97 62 62
86 2 39
59 47 71
82 87 32
63 20 95
45 72 98
85 43 84
90 1 88
84 95 65
32 82 56
76 15 7
47 8 81
5 30 41
64 32 67
87 94 41
88 66 9
60 90 4
86 83 89
74 68 82
26 42 65
12 13 55
5 13 90
14 49 73
52 46 4
90 78 98
29 98 3
60 90 24
12 6 93
29 24 77
98 66 87
57 28 5
24 28 50
24 58 85
17 23 75
75 94 19
91 11 48
66 82 10
96 87 38
54 84 96
75 56 10
17 92 71
27 18 45
56 55 73
98 35 84
94 4 36
31 2 8
54 93 54
13 9 96
57 63 45
49 39 63
33 8 68
5 96 36
16 37 28
13 58 18
77 85 60
10 13 45
42 43 75
33 45 25
74 51 86
44 4 7
12 63 22
74 76 19
58 17 30
85 91 43
8 45 2
38 89 78
19 18 5
61 9 65
15 61 100
36 55 91
61 95 31
43 25 23
11 37 12
68 86 48
22 18 18
76 59 86
70 89 82
45 70 1
47 20 77
20 69 37
73 57 38
27 72 15
87 18 47
44 96 85
18 55 52
92 12 91
83 42 69
22 97 3
14 28 81
61 12 46
7 52 94
66 7 24
70 60 47
56 59 28
27 8 26
66 21 24
47 10 83
88 63 51
4 74 25
29 65 91
13 48 44
56 52 42
69 59 80
5 85 100
91 47 74
68 23 29
88 98 11
14 17 80
24 34 72
91 29 13
95 30 43
69 56 5
91 97 14
72 10 42
42 89 24
46 72 70
93 91 7
26 85 72
26 65 3
44 69 38
88 38 34
21 72 30
95 41 30
47 84 24
58 82 65
77 94 78
87 83 61
77 21 90
3 34 53
73 20 96
86 62 74
50 81 89
64 44 50
12 55 40
89 14 41
86 68 86
69 41 64
96 55 5
4 100 5
78 81 35
67 86 94
7 72 6
94 13 20
17 43 43
81 13 77
69 33 94
3 41 59
44 16 6
94 44 93
71 100 36
14 19 65
11 65 76
77 77 63
88 41 66
49 6 47
73 70 32
44 33 30
99 65 56
28 62 67
6 15 62
24 85 36
1 90 44
83 29 15
8 94 58
8 100 95
53 49 75
32 100 65
42 28 64
79 81 27
71 84 68
74 81 87
62 93 18
47 11 41
68 26 16
13 8 95
75 49 10
69 71 92
21 35 8
21 72 48
88 68 69
46 35 34
32 71 53
30 89 87
47 12 86
39 90 14
96 13 37
44 33 50
91 41 28
22 3 92
10 3 94
56 72 88
56 10 96
54 41 66
46 79 35
1 36 11
12 80 75
53 51 14
49 62 66
71 56 23
57 14 87
82 99 39
63 44 96
8 20 83
18 81 19
47 100 22
84 81 50
45 84 78
48 72 96
86 75 66
16 26 2
80 11 67
82 41 96
35 40 86
71 72 54
56 5 57
59 68 6
46 85 67
95 90 90
25 8 27
38 20 3
94 36 37
1 92 97
71 42 70
83 42 58
30 29 95
13 55 65
78 83 84
63 4 25
88 55 99
21 62 92
91 12 49
49 8 84
28 86 87
80 78 84
21 45 100
54 35 90
22 7 54
83 20 88
15 89 24
66 96 54
38 59 79
76 7 52
46 44 49
1 43 68
41 9 16
72 83 40
62 31 51
65 59 1
58 63 47
74 34 38
36 56 49
57 7 98
85 88 99
1 65 92
82 55 88
8 29 1
76 61 61
76 24 8
96 70 86
79 49 52
13 52 78
30 15 95
83 83 87
9 3 73
68 93 37
9 54 30
31 54 85
56 9 39
97 17 28
90 83 20
75 38 53
53 27 97
14 34 30
38 99 70
88 67 62
67 48 58
56 62 12
13 85 18
87 1 38
81 8 35
71 48 11
99 91 100
83 5 15
87 52 35
86 56 98
54 73 31
19 63 11
89 12 87
94 48 57
2 13 99
12 85 88
83 19 3
76 16 77
100 95 59
11 93 85
97 34 84
6 56 98
2 52 14
2 68 88
20 10 12
28 42 78
20 86 95
43 32 33
17 50 80
59 38 68
65 80 87
9 65 14
55 98 18
40 50 4
56 23 40
44 78 4
49 43 47
82 1 40
100 87 38
10 21 65
93 62 38
11 71 97
2 58 16
71 66 48
27 21 74
42 93 46
92 2 49
16 3 27
94 87 38
97 27 7
23 84 21
41 13 82
70 4 43
19 88 51
30 66 20
93 67 31
30 23 37
76 62 20
2 24 46
72 56 14
49 13 21
34 16 79
84 61 20
94 82 43
2 25 1
94 46 54
85 36 39
60 85 66
45 48 75
54 45 91
21 15 67
95 42 19
10 5 42
71 82 43
2 63 13
3 44 17
5 82 26
41 28 23
80 58 19
41 86 80
13 74 20
39 76 37
27 21 32
42 57 80
44 86 44
69 86 93
91 68 69
64 95 44
25 78 41
37 75 86
6 67 35
80 51 71
66 82 9
62 26 97
11 50 86
92 77 66
57 43 32
37 20 63
99 11 94
19 14 42
25 95 40
73 82 10
30 83 6
81 18 48
9 11 71
43 3 68
16 60 52
19 37 83
89 51 10
38 35 78
73 62 29
33 29 38
33 35 5
89 16 22
32 81 88
12 94 21
38 54 67
49 61 78
98 80 68
48 53 7
91 90 100
74 100 93
28 92 22
73 99 54
38 37 98
13 38 46
44 25 72
60 66 7
52 49 23
85 29 59
20 65 94
52 31 90
46 77 39
74 38 15
75 34 42
67 76 5
19 34 100
12 88 98
38 24 12
54 62 40
65 73 92
52 45 100
27 9 35
50 57 79
87 74 1
63 51 44
19 61 99
82 33 44
91 36 55
54 57 23
81 3 85
85 56 62
67 87 89
13 90 99
51 70 89
99 8 91
21 56 64
46 20 68
9 13 6
63 80 68
14 4 36
43 65 56
39 38 21
11 13 90
82 46 55
29 96 57
87 52 77
42 18 58
85 4 86
24 67 46
51 39 80
70 44 5
56 16 39
69 37 94
76 64 45
13 88 41
8 26 25
46 19 60
15 86 25
94 3 67
72 39 92
2 99 23
90 42 65
93 64 7
32 89 78
91 55 52
68 47 71
9 82 76
15 34 94
17 24 14
8 96 67
44 47 98
43 35 31
99 47 81
83 88 70
14 31 100
92 25 53
85 78 46
88 56 65
96 40 63
36 22 88
9 24 78
41 22 29
65 25 2
34 83 66
49 44 3
35 95 15
99 3 19
65 58 17
96 11 16
14 70 31
64 82 36
95 5 32
11 30 47
46 27 82
37 4 78
66 68 78
41 91 64
4 25 78
50 86 50
17 57 41
60 49 23
86 31 40
13 62 37
100 88 27
65 2 20
78 72 4
19 40 46
20 93 13
88 85 14
23 87 39
66 27 65
3 10 28
26 29 51
4 37 8
73 3 7
67 83 40
4 81 50
88 37 29
90 97 31
77 4 82
8 64 31
70 87 58
94 17 5
87 12 80
82 49 30
94 80 2
72 6 22
20 66 94
35 13 19
38 12 23
81 25 31
51 66 69
44 29 8
75 70 94
62 86 70
64 87 40
26 64 94
91 14 29
67 63 92
11 29 17
8 2 64
43 26 64
26 19 67
90 8 32
80 11 16
9 54 40
18 4 22
43 30 91
71 16 76
47 88 53
84 94 88
92 70 19
78 19 16
39 85 80
15 36 7
24 2 99
25 89 44
58 27 22
11 88 61
3 87 44
100 45 15
3 90 40
52 25 72
22 5 71
40 89 89
14 79 6
78 85 68
27 76 64
42 27 52
41 30 55
79 76 61
58 35 7
30 35 90
45 15 61
21 7 47
68 62 69
2 17 37
16 50 30
89 73 94
50 26 39
34 12 80
23 9 57
62 33 38
52 83 29
25 23 5
17 3 61
9 34 18
33 6 62
99 41 42
75 22 66
71 100 91
1 15 93
22 9 66
9 54 56
1 76 70
22 13 70
9 27 48
67 98 69
100 79 81
84 27 53
88 11 24
52 46 34
44 64 31
23 41 84
43 39 2
50 14 49
21 43 66
81 37 5
65 15 23
24 10 69
80 98 45
20 77 43
90 75 80
93 62 21
46 98 28
72 34 10
57 44 79
36 47 69
35 6 58
90 39 85
5 32 22
87 4 35
76 30 83
41 45 61
79 71 37
93 26 20
10 49 63
9 24 43
77 56 78
34 28 48
83 71 57
34 92 29
26 63 43
56 50 80
70 17 10
7 61 45
95 44 93
55 35 57
19 67 33
20 19 55
20 76 57
50 25 54
36 1 8
68 54 87
21 32 70
19 66 41
70 67 7
77 32 41
66 78 11
20 41 35
47 62 70
41 21 42
85 99 50
27 73 8
5 8 99
66 9 72
88 30 44
65 58 46
99 27 91
24 28 73
30 19 80
54 83 85
14 70 46
51 15 9
93 91 5
30 3 12
1 5 65
77 96 67
68 42 67
20 47 19
8 86 51
22 97 74
59 53 55
78 58 5
88 3 63
35 93 36
93 53 45
74 100 37
92 36 70
41 79 85
94 10 96
77 86 98
30 84 6
34 97 59
61 82 18
9 29 21
95 74 30
100 28 59
15 23 73
2 6 37
17 66 80
51 20 70
94 82 80
10 95 98
99 6 26
8 9 40
98 5 98
86 8 16
30 25 18
36 15 13
21 81 97
65 9 69
10 24 40
41 85 35
1 74 6
58 90 46
74 2 96
84 70 57
95 50 56
27 9 64
49 74 53
65 1 24
44 50 72
37 93 41
67 45 26
35 25 82
21 49 27
97 80 67
20 15 33
7 71 51
8 40 82
24 8 76
16 80 1
92 85 56
31 23 38
19 13 79
35 94 56
4 54 26
75 46 10
77 53 49
90 7 16
51 29 81
21 80 1
50 1 17
47 26 25
6 20 23
31 26 100
2 74 93
65 58 70
6 9 82
78 31 1
89 98 95
97 41 39
10 2 43
24 6 59
44 94 59
72 87 47
70 32 67
55 60 25
92 71 4
24 1 81
56 89 64
17 21 35
9 40 34
16 10 50
76 49 94
29 89 74
47 27 98
9 48 50
6 2 9
96 5 59
64 53 43
93 88 89
61 98 85
16 3 93
41 11 59
56 27 30
10 81 12
44 67 89
93 62 82
99 60 67
48 11 43
52 99 37
59 58 21
86 17 49
43 58 57
9 78 87
37 34 12
19 5 14
98 78 50
86 77 39
35 91 7
57 53 60
89 36 66
93 18 32
62 81 88
93 82 50
88 18 49
78 73 1
8 8 4
81 23 75
85 84 9
58 17 67
79 55 92
22 53 31
28 3 6
27 76 98
100 20 13
66 22 46
61 91 64
56 32 30
56 87 89
88 77 74
38 40 67
82 40 31
58 59 91
61 96 32
91 81 62
67 80 8
83 35 100
22 44 54
63 73 37
74 1 17
11 48 52
70 33 18
3 34 59
56 69 23
58 62 31
45 6 52
39 46 12
24 37 75
81 60 60
54 49 40
32 48 14
27 41 73
92 81 24
43 5 70
77 12 45
65 28 28
71 62 38
33 95 15
26 88 12
86 95 85
62 2 99
72 18 87
54 48 16
54 39 14
93 31 61
51 69 5
89 96 31
51 44 46
20 34 15
19 80 16
22 32 86
99 36 10
17 49 32
83 95 12
66 5 95
39 25 61
48 67 63
50 87 7
91 30 3
62 35 100
27 58 70
33 5 27
36 3 11
17 54 24
30 55 27
68 52 20
30 27 18
12 51 3
39 17 59
95 28 71
36 84 19
77 85 49
40 92 91
79 71 45
65 6 97
34 11 69
53 62 39
6 97 45
84 100 12
47 64 94
97 76 88
70 39 50
39 69 20
84 37 58
52 34 25
2 55 98
79 84 97
90 93 60
94 7 1
4 70 29
50 27 13
45 55 94
90 5 46
15 35 7
25 54 83
28 88 23
10 80 8
40 77 72
88 57 74
80 27 11
95 78 74
2 46 31
71 41 15
64 42 64
46 74 72
91 44 18
29 23 8
75 6 33
57 86 24
79 31 83
58 48 58
38 83 63
31 74 33
94 90 40
70 47 3
26 4 85
94 4 89
26 19 84
85 43 34
47 39 59
64 94 69
68 80 66
49 2 78
72 69 38
68 51 60
11 99 15
35 96 20
39 10 60
80 43 66
84 55 61
100 81 1
20 53 28
24 98 8
22 56 99
94 57 90
87 16 74
98 91 83
17 12 11
57 50 45
27 42 71
59 15 40
22 93 68
91 63 42
90 58 99
78 68 49
64 36 91
54 33 90
71 31 98
10 93 92
29 52 40
63 7 29
51 87 86
77 40 38
17 11 83
54 65 7
36 83 28
60 64 100
87 25 5
22 17 36
97 6 93
45 60 12
59 62 75
33 70 1
37 96 20
68 10 96
87 85 7
18 72 61
78 92 45
26 29 59
62 71 37
79 72 25
86 82 12
96 14 42
77 50 28
87 58 84
48 80 90
20 95 83
37 88 59
48 78 72
73 65 6
16 23 19
89 38 52
61 93 89
53 63 17
99 45 50
67 45 39
18 100 89
79 97 56
7 79 40
59 86 37
75 5 85
71 12 3
26 46 92
21 98 37
66 6 99
45 6 51
18 68 63
14 4 62
28 78 64
8 24 29
31 2 60
64 33 29
69 37 73
69 12 62
8 21 79
76 20 89
57 7 18
7 39 10
90 47 53
4 7 86
10 52 29
31 100 50
69 33 97
11 20 98
40 36 95
70 25 92
20 26 71
90 7 30
89 54 79
14 44 91
100 56 72
9 9 28
15 16 84
21 72 18
9 66 57
30 28 33
48 24 14
17 48 20
10 76 98
93 78 18
56 39 53
58 86 7
89 72 60
4 65 17
40 80 72
16 78 7
94 9 85
4 75 55
56 75 48
27 89 60
77 23 96
44 1 54
26 20 15
67 71 48
87 49 5
60 56 34
16 43 30
95 33 30
71 71 15
74 41 41
44 66 26
60 69 44
85 23 59
23 34 56
74 89 23
80 26 1
34 71 94
98 36 73
39 45 88
69 76 9
100 56 74
94 22 73
20 81 34
57 23 1
68 21 93
34 13 41
66 84 2
12 37 80
11 76 77
28 89 76
49 93 96
13 4 62
36 67 65
11 39 31
100 78 81
5 82 63
39 45 13
93 80 20
21 57 66
59 69 13
15 58 69
97 40 94
33 53 22
24 35 97
85 4 43
90 34 33
42 17 18
73 74 57
99 59 30
5 10 72
14 2 15
31 80 74
84 72 49
42 72 6
20 72 10
92 32 75
92 50 94
71 16 22
66 84 91
10 70 25
36 49 52
76 81 3
59 42 65
43 3 50
92 27 92
18 32 27
36 26 45
56 90 85
33 4 20
9 59 55
61 9 37
53 74 66
89 100 89
91 84 10
46 67 31
89 52 94
99 6 9
73 36 16
17 76 66
5 36 60
43 83 58
76 66 88
43 66 37
58 23 52
21 49 48
58 13 9
8 52 55
25 100 82
34 25 61
47 80 92
61 8 95
94 67 65
64 56 49
80 14 95
84 99 80
51 23 65
63 55 54
11 78 29
12 60 89
90 32 1
23 99 54
99 87 61
85 76 100
18 33 94
76 42 95
80 3 58
65 24 22
12 36 65
67 86 82
90 88 13
96 6 29
61 27 32
71 34 54
66 79 77
96 52 78
74 12 30
15 70 69
68 17 71
91 7 57
98 63 63
34 78 82
43 34 50
13 77 59
42 87 30
50 87 47
66 58 7
13 58 30
55 81 56
72 64 12
85 39 66
72 1 79
2 59 62
25 87 3
54 48 71
44 5 21
11 43 70
48 12 43
100 43 13
25 92 89
61 99 15
49 98 29
44 47 66
83 25 21
54 26 28
1 7 94
68 21 86
93 71 81
53 28 23
93 76 44
86 38 4
39 72 37
39 9 87
32 24 21
46 21 56
76 44 6
14 87 72
60 90 75
49 7 48
36 72 49
27 16 53
3 17 100
57 67 91
28 1 80
80 65 54
93 52 28
95 52 54
100 97 17
3 61 68
98 38 59
15 2 92
78 44 61
64 4 82
32 9 39
53 21 23
31 62 25
1 22 72
52 26 56
22 14 63
80 16 39
97 33 34
98 80 55
4 2 54
2 43 17
62 56 6
42 67 11
50 90 13
99 15 14
18 50 39
53 97 52
80 78 47
66 7 7
31 100 22
90 40 45
33 35 47
73 88 70
4 23 85
33 19 37
20 66 23
100 100 67
56 9 5
35 60 94
64 32 78
98 49 9
52 37 87
60 58 28
79 55 70
71 72 37
57 94 70
7 59 83
19 10 64
29 86 98
69 96 60
66 89 71
27 70 82
33 49 1
16 28 2
48 72 67
72 45 80
88 26 80
51 97 60
30 41 23
7 32 49
7 63 14
58 50 61
53 22 28
44 71 48
22 67 21
62 10 61
13 2 85
43 44 23
23 87 20
5 56 75
13 39 5
4 62 13
47 25 89
36 50 69
80 39 97
28 54 7
92 22 60
57 49 39
11 27 100
37 51 98
15 54 50
96 62 70
75 90 32
33 7 28
42 25 97
55 84 14
91 57 59
70 60 80
66 77 50
49 8 11
19 36 39
74 50 13
8 51 40
58 73 15
40 76 56
74 8 51
20 3 5
89 40 100
25 90 76
75 35 53
98 39 92
48 43 29
45 92 29
65 74 28
76 52 60
53 19 50
51 4 51
64 19 27
51 44 42
30 41 73
10 89 83
76 28 75
86 13 61
37 87 38
76 8 70
51 2 77
18 77 32
51 74 84
38 7 46
23 93 45
31 51 90
2 66 7
87 71 80
59 96 86
35 11 27
26 56 40
64 97 37
80 64 30
29 40 35
76 43 100
51 30 76
61 76 7
5 94 24
37 5 39
24 76 96
38 82 75
51 12 6
13 2 83
73 66 56
47 23 91
80 95 16
25 20 68
61 19 69
79 59 17
5 42 91
28 11 39
29 90 18
42 97 46
6 3 82
83 73 66
7 13 60
57 68 87
98 95 4
9 82 73
64 30 33
95 18 26
56 81 12
51 34 25
12 64 94
8 59 53
25 6 38
58 15 57
29 28 6
82 35 65
2 31 71
24 100 68
38 94 25
50 2 9
56 69 74
66 18 27
34 85 35
19 39 48
85 59 65
11 45 58
74 71 96
46 33 39
49 51 45
72 43 87
79 99 39
24 84 30
91 37 76
86 81 19
44 47 36
40 87 87
90 42 78
36 6 17
22 68 32
67 23 61
34 80 59
45 22 32
80 94 85
90 33 34
62 2 74
44 55 32
38 66 60
17 68 91
73 42 50
9 32 30
46 37 13
71 61 8
94 31 51
26 53 51
91 51 99
31 66 12
85 35 72
54 60 63
65 67 78
76 94 11
80 22 88
35 43 28
37 95 27
69 89 51
17 3 20
57 60 60
88 63 3
10 15 30
93 65 83
76 36 87
60 98 65
16 90 62
7 7 18
12 2 42
78 81 54
72 21 93
21 54 92
26 95 58
71 67 30
2 74 27
35 31 7
7 61 48
70 95 49
31 46 72
48 46 54
51 87 79
77 36 54
87 5 41
31 45 87
24 79 91
7 49 55
84 47 87
55 99 10
65 37 15
87 50 73
18 64 73
14 2 46
8 12 58
31 53 3
47 63 32
12 58 38
71 86 43
46 89 57
46 62 33
46 18 10
74 81 17
8 71 68
16 14 12
85 27 75
54 79 33
52 50 7
2 89 69
90 64 63
41 65 59
44 58 22
39 50 82
93 82 56
90 42 4
71 92 88
27 58 86
62 32 55
65 22 78
99 54 40
24 17 23
55 66 82
66 16 97
7 12 4
73 95 65
33 94 57
97 74 3
100 17 22
98 43 11
62 80 27
41 99 28
37 90 3
40 79 84
61 78 14
82 20 86
2 58 68
23 16 41
76 67 2
50 29 30
41 88 64
8 52 32
83 74 31
66 96 38
6 77 42
50 53 69
90 47 13
13 62 73
89 36 13
83 25 55
32 15 28
39 71 16
17 17 47
32 32 45
22 25 24
16 92 25
90 25 81
58 87 1
57 14 43
83 16 37
83 64 49
71 88 78
57 27 35
83 81 51
16 75 4
11 43 55
77 59 88
78 77 63
87 37 99
34 49 26
59 22 62
53 25 76
42 59 48
91 69 73
59 37 100
4 26 13
19 7 53
99 63 36
31 67 90
84 44 43
14 94 2
74 35 47
12 67 100
14 83 27
49 74 28
51 80 43
51 24 72
85 83 30
27 92 92
1 12 58
90 46 96
26 39 18
78 38 47
52 90 19
50 41 82
14 56 67
68 87 88
82 50 57
83 56 54
10 69 77
82 9 41
5 22 10
88 7 61
5 83 73
41 41 36
78 83 64
83 20 70
40 100 17
5 48 46
84 35 8
9 75 81
25 68 38
45 5 70
22 49 71
84 47 4
25 68 97
50 22 82
13 32 58
55 21 23
33 49 44
1 41 53
81 76 47
89 74 8
76 82 93
78 47 38
72 1 13
77 2 62
73 97 95
44 17 3
39 12 90
2 37 93
21 82 17
25 28 40
24 49 23
80 97 65
15 14 78
50 38 37
2 64 64
10 38 37
42 40 50
60 41 39
77 17 100
26 39 96
70 61 40
16 37 70
70 10 22
38 65 15
67 61 26
71 45 35
15 15 30
27 62 69
42 18 47
55 17 54
89 59 60
83 58 19
84 92 92
49 70 5
87 69 4
56 84 64
62 9 84
82 70 27
30 21 78
12 18 48
76 86 48
55 76 18
11 86 77
10 34 42
64 57 80
41 21 44
4 44 30
62 6 20
70 54 64
4 79 66
67 32 58
15 9 9
40 26 68
97 51 12
11 24 77
87 58 34
27 99 9
10 43 55
30 53 12
54 89 89
44 69 88
83 12 2
83 57 4
72 97 77
93 67 13
43 86 40
60 82 87
90 79 100
46 9 88
11 82 70
23 28 57
36 87 96
21 72 6
63 90 28
61 75 72
14 90 7
72 16 25
36 17 100
68 30 43
70 57 21
34 28 13
96 44 53
47 13 37
7 20 98
77 59 48
85 66 93
27 21 5
84 57 84
35 85 95
91 39 96
13 45 91
75 24 88
52 77 83
1 6 35
4 58 71
42 51 23
17 95 23
64 65 3
98 71 52
11 48 32
99 72 11
39 16 23
21 88 22
26 17 60
37 88 78
1 94 33
91 85 91
91 31 9
7 18 29
44 55 6
43 95 99
91 44 30
76 58 73
24 6 6
79 83 62
34 22 42
43 61 22
36 45 83
79 86 56
46 35 57
35 3 71
6 84 100
64 53 75
53 36 54
48 4 91
23 84 7
40 56 32
10 46 69
26 82 95
47 1 54
73 39 9
15 84 6
45 21 28
79 5 11
96 69 9
59 63 68
18 78 53
92 6 6
33 68 89
15 6 58
56 40 51
79 85 14
80 64 34
32 11 69
85 26 86
27 88 91
71 71 20
76 87 42
82 61 64
34 91 5
90 99 15
43 73 71
78 21 34
73 18 13
97 33 70
10 12 56
94 62 91
69 40 58
15 69 1
64 82 26
41 83 95
31 41 21
87 16 94
44 89 55
48 17 85
40 85 55
68 75 50
42 58 84
41 72 34
91 48 61
93 31 31
49 46 98
82 94 87
66 31 53
22 28 80
25 69 78
47 37 15
18 4 26
12 95 46
36 10 73
35 43 89
10 72 69
50 63 85
90 16 66
92 92 29
46 80 66
94 58 31
53 18 39
25 95 20
65 4 34
14 18 67
86 53 1
14 5 61
87 100 59
71 34 25
87 94 81
96 87 4
65 53 59
55 91 29
33 50 2
95 54 35
1 10 90
60 99 39
19 2 18
82 40 86
51 3 81
57 93 87
82 96 84
98 62 38
27 66 12
82 47 61
53 10 90
70 80 17
36 42 51
39 75 37
98 72 29
92 50 18
92 38 66
19 7 87
86 29 26
9 23 19
11 56 16
70 56 37
16 79 78
55 81 23
10 91 55
32 89 57
43 22 77
41 6 48
94 61 8
71 42 84
53 29 36
26 55 15
12 60 81
71 45 3
21 6 77
60 63 7
2 21 38
21 39 95
9 66 38
48 68 99
11 93 17
40 36 79
6 58 82
54 19 20
28 90 73
89 21 12
83 18 8
56 32 6
40 98 88
55 12 73
93 45 85
87 52 23
86 89 10
65 23 80
86 21 37
26 4 4
16 18 70
49 5 3
76 23 58
33 61 95
6 26 64
90 54 67
40 58 39
90 45 31
43 74 100
83 10 82
87 28 37
37 83 1
10 53 88
60 6 37
87 75 23
60 89 8
21 23 31
64 24 1
60 6 16
33 10 11
76 32 81
88 90 29
40 45 23
29 99 22
56 20 39
62 29 7
76 83 94
4 72 4
65 13 74
91 15 71
23 24 9
47 87 29
50 74 34
43 1 27
63 37 15
46 93 26
2 5 19
56 61 46
13 49 57
16 96 72
57 76 16
52 71 47
90 89 71
84 87 11
60 74 57
48 74 43
96 53 92
27 40 100
16 25 71
48 31 81
39 65 39
95 14 92
18 32 49
58 65 85
60 100 41
90 4 4
81 55 35
51 19 62
2 5 36
18 7 87
36 62 74
85 2 58
83 93 84
96 68 8
90 69 3
40 99 40
75 78 73
86 51 69
79 77 91
76 12 65
94 42 26
39 31 90
52 84 24
8 32 64
75 45 12
83 73 5
69 16 85
87 50 35
6 90 35
60 4 18
97 67 42
2 9 79
72 22 73
90 93 86
78 72 2
34 34 67
48 9 52
3 31 75
11 34 11
13 72 70
88 33 71
51 89 48
30 33 99
86 53 9
92 27 69
88 70 72
86 86 70
44 26 43
23 99 47
37 69 58
20 21 95
9 68 96
44 64 97
21 76 43
73 99 89
88 55 75
68 51 68
44 81 95
100 48 44
19 60 38
55 11 62
83 73 1
26 85 78
51 95 54
78 46 31
15 30 29
27 6 17
41 87 47
14 99 80
46 11 67
26 46 57
20 49 9
64 92 42
71 98 11
19 87 91
91 76 49
42 67 50
41 63 88
69 45 1
43 99 89
39 9 87
50 24 53
6 58 58
96 90 38
79 6 33
89 12 70
65 83 88
1 82 98
73 14 42
10 15 82
40 70 59
45 51 36
85 74 56
4 47 88
28 25 60
30 11 78
47 97 51
67 53 40
94 18 63
9 70 54
78 87 46
59 57 98
88 10 25
43 20 32
15 18 60
62 36 7
93 62 70
59 11 66
18 25 56
21 8 87
26 87 48
3 14 27
86 39 76
96 10 95
4 18 48
24 20 59
36 24 53
66 93 46
86 60 95
6 75 28
40 1 98
12 72 93
77 51 78
67 63 69
30 29 26
33 16 33
77 67 86
78 44 28
7 56 91
89 86 44
93 56 10
66 15 26
34 63 45
96 34 20
93 10 6
66 63 10
66 57 36
74 60 24
14 51 44
25 83 47
61 48 41
21 1 55
61 22 80
16 87 2
83 34 71
65 21 71
1 40 79
38 43 79
85 23 27
83 37 74
12 52 29
82 18 69
73 28 60
83 41 41
48 89 23
99 100 32
28 35 100
59 71 95
34 44 35
54 48 36
63 18 99
24 95 99
1 32 32
33 63 88
28 29 49
10 39 40
11 21 77
80 49 5
50 30 4
56 46 70
4 12 72
34 49 100
3 54 34
99 41 29
35 21 17
25 29 99
97 90 39
85 98 64
15 57 7
12 76 54
1 67 67
32 32 3
87 59 10
23 16 30
89 58 59
64 51 34
43 45 57
46 35 44
87 71 25
24 48 57
37 67 3
47 52 19
70 69 46
9 44 72
72 15 66
93 33 69
3 35 16
61 4 74
35 39 86
24 53 26
49 21 55
7 17 2
51 22 44
38 44 16
81 50 46
69 39 48
79 22 85
51 67 33
53 38 73
84 9 82
75 92 34
41 42 79
35 5 88
85 68 92
20 7 40
76 58 36
25 77 98
51 19 74
90 60 26
95 40 80
30 1 73
46 98 50
54 25 90
87 16 61
71 80 94
44 68 69
18 56 99
94 60 28
41 32 64
97 97 35
54 45 100
30 3 87
85 100 52
4 23 7
98 75 83
6 82 49
55 21 1
61 82 23
30 72 53
86 3 69
53 95 95
93 48 66
28 33 28
45 14 54
27 23 94
87 29 1
37 87 34
47 66 28
50 99 84
34 70 7
35 80 38
59 45 58
64 44 21
13 39 33
49 26 26
23 18 12
98 42 54
93 15 75
92 93 74
61 95 57
39 27 55
61 15 31
48 64 25
93 21 89
67 46 11
46 53 63
100 52 79
79 46 22
75 73 18
88 6 98
67 58 94
28 25 69
41 49 91
87 91 62
76 34 56
7 53 39
62 7 79
69 23 65
38 81 69
20 80 75
46 58 39
12 35 90
6 88 86
91 16 64
64 9 37
39 33 53
31 75 90
79 91 82
31 28 23
92 76 44
46 30 3
32 1 9
1 67 46
76 60 55
78 24 29
6 79 79
22 75 87
42 81 37
32 88 50
95 84 85
72 89 26
52 49 76
33 67 69
38 88 70
100 14 46
76 11 76
29 53 67
14 58 37
32 96 53
61 49 82
11 36 67
46 96 86
16 88 19
2 20 83
41 26 43
78 31 19
15 48 48
77 93 42
84 64 83
21 96 92
25 25 80
37 5 100
99 65 99
65 94 87
11 19 39
57 49 37
11 19 21
56 12 40
41 54 89
83 94 21
35 80 36
35 81 22
84 14 92
19 24 62
99 86 96
6 40 3
11 7 75
56 12 32
88 39 24
36 69 77
35 45 37
9 23 11
36 27 35
71 79 70
72 77 16
67 15 44
15 26 52
55 1 12
46 90 80
77 47 79
38 22 34
67 3 89
89 24 6
29 26 99
35 39 46
79 24 75
48 46 39
31 95 16
97 54 34
70 25 86
18 72 48
71 87 27
66 51 62
30 54 29
33 35 5
72 2 1
88 69 33
18 17 75
44 40 59
2 72 34
56 39 4
18 83 66
96 36 70
7 61 42
26 29 39
61 42 96
33 35 2
24 23 22
39 64 68
21 20 43
86 82 62
9 28 44
93 34 97
72 92 42
82 38 9
88 79 38
98 73 47
96 86 90
4 70 34
43 73 92
33 38 8
66 22 60
87 86 56
75 80 12
44 86 50
51 49 54
43 44 1
45 42 6
19 10 13
17 67 99
66 3 39
3 14 22
11 94 29
65 41 47
39 17 63
60 21 60
81 15 34
53 45 54
51 5 81
6 96 97
60 40 33
22 53 2
96 85 73
36 20 90
40 98 53
49 25 81
79 88 42
21 41 14
43 73 29
4 76 41
65 41 35
84 23 20
7 90 47
42 13 43
86 8 32
81 17 22
25 66 48
57 80 21
51 62 3
65 73 43
12 8 56
20 8 59
79 70 67
91 78 73
89 68 49
92 39 81
67 12 47
76 54 91
62 40 61
86 59 15
81 64 39
74 27 53
82 17 43
1 68 34
24 23 76
64 94 36
66 37 17
29 82 40
51 75 33
90 32 92
40 47 49
45 80 25
15 78 48
1 22 89
5 32 35
64 22 20
16 24 13
62 48 11
39 17 93
73 17 52
87 36 11
9 94 90
92 16 72
72 37 85
70 6 37
8 85 17
2 72 75
82 98 32
54 59 13
95 9 77
79 37 99
60 88 75
25 38 4
59 28 42
91 21 15
17 55 19
12 39 19
73 55 84
84 10 78
34 51 94
10 84 95
73 76 65
21 79 55
12 46 28
31 8 24
31 16 72
95 60 40
41 78 68
56 73 52
50 4 81
77 83 41
7 29 33
1 85 98
22 86 7
4 16 43
40 67 77
66 2 89
8 74 19
31 26 28
71 60 40
33 41 4
86 85 37
77 80 47
1 54 24
26 70 62
9 35 66
28 21 33
21 46 38
56 98 87
36 57 84
40 53 64
16 11 26
96 42 86
35 80 52
28 33 68
97 17 12
93 59 98
18 37 18
34 13 61
74 46 5
74 74 1
46 86 60
40 57 37
65 70 23
19 99 80
26 78 37
27 63 56
12 3 48
62 33 18
37 83 9
87 42 56
51 88 53
93 59 43
41 33 16
78 10 64
26 93 72
28 54 76
44 48 58
53 12 58
24 98 58
11 15 38
3 94 73
87 8 20
71 71 98
64 5 39
37 71 78
63 51 27
29 11 70
67 4 19
7 10 21
82 27 25
85 80 17
25 68 93
24 16 53
92 5 88
60 74 16
96 65 83
75 8 67
80 50 20
54 77 35
30 67 32
93 98 67
28 84 62
69 85 4
82 46 26
23 28 24
95 12 52
100 15 96
17 28 54
77 47 74
85 2 1
33 94 8
85 7 74
14 50 87
43 97 93
4 2 59
80 94 65
8 84 85
94 88 80
57 99 24
64 85 67
9 92 65
50 98 7
66 26 28
76 62 61
90 23 26
61 11 62
89 62 17
40 57 33
23 4 33
90 5 86
86 89 16
23 59 14
16 88 46
61 11 32
68 11 86
48 87 80
22 45 30
76 53 77
78 62 28
38 98 38
23 6 25
30 94 34
10 3 48
45 99 49
54 45 98
74 74 49
92 9 11
59 78 7
67 17 25
27 78 97
96 70 20
80 72 43
96 94 86
69 77 6
74 22 65
49 83 52
21 23 2
41 78 25
59 87 63
28 7 55
84 21 98
53 3 2
61 21 95
67 65 92
58 47 65
94 10 43
65 2 65
86 9 75
17 96 55
97 86 64
2 53 81
26 46 77
79 39 8
94 17 39
4 3 88
61 19 50
52 56 69
39 14 85
97 100 18
39 91 34
42 39 58
81 63 98
10 62 60
54 60 79
72 58 54
27 3 73
53 83 4
26 41 30
25 81 54
14 27 99
91 43 64
48 10 25
97 42 68
75 90 24
53 56 50
72 99 40
7 83 77
100 50 92
23 1 62
83 66 95
35 31 30
97 58 31
96 67 98
19 96 15
35 96 76
77 70 76
94 21 47
25 56 13
54 59 29
24 61 46
15 60 76
71 57 81
29 48 58
92 22 85
23 4 69
84 76 21
4 51 47
71 15 60
78 74 100
17 10 31
88 10 68
7 81 99
27 8 98
56 58 81
69 35 49
70 73 86
72 77 95
41 11 35
99 66 15
60 38 23
49 81 81
88 44 50
64 97 61
65 15 10
3 39 91
70 40 87
76 3 18
47 64 93
79 34 57
63 99 28
54 62 84
14 50 24
57 90 67
90 6 85
50 90 22
65 79 95
47 77 73
39 67 60
62 40 5
84 57 29
62 60 31
80 52 38
92 78 81
66 13 58
97 7 89
29 92 50
2 4 38
29 100 55
63 59 96
70 45 27
96 3 8
51 23 57
19 35 75
37 3 70
42 24 89
50 32 98
36 52 62
91 94 28
11 88 56
7 57 24
41 100 63
84 62 38
14 3 80
52 45 40
96 86 34
46 31 40
91 33 46
90 57 85
98 55 90
35 44 19
14 70 62
72 72 29
30 21 87
98 47 1
87 86 40
18 19 80
7 44 2
98 91 36
3 99 79
52 9 42
24 50 52
14 63 92
50 67 86
75 5 16
15 68 16
66 32 40
92 98 5
72 60 99
32 50 74
33 15 33
22 48 4
69 54 47
44 38 88
24 27 65
68 37 35
40 34 67
24 67 86
19 26 100
21 11 42
55 42 57
16 12 2
51 97 10
56 8 43
65 64 65
60 63 63
78 89 92
75 93 62
84 83 10
94 68 56
17 51 96
73 78 59
35 25 18
93 32 34
71 7 49
76 11 83
76 33 23
39 20 10
54 32 14
99 32 96
50 25 75
50 11 58
64 3 63
22 80 79
41 82 71
82 15 19
9 95 88
40 43 74
99 45 36
97 72 51
11 77 18
74 53 9
29 43 24
50 67 7
24 42 4
30 3 1
62 78 61
44 5 79
29 22 60
55 20 16
60 85 91
92 36 12
57 84 78
67 46 87
87 39 28
59 30 91
97 10 30
42 83 18
44 78 23
61 18 100
92 10 88
57 83 59
92 41 72
62 66 11
90 8 3
64 67 77
62 54 90
29 83 29
47 73 62
21 22 73
6 2 18
21 43 7
9 55 31
33 88 32
10 72 63
39 32 38
49 42 18
6 86 88
27 58 13
9 62 65
36 4 14
65 35 69
15 89 73
66 91 31
13 11 14
28 76 64
55 12 5
52 14 27
75 27 17
90 97 21
69 63 2
16 88 49
62 90 22
100 98 40
37 12 68
30 68 53
5 18 100
3 99 48
99 94 83
18 3 38
21 22 85
15 45 58
90 21 5
24 72 62
35 48 96
32 46 50
45 33 19
77 83 50
48 74 68
31 15 99
12 77 50
76 26 52
82 57 15
94 54 95
17 9 71
94 36 26
17 37 78
93 50 42
37 84 85
61 18 49
92 72 1
4 49 73
4 60 90
71 89 36
72 8 16
42 28 95
56 91 25
2 9 27
52 34 59
50 36 98
98 86 80
32 24 58
1 100 26
97 64 77
99 18 32
44 58 20
29 2 97
62 34 67
42 24 35
24 4 92
23 59 36
84 54 95
89 26 48
5 35 54
98 97 69
13 76 56
52 83 79
51 19 58
62 94 23
71 49 76
36 49 43
93 79 74
43 21 48
80 11 60
93 49 49
54 60 37
61 30 90
65 15 37
100 100 98
50 25 42
36 100 55
14 75 67
15 59 3
68 89 2
13 94 16
69 82 42
85 25 96
5 73 13
58 92 98
66 2 38
55 75 63
31 97 85
26 12 1
10 67 41
60 31 89
93 27 44
74 63 18
67 79 64
90 100 30
38 13 53
14 27 3
97 86 32
29 34 79
5 19 4
1 97 41
78 1 22
97 12 40
10 22 57
68 60 30
42 64 3
59 49 66
96 85 81
72 98 54
49 17 66
17 76 31
97 85 82
42 100 78
65 19 78
11 98 50
75 36 47
65 80 60
77 98 68
51 83 85
67 80 54
63 48 60
13 34 30
52 29 35
65 1 83
85 3 45
13 94 42
7 61 58
49 6 32
66 34 15
22 42 41
78 4 79
96 99 70
75 48 53
89 53 52
91 92 55
91 93 76
39 68 70
10 72 77
92 66 63
25 46 29
2 69 55
77 30 43
54 31 51
92 6 78
28 74 54
93 60 7
11 22 9
97 37 90
48 1 57
26 72 78
18 17 33
9 54 92
51 19 28
87 63 89
15 38 94
44 84 60
58 100 71
99 11 67
52 71 84
52 6 14
80 4 39
26 29 17
40 46 22
36 44 28
36 39 59
95 31 16
57 61 12
63 37 61
20 56 62
85 15 68
51 40 95
51 89 11
66 34 20
86 29 63
34 22 90
18 16 92
2 25 83
11 25 87
85 27 99
10 32 84
10 98 32
40 73 3
60 15 38
92 31 84
20 89 95
66 50 8
9 10 62
92 10 20
48 38 93
98 92 51
33 95 69
47 52 66
46 70 94
44 1 84
87 62 51
29 82 48
95 43 74
12 41 88
12 37 47
66 74 7
48 32 80
67 51 49
91 70 11
6 45 78
88 49 91
79 6 4
77 79 36
49 29 36
50 37 5
50 10 23
66 47 63
64 62 39
60 93 96
68 9 93
75 91 7
96 1 30
99 87 25
33 32 18
33 22 96
27 66 70
99 23 42
35 75 44
76 94 53
95 71 59
54 10 28
38 55 45
79 51 59
92 51 4
23 25 5
64 29 92
75 21 61
40 79 60
70 49 96
22 8 30
40 34 66
55 58 34
54 54 44
63 83 96
27 87 29
38 9 13
7 23 94
31 45 93
100 93 21
96 100 27
56 88 77
31 30 62
48 28 4
97 40 56
38 32 93
26 10 66
76 33 96
68 60 25
24 34 46
29 72 50
71 67 5
27 31 97
75 19 90
3 1 40
5 66 92
33 47 89
52 67 76
36 32 69
3 44 8
20 85 60
95 82 66
15 47 90
60 24 37
15 73 82
98 74 83
40 13 30
21 43 49
95 45 73
14 63 6
76 81 84
28 27 28
45 28 14
42 19 68
93 90 40
13 35 63
47 1 11
45 33 26
64 100 37
49 54 39
10 53 37
81 45 82
54 53 14
52 12 36
75 78 14
67 84 47
8 87 7
32 23 89
20 89 40
67 58 41
15 12 96
74 84 44
56 40 73
40 48 57
35 28 74
66 90 78
98 84 14
35 1 16
73 27 13
86 19 61
15 53 79
20 11 95
61 80 62
80 85 35
50 82 82
25 26 14
85 82 3
90 17 27
66 30 13
32 16 43
54 100 94
33 85 52
73 44 51
70 9 18
76 32 40
87 26 20
52 64 46
60 67 19
87 64 18
48 11 59
75 30 2
41 38 66
21 45 11
22 90 94
24 96 27
40 43 39
33 45 45
74 29 48
75 36 20
89 82 23
52 51 40
37 43 85
46 26 10
89 21 46
40 15 76
92 77 80
74 48 100
12 44 2
36 27 75
7 4 59
7 29 58
99 28 34
42 78 97
5 95 4
45 98 50
26 14 90
24 7 97
57 69 79
24 96 8
58 78 1
4 45 21
2 57 45
40 13 27
69 35 39
28 5 50
70 88 90
48 91 71
1 58 90
30 5 32
46 2 33
36 47 98
43 54 33
8 20 85
38 62 27
57 81 8
95 37 69
74 55 8
7 100 79
76 67 56
84 84 55
27 78 60
11 85 27
70 76 18
79 82 55
36 26 41
55 17 22
46 81 63
2 83 41
28 12 53
51 76 26
6 39 24
27 33 58
18 36 79
71 24 85
74 12 50
8 24 37
38 97 5
15 25 24
27 55 99
49 87 85
65 87 49
31 66 45
48 22 29
36 34 5
47 35 60
49 97 9
30 23 14
27 62 48
11 99 88
52 50 3
71 79 89
36 66 44
47 44 44
34 19 65
17 45 68
79 86 87
47 2 62
19 57 49
73 76 60
95 40 88
6 83 42
66 8 75
1 51 8
7 80 34
97 55 37
44 90 19
57 80 53
65 36 77
65 12 51
13 59 90
67 42 39
64 29 80
58 34 91
34 54 17
44 55 87
11 84 97
63 7 42
51 78 44
13 65 54
87 80 85
2 39 37
99 61 65
12 76 43
3 17 62
59 46 51
3 46 88
95 96 48
4 95 16
81 94 21
98 45 90
80 1 81
16 12 28
84 94 21
95 18 4
11 77 90
85 37 29
61 39 30
67 3 1
29 69 39
60 92 93
15 31 38
70 80 69
18 45 74
37 94 49
36 16 30
58 30 79
42 96 75
39 28 47
55 21 34
18 37 63
1 53 15
21 58 94
62 23 56
46 90 41
48 53 27
76 30 75
16 64 90
97 79 95
93 80 32
73 86 54
3 77 74
90 93 59
40 56 36
95 1 95
68 86 78
6 17 13
92 11 31
32 39 33
92 97 98
42 42 52
1 23 42
33 42 62
1 20 19
80 68 56
31 81 46
43 70 13
31 33 76
98 30 81
3 90 93
20 6 59
53 52 34
92 76 11
70 87 23
11 70 51
59 83 61
69 49 65
2 90 71
9 35 18
60 38 82
27 34 89
66 29 58
15 44 68
99 80 73
11 58 32
49 50 71
54 98 5
85 19 42
83 90 3
72 100 36
80 25 76
25 24 51
75 42 4
32 51 58
80 33 95
97 75 87
37 5 46
67 95 60
99 60 97
71 3 12
40 15 96
82 18 96
99 95 55
24 34 87
42 96 45
41 3 98
22 65 94
84 12 25
72 36 36
6 13 72
13 1 64
27 43 62
48 85 2
67 64 52
37 34 21
79 46 6
29 9 68
4 44 51
94 100 50
13 7 72
64 54 10
9 83 26
72 9 12
31 20 40
41 76 58
17 48 32
92 40 54
55 74 42
34 83 6
47 19 10
51 59 31
39 64 93
6 77 55
10 19 82
10 44 6
75 85 64
57 49 57
4 39 84
69 88 68
66 61 13
100 60 78
60 96 72
89 5 1
67 11 14
54 83 57
59 89 29
35 45 92
81 17 95
44 50 85
23 32 74
34 84 96
8 51 38
29 44 48
18 19 45
77 73 4
2 2 80
63 74 12
81 31 84
38 6 69
82 21 3
80 55 93
29 85 6
77 65 29
1 65 10
84 44 9
12 87 62
48 33 82
25 99 65
97 67 85
73 82 61
27 80 43
52 38 62
3 2 30
67 62 47
8 69 99
89 35 21
39 94 15
28 88 49
2 54 95
62 88 23
88 88 14
79 71 41
88 72 38
45 27 43
13 48 1
78 68 43
3 57 11
92 40 34
53 23 19
79 97 38
70 40 49
45 49 84
17 20 95
19 84 8
92 25 100
60 11 64
54 14 62
92 14 86
55 43 36
5 22 73
96 77 1
25 48 63
66 37 14
28 27 8
28 94 47
86 14 97
26 30 85
57 96 23
66 64 3
72 79 37
42 55 75
36 25 59
87 3 87
14 32 17
8 36 57
56 63 51
72 13 49
51 67 22
55 32 100
12 19 60
15 44 59
26 4 43
84 85 5
33 37 5
78 25 94
77 44 41
9 40 14
7 97 89
25 73 53
66 14 80
87 77 70
25 54 23
71 77 29
75 67 98
40 8 27
33 94 86
11 51 62
81 44 85
66 45 23
50 7 18
77 7 76
97 23 47
75 67 67
34 16 58
75 23 38
2 22 41
60 33 45
22 83 34
99 87 31
59 89 86
87 87 20
5 13 24
93 2 49
39 89 30
24 29 36
2 16 3
66 39 7
46 37 80
14 99 48
92 26 29
78 68 1
52 99 59
65 20 95
45 27 42
56 9 35
6 83 44
40 85 82
51 53 89
83 19 22
98 11 57
77 13 34
20 53 76
100 83 61
91 28 59
13 14 49
100 43 36
6 75 37
57 41 85
49 79 64
70 38 63
77 70 11
30 31 13
2 28 69
47 13 59
46 77 86
84 56 14
54 47 14
34 100 60
30 17 87
61 89 64
8 87 38
75 87 77
75 29 58
94 65 64
1 86 35
86 18 46
33 91 88
40 94 53
79 66 2
8 35 91
19 18 70
80 32 76
58 94 89
89 69 38
33 66 46
82 67 100
12 41 89
42 98 18
44 32 3
73 58 56
36 22 53
20 73 31
72 88 94
72 94 51
76 87 50
11 35 54
48 76 95
21 89 43
47 76 49
90 32 60
46 61 61
64 74 56
58 16 31
11 59 65
6 71 39
12 43 88
90 96 58
9 73 39
57 71 16
26 41 80
63 33 23
49 88 96
84 61 61
60 44 49
69 72 36
42 77 63
53 48 90
43 43 51
12 63 11
23 39 47
86 13 10
65 69 66
36 4 38
30 67 24
58 8 18
89 65 81
4 73 9
82 45 62
7 58 28
11 31 33
34 20 15
31 82 42
61 84 20
92 97 83
72 28 81
41 100 95
95 23 71
16 2 11
54 66 21
10 60 17
74 27 21
84 51 73
18 81 95
65 88 27
12 33 85
38 77 44
73 85 79
22 2 40
34 67 17
11 96 20
27 56 62
17 96 25
63 29 72
47 53 27
54 53 74
71 31 76
35 66 35
74 6 85
48 36 10
59 88 91
34 8 46
27 63 64
65 50 36
98 52 28
50 85 55
11 33 96
39 25 18
10 87 17
91 90 55
54 20 82
24 32 1
95 7 56
12 74 64
9 58 54
64 72 54
59 20 21
2 40 64
17 12 80
60 96 84
34 67 73
43 82 42
36 79 3
50 6 13
3 18 78
14 73 49
46 58 59
26 4 89
37 4 28
18 99 100
21 90 16
11 69 71
44 96 13
52 22 45
85 96 42
81 5 78
17 87 43
74 65 10
95 33 75
22 81 64
43 25 58
77 41 72
58 8 23
23 40 35
41 93 21
76 8 51
52 7 27
88 68 9
32 81 91
31 37 56
8 42 3
26 70 77
80 25 1
11 65 23
33 26 9
1 68 36
22 33 64
70 97 97
33 65 5
12 75 19
20 85 43
18 81 59
32 46 84
47 77 95
55 89 56
77 12 29
33 46 88
96 13 34
35 69 2
24 91 96
66 62 57
51 60 33
52 4 92
60 43 22
85 54 45
38 95 95
80 49 19
36 70 92
67 34 72
62 83 90
26 28 72
16 30 83
69 3 54
41 89 60
33 97 93
48 88 91
68 94 17
70 53 97
67 27 47
50 45 87
4 68 44
24 55 27
83 48 41
44 5 99
84 32 100
54 91 43
98 67 33
5 24 89
11 79 29
44 100 77
76 31 63
84 60 100
87 58 70
46 14 52
51 94 28
40 47 6
91 76 15
17 73 32
59 34 66
43 4 96
5 28 76
9 92 18
19 76 92
85 37 59
7 99 88
34 3 57
58 75 22
38 19 61
76 39 94
87 78 20
98 35 26
22 24 45
75 24 81
47 12 97
27 81 76
22 77 88
91 66 77
9 96 88
98 79 69
33 60 81
70 62 75
22 15 81
31 34 50
47 42 42
76 20 74
95 7 32
38 4 84
20 67 75
70 45 30
24 72 11
73 9 97
18 56 32
26 81 90
6 39 2
52 69 54
6 12 9
46 36 93
90 27 32
27 12 10
13 46 67
62 53 36
49 94 37
41 46 3
59 38 11
93 2 59
2 72 100
27 60 62
6 54 59
1 87 30
65 2 15
33 25 94
92 50 6
96 94 23
51 20 57
90 50 26
39 68 25
84 24 32
91 44 37
34 75 56
14 23 44
38 70 88
79 57 58
58 38 87
66 31 20
77 68 20
70 26 64
62 47 91
65 1 80
39 42 75
99 17 97
78 92 76
33 19 97
67 94 2
28 19 25
19 66 89
61 18 22
49 52 45
30 89 35
100 67 41
39 44 73
6 77 82
29 72 91
15 56 24
2 66 76
65 74 95
74 41 93
3 4 10
20 32 41
15 43 4
31 29 94
69 76 80
35 3 97
31 100 86
71 10 96
31 65 79
44 89 79
15 68 64
90 29 91
80 96 84
29 85 4
8 1 61
2 90 78
65 28 19
5 42 3
45 78 98
32 31 97
29 45 64
85 24 50
26 8 17
62 40 33
67 18 4
2 29 9
82 89 55
28 16 42
1 45 30
76 1 87
16 51 88
1 57 85
18 29 76
74 30 32
7 11 40
64 36 2
75 76 63
39 9 81
98 84 71
86 4 23
38 77 14
98 28 61
99 18 14
69 35 32
35 49 95
14 14 50
12 47 51
46 91 25
80 87 74
95 83 79
41 64 14
4 21 89
34 11 36
89 81 54
14 25 24
42 78 5
80 41 22
69 11 37
67 74 69
10 27 86
97 24 97
49 81 33
39 8 4
100 71 89
37 18 10
23 33 55
94 43 87
89 6 78
6 38 27
55 50 24
61 83 12
72 56 87
16 65 3
25 20 88
42 96 2
24 89 60
45 17 23
28 30 21
95 4 50
20 19 32
79 18 22
50 28 49
14 16 81
45 39 71
69 43 98
19 100 65
50 74 87
10 61 66
39 34 76
4 51 10
32 7 43
13 97 54
58 8 21
39 18 15
66 44 50
58 13 40
59 91 92
17 61 62
20 52 61
1 84 50
64 13 71
45 6 33
69 70 79
11 19 63
6 27 98
76 92 64
48 40 36
59 94 70
5 49 57
98 17 9
67 91 55
94 15 42
99 3 33
93 25 47
40 27 100
95 94 42
37 52 4
45 23 32
4 72 75
90 9 14
27 5 95
90 84 3
13 99 30
100 49 13
78 82 90
23 23 49
96 100 35
97 12 91
50 9 86
90 96 24
21 77 39
59 33 61
67 5 21
1 91 86
89 40 98
91 7 27
7 18 64
9 89 53
8 3 9
44 91 6
98 16 75
5 5 33
26 62 40
38 28 81
61 63 84
57 11 77
45 78 65
81 1 25
40 18 18
45 11 74
52 94 97
45 37 1
35 62 46
35 88 48
14 23 94
68 42 3
78 50 42
38 98 5
92 53 24
60 72 82
34 66 46
52 79 39
60 45 4
24 89 51
43 90 54
53 39 7
21 56 42
50 39 68
2 98 92
4 85 44
99 61 10
7 70 93
100 25 74
60 82 29
91 4 94
77 24 56
31 62 5
36 28 5
87 92 93
30 75 35
100 76 99
80 18 24
8 18 69
18 21 23
60 62 77
30 50 39
36 46 84
10 23 34
83 11 16
56 51 29
34 63 24
65 3 68
44 90 91
57 2 88
30 72 78
47 1 90
69 30 19
100 94 10
33 89 78
54 92 8
5 80 32
10 65 10
40 31 62
12 75 44
43 51 2
81 28 14
71 59 36
99 44 57
75 1 94
69 62 97
33 55 29
33 87 36
100 29 36
48 18 38
90 8 68
12 45 20
29 13 80
55 65 36
5 78 16
72 88 43
59 47 84
7 9 16
11 52 94
62 72 38
44 95 28
41 48 39
47 33 31
84 75 15
34 13 73
76 54 47
44 30 77
50 30 77
54 97 7
44 15 2
40 76 83
68 49 86
18 65 89
45 27 51
80 55 79
61 29 93
88 57 1
48 32 2
93 66 98
37 27 26
26 17 39
13 4 51
43 76 17
34 63 95
32 39 27
7 91 93
56 4 32
98 89 72
48 5 25
13 84 85
19 85 84
37 98 39
76 45 37
83 5 59
59 80 95
97 70 38
78 75 41
76 44 61
40 82 34
84 5 57
21 43 77
54 1 88
41 61 27
21 78 91
24 80 66
65 40 98
56 100 76
22 98 75
29 96 94
8 91 99
98 3 66
75 82 6
53 84 86
79 7 67
40 60 80
57 30 26
21 95 80
46 6 36
2 60 44
19 36 77
66 44 26
63 54 88
12 41 24
30 46 95
68 69 80
85 8 23
68 9 41
28 66 82
55 15 37
32 79 38
30 78 43
54 61 15
46 100 34
40 9 3
93 5 34
25 16 47
24 62 18
61 42 98
71 37 94
7 82 38
68 59 79
27 93 78
10 15 11
29 29 21
88 71 54
7 40 95
73 73 24
1 4 18
28 8 99
37 25 95
2 11 38
47 81 60
51 47 78
65 8 9
66 56 30
96 15 85
98 88 52
98 45 50
16 36 51
14 6 91
3 62 32
29 48 24
60 44 77
11 90 81
21 89 51
12 98 3
11 72 62
36 36 78
19 78 29
2 34 47
65 30 72
36 88 56
24 74 51
59 38 79
86 91 37
14 4 30
35 99 10
88 45 21
30 24 87
80 65 67
86 86 41
68 72 21
84 50 20
91 44 37
40 94 10
83 45 95
96 94 72
9 62 77
47 62 1
96 87 92
5 95 7
65 27 94
95 20 63
80 45 44
36 65 89
37 40 46
16 62 53
68 30 50
79 33 48
15 90 38
33 36 15
10 8 21
4 95 53
66 91 53
17 99 17
82 35 59
2 6 7
66 9 52
96 82 49
16 90 3
27 52 60
95 19 98
12 93 51
80 10 79
32 49 85
81 77 52
37 65 78
7 71 86
32 8 4
12 66 1
2 44 30
53 29 38
39 96 34
84 23 97
21 32 96
79 13 94
98 56 11
66 58 99
47 39 25
54 66 72
16 54 67
40 73 50
2 69 29
63 66 17
74 30 8
37 16 51
9 63 45
8 14 15
8 15 19
90 13 1
41 42 29
73 91 22
95 27 99
73 75 44
98 16 66
73 89 10
7 57 28
14 1 20
58 13 55
57 99 39
30 85 79
62 35 20
14 6 17
76 78 17
7 66 92
33 36 44
51 78 67
95 92 80
44 76 43
95 66 40
1 26 34
76 11 13
71 53 93
38 80 31
85 5 18
20 79 80
28 44 22
97 43 12
100 25 49
27 46 100
24 54 12
36 34 26
100 3 77
15 90 94
32 70 45
97 14 30
27 39 14
12 67 40
16 9 98
77 70 26
55 11 79
53 26 23
92 59 39
93 38 32
47 99 44
80 46 19
26 96 18
58 39 39
12 97 5
72 9 69
58 83 88
23 46 67
93 89 64
33 92 35
46 34 65
7 63 40
95 55 46
53 7 21
58 60 97
22 8 25
91 31 22
58 20 9
57 64 24
59 14 80
65 76 42
30 66 19
6 92 65
50 84 11
16 62 1
64 50 69
98 86 79
1 58 93
25 30 57
45 9 40
8 59 88
65 69 99
100 4 54
17 88 39
64 53 34
58 41 67
77 39 37
79 71 38
7 59 72
86 96 87
78 61 77
65 95 34
34 47 36
38 74 58
34 87 73
91 89 27
47 59 16
87 90 83
46 59 38
31 72 15
42 42 89
36 70 60
32 51 9
3 74 38
47 35 94
93 95 1
79 53 88
89 33 36
68 8 77
80 96 1
1 60 18
31 15 24
8 71 12
77 12 25
77 15 50
3 87 64
10 52 9
68 3 4
96 99 76
43 80 21
7 59 49
21 24 73
49 86 100
21 41 46
76 25 20
31 49 82
29 55 7
83 50 14
36 88 25
26 65 87
58 5 71
2 54 18
82 26 6
70 4 28
23 68 29
21 24 71
78 69 40
80 46 28
82 12 92
84 21 54
44 50 98
88 70 6
46 29 76
39 70 93
99 77 91
61 2 62
84 45 6
1 90 20
67 65 70
83 39 83
56 86 80
15 1 1
14 86 77
32 11 35
18 50 47
75 38 52
24 60 29
18 58 74
63 35 96
91 27 25
30 1 48
74 20 92
9 22 67
2 51 29
82 45 4
54 46 86
83 32 47
90 19 8
99 28 67
56 14 48
27 35 69
65 66 32
41 54 30
39 73 2
36 49 23
35 59 44
2 56 55
30 50 78
17 79 70
12 5 65
38 40 90
16 57 97
71 43 75
56 12 39
94 75 3
84 44 29
85 36 13
9 92 4
57 44 61
71 23 8
41 29 26
91 31 29
45 43 82
65 48 95
26 42 18
78 14 36
44 48 55
41 24 95
70 41 75
24 95 78
29 52 63
63 13 65
95 68 22
72 48 14
30 53 31
43 91 57
20 79 71
44 76 50
60 75 37
80 40 33
54 39 93
25 59 68
12 77 66
53 33 88
39 42 68
86 6 70
80 68 83
76 3 82
34 26 2
63 6 19
40 50 62
63 91 60
25 42 96
39 27 62
85 45 71
9 3 65
65 11 83
26 12 5
14 87 46
60 74 25
55 72 33
38 46 78
51 90 72
2 10 67
38 15 16
64 19 20
79 40 10
15 54 87
30 19 61
92 35 98
32 7 74
36 5 18
16 91 19
42 51 87
91 16 16
48 7 21
31 8 48
65 12 28
81 68 28
91 43 95
59 4 56
66 41 41
43 18 34
27 53 23
76 88 90
76 13 81
31 31 14
52 3 37
3 38 83
45 2 85
1 26 72
88 2 11
25 91 22
97 26 48
29 42 7
87 36 25
59 70 28
61 50 59
16 83 39
29 21 40
97 98 71
7 13 56
66 47 43
80 56 16
84 50 57
19 2 81
52 28 91
77 11 4
97 95 46
27 74 20
14 28 43
9 86 88
20 57 68
96 81 85
2 88 71
49 6 88
10 8 57
4 13 9
77 3 96
36 38 86
51 32 30
5 58 87
3 30 76
67 55 66
15 1 45
9 54 25
22 39 1
14 33 4
66 97 66
97 32 52
66 81 80
27 54 34
53 36 89
54 39 69
10 100 44
15 25 18
31 82 16
17 64 25
4 32 45
40 64 11
2 64 27
1 31 2
85 41 43
45 1 10
23 44 64
63 73 29
25 62 53
42 43 81
96 19 46
99 80 26
43 91 45
9 67 75
11 42 72
81 94 33
48 23 28
22 91 60
17 85 10
5 70 9
25 71 98
90 91 85
70 22 14
70 30 68
40 75 22
66 69 100
31 40 99
35 96 35
54 31 44
49 89 98
41 37 22
75 19 75
78 2 79
86 50 45
56 10 59
80 98 96
7 79 96
16 98 3
18 95 93
83 88 24
39 2 32
21 64 83
30 17 9
68 47 57
21 74 82
29 31 96
71 97 73
71 90 55
27 50 84
88 66 49
97 59 82
36 94 34
1 28 68
36 4 66
36 18 76
37 48 27
72 79 17
42 65 24
29 43 79
81 36 45
63 71 45
60 93 30
59 58 92
40 95 30
30 25 40
75 9 28
53 6 69
27 3 74
66 29 96
4 58 2
54 36 67
34 39 84
5 35 94
61 64 85
82 29 88
15 83 83
70 38 64
94 31 19
35 22 92
84 73 10
4 29 88
35 57 75
34 17 62
41 83 54
56 66 16
82 42 20
82 49 17
49 10 35
60 39 46
36 92 65
52 19 70
83 5 34
22 69 31
69 20 11
70 67 61
11 56 65
17 67 69
93 10 4
41 75 2
78 72 77
82 42 28
94 82 80
70 26 69
29 15 3
35 10 52
29 28 3
13 36 39
51 40 69
79 55 82
17 34 91
32 89 28
97 36 21
80 44 94
2 78 33
51 7 91
48 51 57
57 86 81
60 98 49
46 22 45
11 17 15
10 16 50
20 84 66
26 18 91
94 35 57
78 80 12
98 26 92
90 72 55
39 59 23
19 3 54
4 42 60
86 90 11
4 51 88
27 8 67
45 56 85
56 32 45
26 41 97
61 32 41
10 76 86
29 55 81
91 43 33
1 36 56
41 69 41
31 34 96
18 9 48
1 63 56
75 31 52
39 23 100
42 48 73
66 13 7
17 12 89
9 48 7
12 95 5
26 54 21
95 55 46
48 11 55
63 100 60
20 92 92
29 43 56
86 23 61
47 58 74
98 39 69
81 85 55
30 81 76
44 25 58
37 23 53
21 19 67
34 51 34
6 66 21
57 41 73
91 70 50
66 55 18
47 36 19
39 29 72
26 64 91
68 75 87
23 26 45
72 29 2
38 20 37
11 91 41
58 13 75
94 18 98
51 93 83
1 63 92
95 21 95
71 50 55
29 7 68
10 13 67
36 30 42
6 54 52
40 70 99
23 14 92
24 97 48
65 85 1
99 27 95
73 86 85
36 13 15
29 47 80
89 98 96
66 88 90
8 23 23
83 98 96
21 83 23
57 46 1
32 21 97
32 30 97
43 40 51
98 65 84
95 88 13
92 15 63
8 26 7
90 55 24
82 56 29
21 23 38
46 79 80
13 58 64
19 19 3
76 44 89
10 45 26
34 78 61
42 47 6
29 1 53
16 5 22
23 26 30
40 53 2
100 28 85
54 47 91
6 100 53
100 94 67
41 60 54
96 18 64
42 98 60
19 72 97
15 57 12
74 10 43
60 24 79
63 55 36
83 58 81
10 16 11
91 7 78
59 76 44
62 23 82
94 71 76
37 80 92
21 99 93
51 90 10
51 79 44
94 29 69
55 81 8
44 37 4
74 38 64
29 61 54
47 89 36
99 88 78
28 99 36
79 22 52
23 70 74
35 51 100
87 70 6
75 24 2
31 29 7
60 100 75
33 2 79
43 39 55
60 4 19
54 2 13
27 16 27
48 34 6
47 18 38
50 98 15
49 7 16
35 47 65
29 86 89
11 95 81
6 47 23
8 97 33
76 34 42
64 96 40
16 89 30
16 37 66
41 73 74
19 58 84
71 56 63
58 87 6
78 28 67
8 35 58
89 73 33
6 68 68
89 100 72
86 97 32
35 29 77
82 93 58
65 69 54
54 78 10
61 59 44
3 17 9
96 83 81
24 32 93
88 92 62
100 17 92
82 15 39
66 54 36
29 65 43
63 5 98
44 35 64
39 21 86
29 31 31
83 9 97
60 60 6
48 28 52
94 64 96
34 82 95
91 62 90
60 35 12
34 97 45
21 4 37
78 75 18
1 27 8
65 77 93
92 83 2
79 71 43
71 51 74
22 91 26
93 93 1
39 57 71
51 3 34
7 46 17
78 78 14
32 53 97
21 23 25
10 22 33
34 90 58
29 17 58
69 6 85
8 54 52
19 91 29
68 78 65
87 51 66
88 93 98
83 78 60
89 14 36
33 21 99
23 40 70
11 26 62
28 96 21
88 32 55
94 43 31
19 77 46
7 79 16
66 58 43
50 29 94
79 42 20
80 86 92
49 31 8
38 30 31
50 94 65
64 6 13
69 68 65
96 15 93
86 70 83
97 86 55
56 75 83
38 61 41
73 87 82
66 69 80
47 30 77
37 89 41
89 9 60
86 49 32
59 20 47
76 60 84
16 25 11
76 94 66
8 4 64
72 37 10
87 51 52
62 91 34
69 25 41
20 39 14
47 65 5
45 53 24
80 85 79
30 70 37
30 36 8
47 12 91
27 49 74
52 45 9
94 75 34
67 73 14
90 57 92
76 76 63
77 46 28
11 93 32
37 12 48
75 95 86
68 78 14
78 84 68
13 74 26
77 17 24
76 27 52
28 46 58
1 83 40
70 84 26
62 10 92
57 30 14
63 87 45
66 49 64
50 96 57
2 31 1
83 93 46
8 49 73
26 77 50
74 76 68
66 1 85
13 69 56
46 67 46
2 15 96
44 83 29
54 49 44
40 40 99
24 61 79
21 41 20
8 60 36
56 48 68
15 45 55
19 8 21
70 28 4
92 27 71
72 69 51
68 79 62
61 88 40
65 58 47
77 86 94
84 6 55
87 46 20
28 52 50
17 41 1
96 49 94
27 3 83
16 79 4
25 22 100
76 3 48
47 6 42
11 58 68
69 12 80
68 69 92
84 36 88
39 46 95
13 31 41
91 57 57
1 34 100
88 21 5
92 19 83
3 46 84
23 20 82
43 31 45
47 6 54
66 4 72
27 64 26
87 17 56
80 59 12
19 37 40
4 93 79
1 25 14
73 17 95
54 84 60
91 86 22
24 80 49
27 50 56
56 39 4
17 90 47
40 64 23
15 62 89
88 8 5
72 35 33
71 38 7
29 54 91
44 40 4
20 100 86
58 51 48
39 59 21
23 28 51
94 29 85
26 39 76
66 30 89
8 65 92
80 29 9
18 81 32
88 12 79
79 25 31
82 58 17
52 40 56
94 50 7
41 34 14
40 87 75
64 49 16
90 18 82
45 36 62
24 5 23
34 41 19
95 60 14
33 40 57
39 3 58
72 65 92
26 54 63
90 51 54
60 4 6
64 34 1
38 98 61
89 93 58
2 73 32
18 91 9
31 54 61
28 58 73
57 31 82
99 97 4
43 53 82
66 17 31
11 31 9
87 58 11
16 72 74
94 71 74
97 54 87
42 29 93
48 79 2
24 96 75
55 23 9
5 70 92
85 59 11
47 40 60
89 27 54
54 46 24
76 24 32
1 71 39
32 18 22
35 41 71
62 91 14
39 93 46
25 35 65
87 18 74
68 69 95
22 71 76
21 64 59
70 57 12
45 77 30
11 90 24
19 52 2
28 80 77
38 61 39
50 98 22
15 73 29
57 18 90
95 54 73
34 12 31
86 81 6
5 16 59
50 100 19
21 19 1
21 78 61
43 92 42
45 77 47
45 47 67
3 46 33
47 28 39
54 24 74
40 2 88
78 60 3
4 71 63
75 15 97
93 3 10
18 23 16
45 92 7
48 63 3
4 43 88
14 38 42
76 30 1
9 46 74
4 76 6
88 97 38
46 8 32
15 12 59
32 98 97
32 5 72
40 29 91
60 55 98
37 56 90
73 46 11
38 89 47
72 7 87
2 8 18
88 21 9
61 1 73
77 35 96
73 6 100
49 18 58
5 72 79
73 30 81
58 98 18
40 50 96
66 55 2
99 69 37
50 69 78
52 30 39
69 63 71
100 11 78
78 52 46
66 12 76
72 86 92
4 100 62
21 77 83
44 4 8
82 76 13
67 58 46
55 53 48
67 66 45
94 30 12
29 44 85
43 28 14
85 25 28
33 41 86
19 47 54
67 98 96
44 80 23
96 74 60
99 61 71
77 78 7
32 94 70
26 53 56
83 87 14
4 1 66
19 14 60
94 34 56
6 83 78
53 45 25
11 14 12
61 52 1
27 12 85
45 20 55
30 12 23
44 73 44
40 81 69
77 36 97
49 83 64
14 50 60
1 81 75
57 61 79
68 25 69
48 29 73
78 48 3
39 96 16
1 65 56
46 35 63
33 25 46
54 66 64
77 70 81
51 76 59
87 30 47
44 75 6
2 81 30
96 12 72
99 5 47
23 79 26
54 85 30
43 67 98
83 7 22
79 39 72
45 25 3
44 40 45
70 35 19
54 98 40
34 36 19
82 17 69
58 18 87
8 92 20
28 13 66
88 42 83
60 59 7
51 73 24
74 27 92
1 3 77
23 16 99
36 42 93
46 47 51
22 73 52
22 84 33
55 60 5
23 13 48
9 55 37
44 92 79
90 32 70
40 81 68
3 31 52
84 33 32
2 27 63
84 51 72
96 26 11
31 86 99
16 73 52
77 83 25
97 35 50
12 26 81
15 32 10
100 91 97
9 40 68
23 13 87
77 61 88
19 30 15
33 4 36
68 61 22
55 2 34
38 2 32
10 93 22
65 61 28
80 84 23
75 76 17
1 12 12
77 24 76
16 13 36
31 64 28
96 96 7
66 51 32
93 27 74
86 54 1
68 90 10
84 94 37
70 45 47
39 9 42
88 91 79
69 36 41
36 46 99
12 8 47
36 55 84
48 45 58
70 97 48
1 10 75
71 20 60
19 40 62
28 94 4
77 80 42
47 6 58
21 12 3
3 68 28
92 23 16
32 45 62
48 6 70
11 31 9
85 8 31
4 76 60
29 8 70
51 59 96
73 6 28
52 48 83
33 30 40
1 43 82
8 59 12
70 20 47
21 29 75
23 78 46
3 35 77
99 35 77
27 44 67
61 2 59
85 12 16
22 25 70
49 22 33
60 83 61
60 52 18
96 4 8
90 96 100
46 12 70
100 72 78
81 64 95
19 23 25
98 36 59
22 76 83
11 66 4
21 97 80
42 95 7
2 37 46
84 92 98
1 54 48
56 87 82
25 6 27
86 37 4
85 100 45
98 8 37
67 32 83
9 31 46
9 14 59
81 36 86
63 62 38
89 55 51
89 64 61
67 31 23
10 49 30
25 13 76
79 92 40
36 76 23
99 54 42
55 14 3
91 96 79
80 8 84
50 45 38
88 47 78
83 34 74
31 2 16
59 83 21
56 72 43
35 15 73
74 14 94
1 11 18
94 27 57
78 51 32
65 72 16
42 38 54
81 68 66
78 53 15
48 28 79
24 23 56
18 76 96
60 100 29
78 59 13
26 97 69
94 94 16
53 57 4
25 12 2
2 80 66
41 72 30
27 59 11
96 86 8
98 23 89
38 2 29
27 62 98
25 66 67
22 76 78
80 94 62
21 46 21
46 39 17
53 36 77
67 97 9
70 17 55
71 92 100
45 3 9
40 31 9
20 48 16
30 59 29
33 25 12
43 43 47
21 59 52
36 46 93
59 96 39
88 16 56
67 57 19
58 31 29
87 1 97
8 74 86
42 13 21
23 70 34
67 47 54
96 67 76
18 68 4
46 98 54
30 33 96
63 21 91
73 69 97
73 82 42
4 12 11
62 46 63
17 11 5
28 51 88
71 72 69
65 47 33
96 66 47
29 35 34
42 30 31
95 1 1
54 85 40
24 1 34
95 34 89
95 61 56
5 2 3
18 30 27
44 25 75
51 51 24
7 92 79
67 30 94
93 13 60
32 19 62
67 38 92
79 67 58
21 99 64
53 53 84
87 54 39
95 70 47
14 51 34
39 69 64
88 91 60
22 89 84
97 76 25
47 27 54
7 9 61
4 62 42
13 98 64
95 41 92
6 63 15
43 23 54
25 4 45
57 69 84
53 66 62
18 79 84
71 84 20
60 79 82
65 94 99
3 96 4
39 61 66
81 56 52
37 28 46
74 11 27
19 75 47
46 9 37
84 32 39
75 79 19
96 82 95
45 36 89
92 63 62
37 33 33
38 31 94
35 52 80
13 28 24
3 89 34
37 24 75
17 49 99
77 21 84
12 5 44
42 98 49
2 31 48
16 4 21
64 46 44
2 46 73
28 17 48
42 22 60
100 50 53
91 25 2
7 14 68
73 21 84
71 26 11
14 38 10
23 65 30
73 8 33
6 51 24
65 19 58
88 79 40
45 63 91
59 67 79
90 30 18
21 100 94
69 27 62
29 60 73
79 72 92
62 95 47
93 33 42
33 92 50
91 51 34
77 61 89
68 18 49
25 20 78
2 95 85
6 35 22
37 57 85
57 50 67
43 94 100
78 46 1
16 46 65
96 78 42
2 100 68
42 16 9
40 23 21
69 41 50
43 3 30
30 87 98
3 98 46
61 49 59
94 25 92
24 27 12
99 31 10
42 85 56
50 14 90
75 19 50
13 60 91
82 60 60
86 98 47
60 6 91
16 78 48
4 75 77
65 85 49
51 16 100
72 69 25
49 95 96
22 85 8
30 85 10
35 79 22
42 49 15
78 34 53
10 66 92
9 86 40
47 66 39
9 98 74
70 72 44
29 90 80
89 55 67
39 27 54
80 44 12
45 57 56
27 96 87
91 29 7
24 19 96
1 84 44
13 63 12
23 40 1
35 68 33
5 13 99
28 19 74
34 75 94
62 97 82
69 8 88
19 20 71
19 7 17
60 53 56
80 60 96
89 57 26
3 68 39
77 59 19
32 18 16
21 39 59
15 27 53
87 58 68
9 16 81
51 36 20
100 83 91
16 9 30
41 9 5
44 91 12
83 94 14
99 69 29
72 11 57
54 19 1
82 65 83
39 63 96
12 90 25
89 88 41
57 63 85
64 85 77
25 35 32
8 18 23
8 28 43
34 55 94
77 76 39
46 3 91
18 81 53
33 39 75
2 56 2
42 28 18
69 80 3
31 86 39
92 34 46
39 31 78
87 60 97
51 82 56
60 92 5
4 10 44
55 86 86
25 85 42
10 60 61
6 56 86
17 32 96
25 16 94
69 25 59
99 5 10
72 80 85
97 43 25
60 71 47
41 67 28
38 70 47
35 22 35
56 24 11
81 90 7
47 8 2
6 83 28
94 97 98
13 51 22
7 51 67
35 62 78
50 8 63
21 23 6
45 50 32
50 66 8
18 54 59
96 21 42
50 83 22
7 14 41
5 64 96
22 75 85
77 51 5
58 77 60
44 45 66
23 22 99
8 57 37
12 23 90
51 9 92
38 94 46
88 51 19
78 4 16
24 74 29
76 65 22
62 20 3
5 51 46
42 40 56
79 50 60
35 55 47
51 7 79
67 40 1
31 1 45
80 11 20
15 45 20
6 9 80
34 98 2
22 54 68
94 49 74
94 67 90
51 88 59
5 83 65
91 30 73
80 90 85
80 19 55
31 21 97
59 73 94
73 69 1
77 34 70
30 38 76
34 39 48
34 27 91
17 6 24
27 73 17
22 28 83
11 15 53
34 47 28
15 51 64
11 90 15
14 50 25
74 71 57
52 30 98
36 44 70
56 80 95
5 87 32
92 46 23
84 17 7
4 41 37
1 39 97
88 76 53
73 79 34
83 94 58
17 4 30
35 89 49
93 86 27
100 56 71
49 77 78
11 87 92
91 16 97
82 87 63
56 43 73
49 52 91
26 33 19
26 13 48
16 89 35
55 71 52
11 13 17
14 11 59
51 94 45
47 62 8
39 49 17
54 3 10
49 6 71
57 35 82
40 67 84
28 93 79
17 22 67
62 30 26
54 53 76
100 80 77
74 100 25
86 99 62
63 68 47
5 86 17
20 83 40
78 26 44
70 67 59
62 31 56
68 91 100
3 39 37
63 100 68
81 47 7
79 67 33
88 47 4
68 44 36
86 100 15
11 95 18
46 100 64
33 42 87
63 35 47
92 25 24
85 84 57
89 81 10
5 32 83
3 57 59
72 28 41
6 27 71
6 48 18
24 61 100
86 11 20
32 45 53
58 48 42
78 29 24
55 25 81
3 23 93
87 85 4
40 56 77
95 38 54
96 71 12
19 55 100
16 94 89
86 51 26
59 48 12
79 68 49
61 18 40
38 83 67
46 2 17
31 13 9
72 88 86
87 72 26
13 53 63
61 74 44
72 18 25
13 77 4
79 86 19
73 30 82
96 64 84
64 38 10
18 9 26
5 86 19
76 96 41
35 36 44
58 18 72
20 48 11
86 77 20
6 46 68
5 21 64
42 59 35
41 75 62
64 24 47
33 45 59
27 38 97
2 35 33
100 17 20
42 1 90
27 89 6
65 44 68
7 31 68
75 69 59
42 92 36
39 55 10
33 3 78
88 42 9
58 55 88
18 23 18
2 89 97
6 78 99
88 31 83
2 99 39
42 5 19
20 8 38
67 7 85
2 74 79
16 35 68
81 89 60
18 76 77
65 23 16
72 69 68
7 65 65
88 12 76
8 38 94
64 25 68
42 58 20
77 75 90
85 64 70
28 26 77
23 54 25
83 43 29
99 52 23
65 76 100
63 45 12
4 51 75
43 30 45
35 63 92
12 59 36
64 67 40
47 6 12
33 54 59
19 6 78
56 83 25
55 62 91
82 41 96
97 88 62
22 68 91
57 39 20
29 54 71
66 12 47
69 94 36
88 17 33
53 21 84
82 22 52
86 30 52
91 43 9
3 55 10
68 73 51
43 2 5
42 98 77
79 41 66
11 32 7
76 33 11
69 55 13
30 72 43
7 80 97
65 5 17
19 25 59
3 42 100
69 55 95
30 13 7
96 100 62
11 87 72
61 79 41
93 19 98
28 85 69
78 57 56
74 10 35
6 7 63
66 64 60
43 52 33
4 30 90
18 93 3
10 95 70
37 59 93
49 65 59
40 2 4
91 29 28
46 53 34
22 19 72
7 86 87
39 55 59
15 1 65
4 8 87
48 2 90
2 100 68
96 41 66
75 63 45
26 97 17
14 67 26
59 32 14
60 50 50
99 96 18
100 23 76
45 3 68
48 46 43
99 1 48
56 67 22
12 76 18
8 19 27
89 54 33
12 94 16
79 64 52
98 42 72
48 95 97
3 80 48
94 72 13
46 72 2
8 52 81
56 36 65
55 42 55
18 16 100
10 15 55
59 12 27
97 16 27
70 99 66
26 77 72
41 41 36
45 7 70
36 50 9
47 11 52
93 67 51
56 30 66
34 72 59
90 71 74
64 11 87
13 47 38
67 10 2
59 44 10
42 83 13
88 69 54
10 22 53
38 46 61
1 94 21
100 43 90
67 33 72
68 45 44
69 21 13
84 23 78
59 49 66
59 34 42
82 14 63
48 97 74
57 75 66
42 57 57
97 7 86
73 95 91
4 35 52
6 40 55
78 57 40
81 49 93
46 42 27
30 24 63
8 31 87
94 21 24
70 39 97
47 42 75
95 43 17
38 94 77
96 73 69
23 4 85
63 49 74
96 93 15
60 14 54
36 23 7
39 54 3
4 76 94
8 92 20
95 31 8
99 65 4
28 58 55
53 78 77
14 80 22
38 15 5
54 78 67
48 11 70
52 41 63
37 25 85
95 60 55
39 91 50
1 36 56
41 29 4
35 98 27
39 53 85
63 25 24
17 56 19
6 29 75
78 63 38
86 26 18
17 56 71
81 26 94
31 90 4
9 48 57
49 17 43
68 6 20
70 73 100
94 40 95
87 77 39
42 85 34
64 12 98
9 1 43
79 35 78
98 41 1
31 7 35
54 31 44
44 36 49
7 86 76
30 9 19
1 90 39
43 40 42
19 54 90
67 83 85
38 97 91
33 27 66
70 82 23
65 42 71
75 35 44
49 40 61
50 61 22
8 74 54
59 36 89
74 43 91
21 41 95
55 45 5
56 84 41
96 53 76
29 71 53
6 84 80
66 15 67
9 47 15
56 88 57
72 61 99
95 22 77
3 55 79
81 82 15
88 43 76
97 81 97
71 73 81
23 95 41
25 41 12
62 56 83
91 93 35
94 71 1
19 35 2
69 1 39
77 19 24
23 34 19
78 68 99
81 63 11
63 35 44
12 29 49
51 48 5
73 56 59
77 2 59
37 14 48
84 40 99
92 100 4
70 62 12
15 81 23
36 20 41
34 43 59
68 26 49
50 57 60
14 67 95
48 43 31
78 54 30
100 46 48
19 48 16
79 77 22
29 73 49
73 34 46
10 35 2
30 22 41
25 29 32
35 1 80
84 28 22
86 48 61
41 28 10
69 79 72
95 92 14
100 43 49
76 74 56
22 6 93
59 67 2
28 16 86
52 92 25
84 82 16
56 33 93
69 40 56
98 83 92
85 1 69
46 58 96
8 98 66
61 66 12
53 16 18
62 63 97
20 24 46
10 89 42
58 6 7
19 8 73
53 74 18
97 68 97
61 55 4
68 83 90
63 4 1
15 35 73
45 32 56
72 37 36
22 26 59
55 81 42
26 50 16
4 17 52
85 14 67
23 75 29
58 76 10
81 95 75
75 17 19
68 18 76
27 5 25
36 89 56
82 45 95
66 35 87
83 29 83
70 58 94
32 56 34
99 81 47
27 100 48
94 46 42
4 57 62
38 42 24
74 70 27
60 42 56
36 35 33
6 50 98
49 4 87
42 74 53
58 17 64
100 5 78
33 12 45
55 6 32
38 29 73
32 10 35
82 96 99
56 80 68
81 27 28
95 39 2
36 93 24
29 37 45
94 54 41
81 11 24
14 24 70
51 6 79
54 21 68
51 51 57
64 43 44
9 10 58
30 54 38
46 73 25
26 59 90
11 74 49
22 38 91
16 20 78
65 28 51
45 14 62
16 10 9
25 29 17
72 45 61
29 40 20
18 87 39
37 20 7
7 14 50
57 25 13
39 18 14
47 35 27
82 75 75
35 8 100
4 1 72
79 83 4
55 99 41
83 13 46
61 61 39
88 11 69
58 28 21
28 87 29
66 99 20
43 14 95
89 22 12
31 45 19
50 18 49
68 76 96
30 64 38
58 82 19
86 3 96
13 3 96
40 78 67
42 61 51
39 54 78
97 37 15
31 12 89
96 45 68
82 77 54
27 37 47
73 48 3
69 55 44
17 18 5
63 27 45
14 44 83
46 17 46
35 46 8
94 43 25
48 71 36
56 14 15
39 48 99
51 64 51
13 14 21
91 44 47
8 67 40
74 54 14
94 11 12
81 100 6
62 83 80
7 45 20
96 19 10
10 4 59
80 57 63
37 89 42
68 98 43
37 52 67
65 81 9
83 80 9
38 76 41
7 22 80
27 88 16
79 59 7
45 67 13
9 68 95
95 25 61
6 40 69
4 25 86
48 66 29
8 9 14
39 86 62
56 58 83
65 33 92
30 14 21
83 32 31
10 52 44
25 36 48
20 56 100
9 32 97
82 7 41
1 12 97
22 92 36
51 49 45
72 74 60
31 59 6
65 71 80
7 46 66
29 97 56
55 72 70
79 34 20
79 61 24
73 78 61
82 40 77
42 43 15
55 57 66
31 70 65
38 81 18
60 94 100
68 52 70
2 28 23
46 59 43
96 54 13
68 61 28
38 58 61
23 87 97
46 83 73
57 28 31
55 29 36
99 42 14
52 22 58
51 3 22
50 5 81
10 33 91
20 83 48
39 94 16
92 56 43
90 87 82
43 83 80
42 93 72
82 71 39
34 81 28
15 67 90
74 40 90
82 96 10
96 89 79
70 71 41
68 30 87
46 61 78
51 40 18
48 61 44
68 63 9
57 3 15
39 30 54
42 30 15
11 43 48
52 70 91
83 7 33
65 22 53
67 43 87
15 90 85
98 40 56
40 28 38
77 65 27
91 90 21
36 15 69
68 71 5
97 53 87
29 24 71
51 24 98
3 94 68
87 57 76
57 1 49
96 55 31
68 82 38
42 69 26
70 82 8
57 48 62
12 64 99
3 9 79
51 41 66
65 17 35
84 94 40
63 21 22
94 46 92
31 58 51
63 90 54
69 35 20
94 63 90
36 77 7
7 35 34
13 95 44
71 35 79
4 80 99
54 36 56
46 33 12
96 63 21
92 81 67
96 89 49
96 51 26
33 97 18
57 74 67
24 98 57
50 10 13
53 97 74
74 42 91
95 27 4
89 11 73
44 56 71
53 72 15
17 26 12
24 60 42
53 29 89
98 38 73
45 54 30
22 8 31
68 51 83
95 69 88
52 10 45
64 65 28
48 50 44
31 55 17
2 27 36
39 16 74
74 38 100
23 93 44
33 67 4
2 1 31
40 42 1
20 27 99
63 14 22
59 24 94
83 53 2
33 48 70
81 35 57
76 89 62
80 78 2
88 32 76
88 5 97
28 74 23
71 37 82
24 90 78
54 37 87
12 36 42
44 58 9
39 33 47
61 98 87
58 48 94
74 62 73
97 100 58
69 78 54
11 68 67
83 38 83
13 6 11
86 7 71
33 5 58
77 45 90
59 70 53
50 44 76
97 92 46
74 47 63
39 84 39
72 11 89
83 80 24
14 60 42
91 91 19
9 79 40
75 44 100
90 59 53
7 78 27
36 84 6
77 62 42
21 89 40
72 42 64
11 95 45
84 89 98
37 89 97
40 37 54
26 20 77
7 19 7
81 42 84
45 69 79
71 64 98
70 1 14
42 31 51
79 18 98
91 75 79
91 87 99
7 38 84
76 90 42
70 20 10
70 34 70
4 95 60
13 14 71
28 68 12
2 20 54
91 81 49
15 76 70
60 20 97
50 3 76
37 12 100
27 7 91
15 99 17
19 12 96
57 61 68
32 20 88
37 79 94
53 71 4
98 70 44
47 48 3
28 20 99
47 97 1
13 92 84
87 7 61
74 7 79
74 88 85
3 88 11
95 73 53
67 95 32
21 34 95
44 98 73
27 63 78
48 57 90
47 47 23
95 100 43
20 40 32
13 5 47
16 35 44
62 49 5
79 52 79
64 61 66
43 98 69
67 54 90
55 57 97
77 87 39
44 85 58
82 21 97
59 35 29
99 99 57
29 30 91
90 21 35
73 96 77
96 67 48
61 41 10
41 11 53
54 77 17
72 30 26
45 1 66
74 29 34
16 27 72
100 38 72
70 56 99
29 2 56
34 75 15
53 63 31
87 33 23
42 12 84
58 16 100
88 66 10
16 71 84
17 46 83
74 62 30
99 41 42
15 6 71
36 49 43
35 68 98
97 99 22
37 32 71
63 19 81
24 30 83
33 12 10
14 78 92
20 7 36
74 73 92
37 7 89
57 31 8
87 35 26
43 42 71
28 3 21
78 90 66
92 71 69
3 1 10
88 66 20
92 28 9
41 12 100
66 62 15
3 89 12
2 57 82
60 14 7
40 60 84
16 99 2
27 55 58
60 40 82
8 45 8
84 47 76
76 15 6
77 96 59
82 2 96
72 71 80
74 92 16
88 45 76
11 61 1
39 6 67
31 96 92
5 94 1
13 58 50
44 84 92
97 14 93
76 23 13
34 72 29
34 4 8
47 42 54
30 70 77
9 28 88
11 61 38
78 18 92
88 38 38
88 79 14
23 14 48
89 74 33
68 43 59
13 52 31
6 45 91
50 92 90
68 24 37
91 46 95
34 37 41
73 64 96
80 5 69
32 94 61
64 20 57
48 38 28
83 68 5
43 9 70
61 78 30
86 13 48
88 50 1
55 30 70
19 73 66
1 28 10
66 45 12
24 40 34
46 35 55
11 88 40
26 9 65
67 100 86
21 7 47
51 48 16
30 8 57
97 4 18
68 99 28
45 45 89
37 80 97
61 17 88
37 16 89
36 13 9
16 60 98
63 33 80
75 20 32
95 29 61
70 83 77
78 92 86
10 5 26
99 51 56
59 66 60
53 99 26
43 15 10
6 81 30
45 21 95
45 74 66
10 15 16
38 52 60
98 77 50
37 56 16
76 68 24
34 73 90
11 33 9
71 83 67
64 83 93
70 41 78
34 93 16
77 40 38
84 9 91
17 99 90
16 65 88
20 89 42
20 36 85
57 76 97
59 71 41
24 14 2
95 44 27
86 90 9
78 44 73
53 77 7
47 38 12
49 76 2
90 32 78
42 18 15
54 34 57
52 10 50
87 17 67
94 84 36
45 1 30
37 48 47
3 44 19
26 84 51
90 9 100
43 6 92
1 39 75
88 65 49
77 47 30
92 26 87
94 58 16
58 38 76
81 95 97
47 92 12
35 21 97
29 64 78
61 34 41
12 9 5
85 46 59
46 63 72
24 32 91
31 21 61
28 92 47
58 40 77
66 38 97
51 20 80
51 91 85
66 37 28
59 62 62
1 50 93
45 60 6
9 53 40
24 16 47
47 52 66
27 79 67
18 88 100
55 68 10
10 8 12
23 60 66
94 67 44
93 26 48
47 78 64
8 68 75
8 86 49
11 80 16
95 91 53
2 99 9
88 64 100
4 49 91
58 89 77
40 35 86
48 1 100
38 64 59
99 97 18
55 89 95
27 82 77
26 56 69
18 1 61
97 30 64
16 69 42
68 14 6
29 53 13
81 13 49
51 85 31
53 91 99
54 88 22
54 63 19
50 17 24
54 90 73
58 58 37
30 9 7
58 36 52
27 29 97
53 11 69
51 76 96
39 11 12
90 60 62
36 65 61
24 53 67
3 11 26
74 55 95
51 93 62
71 44 88
83 73 7
96 65 82
60 42 97
80 37 65
28 17 80
77 36 14
76 86 10
58 29 81
99 27 47
2 17 87
33 84 69
9 42 8
13 66 26
81 73 17
69 29 56
80 41 82
61 52 8
98 48 49
17 17 25
25 43 33
52 87 96
17 35 68
76 14 90
47 45 82
43 99 9
14 78 3
56 8 12
11 79 96
62 13 3
24 96 10
51 12 89
64 80 51
17 24 55
71 72 74
92 73 1
63 58 19
78 25 51
44 21 53
45 32 71
66 12 37
42 28 30
83 35 82
72 81 15
65 25 10
44 11 100
30 23 81
50 47 94
96 45 85
11 73 95
50 96 39
53 89 20
72 98 42
37 38 44
24 22 22
4 83 76
59 82 90
43 36 58
38 95 56
42 50 41
23 87 82
85 58 79
95 51 45
91 37 95
54 64 95
41 69 58
46 55 17
43 41 67
17 31 19
69 23 9
23 6 35
33 87 89
9 45 34
31 99 87
94 8 35
25 62 63
43 36 3
16 70 95
74 79 66
54 33 98
27 62 56
71 34 98
93 30 97
61 16 56
48 29 15
15 51 5
91 58 46
76 15 63
20 99 2
53 65 60
86 47 48
59 58 85
55 45 87
22 34 97
57 21 15
69 40 90
48 33 1
86 87 87
7 99 79
92 11 44
54 99 74
13 27 11
24 61 89
33 9 37
32 2 82
9 92 6
18 87 86
2 75 13
66 88 74
67 36 30
18 34 3
53 96 38
49 84 19
84 48 87
51 40 96
66 28 3
12 69 68
67 93 44
19 64 12
39 61 97
98 28 50
29 87 16
19 28 56
77 62 69
62 59 98
92 30 31
95 53 87
93 18 28
99 1 82
18 83 5
21 29 56
70 50 26
18 92 57
30 86 56
84 95 66
69 56 17
53 7 68
44 65 21
1 58 34
40 73 22
97 92 2
91 72 28
80 46 5
44 62 7
60 22 62
69 83 69
65 21 55
84 91 35
73 3 67
56 86 69
65 23 48
56 42 54
89 79 19
38 97 96
21 62 91
90 94 57
32 95 98
30 54 32
36 91 74
93 15 25
78 26 58
89 4 44
46 7 77
52 79 80
52 82 12
83 25 37
80 78 30
65 64 95
77 49 2
68 22 77
16 92 88
100 30 12
14 81 9
86 88 15
46 1 33
9 54 71
91 96 65
24 52 67
29 16 51
28 1 2
80 54 65
50 28 54
8 43 19
89 31 5
49 87 48
85 96 3
55 65 30
67 91 18
24 88 71
58 39 47
67 28 34
35 12 40
3 96 38
37 15 71
21 14 56
21 36 28
2 27 53
17 100 44
88 16 99
35 98 43
75 64 72
31 20 65
58 98 62
20 15 68
47 25 83
12 1 91
39 92 27
71 29 60
3 58 51
84 81 78
42 14 1
26 29 96
17 67 16
22 1 13
40 75 39
51 44 87
87 76 43
52 70 32
6 73 6
62 40 19
36 35 13
46 6 17
100 77 81
88 44 1
60 92 41
50 88 56
94 60 72
68 83 64
81 64 71
2 91 86
27 74 88
42 14 98
3 25 77
74 51 70
83 30 35
76 26 5
45 14 70
65 86 50
34 45 73
26 96 55
82 61 22
64 82 95
56 50 48
66 37 18
77 77 22
13 15 88
50 24 11
22 70 66
45 39 98
51 59 32
7 29 1
90 41 23
56 21 71
17 47 65
34 16 82
86 50 100
88 77 65
70 12 19
13 28 24
31 64 97
95 4 71
76 4 17
83 21 71
78 68 91
6 26 76
74 87 15
30 100 76
54 11 18
96 81 30
49 47 23
24 63 22
56 71 30
37 21 67
73 29 80
75 36 37
29 52 53
39 73 33
46 77 42
65 77 45
69 78 5
5 91 98
20 29 20
30 66 26
6 90 77
65 22 96
11 70 33
56 83 68
10 99 16
8 20 83
86 47 18
87 7 78
43 78 8
19 30 38
97 65 18
70 49 31
29 87 12
12 15 26
22 10 45
16 12 39
81 3 4
8 34 56
49 90 40
55 97 44
47 16 82
57 61 15
83 55 11
63 16 52
16 90 74
72 41 35
41 54 60
23 35 1
18 48 71
99 47 7
8 56 60
95 33 62
15 72 92
71 14 45
67 55 37
61 7 2
30 4 35
5 65 34
89 21 39
38 11 38
76 94 65
12 32 67
96 37 89
98 93 39
1 5 34
72 48 82
48 45 23
47 59 81
66 9 92
57 63 38
70 67 89
30 37 76
77 92 48
43 98 54
20 94 57
72 53 21
11 22 16
58 32 16
90 73 13
26 71 80
59 29 32
84 28 19
29 21 84
59 80 34
30 96 73
39 95 14
82 12 79
90 25 65
77 8 40
59 39 65
64 67 52
70 7 50
72 38 30
90 90 87
94 86 23
73 91 79
25 53 8
27 2 1
27 97 41
15 75 2
49 92 67
36 71 17
77 80 74
44 23 12
52 68 50
60 17 34
62 10 87
74 99 44
26 71 6
36 88 29
6 82 43
5 54 20
44 21 14
99 51 90
59 70 94
48 8 41
69 62 41
66 65 92
19 64 92
52 94 48
25 49 16
70 94 73
2 70 7
88 30 76
25 1 74
2 38 74
59 11 72
67 80 35
48 88 67
38 15 21
33 39 3
90 69 33
64 9 25
14 74 44
35 60 64
40 88 82
91 32 27
90 58 12
62 1 27
1 59 53
47 17 63
24 10 7
95 97 54
22 83 90
11 54 100
72 35 94
85 20 99
41 45 47
71 87 86
21 88 75
14 48 15
58 62 78
64 41 58
86 77 100
61 10 54
8 33 86
20 1 5
87 31 1
71 70 63
37 75 76
24 47 60
49 39 72
31 27 59
15 54 18
75 17 70
61 67 90
54 91 78
67 88 23
72 81 94
51 84 65
23 6 38
19 96 77
30 31 56
64 58 40
79 69 99
61 86 18
42 48 98
23 5 100
56 43 23
26 94 17
2 66 10
80 68 11
74 17 10
60 20 86
20 78 57
82 95 42
96 83 13
43 59 52
55 51 60
99 30 80
46 44 62
28 59 29
2 42 54
71 82 80
25 30 98
62 93 12
54 2 11
88 23 33
21 53 40
72 6 76
59 68 6
5 5 81
97 50 11
46 11 70
82 82 72
33 90 16
89 94 39
80 94 51
15 35 94
39 49 93
95 75 1
95 39 59
95 67 48
25 55 83
88 58 69
82 61 79
75 32 41
72 28 10
45 94 22
95 20 11
58 94 78
67 58 7
78 6 4
12 65 93
44 94 92
15 10 3
11 84 30
46 14 64
4 40 75
2 62 41
80 47 32
55 87 21
15 17 57
90 54 69
24 29 39
29 84 70
14 31 72
77 85 50
57 52 48
47 21 28
9 53 76
16 7 79
90 100 97
42 33 63
47 71 73
88 20 9
11 5 93
48 1 36
53 6 78
100 52 55
83 8 20
47 77 49
87 21 45
5 59 14
49 68 27
39 55 14
36 32 17
28 67 1
67 61 19
74 56 88
83 6 98
67 72 52
30 8 57
57 28 52
94 93 36
45 69 11
89 26 89
63 55 56
59 1 52
49 61 93
74 20 71
81 82 15
13 84 66
32 47 73
54 80 41
31 31 30
21 49 85
80 20 64
13 47 59
60 71 32
36 84 62
8 74 76
77 30 52
63 28 56
53 94 15
63 4 9
19 28 77
11 67 62
46 29 68
22 33 29
8 95 2
25 93 87
65 78 79
34 8 44
68 47 39
76 43 84
27 24 59
36 95 71
23 46 34
78 91 4
98 53 52
61 2 77
58 54 85
88 19 91
73 97 46
45 80 94
79 60 35
48 79 16
29 99 73
89 94 27
76 41 39
94 54 88
67 63 31
82 81 36
79 86 67
59 5 47
52 100 88
28 50 48
43 69 78
79 40 45
86 1 92
45 62 60
32 15 93
64 8 65
24 85 94
28 79 100
17 43 99
11 85 43
76 77 45
11 64 59
83 53 56
76 70 22
7 28 5
65 73 63
62 43 89
11 62 12
16 9 54
30 40 9
34 38 27
90 66 9
20 5 63
78 42 13
33 64 74
5 84 11
62 88 4
45 20 74
46 68 92
39 45 82
74 16 89
84 1 4
39 27 51
99 38 28
62 67 16
36 30 96
18 39 20
20 98 90
61 74 83
70 4 48
79 12 34
11 41 82
53 9 9
27 97 23
56 78 21
99 12 12
71 66 80
96 30 35
20 57 74
7 70 9
25 59 86
28 53 60
84 65 86
6 95 66
76 60 6
64 85 59
41 45 6
4 25 41
85 66 39
98 68 93
21 46 84
75 65 69
67 70 81
15 23 18
26 24 96
8 45 22
6 100 44
52 47 37
46 74 11
27 31 58
52 31 52
66 81 87
56 89 12
75 40 15
51 98 1
16 46 22
73 5 73
97 13 60
88 23 11
60 3 62
20 48 100
12 88 71
63 85 17
95 18 75
54 38 97
89 13 42
23 69 73
72 26 71
53 6 13
42 91 62
40 77 80
77 12 57
98 19 52
99 30 51
17 94 13
64 55 69
52 56 24
17 84 38
73 3 46
2 56 31
77 56 93
41 70 57
99 17 46
78 16 71
61 78 94
69 8 9
75 67 18
52 42 26
58 92 98
51 50 69
56 95 42
1 73 51
43 62 63
7 19 47
58 13 81
66 72 44
62 16 58
2 95 3
6 80 20
27 98 11
13 45 78
59 96 81
73 74 87
13 99 61
86 70 89
79 16 14
58 19 15
1 55 87
41 45 8
68 24 86
66 79 90
94 41 4
22 4 1
16 81 75
82 60 44
87 24 6
65 76 55
49 25 76
95 52 72
74 63 87
14 33 35
90 68 13
20 9 39
92 92 20
80 34 18
27 20 91
70 29 64
69 68 62
46 1 72
34 80 97
70 74 18
32 21 54
30 54 53
56 23 22
29 93 95
21 62 22
94 56 2
14 69 69
88 43 73
74 56 71
41 23 48
99 99 82
68 82 68
67 2 2
40 2 69
16 16 48
96 27 69
50 6 44
24 11 15
94 100 76
18 33 98
64 42 99
81 53 52
77 83 49
50 46 66
97 63 20
58 7 46
89 23 60
1 71 71
55 81 41
25 10 71
19 13 34
25 89 60
50 33 53
83 98 79
14 19 89
81 89 11
28 62 73
75 57 57
55 51 47
57 69 53
6 21 71
30 28 83
7 43 34
9 44 31
41 2 43
3 48 68
23 47 51
6 36 38
48 17 77
53 75 36
62 63 33
56 90 48
55 14 51
21 27 98
13 63 62
79 4 98
62 42 77
1 66 14
33 34 6
35 10 25
42 79 81
26 19 24
42 25 66
94 92 97
90 1 61
94 64 95
22 67 52
49 93 3
49 73 30
66 37 95
46 28 71
75 57 96
17 50 14
52 68 5
62 3 98
77 8 23
95 68 18
72 98 11
54 29 64
74 6 80
72 84 66
80 3 95
58 90 38
80 81 26
88 98 79
24 21 60
87 42 52
56 77 88
69 32 67
15 40 34
2 3 17
22 75 10
48 28 11
86 77 24
44 95 56
34 41 90
70 3 75
84 97 1
55 88 41
12 49 2
86 98 89
76 48 83
67 13 95
3 55 2
6 91 26
37 75 5
99 98 72
96 28 29
99 71 75
4 5 89
26 35 81
50 43 73
81 31 35
34 35 8
53 75 23
96 61 5
47 33 67
9 93 1
67 23 40
20 81 74
3 42 23
69 94 34
17 88 16
82 62 69
35 62 100
76 9 82
86 87 27
44 28 31
70 95 67
49 57 43
47 17 12
46 30 26
44 41 92
61 79 29
60 40 80
51 96 11
90 14 5
93 22 74
88 91 74
87 62 62
47 16 21
6 40 76
64 14 15
51 75 71
69 1 47
32 92 53
65 88 23
66 22 29
40 74 35
4 91 59
61 99 97
20 13 80
57 60 54
21 5 24
40 47 16
61 22 48
84 75 99
59 7 57
57 62 80
86 80 5
38 80 100
52 91 15
71 24 85
66 35 69
98 10 65
2 94 35
73 40 63
61 30 70
26 30 38
31 32 82
15 27 12
80 43 100
77 85 29
87 53 96
77 48 55
81 59 66
62 40 37
75 93 56
98 39 77
38 44 43
74 71 41
81 95 49
59 84 63
96 32 70
96 6 59
38 34 48
49 72 68
43 57 44
21 79 66
60 59 16
90 19 95
77 79 96
59 92 68
27 84 80
2 44 33
23 85 10
67 53 43
91 43 91
73 61 19
85 42 14
7 37 9
24 22 28
1 11 84
30 72 76
20 24 63
71 2 10
61 90 66
14 64 98
92 68 71
26 35 17
79 19 96
80 70 50
45 95 90
55 66 47
53 64 94
95 83 13
87 16 3
83 94 70
7 99 88
7 61 39
30 9 56
48 74 93
54 100 2
40 4 96
24 16 95
54 45 82
19 37 93
95 34 28
37 51 5
62 84 14
1 61 31
45 41 14
53 8 70
22 23 71
59 91 68
83 11 70
31 24 98
42 42 26
90 68 4
14 64 59
57 32 15
13 26 62
10 55 20
36 16 82
77 78 16
77 28 19
27 10 59
11 52 85
14 27 74
9 41 69
21 9 30
19 6 73
40 33 16
12 86 89
90 50 38
28 51 86
69 84 73
94 7 19
38 15 90
26 17 67
31 31 90
28 10 41
60 6 57
75 47 8
3 17 44
41 32 52
66 69 87
3 55 59
56 56 85
12 17 9
23 62 54
27 17 67
18 88 53
21 68 78
20 14 52
67 29 70
44 18 93
87 81 55
79 18 39
88 55 38
93 39 76
89 29 19
55 87 8
44 93 46
72 6 7
96 77 7
34 83 29
4 2 46
100 92 55
81 91 45
4 81 17
82 79 29
87 4 52
98 88 28
72 79 98
4 89 80
85 97 18
35 4 71
61 77 49
69 32 80
62 36 10
31 75 41
47 24 4
48 87 11
18 67 80
51 61 60
69 83 1
96 100 77
98 61 23
75 46 31
37 89 81
88 81 53
79 16 4
64 73 9
34 50 97
66 57 82
16 68 24
73 58 92
34 34 11
75 61 54
51 49 91
61 22 42
22 15 81
64 25 98
91 99 33
20 79 93
11 29 6
34 67 26
63 73 47
24 68 41
55 66 5
44 27 1
16 73 7
26 79 70
42 100 77
59 74 82
6 25 58
83 99 43
17 60 61
90 46 78
78 72 64
35 98 96
72 53 39
38 99 95
45 60 17
43 39 77
22 13 76
89 38 52
8 63 39
26 10 19
21 57 52
23 86 93
75 98 91
57 32 70
32 90 54
33 45 83
70 3 5
77 2 11
9 48 30
64 63 2
90 81 77
77 45 20
70 98 79
74 34 82
25 64 5
33 46 21
27 43 89
97 19 22
26 2 42
24 40 20
65 32 47
2 75 4
93 14 69
9 47 84
60 16 61
33 31 34
37 59 75
92 44 54
21 82 64
77 15 87
8 95 3
47 52 10
43 35 80
57 72 66
58 23 31
100 49 98
1 82 26
10 48 54
77 27 10
3 80 84
84 19 61
77 73 38
71 35 4
12 70 42
36 82 85
80 73 54
50 5 25
31 95 45
93 21 96
66 40 38
46 47 92
78 65 92
72 68 37
30 64 48
27 42 35
29 85 25
29 11 100
63 55 52
48 13 25
52 50 99
23 14 49
57 55 40
32 6 65
95 95 9
34 11 78
32 39 18
14 56 93
76 5 99
67 94 81
7 41 22
94 15 78
91 68 64
1 12 28
73 55 31
75 26 68
68 94 52
66 14 96
57 45 54
76 97 98
90 93 15
4 54 71
39 36 21
22 56 93
96 39 84
83 58 24
34 17 61
17 95 28
96 83 78
16 54 93
62 51 73
62 14 94
93 34 62
94 13 28
57 66 25
47 11 48
98 36 42
66 84 45
41 76 18
71 44 69
14 12 27
23 69 52
42 84 71
21 38 39
28 72 18
89 61 91
38 72 43
2 31 65
80 94 73
94 49 97
34 79 58
32 90 51
67 89 98
57 30 69
17 60 22
37 66 66
38 44 77
39 36 44
89 50 86
71 91 17
91 44 88
41 49 64
23 62 78
50 73 88
8 80 43
21 33 56
95 13 94
38 92 11
10 92 91
4 2 16
86 4 15
20 37 12
54 87 23
75 79 25
73 14 18
22 56 64
65 19 22
14 69 75
58 8 15
64 1 98
37 10 72
79 66 72
70 94 89
87 90 92
6 91 53
92 91 98
42 40 30
67 49 71
39 37 96
17 56 73
38 63 50
28 37 80
43 4 61
46 7 84
40 14 89
65 38 63
7 98 12
7 59 64
17 94 72
22 70 10
46 19 41
32 73 93
64 5 35
94 55 40
82 83 59
1 58 16
19 9 76
61 16 63
53 34 35
72 95 92
26 17 49
28 83 40
29 11 72
81 24 9
6 36 44
96 64 45
24 67 60
74 66 58
77 40 65
20 66 73
1 9 59
78 73 67
19 53 14
60 40 27
69 99 4
65 53 60
14 37 81
3 57 55
18 43 47
8 27 38
44 63 64
65 72 72
100 6 98
54 91 15
12 56 59
14 42 42
2 16 83
35 46 76
4 14 28
77 61 12
40 72 64
99 10 88
45 35 73
15 54 37
61 76 38
2 70 64
79 62 87
47 65 16
40 99 96
87 84 49
43 10 46
28 60 93
31 5 29
15 20 4
92 84 66
34 1 81
21 23 82
43 85 56
51 12 12
70 31 80
30 20 12
18 26 93
98 49 48
88 32 66
95 63 17
46 92 85
18 56 38
73 98 72
34 72 71
95 11 47
45 74 35
96 24 2
19 88 41
43 79 40
91 2 84
11 75 82
91 11 65
40 70 9
3 77 43
84 90 23
4 14 91
63 79 84
84 42 40
48 72 15
8 45 94
25 25 93
85 46 13
74 94 56
20 17 92
97 37 85
31 71 40
91 58 89
52 88 7
68 75 79
3 15 91
84 12 62
13 8 2
75 4 84
71 43 97
74 40 78
21 78 8
33 100 73
58 55 61
89 29 14
11 44 50
44 58 13
23 97 12
84 44 58
33 95 28
81 83 52
83 74 58
79 19 89
64 69 7
59 12 97
76 38 40
65 5 66
84 50 50
54 47 17
32 69 85
67 87 21
47 31 6
98 88 71
39 64 23
54 63 21
42 98 36
7 85 97
42 95 95
16 18 87
29 20 59
52 15 8
85 55 93
32 6 1
68 34 16
84 68 96
95 81 16
12 74 53
19 7 62
12 10 61
57 24 26
29 87 22
72 81 51
94 48 56
27 9 86
99 2 74
79 34 92
63 20 34
73 45 62
29 68 4
46 44 66
9 8 4
37 44 72
43 40 36
1 9 98
39 80 39
16 51 51
2 29 63
71 59 8
55 13 54
23 8 85
20 81 82
48 18 92
37 95 97
80 2 14
22 66 55
64 96 36
24 52 97
1 67 77
44 4 80
55 52 8
8 82 93
64 72 22
8 83 55
27 15 20
5 26 31
94 78 4
80 15 89
85 3 85
29 56 77
47 17 100
97 61 92
79 51 59
61 90 47
5 29 5
67 6 5
29 91 100
81 33 35
55 57 99
71 46 81
97 43 36
17 59 69
98 36 26
60 91 83
92 5 13
87 18 37
14 13 64
9 97 14
9 21 94
93 26 48
58 21 59
80 76 15
92 39 4
99 91 16
90 76 6
62 74 87
46 51 96
49 24 67
88 65 54
11 89 57
32 75 20
5 32 58
74 75 12
65 67 93
35 50 60
46 39 30
71 97 15
21 64 15
71 42 62
10 90 8
55 89 56
72 37 45
91 90 43
56 38 98
34 42 83
72 18 23
12 26 72
53 54 79
43 98 41
32 71 16
28 4 4
8 55 83
18 51 26
94 43 36
20 90 36
71 12 24
5 30 66
78 34 13
77 14 96
99 90 77
37 19 20
62 35 47
61 65 100
25 29 73
63 96 18
24 55 42
3 25 86
76 35 91
6 58 37
36 61 19
73 17 1
5 4 25
12 81 40
45 4 20
30 3 90
60 94 87
52 89 59
59 82 56
31 70 91
100 51 9
88 65 72
66 30 34
55 65 88
56 81 97
62 84 59
100 41 22
46 7 86
16 91 23
21 73 40
56 44 74
86 78 21
39 14 2
30 80 100
70 86 1
42 76 49
28 15 62
86 18 22
76 57 80
20 59 61
77 78 60
30 37 1
72 21 82
58 46 45
13 6 55
7 50 4
47 23 37
40 60 53
21 58 72
100 24 8
23 64 3
94 5 51
89 80 95
34 16 56
93 78 96
34 66 76
13 95 100
44 91 75
98 24 15
61 12 43
12 9 28
79 11 77
1 54 17
32 14 73
20 79 67
40 48 21
74 47 24
60 71 56
83 85 16
85 98 82
13 38 98
85 17 28
64 75 8
2 99 28
14 20 37
13 82 44
99 42 86
33 27 9
67 62 84
36 64 9
75 74 10
20 98 27
40 38 24
80 97 80
26 94 91
47 75 58
68 72 91
52 1 33
53 75 4
53 63 17
61 42 99
59 59 29
56 55 81
8 6 69
25 59 75
96 16 5
70 76 23
13 44 53
25 84 51
4 36 67
1 17 69
56 97 27
45 24 37
94 40 24
10 30 39
73 45 52
16 21 82
4 33 3
9 51 4
43 78 10
21 73 21
84 86 49
70 40 4
91 82 39
93 8 11
13 27 62
18 12 99
52 22 72
23 97 47
68 65 50
88 94 43
48 48 14
57 4 94
94 41 61
84 48 25
24 3 46
51 61 15
12 20 35
84 45 96
65 19 70
68 20 14
19 68 27
71 16 98
76 18 3
6 7 97
11 94 80
49 89 96
87 54 72
39 56 36
4 73 44
45 9 11
67 81 23
26 12 17
5 29 74
73 75 47
59 49 70
50 58 93
16 61 71
42 30 51
62 7 9
66 75 18
36 7 51
8 52 99
69 10 9
39 89 59
6 2 45
74 96 63
12 59 4
66 40 9
43 35 96
75 60 91
8 3 20
2 95 5
2 35 8
76 66 28
82 71 43
37 35 43
65 70 43
40 2 4
100 90 42
50 35 94
91 55 43
66 68 10
8 98 6
63 85 95
63 34 74
14 1 97
82 5 27
9 40 23
78 4 66
61 63 85
35 6 51
85 34 5
87 73 36
59 59 66
94 4 49
15 48 68
60 29 12
59 13 68
15 24 22
39 74 22
46 29 20
78 37 72
73 37 70
10 80 37
6 65 18
72 43 68
36 36 15
74 95 23
97 99 47
59 17 66
3 6 24
32 40 91
43 15 5
90 28 61
65 66 5
83 35 15
3 94 3
40 42 8
13 62 87
23 52 37
61 52 3
26 100 16
15 43 16
12 79 98
82 10 71
18 5 86
26 43 36
73 28 64
91 9 57
6 61 8
94 85 37
25 21 64
57 12 85
83 18 75
64 11 20
71 26 54
92 43 1
31 95 71
45 91 69
33 67 64
93 42 36
94 58 10
8 56 35
36 53 78
9 27 10
50 39 85
26 38 58
41 100 72
92 33 35
94 96 94
31 76 15
29 9 1
11 28 91
75 63 13
58 41 64
3 46 18
5 14 33
94 41 16
47 29 24
51 14 44
74 83 38
38 33 15
24 30 93
81 68 81
37 4 80
26 74 28
52 32 75
28 94 58
88 12 36
44 34 70
17 64 65
55 76 62
2 26 92
73 80 71
75 16 31
88 9 28
18 99 20
31 37 6
84 63 38
91 61 63
17 50 83
57 92 6
85 28 80
50 51 98
24 59 28
5 90 96
36 68 46
67 17 19
18 85 79
7 32 64
13 67 40
100 91 92
44 50 91
20 61 25
71 55 86
89 98 66
13 72 93
25 69 98
86 5 73
61 25 82
21 3 100
5 44 29
29 79 78
100 14 26
30 13 7
42 96 85
7 91 33
61 82 82
95 89 56
52 25 58
58 43 65
6 89 67
60 35 64
98 59 37
27 62 90
84 77 79
51 36 69
83 81 86
76 6 73
37 33 16
84 7 37
52 2 27
21 83 74
53 41 63
59 21 88
12 65 47
51 19 75
42 39 8
52 82 23
14 83 25
50 2 44
6 54 83
21 94 92
30 81 26
63 68 1
75 56 60
69 52 65
40 6 58
61 10 81
34 7 79
27 70 95
90 34 2
45 76 26
83 74 54
61 35 95
34 29 82
53 15 12
18 43 8
40 4 100
90 98 2
71 13 81
21 91 82
12 3 72
38 5 37
65 100 61
7 68 50
40 86 82
72 28 70
65 67 3
95 36 6
49 73 96
79 92 76
34 91 85
4 98 88
66 15 18
16 97 11
71 18 16
80 69 100
65 80 90
87 35 33
84 32 16
36 26 20
1 91 27
28 50 73
66 6 10
94 78 65
86 79 24
56 57 58
48 4 19
18 50 88
5 32 96
32 54 45
21 23 25
93 42 41
76 97 94
70 66 75
16 55 24
50 13 23
13 36 23
69 83 73
49 23 15
32 13 52
40 92 74
64 76 36
86 57 73
94 81 23
54 50 9
58 53 61
56 31 74
24 96 28
92 26 78
20 91 29
60 78 11
58 57 92
99 10 37
46 39 31
84 34 61
43 83 3
13 77 95
56 65 82
43 87 81
89 44 76
7 33 6
61 23 4
23 40 53
79 91 93
32 85 32
50 63 41
45 32 44
13 30 54
98 21 44
48 27 36
5 27 63
21 85 86
23 18 57
28 76 50
94 35 90
96 47 66
76 45 82
70 72 44
33 79 36
38 88 31
87 36 37
70 59 86
89 25 58
62 15 89
60 41 80
85 20 62
85 8 55
67 24 68
66 60 70
1 28 30
44 33 10
76 85 62
29 18 3
56 76 44
59 70 69
60 19 62
97 20 85
67 92 22
54 53 27
39 10 32
17 83 100
37 42 70
7 36 67
2 9 85
2 69 20
61 34 82
93 43 98
50 97 75
34 48 47
41 14 16
47 89 35
98 38 15
75 25 98
41 40 27
95 94 55
65 7 68
29 26 100
12 68 27
81 17 72
79 91 24
54 79 39
51 41 40
100 98 25
60 62 67
12 49 51
82 12 60
10 38 59
52 32 84
93 93 60
54 14 26
2 74 12
50 95 63
15 76 20
26 49 39
11 62 26
5 10 14
62 43 26
29 51 92
45 49 39
49 36 53
18 19 57
23 52 31
88 98 11
12 54 5
88 56 3
27 68 54
32 77 58
79 48 81
4 83 64
77 84 10
18 99 98
92 68 58
20 15 81
92 81 73
59 58 2
82 99 60
35 36 83
53 72 61
45 63 40
7 14 99
94 91 33
82 100 51
100 90 89
44 30 97
72 77 16
66 26 55
42 63 56
95 63 49
22 17 8
61 98 33
96 44 75
12 75 22
2 89 93
22 91 88
92 80 23
13 17 91
62 10 32
35 5 91
12 12 37
32 3 13
84 20 59
16 36 24
97 85 7
52 87 94
30 47 82
50 36 83
35 29 12
87 60 6
2 10 43
100 3 96
43 98 27
75 33 38
7 86 43
42 40 17
85 52 12
97 18 35
60 81 99
14 38 8
67 28 62
93 43 72
71 3 47
98 5 66
59 15 40
2 53 2
50 56 59
17 75 60
28 50 20
46 91 100
43 22 91
69 6 73
79 2 49
83 2 30
28 22 50
91 91 36
16 54 9
43 21 5
90 28 63
91 48 31
33 45 96
7 31 95
50 47 20
100 97 10
91 70 43
11 97 59
90 84 61
40 57 80
95 90 26
23 42 21
1 53 51
97 12 71
84 8 47
57 83 16
14 20 46
95 46 19
11 46 94
28 76 75
36 54 52
12 94 12
100 56 71
84 11 14
13 39 81
40 38 73
56 2 29
29 81 81
58 64 53
44 12 90
96 52 4
4 64 17
5 64 1
22 33 56
93 7 77
99 33 28
81 35 70
61 19 47
63 75 97
82 50 91
96 89 25
21 34 9
22 16 7
14 72 47
14 61 38
11 97 27
45 24 84
35 19 23
99 86 5
94 47 59
26 6 84
41 9 20
61 2 1
8 45 47
31 46 53
89 18 39
15 15 64
55 75 45
77 71 98
25 71 39
40 70 49
44 5 82
81 6 47
89 29 32
81 92 74
19 37 27
51 38 35
86 5 10
50 68 15
12 53 6
49 21 85
53 22 84
28 30 68
73 67 90
35 36 12
21 7 85
36 28 35
34 27 47
47 22 23
85 77 1
79 83 57
32 90 93
97 44 40
63 4 95
9 59 16
52 28 33
44 87 83
49 47 23
70 65 69
68 76 31
15 61 18
22 88 36
88 72 56
85 87 35
5 78 36
6 92 98
82 46 26
20 56 69
62 96 86
92 43 66
27 24 99
88 54 10
26 74 60
25 100 45
72 92 8
79 36 24
27 51 58
92 73 23
35 68 80
83 36 96
6 57 43
48 85 11
74 41 11
60 36 62
49 33 7
4 32 4
53 6 24
36 55 84
24 20 38
39 71 60
2 58 85
1 94 16
57 48 83
65 80 84
94 74 63
69 69 97
15 68 14
49 95 47
100 28 35
40 77 18
79 97 78
53 12 16
54 99 35
75 12 68
87 85 59
39 44 75
73 10 1
65 93 79
14 32 71
93 92 33
60 77 100
24 35 44
13 76 11
77 74 29
55 72 19
81 80 67
17 98 23
75 14 23
73 94 77
14 58 7
52 82 61
91 56 17
99 65 62
61 98 35
83 55 42
63 45 85
27 35 67
68 31 97
13 47 86
91 35 99
10 35 43
75 15 58
22 20 40
7 58 96
5 8 67
72 88 43
53 69 95
8 40 43
92 30 71
47 73 67
8 18 57
98 74 21
46 92 63
39 19 3
70 41 18
14 94 13
94 33 50
11 90 98
69 45 82
25 35 96
56 58 29
93 99 18
38 84 48
61 6 23
79 52 63
47 2 7
62 5 55
61 32 18
84 11 39
46 23 99
13 44 91
15 49 44
60 25 10
50 78 83
16 100 73
66 66 53
52 23 29
29 57 2
75 8 1
26 9 65
26 74 19
78 30 27
60 91 39
28 81 46
51 96 38
38 78 28
33 63 82
40 92 15
50 57 75
92 67 25
43 92 80
17 47 83
92 36 57
4 100 44
2 46 64
67 55 52
86 95 94
31 46 90
94 49 70
55 37 67
55 21 97
87 39 89
91 96 28
26 55 12
3 84 2
35 4 75
65 64 84
74 77 79
26 65 55
87 22 53
79 76 27
78 6 21
33 7 5
98 68 82
23 38 27
93 6 79
29 74 30
11 17 7
61 40 47
2 20 17
34 8 63
44 11 46
30 80 68
82 89 95
48 43 50
55 73 80
74 86 14
80 82 70
57 36 23
45 85 19
27 22 25
74 54 65
25 13 38
54 45 58
43 75 9
85 98 83
67 48 90
18 86 48
16 87 36
76 67 50
51 24 37
8 59 10
64 95 88
88 17 9
50 46 55
76 95 93
29 44 74
80 78 69
35 100 89
4 78 1
57 57 47
55 54 91
77 82 43
7 87 19
42 65 84
54 91 19
91 71 85
39 14 85
85 81 81
43 62 12
79 96 45
54 78 14
4 76 9
51 63 48
42 2 55
39 96 51
29 16 69
28 43 37
18 93 38
1 49 86
25 19 76
78 17 5
15 26 57
70 100 21
73 61 40
88 8 30
55 30 30
3 93 59
82 94 76
85 29 47
42 27 6
80 83 45
74 18 75
92 89 82
74 39 88
65 69 9
8 63 14
31 27 3
7 86 23
39 68 93
23 13 40
87 57 69
45 93 12
15 42 25
38 26 50
5 12 18
3 22 86
71 43 57
62 6 15
45 88 20
72 16 43
95 82 17
47 4 14
20 56 45
83 59 36
100 1 40
65 1 52
69 54 98
61 46 14
69 50 86
30 95 49
35 64 70
39 77 53
13 34 90
30 9 95
56 7 32
73 80 79
69 23 88
59 61 91
8 81 99
34 81 13
17 18 45
21 17 92
67 82 83
83 46 82
12 83 45
75 89 6
82 37 45
76 16 46
93 44 56
14 27 39
14 85 49
2 54 97
55 49 42
91 92 74
48 14 15
71 1 28
10 65 73
87 44 37
13 22 49
69 15 60
14 21 75
30 27 80
23 1 97
7 93 25
83 90 37
97 82 18
99 32 75
94 44 10
76 4 57
65 13 38
87 20 72
78 33 71
12 47 26
26 27 42
22 80 35
16 11 38
2 5 91
66 93 55
91 55 75
13 66 1
50 84 99
79 3 100
57 32 36
96 11 5
5 35 87
63 17 4
81 38 47
65 12 67
54 92 56
89 10 33
39 47 10
90 46 88
11 67 62
6 1 73
38 37 16
11 90 51
24 61 90
45 13 85
33 21 70
77 38 33
52 93 46
57 83 40
60 29 86
78 34 37
37 54 42
78 44 47
32 33 25
86 37 20
2 93 8
99 99 16
22 26 57
37 13 18
76 62 8
34 14 72
29 35 1
81 18 62
65 45 44
44 66 66
43 3 37
58 18 97
49 60 67
74 1 18
91 100 42
94 18 83
56 48 86
53 59 94
30 10 65
93 62 80
76 67 32
35 74 95
8 97 74
38 59 77
8 36 86
18 3 11
64 95 46
82 23 96
71 85 69
96 63 88
45 6 43
63 17 4
88 84 48
11 1 1
92 88 48
4 48 74
53 31 86
61 43 22
46 88 69
52 53 18
63 12 33
66 2 63
100 68 12
26 16 33
94 74 31
99 72 14
37 63 88
31 65 27
10 29 24
26 94 21
13 59 87
17 49 6
98 54 67
56 89 98
39 68 76
23 94 4
22 4 98
58 2 29
78 30 17
8 36 7
91 49 1
62 43 48
83 14 88
78 47 72
38 3 30
66 93 1
54 10 98
54 26 1
2 69 23
25 96 33
12 95 56
1 63 100
78 43 48
14 55 73
81 12 50
22 16 5
70 3 59
66 84 73
90 14 6
6 94 40
94 21 35
91 35 77
92 8 24
17 28 29
35 43 85
18 90 92
87 83 13
43 36 45
6 58 88
29 85 18
81 95 78
87 13 35
43 5 30
3 48 39
14 90 60
83 4 35
21 93 94
32 10 71
56 65 2
37 50 24
1 58 47
14 87 1
85 84 68
90 25 92
3 92 50
22 16 48
86 92 36
34 96 19
49 38 25
89 45 30
98 37 89
27 25 60
35 78 60
77 17 7
30 46 96
95 56 25
92 1 92
35 5 8
76 35 82
34 84 56
43 54 46
54 6 54
82 77 51
79 83 22
9 12 71
42 82 64
88 95 23
60 91 70
26 88 99
89 98 49
93 90 74
41 56 36
26 36 43
78 97 8
66 93 17
55 36 97
8 27 29
69 76 44
27 89 15
53 40 52
22 54 12
48 88 55
17 52 64
26 1 57
20 17 90
80 48 61
90 73 72
23 35 55
95 80 58
59 34 16
25 41 83
44 33 6
52 37 24
17 91 25
50 57 22
84 50 3
45 25 27
98 83 39
49 52 90
90 80 33
97 74 24
76 23 78
42 73 18
98 82 76
10 5 58
33 80 79
78 32 90
42 51 66
37 100 43
29 75 65
29 98 78
34 80 16
24 4 66
98 15 16
80 79 34
40 89 41
17 93 35
38 32 98
66 48 2
37 34 48
1 19 31
3 31 41
59 6 76
26 6 14
86 30 44
86 64 18
12 75 55
16 26 84
17 9 88
10 54 15
75 70 12
52 71 79
95 18 8
81 13 51
72 12 3
52 88 67
60 73 25
66 74 14
2 86 13
69 4 78
21 21 76
49 57 65
25 89 96
20 89 74
70 71 74
20 38 46
65 50 63
34 63 56
60 64 29
97 85 99
88 47 85
24 61 73
76 86 52
85 85 90
65 29 33
2 14 43
19 9 5
5 75 27
76 75 30
66 60 41
30 64 31
7 19 11
10 57 6
5 69 66
68 56 49
13 21 63
100 22 8
47 93 44
89 44 16
4 32 77
10 1 23
38 95 34
99 81 80
4 61 9
1 7 79
76 16 94
57 4 95
18 37 45
67 66 43
10 39 47
23 60 26
88 77 64
78 55 85
27 70 2
24 30 7
29 27 66
56 63 67
23 13 67
19 17 13
35 60 82
31 99 90
83 88 8
8 32 83
74 34 14
81 45 69
94 68 16
21 7 84
1 52 45
5 86 83
32 10 19
29 32 60
24 48 73
34 85 25
47 15 19
62 21 89
56 32 1
90 13 7
53 95 69
93 8 47
81 14 89
52 71 87
65 91 93
46 1 43
61 12 52
47 80 43
94 28 66
58 84 87
97 33 89
39 73 5
70 18 59
87 19 52
27 21 49
17 39 30
32 20 31
7 22 91
55 47 10
86 33 24
70 6 2
55 18 19
15 40 37
48 17 20
59 3 24
73 66 5
52 8 35
21 96 50
51 32 71
46 94 65
30 36 94
100 35 1
34 36 91
18 77 72
60 47 47
55 4 73
13 73 96
38 52 28
84 29 59
67 38 2
15 72 67
79 53 20
21 97 89
54 8 52
42 38 33
20 48 22
92 23 77
6 43 26
24 59 59
93 62 14
59 38 95
50 52 68
79 55 16
52 28 51
85 45 50
93 7 43
34 40 38
70 30 16
78 45 70
21 98 38
67 78 8
75 13 25
56 6 41
9 51 17
19 23 33
79 23 41
69 38 80
12 54 74
98 20 10
81 60 19
82 55 35
16 35 74
74 24 11
54 50 1
96 84 54
75 48 53
77 87 86
15 92 79
16 38 36
55 16 58
31 26 69
12 1 89
39 64 40
56 47 19
7 31 89
89 93 10
28 71 92
93 35 60
10 84 3
28 51 4
88 57 67
22 5 14
94 24 61
75 39 39
2 36 40
54 79 1
49 94 87
43 10 44
76 95 71
35 58 8
82 33 40
24 69 73
68 86 59
4 57 78
48 81 66
20 60 62
3 15 3
94 1 58
41 67 56
17 45 46
1 94 18
67 2 12
40 18 10
7 19 5
88 92 91
52 33 9
31 72 47
16 18 48
14 73 73
94 49 52
72 82 13
69 74 19
86 24 96
85 100 95
28 94 60
83 91 77
20 25 30
45 94 100
68 42 91
60 52 32
92 31 66
6 90 57
16 47 85
49 69 14
16 49 66
33 47 37
79 50 89
47 2 2
76 75 25
95 41 35
54 60 45
87 5 62
7 60 71
41 41 99
37 34 35
32 45 74
67 32 69
70 47 93
43 48 27
76 40 84
89 63 4
51 83 35
25 80 30
87 85 92
46 39 5
86 23 57
94 91 18
23 31 45
30 100 45
66 87 47
98 51 67
84 41 12
39 89 35
8 56 89
28 54 47
81 53 46
21 93 91
96 88 14
18 95 91
69 56 71
16 89 46
22 75 54
92 93 4
22 83 70
79 77 12
33 5 29
95 29 42
48 13 48
43 29 72
28 89 4
47 48 35
94 7 93
48 10 52
57 62 34
68 27 73
53 100 86
21 62 26
35 88 59
15 47 27
14 45 26
38 55 32
80 63 48
28 14 18
9 71 15
43 64 97
95 30 94
29 12 62
35 86 42
12 37 62
58 85 1
71 95 18
70 32 86
39 47 53
1 95 38
19 80 93
74 58 12
46 43 91
29 99 91
71 75 60
82 99 86
46 99 100
28 27 93
52 65 91
7 12 10
20 93 80
84 99 73
40 77 32
86 96 16
98 33 20
21 54 89
37 7 88
70 68 19
47 32 99
66 47 75
52 54 1
64 61 95
21 100 38
64 80 18
52 97 46
17 70 63
24 96 85
29 85 57
55 44 42
15 3 91
64 79 87
26 42 94
79 65 86
75 32 44
64 96 1
37 2 56
21 58 19
91 62 53
77 9 30
52 54 48
11 6 70
95 97 21
66 36 3
43 55 100
7 35 29
44 1 93
92 76 78
81 62 50
26 95 76
4 82 70
100 55 86
2 94 66
12 67 97
95 27 85
3 77 40
88 52 82
6 55 50
5 30 87
68 100 52
57 7 94
70 91 33
90 99 61
93 1 75
55 20 61
58 40 18
78 84 17
25 55 40
42 54 91
21 19 67
5 24 29
54 67 15
54 87 25
9 45 51
50 2 1
94 44 8
38 75 55
61 89 2
81 5 61
100 48 23
27 71 78
2 25 64
10 71 10
82 22 96
15 63 22
36 16 32
4 3 9
66 59 6
62 10 53
53 87 19
3 51 34
57 91 28
64 4 97
65 56 3
20 78 95
83 35 57
22 93 35
90 59 47
84 99 64
48 30 14
1 52 61
43 15 5
49 70 97
76 92 54
44 23 22
76 27 62
15 34 59
61 23 77
55 2 23
42 93 63
78 36 33
65 19 18
15 73 95
18 14 50
55 24 85
36 9 89
91 65 85
2 96 17
80 58 6
69 54 20
98 81 2
8 85 97
79 70 1
97 97 60
67 22 22
20 5 1
66 79 12
23 80 30
49 26 52
70 29 12
36 56 43
1 44 79
42 65 21
23 30 61
47 31 77
70 13 68
82 25 72
9 92 94
86 21 70
73 7 65
74 17 96
77 15 35
21 79 5
42 22 28
79 76 93
3 82 93
89 57 88
90 49 57
40 43 29
27 76 33
97 5 41
100 81 18
46 6 58
33 19 95
37 55 64
72 73 77
38 82 22
41 68 13
88 81 75
44 26 58
68 81 68
58 87 12
66 87 68
29 79 85
42 85 77
57 54 51
38 14 26
21 37 40
89 53 13
44 13 65
78 44 59
79 24 21
2 95 82
95 92 64
67 48 30
22 44 35
74 9 82
100 50 60
96 51 7
23 52 71
39 21 70
52 94 93
44 72 16
38 19 42
15 84 79
31 37 95
39 22 51
73 50 33
57 45 85
59 98 52
80 81 86
100 54 98
44 51 70
94 34 12
41 75 70
56 15 39
10 70 93
16 78 86
41 80 28
81 24 61
51 21 52
24 88 50
54 5 88
65 97 25
5 81 76
84 28 25
38 83 1
19 1 95
42 18 12
55 2 30
83 28 39
85 43 70
30 98 94
48 55 41
5 81 46
14 34 54
95 60 61
43 54 19
46 18 76
2 45 95
7 81 40
74 90 79
70 59 40
8 95 47
37 45 24
51 86 66
79 77 83
21 32 80
72 54 86
37 85 2
51 33 52
79 97 98
62 11 37
48 56 82
31 58 43
36 55 27
74 59 44
92 84 28
39 100 97
85 64 90
9 93 95
77 87 53
28 54 16
47 16 18
44 88 18
85 98 58
10 40 36
86 52 48
28 70 87
41 90 87
54 20 74
83 75 2
28 27 99
92 14 25
33 78 41
13 22 71
14 79 65
17 56 34
81 41 54
13 61 27
9 11 50
87 62 30
47 30 68
52 39 100
52 5 80
35 9 19
60 86 24
87 71 35
58 47 70
23 90 86
79 62 18
15 12 97
91 82 47
59 92 78
99 23 28
70 44 24
28 59 99
74 20 13
24 30 11
28 9 17
28 90 34
36 48 8
38 87 7
88 1 19
81 34 21
69 88 59
62 99 3
4 85 75
95 1 87
91 73 51
15 58 88
58 90 78
94 87 73
72 32 48
8 53 42
20 86 5
40 89 12
21 67 12
94 14 2
15 98 73
49 26 40
15 42 89
3 19 12
94 52 13
59 15 77
23 3 74
68 73 83
11 8 80
55 35 18
7 78 89
41 19 76
38 17 88
44 31 39
83 72 4
39 96 31
35 39 98
42 36 69
62 52 99
38 17 85
55 90 11
91 12 85
100 21 1
73 96 57
36 14 77
13 56 24
17 87 16
94 75 45
24 61 89
64 59 84
4 38 4
32 40 35
1 1 59
40 7 83
39 54 69
77 88 37
79 84 8
41 3 13
91 4 58
41 46 81
88 19 75
24 23 33
68 85 96
40 60 71
63 82 92
44 43 18
82 46 33
55 14 77
93 99 1
86 47 36
38 64 100
72 9 75
94 55 20
98 2 60
14 89 71
99 26 5
28 79 3
22 69 57
80 54 53
70 38 79
18 70 40
3 14 72
9 88 77
64 53 80
12 27 33
88 66 85
72 87 75
27 48 35
36 93 7
51 33 15
73 1 81
93 54 31
89 48 42
64 75 45
69 1 26
21 37 73
89 29 96
62 12 16
83 97 92
81 43 45
57 16 82
8 51 24
97 17 26
14 86 25
63 73 34
28 7 61
14 22 21
71 21 1
89 3 28
67 84 1
84 95 66
97 100 74
58 80 18
7 54 19
3 24 9
31 47 83
42 59 58
6 6 11
85 23 5
69 33 7
94 68 19
23 80 8
43 92 74
34 66 28
4 98 25
68 7 33
24 14 82
92 17 82
29 34 18
76 77 67
58 63 49
13 19 54
1 15 52
92 20 50
74 49 71
8 55 10
84 60 13
69 39 6
28 49 46
23 51 17
92 92 49
81 16 35
69 97 93
65 2 1
59 21 10
26 90 80
63 89 5
36 85 86
31 62 51
45 85 87
85 51 82
70 98 1
88 50 17
86 26 37
20 68 16
85 45 84
21 3 51
73 12 27
5 54 40
43 91 10
95 82 16
64 6 48
26 71 1
49 10 31
74 41 19
66 70 71
20 49 84
37 50 41
52 58 43
94 70 30
77 77 97
14 33 68
14 3 88
18 47 57
70 94 14
94 10 88
94 74 72
68 57 7
94 19 50
38 15 1
20 34 23
57 70 92
95 9 98
98 29 13
93 33 92
82 92 90
36 91 84
76 40 43
89 27 71
40 95 73
9 87 93
3 4 56
65 10 63
13 20 4
57 39 43
84 82 85
86 55 13
82 93 24
90 32 62
53 72 92
81 42 83
8 4 4
78 60 51
32 45 49
98 18 70
56 7 92
12 48 70
32 9 32
62 22 63
8 10 21
15 23 67
30 31 58
68 34 3
68 22 49
32 11 86
24 2 17
37 77 65
79 53 76
85 40 71
3 37 92
1 76 50
55 32 49
54 11 100
74 25 7
87 59 3
40 68 74
55 37 79
13 77 83
90 93 97
24 7 25
55 37 72
48 52 64
71 52 57
92 55 4
31 38 5
8 40 49
42 27 90
92 63 68
10 88 36
61 77 62
63 62 41
16 57 100
40 17 65
19 13 60
18 53 86
46 90 83
96 55 35
64 57 12
16 4 56
46 54 29
5 58 92
79 7 84
71 72 63
17 76 39
30 3 98
100 94 32
32 75 34
80 50 13
60 13 64
99 52 15
34 5 91
71 83 52
66 64 89
25 2 14
24 37 48
1 90 48
70 18 16
10 95 73
88 46 6
22 5 65
83 77 2
92 51 52
27 7 94
58 52 85
31 10 81
31 43 62
97 96 19
86 82 75
34 52 42
9 24 87
10 51 73
22 34 48
76 89 61
59 20 37
5 96 74
47 27 68
23 6 35
84 58 69
2 56 32
93 38 7
72 49 98
65 3 88
77 90 57
13 39 79
36 32 29
64 2 15
75 24 2
75 39 99
30 36 44
93 90 49
64 54 81
88 28 67
47 79 100
33 31 76
79 16 46
65 18 66
47 29 37
30 96 7
53 76 96
75 74 97
74 24 52
6 54 61
24 26 46
4 20 90
96 68 8
92 97 48
33 71 18
72 90 8
72 11 4
92 51 13
22 70 95
90 97 76
7 89 24
71 47 39
99 30 53
91 66 85
1 29 69
92 11 73
69 17 94
61 69 7
9 64 57
53 76 39
77 35 9
32 62 97
46 64 38
66 33 38
27 20 59
87 80 61
85 53 9
75 93 99
92 12 38
48 78 70
35 25 97
62 3 66
58 4 49
54 25 2
32 81 34
26 74 7
40 65 49
83 22 37
94 11 81
78 96 91
83 69 52
80 5 93
91 68 92
27 65 62
73 45 15
59 12 5
41 100 72
7 69 61
63 74 84
26 69 92
4 31 9
14 52 94
92 9 79
32 86 89
59 92 35
33 76 88
43 54 37
65 46 84
56 34 11
52 58 33
37 52 89
33 97 30
92 17 17
43 29 24
64 59 32
41 52 19
34 36 38
99 78 72
82 18 94
78 32 63
97 73 23
81 50 41
30 7 2
54 65 22
66 8 56
96 34 62
24 41 18
44 46 41
91 80 98
19 100 13
88 28 46
2 64 51
63 20 39
1 9 62
38 36 55
23 88 57
22 83 70
59 100 83
19 52 1
30 65 83
85 84 52
38 65 42
2 79 63
38 36 80
77 43 54
93 79 59
63 66 12
29 13 88
26 100 100
69 21 50
73 64 88
66 58 66
44 50 13
76 21 12
82 43 48
50 48 7
53 11 17
34 35 54
45 55 92
85 67 31
29 77 24
28 10 67
58 9 69
57 22 9
99 15 33
90 61 65
82 20 63
15 36 43
83 37 79
2 22 23
64 29 17
72 89 84
77 10 26
80 79 89
64 81 39
24 75 7
89 97 28
62 76 33
7 66 47
26 67 75
84 14 99
37 66 7
4 73 95
90 47 32
62 85 13
73 26 96
34 87 39
90 38 49
13 40 55
75 60 69
36 39 75
2 89 65
66 64 12
11 74 35
39 14 88
82 39 75
99 73 74
45 61 87
93 26 53
13 12 4
100 81 63
62 52 16
39 48 62
24 8 32
83 92 58
23 79 91
47 100 83
88 38 81
93 54 1
26 64 43
82 13 96
72 9 15
71 36 22
11 2 70
6 74 4
35 15 34
54 12 3
2 71 16
19 82 87
37 90 52
50 2 47
38 36 23
28 81 41
36 2 72
40 39 97
92 9 46
30 56 84
24 72 53
83 83 35
6 31 35
52 19 87
33 55 35
59 69 8
12 71 9
65 65 45
77 38 66
39 51 78
32 88 100
6 87 44
62 18 45
50 96 2
36 12 31
52 66 2
19 43 61
77 12 100
63 41 88
30 3 86
61 87 23
57 6 99
38 79 76
33 11 14
52 7 4
26 41 62
72 32 23
58 61 79
64 58 91
49 44 92
12 26 12
49 59 21
91 45 58
58 29 66
85 28 24
19 45 99
26 78 55
91 3 33
26 27 73
15 77 6
90 59 67
37 96 87
94 60 13
43 44 98
97 36 66
45 59 85
90 93 11
64 62 48
35 75 7
49 20 8
80 27 84
42 27 20
65 19 42
76 64 79
62 41 26
86 78 3
81 27 81
29 48 24
54 21 89
31 53 4
5 37 45
11 4 50
38 74 1
9 22 92
81 24 45
8 15 71
41 36 20
16 62 72
39 74 8
10 16 51
89 6 89
1 16 13
88 7 17
18 40 65
22 78 69
39 95 58
59 82 5
61 26 55
19 96 53
16 65 34
94 95 75
40 78 89
27 45 36
47 73 21
72 65 99
42 30 1
41 9 75
83 42 77
44 46 20
24 83 83
65 90 16
22 39 94
60 64 10
78 89 66
15 97 55
26 41 56
77 24 88
35 39 9
14 32 48
71 5 29
13 26 4
67 17 4
8 77 96
58 25 99
4 99 60
23 93 79
59 71 11
82 73 97
41 70 26
81 67 51
7 35 82
86 56 88
47 48 45
99 72 25
1 62 19
35 61 69
86 11 76
30 13 25
16 83 55
13 93 29
60 84 57
77 24 34
39 36 20
62 90 36
79 33 95
50 80 2
75 100 96
95 27 49
10 4 53
32 16 87
40 70 14
48 61 58
63 86 76
90 23 98
84 71 17
56 45 55
51 82 32
41 62 45
47 97 36
51 13 90
57 93 69
70 79 28
74 88 58
50 38 6
36 21 28
58 32 4
9 15 72
94 36 6
29 60 64
38 96 87
11 1 27
8 6 68
73 68 47
90 46 79
6 36 88
4 89 99
9 76 68
72 72 35
4 26 76
74 8 80
9 48 58
7 51 28
86 61 59
5 77 18
10 37 36
96 28 56
33 90 39
13 96 18
18 20 78
52 35 48
3 36 17
36 62 91
15 31 13
33 57 66
57 93 77
11 82 97
45 5 72
52 88 3
74 32 17
58 66 79
75 97 5
69 81 19
87 8 94
83 27 28
32 2 64
62 60 77
20 74 49
73 67 94
47 19 6
19 12 85
65 99 20
35 14 55
65 31 93
51 69 65
22 84 15
47 77 6
43 7 82
79 38 31
35 84 52
18 5 23
77 98 23
46 73 83
3 46 3
21 69 58
58 92 89
3 23 83
93 87 91
100 4 100
66 60 16
88 57 99
1 10 31
12 5 100
3 16 31
56 13 56
8 23 67
32 69 98
12 28 15
12 45 14
10 17 18
12 38 8
48 48 12
34 45 97
87 21 49
84 19 29
91 16 24
50 89 42
27 90 60
93 91 39
18 91 25
35 44 71
65 42 59
62 72 15
28 80 59
67 23 70
88 29 21
10 75 99
14 61 11
24 59 7
57 67 76
67 30 69
55 65 43
8 54 95
39 31 77
31 44 72
59 8 88
37 49 6
67 27 7
99 88 22
10 50 65
80 48 81
67 83 82
49 61 35
51 4 67
59 36 63
79 76 13
32 56 43
22 45 24
15 57 69
78 14 44
74 77 89
82 28 54
64 29 80
93 81 35
92 90 86
2 3 49
76 55 90
4 72 97
75 9 26
62 25 59
49 25 73
95 54 67
49 94 25
15 34 71
38 85 13
100 53 64
85 45 28
40 4 72
50 59 15
99 9 70
29 51 41
34 72 94
76 1 21
41 11 90
84 96 70
32 19 75
23 50 30
75 19 18
73 35 5
78 99 80
71 78 36
11 88 19
49 69 84
23 36 34
100 90 4
25 4 72
16 13 79
94 71 52
99 90 28
83 96 78
74 12 27
73 55 60
14 54 36
2 41 57
77 22 55
54 54 10
88 34 31
42 73 67
52 53 21
24 88 29
76 85 24
35 27 50
90 93 46
46 69 14
43 57 28
14 49 61
10 95 65
33 81 14
22 87 23
47 77 34
67 47 17
23 2 82
49 74 60
5 54 61
26 42 30
31 91 44
71 65 76
22 10 96
3 11 6
38 92 32
68 23 98
52 49 49
97 31 45
85 57 58
38 5 63
61 69 74
31 57 47
100 64 9
49 50 35
60 87 30
15 70 70
88 81 61
26 38 91
77 60 27
59 68 3
87 94 12
65 91 73
96 35 59
45 10 37
10 92 89
45 76 65
45 84 74
21 64 14
55 62 10
22 61 65
85 18 6
24 97 50
13 36 34
7 80 95
87 11 15
49 41 89
27 53 47
53 89 46
25 11 51
41 8 60
59 72 7
76 85 63
99 62 36
24 32 81
8 94 51
39 94 59
32 10 34
100 9 28
92 100 2
94 36 87
23 25 68
73 89 43
19 55 68
78 30 14
79 43 86
87 30 66
43 66 25
44 49 72
81 87 49
97 58 86
33 51 36
16 23 86
56 6 35
47 70 83
98 5 6
77 94 7
56 38 71
99 65 20
54 4 56
65 44 58
12 30 100
81 84 45
41 45 54
56 84 1
15 24 77
18 1 65
43 53 37
59 53 29
44 18 12
47 63 84
80 54 41
35 57 42
43 69 41
30 7 83
28 37 90
31 15 83
82 39 76
90 92 49
35 7 22
14 1 57
53 72 26
46 37 66
45 27 29
43 5 16
83 66 18
41 49 75
70 4 46
86 3 48
91 45 2
42 36 30
30 40 25
29 32 10
43 94 72
88 12 43
1 42 47
87 60 68
85 21 44
56 25 2
57 39 25
89 90 33
72 11 86
5 61 9
55 7 73
15 49 87
55 10 92
41 31 41
44 13 94
86 71 20
97 55 67
33 47 95
48 78 100
83 68 67
41 89 23
33 57 49
64 64 97
53 26 75
64 48 95
18 80 94
30 99 85
63 99 26
46 33 25
73 1 82
49 29 81
89 63 52
33 79 30
90 97 75
27 19 34
48 18 89
97 10 78
92 86 86
40 81 55
60 65 38
43 64 24
15 95 54
79 19 84
39 89 6
37 54 20
4 14 43
100 76 24
87 34 98
33 84 56
43 44 67
98 45 52
82 99 88
55 78 37
13 30 29
25 51 78
47 73 60
10 23 3
60 87 77
50 40 70
52 96 61
62 2 37
74 91 100
84 94 46
62 66 79
39 58 81
52 70 28
44 40 31
72 86 73
2 52 53
97 80 63
31 10 90
54 34 63
72 93 40
40 67 16
45 42 4
3 81 8
20 56 11
30 85 87
51 93 20
16 76 10
84 39 85
88 40 68
97 17 23
53 12 96
34 10 9
56 67 43
40 14 1
74 80 64
93 15 99
36 5 89
37 42 53
27 68 35
33 73 38
85 9 57
32 9 96
54 100 6
58 63 93
6 63 16
66 44 47
46 8 20
42 45 29
100 40 93
53 42 53
47 10 20
61 19 4
80 73 22
9 93 79
29 33 33
95 33 59
5 99 27
63 33 70
52 17 70
27 40 27
52 91 70
24 11 79
9 70 3
81 84 76
10 58 29
48 91 65
89 96 37
26 21 43
25 33 7
47 93 75
69 62 33
2 95 41
1 21 79
2 54 58
21 40 55
84 28 29
42 61 99
2 52 70
87 78 12
25 21 9
13 61 43
14 64 90
40 58 75
43 67 59
90 71 6
43 4 75
90 33 48
83 84 5
75 82 6
55 55 69
100 4 69
99 71 80
60 64 8
45 33 38
54 41 70
16 55 100
35 36 51
19 28 68
28 28 8
32 31 89
42 69 51
60 48 38
24 70 79
22 11 56
24 8 78
48 94 97
21 51 65
3 28 92
92 46 37
54 32 50
30 32 36
99 45 4
76 86 47
63 65 41
95 70 6
3 92 41
21 69 63
85 85 2
16 98 97
9 53 10
26 47 3
69 10 8
35 74 5
20 71 46
38 14 61
94 98 96
9 11 94
6 2 39
16 15 100
17 63 26
38 38 31
70 51 92
99 70 10
98 7 46
19 90 39
41 20 91
15 74 38
98 54 92
46 25 85
33 100 100
80 24 60
87 99 37
91 49 79
98 49 57
50 85 2
93 84 27
47 33 24
20 18 44
86 37 47
31 70 38
74 63 66
82 47 39
55 93 50
40 94 13
43 5 94
77 13 1
7 64 3
96 98 52
6 44 35
34 95 96
51 40 61
35 65 29
87 70 46
96 61 61
66 73 18
54 70 93
30 93 68
29 41 7
99 52 20
100 12 21
41 24 29
38 45 33
4 70 51
30 20 100
97 60 11
11 62 29
98 3 69
66 24 31
6 58 73
61 50 29
24 92 80
74 78 73
52 96 62
5 42 3
73 24 61
32 20 8
87 99 87
32 43 2
47 56 32
95 63 16
79 29 1
75 10 37
22 49 88
59 44 56
13 100 75
60 35 99
28 19 94
92 94 55
7 77 87
90 39 78
74 22 49
76 72 26
11 65 23
49 14 20
37 44 84
100 74 71
21 42 16
36 25 99
99 98 1
22 10 66
50 42 32
30 37 40
89 36 60
46 71 13
36 78 81
55 64 4
19 59 36
94 17 73
79 43 75
45 36 73
12 17 65
41 89 10
52 74 66
17 77 21
89 96 16
43 48 41
71 52 31
35 20 14
60 38 12
41 3 2
68 80 91
50 20 6
89 7 58
55 65 97
42 63 74
34 80 74
36 99 46
51 98 25
11 6 9
82 39 26
65 29 11
63 39 77
70 73 17
33 34 17
65 31 39
51 72 37
9 74 31
14 89 21
73 63 44
23 35 40
28 72 44
13 1 39
85 14 61
15 78 95
72 86 32
56 72 78
33 27 52
93 65 8
17 90 21
56 24 2
51 12 12
40 52 68
36 58 94
60 34 21
2 38 98
41 100 58
51 25 42
11 18 63
35 41 14
77 42 55
9 87 86
42 90 1
58 89 14
39 23 66
51 82 13
20 77 7
100 45 97
35 4 13
44 76 43
73 56 37
5 90 67
100 3 95
21 54 20
3 56 37
22 66 9
48 46 78
87 82 21
80 53 94
96 55 89
28 76 5
50 100 37
95 16 57
92 66 86
58 20 78
41 93 14
83 75 13
15 94 70
79 77 26
34 12 92
31 79 95
26 96 16
21 75 74
99 84 55
93 55 59
19 79 51
57 38 15
61 81 44
76 98 24
55 29 89
82 50 99
57 37 53
71 70 91
44 88 84
21 91 100
2 33 55
87 89 31
3 39 21
66 22 45
41 40 18
16 38 100
6 55 67
8 25 14
17 99 67
67 76 99
87 20 83
7 90 43
36 40 24
87 34 96
4 7 32
6 78 66
62 31 77
60 46 49
79 75 28
7 44 99
59 75 6
82 81 31
79 5 43
58 39 90
23 23 68
38 93 53
53 4 28
28 75 95
3 89 30
54 40 4
30 96 86
82 83 48
66 73 4
96 74 80
6 25 35
23 41 36
50 6 21
36 28 25
53 76 72
35 62 13
13 18 33
37 68 86
44 34 59
43 15 58
81 40 52
77 59 14
4 56 7
96 48 44
43 32 96
28 61 40
14 77 11
31 61 79
13 93 95
11 5 71
53 59 40
43 54 76
50 38 13
82 10 51
88 37 42
65 44 18
51 24 1
16 25 29
98 45 58
73 8 97
85 44 36
83 87 28
10 72 48
62 43 26
21 37 80
46 10 39
82 87 48
30 15 97
90 31 92
7 83 57
89 21 63
93 48 85
91 94 32
5 99 72
62 65 60
17 50 4
33 33 57
27 34 40
97 64 73
77 16 29
99 31 76
65 16 93
80 44 76
49 40 3
56 87 39
90 80 24
56 52 95
61 36 100
63 36 21
58 61 50
48 36 60
69 7 91
39 30 40
99 63 84
73 59 56
42 29 37
71 42 80
21 31 50
46 5 27
37 72 52
37 56 3
72 51 95
6 57 47
36 49 84
82 56 35
43 43 68
12 7 2
25 18 15
88 11 85
81 17 67
14 84 60
54 24 5
2 54 15
82 66 47
70 76 20
51 9 15
77 76 75
99 9 45
69 40 40
74 12 37
5 67 2
43 88 58
16 54 1
75 23 58
82 14 28
85 25 93
5 90 23
42 58 70
92 43 39
18 22 80
78 40 96
15 25 33
41 27 2
20 96 79
24 38 1
100 28 67
51 73 25
39 50 26
17 68 46
11 96 92
17 39 3
17 6 52
99 38 61
34 17 76
92 85 60
26 5 19
41 45 7
39 16 98
64 62 20
1 6 82
71 92 82
53 29 29
43 92 98
17 33 41
79 67 54
8 60 74
66 89 65
17 85 34
90 3 80
20 1 31
61 72 61
22 20 64
32 68 81
12 80 58
80 1 84
29 20 29
84 43 43
63 19 21
11 4 7
55 91 43
6 42 1
85 5 27
36 39 32
93 79 19
69 27 84
92 12 35
71 12 69
37 56 54
92 93 4
55 43 1
38 31 35
5 53 67
69 35 59
3 96 85
98 52 71
26 14 13
86 94 15
6 68 30
26 15 14
74 96 23
43 77 45
17 9 32
1 33 19
10 24 61
78 25 69
5 92 67
14 47 48
29 21 98
95 67 87
69 9 72
21 20 97
59 52 35
25 10 66
59 90 48
83 65 17
75 85 79
80 22 88
9 11 84
87 47 73
34 34 72
36 33 16
2 38 89
24 31 39
5 12 86
47 65 81
80 7 18
61 88 93
44 43 75
89 78 14
11 13 55
4 25 37
13 3 15
35 76 47
82 65 7
33 47 47
51 52 79
70 100 91
55 10 14
41 81 48
97 62 44
65 9 93
22 26 34
99 5 62
7 3 71
37 8 83
18 66 94
92 35 36
35 50 36
44 45 64
20 3 81
10 76 26
4 77 27
35 3 28
44 22 96
46 71 90
61 98 71
70 34 68
3 82 24
44 84 1
24 52 71
11 46 33
24 34 54
22 60 9
46 72 19
78 32 94
60 82 80
92 26 58
26 57 89
49 63 84
74 89 67
61 13 49
45 58 88
7 6 63
45 7 84
65 44 14
34 79 95
80 22 45
63 73 62
4 82 16
95 90 95
30 12 80
96 31 20
26 49 10
63 100 91
16 48 89
46 45 77
3 7 34
50 78 53
17 87 19
93 21 73
63 2 12
83 4 92
81 31 99
9 48 3
67 36 32
19 72 47
26 22 85
52 25 5
73 33 5
89 12 100
52 84 46
57 21 58
98 94 97
41 55 53
86 14 34
13 68 49
43 97 29
66 31 2
20 47 44
88 69 52
61 90 53
73 41 19
50 13 25
74 71 81
44 78 75
4 82 80
35 20 92
80 84 70
93 31 68
88 43 84
14 14 24
37 51 20
33 94 19
81 51 64
55 91 24
18 61 7
32 74 73
29 91 32
6 14 21
97 15 12
57 92 75
74 49 36
45 91 65
94 16 85
20 68 20
45 39 2
37 64 37
42 29 71
73 67 81
3 63 39
68 22 51
87 98 91
21 51 53
7 74 75
58 76 17
31 39 41
30 96 6
41 66 71
36 99 88
27 30 17
94 62 36
26 76 98
86 85 22
12 81 43
33 46 40
75 88 70
24 2 68
52 33 38
1 42 24
95 60 18
2 11 91
92 88 59
50 31 42
100 62 87
19 62 13
95 88 7
93 2 92
94 87 91
85 42 51
65 99 27
100 39 19
100 18 10
91 11 47
24 64 60
10 72 84
24 33 93
47 94 89
70 14 44
59 87 7
63 59 75
59 26 16
52 41 98
100 95 91
4 59 73
53 59 43
25 77 54
55 29 81
94 70 99
97 47 46
95 17 39
21 15 85
29 70 13
45 99 9
42 69 87
33 48 16
21 55 49
53 9 39
7 22 57
96 96 78
76 48 66
52 19 100
99 86 87
99 60 33
8 82 69
9 100 88
60 91 60
57 40 84
92 93 71
48 94 41
66 57 41
14 70 6
14 31 62
9 5 38
60 65 96
89 87 86
63 83 38
65 36 81
29 22 36
15 9 74
67 37 42
40 71 44
7 88 13
65 53 12
68 6 31
33 67 80
45 57 36
93 57 38
97 1 10
16 4 37
10 6 26
95 75 78
81 18 22
36 38 34
25 57 14
96 41 26
67 7 40
21 94 99
86 83 6
62 100 98
12 14 29
88 64 99
78 75 84
41 67 69
49 69 98
11 23 33
3 95 20
47 66 38
100 84 92
30 20 68
19 90 63
92 74 31
50 80 74
14 17 69
34 55 61
86 29 43
26 10 41
37 91 23
48 47 70
43 9 41
42 67 51
39 17 30
1 12 95
71 49 23
20 22 22
84 46 24
44 13 42
60 35 89
100 10 45
92 48 89
10 54 52
81 97 50
29 47 1
3 24 9
63 64 84
33 87 73
85 19 41
76 65 36
68 37 2
59 84 1
64 47 65
81 48 7
56 26 80
35 7 98
44 82 85
45 83 33
89 39 17
15 75 33
95 73 87
85 30 13
78 49 73
53 70 53
45 50 29
28 10 19
30 35 26
27 46 85
65 57 89
78 60 98
79 33 56
17 83 35
90 96 9
12 25 43
87 53 96
58 78 63
61 40 97
71 87 34
70 87 53
81 74 78
93 53 28
57 98 30
62 43 88
13 22 43
29 34 46
26 70 60
7 46 39
92 62 69
59 11 30
26 12 24
61 7 60
67 8 94
33 5 42
98 93 82
45 90 61
63 64 60
86 78 94
7 41 71
85 31 82
14 88 10
88 17 5
62 59 6
91 64 99
52 33 1
30 78 65
87 2 67
24 57 19
86 59 57
92 6 88
100 16 44
90 18 27
72 37 27
34 81 58
51 99 8
3 97 27
39 14 10
48 53 40
82 6 69
40 76 97
49 17 86
72 62 33
71 3 12
8 89 100
82 4 92
95 13 18
70 29 27
14 62 5
56 36 61
51 22 69
64 15 94
82 53 10
62 45 15
87 14 88
36 75 30
57 98 71
1 87 24
62 72 90
64 95 95
98 98 54
98 56 20
76 93 6
97 37 18
64 92 52
88 16 93
69 18 5
52 49 34
69 70 83
96 49 67
48 65 41
58 17 85
13 23 34
65 51 6
17 73 53
35 99 56
45 94 31
67 84 1
80 88 53
18 20 24
89 21 28
6 56 58
82 97 32
8 47 15
16 89 72
75 70 9
61 99 45
18 28 17
11 15 72
27 56 9
94 15 60
97 21 6
71 77 60
32 24 52
67 98 84
82 79 88
83 13 99
13 98 60
21 81 7
73 54 73
87 99 10
89 65 28
9 89 15
42 42 52
60 12 72
96 55 38
87 9 15
22 77 36
30 78 15
35 12 28
79 58 37
87 70 53
31 72 32
48 59 92
6 68 87
73 38 48
60 55 83
67 69 52
14 3 1
6 54 87
74 59 61
41 10 62
32 1 5
72 12 75
69 3 26
14 73 6
82 79 10
12 51 25
84 10 13
26 29 42
87 7 10
11 1 2
9 30 60
56 98 15
86 41 96
37 98 73
4 85 23
95 87 38
97 22 9
72 43 44
57 93 93
48 86 23
43 2 80
67 21 87
47 67 47
28 100 82
34 5 34
42 20 73
55 82 35
62 100 14
31 24 79
37 63 9
22 10 91
79 85 11
40 8 67
2 63 51
23 68 21
18 90 68
14 1 79
89 47 12
18 46 36
71 60 74
89 57 56
81 54 34
3 21 19
84 86 22
16 13 58
28 58 33
87 86 41
8 62 40
16 7 8
99 72 15
39 22 8
61 2 12
33 55 57
15 59 26
3 60 68
32 79 35
33 81 83
13 45 66
45 43 91
16 27 65
16 39 56
66 49 24
79 49 8
35 92 96
34 18 88
68 77 47
97 80 95
57 13 17
94 70 95
84 6 77
65 20 62
81 56 35
41 49 86
5 91 27
62 74 64
96 83 68
67 66 4
65 71 83
24 98 33
47 92 26
81 97 40
29 59 73
11 98 8
62 32 34
10 97 1
23 61 9
67 40 89
74 49 43
23 29 69
46 18 76
37 94 84
85 28 100
88 81 87
41 51 46
36 23 26
66 81 65
16 95 49
73 66 21
82 30 50
96 30 75
26 82 21
11 25 10
52 99 1
90 45 92
68 96 71
58 7 47
9 70 25
14 22 5
76 66 71
81 85 13
5 19 17
30 27 59
64 60 54
75 34 4
16 7 31
37 79 85
62 73 49
29 23 18
40 85 68
52 73 12
18 92 77
25 44 87
28 75 99
16 17 40
94 32 78
54 26 13
32 34 72
24 57 81
71 44 12
72 15 93
5 36 8
6 75 68
45 39 75
87 40 65
68 52 3
54 4 34
80 68 60
39 75 58
57 36 32
33 48 51
79 94 97
97 65 86
16 92 3
85 51 80
44 74 91
23 9 88
15 78 1
43 88 3
52 66 91
51 38 50
34 2 29
90 84 38
45 50 52
98 17 36
3 65 78
26 46 73
11 62 34
69 32 61
28 29 84
4 15 87
38 92 98
15 61 8
26 93 55
2 84 91
34 68 81
30 31 3
94 10 51
30 32 83
54 31 76
22 25 13
42 17 75
49 5 71
1 16 86
65 83 85
50 47 64
67 57 29
27 75 62
67 87 87
54 56 73
72 16 11
13 56 64
23 20 28
52 34 75
59 16 7
29 87 10
78 6 93
91 10 94
49 87 7
44 29 4
23 64 42
72 73 26
74 81 6
1 97 7
28 48 49
74 52 85
47 58 28
52 31 70
37 13 16
80 10 86
95 84 87
52 91 44
61 5 36
70 84 38
29 36 80
68 75 55
46 77 31
47 92 35
44 41 90
88 88 53
65 25 62
84 10 3
32 33 88
100 47 40
22 47 23
12 8 50
7 71 73
23 44 42
27 50 25
96 49 76
57 50 52
83 29 94
89 66 87
42 51 64
85 15 49
70 1 91
68 54 81
62 84 17
48 86 80
9 74 94
65 90 83
87 91 36
2 98 77
55 93 20
30 97 21
97 43 16
19 23 61
74 97 20
39 39 24
100 46 34
6 25 50
56 34 39
31 53 9
80 22 45
82 84 73
29 39 62
77 88 89
4 50 48
94 1 52
51 1 89
16 10 27
8 38 34
81 25 51
35 37 43
30 79 96
66 79 41
39 22 85
85 44 57
57 60 95
79 54 7
48 6 37
92 9 81
42 46 54
42 63 68
31 61 28
53 26 31
46 67 15
2 80 86
48 16 83
7 34 22
41 15 17
65 98 84
97 22 60
26 25 71
27 33 54
62 38 69
64 58 81
50 49 48
60 57 22
91 15 72
49 86 44
48 12 30
74 44 79
59 5 89
81 66 31
2 20 44
21 21 82
65 51 89
19 57 37
19 93 26
33 76 10
36 2 5
62 87 46
64 92 46
96 14 41
50 75 50
62 70 85
56 79 96
5 22 88
5 17 68
32 96 57
95 91 31
88 6 40
97 12 74
68 36 52
92 50 63
10 3 74
86 97 82
14 23 73
53 94 84
24 51 57
82 25 30
15 100 70
74 22 85
48 60 10
55 100 8
52 23 66
84 28 57
10 78 37
89 54 90
76 95 89
94 62 39
13 3 69
65 22 24
92 11 98
96 99 43
41 89 34
94 54 45
26 48 89
44 44 30
82 78 73
29 67 46
34 76 65
65 84 24
96 35 72
81 65 94
59 85 88
94 88 68
48 60 50
65 96 46
53 84 46
23 13 51
46 12 54
46 45 88
50 77 52
65 26 77
24 92 18
73 57 41
78 5 82
26 16 38
53 37 38
42 13 91
89 47 8
82 91 84
84 18 38
90 56 32
16 69 59
90 94 13
37 34 47
47 64 17
78 11 56
36 55 31
70 47 7
7 3 71
91 25 19
51 37 79
72 46 40
62 71 10
84 46 54
57 3 99
21 39 91
20 43 59
80 79 36
80 23 27
22 80 46
29 41 36
29 96 45
63 68 77
16 65 10
89 41 18
12 99 50
22 11 20
91 76 92
51 30 46
8 91 7
33 3 85
61 55 73
85 40 88
1 93 57
74 77 33
99 34 17
85 56 9
17 15 52
91 4 19
89 81 6
66 6 24
70 93 55
32 28 83
72 90 19
54 81 81
4 22 27
58 41 9
71 39 41
62 11 15
19 92 59
39 31 59
42 97 8
57 2 1
26 12 15
8 6 81
98 48 26
42 60 19
93 100 90
94 81 37
32 86 32
7 9 39
85 82 59
58 29 52
2 76 94
59 14 13
55 42 34
3 92 6
38 65 83
93 13 67
14 51 86
91 17 4
68 30 56
38 67 27
80 67 93
23 30 73
40 80 36
14 62 5
32 33 32
77 11 23
11 61 76
63 5 4
63 4 27
39 1 51
55 75 54
85 100 14
39 52 81
25 12 76
3 36 2
75 100 33
63 73 24
51 35 63
62 57 56
35 53 90
59 94 30
11 99 47
93 37 71
7 28 72
66 71 91
55 90 19
51 44 10
22 55 82
30 77 84
46 11 48
77 65 13
29 59 30
20 53 60
23 31 5
68 31 57
21 81 67
29 75 46
28 43 35
63 55 66
97 61 27
42 95 28
2 56 17
42 39 11
55 79 73
81 89 93
87 62 93
81 44 65
63 21 93
1 12 84
77 35 97
32 15 37
3 66 55
75 25 33
1 42 79
22 51 58
92 59 12
19 78 71
76 44 36
24 57 83
70 14 59
33 72 78
58 57 57
81 17 20
34 99 79
41 37 84
81 75 49
43 60 59
44 11 17
59 2 67
34 42 88
92 63 18
74 23 59
30 28 30
61 32 48
49 94 42
49 91 9
83 32 55
32 99 24
32 95 87
67 15 52
18 63 63
55 37 35
9 59 9
21 23 33
38 15 35
33 25 51
76 59 72
5 14 41
4 4 44
86 60 85
29 46 80
63 30 64
71 30 20
55 67 84
63 90 32
19 72 50
9 19 81
89 2 3
76 35 81
69 66 36
86 80 33
4 70 89
71 39 52
26 52 57
100 78 58
25 95 26
33 88 42
73 38 27
11 95 14
90 91 62
26 30 56
92 49 35
43 76 16
40 78 78
7 1 73
64 93 95
7 41 43
38 68 23
75 62 83
30 18 99
40 78 51
7 46 85
82 92 42
74 57 42
41 43 94
39 89 47
95 8 91
33 41 85
35 46 6
93 65 17
48 79 64
21 20 9
92 64 84
2 55 74
82 95 81
52 8 80
9 64 19
19 68 34
92 37 5
82 67 64
91 5 8
92 39 31
4 18 52
3 54 70
37 80 44
52 67 18
51 56 18
28 93 64
13 45 70
92 100 37
94 50 74
5 40 47
77 8 33
33 91 99
81 12 100
56 34 22
89 2 64
60 40 99
91 87 1
96 79 50
40 83 37
99 1 30
41 65 44
69 88 42
33 9 21
83 91 31
42 50 34
40 55 40
74 46 52
33 84 8
82 38 30
57 74 60
67 64 29
2 17 37
79 25 31
12 29 67
26 32 70
93 4 56
38 74 63
54 44 68
1 56 16
8 45 29
60 1 37
87 64 18
3 65 100
76 77 98
48 25 80
8 90 33
37 72 34
66 18 35
75 94 26
36 67 19
53 28 27
61 69 4
89 86 47
78 34 31
71 41 31
17 37 39
86 67 94
38 20 24
88 54 44
30 45 38
97 7 66
32 23 58
38 36 18
5 17 40
22 65 63
71 14 8
52 78 20
75 24 50
32 9 64
81 100 5
35 95 9
96 94 5
13 88 59
49 93 9
29 83 56
77 43 97
43 69 18
10 68 72
23 93 77
74 69 61
15 39 23
51 76 13
67 4 10
65 15 22
10 1 93
93 19 46
24 61 75
29 47 20
86 87 10
22 53 16
59 23 53
27 43 70
26 30 61
13 43 65
68 45 49
68 28 7
52 24 24
24 66 46
43 25 11
72 16 7
92 30 93
2 75 87
45 65 37
27 47 28
22 2 66
15 30 7
92 11 38
28 53 94
46 19 73
26 7 13
22 96 35
36 93 56
35 12 87
74 50 3
44 55 92
94 10 54
67 14 20
80 12 76
18 19 47
77 74 6
49 62 44
95 85 11
45 24 48
87 59 72
90 57 54
28 52 86
64 11 94
39 93 69
82 89 40
3 90 81
29 60 78
64 96 67
23 29 80
39 24 52
94 89 24
64 47 30
76 99 10
5 49 91
37 32 82
70 87 59
33 89 94
98 78 94
14 68 63
38 81 59
34 86 37
63 30 88
88 32 28
93 23 89
88 55 45
13 73 3
80 44 3
53 60 67
8 35 38
52 76 15
87 16 95
81 61 87
44 16 23
72 16 79
59 76 27
30 80 22
91 5 75
51 96 66
92 10 29
58 88 3
16 54 96
14 62 22
14 67 47
88 45 26
45 47 69
74 17 21
2 21 80
72 62 14
57 25 14
52 33 75
11 66 87
87 25 3
80 68 46
29 53 92
68 21 79
13 87 77
13 39 75
86 97 90
37 99 55
9 92 29
38 60 76
12 55 89
55 19 29
27 95 80
75 43 28
72 70 11
15 18 96
56 48 48
23 56 16
32 50 45
100 7 35
17 41 46
34 18 38
39 49 87
16 83 35
45 84 53
99 36 78
43 50 93
8 94 88
75 86 17
19 87 41
64 16 79
27 98 77
55 18 79
83 97 85
53 65 74
27 37 52
75 36 15
68 37 5
94 44 79
16 15 54
10 56 73
94 91 8
99 70 53
70 48 13
83 76 51
96 74 86
27 88 44
94 68 35
82 77 26
12 23 90
31 39 100
68 39 59
68 20 2
36 37 9
85 40 49
4 62 46
28 74 32
44 31 88
67 68 32
92 76 88
41 77 76
45 98 43
72 27 24
43 18 23
97 47 3
99 49 90
68 93 4
56 8 68
53 25 4
62 36 38
46 92 78
58 98 30
33 83 24
58 95 60
46 56 51
97 65 42
83 73 58
70 94 33
92 82 10
65 63 76
46 56 17
54 70 47
68 20 31
25 82 96
30 63 90
91 30 98
8 5 12
19 13 7
26 72 25
64 23 25
3 3 51
37 56 88
69 51 41
16 39 77
19 11 56
79 23 2
65 87 16
64 29 6
60 64 65
100 33 73
56 54 78
73 5 10
19 94 52
76 74 23
43 54 75
55 80 96
75 10 70
38 33 63
37 37 28
42 23 34
74 73 100
60 91 42
27 59 92
67 7 36
30 82 75
8 93 64
52 66 57
75 59 9
24 34 94
76 56 71
61 51 70
8 29 10
52 67 63
31 15 13
57 4 72
72 65 92
55 72 100
6 95 1
29 76 35
99 33 68
12 85 65
86 52 70
83 48 90
10 49 89
89 50 92
91 35 78
69 97 66
9 52 83
95 13 48
89 54 86
67 63 86
4 19 35
70 54 7
28 70 90
44 38 46
69 47 54
64 71 1
33 79 52
24 86 63
99 94 63
62 56 89
88 9 68
19 45 8
53 4 30
60 1 11
20 55 78
68 91 85
55 17 64
41 38 49
60 7 14
58 40 39
97 99 88
24 26 14
66 55 75
21 71 87
93 55 68
91 21 100
70 22 86
49 6 7
59 58 40
93 22 91
88 2 16
13 3 58
16 15 74
53 95 74
35 53 35
19 31 90
57 20 55
20 3 8
41 46 81
76 67 94
31 50 47
29 2 35
30 1 91
74 3 82
88 33 62
97 33 72
78 74 29
99 1 73
40 80 24
55 3 22
92 9 74
92 30 92
62 55 33
32 73 54
58 15 3
18 86 66
74 69 50
85 70 47
1 59 11
1 53 26
62 2 47
41 43 35
91 23 26
82 29 52
12 14 34
36 15 53
29 61 80
11 23 64
90 43 64
4 66 28
93 14 15
6 31 90
90 51 82
55 40 68
80 79 19
16 84 55
59 54 47
66 60 62
8 43 54
16 87 55
45 57 54
18 61 84
8 6 52
61 65 55
76 92 52
10 39 77
83 55 60
81 13 44
36 26 19
4 59 74
96 27 33
4 88 48
13 64 75
82 63 67
84 40 84
2 22 25
42 41 67
80 12 52
11 35 58
8 65 74
56 84 39
40 78 51
86 10 30
35 83 70
63 27 44
74 60 93
9 40 30
49 38 45
30 41 37
71 33 52
83 26 45
4 49 82
85 39 12
36 98 13
63 84 16
4 43 100
39 58 87
99 10 75
76 59 26
60 6 76
55 82 57
63 74 9
56 19 97
73 43 32
73 41 100
10 81 22
17 14 7
82 45 12
62 83 74
74 46 95
89 74 75
73 32 56
49 27 96
39 63 56
45 6 68
53 73 86
87 4 75
66 54 13
96 72 42
78 32 18
96 80 4
45 81 20
85 52 64
30 81 89
75 22 99
39 55 44
66 28 28
17 73 66
82 51 91
72 86 27
61 11 68
74 3 37
80 18 78
27 34 73
13 47 64
18 49 42
81 14 18
8 96 99
36 73 94
62 85 96
30 53 30
80 9 31
57 85 43
37 1 5
70 59 50
30 27 96
6 35 59
61 26 37
6 97 43
49 38 82
33 45 69
98 79 83
74 30 60
28 91 48
40 60 80
77 96 4
56 34 91
39 78 27
1 98 24
10 80 4
94 40 35
72 18 97
97 11 79
87 40 30
97 5 7
20 66 7
18 29 43
31 33 10
23 90 66
81 9 12
66 79 65
26 79 58
14 100 28
96 9 10
81 5 7
19 52 63
86 3 99
82 30 42
10 3 86
14 91 58
26 15 77
25 36 90
94 34 95
41 32 7
32 4 6
7 7 70
20 93 98
61 75 66
10 45 47
22 10 80
77 65 58
26 90 9
48 51 93
47 46 12
8 42 30
50 88 70
90 9 87
46 48 54
100 1 36
23 81 67
57 28 69
63 95 40
80 55 63
91 35 88
54 80 78
6 44 37
82 16 43
41 63 3
18 93 2
15 41 61
77 5 68
74 8 7
45 84 10
58 88 6
23 24 42
40 64 23
8 75 68
87 26 68
20 45 83
44 71 45
34 93 16
24 64 72
88 27 99
92 38 8
40 43 7
68 95 67
63 32 70
57 23 77
16 73 19
34 49 60
94 4 87
41 75 52
24 46 87
19 72 19
52 6 54
55 61 46
58 84 76
79 59 97
86 21 73
77 13 69
86 41 56
92 54 16
69 50 29
10 71 3
8 56 86
16 93 79
66 88 90
66 48 49
26 72 47
53 43 43
3 64 46
43 92 28
81 37 29
88 48 31
89 38 98
92 51 60
98 63 7
98 12 11
66 84 36
27 25 55
98 48 23
14 70 32
4 86 42
9 16 83
30 85 75
69 27 14
7 18 7
82 56 54
57 58 14
23 14 35
87 97 92
19 5 23
48 77 42
32 90 25
3 35 65
33 96 47
97 9 42
37 38 22
70 96 47
91 67 59
17 20 11
61 28 51
45 50 18
4 94 61
29 60 51
75 85 53
67 1 16
81 9 81
31 100 89
89 94 4
10 5 99
66 59 23
48 59 85
23 52 5
64 4 88
60 76 75
24 61 66
95 34 76
49 53 8
62 87 12
77 67 34
16 71 12
22 58 54
32 93 32
76 97 98
82 56 81
45 100 97
11 37 52
2 13 56
17 93 4
83 15 96
85 96 15
6 64 35
100 21 21
99 89 34
52 94 7
53 100 53
90 68 66
95 68 37
53 73 43
75 50 25
16 10 42
8 69 47
84 22 66
59 21 48
66 77 68
68 56 75
12 85 75
5 62 74
94 88 27
53 13 18
86 38 84
72 40 20
45 95 98
8 63 58
79 91 22
71 18 22
55 12 32
60 91 28
18 18 43
9 97 37
11 45 2
78 81 52
91 26 60
41 32 50
55 38 12
80 44 85
42 17 1
6 24 65
86 55 21
12 78 13
86 8 26
44 11 18
76 7 39
89 39 7
51 19 94
22 32 20
90 65 58
29 21 35
39 61 31
52 12 11
32 60 73
75 68 66
80 20 44
71 69 62
24 96 42
3 9 45
41 54 19
16 73 78
75 42 48
72 89 66
85 80 11
36 51 90
32 42 87
91 3 19
1 71 26
34 45 50
24 97 82
34 44 78
65 61 58
38 37 65
17 34 58
87 20 20
64 49 26
62 87 53
75 70 52
46 82 60
67 85 8
66 70 1
66 25 34
59 9 79
39 3 56
33 74 4
70 12 5
48 8 60
70 52 25
43 27 40
37 78 19
34 100 23
69 50 72
1 18 12
28 19 49
2 46 61
94 33 60
59 41 76
86 66 99
47 18 84
56 87 47
4 10 45
76 69 13
20 98 33
93 99 62
94 38 11
39 28 61
82 64 53
51 18 55
5 58 68
85 14 22
82 26 2
74 52 84
39 62 91
62 82 76
30 6 54
46 40 45
55 98 65
66 7 39
30 35 62
7 49 84
94 5 97
65 50 65
67 21 82
40 63 34
63 11 33
67 64 41
25 20 92
38 85 61
28 81 41
55 20 28
36 6 42
81 76 97
81 26 92
96 91 2
98 96 79
7 8 16
31 88 87
33 33 48
31 14 37
7 86 2
80 82 43
53 20 1
20 84 81
56 25 2
43 51 97
98 50 9
51 71 6
66 40 52
58 33 46
65 47 83
97 22 60
31 29 79
99 5 14
60 27 8
4 91 95
20 24 20
57 34 32
2 81 40
61 45 74
18 62 21
84 61 16
47 76 39
78 82 26
8 33 20
44 60 19
80 51 20
11 85 8
90 24 79
52 1 42
58 11 71
44 85 44
2 22 95
31 9 2
2 11 50
27 30 98
61 16 60
68 65 97
66 86 45
69 29 34
18 9 13
49 39 27
75 72 85
45 9 77
52 81 56
2 54 65
42 93 97
97 43 60
89 4 8
97 14 18
68 55 13
88 85 55
99 20 38
41 3 6
2 9 6
7 88 83
85 57 34
34 81 63
8 55 89
51 32 99
55 13 7
86 58 5
3 16 91
38 43 68
65 60 44
46 2 47
80 60 81
68 2 68
9 93 22
18 89 56
3 90 82
45 72 25
13 87 20
80 61 59
64 100 45
24 31 57
80 83 56
94 97 36
23 23 25
40 14 75
23 80 5
89 92 31
57 34 23
46 48 47
24 49 80
27 1 35
78 26 46
30 9 28
21 51 16
91 45 77
12 84 83
95 68 93
34 2 92
42 96 83
87 52 44
12 11 55
84 6 80
26 95 24
17 42 73
17 94 57
6 51 6
69 62 42
51 19 10
52 40 78
42 34 85
87 73 54
79 43 11
31 13 64
60 53 5
45 86 58
82 50 16
64 77 11
14 16 91
21 6 96
52 7 62
36 27 9
30 64 66
71 65 67
36 59 90
29 2 60
86 55 56
70 35 27
87 47 39
91 28 92
76 65 38
96 64 21
99 13 7
17 27 47
40 16 32
60 61 54
21 94 6
10 57 88
67 13 76
37 14 94
100 43 65
19 43 60
45 16 87
12 53 91
17 70 50
7 98 73
91 66 30
46 61 42
85 89 53
39 93 36
100 32 64
25 37 38
5 83 42
99 86 26
50 65 13
93 100 35
100 29 88
54 22 15
42 33 93
44 89 13
21 15 53
15 69 52
18 78 14
66 73 60
59 92 41
66 54 75
44 71 66
46 57 20
95 38 33
75 65 40
82 6 84
52 84 35
85 51 2
92 77 28
54 16 50
92 32 5
30 31 80
50 23 37
8 25 58
74 40 31
86 90 24
78 18 88
47 90 1
63 68 15
30 41 67
56 41 78
95 75 21
6 11 32
69 94 80
73 83 32
42 63 27
86 12 12
21 11 98
1 25 64
26 61 18
6 66 90
94 12 78
66 86 62
95 68 20
26 53 64
83 71 51
80 97 58
27 43 38
32 20 45
20 43 55
8 66 18
1 30 80
72 75 85
21 63 84
11 38 84
9 87 98
61 83 42
23 39 6
60 27 22
12 6 67
66 23 72
51 71 17
33 12 14
15 79 88
90 46 95
18 66 49
22 77 36
56 83 92
61 61 15
70 69 62
36 39 87
32 36 17
69 54 44
29 1 68
71 96 58
43 27 98
51 22 42
19 49 64
64 88 74
38 18 12
77 67 85
85 79 62
6 38 83
52 100 82
50 37 78
24 45 38
58 24 14
26 43 31
1 74 17
97 6 7
96 98 62
32 67 61
98 98 70
44 21 74
80 35 92
31 43 51
63 91 22
75 2 53
94 12 35
90 61 75
92 13 51
58 15 8
52 95 11
27 38 74
70 2 46
73 77 95
73 17 7
69 72 68
49 32 81
90 27 78
98 86 63
31 41 68
59 39 66
33 78 76
17 94 81
64 69 56
35 16 25
57 47 40
16 78 34
71 19 45
42 48 35
35 28 87
95 57 60
38 89 12
68 95 91
51 5 100
22 36 87
79 97 22
21 78 68
21 21 74
57 5 10
67 84 36
100 83 42
27 86 8
86 35 79
50 52 60
55 59 62
66 69 62
98 6 69
9 12 33
28 21 36
65 26 69
81 100 60
4 96 90
38 59 34
78 4 70
19 37 86
98 11 13
40 68 1
47 2 31
52 44 52
9 21 33
47 38 96
88 38 70
98 38 66
91 86 62
60 4 87
65 62 45
9 16 74
6 37 2
80 68 69
88 25 34
35 8 5
9 79 28
26 33 54
29 64 65
35 39 66
60 69 37
35 90 94
16 50 82
62 18 93
76 38 92
94 85 26
12 73 52
85 78 52
36 83 89
53 91 20
54 36 23
25 17 85
39 65 45
1 50 18
48 95 30
84 41 50
68 68 56
16 38 92
69 7 7
12 50 69
4 40 60
67 5 56
80 63 44
16 12 83
63 45 38
50 37 1
89 45 57
20 96 22
36 35 95
51 41 88
79 69 81
75 10 17
12 96 13
7 20 48
48 32 13
75 34 10
16 42 79
41 48 4
41 44 17
36 20 2
76 45 29
3 20 28
32 38 55
14 69 13
71 41 57
44 38 19
88 63 2
59 55 51
54 17 27
33 78 54
57 64 91
26 86 87
53 52 40
72 37 33
67 23 67
78 39 29
41 45 82
61 8 78
42 96 18
37 58 27
31 29 57
86 51 8
84 67 13
41 25 10
83 15 19
91 28 15
10 47 16
53 18 68
42 45 60
86 44 100
94 62 1
92 72 39
76 1 93
1 63 35
72 25 58
76 34 93
55 2 76
36 90 55
47 5 68
40 48 98
27 80 58
53 28 91
31 21 45
88 39 83
57 50 68
40 91 32
8 48 78
19 39 82
76 35 75
93 11 57
48 32 66
11 50 40
6 60 41
27 59 91
48 48 45
67 57 15
86 32 83
95 18 45
9 17 11
93 20 40
85 67 73
60 28 97
4 84 98
62 29 38
8 74 30
10 3 20
48 47 63
36 77 43
70 42 73
50 22 30
14 25 6
99 57 88
92 16 65
14 100 34
29 78 63
49 76 7
37 43 99
12 79 45
32 59 28
97 93 61
44 38 8
53 13 5
22 71 64
43 18 38
46 49 43
88 13 11
49 66 12
44 9 61
12 57 11
32 74 56
81 65 78
89 85 60
43 52 45
67 65 76
64 35 79
22 38 28
69 15 20
6 73 75
17 93 28
84 42 9
34 41 98
8 11 6
31 83 65
49 91 30
15 75 47
86 89 9
35 74 84
22 53 28
75 17 64
22 37 58
51 73 33
17 38 3
29 35 52
53 90 27
54 4 13
14 98 67
31 89 30
62 6 31
89 20 25
60 51 49
40 72 62
83 74 38
62 75 56
3 31 48
99 26 72
70 66 78
9 52 12
21 60 4
29 37 75
8 24 79
6 70 28
19 22 20
17 53 73
30 63 38
29 18 39
24 37 64
15 73 78
21 4 52
18 65 19
51 39 20
81 45 75
54 50 96
2 51 8
60 24 69
17 41 54
17 3 3
94 41 64
64 52 10
88 30 43
19 86 57
50 70 46
98 50 51
29 27 75
20 30 96
47 5 64
22 77 12
88 8 90
60 1 100
83 52 12
93 5 2
82 81 19
23 97 60
37 18 95
21 84 40
55 3 31
59 34 39
80 28 57
17 28 69
54 24 67
91 85 97
99 66 26
88 99 4
18 86 16
86 40 7
31 1 32
72 35 43
14 71 37
98 72 9
92 30 81
45 69 54
88 24 94
51 26 99
40 92 71
46 9 3
99 71 35
5 88 51
79 68 5
54 72 47
75 47 55
30 69 100
98 7 100
3 37 97
77 58 26
80 98 5
88 4 91
40 15 49
100 55 30
2 64 80
51 56 76
15 41 61
82 90 39
38 27 61
63 63 42
86 92 57
88 75 56
97 54 31
4 78 62
76 24 43
98 24 70
38 48 72
53 26 81
91 33 73
20 24 47
81 92 23
53 6 12
98 36 97
71 83 28
88 91 54
65 10 87
54 17 6
99 18 66
62 22 11
19 82 59
78 30 44
19 25 55
74 8 5
13 54 78
33 24 85
31 89 90
39 67 85
79 65 37
28 96 22
68 18 71
25 17 43
48 50 23
17 87 71
31 33 21
86 81 44
46 51 92
67 89 60
2 81 11
50 41 35
63 31 41
29 6 48
56 77 61
9 11 80
55 60 19
68 62 31
61 67 7
15 1 91
72 64 75
81 35 13
11 58 34
38 6 96
78 99 66
15 47 8
30 27 93
48 10 24
2 48 82
5 71 58
71 73 38
43 3 3
9 60 35
94 44 82
73 15 60
50 42 67
23 83 43
75 50 91
8 55 17
32 3 90
25 31 77
78 66 75
41 50 73
40 19 30
13 95 100
92 55 7
31 41 82
26 45 24
89 43 100
51 67 70
52 27 33
60 7 46
56 23 88
35 24 42
47 75 10
89 10 68
7 60 86
73 75 66
89 1 90
60 49 22
73 44 82
61 37 45
90 73 69
83 75 24
12 13 36
58 74 97
63 5 7
47 56 2
43 18 29
83 41 94
48 24 56
23 86 25
40 45 23
68 60 9
6 94 20
79 5 53
18 37 19
88 51 89
28 34 16
39 40 66
20 54 28
35 83 86
71 10 67
78 91 93
45 9 44
11 61 99
22 32 18
86 94 80
35 60 31
96 38 98
12 48 81
41 24 90
2 64 18
64 74 84
56 2 48
68 50 61
63 37 96
60 5 33
45 50 52
88 33 94
97 46 49
62 39 71
28 79 54
92 84 53
42 22 9
84 28 73
73 23 24
10 66 20
83 77 22
39 84 95
98 26 5
92 4 1
9 63 80
92 65 19
70 26 14
96 32 10
3 85 96
96 32 75
21 9 96
52 95 38
86 20 37
89 5 20
37 31 69
19 3 92
59 18 68
71 7 35
11 2 12
8 4 88
16 5 37
96 25 83
98 83 88
2 66 21
45 3 51
48 47 59
19 76 48
93 1 28
99 35 53
25 70 25
10 80 78
44 80 10
97 86 46
97 92 85
42 42 71
63 70 14
38 93 88
12 68 12
53 97 58
90 55 39
77 19 89
61 11 93
8 8 62
23 27 66
18 25 20
20 44 100
80 9 52
99 16 25
82 30 94
47 18 55
65 82 81
74 28 79
85 42 33
59 21 24
79 75 99
2 72 59
78 58 36
40 67 97
36 90 54
80 81 58
76 62 17
93 37 53
88 97 28
29 66 77
56 69 7
29 84 94
10 43 50
44 3 47
13 62 41
92 97 75
9 94 85
14 34 16
71 93 82
77 96 47
32 45 43
36 35 65
68 4 5
81 88 69
59 62 47
4 13 18
18 74 73
88 29 71
98 90 77
64 44 45
18 75 36
33 21 14
48 81 55
95 81 6
95 54 88
47 98 72
36 16 98
40 34 85
8 40 91
36 64 40
69 50 58
44 3 69
89 13 37
79 42 76
6 77 52
64 48 81
16 29 40
36 60 77
76 56 4
84 16 54
51 6 29
48 79 42
78 59 26
78 70 56
85 44 28
3 87 90
53 91 27
62 55 90
18 2 59
57 89 77
89 68 33
97 4 62
98 52 55
38 70 39
17 33 99
27 63 2
99 45 68
57 11 4
93 100 69
18 24 73
49 82 41
92 12 30
49 93 96
81 3 47
73 79 30
76 70 27
46 1 5
7 15 74
65 62 16
70 19 1
53 80 70
11 52 15
72 49 61
73 90 26
45 21 69
57 4 43
65 72 75
46 82 99
5 82 76
28 13 100
12 100 70
6 80 93
55 29 61
38 34 24
49 33 56
12 89 70
76 29 100
19 40 63
9 53 51
11 44 1
37 69 99
23 64 48
18 14 42
9 99 90
24 80 97
99 18 28
53 22 65
74 73 9
91 20 77
63 5 78
49 84 18
77 14 49
63 2 91
37 73 82
94 5 43
90 28 86
74 83 83
29 8 46
97 99 83
10 39 10
78 1 10
38 67 78
66 92 80
89 50 45
18 10 9
71 45 65
97 9 14
51 16 46
11 99 9
100 46 43
66 86 53
93 61 13
74 68 84
94 19 45
30 66 75
23 43 57
29 42 18
82 97 86
14 96 61
22 15 2
43 26 57
3 24 18
18 28 38
60 41 14
33 41 17
87 42 65
19 4 15
53 58 83
19 75 20
88 72 45
5 58 80
36 70 65
60 66 79
88 81 91
38 79 90
32 30 92
100 47 66
91 66 65
88 24 6
69 60 71
93 1 8
63 81 70
82 43 57
82 84 1
61 74 25
97 65 25
92 27 98
89 67 21
63 22 73
41 50 23
94 7 41
100 26 10
45 28 40
58 37 86
80 80 3
65 70 11
2 93 36
32 29 19
9 29 84
47 23 38
78 87 4
100 92 82
58 9 17
67 61 34
65 39 73
18 42 23
50 57 99
25 1 24
86 33 4
58 15 42
68 11 70
87 4 26
53 44 29
36 60 7
31 70 26
46 81 55
66 68 97
97 8 96
3 47 24
93 38 16
29 46 8
53 19 40
17 27 67
50 21 19
92 49 35
12 57 72
73 4 58
15 17 58
12 100 49
92 54 5
49 35 26
7 84 71
42 18 97
71 50 53
2 46 62
43 31 52
66 57 36
92 57 31
95 17 39
88 71 14
95 7 11
5 81 2
37 69 30
62 72 86
22 13 38
14 71 56
80 33 45
27 52 67
68 2 24
37 98 9
95 37 45
100 3 68
42 6 77
75 2 87
51 60 87
97 40 9
46 23 99
88 77 80
48 71 48
50 93 36
38 11 12
16 9 74
95 49 36
16 46 84
7 8 72
24 89 9
59 28 67
1 75 21
19 44 19
90 56 9
42 12 22
73 39 53
99 89 87
31 69 60
65 22 50
67 26 48
78 1 41
31 77 84
96 69 45
75 11 64
16 79 76
61 98 16
61 22 57
46 48 70
10 86 19
5 74 29
49 27 8
65 51 68
99 4 61
3 55 50
8 30 43
79 94 90
99 92 1
37 35 62
17 9 84
27 50 91
2 35 1
74 22 47
82 8 10
20 48 47
40 34 69
68 58 72
89 25 43
88 66 50
48 15 21
9 67 2
72 44 85
97 47 43
8 13 98
4 3 99
25 49 31
60 34 1
34 75 48
73 69 7
78 78 84
81 61 12
20 59 89
89 98 27
41 66 20
55 70 10
50 59 81
96 81 99
48 68 89
9 75 59
65 26 81
26 2 71
87 79 7
86 3 14
69 60 7
97 1 17
97 48 1
44 94 21
42 70 39
96 84 74
4 77 82
1 85 49
95 27 7
60 84 57
78 18 53
41 60 86
97 96 16
100 75 36
38 54 80
41 13 2
13 58 45
12 81 99
45 82 34
57 36 2
24 85 10
33 60 89
51 68 65
81 42 96
58 94 30
13 10 3
85 44 78
97 100 94
87 2 81
69 93 95
58 92 13
100 92 95
90 28 73
52 87 4
44 92 85
20 67 86
80 93 30
63 68 16
34 70 15
12 57 65
58 8 43
51 59 16
82 45 94
25 76 27
53 14 62
78 10 79
68 96 63
80 48 7
50 99 3
96 15 72
43 65 7
19 69 38
18 25 58
92 64 17
55 82 22
63 5 9
9 17 7
80 84 77
16 36 31
80 94 55
5 61 39
10 98 52
88 86 27
32 13 79
95 90 69
72 17 62
4 27 99
10 40 89
95 28 28
19 4 81
12 90 57
23 39 68
71 59 74
77 10 20
16 24 75
61 58 61
5 63 38
45 87 100
74 19 26
47 63 78
89 85 26
98 61 69
69 55 97
4 32 95
30 99 95
72 66 80
81 87 24
16 73 29
58 3 12
58 62 39
54 36 47
75 97 16
27 4 1
53 84 22
71 69 13
39 36 36
81 29 30
26 8 48
43 55 79
67 63 68
59 17 57
50 8 31
31 27 74
75 21 53
87 7 40
37 60 52
78 54 73
61 3 100
12 38 16
32 87 66
31 57 47
54 89 58
49 33 24
71 70 99
16 47 36
87 42 93
58 70 87
61 12 41
34 25 87
53 13 74
40 89 33
38 53 89
41 2 25
32 68 55
34 65 13
40 71 18
100 43 51
53 90 40
34 99 70
26 70 94
5 27 97
40 87 32
92 36 37
34 41 5
73 35 14
76 18 30
92 7 72
19 22 9
41 40 52
13 74 52
93 94 43
54 26 92
25 54 20
65 29 50
52 38 84
10 17 40
80 24 97
65 43 73
76 81 81
21 45 89
71 100 79
9 15 78
33 7 22
90 72 13
45 70 13
3 72 29
6 26 84
11 64 75
64 38 15
54 70 42
65 90 90
90 80 69
32 62 48
4 48 4
99 71 37
50 63 51
73 46 2
26 4 27
47 10 47
12 100 7
52 32 5
70 95 3
66 89 44
70 27 51
80 100 92
64 8 25
93 82 59
64 92 9
3 26 96
22 5 73
86 34 20
24 28 53
29 36 81
29 16 72
45 57 5
91 23 83
55 22 36
87 42 54
75 45 44
28 57 5
76 13 24
17 95 51
81 8 36
1 73 9
80 6 36
38 65 83
10 87 50
21 82 60
100 34 2
96 93 13
40 61 25
91 15 74
12 74 86
58 5 47
70 78 28
78 96 24
13 69 53
23 100 71
88 81 75
63 69 3
79 9 6
98 63 19
26 80 91
41 98 97
43 88 25
5 82 94
53 34 13
93 69 74
27 76 18
61 42 100
31 65 43
99 28 91
35 94 45
98 20 21
99 73 4
21 81 83
40 91 32
28 64 32
80 48 85
29 66 99
51 100 61
97 65 79
19 81 2
13 100 62
86 32 96
73 47 79
17 35 98
80 36 78
64 51 60
45 96 26
60 30 100
17 95 20
75 56 18
81 63 11
69 75 2
65 100 27
51 90 32
73 98 29
16 2 38
28 54 84
54 40 21
32 70 31
98 43 23
95 51 18
8 90 28
93 41 10
95 8 50
98 67 65
28 89 10
4 59 19
40 39 20
62 49 54
67 37 13
44 14 20
92 12 20
37 91 16
3 58 95
52 40 61
44 30 37
58 68 9
99 74 50
6 1 23
78 7 90
57 47 58
81 67 22
32 85 7
50 87 45
32 4 5
5 18 48
13 41 84
26 57 92
56 9 9
60 74 25
81 82 54
90 75 49
52 3 9
73 40 95
1 50 15
14 87 21
69 7 29
77 70 52
99 87 28
65 29 63
63 39 61
67 20 53
21 93 31
4 95 54
15 62 16
41 25 51
67 37 83
67 17 29
50 83 40
33 17 62
63 18 14
33 43 73
95 27 100
21 30 10
5 84 43
11 98 48
14 27 1
26 35 61
99 74 58
7 17 21
23 94 12
63 49 38
92 97 83
65 21 56
24 52 26
66 92 34
68 25 68
72 86 18
59 100 80
71 64 5
55 48 36
58 14 91
34 67 20
85 22 81
91 15 70
39 42 24
6 39 97
63 37 83
80 20 96
49 8 17
74 86 64
19 38 99
78 78 10
54 82 45
41 18 29
70 98 67
23 47 65
81 71 34
29 24 70
49 98 90
67 3 94
82 41 8
39 72 43
5 26 56
35 99 41
53 3 74
72 53 19
34 63 30
16 27 48
86 18 58
18 22 90
41 62 24
18 71 34
42 80 31
15 85 43
91 95 27
45 59 74
61 98 30
5 4 3
62 23 24
33 90 3
46 18 66
82 86 71
68 9 70
34 69 90
89 21 56
29 13 59
23 42 87
26 71 14
84 44 55
38 52 83
14 37 14
31 30 21
90 79 89
81 64 72
72 36 74
89 89 48
11 63 29
71 69 69
23 100 25
88 6 79
67 88 25
14 71 15
54 5 21
76 88 66
54 41 64
94 62 58
64 54 48
71 40 27
89 68 43
35 77 14
89 87 54
90 38 17
9 32 33
66 45 64
8 39 5
2 24 18
89 46 47
35 38 56
88 69 76
30 68 11
35 86 97
63 87 70
16 55 19
77 30 82
78 72 13
92 87 14
27 67 47
65 52 37
84 6 25
94 81 59
69 35 25
87 39 39
42 89 67
24 42 19
23 61 63
27 47 85
70 62 49
14 70 86
9 89 38
37 99 97
1 66 3
9 11 95
74 66 84
27 30 68
18 70 50
56 65 67
14 40 33
56 67 46
8 63 22
33 23 34
41 42 33
55 15 76
52 82 58
30 28 73
53 62 40
21 29 92
15 75 47
94 13 16
82 15 66
55 25 62
10 41 58
4 95 65
73 48 93
98 60 67
30 73 14
51 67 33
36 55 92
83 22 35
5 42 69
100 58 95
94 48 43
53 39 82
17 66 14
48 77 24
1 18 81
31 70 12
51 99 16
64 15 76
93 82 1
3 76 93
26 46 26
57 50 64
29 5 89
95 99 59
7 50 82
95 21 95
19 37 28
70 35 27
30 32 96
80 72 84
52 91 42
100 6 98
68 30 23
69 93 72
14 34 77
95 80 98
82 46 96
16 99 41
42 24 9
25 23 14
55 9 11
91 85 78
34 49 37
8 87 47
66 47 84
43 67 39
43 98 98
50 19 34
93 14 36
61 24 38
78 98 84
67 3 77
74 2 21
82 49 29
84 14 47
92 20 57
90 52 82
66 24 55
24 18 75
61 33 2
85 72 90
15 72 93
80 52 12
28 41 10
4 24 93
10 88 6
25 17 60
32 100 28
62 77 61
39 85 70
20 89 19
35 99 88
100 48 89
10 95 14
58 65 28
59 24 13
59 98 70
36 28 87
24 94 69
14 88 73
31 58 23
43 83 4
36 82 86
69 85 9
77 99 43
20 5 41
58 78 2
87 75 15
60 50 58
13 97 46
18 18 79
50 6 27
23 43 29
85 5 53
31 28 83
1 63 34
58 85 4
27 77 80
26 99 51
94 13 97
20 8 23
2 52 22
68 89 17
74 48 15
43 58 68
26 84 83
70 18 71
73 87 32
22 6 53
74 74 25
57 12 74
49 12 10
7 20 18
44 76 46
69 38 94
81 100 60
80 82 30
92 13 28
82 77 22
78 55 91
64 56 11
35 92 29
87 21 94
5 68 10
52 5 92
24 45 84
39 5 61
100 24 4
28 51 78
22 44 56
10 72 82
96 68 10
74 54 91
93 23 89
81 86 84
79 88 38
58 93 23
78 48 15
67 90 34
65 94 50
66 2 51
24 97 54
57 61 48
97 31 84
46 61 37
11 47 75
60 74 87
36 14 77
7 68 15
23 92 42
33 24 47
95 19 6
27 59 43
20 87 82
53 34 12
71 75 19
93 95 36
20 70 24
28 68 86
50 38 16
54 14 11
43 3 53
42 41 6
16 64 63
18 37 62
64 97 20
27 99 49
80 68 25
15 77 99
8 24 88
97 18 94
81 42 3
79 72 47
82 67 2
35 82 46
96 31 58
78 7 98
26 27 98
41 46 64
66 63 59
54 55 54
79 91 27
40 58 70
36 59 27
58 11 43
65 79 39
75 91 56
16 53 23
86 22 86
83 16 2
91 87 7
87 1 88
50 84 55
89 68 55
32 21 87
78 85 38
10 39 49
42 2 6
77 50 24
35 61 53
70 92 43
82 14 54
95 90 44
54 2 4
82 60 96
82 75 60
75 97 43
20 49 5
91 75 92
88 19 97
56 9 46
58 98 88
100 89 84
70 79 74
88 87 22
95 36 36
95 3 52
92 45 92
78 37 80
72 9 85
57 69 4
24 19 33
15 29 70
95 50 68
71 97 99
49 1 48
11 50 2
11 94 26
49 50 40
38 38 73
25 13 61
54 14 57
99 2 68
41 28 29
74 84 37
54 93 77
34 67 64
18 18 51
45 2 80
39 54 61
28 10 63
33 81 71
2 41 6
19 85 94
25 16 11
33 50 58
46 4 69
53 36 11
54 3 16
29 94 41
74 89 31
97 96 83
34 58 38
5 98 92
58 62 62
1 49 48
63 27 12
27 34 94
5 26 78
86 77 12
73 86 85
57 69 38
25 5 30
8 97 63
73 75 77
99 58 2
59 9 83
95 42 40
75 20 64
40 79 47
58 47 38
96 23 99
90 88 60
98 66 78
91 95 42
99 22 44
74 94 42
68 94 85
64 94 52
90 23 43
3 46 50
70 91 34
62 27 18
70 72 67
1 7 44
54 56 28
41 15 29
52 10 75
86 47 6
30 40 67
60 57 5
93 57 89
47 18 18
52 12 14
12 93 99
41 1 75
86 61 31
93 23 84
92 80 19
31 75 49
29 5 99
80 5 34
73 78 32
13 43 93
87 79 42
30 14 21
14 1 87
1 97 73
54 69 62
9 58 22
55 47 61
84 100 87
63 43 57
8 16 89
94 80 71
42 99 78
62 33 12
92 91 80
17 4 50
1 19 55
39 71 23
71 48 12
43 61 43
53 17 88
40 53 44
49 35 1
85 53 62
84 14 3
44 73 21
24 6 46
24 6 83
85 86 22
82 71 52
12 26 62
64 32 57
21 31 24
42 68 40
4 24 32
77 50 99
12 39 52
75 15 36
80 64 53
72 56 30
17 59 97
79 53 12
76 40 54
47 44 46
1 38 41
39 17 87
75 27 44
21 83 76
71 77 34
1 99 65
89 80 88
64 47 42
42 77 48
90 46 20
28 81 55
2 45 77
5 86 78
97 82 64
89 32 81
13 22 18
50 12 47
13 95 3
57 94 49
24 64 38
50 54 75
69 20 72
3 98 9
43 15 50
32 54 14
5 39 35
69 21 98
33 26 14
36 31 34
31 69 98
72 93 19
92 48 77
26 27 36
23 14 16
75 77 78
47 82 22
46 43 62
76 30 5
28 44 80
97 10 63
55 66 72
1 75 62
92 91 14
32 39 83
25 16 75
64 65 74
87 81 59
44 97 69
12 93 94
36 27 2
58 78 86
1 23 47
31 16 10
58 20 63
23 85 69
77 12 64
46 48 41
56 46 67
40 87 49
73 84 31
89 78 70
2 34 76
28 83 70
31 94 98
15 16 30
51 14 91
43 7 14
5 85 61
42 78 36
61 41 42
58 44 25
88 46 8
1 20 7
37 30 51
28 10 2
8 45 38
13 67 30
95 30 70
65 14 56
2 81 27
41 48 40
43 28 3
92 94 34
46 64 58
47 73 69
11 21 67
73 26 3
95 29 84
75 58 15
3 16 87
86 94 77
14 32 79
15 48 33
55 82 6
9 59 26
91 25 31
81 43 27
63 96 47
33 32 70
50 98 61
23 38 75
41 26 93
37 38 62
65 29 27
4 40 47
20 71 85
100 95 22
93 68 10
48 17 68
71 15 93
44 79 60
4 54 11
69 25 40
3 3 5
60 8 19
44 90 42
84 22 16
90 50 1
26 74 65
7 80 6
98 48 64
54 86 29
39 79 73
42 74 69
8 49 90
83 78 73
15 20 24
63 32 74
55 25 75
68 8 34
66 13 77
65 59 14
48 31 6
75 67 98
85 18 76
23 92 4
71 52 84
20 26 4
21 22 87
40 38 99
87 25 48
2 2 53
39 71 50
19 68 84
80 88 26
99 48 40
62 71 94
22 14 11
63 96 12
43 25 53
24 75 69
90 19 63
28 67 66
90 98 86
49 14 20
5 87 26
4 51 32
88 99 35
78 63 56
1 91 26
72 26 66
89 88 63
27 2 81
82 88 20
2 34 3
19 72 64
42 17 65
42 70 10
24 30 18
46 11 78
50 24 41
63 5 96
16 43 86
25 100 52
21 86 6
83 59 22
53 24 21
37 30 46
27 27 17
35 42 59
40 64 7
38 90 82
82 2 24
31 73 11
93 17 28
99 43 2
22 59 12
7 60 17
77 41 46
58 54 22
7 88 38
93 65 85
46 34 6
65 29 40
21 99 15
89 99 20
6 45 83
64 46 63
68 65 96
70 89 22
3 67 73
76 84 5
79 35 75
11 40 23
96 4 100
32 62 11
65 97 95
18 52 52
64 40 19
30 67 4
87 76 2
87 88 27
2 16 47
67 51 97
47 8 51
56 74 51
1 24 81
77 65 68
59 88 61
7 13 73
4 68 9
50 6 100
63 28 37
47 43 63
77 76 78
24 10 42
94 58 94
11 7 69
70 89 49
6 19 29
54 62 30
88 45 61
99 28 13
8 95 75
97 42 100
73 55 74
83 96 37
76 93 8
56 24 34
93 11 31
78 4 35
43 57 39
17 56 93
56 79 79
3 97 22
29 40 58
15 24 8
19 6 2
84 57 42
16 91 37
46 28 53
12 52 29
51 30 97
96 27 77
54 49 72
51 91 25
21 14 61
66 77 19
44 45 62
39 40 25
86 88 50
21 64 23
78 95 56
90 37 75
96 93 44
45 60 20
1 46 45
31 78 44
50 10 84
84 4 54
82 24 99
73 18 58
55 94 34
94 93 97
63 60 96
10 41 85
29 36 65
43 66 46
66 36 12
61 20 15
25 49 88
34 28 54
24 59 13
70 60 7
62 83 43
33 73 64
51 17 86
6 1 53
69 67 95
91 100 13
18 88 81
37 68 95
5 96 7
81 3 12
8 27 51
73 55 40
5 59 73
95 6 77
59 3 47
68 92 20
74 49 83
30 14 42
11 97 53
97 83 69
59 72 17
5 73 71
48 58 81
89 95 97
43 49 18
77 66 66
65 57 51
92 70 65
36 40 87
48 13 86
61 11 51
57 54 91
26 65 92
28 35 16
66 16 13
52 22 14
58 40 40
17 7 25
77 69 41
49 36 28
29 90 97
1 49 42
25 9 81
40 9 76
69 91 82
52 82 11
80 12 95
51 52 91
53 25 57
57 54 25
4 76 68
39 6 85
42 12 13
60 15 71
29 10 50
65 63 86
38 14 19
54 47 14
51 15 56
62 89 62
74 66 16
33 23 26
42 81 89
6 71 61
34 96 75
97 7 68
40 36 7
58 2 8
100 17 39
7 98 95
56 93 89
27 36 13
39 9 24
30 72 1
75 14 42
59 54 94
14 75 20
23 90 34
47 91 59
10 26 29
38 63 32
49 82 69
95 92 46
52 70 1
39 5 14
85 91 42
49 3 5
27 24 77
60 75 55
2 55 57
71 25 32
30 10 16
53 100 53
65 11 97
68 12 43
8 74 90
14 16 69
3 21 72
40 44 57
100 75 80
62 84 44
34 18 6
33 85 12
10 49 50
93 65 34
89 61 95
89 57 5
81 65 79
58 63 30
58 65 88
83 55 92
96 70 4
78 92 27
85 42 7
93 97 98
86 9 92
49 30 40
40 42 37
96 14 11
94 48 48
18 57 54
73 22 9
40 10 84
1 58 50
77 59 80
40 32 55
44 100 17
43 63 19
45 67 29
19 30 95
44 36 53
59 8 45
11 73 69
79 11 31
58 75 80
67 1 44
84 84 42
75 78 84
82 21 78
28 65 99
87 83 27
96 25 90
83 43 15
30 85 51
20 62 85
99 4 56
69 34 93
77 27 25
74 27 97
51 85 45
43 15 96
80 78 40
45 80 83
10 83 76
50 83 51
67 7 45
27 24 11
30 59 57
17 29 59
42 33 92
38 37 97
32 72 32
17 11 74
76 57 73
12 1 72
54 98 54
83 14 74
92 26 25
93 96 19
73 84 11
71 70 44
2 57 84
6 69 6
27 92 85
67 40 3
19 16 93
28 4 36
73 30 48
85 36 30
59 78 36
33 24 1
83 17 68
10 61 100
65 55 5
23 4 83
87 48 87
98 90 44
78 48 9
88 50 97
30 38 86
18 32 23
69 48 18
25 19 65
91 35 35
4 16 25
48 80 27
91 48 39
74 62 33
30 39 100
38 48 57
58 84 15
47 16 13
15 100 47
14 47 2
58 61 53
27 37 47
79 92 96
84 56 71
52 77 64
28 72 33
11 82 1
97 12 55
18 14 59
31 93 34
34 82 70
24 13 90
4 74 97
81 72 20
61 12 60
85 43 45
68 51 68
36 82 59
35 99 96
45 63 32
33 28 66
83 58 43
32 98 57
75 51 11
30 48 64
63 91 97
59 32 94
56 23 57
34 40 84
52 71 40
13 27 18
22 8 4
82 75 7
98 91 82
61 100 23
22 99 36
44 19 36
19 92 4
12 42 51
4 59 52
95 21 50
44 52 35
84 15 21
40 81 2
40 45 11
33 49 48
53 94 98
31 66 89
66 8 82
83 75 7
13 74 87
28 6 5
79 43 74
84 93 96
90 4 67
30 74 68
35 90 39
50 71 89
32 54 61
14 76 56
38 59 92
73 8 39
66 91 91
63 76 87
2 82 40
71 46 83
58 13 49
94 92 44
10 9 56
82 41 37
72 77 58
12 89 98
87 54 27
7 32 56
94 45 92
41 60 14
7 39 47
72 16 51
17 27 36
74 23 87
24 95 63
80 74 87
51 56 40
96 72 100
2 9 23
39 49 27
13 19 40
57 71 39
100 11 47
45 18 37
21 37 84
81 10 77
88 28 10
73 32 33
27 77 61
55 42 10
7 93 1
41 33 25
15 68 66
5 37 47
10 95 85
77 39 10
52 39 35
18 63 13
91 67 79
32 100 54
42 99 100
34 5 29
3 66 44
16 39 69
26 88 3
80 95 97
84 70 14
62 29 17
26 60 84
7 29 51
5 12 92
48 37 33
99 33 95
22 70 81
46 19 30
36 37 86
31 12 92
14 53 25
47 34 27
84 74 89
83 51 84
98 13 99
83 65 89
86 16 25
92 36 88
69 71 72
46 67 68
4 50 12
47 18 72
70 67 76
26 87 65
27 1 61
38 95 28
40 72 80
80 53 72
13 87 43
67 23 8
52 80 94
67 47 62
11 14 15
87 64 74
24 80 84
85 2 72
64 6 40
58 40 76
86 1 27
33 96 70
9 44 25
63 11 73
92 44 74
56 33 8
5 80 30
49 99 9
61 84 13
18 64 83
5 29 6
63 48 93
59 5 43
35 71 84
100 6 45
50 50 82
13 49 25
89 8 69
14 88 61
10 83 92
84 12 78
36 83 43
90 73 82
16 77 40
14 77 33
42 26 14
83 89 87
100 94 65
64 67 67
29 10 86
30 47 78
58 52 12
39 25 66
62 63 54
28 99 26
27 72 32
86 36 97
7 3 92
16 56 44
9 25 74
46 55 58
7 31 83
66 93 67
59 63 83
13 39 91
34 80 40
50 12 93
63 15 99
70 61 67
36 42 60
17 9 59
14 44 65
56 64 45
21 90 1
41 90 53
51 13 93
9 54 14
92 91 26
42 49 32
58 22 40
57 24 34
76 62 26
85 30 61
23 30 29
59 75 78
49 46 56
12 15 18
7 99 66
72 77 7
12 8 2
43 33 88
21 6 26
59 92 29
27 58 77
4 31 34
19 82 25
70 44 12
55 36 53
79 84 17
51 11 24
67 99 11
88 82 14
51 62 16
66 4 22
44 65 83
36 3 21
8 2 16
29 13 84
52 65 75
10 63 91
43 51 66
40 99 38
73 93 33
89 10 21
77 22 98
84 17 18
81 16 37
63 4 4
20 47 2
69 81 3
74 99 16
48 58 64
37 18 48
61 99 99
53 10 30
6 77 57
33 44 94
78 77 25
42 77 77
76 51 74
91 4 92
87 47 32
100 62 29
48 53 97
92 12 78
8 43 48
35 24 71
2 72 54
79 28 1
70 85 83
13 33 62
85 51 57
14 93 4
57 63 65
15 5 93
90 28 85
26 52 62
38 11 92
15 70 34
52 66 41
31 64 8
6 45 41
36 11 56
71 65 12
89 96 99
38 96 35
49 93 81
48 48 99
96 100 45
98 94 63
66 85 76
56 40 41
55 92 36
29 80 84
36 86 36
53 8 43
63 77 9
18 17 94
92 85 60
27 86 44
11 15 37
54 8 47
27 70 11
81 32 65
75 53 3
37 31 6
68 60 23
74 86 74
78 8 91
3 99 3
27 58 14
61 39 63
73 26 52
95 72 89
83 7 19
50 81 30
38 89 41
11 31 89
93 87 96
30 48 6
3 33 74
3 30 18
35 7 82
50 51 36
10 39 84
60 36 7
49 72 3
54 80 27
82 38 73
99 89 17
33 98 52
21 57 68
17 57 19
47 25 80
32 10 96
82 75 60
1 17 98
85 51 100
76 57 60
90 86 84
48 27 19
36 50 12
9 49 98
95 31 42
4 25 84
2 76 100
19 34 64
55 2 43
64 49 82
77 50 76
9 92 22
44 68 95
3 79 98
100 73 96
54 8 16
28 55 96
31 1 10
63 48 12
92 33 96
15 49 82
69 42 77
93 5 85
5 55 59
90 72 10
37 34 68
95 97 54
82 64 71
92 67 91
22 82 64
64 25 80
26 13 95
67 28 70
39 78 42
55 72 38
91 27 43
45 95 49
57 73 100
86 97 66
52 86 64
74 72 43
59 60 78
96 93 29
12 4 14
18 71 4
19 79 61
77 20 33
40 79 51
13 58 37
54 73 88
90 36 24
57 84 35
99 40 72
27 34 87
68 96 97
77 83 9
81 52 9
30 53 45
37 66 64
99 25 82
74 96 77
73 7 99
64 11 58
77 30 96
87 94 44
41 37 81
66 50 89
82 50 47
95 21 4
62 75 14
23 40 27
82 39 92
32 86 71
29 86 51
76 99 38
52 36 32
22 27 13
82 78 53
6 67 4
67 81 9
64 63 8
75 42 26
93 33 61
28 86 16
76 84 45
94 85 37
46 49 13
93 86 23
99 43 94
91 28 92
57 67 85
70 2 84
56 96 62
79 84 18
55 25 47
46 32 27
36 30 16
13 100 65
3 51 33
73 45 83
61 71 37
51 89 78
52 38 88
51 37 69
56 83 74
81 83 85
40 95 25
63 46 2
38 63 100
90 79 16
45 63 6
81 66 2
82 83 44
18 38 21
78 9 91
31 96 44
57 54 92
37 23 7
82 38 13
98 68 61
57 59 37
51 97 34
17 94 96
57 12 4
95 94 72
34 100 78
50 96 65
29 21 24
64 70 69
61 49 46
49 59 46
80 51 99
27 78 29
44 83 57
98 29 56
71 43 2
66 73 84
31 29 44
44 59 72
88 55 64
28 19 10
57 13 99
16 98 33
58 51 66
61 42 43
73 4 17
9 25 68
74 63 19
7 14 13
96 34 31
95 4 49
80 95 42
65 77 58
71 84 6
32 42 98
72 56 40
68 71 16
73 91 15
10 88 89
24 2 63
46 56 77
16 39 29
13 91 67
80 69 69
85 33 96
82 69 27
70 85 44
33 23 96
40 94 78
69 5 19
23 68 82
58 72 19
39 25 41
15 43 59
6 57 42
17 75 68
81 71 96
60 74 89
32 40 94
37 50 58
6 46 12
48 22 72
30 57 63
8 63 66
81 88 6
18 13 67
79 18 71
46 72 69
91 26 92
93 40 59
97 58 89
73 40 41
72 36 12
13 13 75
87 33 93
40 69 53
85 59 47
22 34 42
96 82 77
66 23 36
99 63 31
30 29 98
14 55 48
26 15 77
13 57 4
28 61 8
73 56 36
87 60 13
16 28 53
65 22 75
70 8 62
47 73 29
15 63 15
48 46 38
82 25 39
70 67 11
23 67 51
5 53 7
96 30 3
44 14 47
13 55 7
65 64 66
90 80 68
24 32 92
66 49 4
83 42 2
16 24 52
61 19 41
27 60 37
54 40 30
39 52 83
1 73 75
69 14 58
32 77 14
4 6 2
21 8 43
21 13 83
90 100 82
78 54 46
66 53 25
77 33 72
88 59 51
65 88 96
67 29 45
22 83 70
43 21 65
28 31 3
80 82 54
27 65 38
10 38 20
71 55 81
96 4 7
79 99 51
55 43 52
57 27 33
23 32 83
38 90 46
62 58 63
54 63 31
5 88 76
84 32 83
6 71 12
88 57 25
79 20 90
14 63 54
80 75 32
33 41 71
26 63 40
2 32 11
70 18 67
62 8 71
27 63 73
48 9 72
33 98 31
88 63 22
74 20 64
25 6 22
59 74 63
3 28 75
22 10 39
95 46 41
42 12 32
93 15 24
43 5 51
56 78 20
52 73 76
59 20 72
79 41 1
13 46 53
2 40 53
41 83 85
77 39 42
51 20 8
3 22 19
85 26 34
19 9 46
94 45 65
10 36 30
25 90 90
9 31 46
55 9 14
76 10 45
4 73 78
61 22 42
91 34 30
67 82 89
66 81 69
43 95 77
97 29 46
82 15 54
17 21 90
86 97 28
46 1 6
58 71 43
18 91 40
73 34 50
71 21 32
3 30 94
78 35 21
20 78 11
44 69 5
29 83 85
5 19 49
24 64 42
40 59 96
57 87 70
92 97 31
44 80 60
27 60 85
64 63 58
19 20 70
86 1 38
43 68 27
68 52 70
14 66 60
21 84 12
53 86 79
5 51 89
98 82 41
98 13 83
5 39 10
80 73 76
45 28 68
90 64 80
25 19 29
75 83 51
86 32 82
44 69 49
91 71 50
97 35 55
91 33 19
22 89 42
28 78 84
80 93 9
10 37 98
79 8 10
82 85 48
80 25 83
83 11 3
47 20 45
80 38 7
26 65 82
28 62 89
80 100 16
16 84 36
21 90 35
77 98 13
69 20 3
40 14 22
66 26 42
76 4 55
39 33 67
63 86 53
82 13 83
26 24 4
66 63 97
26 58 63
52 33 69
55 93 92
45 72 95
80 22 99
64 15 3
6 8 85
52 40 45
23 29 19
76 42 90
2 94 63
40 5 1
62 29 52
87 81 28
64 45 53
61 38 98
50 52 57
20 4 91
90 21 64
6 11 83
71 21 41
29 11 42
40 76 23
41 79 59
80 86 15
83 57 28
82 78 19
36 90 50
27 51 59
78 96 69
72 48 4
92 17 4
10 84 97
59 14 41
74 94 68
42 55 33
14 63 100
10 49 23
19 79 18
55 94 57
52 38 69
31 26 84
45 35 51
29 85 100
31 78 54
47 18 56
87 54 29
31 12 67
13 55 87
43 67 59
53 31 68
60 69 49
60 40 28
77 65 95
79 53 43
33 26 84
45 45 33
78 68 70
48 16 89
89 86 27
24 48 52
56 90 8
27 84 13
49 30 33
36 84 85
32 3 33
41 9 26
35 1 31
86 55 34
79 97 58
68 1 97
96 43 79
33 37 6
56 99 42
55 86 30
97 55 35
82 87 41
10 29 88
100 22 87
39 49 47
15 45 63
71 3 38
12 100 77
82 12 70
3 62 75
5 34 2
74 77 60
3 16 47
84 60 61
23 21 94
80 38 44
53 51 78
57 14 95
67 63 96
1 97 25
50 79 78
31 39 38
3 33 1
22 20 99
76 80 75
42 63 72
34 92 97
36 11 29
35 1 15
20 88 91
91 31 28
83 51 16
18 100 39
20 62 69
23 5 84
56 86 63
87 44 60
18 92 29
96 22 80
93 82 54
39 29 56
14 95 48
96 81 57
91 61 70
71 18 21
94 64 100
60 75 12
4 97 53
38 74 91
30 46 76
44 12 73
57 96 12
13 63 11
14 49 9
89 69 10
90 78 66
61 66 58
99 47 75
20 97 80
16 63 13
54 33 35
70 62 54
91 42 82
10 9 74
1 57 81
2 27 23
7 39 30
58 93 1
91 51 13
59 17 13
21 2 33
65 89 69
63 76 50
77 95 4
72 77 5
37 89 67
46 70 69
76 57 20
3 46 60
24 22 28
67 15 89
58 74 17
30 14 39
22 34 23
37 5 11
35 45 68
94 29 30
7 98 91
42 37 88
41 99 37
45 97 82
50 27 9
37 80 58
81 99 73
96 38 2
67 48 1
48 73 40
85 13 27
24 32 7
89 2 64
63 65 3
62 17 63
81 74 29
26 49 68
29 75 50
15 45 67
2 13 19
80 96 34
41 70 36
46 80 38
74 25 68
47 71 80
99 88 23
3 44 34
23 7 65
18 40 84
78 64 89
29 13 44
3 2 25
25 92 84
61 84 78
2 40 19
12 59 21
1 73 85
37 41 65
7 92 8
34 22 43
1 41 60
16 52 16
30 65 68
7 30 61
39 61 21
48 46 77
71 41 32
26 20 84
97 79 40
72 94 90
33 78 47
46 15 7
23 63 89
93 1 46
30 85 46
87 75 18
37 53 70
7 70 76
25 77 98
60 52 70
49 84 43
79 16 34
64 77 23
98 73 24
37 8 55
61 42 3
80 68 29
4 97 9
46 77 61
92 71 22
81 58 18
6 75 50
30 53 70
49 75 75
34 68 74
67 65 97
99 37 77
65 11 40
20 39 30
1 21 13
67 51 17
60 40 68
56 95 11
59 91 31
23 31 56
42 33 51
57 61 91
39 58 80
46 35 46
78 33 31
91 48 40
29 90 80
1 90 13
17 46 64
86 25 30
18 43 51
5 10 2
42 88 29
71 39 95
15 30 30
75 46 67
29 55 75
26 34 1
98 62 50
21 35 59
79 56 78
18 51 82
91 65 9
26 49 89
30 71 89
10 8 47
6 10 3
12 2 56
3 96 30
87 15 86
59 79 35
58 68 64
56 64 46
10 58 15
35 36 96
58 92 45
53 42 36
9 25 92
50 1 89
52 98 8
7 6 30
28 71 1
1 56 1
47 52 39
52 88 68
94 72 9
17 29 80
29 3 51
45 67 86
75 12 5
66 70 95
89 35 74
96 75 65
74 47 81
25 36 12
80 55 47
1 39 5
81 12 92
36 97 39
88 95 93
85 49 37
29 24 28
26 98 79
33 66 28
88 84 41
100 23 2
74 73 13
98 87 9
98 55 49
30 65 96
79 16 90
12 91 84
14 54 84
31 38 2
82 78 39
69 41 24
58 8 4
56 9 93
16 81 100
37 64 18
36 98 54
87 18 64
21 29 26
25 42 28
88 56 27
100 30 13
36 98 59
32 71 83
62 4 61
57 81 2
48 39 28
26 37 49
41 76 23
49 90 35
49 64 65
58 61 13
43 27 26
42 42 1
5 32 9
62 88 18
49 81 70
57 65 75
79 59 6
8 66 43
13 72 36
28 57 4
9 50 79
93 86 73
6 61 14
93 83 69
94 46 48
19 30 24
1 48 41
7 19 83
7 41 99
93 39 3
55 48 9
76 89 44
37 19 84
31 50 62
50 42 69
18 52 57
33 7 88
79 6 49
33 88 93
25 63 30
79 54 73
95 76 32
15 34 7
100 51 11
13 9 13
9 93 14
28 1 89
21 61 47
2 76 32
62 67 46
35 79 38
29 16 60
31 76 59
100 44 91
86 56 62
86 35 17
98 82 65
1 39 12
83 14 89
89 84 25
80 18 63
18 15 67
15 4 70
63 49 21
89 63 90
45 49 79
55 100 50
1 1 99
21 33 70
74 48 27
81 71 87
25 55 15
15 39 76
100 31 57
58 89 83
40 73 19
89 90 66
63 25 29
93 34 32
53 41 10
19 31 89
58 88 79
80 80 89
57 75 36
46 29 42
36 47 3
87 58 54
85 88 2
46 97 30
31 42 15
42 16 27
53 74 71
60 94 78
94 59 87
74 94 67
61 40 13
33 10 28
37 72 31
84 32 3
31 37 57
66 82 70
39 37 63
65 52 36
94 99 26
66 100 62
90 61 39
83 73 88
7 56 56
2 61 61
39 88 31
19 6 83
32 37 54
70 57 28
14 78 38
22 19 22
83 33 33
3 43 53
1 81 35
6 18 37
12 92 26
32 70 1
77 19 41
82 8 50
62 5 67
71 46 12
24 17 83
13 80 58
34 68 49
7 58 18
52 58 41
20 48 87
54 93 46
57 92 76
90 81 34
81 19 80
79 36 1
52 45 41
50 93 82
20 10 42
80 47 43
70 72 56
6 73 32
97 51 9
90 2 13
95 55 93
21 90 7
79 60 15
90 42 97
9 87 76
36 59 22
88 3 82
40 93 78
13 67 1
9 14 86
58 19 47
31 40 84
61 71 35
48 62 51
41 4 45
34 17 80
39 57 74
4 93 96
28 95 8
97 96 95
27 56 14
50 81 61
85 12 21
51 91 3
94 7 99
67 43 40
92 14 34
27 59 46
44 3 3
32 70 16
86 17 29
65 17 50
39 68 32
74 7 20
42 47 96
6 48 14
51 98 40
35 21 12
89 13 39
64 38 76
90 39 67
64 95 56
33 32 73
31 87 44
9 14 82
23 76 61
14 64 20
51 26 31
82 47 23
8 50 10
44 74 93
64 57 27
70 33 19
84 71 51
69 45 20
81 40 31
44 75 41
49 38 66
93 42 55
10 72 99
7 83 9
99 83 30
71 45 13
6 20 100
11 39 91
37 6 27
84 57 39
83 88 55
58 78 33
58 39 53
42 73 41
20 61 31
100 95 93
94 33 65
26 52 74
10 1 76
16 60 85
87 76 70
26 43 20
94 49 12
88 89 61
62 88 87
37 41 96
83 39 43
99 60 9
89 56 61
59 38 63
58 91 91
10 98 92
82 10 65
74 41 86
10 56 10
21 20 39
94 8 16
62 100 42
71 4 61
78 42 61
36 92 56
86 64 91
94 67 90
60 87 26
92 25 87
84 24 33
65 64 56
45 94 38
74 20 53
3 43 61
96 32 84
12 77 23
12 33 34
33 33 63
35 35 42
89 63 99
47 2 89
75 78 82
26 88 37
42 99 63
96 54 75
61 28 57
83 30 73
4 43 54
36 89 31
94 89 78
98 74 94
75 89 63
72 18 82
69 57 95
8 18 61
81 85 13
60 23 12
99 19 15
92 64 12
15 64 87
37 51 53
3 93 55
91 3 28
22 73 90
29 30 99
13 88 17
74 67 9
86 70 44
4 13 44
18 65 65
87 53 4
87 16 100
72 39 59
87 23 55
48 84 7
20 84 41
11 75 95
84 17 86
58 60 50
81 43 18
71 96 79
15 10 66
61 5 87
22 98 4
42 96 4
27 60 53
11 46 90
86 99 84
70 23 62
62 33 47
26 17 77
45 54 24
75 85 38
75 89 22
90 70 90
34 75 73
43 29 9
89 50 48
82 44 37
45 65 65
84 15 93
98 40 95
89 8 90
87 24 23
92 72 79
47 95 29
45 68 43
19 12 49
94 74 54
39 46 38
73 68 16
50 95 54
54 56 70
67 85 40
71 27 90
43 95 55
7 6 65
18 13 89
100 28 34
84 80 69
78 61 64
37 73 71
81 94 36
18 16 35
91 74 7
98 61 34
35 13 13
95 25 22
5 22 68
73 67 12
26 13 56
58 47 58
52 54 28
3 24 14
15 91 20
6 97 31
59 54 57
94 42 71
20 91 79
12 89 46
92 57 7
66 45 18
69 63 100
84 82 80
13 83 85
51 3 97
33 90 44
51 85 35
71 28 61
51 44 85
29 48 24
63 40 54
50 26 64
79 42 74
76 67 82
15 80 98
29 33 6
80 96 15
94 6 33
100 31 99
89 44 46
21 62 34
84 75 98
73 43 24
94 100 4
75 51 90
79 45 83
6 69 39
81 80 84
68 72 68
29 22 99
57 53 19
91 56 75
88 55 90
1 27 6
27 38 16
61 45 90
98 9 1
48 73 66
36 10 52
78 78 18
61 94 65
75 63 93
29 3 27
100 3 65
67 54 50
51 65 56
8 1 67
84 46 89
5 91 28
28 94 100
74 73 76
40 29 70
91 39 2
82 25 40
80 12 54
40 21 57
43 13 33
50 25 91
6 95 66
26 66 87
88 10 68
44 79 64
42 77 60
16 20 90
82 5 42
59 5 94
63 33 81
85 56 66
4 4 14
50 45 23
59 61 64
48 28 10
29 66 89
2 22 83
38 2 96
78 17 44
64 3 14
64 73 17
2 86 40
87 95 46
75 48 52
87 73 30
13 43 30
74 90 54
66 44 14
34 72 59
78 46 27
7 99 32
28 39 7
96 28 44
35 63 28
100 54 45
10 81 43
22 19 46
3 52 22
99 92 96
86 87 69
15 1 29
81 24 44
95 26 39
22 32 76
55 67 67
28 24 43
74 92 59
42 70 89
76 68 62
40 43 75
70 83 79
73 70 88
64 1 90
89 95 51
48 37 88
82 12 46
65 28 25
16 9 16
76 98 17
38 56 77
2 95 23
33 25 4
82 57 43
35 95 15
20 89 24
57 73 13
68 11 3
7 16 97
92 1 56
78 82 1
82 68 93
19 17 56
18 88 73
84 98 96
94 58 52
26 29 100
42 10 25
78 22 65
94 25 45
18 25 93
85 72 16
63 41 50
47 97 7
99 67 53
91 92 22
12 6 54
90 98 11
58 87 64
39 37 100
40 55 45
3 49 58
67 92 53
59 4 85
44 26 68
62 58 45
45 45 81
35 36 66
27 71 1
31 65 20
22 86 51
66 42 88
20 64 27
91 56 80
48 65 19
10 2 30
14 88 48
62 88 20
60 46 92
98 30 80
83 40 35
36 79 90
65 11 27
1 63 64
25 42 10
86 43 31
92 9 36
90 86 78
64 8 97
34 35 66
94 74 64
43 89 10
12 62 63
88 10 16
7 99 23
83 93 21
31 43 71
56 1 79
36 78 5
10 53 23
29 62 43
64 63 52
68 33 95
44 68 72
28 90 36
83 100 12
19 50 79
2 73 94
80 67 7
57 76 84
37 91 78
16 41 5
48 32 69
28 46 55
9 69 85
94 56 15
36 53 26
50 84 60
10 34 45
33 51 14
98 38 62
69 90 37
20 43 56
33 100 62
30 79 92
35 28 41
54 12 14
55 49 31
85 33 72
70 77 86
5 93 85
20 27 18
25 60 39
92 20 62
25 79 54
74 95 53
7 36 61
40 11 23
43 56 3
22 76 42
8 82 61
18 93 51
13 79 27
95 90 73
9 63 93
46 58 29
17 49 36
65 34 69
38 96 5
56 91 59
79 13 73
81 23 82
78 90 68
85 18 44
8 84 35
24 57 19
4 79 52
21 64 68
19 92 52
54 81 66
96 93 3
24 83 22
35 99 96
55 69 17
82 63 73
55 49 85
80 41 39
10 81 15
84 88 59
30 54 2
13 13 72
14 45 67
100 25 52
56 100 75
5 72 71
32 58 84
83 68 78
8 89 71
74 82 21
77 33 55
70 5 20
59 16 26
92 35 31
8 30 77
78 98 4
31 63 48
55 3 23
86 60 26
26 23 28
49 18 34
15 98 20
70 68 93
72 33 33
82 40 43
24 9 66
37 90 53
71 62 26
86 24 83
59 73 29
54 42 82
99 74 17
91 96 30
67 63 67
92 60 90
67 9 95
39 39 90
74 2 98
73 67 13
95 9 91
15 53 28
59 61 77
33 41 95
18 38 71
9 87 20
84 24 66
65 29 13
85 23 23
28 47 76
93 6 43
88 81 69
16 18 15
56 26 98
47 78 44
60 30 82
56 63 38
70 23 41
25 85 58
39 13 15
45 98 50
89 41 9
84 87 84
11 54 33
20 17 82
71 80 16
73 3 12
32 48 27
70 31 80
25 69 53
55 3 50
38 46 38
39 30 60
10 88 14
84 52 65
82 8 97
59 28 31
61 56 63
65 94 46
19 85 30
68 6 23
25 88 46
79 75 23
11 68 47
50 67 78
43 8 7
4 50 70
22 61 20
41 48 32
26 41 15
90 16 94
17 40 35
64 54 36
38 9 52
80 71 22
98 43 67
26 33 11
32 44 85
8 21 18
26 4 8
12 16 53
10 16 71
94 70 58
84 69 18
33 4 49
85 16 37
50 9 36
79 82 69
97 45 93
21 30 23
57 18 41
65 38 29
29 12 42
57 36 25
89 63 66
90 63 69
30 59 63
62 19 47
40 78 54
75 64 33
70 51 76
81 7 36
37 11 1
99 50 58
23 10 23
84 49 83
90 67 3
99 36 82
73 36 72
48 58 69
88 9 38
42 98 15
59 25 81
83 26 51
31 86 2
31 15 26
36 95 5
81 87 97
6 40 10
1 47 25
16 52 83
92 6 26
22 88 76
74 76 47
34 45 47
47 38 80
49 8 3
100 9 96
80 13 10
43 11 67
38 95 96
74 56 85
95 70 17
75 72 78
2 5 5
31 97 94
4 51 56
35 79 4
55 12 35
65 65 70
45 27 6
62 72 13
35 100 23
50 29 16
5 48 63
45 30 11
43 41 6
82 97 43
72 75 16
94 45 22
50 34 38
82 99 33
23 50 81
21 3 78
73 19 35
69 75 28
45 7 53
58 61 74
63 47 59
87 96 1
54 66 52
57 84 48
93 52 51
12 90 74
48 96 71
8 26 72
81 62 29
81 81 16
82 47 50
60 20 53
69 60 78
29 86 52
23 73 55
11 87 19
95 31 81
62 33 46
38 78 39
80 49 95
66 11 2
46 56 48
61 54 99
89 38 3
3 67 87
74 19 78
28 79 41
83 58 84
42 62 84
59 4 15
25 64 58
27 83 37
13 50 88
61 10 51
16 35 71
83 59 1
35 3 26
23 66 95
87 75 24
70 62 16
22 27 50
15 85 80
61 91 73
18 83 61
80 87 80
75 61 11
46 67 58
85 68 34
79 67 38
64 10 12
35 16 85
64 92 53
35 50 99
78 23 2
54 78 97
82 68 46
42 57 73
23 100 72
22 27 70
75 29 79
85 9 50
38 62 47
99 41 17
14 66 89
2 21 79
81 47 51
90 60 18
9 90 91
61 83 91
36 90 20
63 47 89
47 16 28
52 35 85
22 26 71
77 94 40
88 99 71
11 20 56
61 100 91
11 27 77
3 50 55
37 83 25
60 26 9
99 94 58
11 98 8
97 96 47
41 86 57
89 91 65
82 12 91
37 86 70
27 72 90
66 13 16
93 47 86
63 56 33
79 2 56
14 36 95
9 61 25
66 40 6
16 68 47
69 67 100
1 51 8
83 93 13
29 87 100
95 18 34
37 54 14
89 95 97
75 44 42
86 54 69
95 18 49
4 71 61
66 75 94
8 41 62
75 28 11
55 62 36
80 9 77
43 1 38
50 51 7
44 99 22
65 37 30
10 25 22
70 19 42
88 83 61
35 54 37
66 18 39
88 66 82
70 30 47
35 62 98
45 27 56
65 60 41
54 6 36
80 32 18
54 16 64
1 31 45
61 58 25
36 79 72
57 37 95
58 8 55
41 84 28
58 46 26
66 76 92
78 30 16
68 72 89
67 64 20
34 80 93
58 38 57
77 29 38
20 4 78
96 54 18
60 52 13
8 46 53
47 36 70
41 67 5
26 91 100
85 40 57
24 56 3
33 80 59
6 59 64
62 38 64
71 94 41
18 9 38
94 83 58
40 93 11
22 74 13
9 86 30
47 25 45
91 35 53
71 63 44
8 36 69
94 82 22
49 60 45
90 4 65
13 15 53
32 47 82
49 36 66
29 58 98
14 2 86
67 100 97
3 12 36
100 78 49
16 58 68
7 28 19
97 84 26
26 49 16
82 55 96
11 69 23
54 48 11
49 22 37
10 97 80
85 29 79
61 88 68
26 39 76
53 13 91
55 36 10
5 16 74
67 73 33
67 87 93
41 65 10
2 4 66
18 24 4
5 72 80
63 94 37
80 45 61
85 12 61
60 84 81
30 24 80
83 1 30
77 3 36
17 60 38
9 83 89
25 13 85
6 52 37
8 42 12
53 92 81
90 10 27
53 64 61
29 47 50
14 42 40
77 51 37
66 75 68
59 98 80
26 7 58
59 30 59
68 59 38
60 48 98
96 20 34
10 75 65
74 10 33
10 28 46
29 94 35
17 67 94
37 43 19
99 43 65
28 31 30
11 48 87
90 96 72
94 77 18
17 46 45
89 68 77
24 60 29
79 1 4
20 11 16
60 38 1
75 46 77
27 40 86
16 15 66
69 70 2
18 83 84
65 68 77
61 82 79
78 30 91
30 95 51
19 43 33
55 62 92
20 28 21
27 28 55
12 45 21
24 17 92
90 32 43
9 77 13
48 59 54
22 62 89
81 37 48
97 41 39
75 63 69
25 26 40
96 29 58
40 95 58
44 5 39
36 40 10
30 62 74
17 83 27
11 81 38
62 79 37
83 76 29
76 83 38
42 14 26
96 62 34
1 53 11
10 80 71
65 59 38
92 21 33
28 21 29
29 97 2
25 3 11
31 85 5
24 93 72
92 32 55
28 84 87
100 97 92
69 68 63
11 72 43
86 63 51
58 2 65
52 63 47
10 78 26
92 83 82
73 88 22
69 69 43
98 11 73
24 63 44
20 1 31
59 76 88
77 89 56
38 100 96
31 49 83
56 91 53
41 44 18
47 91 81
17 44 68
35 89 18
53 5 65
98 63 69
95 32 11
12 7 67
46 9 89
65 64 95
39 32 90
5 37 9
1 4 97
21 42 20
20 90 23
21 29 59
73 65 32
27 90 64
94 49 84
37 30 86
56 29 63
59 28 14
19 15 65
18 40 66
43 37 21
59 51 43
51 88 66
65 60 83
9 30 92
2 55 14
95 52 33
57 23 67
22 25 91
41 9 12
27 13 21
84 19 59
46 68 82
36 43 71
74 37 42
17 17 46
72 90 54
51 57 48
45 94 49
94 62 63
76 95 6
25 4 20
13 99 61
67 11 11
40 39 67
95 100 26
39 10 73
29 46 19
21 17 82
31 10 49
44 5 97
22 63 97
39 71 55
43 80 57
56 56 58
82 53 73
63 2 54
53 100 84
2 87 76
39 74 47
100 4 87
75 65 57
48 13 84
10 61 90
5 2 98
61 30 63
15 63 82
27 24 60
27 53 55
53 99 23
9 2 34
86 99 20
49 2 36
58 23 59
53 45 95
25 5 18
49 23 66
94 62 21
70 76 54
39 23 81
23 61 57
90 86 6
67 38 32
6 16 83
40 99 93
43 74 100
83 26 96
60 20 4
63 88 38
64 55 27
18 59 61
64 51 33
93 42 65
100 59 24
4 81 66
49 97 28
13 68 12
59 23 100
45 36 38
47 97 36
61 7 87
26 69 79
56 67 92
1 34 98
5 72 84
63 25 25
17 67 10
35 85 15
24 57 90
85 95 99
23 67 59
29 46 37
67 52 55
57 48 35
92 19 41
52 31 85
16 98 73
68 3 27
98 75 12
50 14 45
97 37 31
39 10 92
35 17 7
26 94 14
79 97 24
39 52 49
39 18 15
34 9 28
77 46 61
23 32 69
3 13 96
67 32 69
22 36 22
54 76 12
23 19 52
54 64 18
90 30 92
26 33 45
40 32 11
50 32 59
68 25 30
41 79 9
34 79 51
47 38 35
92 76 21
13 32 79
60 79 86
32 47 11
75 74 37
93 74 98
66 9 48
37 28 61
68 46 10
100 72 8
24 12 14
16 30 85
89 21 91
35 74 56
89 82 89
76 34 9
36 14 41
33 89 38
10 46 46
18 4 100
7 87 87
99 11 27
14 59 78
21 6 16
18 42 44
31 87 40
97 66 17
67 68 84
76 34 75
17 89 79
25 40 30
5 95 19
38 44 15
45 50 81
73 3 80
57 4 97
38 27 17
98 65 9
18 24 26
5 51 69
23 46 87
54 19 18
57 84 82
19 89 65
29 98 42
60 41 69
39 38 88
94 71 82
16 6 68
77 26 57
95 30 55
13 61 29
23 28 4
52 77 94
26 26 31
86 35 53
86 7 10
13 68 2
84 74 38
66 78 44
56 81 67
43 39 37
100 29 68
12 5 10
92 66 68
100 9 72
89 10 65
7 5 41
63 38 31
65 2 1
15 77 42
91 88 2
33 61 70
20 48 48
70 31 70
47 75 92
50 79 2
94 70 13
75 51 94
75 15 53
10 21 2
42 82 48
15 44 25
79 65 1
100 18 1
27 74 2
93 37 74
30 98 36
61 61 79
36 86 3
60 75 36
100 20 76
15 93 9
68 70 65
97 73 52
97 97 89
44 37 27
97 84 23
95 22 34
46 86 10
29 37 51
82 6 25
71 51 48
45 93 92
61 30 33
68 99 12
98 28 11
86 32 80
41 21 42
86 19 20
24 42 18
5 73 69
29 7 23
29 26 67
80 33 39
32 14 91
12 19 44
71 22 49
62 99 3
63 48 80
48 40 65
36 91 71
95 6 36
86 19 37
32 65 84
12 40 82
23 88 94
20 95 21
74 44 45
23 63 60
32 11 99
99 10 92
71 53 6
81 48 61
43 62 11
4 83 89
41 17 66
92 23 18
69 42 12
58 72 65
51 8 11
60 3 29
73 42 66
67 81 44
55 61 13
52 73 1
39 92 61
6 75 3
74 89 30
89 66 67
26 41 32
77 37 46
92 20 81
31 21 77
81 60 87
8 68 84
14 62 69
10 28 92
6 83 23
55 83 55
66 97 91
27 99 80
64 66 11
46 36 67
51 56 79
17 16 79
44 32 27
26 6 43
1 20 60
16 41 28
76 61 24
66 56 85
35 25 18
52 88 49
46 90 74
75 44 28
56 11 60
74 66 17
1 42 57
89 18 61
1 72 12
96 56 99
40 45 23
10 45 66
79 68 52
76 24 1
15 10 37
95 79 6
10 100 37
47 18 80
21 63 48
51 72 79
62 18 14
19 56 15
41 47 79
44 3 86
96 75 25
20 72 11
95 50 78
62 64 54
71 6 80
57 86 37
4 22 81
89 91 96
21 9 70
68 28 7
18 87 39
85 39 27
38 12 16
1 31 13
35 47 83
50 41 83
6 49 44
28 35 54
45 59 81
24 82 13
84 55 94
81 88 34
80 16 7
8 86 57
62 2 50
35 15 60
97 96 29
80 51 2
77 10 34
19 83 7
89 90 45
64 82 94
81 70 11
92 17 7
77 6 14
32 22 59
4 96 87
79 64 55
99 15 40
91 77 53
95 48 27
2 41 49
3 58 45
5 29 77
7 71 36
23 25 77
97 81 38
75 51 24
92 22 88
19 97 26
25 44 93
90 43 36
13 85 88
92 24 57
37 44 10
96 41 24
68 43 52
71 9 1
37 84 81
67 95 27
35 73 43
81 94 27
45 50 19
44 6 57
21 56 97
19 74 40
24 51 20
1 50 74
26 51 58
66 48 27
38 23 10
79 10 84
21 4 73
48 62 28
82 92 4
8 83 4
57 66 63
29 21 60
68 72 60
6 43 57
62 32 81
23 9 72
31 66 65
74 38 37
66 96 78
48 43 51
80 74 4
5 47 63
86 12 54
90 78 96
75 67 33
97 99 65
24 6 45
89 22 13
49 1 52
53 30 71
95 20 75
44 56 78
65 60 2
30 38 54
59 61 87
96 90 92
61 67 73
14 19 50
44 65 51
50 33 90
17 47 72
49 56 77
36 6 17
74 69 35
42 93 62
57 26 91
21 84 16
14 27 58
38 70 56
25 63 24
68 100 52
39 93 13
79 6 41
38 43 50
84 25 11
5 53 27
36 90 19
72 81 61
45 75 57
18 96 59
17 81 63
2 46 20
39 79 32
62 100 13
86 2 64
59 17 57
1 77 3
1 79 91
79 86 20
91 10 49
37 100 76
91 22 73
50 20 53
27 81 94
90 46 22
89 96 19
91 2 90
33 35 39
9 54 22
61 38 5
39 100 2
74 22 46
54 77 40
39 88 2
69 88 82
11 6 15
28 8 52
41 92 73
56 10 65
11 79 97
80 76 43
9 60 88
68 1 41
84 78 77
51 23 61
96 60 98
53 74 46
53 65 85
57 16 47
79 63 67
47 94 88
57 27 47
37 39 26
16 20 51
47 95 89
23 15 95
81 92 38
65 15 89
38 76 47
42 48 43
14 100 1
79 59 60
100 95 14
9 26 90
32 58 89
67 94 56
27 98 57
86 88 56
44 11 18
57 28 32
86 18 93
90 26 45
65 71 94
91 3 52
78 28 96
22 26 61
90 68 7
84 20 88
30 7 31
71 28 39
22 69 43
58 91 37
1 5 32
55 19 59
38 5 32
59 94 54
10 60 36
4 99 74
87 39 40
24 17 99
29 9 39
94 14 24
51 1 57
67 39 12
93 65 66
21 70 17
26 13 56
2 89 49
48 22 91
9 68 36
25 26 53
96 46 14
51 88 79
15 8 96
18 22 60
71 23 22
79 22 62
61 2 22
90 49 24
76 97 93
18 59 79
9 66 82
97 37 4
24 86 31
29 12 41
16 94 36
84 79 98
74 75 25
55 37 99
73 81 18
90 62 9
73 49 25
48 63 81
42 49 77
88 100 84
6 40 28
36 85 18
35 52 49
48 33 89
39 68 93
69 50 14
33 62 8
40 28 49
22 93 92
43 11 62
41 26 78
3 91 76
66 79 85
91 99 20
44 28 99
60 65 15
77 30 37
34 72 52
73 31 47
43 21 90
23 92 48
83 47 95
76 7 99
75 95 61
63 15 48
87 29 26
35 14 58
55 32 51
78 39 46
3 5 73
72 71 34
41 72 57
66 45 87
36 60 92
46 52 29
99 70 82
53 31 91
83 30 92
90 9 87
82 41 16
24 58 76
82 91 89
5 64 29
63 71 68
90 11 25
87 49 89
76 4 85
87 81 73
78 84 78
83 17 27
3 90 83
47 95 64
81 1 61
99 100 9
56 31 80
30 38 37
2 84 6
99 39 15
59 69 49
95 88 47
76 70 45
68 66 24
66 11 30
50 67 45
63 86 95
32 16 75
58 38 79
53 88 60
44 44 63
34 16 42
68 22 10
89 95 48
53 57 60
37 74 68
22 99 21
84 18 47
29 6 11
57 22 40
2 95 80
42 21 88
58 97 77
66 41 21
6 77 81
76 99 6
88 11 14
94 29 44
17 41 81
33 99 88
23 87 88
6 42 64
44 89 71
92 40 24
80 26 52
98 81 34
76 20 47
8 26 100
13 27 44
66 21 51
99 22 26
31 40 1
95 65 83
40 19 89
27 11 42
26 64 62
98 46 33
65 50 60
85 75 48
79 24 84
32 71 60
58 6 5
52 83 84
18 59 18
32 7 31
57 49 14
65 16 47
62 32 94
77 95 48
50 83 25
10 39 100
52 98 100
32 55 15
74 96 81
80 45 22
32 62 85
51 97 31
14 14 71
33 89 43
93 76 12
9 21 89
47 10 45
9 97 68
48 35 59
94 54 98
18 4 91
43 3 86
83 89 70
81 90 38
18 65 61
97 62 30
9 61 97
31 46 59
13 36 82
41 71 89
37 64 79
51 31 55
4 74 37
90 48 64
17 38 45
56 99 20
66 23 49
24 94 63
39 58 84
37 31 38
79 33 88
79 21 58
53 70 17
85 60 43
26 77 22
85 28 2
19 13 30
99 48 91
52 43 58
61 78 85
30 35 9
9 71 83
84 13 75
1 79 90
23 65 48
41 12 78
5 76 35
8 19 68
93 4 77
89 82 69
19 84 13
47 70 30
77 17 57
55 38 7
43 26 100
68 47 99
67 35 43
30 54 92
71 43 88
35 7 71
61 36 21
84 87 93
32 29 51
90 71 98
8 70 85
47 52 9
30 64 50
50 73 85
26 72 79
63 32 19
68 27 37
21 69 96
24 10 2
9 68 21
55 24 38
9 16 46
53 20 17
20 32 65
17 86 83
4 28 74
49 37 89
72 88 31
71 19 79
50 91 55
59 25 43
35 47 46
12 18 56
2 51 92
39 62 46
56 91 9
88 76 50
16 85 60
49 66 35
11 62 53
86 55 20
17 86 43
92 16 77
77 72 77
67 69 2
94 92 28
29 9 24
37 83 96
33 64 34
37 4 30
9 53 81
41 76 72
74 35 27
71 34 84
54 11 64
48 53 34
30 69 22
20 46 95
31 5 17
92 27 32
26 93 30
78 82 55
27 88 23
97 73 18
88 53 77
14 81 75
58 30 23
41 72 77
84 87 58
90 80 28
13 67 71
29 7 45
65 54 88
79 38 93
84 32 41
93 73 51
8 76 41
4 83 28
17 87 17
85 71 10
35 15 2
43 43 36
89 52 34
37 66 38
71 46 80
73 96 20
56 45 6
46 16 8
45 79 85
81 55 61
79 55 63
6 94 2
40 61 29
97 3 44
19 69 97
100 21 53
70 85 81
38 86 21
62 7 3
69 30 7
45 29 68
69 80 29
29 75 66
2 82 2
72 71 41
28 90 35
97 70 97
66 90 12
67 67 32
79 5 41
3 32 76
45 60 45
67 3 3
30 42 29
32 7 41
49 78 14
42 26 86
48 23 73
40 30 72
97 28 99
65 54 70
57 39 53
55 81 82
11 100 54
41 31 88
76 30 79
47 32 44
18 48 46
37 96 64
4 31 90
68 47 28
35 51 76
64 50 54
92 43 73
41 19 53
57 81 82
32 66 14
100 86 1
84 24 1
62 94 5
19 50 38
29 69 7
81 93 38
31 62 17
53 63 4
34 75 31
100 34 24
23 22 41
86 88 80
67 38 81
54 21 82
54 90 44
12 100 45
39 38 64
70 31 34
2 5 29
24 69 96
53 42 91
30 26 77
52 82 57
41 59 55
79 30 54
27 10 98
65 12 60
39 71 88
47 26 21
73 44 11
4 6 55
32 85 6
60 77 63
23 25 6
38 5 30
72 58 40
58 57 27
86 34 41
5 7 94
64 66 4
85 26 13
79 28 95
66 20 7
61 9 66
4 92 83
97 70 64
48 73 39
63 91 71
72 13 24
88 16 41
89 4 96
62 43 21
27 5 56
2 70 43
45 89 5
98 62 36
37 75 34
100 20 34
87 51 70
25 86 66
72 73 21
52 90 10
32 77 80
76 84 9
2 35 21
6 7 41
80 30 38
16 9 33
59 49 62
65 9 17
87 20 98
84 55 47
27 10 63
31 82 87
48 48 27
21 31 5
88 56 16
32 13 9
36 29 4
52 36 63
62 87 38
79 73 10
68 61 3
92 54 34
51 36 86
68 53 83
49 38 96
67 22 52
5 29 72
34 27 49
13 92 58
9 10 70
36 85 45
23 81 66
29 32 78
70 52 22
75 26 97
47 32 3
88 63 100
39 84 79
8 41 59
91 10 4
83 57 32
60 64 82
54 62 22
1 8 31
20 88 44
94 11 53
59 83 56
67 63 73
52 2 77
7 63 61
38 44 62
50 23 11
17 15 43
88 75 72
68 94 71
15 93 2
33 37 44
69 17 13
41 27 42
15 29 56
42 15 25
25 49 44
19 93 89
79 21 57
23 94 61
25 77 59
18 55 63
15 19 39
53 52 79
8 81 18
79 22 91
32 53 74
34 61 82
19 65 10
35 18 31
45 35 100
92 18 70
78 48 5
28 10 97
82 88 26
27 89 54
92 99 62
24 75 15
74 87 81
28 47 98
56 29 81
81 95 24
75 96 10
12 3 75
51 46 67
90 44 71
18 70 72
1 19 71
70 73 29
2 24 87
72 14 25
57 53 60
67 87 65
90 49 22
20 33 96
2 15 86
12 11 28
30 41 61
79 12 73
63 78 80
48 78 62
3 68 35
98 92 5
59 63 38
66 55 81
7 16 53
45 32 66
39 67 26
17 14 27
33 55 99
61 42 79
19 37 49
7 47 100
2 79 100
55 83 28
32 10 100
67 87 18
15 2 6
11 17 59
48 80 75
19 14 9
80 95 87
19 13 41
11 51 48
98 2 57
17 38 85
50 21 91
24 95 31
61 23 93
98 40 16
13 71 29
92 92 4
8 97 62
64 17 14
12 68 89
33 80 77
91 88 98
24 26 44
38 82 91
80 97 26
92 37 2
73 6 75
54 58 62
11 12 89
69 29 35
75 88 70
7 19 45
27 61 49
82 73 63
31 34 45
79 86 60
44 66 78
28 48 20
78 16 1
99 81 87
47 56 68
23 24 79
75 93 21
90 93 22
18 71 82
31 38 25
57 77 94
87 47 67
84 95 23
54 3 34
27 18 31
13 100 49
20 83 74
22 43 66
3 10 25
44 33 46
74 88 62
59 59 87
59 79 7
91 45 59
14 25 19
3 20 20
7 86 52
16 86 59
94 38 1
28 52 30
60 46 38
47 24 39
84 67 47
50 93 72
83 97 27
69 64 56
20 57 84
100 95 71
3 29 83
78 15 49
6 77 57
10 31 99
30 1 76
99 13 16
6 84 64
28 53 84
89 10 56
37 8 96
47 20 90
49 55 75
50 99 34
18 47 48
84 77 36
94 10 65
26 28 30
90 16 55
95 46 28
67 27 71
36 57 61
100 97 30
83 52 36
41 65 42
42 83 93
83 18 1
32 6 93
95 5 85
39 82 3
53 89 59
54 36 45
40 79 19
33 61 95
17 41 51
10 43 4
26 47 76
71 11 9
11 99 22
47 38 65
26 23 32
52 80 28
80 67 13
10 41 24
63 77 25
38 96 71
88 53 26
93 91 90
82 48 6
65 81 33
60 47 35
60 35 9
98 8 37
1 18 1
46 20 58
69 86 26
89 44 79
1 11 73
80 30 30
72 70 25
48 62 51
69 12 14
95 57 48
79 40 60
74 97 19
36 31 19
87 29 78
37 56 37
92 17 80
95 25 39
84 7 4
97 14 91
46 30 18
30 71 61
85 90 98
95 88 40
65 26 81
27 28 32
7 72 44
72 71 36
31 74 82
85 95 37
62 33 85
3 25 90
51 42 12
69 74 47
16 48 6
22 26 29
31 78 41
25 57 35
32 11 92
50 36 33
45 30 14
49 3 13
34 70 42
11 29 65
25 57 62
90 4 16
80 21 11
39 96 13
72 31 39
100 91 46
2 16 41
65 51 19
72 55 38
69 90 8
40 33 1
17 26 66
7 90 93
70 92 15
22 50 3
99 86 1
57 20 62
22 28 54
42 3 65
15 43 45
82 17 11
94 22 45
26 5 19
8 50 61
32 30 94
18 38 55
83 72 9
43 29 100
9 21 19
38 93 23
72 70 65
97 81 50
100 98 80
44 35 7
8 30 19
89 62 88
8 13 2
6 30 31
60 47 67
81 92 65
64 45 3
90 73 93
96 51 8
51 33 1
48 43 19
56 60 80
15 45 19
79 84 62
90 91 68
34 52 48
78 98 96
40 34 1
95 16 14
5 60 45
54 79 79
75 92 10
91 13 11
100 82 25
3 1 84
65 57 84
6 97 28
41 38 6
28 12 74
31 75 50
98 2 89
45 78 39
51 34 2
33 23 87
29 51 5
26 83 10
92 32 80
62 93 79
70 71 65
23 73 53
80 15 54
71 18 84
77 66 17
67 21 100
82 21 81
28 87 35
39 28 9
23 65 96
90 60 42
91 61 63
43 80 83
1 50 75
35 88 56
64 90 5
32 86 77
85 86 90
8 57 97
52 97 32
8 84 16
78 43 20
63 55 40
42 92 1
77 20 29
15 63 100
47 54 25
94 76 93
92 5 63
86 31 52
47 52 9
28 100 14
1 15 45
85 53 33
28 75 58
24 75 83
98 43 81
68 79 80
46 68 72
8 56 89
37 61 42
52 96 71
86 62 56
65 98 4
36 15 30
37 16 9
52 14 82
38 94 17
99 71 83
31 69 73
13 70 62
88 94 38
72 79 36
7 95 4
47 60 34
57 64 19
64 59 50
22 10 50
8 77 94
76 35 71
22 81 69
41 63 51
19 18 77
11 12 68
15 73 45
97 65 50
78 89 60
83 81 23
60 45 90
80 34 29
52 36 19
25 49 6
73 9 42
51 90 53
48 28 8
48 22 29
84 4 28
21 38 15
28 72 16
92 76 9
68 22 36
57 70 85
65 95 37
33 65 2
75 68 93
69 46 64
19 97 97
20 69 77
83 57 31
1 98 4
36 32 1
13 65 80
93 87 7
20 10 52
72 72 85
21 55 6
16 67 100
74 97 60
64 82 93
24 70 58
6 67 18
27 45 54
20 21 69
79 52 39
21 15 53
55 20 44
2 51 86
75 90 37
94 83 28
20 35 60
40 95 48
44 26 55
24 40 65
77 83 78
7 22 78
73 71 29
60 64 22
24 14 23
84 70 100
67 9 96
1 24 25
9 37 8
18 17 18
47 16 4
20 77 72
27 67 92
48 20 61
80 32 26
68 75 19
25 56 32
80 28 99
12 65 49
56 28 48
84 44 44
83 96 51
93 57 30
44 61 17
69 81 28
45 1 18
53 84 18
56 3 77
78 64 88
38 52 40
49 73 57
42 26 8
85 12 30
78 19 12
76 46 83
63 94 52
58 99 80
76 8 37
80 37 73
29 91 99
13 49 87
69 61 92
20 69 23
51 64 63
69 46 35
67 3 28
66 30 94
67 26 55
98 78 46
41 11 26
33 95 13
80 11 45
40 41 40
46 97 57
4 95 78
47 99 21
83 92 77
100 75 18
72 100 6
53 46 66
8 18 7
80 53 100
40 95 97
8 14 22
96 4 85
97 66 33
79 62 31
94 89 15
84 50 32
96 47 75
15 41 63
91 98 46
96 84 48
90 6 24
72 26 93
58 37 66
100 46 21
59 22 59
44 35 54
46 28 9
69 52 100
57 96 65
46 29 19
99 44 62
29 7 83
85 97 47
1 15 91
47 18 58
4 71 25
36 34 77
57 16 2
38 37 80
97 29 9
12 36 75
19 41 86
66 77 16
84 39 63
37 51 68
96 93 77
14 47 30
40 50 46
77 21 83
37 8 98
59 72 71
5 50 29
97 28 58
17 92 72
15 47 28
77 81 80
22 99 46
62 80 99
26 8 93
33 12 54
53 27 63
65 67 71
75 86 34
31 9 34
42 100 35
24 47 65
40 57 100
76 88 12
10 64 55
38 40 17
44 55 34
87 92 55
57 27 66
27 4 68
27 31 18
17 71 61
71 73 92
9 4 89
56 48 17
15 29 62
7 18 81
58 33 48
7 54 28
71 17 74
31 57 93
22 12 84
64 3 5
84 9 57
2 1 67
33 50 69
36 59 60
54 71 88
82 54 62
25 91 3
32 58 79
15 20 23
30 44 62
6 2 31
92 85 95
35 57 87
35 79 83
8 57 14
95 32 54
72 60 84
52 29 80
34 58 84
23 67 37
23 34 45
20 48 29
42 36 71
92 92 25
73 3 76
60 35 62
76 64 23
57 37 45
29 62 37
21 39 41
31 61 30
51 15 23
42 79 95
71 94 43
74 82 63
39 27 7
57 37 63
80 55 51
81 96 91
61 41 53
19 26 81
56 4 23
33 88 85
41 89 58
14 64 55
19 11 53
27 22 52
56 29 55
48 41 96
4 97 72
10 5 55
46 56 88
53 33 34
22 80 56
33 39 20
19 88 63
26 59 16
23 18 47
28 50 98
65 39 52
29 58 54
2 83 81
30 87 17
89 81 88
93 62 7
82 66 38
38 43 73
79 18 23
33 37 49
98 44 22
30 62 2
44 72 85
56 71 20
17 99 89
46 32 70
46 50 61
39 28 6
35 5 89
76 26 53
5 44 55
78 34 42
10 67 94
55 14 10
79 25 52
82 3 50
88 66 44
64 52 95
16 47 8
17 100 26
91 26 54
48 91 82
74 78 39
65 55 100
85 42 52
19 20 75
48 34 37
28 2 24
85 99 64
83 5 26
14 57 22
59 59 45
19 54 87
41 84 100
61 85 38
95 62 60
12 99 72
37 24 41
78 34 32
60 63 38
8 91 90
94 38 45
84 58 59
89 27 84
24 45 83
91 2 14
72 14 99
70 14 91
15 71 58
52 67 71
71 19 13
38 57 52
90 89 27
41 21 49
74 16 38
16 27 53
93 18 88
43 32 5
54 42 56
49 92 80
95 9 53
51 44 16
2 39 30
85 100 29
6 73 21
89 50 21
86 64 41
35 51 7
88 1 3
83 70 27
4 7 91
100 30 43
99 100 64
61 38 76
32 24 13
93 47 16
31 15 16
32 11 78
18 71 12
69 80 100
19 84 45
90 92 69
38 98 77
49 12 31
49 75 48
3 76 89
22 99 35
76 86 57
73 46 87
44 41 8
33 51 83
72 54 34
58 69 71
94 37 5
12 27 53
21 23 29
49 47 17
89 28 90
52 50 39
69 77 90
60 52 66
6 13 72
6 78 86
33 45 36
75 11 81
65 65 7
74 58 94
51 42 90
86 68 54
14 22 5
27 100 16
74 6 67
88 6 100
4 22 43
74 45 21
30 81 38
65 22 60
76 46 90
25 12 2
5 2 45
91 50 92
68 14 36
50 17 61
6 22 6
4 34 28
11 66 44
44 9 78
29 76 80
26 2 76
50 37 73
13 53 8
53 11 25
58 59 94
66 38 50
35 30 16
15 39 45
1 98 88
12 18 52
82 92 64
77 6 95
8 28 77
53 95 49
15 41 48
3 46 89
10 91 76
3 20 6
40 66 76
40 41 21
2 56 83
97 69 88
40 9 18
56 54 93
47 89 20
14 87 93
99 70 58
98 48 55
58 60 30
63 2 95
53 12 62
95 92 92
65 82 42
54 82 35
8 69 21
70 64 88
38 21 75
3 7 97
95 93 59
38 44 55
57 57 11
29 10 26
75 55 1
100 94 14
13 27 70
41 11 89
78 79 58
12 30 72
24 2 85
94 76 73
64 35 48
71 45 57
83 28 7
4 76 13
64 37 30
25 43 60
80 46 68
75 1 78
1 47 66
89 6 35
55 75 94
40 64 54
66 94 47
18 45 98
73 13 73
84 47 51
5 58 41
96 18 33
99 51 37
97 58 40
56 21 26
74 31 18
67 14 77
69 42 64
76 25 51
93 36 92
59 97 79
59 49 74
82 36 34
5 6 94
49 20 65
32 93 61
90 90 40
60 22 50
68 18 63
53 70 26
7 73 93
42 92 83
28 29 58
37 89 36
71 59 33
45 96 18
72 99 50
7 79 86
36 99 50
29 96 44
10 20 48
77 71 67
24 60 58
72 63 48
79 86 68
90 96 15
35 68 96
94 95 25
11 55 41
35 55 23
65 56 2
62 33 44
74 17 67
77 94 31
32 8 78
52 24 39
13 9 68
83 40 49
60 8 57
81 86 56
65 63 97
16 85 79
44 23 32
94 39 17
65 81 36
76 35 12
3 16 11
22 93 14
13 73 42
78 97 51
46 39 41
43 18 37
69 95 69
92 64 60
89 79 7
12 39 97
82 61 50
50 54 78
40 39 3
89 31 64
85 47 41
80 81 11
35 14 5
13 12 61
30 59 7
49 84 93
20 44 25
43 34 80
31 6 68
13 94 11
47 62 34
37 16 6
58 61 11
41 17 21
96 86 89
98 37 11
14 65 41
50 92 38
38 98 34
13 51 4
12 7 41
35 82 5
33 12 43
7 25 7
38 43 92
98 76 67
98 15 46
45 36 49
76 66 29
17 74 91
5 79 77
78 1 48
18 56 50
25 96 23
27 91 17
97 67 55
33 57 78
52 64 21
88 31 4
99 56 56
91 54 68
63 38 55
41 48 18
32 43 83
88 72 29
4 50 81
7 17 9
50 83 28
27 37 67
28 47 41
57 7 29
76 13 87
57 54 5
31 51 30
10 61 95
94 24 14
73 9 47
45 11 91
20 18 79
16 42 78
68 86 22
86 54 87
55 1 71
13 27 44
6 75 15
9 92 7
34 57 91
79 47 13
46 9 39
2 27 55
62 73 64
87 53 47
24 74 9
57 24 23
43 48 93
32 45 8
1 70 43
52 73 11
90 35 54
48 98 1
5 1 80
91 67 38
12 29 29
23 54 27
16 75 88
52 53 66
29 79 96
85 3 58
83 95 92
21 71 80
46 71 66
89 74 39
69 97 21
68 69 47
35 56 71
70 54 81
89 49 52
99 83 26
36 10 71
49 48 89
13 29 56
64 74 43
94 60 60
48 31 81
59 66 97
46 3 68
15 79 45
77 87 92
75 38 40
49 35 87
91 71 66
91 74 5
15 13 79
72 70 65
23 90 96
90 35 14
93 77 100
88 95 79
82 79 34
9 11 81
79 18 81
86 18 53
13 38 1
74 14 32
58 17 98
12 87 57
51 53 90
1 97 11
20 26 64
37 92 94
93 18 55
53 79 85
15 22 12
49 20 12
80 96 33
11 13 17
51 2 96
77 55 65
85 55 62
4 67 73
21 53 97
22 99 1
8 35 90
92 44 65
26 2 61
42 65 45
22 18 13
48 93 61
93 27 44
62 36 87
92 2 16
77 87 92
72 28 77
9 12 81
83 76 47
33 100 21
97 29 51
3 70 26
86 68 16
84 75 29
96 71 76
59 22 98
79 43 15
21 23 39
86 54 18
79 23 50
98 71 41
38 50 77
36 78 34
84 46 26
89 47 50
11 82 81
89 95 41
4 78 59
73 34 44
44 97 54
16 57 58
95 17 9
1 20 88
34 64 58
71 68 43
56 63 34
85 39 43
12 99 60
21 62 65
26 24 16
86 26 53
20 25 6
91 80 79
68 46 43
33 26 24
66 98 19
60 38 94
99 1 93
24 82 34
16 61 58
45 97 47
66 52 63
37 95 70
84 99 47
91 76 86
57 30 12
30 27 91
78 31 48
60 39 47
88 90 19
25 90 15
46 40 42
36 50 58
46 65 57
64 76 75
58 97 44
80 58 52
46 9 10
51 7 67
33 25 91
51 78 34
71 69 23
39 87 23
46 54 62
77 86 76
10 66 6
86 75 21
17 48 95
64 44 19
2 18 7
69 82 21
52 78 96
81 89 76
54 77 51
14 19 25
68 13 90
51 38 83
25 96 64
23 35 17
32 20 74
46 100 64
66 97 39
14 13 39
53 58 77
92 38 48
6 29 53
39 52 34
43 88 6
15 47 97
23 69 36
28 3 93
80 12 6
50 51 35
10 14 75
97 54 65
49 24 14
65 20 47
19 74 37
34 4 29
30 66 84
98 54 73
62 71 90
69 85 10
49 20 7
44 75 60
98 64 79
91 76 50
17 51 85
14 52 30
75 65 98
55 93 87
48 39 51
13 99 37
54 99 17
86 23 30
56 52 95
44 19 37
73 7 34
30 44 48
96 38 41
55 51 15
67 52 8
52 69 44
36 74 43
94 71 6
92 49 10
22 67 26
19 51 71
20 71 23
6 53 8
47 31 89
21 62 73
58 71 2
2 53 9
33 84 78
37 43 57
68 14 19
73 7 56
21 84 87
40 57 1
16 48 2
88 85 74
77 92 73
70 48 81
72 22 64
78 55 100
17 99 77
79 32 13
94 64 27
39 25 23
25 72 1
67 6 33
38 95 31
7 25 29
57 89 15
37 75 46
99 95 76
70 57 84
3 16 16
88 96 76
74 41 47
50 14 50
89 7 97
88 87 2
24 62 28
60 40 1
35 45 91
94 84 95
75 19 64
34 13 3
62 4 95
49 70 59
88 67 22
11 21 64
74 74 80
84 20 96
47 9 93
75 35 80
71 13 15
58 9 3
90 1 36
92 87 35
93 57 88
47 8 29
16 75 74
64 87 3
76 38 22
49 90 68
7 59 77
27 35 23
43 80 5
25 1 39
53 49 63
73 50 53
37 33 47
39 100 38
70 57 20
72 97 3
58 32 32
57 50 36
29 26 23
36 72 32
28 53 75
52 53 38
24 53 59
34 22 74
97 8 90
91 36 16
88 81 37
67 11 22
2 61 46
83 91 53
54 20 53
79 40 77
6 48 75
5 39 2
15 40 24
57 61 93
79 94 96
99 11 22
31 69 1
39 12 84
84 78 76
72 38 20
21 70 74
91 56 13
39 76 93
24 79 43
49 91 5
8 60 39
47 82 47
75 84 87
25 13 85
52 26 80
74 20 33
72 93 82
33 89 52
44 67 4
45 6 93
59 59 20
16 90 11
9 80 85
54 66 11
2 95 50
11 82 41
81 68 70
52 23 78
83 9 80
61 7 15
21 88 46
38 93 45
16 24 38
21 25 8
76 55 93
39 29 64
28 23 19
36 9 73
13 17 60
94 18 68
36 67 71
73 1 71
22 41 29
23 98 42
97 79 7
4 8 8
42 16 58
90 91 64
33 45 38
82 51 68
2 15 76
49 75 24
67 38 97
64 40 87
89 53 24
23 85 63
72 44 42
17 77 80
44 98 57
80 41 66
46 16 35
66 84 52
49 96 4
17 68 64
84 69 12
89 7 76
47 65 23
94 76 80
39 61 21
12 44 65
5 31 50
88 62 36
83 96 92
78 31 12
54 53 50
21 95 41
62 31 54
60 23 22
50 8 91
70 27 98
16 73 69
24 1 36
73 90 70
77 33 44
12 87 5
69 80 61
86 79 47
23 33 2
13 48 50
26 68 95
90 70 96
48 85 24
50 91 24
51 31 43
47 56 38
47 79 15
95 77 8
11 76 98
56 100 32
64 76 93
79 60 39
46 96 57
77 76 38
15 44 89
52 60 22
80 64 20
6 28 18
95 97 100
2 8 71
29 64 9
92 15 65
46 58 68
45 4 48
78 37 88
29 96 14
97 6 82
81 18 67
64 16 4
69 38 85
87 45 94
97 47 89
99 77 62
12 66 14
62 28 35
10 54 47
66 59 62
86 79 65
67 23 40
44 43 10
7 18 63
55 49 33
42 51 77
23 71 98
35 34 12
21 19 97
97 13 23
11 94 86
44 49 74
90 47 92
46 91 86
54 36 97
10 74 65
40 13 16
82 44 94
82 22 57
16 2 33
41 74 97
16 21 52
9 26 27
43 61 64
75 72 62
54 13 26
97 17 63
18 57 3
20 62 74
48 23 25
89 22 69
56 84 79
97 77 50
66 55 32
65 85 78
40 32 96
82 33 46
61 15 99
75 75 7
53 68 17
90 6 9
64 44 95
7 75 39
23 30 40
97 36 65
86 11 8
42 14 92
96 79 22
91 66 64
99 46 39
74 65 3
14 16 33
65 15 11
62 15 60
55 87 59
94 13 95
25 78 95
17 90 64
92 71 77
65 15 8
8 5 73
46 42 22
86 54 70
60 98 84
79 39 2
77 10 35
22 70 25
13 98 1
92 71 11
25 82 87
10 26 45
62 70 77
19 55 94
93 92 79
80 97 67
76 100 69
19 71 73
89 11 25
72 70 50
23 4 64
34 87 98
73 9 44
97 53 76
66 33 52
38 55 39
64 16 89
57 90 41
93 4 28
100 80 2
29 66 70
90 33 52
8 34 90
8 2 85
68 52 32
37 88 40
8 81 33
7 87 98
25 82 77
58 55 11
88 58 86
70 96 96
71 53 92
83 26 33
40 5 27
30 52 40
80 20 16
54 60 94
58 1 34
67 47 6
6 45 22
47 90 99
32 88 22
70 95 24
7 100 64
20 42 32
89 67 29
7 40 27
69 45 78
16 18 54
55 28 85
97 65 60
87 72 88
91 63 65
6 95 18
14 39 94
16 24 28
56 77 85
7 43 39
39 25 22
75 5 40
77 85 2
19 69 4
100 68 95
81 8 19
45 4 81
14 89 48
83 88 87
52 96 60
75 71 4
71 40 42
2 42 31
90 92 55
55 32 52
33 54 90
55 92 100
64 77 18
20 58 18
54 34 57
18 13 62
82 30 67
3 41 16
47 76 94
52 63 40
45 58 13
49 8 25
38 99 68
24 34 36
45 16 83
38 70 84
40 37 86
13 22 67
82 8 74
2 27 81
53 65 53
69 88 15
60 37 1
33 44 93
81 98 18
46 67 30
79 82 61
63 95 45
44 77 75
31 62 72
64 33 2
69 83 57
72 25 64
38 75 72
9 24 53
59 49 4
31 57 12
52 28 64
72 28 98
52 80 35
16 51 84
31 35 63
70 41 69
100 65 8
52 5 42
91 99 53
15 3 79
31 87 63
94 31 13
59 44 66
99 84 54
48 95 46
49 67 66
83 56 71
48 26 74
25 92 52
49 29 46
58 3 68
23 15 36
24 75 96
30 59 92
38 57 86
42 26 19
88 42 78
47 18 58
26 82 50
92 10 26
36 28 18
96 67 20
2 33 84
44 76 61
50 21 89
21 31 51
96 13 71
31 68 42
66 59 1
55 31 92
19 14 36
57 75 68
13 85 24
12 88 47
69 10 19
60 54 86
27 96 17
80 22 66
83 72 26
54 62 60
71 84 15
91 15 60
20 47 14
43 36 19
30 11 34
91 83 27
43 3 30
82 55 53
43 92 56
26 89 90
57 67 92
61 78 15
28 79 97
15 18 98
79 13 28
70 74 40
28 92 37
59 63 69
87 23 59
86 15 49
71 95 9
80 88 12
50 83 80
91 49 15
2 52 70
74 97 66
90 81 34
10 56 35
5 62 20
9 58 13
41 8 52
9 25 34
31 99 34
90 44 95
67 69 98
43 11 9
56 96 6
25 17 58
98 25 16
46 14 91
89 84 30
23 22 35
25 19 33
90 93 91
2 83 98
17 45 63
37 44 37
32 62 94
17 72 86
34 5 25
90 28 27
11 84 21
16 91 58
84 53 61
37 39 80
40 88 4
83 47 90
52 97 55
17 47 62
48 74 71
70 98 9
51 81 89
67 61 16
65 17 72
82 99 32
10 19 89
51 26 22
55 28 68
92 93 95
48 84 26
75 17 2
69 93 30
17 20 18
43 76 52
75 42 62
37 11 37
2 86 6
20 45 29
91 13 45
8 2 76
100 82 58
54 21 91
92 99 27
21 33 47
92 61 70
83 79 43
43 76 54
89 13 18
73 20 53
71 17 9
75 66 58
78 2 25
27 68 69
30 57 38
8 94 53
11 54 34
98 48 83
3 48 47
16 30 44
66 36 27
15 87 100
95 18 59
12 92 85
78 52 79
16 68 94
87 42 59
49 62 28
52 46 99
21 36 79
54 62 17
21 98 77
23 90 87
70 84 25
8 85 43
78 67 83
71 14 35
51 58 60
55 81 77
40 78 30
84 74 70
9 63 63
73 23 72
100 48 6
54 51 6
33 45 42
91 70 30
36 41 80
53 72 31
89 25 85
28 86 54
60 39 49
54 75 76
100 39 75
20 48 95
2 97 31
80 11 52
78 53 37
22 85 4
68 21 34
49 31 7
51 9 67
99 52 44
62 36 59
65 72 77
14 70 43
100 54 38
69 4 18
76 30 10
73 28 6
10 14 56
80 97 92
94 17 8
71 80 57
14 68 34
57 92 48
90 9 46
92 96 82
53 12 80
82 51 43
63 37 24
38 99 7
75 26 7
29 31 80
65 40 10
97 61 8
5 5 11
11 54 8
41 46 95
12 47 22
29 30 91
76 27 12
19 94 17
41 22 54
45 55 2
29 42 90
18 30 7
20 46 85
40 61 85
14 80 70
84 95 68
8 32 60
86 50 86
18 45 21
9 3 69
47 27 46
14 2 81
23 83 98
89 22 52
65 20 60
56 55 85
2 66 26
21 22 85
57 27 89
18 61 85
99 12 60
36 12 14
22 16 42
12 33 24
94 98 73
57 80 71
8 96 9
50 54 73
11 60 40
31 25 71
22 88 45
89 67 69
65 43 29
56 94 67
92 76 26
36 96 13
61 89 74
41 51 35
68 45 61
97 93 85
100 49 82
85 96 39
91 19 31
73 61 93
13 25 15
79 43 48
28 24 51
66 22 78
3 54 69
65 67 55
24 68 79
88 43 66
4 75 61
63 44 69
62 4 23
4 96 97
88 99 85
59 30 32
31 6 65
33 88 36
71 27 89
95 29 34
68 92 67
30 97 19
46 33 97
56 17 63
7 42 7
25 47 59
79 23 10
62 4 81
47 21 53
79 29 44
90 80 70
28 51 66
10 100 48
58 44 80
72 98 12
95 6 31
68 63 71
44 75 20
91 52 41
45 55 6
87 98 74
54 68 88
45 31 80
3 60 27
50 99 7
62 77 84
79 74 73
34 54 5
38 92 1
56 78 34
5 88 77
64 35 33
7 3 68
97 3 13
56 28 3
25 1 67
89 65 39
19 3 24
71 73 56
53 61 86
49 85 20
53 50 59
85 15 3
3 32 64
57 33 43
20 84 96
95 97 84
53 26 13
58 74 43
83 86 35
42 15 51
96 39 9
51 58 20
44 72 64
28 44 31
79 12 27
76 52 88
15 32 14
87 86 40
35 34 40
47 30 57
3 87 59
22 11 32
91 13 29
22 77 74
5 11 5
76 35 39
91 34 11
74 91 85
64 99 66
70 14 21
15 94 42
79 49 6
49 34 90
6 95 62
69 7 88
15 66 99
66 30 17
18 63 4
26 72 6
94 39 46
30 36 70
25 61 54
47 72 35
77 79 36
45 36 36
4 84 38
37 46 95
72 13 21
94 83 5
21 90 61
4 78 52
82 48 59
51 51 100
82 46 17
7 34 35
74 74 8
62 65 86
35 1 2
34 56 69
49 90 74
51 96 60
97 90 78
8 91 68
4 66 57
87 88 47
12 86 59
93 59 5
3 40 73
98 68 45
29 5 2
13 100 63
18 25 58
46 68 15
22 11 80
30 19 6
22 11 39
18 41 24
40 69 55
52 53 63
6 7 97
2 94 69
93 86 43
45 15 82
16 47 6
65 33 34
83 4 72
18 78 76
42 96 22
70 89 11
71 27 98
42 99 98
14 12 83
36 45 23
82 66 37
64 22 41
27 64 18
68 82 73
22 66 22
2 32 34
64 84 42
35 13 2
24 71 77
67 90 28
20 16 83
21 31 51
26 37 43
32 87 30
38 91 22
79 88 59
1 47 3
30 72 22
52 49 24
68 56 29
27 53 75
30 92 95
19 14 30
31 6 81
35 31 17
7 57 41
42 33 65
59 56 50
53 14 14
43 95 79
68 100 42
4 50 59
19 38 80
5 95 73
42 18 29
77 21 2
94 36 71
11 50 96
33 17 7
85 61 6
22 75 92
97 96 8
48 3 13
32 23 100
53 72 60
15 73 46
36 20 94
69 91 76
97 48 71
17 7 79
41 29 14
16 8 27
86 77 85
59 99 79
40 92 1
45 12 42
35 61 16
62 93 31
15 7 40
43 29 16
16 72 29
38 77 73
97 90 14
99 48 32
23 43 11
3 46 92
86 78 90
23 44 34
75 96 25
57 40 43
25 6 41
28 38 59
47 88 69
32 52 88
49 52 10
33 70 86
68 77 91
95 74 35
5 18 73
31 69 61
48 68 15
27 61 66
87 96 13
78 83 97
17 70 66
72 85 24
30 77 65
40 95 40
61 91 6
41 9 89
83 22 4
15 56 51
35 53 4
79 39 20
41 55 4
22 63 87
7 99 85
57 70 89
35 45 77
22 72 43
82 97 80
51 53 20
84 11 64
71 67 26
3 4 18
29 90 49
88 85 51
39 29 22
8 45 31
99 91 56
31 62 47
73 89 26
61 98 19
80 37 30
2 100 43
61 24 76
22 40 71
89 90 95
71 58 31
45 42 97
86 35 88
87 31 49
97 39 15
83 29 15
62 30 15
73 18 1
57 36 68
26 48 2
61 56 52
57 22 29
100 47 95
54 35 35
27 96 39
67 8 22
33 3 63
78 70 34
11 91 14
97 79 70
67 38 85
53 70 16
69 89 51
15 40 19
12 3 11
66 71 76
64 13 83
73 36 73
89 35 86
37 21 50
50 50 44
13 72 58
47 16 97
86 73 64
2 31 73
77 29 79
80 57 43
21 48 34
72 39 50
6 54 81
48 79 93
51 66 26
99 12 13
100 50 24
89 61 5
88 5 5
78 47 5
27 8 88
56 72 77
19 97 79
32 93 9
6 28 99
32 48 52
72 36 48
29 46 34
33 47 22
62 49 3
44 30 51
2 79 49
9 80 99
78 89 70
70 68 93
39 100 13
78 84 86
53 68 7
32 72 29
46 15 36
17 82 31
45 51 67
78 57 52
53 67 71
73 6 69
53 47 77
28 77 48
86 14 60
7 9 37
77 16 49
40 36 79
7 76 55
2 28 85
37 32 6
18 36 39
52 52 14
4 30 14
60 76 11
90 28 88
98 11 18
20 78 15
76 60 25
87 48 71
53 84 15
38 43 13
48 52 49
10 54 16
92 76 73
32 16 5
20 38 1
13 41 35
12 97 39
43 14 72
8 3 92
78 58 4
2 79 15
3 90 78
27 14 53
84 42 48
85 97 87
32 72 35
20 68 66
32 61 43
65 80 94
36 74 72
67 62 14
61 52 7
95 88 56
22 61 83
2 97 72
12 48 65
1 44 37
84 70 71
78 70 63
89 39 70
16 49 89
5 96 46
75 7 95
20 98 21
16 66 84
6 60 77
45 28 76
94 68 100
2 12 38
66 65 11
20 38 13
3 87 84
27 70 3
91 9 72
99 92 6
54 83 80
61 48 84
89 33 99
10 66 13
85 72 43
25 61 36
23 78 59
8 26 61
31 74 90
62 86 75
26 19 50
18 70 8
81 12 80
16 25 1
43 18 2
35 3 63
36 15 53
32 70 99
86 11 70
61 17 87
26 21 45
60 56 87
96 82 86
13 28 27
3 34 78
16 57 2
71 80 35
58 46 2
32 89 27
93 18 11
23 1 49
43 27 93
53 78 57
37 26 49
2 74 27
84 29 95
37 50 50
42 99 46
63 98 88
69 53 14
74 77 37
77 96 76
56 30 76
21 61 21
36 34 92
78 92 34
75 64 77
30 80 56
14 36 3
44 58 3
75 1 5
15 88 63
65 17 51
83 32 89
91 80 50
9 39 32
49 86 6
82 78 93
41 6 18
38 39 99
5 53 72
92 26 26
23 40 2
29 1 91
51 53 41
97 62 5
34 31 17
89 36 67
54 87 8
87 19 100
48 95 1
86 87 76
48 51 66
11 91 67
32 35 64
20 10 20
90 87 59
52 90 48
21 32 49
46 30 37
21 26 8
33 29 59
62 7 42
2 33 87
69 33 81
69 8 62
65 92 2
70 79 77
56 89 41
26 38 55
49 57 24
51 35 9
36 6 27
79 34 19
65 63 35
17 55 38
52 88 73
75 12 69
76 91 86
88 15 94
44 58 7
60 50 74
29 58 12
85 73 78
10 69 44
38 54 62
47 94 51
45 90 49
83 82 56
31 21 15
21 6 1
28 13 44
47 72 8
27 87 62
16 84 46
62 7 12
48 33 53
21 77 14
41 73 10
59 46 40
43 69 70
47 16 73
67 26 23
64 4 99
90 87 99
60 12 32
42 83 51
47 2 61
91 69 26
81 84 70
2 8 86
59 68 33
58 17 1
95 14 90
9 1 79
16 84 24
90 81 28
51 36 99
100 6 48
41 44 24
86 93 53
52 14 50
69 63 82
37 51 25
82 5 38
30 26 52
43 51 59
92 22 41
85 54 33
61 24 82
34 72 81
56 55 70
98 49 88
24 66 65
90 89 49
7 63 24
89 44 41
1 45 84
2 65 59
24 51 92
91 50 66
51 53 3
20 63 17
87 29 92
65 48 20
50 16 1
61 72 3
69 45 40
46 19 31
93 13 92
75 13 45
51 71 68
37 12 68
58 77 50
18 79 71
89 14 6
11 77 12
64 97 60
12 20 83
9 2 69
69 39 44
75 69 66
32 34 79
44 79 98
54 92 80
19 24 69
62 93 55
56 87 52
89 2 45
35 37 51
19 74 43
27 50 39
45 80 82
75 6 79
32 79 87
8 20 99
69 63 33
75 6 26
96 17 37
96 91 74
96 16 81
17 77 39
36 61 63
81 32 55
57 97 87
63 67 63
24 43 79
50 45 79
5 30 88
96 85 53
55 61 58
61 76 26
4 54 75
36 84 57
44 31 82
84 45 44
81 54 74
100 17 49
24 72 1
19 4 76
95 1 56
24 96 52
84 73 10
85 16 69
7 83 80
57 56 93
37 15 18
91 96 71
91 46 75
75 40 77
12 14 1
42 13 4
37 58 44
85 89 15
30 52 74
65 89 86
92 35 84
20 66 70
60 70 14
9 52 46
92 6 81
81 36 96
46 85 81
98 16 78
27 76 18
76 2 91
14 69 18
68 32 30
65 32 23
86 64 61
56 56 26
48 86 33
34 79 74
88 21 58
53 56 62
16 37 93
92 26 33
29 43 88
45 68 4
90 34 85
36 85 36
63 96 64
99 75 20
15 31 22
49 84 59
41 45 2
86 18 89
72 60 99
91 7 18
55 63 90
55 21 84
78 82 28
63 93 34
71 51 34
87 60 55
82 9 61
88 39 91
83 64 98
96 16 95
4 70 73
47 71 33
83 37 60
50 64 23
13 35 57
44 36 45
28 43 68
37 71 8
67 99 56
12 58 60
4 25 42
47 61 65
85 73 19
12 64 50
34 39 39
76 42 54
34 52 92
70 39 45
30 27 39
18 98 81
64 74 6
71 52 75
18 53 81
63 72 68
46 61 34
93 95 75
57 83 16
33 41 49
23 67 51
68 5 60
33 96 85
36 87 1
69 40 88
31 1 58
23 60 9
18 96 83
26 62 26
46 30 40
83 3 14
4 88 54
53 95 23
64 1 91
61 56 6
67 82 66
9 38 28
70 50 30
95 21 81
36 52 7
56 99 71
45 81 90
29 80 14
59 47 17
40 25 46
27 51 17
4 78 79
56 11 64
80 51 20
72 33 18
70 20 10
41 44 87
70 91 43
47 76 31
68 47 69
65 43 73
26 30 61
20 69 15
53 51 6
55 90 54
35 50 61
75 3 56
9 20 95
100 89 98
32 57 36
48 83 3
24 79 53
53 39 58
42 92 73
42 26 6
96 99 54
99 8 45
95 97 99
58 31 61
1 12 80
75 15 23
49 52 48
92 84 52
60 5 95
97 77 43
34 94 55
96 88 22
23 17 61
64 89 48
89 52 89
83 94 10
62 49 80
34 7 85
81 38 8
93 37 48
18 27 41
82 21 69
31 60 15
36 16 30
64 46 98
44 18 13
90 59 28
33 87 5
30 46 96
90 71 16
2 30 93
60 62 11
81 46 49
7 86 12
35 6 13
54 58 79
15 88 36
28 37 97
7 64 98
35 89 76
40 10 52
23 65 63
55 18 85
76 44 1
62 7 16
9 91 99
25 97 76
78 35 35
66 30 74
68 75 13
72 74 43
41 86 1
85 70 33
64 98 26
96 80 47
57 45 76
78 6 97
2 21 2
75 67 39
6 85 61
46 35 25
26 93 1
63 57 5
43 56 38
67 3 1
31 63 71
86 85 39
96 98 85
55 81 18
81 78 30
31 34 92
59 88 93
88 3 39
16 36 58
99 62 94
8 66 19
65 47 21
41 3 90
15 80 96
10 98 35
48 52 23
11 31 53
48 19 74
23 79 52
98 79 54
12 24 33
93 34 7
48 91 18
92 57 50
43 82 2
23 63 81
62 19 80
29 3 64
66 39 90
98 25 78
99 16 54
7 100 58
39 84 3
74 99 55
78 37 23
32 91 96
94 3 82
53 20 64
40 86 72
67 62 43
28 66 82
63 35 44
25 10 68
47 59 73
85 20 18
84 60 9
23 69 54
97 45 46
15 42 18
29 69 71
66 34 41
42 9 76
38 57 32
80 66 86
76 45 41
13 51 55
71 31 80
39 36 39
42 42 48
81 25 19
48 93 46
87 35 84
67 91 93
47 37 71
68 19 22
33 74 79
3 83 93
25 82 4
30 90 42
20 32 77
16 59 56
90 75 56
8 15 8
36 3 17
43 16 43
2 41 30
47 84 56
79 48 18
15 15 95
37 97 74
38 100 80
70 69 87
70 71 96
47 5 29
68 69 88
69 83 84
21 68 21
57 42 65
81 74 44
32 72 22
57 51 85
12 28 29
57 31 94
8 55 4
26 32 50
1 42 66
45 47 68
96 20 41
88 79 56
96 42 53
90 23 58
69 93 37
84 10 27
82 92 17
43 57 92
7 24 70
36 43 89
5 82 86
64 27 54
41 6 52
6 71 58
23 23 6
87 59 100
95 54 28
65 33 25
18 28 35
85 72 4
100 59 50
32 6 12
94 22 28
88 19 30
74 77 67
90 96 57
62 22 14
24 76 36
99 82 16
39 22 14
72 5 52
78 13 80
27 30 59
94 28 79
25 7 90
59 61 43
74 50 94
26 53 45
28 33 87
85 33 88
95 65 86
4 62 59
67 50 98
30 82 33
91 48 8
52 49 62
70 28 10
50 53 58
20 9 17
59 41 94
58 73 74
79 87 62
74 1 3
35 99 36
40 9 70
58 25 36
84 29 46
74 3 66
82 37 19
74 46 30
37 28 43
29 45 55
29 80 70
21 7 35
99 20 53
64 20 64
98 54 89
90 71 29
58 81 4
40 15 45
65 3 41
17 21 49
6 24 94
87 34 13
17 48 32
72 18 42
50 9 15
29 85 9
91 9 74
77 44 11
90 94 45
63 76 29
10 83 29
20 5 26
37 82 92
15 28 31
72 78 58
58 43 17
29 11 46
70 95 20
89 8 42
20 50 91
43 17 7
83 66 98
86 74 7
30 58 90
20 29 64
81 100 83
86 78 18
89 50 84
68 23 87
25 93 73
11 53 67
96 62 96
45 25 8
46 95 43
90 77 96
85 20 32
60 96 43
69 80 11
14 93 5
53 81 22
3 79 96
9 78 33
23 28 61
45 76 54
33 73 24
94 49 75
96 12 47
61 14 66
64 24 4
91 47 18
72 95 82
74 33 74
85 7 28
79 90 8
53 1 80
52 19 62
15 73 55
91 31 60
34 77 62
51 42 46
44 74 47
6 68 58
72 87 76
46 55 85
95 67 81
48 54 59
13 31 6
19 40 68
40 20 58
11 13 80
53 82 5
34 12 70
19 67 17
62 69 41
37 100 33
53 17 73
55 54 44
36 38 40
77 63 28
24 81 31
66 73 75
66 63 71
67 27 98
65 77 71
38 69 67
77 21 46
1 39 61
2 40 77
70 8 67
47 9 32
83 54 41
23 9 5
63 25 29
9 57 89
78 19 35
54 60 8
82 98 37
76 14 4
21 28 17
34 100 14
64 87 38
22 10 91
39 22 34
73 57 43
43 72 76
83 57 16
49 95 92
76 35 14
98 32 40
62 20 13
12 48 30
11 21 50
27 51 24
25 50 24
84 85 16
15 32 92
22 46 70
70 41 6
32 70 46
62 24 60
61 36 41
96 8 10
48 55 84
39 73 11
8 80 93
46 58 76
88 11 72
100 58 85
41 19 51
6 70 28
88 1 43
14 94 4
69 22 24
12 92 34
67 99 97
91 75 6
77 75 65
54 84 8
27 9 74
38 58 60
40 38 60
63 33 82
59 82 51
7 68 44
15 35 17
52 60 37
53 26 99
25 30 68
85 90 35
92 34 95
48 74 15
53 14 96
92 29 42
12 64 73
66 94 79
48 50 37
84 10 49
47 96 75
45 57 83
77 62 92
87 40 14
34 34 86
15 34 29
40 94 68
89 58 96
94 69 80
77 26 72
57 54 77
65 31 95
57 35 61
51 98 41
59 56 43
69 29 52
47 46 63
59 22 18
30 75 13
45 54 51
33 98 72
100 19 68
94 69 51
53 59 7
10 8 76
55 1 24
5 19 90
15 41 86
73 48 98
80 52 5
56 83 3
25 47 26
74 14 89
71 29 53
65 52 89
77 23 49
4 75 17
37 95 37
80 18 67
47 65 40
81 12 53
28 53 98
43 89 57
31 22 49
35 40 65
98 8 84
86 17 83
25 100 100
99 5 79
33 74 38
48 7 33
56 82 24
33 11 3
78 50 59
8 84 10
40 54 96
80 32 8
89 100 4
71 1 78
48 99 2
75 21 4
48 71 65
66 23 97
31 17 56
84 85 73
52 99 94
24 50 58
59 21 58
14 91 94
83 7 56
92 12 99
92 12 78
3 100 20
5 77 66
94 26 33
69 60 42
40 26 2
24 71 96
76 81 8
79 49 25
29 72 15
9 20 25
98 92 6
47 56 93
38 6 83
55 89 33
59 81 23
89 9 53
46 80 12
86 23 2
20 96 91
72 74 71
85 53 8
38 80 39
22 80 14
31 88 16
8 86 3
100 52 36
55 49 24
1 6 68
33 78 97
79 44 19
51 34 40
41 27 31
42 89 67
2 91 21
9 26 56
64 38 77
66 87 8
65 51 35
41 54 68
7 63 55
45 40 76
4 40 54
61 67 54
94 60 30
63 84 33
63 36 99
35 14 55
43 49 63
3 73 25
50 2 63
46 94 5
12 4 92
22 61 79
80 18 48
7 73 50
2 37 80
27 74 48
54 44 16
14 90 5
92 5 83
61 61 21
59 58 79
91 83 58
3 69 78
11 45 95
96 95 48
56 92 22
99 68 35
47 18 85
50 56 84
28 34 29
27 60 27
22 66 71
82 64 56
77 29 25
86 92 90
94 25 68
38 50 42
82 67 43
94 78 43
58 69 7
87 87 74
65 57 64
12 52 8
31 72 3
71 23 88
63 84 39
20 94 37
24 9 52
67 37 35
88 88 100
22 44 80
7 61 65
99 70 19
19 48 46
69 44 16
18 9 16
25 19 90
30 26 52
96 51 79
76 7 73
63 41 12
52 73 5
32 18 100
35 91 50
63 72 99
37 84 89
38 78 42
30 67 68
7 75 62
13 14 23
6 38 96
90 73 38
50 69 19
83 89 14
32 60 7
85 11 76
22 98 80
84 81 61
61 58 52
14 99 41
81 31 45
78 85 51
96 87 65
14 38 7
54 17 59
62 59 36
60 76 31
49 72 39
95 89 98
53 40 49
96 59 25
9 16 29
46 1 81
97 80 85
78 86 22
45 45 43
34 13 57
53 42 22
35 14 50
11 35 3
100 15 95
66 51 17
93 3 15
24 32 54
47 97 79
73 97 89
33 10 91
24 77 84
79 17 86
37 19 57
77 64 7
64 24 3
30 7 52
44 80 76
64 96 45
89 28 5
18 97 35
98 34 30
32 2 56
28 57 48
91 12 78
78 22 5
29 76 4
7 98 63
15 53 3
40 39 46
38 68 18
42 51 51
34 69 62
62 60 57
20 90 80
46 89 1
46 32 42
18 64 7
30 2 91
86 50 25
23 20 66
5 61 47
53 12 53
17 31 56
17 11 41
42 68 52
98 85 74
50 15 87
17 86 92
82 99 72
84 38 5
45 64 57
55 72 50
20 54 25
29 84 79
73 17 58
88 49 28
84 99 61
52 66 20
69 26 100
41 63 63
3 19 54
75 51 85
11 78 53
5 2 71
59 11 91
33 83 10
81 75 96
59 23 69
95 92 39
92 9 91
59 8 66
41 4 90
82 29 51
77 13 46
81 16 55
26 22 91
36 64 51
74 12 64
69 56 63
97 14 90
29 74 65
94 12 59
90 18 10
75 12 94
40 15 3
3 18 10
100 61 51
89 24 89
89 9 68
1 55 82
67 8 83
33 91 17
74 66 38
6 33 42
8 39 30
85 38 15
49 74 86
84 27 62
70 41 17
58 3 24
7 96 100
73 55 60
56 7 38
53 78 25
49 1 71
11 67 2
19 58 64
73 11 55
38 68 91
68 100 88
70 8 76
58 83 78
27 39 75
3 42 8
3 43 32
14 63 67
37 92 34
66 31 48
7 19 77
65 37 95
26 77 20
99 34 89
96 1 25
31 44 23
29 18 41
56 22 36
49 47 81
63 80 52
99 93 92
18 95 75
66 46 100
92 62 23
30 62 47
84 43 88
13 49 57
41 61 88
11 5 72
4 61 73
63 24 48
36 72 56
61 75 6
86 73 40
58 5 67
42 98 47
44 81 81
48 45 64
10 17 86
96 45 87
10 81 86
68 1 49
19 36 29
41 63 59
94 88 1
78 44 47
96 84 62
74 95 16
85 67 36
62 51 4
42 82 7
30 47 22
97 67 76
54 39 42
52 49 100
77 72 23
100 83 57
25 96 11
56 74 100
46 66 16
40 91 23
37 83 16
27 31 57
19 51 52
42 48 4
63 16 46
20 14 60
34 90 35
7 92 15
13 16 27
25 2 98
74 1 53
22 98 13
58 89 10
61 71 78
99 66 88
36 2 8
49 23 72
21 1 82
45 23 20
81 1 88
65 42 67
97 77 89
46 43 62
58 13 51
36 56 17
6 89 72
50 53 46
37 72 6
98 46 38
26 33 6
3 10 36
74 15 12
23 4 91
6 91 77
16 55 36
9 43 10
7 73 32
83 34 25
42 66 75
32 3 22
56 40 100
81 29 21
8 14 85
77 48 74
28 30 78
79 37 26
79 53 66
55 99 29
55 98 16
78 31 58
2 38 79
57 31 26
65 2 51
100 26 93
82 34 73
45 88 82
45 81 46
42 94 99
47 36 28
91 86 95
11 90 97
58 6 16
9 40 13
96 6 42
6 22 33
51 97 76
63 36 63
74 40 97
84 74 6
69 92 4
30 59 84
4 48 51
36 15 16
80 6 93
85 40 28
37 4 28
100 99 61
94 16 76
71 49 93
36 52 97
84 60 56
29 69 84
95 1 47
78 58 74
70 98 47
7 40 67
90 71 62
45 3 89
6 61 10
18 9 85
35 84 69
99 23 38
72 79 4
1 100 1
70 82 57
66 4 54
25 53 37
10 67 6
19 55 43
90 9 23
28 7 84
10 98 74
15 38 87
10 90 21
61 16 86
65 1 83
91 20 79
35 19 15
48 24 62
62 61 23
25 97 50
86 57 43
69 55 78
66 18 42
27 23 67
61 65 65
19 70 84
65 16 47
51 82 90
94 60 61
75 24 14
54 24 97
34 16 21
8 43 24
17 1 20
100 4 4
79 18 49
59 55 47
71 33 33
58 81 65
4 51 3
74 94 17
34 47 17
16 87 34
20 35 17
74 69 67
98 27 54
100 54 52
11 71 62
74 29 29
52 77 28
100 87 96
18 40 6
5 97 47
80 38 97
5 84 98
16 94 57
51 73 51
77 45 15
11 84 84
72 47 72
24 78 100
30 6 6
76 12 52
66 82 62
54 83 55
23 54 5
40 19 70
69 33 1
20 78 40
51 97 16
99 27 16
18 73 74
79 95 37
44 3 76
98 10 75
15 8 35
98 11 3
6 1 81
8 46 65
52 88 40
66 29 86
73 54 63
70 98 78
25 70 27
75 64 40
44 90 49
60 41 38
62 57 69
24 77 11
14 21 6
42 55 43
62 34 92
72 21 28
16 59 35
51 98 13
79 91 13
87 85 1
71 6 36
14 47 78
43 22 26
73 31 66
59 48 2
87 79 97
5 95 95
55 3 20
44 80 8
60 59 5
62 85 47
50 56 30
100 12 28
82 48 11
91 32 98
50 91 23
38 40 57
89 18 100
45 11 56
17 51 82
77 6 91
42 76 92
20 36 17
33 33 34
56 23 33
92 89 27
58 78 73
46 31 20
35 78 39
68 47 18
57 58 92
71 37 35
4 36 92
56 64 50
100 41 78
42 95 27
83 16 72
38 17 71
23 22 57
7 63 88
74 81 47
88 77 92
66 20 46
5 94 16
91 19 46
82 41 97
53 16 81
84 86 58
8 90 68
58 2 70
7 72 41
18 45 91
48 85 98
43 73 33
37 2 60
87 44 38
59 61 89
82 72 76
13 79 54
22 10 56
13 40 6
16 63 44
83 37 69
11 78 60
69 6 90
61 68 27
62 41 42
39 93 29
83 20 55
28 73 21
59 5 92
47 3 56
95 97 63
92 94 17
70 6 4
79 24 52
72 15 28
27 75 5
36 55 74
77 75 23
17 13 65
39 60 53
85 59 24
60 24 38
54 19 95
18 67 53
60 40 8
8 87 39
75 62 16
26 51 39
91 63 92
4 85 94
37 4 61
5 86 3
39 58 86
34 67 59
23 71 89
94 28 18
4 71 60
92 6 52
25 92 29
54 17 98
60 12 30
8 16 16
40 30 57
22 58 81
89 64 93
67 2 70
2 13 24
71 60 17
97 52 87
54 16 77
39 27 42
8 79 14
87 34 20
30 55 3
14 74 76
51 34 28
37 10 96
6 26 12
32 98 36
53 70 99
36 26 20
37 75 75
26 32 53
15 88 88
10 28 52
32 67 2
37 98 26
3 72 98
91 58 82
97 89 46
97 7 57
22 32 83
39 64 62
38 94 49
31 99 72
21 83 24
76 93 63
66 60 96
61 36 77
55 32 22
1 37 31
25 60 61
16 68 38
69 32 39
1 19 58
91 11 64
15 62 58
34 97 8
87 89 92
90 42 7
24 16 47
9 3 2
81 83 31
10 11 59
58 34 29
29 97 27
55 78 46
54 28 19
37 8 98
51 39 42
61 78 43
61 51 43
3 47 3
4 85 83
43 26 2
83 47 56
66 43 1
62 45 64
75 100 70
7 88 19
39 81 94
92 64 19
79 63 100
47 70 79
85 91 34
15 25 6
24 99 51
98 49 93
54 2 22
59 33 27
38 71 55
13 3 19
45 44 40
23 80 50
43 5 27
96 68 74
75 83 13
99 89 15
10 51 65
39 33 39
73 32 1
67 19 29
91 9 66
67 38 58
29 68 77
20 48 45
14 20 94
65 22 94
51 100 55
28 82 73
48 88 53
24 85 11
20 1 47
4 37 87
92 33 25
90 70 93
19 11 14
57 11 75
95 99 93
94 100 1
54 14 100
94 72 77
17 16 63
62 3 14
17 34 74
33 91 8
69 33 32
37 56 75
9 84 8
83 52 2
98 3 97
12 2 88
24 87 86
79 51 24
74 1 80
40 67 42
21 30 5
51 47 92
92 17 31
2 42 82
80 81 7
48 99 43
66 46 53
60 56 98
89 20 86
17 34 91
72 36 71
19 6 5
76 72 58
63 26 87
5 34 94
30 17 79
14 48 92
55 19 24
100 69 43
9 4 1
55 18 5
59 97 37
33 75 17
72 97 24
8 84 52
96 69 89
89 94 89
83 2 48
18 94 6
13 39 62
26 40 5
50 25 67
82 83 7
31 79 60
49 8 90
65 59 25
37 67 67
21 63 40
78 28 85
42 34 82
20 75 93
72 18 52
35 89 45
30 26 76
8 65 93
26 88 77
4 17 7
19 11 27
42 61 58
12 39 78
27 62 69
42 1 34
100 45 52
87 68 3
22 7 63
27 52 61
71 37 13
66 98 98
39 13 48
57 41 11
69 14 59
41 96 6
38 69 96
17 28 95
33 40 54
78 55 44
44 48 43
32 86 18
41 32 36
68 95 4
76 18 8
26 92 81
3 24 21
8 10 31
40 27 82
14 84 41
26 72 89
88 24 99
83 98 31
61 66 50
24 16 3
85 8 80
12 87 19
2 64 74
19 53 4
41 19 56
69 34 54
85 9 19
52 83 53
79 84 3
59 19 62
75 50 8
37 24 81
80 36 65
9 35 84
13 11 58
46 38 77
65 63 57
83 29 89
38 40 46
79 72 43
81 26 66
9 100 51
65 13 15
63 78 45
60 30 22
24 26 81
73 47 9
41 29 11
100 82 51
63 90 80
82 93 55
48 34 22
4 100 94
88 20 28
58 53 76
46 60 57
39 83 39
45 76 83
53 87 4
98 94 87
41 43 94
56 88 30
80 33 24
58 35 59
100 41 7
6 47 71
81 11 100
42 69 43
75 50 57
24 85 84
13 7 81
21 97 7
100 22 63
76 62 45
29 47 65
72 22 90
49 12 93
38 50 65
4 24 78
4 90 33
49 25 44
97 23 73
62 27 41
73 39 85
79 57 3
63 39 75
96 40 84
71 32 20
44 35 12
9 13 76
59 39 58
27 63 84
31 77 29
76 44 46
27 41 36
57 60 32
98 43 67
23 83 3
76 38 13
23 97 84
63 68 82
48 94 9
79 59 67
38 44 98
28 19 56
53 51 61
56 14 54
4 77 9
13 85 19
54 63 59
83 51 77
63 41 13
19 91 80
4 39 56
36 54 64
94 35 21
59 65 59
76 20 30
79 13 78
70 13 98
32 41 3
1 42 6
45 22 69
27 78 4
5 32 53
77 23 33
16 69 31
3 49 70
52 7 98
95 72 22
1 59 61
85 69 100
48 62 26
37 79 31
79 96 37
8 61 76
44 24 22
71 75 89
18 68 67
56 26 31
46 54 57
42 44 83
56 52 44
1 12 24
57 79 35
7 10 87
92 50 65
45 81 30
8 53 25
61 19 80
93 67 22
50 13 69
12 88 28
6 63 3
63 18 42
19 67 62
47 2 12
90 13 28
43 6 28
78 97 1
46 42 31
63 1 16
42 31 52
27 44 50
55 3 80
3 12 34
7 83 9
17 42 63
52 89 41
11 98 31
95 28 42
37 54 13
13 15 57
21 29 23
63 23 27
39 8 26
37 95 45
72 61 65
60 67 19
42 30 53
96 12 33
85 23 92
86 60 5
29 67 17
30 5 45
75 76 84
27 32 7
95 23 83
15 34 15
20 80 33
95 80 80
78 46 94
27 53 56
38 78 50
78 31 31
67 74 41
95 98 55
64 57 55
28 13 19
84 39 44
64 55 95
47 29 99
83 37 20
41 24 95
40 30 10
49 35 97
61 21 38
72 16 39
52 3 47
56 92 93
20 29 37
82 19 84
93 32 18
16 26 64
9 57 43
69 32 88
30 91 7
9 77 66
29 72 48
52 98 70
95 32 100
58 17 39
3 31 26
99 13 37
33 35 65
92 68 80
50 47 27
28 12 32
25 53 79
26 41 53
51 6 48
94 58 78
96 71 24
33 88 94
7 55 20
50 58 91
93 7 13
63 79 95
79 61 89
36 33 19
49 88 47
75 68 26
40 39 80
15 1 56
32 99 100
61 30 86
21 20 7
74 89 4
12 38 77
96 71 45
51 64 15
35 89 73
49 55 7
16 29 83
96 84 27
8 58 81
54 31 71
47 58 19
96 15 42
8 28 96
26 32 97
48 37 40
59 45 78
89 6 35
6 89 63
72 87 9
1 97 98
37 11 8
29 45 29
62 95 36
11 73 63
90 86 11
55 82 71
54 18 9
10 5 7
36 72 26
23 6 89
32 63 69
75 21 47
96 83 6
36 55 42
60 75 89
70 14 25
51 64 65
32 64 3
65 87 20
31 88 79
62 32 91
100 94 79
24 23 76
14 6 67
16 32 1
63 86 29
32 12 58
40 87 31
13 43 52
95 60 28
47 93 40
27 66 60
59 18 64
72 3 88
35 8 72
3 67 42
77 79 5
25 22 5
19 43 56
76 53 81
4 84 43
25 82 44
38 33 21
18 38 59
26 58 44
20 32 57
34 2 23
81 81 84
87 67 8
28 65 51
19 29 50
93 94 85
78 28 33
86 82 72
88 80 16
7 65 25
25 21 95
40 27 19
37 86 75
75 47 83
21 45 57
36 39 9
81 40 96
32 22 100
46 43 87
85 85 95
39 84 18
63 74 11
39 67 11
20 92 26
95 81 11
73 4 54
60 23 46
47 50 46
17 59 82
37 70 90
83 93 41
84 23 83
53 59 65
12 44 38
57 84 22
7 18 62
60 95 64
97 9 88
7 93 69
80 47 13
6 34 20
87 54 10
2 75 66
46 9 50
5 12 86
81 64 44
96 68 14
43 87 50
9 31 82
45 67 72
36 1 24
60 83 93
88 56 62
45 10 27
92 43 47
71 65 34
4 80 39
26 83 59
78 46 27
6 37 96
44 26 9
40 3 53
30 13 12
79 41 48
34 83 85
58 87 78
3 44 22
65 98 62
89 65 95
86 49 44
1 42 70
100 57 52
47 33 39
35 11 2
95 46 57
58 80 98
82 93 16
34 70 33
19 97 40
39 64 95
42 39 72
7 24 3
64 95 20
15 69 68
57 8 73
7 92 78
21 63 65
5 74 72
20 61 35
37 74 86
88 39 74
39 12 92
94 44 38
92 24 20
52 39 23
51 91 87
26 39 71
36 57 4
48 87 14
13 37 71
35 46 76
19 62 60
70 15 73
75 38 53
24 1 15
58 41 59
6 69 8
32 49 1
83 86 37
51 13 67
60 63 58
84 73 40
44 66 93
9 36 26
57 25 88
4 50 28
78 48 93
64 42 15
21 55 21
62 93 44
93 27 3
87 55 46
94 62 11
24 26 70
71 87 77
47 14 34
95 9 88
1 8 51
71 78 75
13 53 7
5 47 89
68 75 49
20 21 24
79 5 46
26 19 95
3 84 60
12 41 49
32 39 40
86 84 78
20 28 13
27 100 82
78 83 40
78 50 46
11 1 81
88 34 33
89 96 64
84 38 97
77 24 21
38 97 96
96 98 99
42 28 20
85 71 75
27 88 33
20 60 51
33 39 52
35 73 33
34 29 95
59 99 85
92 99 65
3 93 56
39 72 64
50 19 14
23 34 16
50 23 12
96 5 31
23 63 20
93 41 63
43 88 1
77 47 28
92 23 90
66 84 39
74 11 1
19 57 28
54 9 39
17 60 82
47 57 91
81 1 62
46 53 76
72 56 99
38 91 8
6 19 56
67 50 39
86 86 48
100 45 8
7 81 9
7 50 22
8 5 28
51 62 8
53 36 32
30 5 98
41 52 17
74 27 79
16 30 23
18 71 68
51 52 34
19 43 59
85 7 49
94 89 70
30 42 74
3 81 54
30 8 25
64 94 31
86 36 68
76 44 36
66 42 30
36 51 88
36 86 61
81 16 81
67 81 2
86 75 53
4 80 12
73 20 96
16 24 55
8 38 54
63 100 12
8 81 51
23 78 59
57 69 32
43 47 89
63 51 23
5 10 13
93 64 84
37 75 81
38 45 78
17 58 58
16 67 74
44 12 39
5 75 23
92 96 83
18 55 42
62 36 77
63 25 79
99 43 63
50 29 45
80 18 4
10 77 78
94 72 21
62 49 95
98 74 80
89 50 41
11 24 51
15 81 22
80 59 12
46 34 86
82 71 71
31 54 29
71 9 73
86 7 72
53 59 14
11 26 54
52 56 94
11 37 18
18 80 26
43 40 70
95 100 88
97 99 61
22 91 37
100 52 60
49 50 43
27 9 23
53 20 10
78 53 68
67 91 22
64 48 94
33 33 99
16 14 47
10 65 55
92 13 24
34 67 46
84 35 22
56 8 22
93 69 87
23 27 19
99 91 3
62 96 96
37 25 34
97 5 51
41 2 18
85 88 63
6 80 99
45 79 85
6 46 24
94 71 53
24 50 79
64 9 61
22 80 90
74 84 79
72 37 29
24 63 71
37 41 26
5 91 43
61 43 88
39 74 85
48 24 87
82 100 34
59 79 68
80 95 67
70 52 98
51 25 17
93 48 95
7 8 78
37 46 43
9 21 35
95 14 8
54 15 99
16 19 64
19 47 52
51 92 8
3 11 53
17 85 50
40 22 76
44 58 94
99 53 12
61 74 88
100 94 71
17 62 65
14 37 97
86 95 94
49 35 80
43 82 45
47 78 10
12 2 99
12 91 40
46 28 22
11 49 20
71 38 62
95 3 66
32 60 13
44 50 58
55 58 26
26 55 20
84 2 22
26 12 43
41 81 49
10 38 70
19 75 83
4 55 49
48 97 38
57 49 40
59 21 66
23 10 76
5 25 57
12 39 66
65 85 62
21 6 53
75 5 57
68 97 6
53 23 55
18 75 9
51 37 23
5 89 93
34 82 68
31 33 71
26 23 59
45 4 82
17 15 58
18 96 86
100 86 8
92 40 13
91 100 76
75 14 58
15 75 79
96 48 77
23 66 78
3 5 64
65 45 31
46 99 93
37 20 58
28 39 11
75 70 39
22 64 15
17 38 37
94 60 82
15 46 81
45 98 92
64 41 82
21 27 64
22 48 22
9 46 93
54 87 99
26 77 89
90 9 57
53 72 7
81 21 94
3 76 86
63 4 55
58 62 57
1 25 59
23 78 72
89 2 3
97 61 26
21 84 9
11 55 43
62 4 88
100 80 67
72 94 96
34 66 38
62 44 32
73 3 88
95 18 47
43 49 18
62 10 56
60 72 92
6 31 50
76 63 11
37 85 53
83 21 48
11 91 64
46 79 44
42 20 97
11 10 79
27 68 5
47 59 45
5 31 48
77 67 30
17 99 5
7 14 63
60 14 10
14 81 7
100 87 32
72 28 16
11 42 32
82 44 36
51 11 75
71 30 80
39 25 39
42 83 32
67 87 29
1 53 45
3 14 26
94 43 17
37 42 63
57 56 16
63 70 41
68 14 49
1 18 27
87 64 43
16 88 42
89 63 91
64 73 32
17 72 37
62 9 72
33 15 69
35 11 99
2 89 91
20 66 9
30 48 99
99 29 2
2 12 97
20 33 1
46 4 92
13 29 15
50 36 23
41 61 85
10 89 78
11 88 81
45 45 35
100 56 30
25 92 70
44 43 76
35 27 9
83 12 94
42 22 93
98 69 74
29 63 81
1 39 54
89 83 76
50 87 100
46 2 25
88 98 4
96 17 45
97 84 53
63 69 71
48 75 95
41 49 20
72 33 1
98 43 30
41 64 80
64 79 98
9 35 48
54 14 94
29 47 81
60 2 21
43 27 98
17 27 93
94 9 35
83 42 67
51 31 99
39 25 21
10 54 55
63 96 95
97 68 96
86 47 41
75 27 5
9 36 55
43 51 20
54 32 49
28 60 33
15 35 42
18 52 9
41 67 78
28 48 89
52 81 37
55 59 22
67 98 27
5 69 61
65 1 57
98 77 60
23 74 5
97 11 86
15 47 6
13 69 77
90 73 84
20 57 40
7 69 32
60 70 4
55 87 12
7 43 49
89 37 22
91 70 61
66 2 81
70 33 78
1 7 28
26 60 88
35 16 65
41 42 65
89 48 54
97 71 67
12 34 100
59 69 29
97 92 71
57 75 4
61 43 26
96 95 44
14 10 28
8 93 55
92 11 70
47 86 86
95 16 17
26 67 35
87 10 33
41 20 100
96 86 79
3 39 65
74 28 62
98 15 58
19 26 82
2 1 63
26 54 55
10 31 17
18 5 97
12 86 53
71 61 6
51 72 3
56 70 75
64 8 40
30 16 20
91 6 48
90 91 43
36 100 77
48 92 79
33 11 58
84 56 42
17 47 73
36 1 33
20 72 55
93 15 51
78 77 78
32 56 69
14 20 4
56 58 71
76 100 42
60 17 91
86 6 67
35 59 80
91 24 100
83 77 63
100 80 20
32 53 33
47 17 52
86 72 4
96 75 43
30 87 100
61 84 95
87 80 14
90 70 79
63 89 43
30 72 46
30 19 91
19 71 25
9 45 82
19 11 6
26 44 57
37 39 49
55 24 82
68 80 56
1 47 91
1 15 11
27 33 89
76 16 43
75 73 100
50 31 23
87 97 65
80 85 7
98 7 28
16 59 80
39 38 85
18 64 82
85 12 97
68 93 14
20 35 20
10 7 16
77 85 73
69 17 31
16 51 43
72 95 38
95 26 10
20 38 88
81 45 50
61 80 82
2 58 96
91 7 36
96 84 94
96 20 61
63 96 44
79 71 4
41 93 36
27 89 7
78 1 49
73 19 76
36 20 1
9 38 80
46 85 66
16 75 75
95 31 28
52 70 42
44 53 42
12 84 44
12 47 68
83 2 18
65 35 3
83 42 2
95 10 20
51 83 21
55 26 88
20 83 49
12 81 41
11 91 35
17 46 38
94 44 45
39 3 80
67 60 62
46 4 58
85 82 5
100 29 16
97 86 57
55 42 21
58 14 18
87 13 5
32 16 52
5 85 79
61 60 16
30 18 83
23 98 23
84 76 84
36 76 90
72 60 32
57 84 77
71 76 67
17 88 64
14 37 91
68 18 37
94 4 3
100 1 32
64 91 55
25 71 83
94 32 39
98 18 92
82 4 94
80 40 76
11 94 34
54 91 56
37 98 93
17 82 54
1 46 99
3 1 72
45 15 27
66 33 25
39 66 74
30 59 61
53 15 91
80 59 94
87 12 55
52 48 100
48 25 100
45 77 3
94 91 58
13 19 29
39 9 94
46 24 70
18 82 48
77 94 57
50 31 94
21 36 19
10 42 28
2 61 99
42 86 62
84 36 68
25 98 68
59 98 34
36 87 80
3 89 87
56 98 17
53 33 27
55 25 63
64 22 27
67 72 49
33 25 57
60 36 10
32 22 1
38 18 89
51 28 1
64 32 15
90 49 46
34 13 22
21 58 6
80 55 99
28 13 22
62 4 13
45 86 12
93 31 23
24 43 6
1 77 51
60 58 70
88 50 92
15 68 42
66 82 47
100 31 16
67 30 61
13 10 61
47 95 84
7 60 10
57 11 52
11 6 27
79 11 91
7 60 95
46 100 77
83 21 3
20 63 33
28 15 45
94 34 24
39 15 62
78 12 54
57 67 62
22 10 90
90 82 10
5 90 35
18 24 14
2 55 46
47 30 95
27 69 26
84 15 9
55 67 2
47 62 43
42 30 49
95 96 8
90 37 9
24 22 49
44 36 63
7 79 46
67 22 84
21 68 69
10 35 59
26 46 71
94 66 81
98 41 63
33 89 62
95 87 53
24 57 3
30 86 67
54 36 72
68 27 95
79 47 7
35 10 40
66 92 80
26 29 48
21 79 4
42 56 3
81 92 28
19 65 37
40 40 81
53 25 39
53 47 52
37 73 89
94 82 23
63 34 9
20 50 45
96 64 8
70 31 55
26 95 92
63 65 42
65 80 100
61 79 75
20 4 39
95 15 22
2 26 19
64 22 21
31 6 13
8 74 74
44 35 85
34 18 34
95 57 41
49 4 23
42 54 92
78 48 3
14 13 76
21 50 90
42 42 92
54 91 46
50 99 78
54 80 82
73 26 14
63 65 47
18 2 34
95 86 18
77 28 48
67 73 31
51 90 8
51 21 27
10 8 54
97 89 66
80 1 91
64 80 61
95 63 76
22 42 6
82 18 60
4 85 36
73 91 45
52 80 33
56 45 82
46 69 5
25 36 61
22 51 22
52 75 19
19 63 42
35 14 4
67 84 88
72 36 26
48 92 54
44 26 30
17 38 60
19 42 85
59 32 71
70 28 49
89 86 17
88 22 73
85 6 4
75 88 4
6 38 31
91 62 5
51 10 46
54 16 60
21 99 96
86 10 97
70 52 37
74 89 93
30 69 5
68 3 46
7 4 10
92 38 11
67 80 77
85 75 74
62 33 100
1 24 97
50 60 81
36 92 55
17 73 8
86 81 23
14 76 88
50 75 98
90 37 42
12 55 74
29 42 21
14 37 83
13 57 45
41 54 93
27 55 18
8 21 2
80 70 60
38 61 7
58 4 54
65 71 83
11 89 41
56 20 97
72 100 63
95 78 42
44 93 62
31 65 63
66 70 68
2 98 48
39 50 9
96 47 3
24 27 28
94 54 46
66 32 12
82 83 20
97 35 17
3 54 26
25 4 100
21 88 22
38 82 31
68 100 51
9 24 36
100 14 77
96 50 43
76 65 71
21 86 54
87 51 32
36 89 67
90 22 68
13 26 15
20 59 51
56 89 32
74 53 25
81 24 54
60 14 37
75 68 56
1 35 96
2 24 61
99 62 15
24 12 71
24 52 21
7 100 97
66 86 6
49 52 11
85 90 26
44 11 36
6 61 45
25 4 22
78 96 15
69 28 45
49 65 92
74 84 18
85 25 84
38 88 37
11 55 40
79 75 30
31 5 68
38 27 95
48 47 16
33 98 49
47 31 91
70 87 41
52 66 41
69 89 41
24 96 45
59 19 31
49 8 73
10 29 16
43 47 77
97 58 36
18 58 58
12 3 21
51 79 59
13 79 88
51 58 16
64 27 93
23 77 66
6 50 79
21 5 16
73 21 77
26 10 13
81 96 61
8 22 81
27 14 62
77 73 82
57 39 90
86 84 70
65 33 63
44 99 73
33 87 66
100 29 15
51 71 18
2 95 24
99 16 89
26 43 79
89 99 57
94 83 31
32 57 86
87 97 50
24 17 92
36 28 75
12 41 40
36 80 4
87 73 17
13 47 56
52 1 28
76 82 33
45 75 80
15 48 1
27 89 91
18 15 25
23 7 16
43 49 59
57 14 70
86 82 10
94 40 18
3 99 42
52 54 56
68 35 50
40 71 50
73 67 89
65 3 45
90 60 53
95 15 83
100 24 83
67 11 39
84 36 17
50 61 87
57 57 81
57 35 62
65 64 74
99 91 56
7 90 21
2 91 19
99 16 26
10 66 61
76 48 3
75 57 49
27 20 70
16 52 81
4 13 83
55 86 78
4 95 96
55 73 2
35 98 6
10 12 41
65 14 32
28 59 64
99 9 11
81 52 95
54 9 43
42 5 27
62 30 77
66 81 31
75 100 18
51 73 71
33 87 81
42 12 33
20 23 48
14 31 68
50 33 27
48 98 60
85 64 96
38 59 44
11 31 50
78 22 94
76 69 67
32 9 37
20 17 10
1 74 27
58 54 12
62 74 5
10 42 69
85 46 35
52 21 27
19 46 19
38 38 80
32 7 28
82 14 67
7 77 94
99 17 94
99 35 67
95 66 81
39 60 68
18 86 73
19 42 84
60 50 73
53 7 82
81 17 79
98 52 16
84 89 6
13 61 36
15 46 50
45 59 6
13 45 33
34 83 13
48 17 60
97 3 56
69 23 55
71 5 77
100 63 24
44 1 40
63 3 5
24 40 15
53 5 72
33 66 43
88 56 52
55 99 15
42 71 51
6 19 93
2 78 12
59 85 80
69 50 65
88 47 66
76 74 88
9 49 50
28 40 94
76 86 65
79 42 33
96 55 43
7 17 2
15 38 8
72 67 75
86 16 3
34 39 100
12 9 38
51 14 48
82 29 12
56 31 35
31 37 80
13 96 46
97 12 9
79 83 17
25 65 27
77 88 16
9 79 37
25 80 23
15 58 91
58 60 23
50 93 84
71 88 11
51 99 51
27 50 78
16 43 88
56 81 76
39 12 61
33 99 27
96 11 10
47 18 8
20 7 57
25 17 90
48 81 39
22 7 91
29 55 34
84 68 88
65 2 75
69 8 50
73 33 24
43 18 33
41 24 75
12 35 89
33 16 41
56 3 37
30 73 18
90 42 72
87 7 42
7 64 9
63 92 15
69 94 46
40 82 85
76 68 21
88 100 51
88 46 63
84 14 24
83 14 42
82 13 87
33 29 99
1 84 13
89 78 21
50 96 73
89 14 64
94 65 24
65 50 94
20 52 69
4 23 35
97 12 17
47 15 85
91 80 5
6 76 100
98 98 39
54 65 13
34 30 25
81 25 6
31 58 61
72 96 83
42 81 24
60 51 24
4 12 92
68 50 70
16 74 20
17 27 20
84 97 42
84 74 23
92 47 22
45 12 43
65 34 73
15 36 55
52 57 46
51 40 21
74 54 4
13 78 20
64 45 4
97 95 43
61 84 1
1 3 40
50 100 50
84 39 49
91 53 52
8 99 59
74 47 85
99 89 51
22 10 4
47 10 77
51 91 29
28 34 56
35 15 58
89 18 32
2 6 17
43 28 16
37 14 50
66 76 47
54 72 88
67 70 14
84 20 63
79 25 28
58 89 64
78 43 50
57 76 61
61 29 19
56 98 3
98 91 39
64 70 72
55 34 100
36 32 36
54 100 65
99 90 13
96 57 51
89 88 76
15 53 28
83 10 81
51 3 51
85 44 30
40 61 10
67 89 1
33 21 57
28 31 47
5 82 81
11 10 48
4 37 28
91 4 12
34 60 47
36 51 92
50 42 53
81 27 92
12 26 98
100 85 97
1 71 10
38 90 76
25 63 86
97 15 79
11 65 52
77 81 51
17 40 13
88 53 78
42 83 28
15 69 26
24 76 25
33 75 28
98 70 16
3 7 13
76 74 16
31 81 7
77 54 64
95 45 84
33 75 66
95 4 1
65 98 10
31 15 73
44 84 29
52 64 69
50 53 92
91 33 87
9 62 10
93 3 51
15 51 3
49 51 61
68 3 27
65 68 98
99 4 17
22 36 11
14 77 31
89 57 27
64 50 65
39 44 20
59 51 87
53 6 19
36 24 3
99 32 86
73 90 51
28 6 25
82 47 47
97 62 46
64 19 19
13 70 43
29 53 24
43 58 75
3 90 35
41 75 59
33 78 67
3 90 92
96 46 30
92 7 67
51 66 77
100 41 12
58 29 3
81 48 90
32 43 49
66 46 68
81 24 70
66 68 11
57 76 43
92 93 50
20 50 25
26 91 85
83 84 28
24 8 38
79 60 46
77 58 87
26 89 62
40 50 4
4 55 5
15 51 25
82 25 54
25 69 99
18 11 28
63 71 7
54 37 96
71 43 99
97 16 57
78 54 89
68 98 79
2 53 80
17 8 74
39 63 81
27 3 21
82 75 98
75 97 80
3 92 7
10 96 77
70 32 97
20 24 71
81 94 73
23 52 10
83 67 48
29 54 87
33 68 16
80 20 1
31 88 33
48 65 74
14 32 91
36 1 93
29 11 1
98 85 58
2 65 2
26 95 45
51 74 69
24 45 47
40 28 78
7 47 48
61 19 53
1 4 14
93 89 94
9 44 92
45 46 28
88 90 64
69 99 49
53 1 36
39 89 51
70 80 11
98 62 83
45 64 89
26 5 63
2 3 96
65 73 100
53 93 98
99 82 41
37 1 91
52 16 39
95 48 63
20 39 13
71 44 75
4 64 70
72 91 11
23 21 62
40 36 67
52 85 6
16 98 90
25 29 74
50 19 96
86 20 33
94 62 14
17 51 98
67 25 81
75 1 58
77 5 31
40 77 43
94 65 44
13 13 73
15 14 45
65 29 1
34 41 14
35 39 27
61 41 60
100 3 94
97 64 64
14 75 3
42 20 24
52 24 23
13 2 76
53 39 53
8 64 88
94 88 32
10 9 75
37 63 99
96 30 18
75 91 36
61 4 32
87 31 45
5 67 35
55 93 9
46 49 39
76 20 71
38 25 87
61 20 83
56 65 8
55 62 63
67 49 86
15 31 88
75 37 74
34 3 32
10 37 51
47 66 98
47 87 9
30 79 55
36 79 47
34 99 54
59 69 84
30 70 12
96 78 96
28 90 99
51 30 16
68 82 35
41 72 86
36 28 38
76 24 53
53 76 86
36 61 60
44 43 55
51 38 56
48 40 27
32 44 31
62 3 14
87 86 13
69 30 44
54 38 23
75 70 99
15 11 44
50 36 81
82 27 18
27 25 8
35 3 5
86 43 42
63 8 70
96 99 93
65 86 64
49 30 5
76 32 71
18 3 52
92 77 70
29 81 88
70 95 59
60 19 69
93 7 7
48 13 62
56 54 59
87 85 52
67 63 14
94 88 62
69 13 100
60 2 38
63 29 77
85 51 65
68 34 79
30 75 39
71 21 18
45 85 60
46 61 33
78 21 7
49 56 35
74 79 58
67 32 45
54 45 52
93 18 79
50 7 51
72 45 37
13 17 54
58 94 28
28 97 32
42 16 92
20 80 68
19 25 48
25 69 27
88 95 67
80 28 40
65 27 87
55 62 79
32 71 24
39 99 34
99 32 89
36 9 26
12 86 9
13 78 77
3 81 72
98 20 57
10 70 63
96 49 22
10 63 92
22 77 33
8 53 35
43 43 86
66 66 32
58 92 92
61 20 23
100 100 86
79 54 56
96 62 77
36 1 53
15 52 39
30 81 65
59 96 16
12 15 13
92 35 93
3 42 16
81 64 8
47 10 35
40 2 39
56 64 10
26 85 4
9 49 7
96 85 47
91 21 85
27 25 73
21 6 7
20 65 77
83 18 83
50 98 58
6 36 46
41 9 8
34 46 88
35 87 73
63 42 75
59 85 28
70 38 90
86 16 23
47 63 9
100 94 26
36 63 37
3 14 88
20 13 72
82 17 37
44 56 99
20 100 17
100 38 19
87 88 89
1 29 42
51 78 46
37 20 3
76 4 80
94 58 81
90 86 94
32 38 63
17 18 92
59 94 54
58 86 18
50 49 69
33 20 47
60 63 21
47 23 31
100 53 13
25 34 32
55 75 18
82 26 81
44 90 39
36 68 19
66 22 65
67 75 54
62 89 1
49 51 99
87 28 65
72 76 68
21 71 57
77 73 5
45 53 50
27 46 49
16 17 40
49 49 23
63 30 30
2 97 99
58 24 37
89 69 10
78 26 35
52 40 64
40 26 5
32 40 7
42 11 10
68 28 47
70 99 83
36 99 93
20 92 96
28 42 37
28 1 25
86 45 41
49 12 23
75 73 87
7 85 92
88 74 26
66 17 29
95 81 60
12 10 21
13 56 50
76 6 88
34 87 76
14 28 30
51 9 50
61 62 8
5 70 10
88 52 8
53 26 39
64 20 46
94 85 35
91 53 46
34 9 24
45 57 32
41 94 24
80 19 39
1 28 67
80 54 71
66 64 40
19 59 80
43 100 71
33 81 29
57 1 48
4 35 91
47 75 26
86 6 56
71 2 63
11 49 93
45 42 83
89 46 31
69 19 46
20 10 76
1 26 62
1 8 36
12 29 8
62 47 67
8 55 70
91 90 69
51 40 14
67 10 62
40 62 69
83 24 28
14 17 67
93 87 27
25 3 61
14 82 67
53 57 45
74 36 97
66 14 89
73 51 84
47 68 88
15 21 5
62 50 59
52 54 11
61 84 12
97 99 77
9 11 16
100 18 94
2 37 86
19 63 7
9 17 94
26 13 69
32 1 49
91 91 42
53 91 37
51 83 71
68 94 91
34 32 77
65 37 73
28 57 91
7 99 99
42 71 47
29 66 14
4 4 87
35 37 81
77 83 89
99 3 33
81 63 23
60 90 79
41 56 82
47 18 57
26 27 11
38 23 18
72 80 80
4 28 96
24 15 24
72 49 83
1 30 52
59 73 48
77 52 99
83 22 46
80 92 48
66 70 54
43 1 34
47 53 11
46 67 72
28 63 84
2 13 87
51 99 30
50 39 31
4 91 36
91 73 19
78 20 19
9 9 97
46 74 99
55 8 20
88 8 49
64 43 25
47 83 85
51 19 79
30 69 1
9 38 52
88 63 20
90 62 45
4 10 89
20 21 93
32 7 67
54 94 41
85 26 86
93 59 18
45 43 60
90 17 31
94 18 84
72 7 86
43 38 21
67 71 21
75 20 98
92 74 78
75 81 45
27 65 21
26 26 31
13 93 53
78 62 93
88 88 48
94 92 88
64 71 50
56 90 73
97 23 58
26 67 22
29 17 81
66 32 5
62 27 55
83 68 52
73 14 69
74 52 39
23 36 13
16 7 12
89 78 82
8 88 75
73 95 65
50 100 88
25 73 67
39 34 74
99 96 50
74 21 56
3 2 95
8 83 37
78 37 85
96 2 36
59 34 19
43 8 39
85 58 82
63 29 58
54 48 57
52 87 47
42 7 28
76 20 53
75 51 34
98 60 56
5 49 7
36 60 40
74 7 94
71 25 92
15 62 93
29 82 64
29 28 52
55 4 77
28 81 99
31 36 8
4 33 97
90 11 8
48 53 7
81 69 44
76 55 25
5 88 19
36 5 51
69 78 1
46 80 46
56 63 16
47 56 93
98 75 70
67 90 54
70 3 97
9 78 32
27 1 42
13 54 39
63 100 90
2 73 10
68 96 53
52 15 46
29 87 77
86 8 45
41 3 58
21 27 99
62 29 83
9 80 12
40 31 97
95 69 88
68 43 74
97 4 72
46 36 12
34 74 78
24 40 98
36 30 26
12 54 3
80 83 23
76 61 40
18 71 39
84 55 79
18 74 51
32 93 38
67 30 79
70 99 18
67 73 39
64 88 49
50 72 13
95 13 39
57 58 95
65 50 44
36 85 28
80 49 83
94 96 1
67 86 9
3 20 29
93 90 80
71 22 82
21 48 14
50 56 51
73 99 90
81 5 98
33 83 83
18 98 69
71 43 56
11 91 36
49 62 78
95 18 83
61 94 80
35 92 30
27 6 40
25 53 41
76 78 8
26 66 79
22 21 19
96 52 29
44 64 15
29 23 51
13 77 49
65 41 13
19 42 6
31 45 16
49 97 98
99 23 80
85 1 10
80 44 79
41 51 1
90 51 58
43 74 47
84 33 4
54 56 79
47 94 97
75 70 2
99 56 78
87 17 32
57 2 53
66 5 6
16 31 6
81 25 83
38 51 10
56 71 89
28 16 78
91 6 78
99 35 17
48 40 29
41 67 57
68 80 54
32 14 52
28 96 19
84 51 65
58 67 100
75 71 57
87 55 96
30 29 65
59 89 59
44 83 81
100 58 33
7 98 99
65 43 13
36 8 63
72 90 6
27 25 84
71 41 81
32 31 61
35 47 35
57 21 71
34 50 94
60 59 25
23 89 54
21 64 30
46 30 86
96 57 77
95 2 2
18 70 86
88 3 72
91 74 50
65 63 36
53 99 63
29 34 49
31 68 75
12 95 54
10 7 90
64 80 34
58 23 41
55 67 38
69 35 41
90 72 70
64 96 7
30 44 14
10 52 66
50 23 50
11 95 8
16 61 78
59 97 39
67 16 62
100 76 65
8 30 7
83 80 48
79 5 69
58 50 59
90 75 62
74 5 23
71 4 64
23 57 28
71 53 62
100 32 2
85 29 67
8 98 12
87 25 8
14 60 45
44 45 58
100 72 97
66 45 40
17 91 8
58 24 12
15 82 8
75 40 48
42 61 50
71 26 86
71 65 69
10 16 65
81 56 71
80 17 15
4 17 59
68 60 47
92 67 80
72 73 48
45 44 12
32 33 51
56 45 61
10 98 95
74 20 21
19 42 18
9 40 46
97 35 26
46 29 72
18 35 94
95 42 66
92 76 58
84 57 64
4 82 36
52 97 100
40 81 19
85 87 90
89 14 100
22 35 59
63 97 61
92 51 84
80 25 50
7 10 44
33 3 80
100 34 71
91 77 69
69 92 80
8 96 39
97 37 20
28 73 70
3 32 42
85 36 1
1 38 48
72 7 97
14 8 47
51 87 53
43 73 48
74 93 54
69 29 5
83 27 75
92 70 47
35 42 75
26 70 76
68 19 55
26 59 63
54 98 28
74 94 86
40 95 4
3 97 42
87 75 29
62 93 37
45 13 26
37 34 45
71 3 16
41 63 59
71 44 77
37 65 34
79 14 12
37 74 16
28 13 79
64 25 91
3 47 59
86 88 30
59 29 26
48 81 58
58 63 2
23 50 47
32 39 75
37 12 44
8 58 90
45 66 44
63 30 79
52 98 72
83 52 97
67 97 76
87 28 2
50 69 93
55 18 5
54 67 30
52 14 26
43 30 51
46 19 94
12 37 69
80 36 57
43 38 52
98 83 42
49 93 3
80 64 31
6 54 70
22 43 12
65 28 20
1 10 100
57 45 3
32 36 55
86 8 86
31 66 32
84 77 11
43 48 49
36 12 18
38 23 8
52 91 91
63 36 24
87 44 95
34 30 62
36 23 80
37 98 5
60 51 2
75 51 31
45 84 12
26 29 91
79 23 7
20 44 88
100 19 85
27 66 10
93 33 72
49 24 82
97 26 83
86 88 20
54 46 55
12 26 94
23 20 95
20 12 10
58 93 45
55 100 38
37 92 89
17 68 43
29 4 68
12 65 12
59 65 32
39 93 88
83 73 54
29 9 13
100 51 27
17 23 47
9 48 98
38 37 98
96 36 80
25 51 16
78 25 86
61 80 36
62 40 70
2 58 40
72 32 31
51 73 46
63 50 63
38 7 86
100 41 78
47 62 87
13 14 64
89 88 37
91 58 59
6 27 52
28 40 33
36 23 84
88 25 61
14 14 14
28 36 32
38 15 44
40 28 89
94 48 60
24 38 53
71 79 87
43 97 38
99 90 7
45 97 28
28 10 92
34 37 1
36 16 38
17 11 44
1 60 44
85 66 99
3 34 4
43 33 77
90 62 41
43 45 42
98 22 81
18 78 48
41 44 51
18 62 34
3 3 68
24 49 92
1 62 40
61 34 10
58 81 94
58 23 43
12 6 16
50 73 45
35 35 31
6 8 76
74 54 70
54 61 65
84 90 50
93 5 88
76 15 64
1 40 97
80 81 14
84 82 74
14 46 48
58 85 32
87 4 18
98 46 44
33 89 1
93 58 55
39 11 40
76 38 76
47 4 93
10 42 50
33 66 17
77 64 62
69 25 90
30 13 74
58 67 58
33 6 49
85 13 79
88 79 87
100 57 33
7 72 19
68 95 98
67 66 4
62 22 10
47 60 83
70 52 52
6 91 15
12 36 34
14 68 80
65 91 99
100 50 60
49 48 24
76 42 93
62 1 57
96 58 74
93 10 43
90 74 90
6 8 83
94 44 39
5 50 58
4 4 11
59 94 56
77 83 13
37 11 30
82 65 26
2 67 27
90 84 89
57 32 27
81 2 71
30 46 81
63 15 92
4 22 15
3 87 22
16 18 25
91 59 86
59 14 23
48 21 20
81 6 27
8 79 5
97 22 99
31 92 80
3 48 3
32 59 2
76 13 73
22 16 72
96 42 67
10 38 80
86 21 93
33 28 1
66 30 24
88 52 65
68 3 69
84 12 100
27 80 23
89 5 6
39 92 50
9 9 75
88 99 21
13 33 35
66 31 94
56 26 69
11 16 50
35 29 53
9 94 30
76 80 79
16 16 62
27 99 45
99 32 23
18 30 88
4 66 2
30 97 32
95 50 90
34 4 56
78 8 17
2 73 54
14 88 31
74 41 86
7 29 84
74 92 44
69 10 65
26 75 23
71 13 11
65 73 19
21 90 66
50 64 20
4 26 10
15 23 21
43 74 90
22 40 3
4 48 87
4 100 51
17 43 62
16 22 46
42 97 63
60 10 73
68 92 20
75 24 20
28 97 83
76 12 65
18 36 11
24 26 75
22 77 62
25 29 64
69 11 100
24 93 65
5 81 96
87 3 61
58 40 22
70 62 68
36 80 4
3 88 18
73 87 46
48 88 68
13 18 44
76 2 40
29 16 3
90 62 1
9 55 75
99 84 89
22 100 28
5 88 60
50 37 32
44 99 78
25 87 88
83 77 34
79 24 8
15 51 52
23 47 63
84 62 46
98 49 4
91 54 24
73 73 91
74 62 69
4 25 64
93 28 59
36 36 8
56 88 49
4 73 54
68 37 51
35 23 98
9 50 69
55 44 73
3 56 48
10 90 65
77 81 51
17 86 2
23 14 5
91 30 42
12 53 29
73 31 12
60 96 34
3 52 79
83 88 46
13 11 14
72 94 28
42 55 35
47 46 35
62 5 74
70 98 61
89 93 38
12 35 73
67 75 73
35 56 57
15 9 32
86 75 75
1 31 99
13 46 50
39 88 50
18 100 33
7 66 38
19 73 1
35 40 74
88 13 12
75 97 59
11 29 66
22 59 13
94 70 36
4 90 73
27 22 38
75 52 31
16 1 86
53 37 46
5 9 37
72 27 47
34 77 83
52 97 68
21 68 58
91 2 74
31 21 81
78 42 24
31 47 9
88 82 72
9 52 80
55 5 96
58 71 29
53 32 76
43 74 95
29 23 50
18 65 50
51 77 1
42 49 60
13 97 96
83 40 90
87 64 91
72 98 8
48 87 12
34 69 62
11 40 50
36 4 16
74 43 76
11 70 24
83 44 47
73 79 81
39 31 30
51 90 26
14 42 54
53 22 17
22 31 46
79 36 62
59 21 93
44 97 47
33 56 45
91 96 17
66 79 42
28 9 88
56 2 39
78 3 11
19 67 80
39 48 91
75 31 91
4 92 82
45 30 56
90 50 21
5 67 58
95 42 7
9 98 62
33 57 97
57 9 87
88 59 5
52 85 49
99 66 56
83 32 38
47 38 39
36 19 75
92 17 34
52 64 36
4 37 88
74 71 85
22 79 22
45 4 24
98 60 23
41 89 36
60 23 15
50 67 11
72 39 11
35 77 71
57 89 72
51 95 91
66 20 50
5 22 75
21 19 18
93 66 33
60 68 90
95 17 15
62 79 17
55 99 11
59 25 28
43 29 57
55 72 77
31 28 5
88 17 79
10 73 20
64 46 26
56 100 59
87 99 47
51 59 91
55 59 33
1 93 56
11 11 48
39 99 55
38 59 79
3 41 38
76 92 5
11 81 32
4 92 22
58 86 5
96 67 9
41 9 1
8 4 22
100 8 22
65 54 32
62 34 73
92 89 26
52 84 40
87 37 32
6 69 20
78 90 31
58 15 78
99 86 44
24 78 44
62 82 27
89 34 87
69 50 92
23 55 11
51 92 88
10 90 16
38 8 8
38 35 42
13 56 26
41 28 65
13 82 19
18 55 39
95 24 5
56 78 46
15 70 63
69 96 83
95 33 54
35 33 49
10 27 5
82 70 74
98 5 53
24 46 78
84 39 78
28 73 86
70 9 37
47 28 25
11 59 89
42 61 63
56 80 71
70 94 31
43 61 48
43 80 59
11 95 83
96 55 94
92 72 6
53 96 37
34 58 97
24 30 79
45 51 81
52 67 10
2 11 71
70 24 72
64 11 11
27 63 97
99 92 54
66 16 86
67 1 57
89 36 52
44 64 79
24 47 61
29 36 19
88 30 59
31 92 53
26 78 22
22 46 48
68 25 54
27 46 28
21 97 16
53 1 53
36 98 19
45 92 43
6 57 91
49 20 57
19 90 43
28 6 42
16 85 9
53 25 4
40 75 24
100 2 64
33 1 86
43 33 62
7 61 25
50 18 15
95 26 93
1 26 7
68 8 44
39 81 84
6 64 34
64 59 46
2 6 89
11 86 7
72 69 10
53 17 16
26 70 78
27 57 42
12 36 34
57 94 4
68 64 33
98 88 86
44 99 24
52 74 14
47 92 72
10 43 32
13 40 56
46 17 60
8 94 12
73 54 99
21 25 45
34 55 37
58 31 53
7 23 17
74 34 78
7 32 98
57 91 15
8 41 68
44 19 58
10 30 61
88 66 56
37 7 13
100 86 83
47 59 46
77 70 94
55 7 48
96 13 84
94 39 5
26 78 78
2 88 78
100 29 63
12 14 15
38 83 53
20 11 28
36 99 19
5 52 3
69 60 26
53 82 78
100 62 27
68 7 9
60 100 20
75 89 46
100 69 52
90 54 38
23 69 40
86 6 61
45 30 64
1 73 94
83 63 35
74 36 44
80 92 83
72 3 77
34 90 73
6 35 90
45 30 20
57 71 88
84 36 71
28 96 23
83 49 2
63 37 59
87 51 88
42 2 92
12 40 21
66 84 79
69 85 47
68 17 74
2 9 64
26 98 19
51 62 30
89 74 88
34 60 95
95 36 9
95 49 59
11 81 16
22 78 5
22 38 46
92 79 69
80 62 15
70 42 59
36 19 53
96 6 53
90 45 89
79 51 37
24 60 82
40 66 45
27 97 39
12 39 86
49 52 28
8 67 19
69 63 6
73 52 53
14 7 12
10 46 39
94 35 29
39 91 34
79 68 67
1 30 31
75 24 51
77 36 56
60 63 11
84 82 57
52 16 42
75 99 94
66 12 82
33 33 63
70 9 23
54 69 87
5 69 1
72 69 24
54 9 59
80 77 62
72 40 85
54 4 85
49 80 23
58 25 23
19 44 47
44 100 52
55 28 61
71 47 35
29 14 64
58 53 69
6 16 100
7 34 48
24 52 91
8 27 38
76 88 95
66 60 98
8 6 92
44 63 7
68 84 81
28 42 66
94 49 19
62 73 84
63 97 2
19 96 75
38 80 41
53 35 53
1 62 55
19 25 48
66 3 28
86 100 51
26 28 84
89 95 89
31 37 69
90 82 54
98 48 64
12 68 25
45 49 86
22 5 13
41 5 94
7 57 46
62 20 60
33 44 78
44 57 99
68 23 52
64 62 53
63 71 9
64 8 13
73 63 7
19 21 35
34 84 81
68 5 43
77 39 99
34 14 95
91 86 41
62 89 55
59 75 4
6 37 60
92 100 90
80 71 48
66 32 1
15 31 76
67 59 98
48 33 25
3 75 11
20 6 63
47 10 82
39 83 78
2 2 10
19 32 8
17 16 18
83 5 4
8 67 70
36 44 16
90 78 42
68 79 19
71 17 14
79 26 17
66 83 46
72 98 98
9 99 11
33 79 44
70 62 37
38 14 98
39 44 9
32 100 41
70 98 26
78 55 59
59 37 11
35 55 67
59 12 54
89 7 58
63 61 58
54 44 94
65 97 91
5 69 94
85 61 37
80 34 69
9 42 68
48 24 90
6 19 60
13 9 16
31 66 20
1 88 37
11 29 38
85 69 71
84 29 29
6 81 58
38 28 56
95 6 95
56 61 82
11 30 95
24 52 48
69 30 61
43 27 25
59 35 94
85 46 81
91 3 19
11 100 45
4 51 6
58 78 30
64 35 22
50 75 59
47 16 45
19 26 44
80 99 2
69 32 5
80 46 6
49 72 46
75 58 96
78 99 56
31 99 92
13 53 74
86 77 6
62 25 22
3 38 74
59 88 59
45 33 12
10 29 23
12 71 84
83 39 90
41 99 53
25 85 100
88 29 74
63 40 96
35 52 92
68 25 48
83 90 2
69 35 31
41 21 58
42 92 44
93 32 14
73 79 51
88 28 86
57 55 40
51 69 37
28 94 15
37 11 6
44 42 31
8 33 30
14 27 13
96 89 24
24 79 41
91 47 82
9 19 92
23 36 40
56 58 36
60 44 32
4 76 15
21 57 5
90 52 85
16 85 44
41 53 7
43 24 26
47 24 5
94 39 98
70 83 80
67 86 27
31 56 3
99 24 46
65 2 51
89 81 19
72 8 22
92 69 99
86 63 37
18 54 45
2 27 93
21 5 93
90 18 76
17 52 10
38 93 45
61 33 6
73 70 93
66 85 79
28 41 64
1 29 23
24 8 63
58 76 27
50 53 35
92 96 44
55 38 43
61 13 84
87 39 25
15 26 70
47 96 16
9 49 69
73 34 95
5 48 35
88 14 35
76 25 92
79 25 15
78 73 83
75 34 4
7 11 43
70 22 90
9 12 50
3 2 82
7 3 98
2 94 5
81 80 72
90 72 83
98 35 49
66 11 77
22 57 47
72 85 80
59 22 1
21 11 69
77 57 40
50 79 27
66 86 49
33 6 54
74 35 53
14 57 6
70 80 68
28 36 65
1 3 90
15 2 14
37 29 91
50 46 47
59 30 57
47 59 15
35 51 100
36 19 23
76 94 10
71 40 20
11 78 70
26 23 33
49 87 6
46 99 96
48 73 19
34 26 98
75 47 10
84 56 80
7 47 23
7 35 15
15 90 55
82 1 69
38 51 35
95 30 88
92 83 100
95 48 79
68 1 76
4 56 31
92 87 97
71 51 86
76 50 72
2 29 50
42 18 87
16 12 86
55 25 5
39 88 80
10 78 1
15 27 23
75 9 35
59 77 67
62 60 59
98 4 56
88 15 63
10 22 77
9 40 78
8 27 16
71 21 45
37 60 77
18 94 74
75 47 17
9 81 74
48 5 56
15 91 100
75 31 85
62 39 57
13 54 60
66 13 44
58 97 92
17 60 2
20 48 91
51 70 72
84 22 55
17 40 40
74 47 78
45 52 94
53 80 66
41 52 28
93 93 76
25 47 94
62 89 70
82 80 62
73 94 15
8 88 82
15 65 90
29 94 39
62 10 59
65 90 97
99 57 77
3 41 2
86 84 84
46 95 19
55 19 81
90 12 14
45 30 35
59 31 64
8 51 32
71 26 36
45 21 39
44 7 81
16 27 44
78 52 44
20 99 66
82 54 14
81 29 53
33 82 43
8 87 85
52 70 47
54 59 100
69 10 13
32 99 56
4 65 24
73 12 53
80 60 77
90 1 51
98 80 24
67 86 9
80 98 72
47 63 32
96 17 49
74 87 65
96 61 31
87 40 98
94 20 39
44 77 9
36 43 24
46 40 62
22 70 47
37 82 37
57 27 44
73 24 6
38 10 46
91 11 79
6 32 23
57 71 14
19 87 9
85 14 72
88 56 87
37 3 54
18 61 35
76 30 65
56 60 38
33 87 69
83 59 2
8 27 47
67 39 95
57 85 45
41 68 65
33 79 71
52 46 29
99 20 16
5 92 30
56 19 61
71 55 2
24 18 65
44 34 52
75 36 62
40 9 19
95 83 34
81 92 57
3 94 85
59 1 52
53 32 77
51 30 72
46 59 46
88 61 31
99 3 99
63 34 61
3 21 50
57 83 30
94 74 72
93 24 69
3 15 33
76 82 48
2 64 23
7 77 20
98 9 5
8 70 92
100 27 7
79 9 74
63 58 27
32 75 38
77 66 3
73 80 84
6 69 52
48 66 15
31 61 73
16 37 30
53 19 25
69 86 65
95 35 33
40 11 91
7 38 13
82 88 56
38 22 95
87 72 93
46 90 44
65 21 49
43 93 32
74 28 88
33 69 57
38 54 74
95 19 34
51 57 41
62 59 42
77 58 14
77 100 66
59 49 48
34 9 19
9 53 13
23 55 3
18 31 28
97 68 84
67 50 22
68 68 65
14 69 15
65 56 33
91 25 93
56 59 59
62 78 93
46 74 20
5 43 53
76 12 29
10 58 13
31 18 20
59 35 83
78 15 8
74 51 79
4 2 50
47 33 73
91 82 6
61 70 83
49 40 96
68 80 94
85 57 74
61 55 37
18 76 38
42 24 73
21 35 46
78 65 4
89 17 38
28 58 54
50 50 72
98 73 98
74 40 36
97 57 48
20 89 49
40 67 24
32 55 61
61 14 71
65 79 49
72 52 90
24 94 83
64 45 78
27 28 21
88 35 87
74 66 22
80 5 16
45 81 11
48 74 61
91 30 27
83 72 65
71 52 90
31 72 1
28 55 11
84 19 8
69 91 21
6 73 88
49 56 18
97 72 45
69 29 34
1 74 44
48 77 64
87 61 24
60 37 58
52 8 90
13 16 17
15 84 39
57 22 100
95 10 92
3 75 81
57 43 31
7 77 14
17 31 46
43 32 52
83 25 52
56 10 85
93 59 31
55 38 37
38 4 59
71 7 65
22 31 80
39 1 76
11 83 15
39 68 9
14 51 42
77 7 5
10 45 60
75 2 7
19 84 48
13 2 28
39 39 25
9 78 75
78 4 19
89 4 54
49 78 70
83 11 35
14 28 83
55 7 99
18 92 46
87 31 15
30 76 62
55 42 78
88 74 55
84 79 99
82 98 99
8 20 63
92 70 83
36 12 17
31 63 28
77 44 71
70 47 66
70 48 57
66 30 95
45 55 46
39 96 50
17 34 58
5 46 93
81 11 20
12 61 74
4 39 33
17 64 21
62 3 21
86 82 23
48 44 76
7 6 8
55 50 99
48 10 20
27 53 86
34 98 48
35 23 89
35 43 34
65 73 99
69 59 95
62 94 77
6 81 2
11 76 84
94 42 85
44 29 92
86 70 33
32 66 20
91 20 8
6 38 55
10 33 96
59 95 47
60 94 93
62 72 88
86 83 23
40 78 57
80 77 63
3 99 3
47 22 50
8 3 48
94 6 21
98 78 35
54 100 78
15 11 100
63 95 19
13 57 38
61 70 17
27 21 87
25 72 93
14 83 67
55 46 45
75 11 74
98 14 82
6 69 41
46 75 13
21 25 27
36 17 34
36 71 67
100 92 87
1 91 96
68 33 85
73 47 72
15 53 59
97 79 77
26 23 77
9 80 87
66 3 52
66 88 57
39 89 27
34 4 79
11 81 35
100 33 34
17 40 17
76 49 45
45 49 23
50 80 58
14 89 52
19 97 46
39 59 72
57 100 81
77 43 20
81 61 88
77 68 37
43 91 24
68 3 18
95 6 42
80 24 53
18 17 31
16 24 45
5 49 38
45 26 41
47 75 15
18 86 6
48 29 50
90 77 25
64 44 19
57 86 53
95 75 69
6 31 83
20 19 62
91 34 82
46 56 21
15 62 43
73 85 90
5 8 30
36 45 19
44 34 69
29 14 50
8 27 73
94 48 48
29 30 35
50 94 77
67 31 55
54 12 23
56 77 19
89 78 40
80 56 16
49 66 22
75 20 74
22 87 64
81 18 65
16 10 95
77 28 61
27 6 54
12 17 70
10 62 37
8 79 49
48 28 98
35 60 6
6 19 15
3 54 46
90 13 42
94 23 25
76 85 46
24 78 39
35 21 74
33 78 46
11 61 46
27 49 26
67 35 94
49 20 24
9 40 35
98 31 57
10 55 93
80 70 84
62 18 56
45 61 67
28 63 1
1 49 21
27 49 22
7 98 48
62 16 31
62 9 76
68 20 46
2 14 88
58 96 19
70 92 81
6 88 67
61 66 57
30 40 19
65 4 27
32 2 5
40 50 24
98 63 22
94 69 77
68 57 96
66 39 59
88 86 41
53 55 28
71 96 10
72 32 60
97 24 30
29 96 37
95 71 7
11 19 30
82 1 67
48 64 70
28 68 97
27 75 93
83 54 31
87 71 2
71 15 39
90 45 84
92 59 67
42 46 81
45 95 76
91 88 51
26 77 93
79 93 20
70 86 20
53 20 40
26 51 38
94 44 47
29 66 37
19 18 66
55 58 86
15 82 40
65 48 86
43 38 71
83 97 54
89 48 28
88 20 49
14 90 29
77 24 4
99 58 95
30 53 49
72 81 96
24 60 78
39 89 43
30 66 31
99 3 64
62 59 32
48 97 98
21 83 30
21 17 89
84 9 8
91 98 54
41 40 50
44 27 86
90 35 77
94 52 25
48 81 39
69 26 28
4 28 98
90 6 25
63 23 18
12 30 24
95 96 97
10 37 5
84 86 14
59 75 20
77 62 15
91 7 100
88 88 60
51 11 5
88 92 93
54 37 78
100 27 6
27 55 12
73 48 24
81 80 75
49 24 84
69 96 86
2 95 81
2 58 89
31 59 51
43 58 1
41 89 68
57 21 46
20 90 81
84 93 85
42 15 40
72 17 32
50 40 42
13 95 43
33 53 25
53 80 33
81 49 11
18 97 45
53 28 49
48 24 44
82 51 10
53 14 9
46 58 66
83 60 26
96 4 36
2 62 40
69 42 43
5 3 38
91 16 90
45 53 83
88 23 56
90 78 11
31 15 96
76 9 18
99 85 32
79 1 1
37 13 85
50 100 78
73 52 61
10 97 97
97 90 25
74 85 57
57 55 73
10 27 66
66 66 59
7 22 57
59 11 66
79 20 49
33 11 14
98 25 76
39 85 40
65 11 44
75 90 92
91 39 23
12 94 49
19 89 54
69 36 23
9 60 75
23 12 39
26 42 16
5 99 27
84 57 37
29 50 35
15 34 70
93 11 51
39 69 41
10 15 87
86 87 82
17 98 6
87 29 18
98 2 37
82 89 71
17 47 18
52 64 46
93 32 100
63 28 42
77 60 35
51 31 49
71 46 59
9 71 26
80 61 46
80 85 48
45 36 27
15 60 42
51 59 22
87 82 90
97 75 32
28 99 20
6 43 48
26 28 55
80 18 3
58 23 64
76 23 24
73 1 93
26 66 45
23 44 19
79 52 21
54 55 95
78 47 11
31 31 32
39 49 89
62 24 54
68 55 61
59 69 41
28 78 31
19 61 92
60 96 44
17 26 29
46 26 62
3 62 58
43 31 90
68 59 54
76 43 79
47 91 92
71 37 77
35 88 57
75 19 10
41 52 72
53 83 70
64 61 8
10 9 88
57 65 85
43 13 66
38 7 76
77 2 59
42 72 56
58 68 46
53 37 44
21 51 55
97 82 31
29 68 4
13 15 68
37 38 70
9 25 67
54 83 62
91 67 27
11 97 22
7 81 9
9 92 84
17 73 13
4 72 51
89 80 17
39 9 83
25 88 27
60 9 94
38 8 33
15 58 67
16 69 52
37 25 33
62 30 71
97 32 36
73 80 17
40 58 13
16 91 51
31 54 38
33 54 87
84 2 20
80 15 65
2 99 40
21 48 87
28 81 5
59 63 16
39 55 80
96 28 29
59 62 87
2 72 44
36 29 21
69 15 40
93 99 17
12 38 77
41 30 8
45 30 10
11 97 77
65 32 57
82 80 7
31 25 31
1 69 98
48 56 3
76 33 57
36 97 18
13 97 72
2 64 81
13 48 61
54 32 45
64 7 72
74 27 54
11 12 4
1 75 79
19 18 49
40 96 95
6 82 5
77 82 53
81 91 80
88 56 36
19 36 22
27 49 25
13 93 75
65 41 33
46 99 75
26 1 83
87 74 24
65 83 80
17 45 39
74 35 100
3 93 58
98 8 75
49 32 83
26 80 33
15 75 48
24 3 72
8 26 96
19 19 34
25 15 29
86 56 28
46 66 18
7 42 56
44 47 29
82 60 93
72 46 51
60 72 98
29 87 46
18 99 82
13 10 90
26 30 47
26 39 38
33 81 54
80 21 27
50 98 15
97 99 94
64 74 81
92 35 18
79 87 63
19 79 45
85 96 50
14 20 57
93 26 41
20 87 74
47 9 70
4 11 90
59 12 2
27 19 48
50 82 23
79 82 76
85 8 35
42 8 32
66 64 83
60 40 3
31 48 84
20 29 28
98 2 66
89 19 73
88 77 62
70 9 56
57 34 20
2 1 90
75 19 89
98 1 19
93 97 14
37 15 91
40 52 80
100 9 12
100 22 70
76 72 94
44 75 25
90 50 37
85 75 52
54 44 75
8 4 79
45 11 75
67 70 24
50 49 10
67 79 48
31 12 58
62 100 54
28 57 31
25 79 76
84 86 98
60 79 31
85 98 53
75 86 64
45 56 66
5 94 92
33 95 72
91 99 98
81 7 87
57 46 75
10 4 8
52 91 84
68 40 95
88 73 63
14 48 49
8 89 37
41 13 71
100 65 14
33 25 49
50 74 73
37 2 31
80 10 51
94 33 30
2 88 90
69 81 31
30 51 57
22 93 49
77 15 79
62 60 1
44 7 14
48 17 78
22 53 98
8 24 41
17 73 67
44 88 74
15 69 10
73 15 56
96 14 93
3 58 6
35 4 79
90 87 99
44 82 60
70 68 66
83 71 52
98 86 95
55 15 3
59 15 70
37 68 76
31 1 70
27 99 95
3 6 56
39 57 90
91 20 100
51 59 81
51 85 95
7 71 23
11 55 28
87 47 96
61 53 71
77 66 55
86 20 70
8 37 35
92 73 63
73 56 8
30 22 18
17 75 74
76 52 59
60 37 6
36 35 62
56 85 70
92 47 81
31 52 85
61 12 12
94 62 25
66 59 22
4 5 27
12 77 4
90 13 6
80 97 22
42 58 92
6 91 30
97 31 53
5 39 35
16 60 95
16 8 92
83 34 68
90 73 43
26 96 4
100 48 82
67 42 10
41 40 47
12 100 21
36 71 18
70 28 55
33 6 96
42 6 9
54 91 41
36 16 17
19 81 25
32 87 66
9 11 69
88 17 56
81 26 34
58 37 93
13 63 39
70 13 22
40 36 13
43 53 31
28 31 84
22 6 58
98 52 98
85 51 38
27 67 27
73 88 52
44 20 89
56 19 81
65 56 45
61 57 91
38 90 40
87 18 20
16 81 42
36 93 17
81 41 46
53 79 64
40 99 42
20 100 56
54 23 22
14 24 69
68 41 22
58 39 95
72 94 14
97 27 41
49 81 60
91 72 49
64 60 37
77 58 48
64 68 34
74 7 49
19 66 94
40 16 81
100 61 13
28 15 56
29 100 50
21 1 19
15 64 68
92 81 22
57 98 21
82 49 79
84 47 21
17 89 45
97 87 40
37 65 60
79 30 50
42 22 84
12 85 77
2 43 93
52 6 93
20 39 96
61 48 32
78 38 17
90 44 44
38 37 44
12 77 77
20 89 80
49 28 19
86 50 73
98 81 9
44 65 54
26 5 92
86 85 30
39 81 88
28 6 95
25 11 75
26 23 12
84 92 37
80 64 48
38 47 17
76 18 72
60 98 41
29 82 49
88 23 96
37 92 95
68 90 55
62 19 69
13 94 91
64 61 39
64 51 28
31 18 28
71 82 10
29 18 94
9 88 50
54 68 24
12 9 67
22 95 68
19 84 55
21 10 18
38 7 5
77 79 88
24 51 41
28 76 91
84 10 79
54 83 37
62 30 96
86 84 54
57 39 53
57 81 4
37 40 77
14 90 30
16 77 28
8 80 88
22 23 89
18 17 65
58 9 42
9 24 90
28 83 12
92 25 64
68 90 82
39 35 78
60 56 3
88 6 18
40 28 13
96 16 61
67 18 95
36 85 13
58 45 88
95 2 86
23 51 62
29 94 97
26 79 36
27 1 92
19 78 99
68 99 63
93 1 50
16 12 11
41 29 93
97 41 18
35 47 6
93 15 8
76 38 44
2 62 45
37 34 16
29 6 84
30 63 75
4 91 53
90 34 47
10 45 6
5 33 6
41 32 88
44 90 35
13 10 71
69 22 47
29 65 5
78 67 3
70 26 12
73 75 59
75 46 43
66 56 57
31 86 34
81 42 35
26 72 99
28 14 35
56 27 91
26 25 3
53 6 30
73 19 54
16 49 40
5 8 16
62 71 28
73 38 59
52 66 87
4 97 64
75 92 36
96 9 27
23 43 74
16 29 20
92 5 90
60 8 44
12 75 100
85 5 43
7 55 87
81 36 67
78 19 8
53 48 64
4 93 88
9 16 64
80 23 57
86 99 70
33 22 35
78 16 53
93 61 8
99 36 74
75 30 70
71 24 77
6 35 84
43 29 23
89 6 62
49 34 50
22 21 43
96 40 64
91 82 51
92 73 34
49 14 8
51 90 42
1 81 41
8 50 53
49 18 29
48 35 82
98 47 66
65 46 14
89 97 40
44 64 15
78 16 2
62 92 61
21 90 53
25 47 98
95 48 81
69 18 79
54 88 82
8 92 52
100 80 68
64 38 52
89 60 16
4 39 31
41 31 69
9 99 54
41 48 92
76 15 91
40 22 39
95 66 37
32 49 60
94 61 8
23 3 54
37 52 76
88 34 60
93 76 59
40 42 11
76 51 46
28 43 93
20 72 65
13 17 61
100 17 79
84 98 57
74 93 38
96 82 96
46 11 16
42 63 72
94 88 88
59 50 19
32 42 32
65 78 24
19 35 11
64 79 84
50 4 75
41 18 64
9 21 3
45 91 44
36 26 56
77 28 88
41 21 68
44 62 6
77 90 50
95 24 77
91 35 65
92 48 14
60 59 69
82 19 37
5 66 27
92 63 9
98 100 21
34 93 88
83 34 17
4 99 15
5 12 90
37 26 26
4 95 41
82 70 12
33 74 65
30 85 51
6 11 93
37 55 94
67 95 58
51 71 15
50 72 53
51 24 61
17 27 24
51 41 97
95 2 63
73 81 96
49 85 87
33 72 9
67 32 60
50 43 24
82 83 82
11 53 96
42 92 60
89 67 63
39 96 83
56 98 39
61 54 27
91 41 17
57 5 34
70 14 55
74 49 6
100 14 88
41 63 64
36 66 31
50 31 97
31 45 22
64 95 96
86 51 9
85 25 13
88 94 97
47 26 30
13 35 54
11 62 74
13 4 78
25 8 77
17 52 72
89 55 82
50 3 28
15 79 36
94 34 89
29 54 41
76 8 74
9 94 24
94 11 73
70 57 28
92 99 92
58 84 85
37 87 78
95 65 8
69 67 72
7 100 93
18 34 79
69 91 6
33 46 9
38 50 16
17 77 74
68 78 28
18 30 24
15 33 13
33 26 32
66 23 8
42 88 84
10 59 97
79 43 75
82 7 75
88 23 4
87 95 59
32 41 6
29 16 55
64 72 42
17 50 41
1 19 40
1 41 19
93 58 40
94 71 21
89 71 88
83 75 14
94 64 20
87 17 73
51 82 35
39 1 63
3 18 83
70 81 85
95 86 29
56 48 60
48 91 91
43 42 4
58 56 86
81 78 45
58 15 69
22 72 38
15 1 57
12 73 75
92 39 22
25 44 6
30 44 31
70 87 29
88 35 94
22 41 58
78 47 15
29 84 75
43 82 25
61 85 77
10 11 68
68 14 3
42 21 75
57 78 4
33 38 94
27 82 93
5 80 10
25 69 98
64 15 26
73 32 43
80 92 39
21 99 68
78 3 72
90 39 27
50 84 28
83 63 42
17 73 21
20 8 97
80 55 93
19 85 1
3 100 36
91 35 67
97 20 1
1 31 93
71 26 34
87 68 50
66 31 98
60 44 52
80 93 28
23 21 42
66 19 75
50 92 83
84 57 18
39 47 12
67 70 25
42 29 33
100 56 43
2 51 47
78 37 17
63 43 61
98 49 49
1 4 17
99 68 62
91 69 53
5 59 64
62 50 95
2 39 9
6 75 62
62 18 10
76 28 8
94 89 3
96 39 48
80 94 49
29 82 90
1 49 25
6 15 52
33 43 80
97 1 96
39 58 63
53 25 91
48 78 69
13 94 22
82 15 96
30 28 39
56 24 5
65 71 23
22 34 43
57 94 12
71 98 66
38 56 99
62 24 4
33 84 47
26 27 62
72 8 98
76 98 72
30 25 3
46 75 21
87 68 52
88 30 64
8 52 25
1 39 5
43 85 70
82 10 7
70 64 39
54 93 56
78 50 79
35 16 41
58 37 48
3 92 71
34 44 71
61 94 24
20 67 58
66 30 16
94 69 11
16 93 6
70 14 83
95 11 49
11 93 57
28 68 70
70 18 60
69 68 15
98 100 22
70 27 85
76 63 67
83 25 63
41 93 66
74 70 53
71 55 93
63 82 21
55 98 67
95 28 59
41 42 60
100 83 37
29 12 74
49 83 67
10 69 86
71 63 88
19 68 2
68 44 58
92 70 50
97 34 34
30 97 44
100 43 20
33 94 24
12 7 24
12 26 48
70 61 30
64 35 71
50 11 100
73 41 4
97 74 57
86 9 75
72 7 8
62 7 72
87 90 43
51 67 24
28 35 98
46 17 80
73 20 48
63 70 83
45 3 27
90 14 86
93 72 67
23 4 70
36 11 15
22 31 45
31 29 70
47 86 19
69 89 62
47 37 80
1 32 65
36 33 70
34 51 72
9 18 96
50 6 83
54 85 54
58 57 39
35 51 12
18 71 64
56 35 62
5 59 77
17 41 10
24 17 45
47 46 1
51 39 23
35 76 24
98 44 98
100 82 72
24 33 94
77 95 16
45 7 24
27 28 99
46 7 90
14 18 72
56 87 58
30 88 19
2 1 13
99 41 48
18 49 15
85 97 44
18 27 45
7 93 63
49 67 52
100 44 6
17 78 65
59 91 7
77 12 99
25 63 43
62 1 25
36 72 43
60 97 2
74 85 72
81 93 3
17 83 73
71 40 36
75 63 48
51 55 87
49 36 3
16 47 15
14 36 57
67 43 69
68 13 66
30 94 44
98 17 11
87 52 88
25 78 54
47 7 62
38 98 83
92 69 61
61 75 91
22 95 93
24 21 7
28 40 50
87 96 86
3 9 23
18 13 10
76 82 13
43 58 28
51 32 33
23 23 32
12 95 38
8 9 69
50 31 60
31 25 61
21 23 9
9 12 96
35 57 6
45 51 57
62 78 15
33 24 87
21 66 95
78 37 33
78 96 54
49 35 15
63 27 67
40 64 2
14 18 85
25 84 78
3 13 79
66 12 4
88 3 66
17 41 100
63 54 24
67 14 57
85 85 84
29 98 67
83 15 97
67 66 45
23 53 98
72 60 18
54 85 90
96 55 10
53 6 24
64 80 38
14 51 39
3 26 19
34 72 66
7 52 16
5 95 3
75 82 36
83 56 9
82 77 28
31 9 5
61 46 3
41 43 5
91 37 36
27 62 15
83 25 72
73 77 13
18 38 13
59 62 87
28 75 76
52 53 56
69 90 91
77 74 80
47 74 80
66 51 27
24 99 46
77 13 23
74 83 50
44 52 19
10 7 72
29 66 43
18 33 50
3 65 29
80 45 19
62 83 100
76 47 9
100 4 17
28 86 97
56 48 33
76 7 95
1 4 50
33 83 47
15 73 97
7 4 28
71 83 83
79 6 2
48 19 46
48 99 50
56 83 58
72 65 5
1 8 45
90 90 75
56 56 99
62 93 97
1 26 98
24 24 88
19 60 5
56 96 47
17 39 94
8 48 71
20 91 53
91 88 3
82 94 45
83 89 38
96 46 13
15 86 98
42 94 67
34 37 53
5 20 73
50 79 65
56 88 63
70 36 14
72 36 61
51 82 11
47 62 85
12 32 60
71 2 73
82 76 88
58 29 44
18 73 7
92 75 52
71 67 50
82 53 8
99 5 85
77 42 95
63 32 47
20 25 74
10 32 86
36 44 90
55 94 16
98 41 96
6 49 48
80 63 3
62 56 5
28 80 19
24 38 92
45 63 97
10 39 89
70 40 94
88 44 45
51 28 28
72 50 13
47 50 64
2 36 73
14 5 76
73 91 99
93 74 71
17 45 33
66 95 55
13 56 29
42 58 95
41 65 76
94 18 12
88 43 45
72 19 30
80 99 75
47 8 50
1 36 5
89 96 32
79 39 57
24 21 34
11 84 88
7 21 69
5 39 77
49 46 21
100 43 74
92 87 48
19 59 19
97 95 14
92 84 64
58 34 63
87 63 11
69 82 91
50 84 12
15 63 51
73 31 10
60 94 87
43 47 9
56 38 27
66 11 15
61 70 36
26 50 17
24 88 32
38 91 51
21 8 9
86 81 21
31 58 91
83 15 45
58 64 88
27 23 59
67 85 97
99 87 7
92 89 85
75 93 89
46 47 51
86 83 23
10 87 76
44 43 85
87 28 69
49 53 55
63 56 11
99 48 29
38 11 79
57 49 27
89 34 7
4 63 28
11 6 84
91 15 92
1 100 62
83 14 73
75 49 66
21 31 48
7 54 12
44 27 79
20 48 17
62 76 21
2 26 48
18 38 86
73 22 15
9 22 44
26 34 57
7 56 34
55 70 52
56 29 78
59 11 5
83 34 16
6 26 8
70 16 36
63 7 65
85 54 3
44 28 69
21 62 18
62 44 38
25 48 3
11 27 5
50 96 58
8 19 51
45 75 58
7 57 11
20 77 29
49 62 84
64 45 97
6 33 80
64 1 49
14 51 50
80 88 2
38 47 99
49 25 93
1 72 50
33 18 46
97 20 57
80 26 6
19 77 42
49 10 79
57 98 36
13 68 59
62 23 51
1 12 50
36 49 95
88 6 86
33 42 15
85 69 96
89 20 95
73 79 75
10 65 43
33 46 49
82 7 58
9 92 69
100 94 51
78 9 2
21 84 35
76 37 40
46 34 45
87 37 6
13 85 82
43 94 68
77 58 12
84 10 3
18 72 88
55 55 87
62 91 93
91 57 6
31 34 36
68 20 79
7 11 64
88 55 88
88 16 35
87 41 48
1 69 82
15 43 19
28 66 90
60 15 94
64 49 100
67 69 58
12 11 52
73 46 25
16 27 74
83 67 81
93 56 26
46 28 5
19 59 70
45 44 49
5 39 26
36 34 43
43 95 51
14 36 78
70 27 69
9 29 95
79 10 60
43 54 20
5 65 59
27 51 61
58 95 37
7 54 58
72 82 65
26 53 29
77 34 17
68 80 87
30 66 92
66 89 41
51 50 32
14 30 37
9 71 16
81 81 45
1 62 52
75 78 28
22 23 26
41 7 13
50 4 72
74 54 12
37 10 67
61 23 22
95 4 4
20 41 96
33 55 14
59 28 32
86 88 11
89 51 34
66 80 41
25 66 6
61 88 96
37 63 45
88 21 40
51 61 2
32 55 52
83 59 84
86 17 60
81 60 12
77 46 20
46 74 47
67 42 23
50 48 52
12 11 48
35 78 94
97 18 1
57 67 35
75 93 43
47 17 2
84 64 75
68 51 66
75 3 6
95 67 24
16 40 37
14 16 69
45 81 11
71 46 46
53 55 65
19 66 26
86 49 73
61 91 22
31 39 6
11 15 72
60 86 18
36 61 31
18 98 54
27 51 20
4 3 15
81 21 72
13 7 72
95 1 60
4 86 86
22 19 7
39 36 32
46 22 26
38 97 98
17 70 57
32 73 92
55 25 54
5 36 75
46 42 58
40 37 22
18 75 67
69 80 100
24 28 47
2 83 64
91 86 15
15 2 61
85 100 51
17 65 24
37 77 5
26 4 61
8 37 42
82 65 45
76 65 44
77 26 60
80 74 48
31 46 46
62 55 36
34 34 86
15 33 18
50 59 19
44 54 89
63 54 86
68 95 14
15 75 32
80 10 77
28 72 3
9 70 93
87 17 30
6 18 3
63 73 57
78 91 61
80 58 83
86 79 52
35 71 34
4 79 75
67 37 52
49 78 83
69 33 43
28 39 29
58 79 24
77 41 59
99 97 17
19 59 50
63 84 72
63 55 1
91 83 80
1 1 72
95 6 15
20 64 86
84 19 13
68 28 5
99 10 31
87 1 100
80 33 14
71 73 37
70 100 1
14 23 15
29 54 99
13 39 44
84 80 68
33 44 62
57 12 30
59 84 86
45 34 20
13 27 90
51 49 73
21 98 61
78 14 31
20 94 16
57 71 78
22 84 48
43 10 14
56 53 77
72 17 42
15 20 86
6 98 56
16 42 86
73 59 27
30 65 8
76 55 38
5 84 2
19 94 76
47 55 18
2 82 29
97 65 3
81 11 23
35 22 91
5 81 100
30 59 27
73 11 50
76 53 48
65 83 64
98 94 39
34 77 8
73 46 53
66 85 30
36 75 3
28 11 77
4 33 69
42 56 11
52 48 2
30 69 75
38 88 27
71 44 5
38 95 42
58 84 19
82 86 54
6 89 3
59 40 32
65 42 51
90 16 43
5 60 10
55 61 1
78 28 86
58 62 95
62 12 16
52 70 73
24 4 49
71 83 71
68 83 46
25 6 65
90 20 50
37 4 74
10 6 100
2 85 62
12 28 41
57 85 25
67 92 39
73 88 53
14 5 92
86 81 86
4 31 28
47 99 98
57 38 37
13 28 87
50 72 22
56 13 47
2 69 30
66 28 51
50 40 63
51 25 77
84 77 46
17 98 21
37 26 4
46 2 83
66 28 8
23 22 18
12 64 34
79 40 88
2 46 18
54 56 20
50 57 28
9 87 52
20 30 32
98 85 45
93 78 70
85 59 38
62 77 21
74 30 26
12 38 33
52 8 53
32 71 77
88 99 15
54 40 92
31 4 89
49 70 72
99 37 41
37 72 21
47 42 99
13 82 35
98 17 65
15 42 64
92 78 95
17 52 53
47 65 74
16 50 48
27 75 39
88 27 61
23 31 93
68 10 19
92 21 32
93 90 23
63 73 32
94 57 17
77 81 90
10 8 52
100 100 92
73 90 34
28 53 41
68 3 55
37 8 94
42 5 52
35 6 55
50 75 18
61 17 81
43 33 21
5 70 72
42 81 82
21 6 62
62 93 86
4 70 16
22 52 26
57 30 100
39 4 44
81 22 17
25 69 89
21 83 62
71 100 58
39 43 53
88 24 33
7 38 92
87 26 17
22 20 35
97 66 31
2 35 17
19 41 50
56 10 78
37 75 26
48 99 97
38 76 43
88 23 15
47 35 34
56 38 70
14 6 94
79 87 99
73 33 94
58 39 55
93 16 11
100 85 83
15 98 12
6 54 88
12 52 32
99 85 86
38 92 56
54 74 73
96 16 55
22 54 45
1 25 53
89 2 65
3 10 76
6 98 89
22 93 4
56 66 99
80 14 61
69 65 61
20 30 10
34 47 51
69 16 18
44 46 19
5 40 48
62 52 7
65 47 95
79 80 12
9 34 3
40 76 21
89 16 99
62 31 23
70 4 47
94 50 73
61 30 28
71 25 8
71 14 83
63 39 73
79 48 17
78 61 38
2 97 92
37 25 59
20 21 59
90 27 10
38 55 73
5 34 50
96 15 11
49 75 60
27 65 98
82 30 10
24 54 88
12 78 76
75 55 41
78 61 93
60 99 13
84 35 95
75 62 71
73 65 81
47 62 4
48 80 14
94 18 28
36 50 28
30 60 17
27 91 73
49 74 31
34 25 10
92 96 24
29 77 100
64 24 90
13 76 94
28 28 75
73 81 69
13 98 40
42 10 7
90 1 21
34 15 51
64 19 93
80 21 46
65 27 44
86 43 48
39 56 79
45 87 11
93 87 56
15 13 12
100 57 65
3 60 76
46 59 54
34 75 10
33 49 9
69 65 13
47 49 3
48 80 82
69 71 44
86 56 47
38 80 37
7 75 98
53 35 34
12 61 26
47 86 53
81 98 54
84 72 19
53 4 98
66 4 22
57 65 54
89 74 48
11 3 59
34 55 55
49 81 73
49 1 21
19 46 52
41 10 79
95 95 22
58 8 3
52 97 40
49 57 29
79 42 3
20 56 6
41 35 78
85 64 92
72 84 35
66 21 49
21 58 21
56 85 11
69 42 5
71 43 54
44 86 47
10 3 51
10 26 36
81 86 90
34 53 41
17 11 20
29 67 51
71 94 82
15 77 7
31 1 63
30 62 54
4 1 9
58 57 46
81 95 48
10 78 25
59 55 20
9 46 12
25 59 98
28 52 20
25 49 100
35 9 73
83 85 33
24 50 76
55 93 54
39 70 73
21 12 53
10 78 66
7 52 77
76 24 50
76 32 33
13 68 91
7 15 65
38 84 76
85 80 84
95 44 37
58 74 81
79 31 29
81 70 22
86 80 60
64 99 57
16 48 4
30 43 40
29 36 61
1 84 99
3 58 21
35 90 49
2 26 21
68 32 74
57 90 89
2 88 12
7 94 96
81 75 33
6 82 1
67 16 33
33 62 89
55 49 24
41 2 14
87 9 8
90 72 49
39 92 33
34 7 58
45 33 23
37 63 74
11 10 100
67 77 84
83 92 14
30 86 73
93 38 21
53 22 79
40 60 27
11 73 14
74 66 34
42 43 71
15 4 39
50 76 42
34 97 39
28 45 1
56 46 62
42 82 85
51 24 25
67 18 27
59 68 26
44 55 14
21 68 40
17 87 13
68 67 62
75 24 63
70 76 5
51 79 99
51 88 21
95 91 93
26 58 8
5 86 77
17 74 4
25 34 45
70 16 97
83 88 75
14 5 50
47 92 24
74 100 51
85 7 27
16 19 79
6 76 58
99 2 42
98 73 3
42 58 95
21 14 19
30 18 50
29 91 85
7 95 19
32 13 4
94 79 22
54 73 73
39 39 15
49 79 14
93 32 72
50 63 36
85 15 17
71 16 92
16 50 25
25 82 25
53 51 61
79 85 43
100 45 96
66 86 68
94 71 23
61 95 9
76 23 23
23 74 49
58 39 84
26 62 41
56 49 69
18 92 17
40 28 30
61 10 94
80 1 37
81 15 85
70 30 96
34 95 65
58 70 85
76 37 34
28 55 56
77 69 69
57 14 73
68 10 13
97 44 25
72 11 38
43 77 43
93 12 91
99 40 52
30 83 75
67 15 65
13 40 3
42 61 59
91 80 39
34 39 37
3 33 35
90 46 88
35 49 2
9 8 80
14 20 64
99 97 59
15 6 79
34 15 24
63 3 50
78 12 18
47 94 25
97 40 95
88 44 58
49 90 12
17 49 51
30 70 56
44 15 26
53 41 79
9 2 86
51 40 33
19 44 47
65 92 34
50 16 67
31 58 3
67 46 64
5 54 79
84 99 9
73 54 32
55 91 85
77 62 76
16 83 95
23 72 67
80 50 95
58 82 18
90 22 94
2 17 73
21 70 60
84 32 59
67 32 75
95 83 38
12 82 17
27 85 86
42 98 42
93 9 17
8 51 80
8 69 22
52 87 53
65 84 92
26 3 20
74 76 98
53 11 76
52 42 8
61 95 58
79 86 23
78 86 8
28 29 3
3 66 29
21 1 80
17 35 40
98 44 51
55 38 52
10 25 23
73 27 32
15 41 8
69 94 49
57 38 13
15 81 69
13 49 16
47 98 85
85 41 43
2 82 77
30 68 81
94 82 67
28 2 69
27 86 39
72 85 26
41 44 72
95 87 78
12 82 6
68 19 15
30 20 3
73 32 58
54 82 47
55 95 65
70 82 59
69 15 43
66 19 74
66 20 14
94 76 50
21 40 83
59 33 99
58 2 59
66 93 53
81 50 46
33 32 68
49 4 10
74 66 32
20 81 36
62 53 18
99 23 47
84 66 21
76 14 12
94 86 90
3 82 47
91 16 25
58 14 28
14 21 82
70 12 25
81 69 69
49 14 95
44 59 5
77 63 30
72 2 29
51 76 8
83 96 88
48 63 19
16 63 90
38 2 4
77 27 58
68 99 43
18 3 81
16 12 44
54 26 68
49 34 54
94 88 19
76 11 2
9 1 38
78 57 46
40 88 56
48 66 30
84 5 31
14 80 47
49 4 62
74 99 92
68 69 69
12 30 79
6 49 36
2 99 75
15 9 40
17 59 7
33 19 62
18 91 81
60 28 35
44 94 90
91 56 77
87 61 59
93 13 30
87 60 77
53 37 96
69 17 68
73 14 4
75 58 65
9 89 70
44 16 8
46 69 92
43 75 86
57 50 48
78 73 86
27 21 71
75 5 28
48 79 49
90 85 92
77 65 86
57 21 93
78 74 55
40 66 97
7 53 91
97 13 56
46 5 2
59 26 4
31 45 99
56 67 13
49 13 26
51 95 50
18 37 95
21 96 63
18 67 79
64 70 86
94 50 5
3 65 57
1 46 85
28 24 34
24 75 96
4 25 27
69 30 42
69 34 7
77 40 8
92 91 2
54 51 20
46 49 35
59 8 56
41 90 31
24 56 67
57 66 20
52 75 49
22 50 60
30 15 6
60 19 16
42 99 91
4 10 82
17 14 99
17 30 7
78 98 91
26 51 47
35 29 94
12 82 67
7 23 19
85 69 97
73 84 11
25 18 70
29 63 27
49 49 61
51 95 19
26 88 89
29 53 34
88 51 47
59 6 38
72 27 30
45 56 7
18 23 29
82 19 93
93 13 54
82 63 14
60 68 44
3 37 63
68 61 58
42 23 77
14 50 67
63 42 95
42 12 52
32 41 84
54 54 3
79 93 10
12 84 40
14 75 80
53 90 62
79 86 6
1 82 50
59 21 28
94 88 46
84 63 45
71 16 93
63 78 21
91 61 24
58 57 48
71 50 17
3 45 43
82 66 46
28 100 94
35 27 65
36 86 34
5 65 5
53 48 30
31 60 92
7 18 61
59 14 85
43 36 12
63 11 40
95 81 85
85 40 28
80 45 38
18 34 56
21 24 51
29 16 68
19 21 76
51 73 23
66 62 25
60 80 32
14 72 32
51 69 7
95 35 69
30 3 3
19 98 92
43 59 27
56 93 12
67 86 62
86 37 21
41 14 89
35 76 43
43 96 15
52 20 88
86 22 9
95 6 60
50 31 7
35 94 32
12 78 10
52 100 72
43 22 49
97 95 52
85 50 35
73 82 72
38 68 67
70 72 35
16 12 61
8 59 16
65 30 66
100 26 29
8 43 52
54 21 45
6 55 43
15 39 72
40 32 32
21 62 80
18 78 18
99 98 66
86 46 47
8 52 18
19 23 14
49 37 50
42 34 13
65 24 21
81 97 85
3 80 70
83 75 92
79 86 27
29 66 33
62 29 86
11 18 23
20 74 22
26 84 23
80 65 20
95 98 90
1 80 50
29 23 80
39 75 75
41 32 60
54 26 16
58 8 38
9 76 77
57 20 44
100 79 15
86 7 58
88 68 40
74 26 77
6 73 95
34 9 87
24 98 53
19 70 33
60 58 25
26 3 80
97 18 53
98 54 82
4 22 72
89 49 73
33 4 11
6 67 57
63 62 58
97 14 75
25 33 2
43 15 73
69 48 79
50 57 38
100 79 2
83 36 98
1 37 51
95 92 87
35 99 45
91 50 95
63 46 58
55 35 61
59 96 36
25 9 56
15 24 24
42 7 15
36 100 64
97 49 9
35 46 43
66 59 87
26 86 64
58 34 33
98 5 7
70 66 80
68 10 74
7 86 58
3 96 54
3 86 79
85 33 24
92 30 65
47 73 95
7 85 81
4 45 12
86 32 8
43 79 24
95 57 97
25 5 62
40 27 63
47 12 69
59 95 28
19 20 74
14 66 77
48 100 91
15 36 38
85 7 11
67 66 76
1 5 70
91 75 4
8 37 81
50 33 28
99 16 25
36 26 95
16 30 97
99 44 11
35 66 61
3 30 88
33 4 26
96 23 73
15 76 52
56 83 76
13 25 46
32 79 63
33 73 19
89 83 36
40 59 22
23 87 33
30 29 90
62 73 67
73 84 59
41 34 63
59 83 11
26 3 53
81 66 60
18 31 29
87 54 93
32 33 5
46 74 56
56 54 75
27 94 31
64 62 70
57 41 38
34 100 4
94 35 90
81 77 93
41 51 20
4 49 79
71 34 6
1 80 78
7 17 88
89 58 45
92 79 17
48 27 78
4 57 82
9 27 74
34 43 65
42 29 90
19 12 27
55 58 83
61 87 72
38 50 15
63 70 94
76 23 8
12 16 57
92 42 1
58 62 15
1 40 18
67 3 34
34 9 11
32 7 1
49 8 94
49 77 24
90 22 25
10 17 69
100 21 96
21 59 53
100 7 25
62 84 36
6 1 35
85 77 28
41 57 51
50 79 79
2 27 66
48 78 44
61 92 39
67 93 61
19 30 2
13 53 92
10 35 26
35 80 1
94 83 51
50 48 89
6 7 71
77 79 33
64 42 28
92 31 65
84 92 20
89 2 38
28 60 7
67 99 60
94 34 80
55 83 1
45 74 43
40 63 78
53 89 72
30 11 7
49 90 68
25 92 15
35 100 73
30 79 69
30 52 86
7 8 27
62 15 49
17 71 44
2 27 35
92 8 9
58 40 48
89 35 5
50 16 35
82 94 2
37 50 22
55 27 26
30 73 53
33 93 58
62 65 100
1 78 97
77 92 100
14 16 31
92 76 47
45 12 70
5 100 72
7 99 19
69 88 21
90 80 34
89 16 19
88 62 95
79 95 85
11 25 99
70 84 100
63 33 6
10 4 26
68 58 39
73 92 16
12 78 4
43 22 20
70 11 74
2 82 53
82 71 48
42 81 84
73 64 23
28 63 85
33 24 41
31 28 45
2 31 17
94 50 99
37 6 71
95 83 58
8 81 75
3 13 36
72 23 96
64 67 72
2 60 38
97 86 63
16 79 11
71 95 27
81 19 85
67 16 3
30 14 62
85 23 21
27 58 97
44 26 32
52 66 37
11 100 49
90 20 52
10 97 36
72 99 52
45 97 3
37 56 97
23 17 79
72 100 71
42 5 83
91 77 31
26 55 3
74 40 73
5 3 5
29 95 17
21 15 66
25 45 12
81 71 24
42 77 13
43 23 53
59 31 60
71 65 43
81 67 90
75 17 31
36 53 39
73 42 58
10 26 60
6 27 79
34 41 33
59 29 83
72 86 97
89 33 88
63 49 38
94 88 42
90 71 72
80 10 86
46 78 93
57 26 68
59 56 20
83 33 40
15 5 46
51 99 91
47 37 2
36 5 100
64 14 96
97 20 38
45 72 38
33 76 16
97 83 58
69 18 59
13 12 90
78 42 33
12 70 71
64 67 48
72 76 54
81 43 55
27 81 15
17 63 60
75 4 17
26 26 10
25 2 64
85 100 13
92 12 68
79 18 42
3 54 19
91 5 60
62 52 96
42 35 90
81 74 57
99 88 89
68 35 35
92 59 67
6 7 88
36 33 5
45 40 86
59 100 1
100 12 45
17 88 63
47 11 31
32 26 74
28 89 29
92 3 10
28 9 59
43 54 2
17 47 23
72 93 4
40 94 20
36 97 85
61 78 6
8 7 72
98 63 83
32 9 75
52 15 40
90 10 37
36 80 19
100 5 53
71 28 94
99 85 6
58 92 25
17 34 11
58 59 42
35 92 47
74 100 65
18 57 32
65 30 18
74 52 54
4 59 57
58 19 26
48 37 21
18 7 82
6 82 44
89 16 81
91 62 58
58 73 67
13 51 43
89 65 12
90 32 64
6 56 92
31 79 82
70 15 31
81 76 78
85 71 52
92 8 89
63 47 71
52 96 43
20 44 90
67 82 62
21 99 53
74 10 77
79 53 62
65 52 6
16 8 15
1 64 87
12 93 43
22 15 19
89 39 76
57 65 63
47 26 15
11 45 76
65 16 61
74 44 76
54 55 49
33 67 46
90 98 63
9 20 59
7 86 43
97 93 23
53 14 76
22 16 9
96 58 45
55 45 21
54 25 34
32 78 82
30 77 43
17 86 40
25 43 54
31 73 45
99 90 34
4 96 52
30 46 3
9 86 64
10 4 37
83 77 99
49 26 22
96 1 17
20 99 86
38 13 74
47 5 66
47 20 44
76 33 78
17 100 6
74 90 37
43 30 58
21 33 87
15 90 96
6 75 30
85 19 77
86 53 17
31 77 93
6 62 83
6 75 11
37 23 56
19 44 59
96 21 64
21 98 78
70 46 44
51 67 29
11 80 90
65 82 97
65 60 2
71 79 35
25 45 44
38 67 55
79 16 98
25 9 7
85 26 38
86 72 15
54 36 94
16 54 5
95 99 42
17 93 83
52 37 15
52 78 9
38 95 58
17 13 17
95 16 29
97 70 89
31 19 84
1 46 5
87 20 57
44 30 38
76 40 41
8 90 13
95 7 38
58 33 83
1 28 75
62 11 61
9 54 82
42 92 8
64 22 13
56 19 52
46 2 22
96 95 97
2 69 21
25 64 43
14 83 87
99 30 33
83 63 70
45 77 42
61 47 77
47 71 92
74 76 76
1 56 14
44 36 71
2 63 45
86 14 80
26 36 29
100 47 31
28 89 63
75 35 96
9 31 36
78 22 15
45 8 18
94 80 24
73 77 70
61 76 7
6 86 46
47 9 85
29 28 52
73 91 19
18 71 82
13 86 67
88 99 96
94 91 20
95 78 98
67 42 54
90 96 13
85 32 89
16 44 20
80 96 32
95 54 31
63 92 26
83 11 1
77 4 21
71 49 65
91 2 87
70 79 15
43 5 69
64 9 25
73 89 94
33 44 18
90 42 18
93 94 96
27 22 40
58 60 14
90 12 82
98 81 70
55 34 4
79 65 44
46 39 96
97 81 36
12 57 40
84 67 97
55 34 69
4 24 31
95 39 59
72 78 75
70 63 18
65 17 81
83 18 36
2 100 93
26 81 5
67 75 72
69 50 42
92 2 37
59 84 56
99 7 25
21 57 16
92 79 59
28 75 87
65 25 63
9 79 60
1 84 31
49 97 7
21 73 76
3 69 72
59 70 89
75 26 34
2 68 33
90 83 5
3 45 46
75 47 80
62 74 84
20 33 76
34 97 39
24 43 73
79 33 43
34 92 44
65 74 11
71 53 54
27 23 18
33 59 12
95 75 6
91 17 13
1 15 72
99 88 4
1 96 73
59 93 15
93 94 11
20 21 24
80 56 86
33 39 93
30 20 40
62 9 70
63 99 97
77 3 54
73 57 55
55 34 86
47 80 90
38 78 4
27 89 90
80 10 3
14 6 34
82 32 25
8 39 56
4 75 69
91 54 83
23 3 85
23 92 2
90 8 1
57 44 27
53 24 16
77 53 74
79 52 60
73 25 27
10 20 56
89 92 47
88 22 30
76 54 30
26 34 92
47 87 77
82 4 19
83 32 82
16 41 9
44 79 53
79 15 11
47 32 81
31 87 90
28 10 85
28 81 3
66 40 64
62 18 93
95 14 79
20 67 100
78 49 10
57 50 94
38 22 36
56 12 17
92 86 47
22 29 89
68 90 13
17 54 93
1 50 75
72 1 33
61 2 66
4 60 92
75 54 87
68 40 82
41 18 36
46 6 12
95 70 5
73 74 1
63 98 20
84 16 40
73 14 34
72 19 80
51 43 65
87 95 9
59 94 81
95 1 33
96 100 90
94 29 6
68 58 60
35 6 55
76 86 43
2 97 54
86 91 79
47 9 15
98 90 86
14 43 57
89 14 26
48 86 79
54 100 17
94 15 42
54 14 47
75 61 64
64 30 76
86 79 90
91 24 31
47 87 28
47 89 98
49 75 45
17 83 82
43 74 81
70 5 49
95 19 18
58 85 62
64 22 75
69 18 42
9 91 67
91 89 20
63 77 53
8 51 34
37 85 97
34 85 53
61 70 83
48 14 52
52 70 28
54 91 4
78 94 36
81 56 6
38 49 11
78 50 67
82 30 49
27 93 88
48 97 20
97 77 76
13 90 92
43 41 35
41 3 97
59 17 53
69 38 5
9 61 95
54 59 53
40 30 38
25 33 41
16 81 2
29 36 85
90 5 92
62 92 99
19 36 80
96 25 32
85 20 96
34 25 66
3 59 50
56 78 8
41 69 4
47 90 60
57 79 44
94 14 14
84 2 79
43 2 67
60 38 94
91 22 63
87 5 11
96 62 98
55 44 16
54 42 42
9 27 41
71 81 32
8 94 44
70 24 18
39 33 1
2 18 67
56 51 97
47 95 57
43 40 5
29 36 57
24 19 80
98 4 41
1 49 38
51 48 58
88 52 9
87 38 21
1 36 59
44 95 28
85 19 60
11 61 87
66 14 73
10 81 85
44 5 74
61 65 7
21 23 11
52 32 76
63 67 6
10 94 6
52 48 11
51 3 76
90 37 63
95 100 94
84 59 26
23 86 68
15 21 17
85 12 28
16 44 24
8 99 2
3 66 51
52 9 72
53 26 42
83 25 84
38 9 42
36 55 39
72 5 35
28 21 92
27 3 13
71 7 55
100 48 73
90 77 47
25 100 48
66 28 55
91 40 52
14 78 70
86 33 74
36 38 95
84 22 32
17 43 55
22 87 36
25 15 96
37 90 87
9 63 7
13 89 3
54 65 58
28 65 1
5 75 63
95 23 68
51 38 44
44 89 93
38 96 66
64 61 26
3 39 13
59 57 95
55 1 42
71 1 37
7 33 36
28 31 5
15 73 75
62 99 39
35 38 97
90 8 38
13 45 95
97 29 65
34 25 58
88 90 94
81 24 26
30 80 53
46 48 22
91 72 60
41 10 34
5 7 57
95 77 65
23 77 49
9 43 71
12 96 60
49 27 64
60 78 17
74 13 12
36 70 87
26 67 94
23 34 52
24 45 2
86 33 84
4 77 23
34 51 72
82 39 60
92 55 22
65 84 71
93 52 68
83 93 47
97 15 30
85 6 7
39 28 79
76 84 71
92 53 8
98 76 34
35 64 27
37 100 88
96 97 63
90 9 55
49 77 35
93 34 12
50 25 87
31 19 18
19 21 89
28 46 36
25 29 16
83 3 29
89 30 27
57 42 25
40 85 62
27 21 46
39 60 8
35 34 46
41 31 30
76 35 76
5 91 47
84 100 53
18 27 79
12 28 56
38 58 94
83 12 49
48 84 32
26 2 65
74 73 84
3 8 16
68 10 16
100 25 43
58 94 56
70 72 48
79 77 69
93 66 43
3 38 82
82 78 1
15 12 8
32 58 36
94 68 51
74 62 43
7 45 94
63 16 45
31 52 64
7 39 86
82 41 19
67 4 30
57 90 84
23 1 85
93 11 77
33 11 43
94 19 39
76 99 24
50 18 8
30 86 73
25 47 51
72 93 29
13 97 51
4 86 96
26 34 60
59 86 90
2 2 48
46 42 42
66 64 50
64 5 30
54 31 36
40 22 65
90 53 19
83 17 84
13 56 20
43 78 14
38 44 72
49 70 68
60 12 4
56 9 77
35 22 12
97 54 11
86 81 88
32 53 30
72 74 2
4 97 76
48 42 27
76 17 7
31 75 9
35 65 67
57 52 64
84 74 100
63 95 38
14 93 81
29 42 63
76 1 34
35 20 58
55 48 18
73 4 5
24 65 70
88 38 97
45 50 86
26 52 85
55 79 88
61 39 53
24 36 73
60 76 78
31 79 73
42 6 52
87 79 1
83 7 73
66 94 31
16 100 91
4 99 10
27 53 98
65 86 64
21 81 56
11 82 84
83 99 65
41 75 78
30 28 9
99 10 31
42 50 49
70 4 51
29 51 52
22 39 24
98 51 78
26 46 9
50 76 92
33 21 49
15 59 19
71 34 52
67 88 37
77 83 52
3 45 96
53 55 62
9 4 65
19 28 84
92 95 60
25 14 90
88 46 28
98 31 31
87 11 84
54 16 97
38 80 91
75 7 40
52 83 82
56 62 51
8 66 2
37 39 78
3 98 86
4 57 58
2 81 57
13 36 9
11 95 5
93 82 28
43 29 14
48 80 9
55 78 49
75 70 7
33 2 88
57 9 26
78 52 95
85 57 74
48 20 42
55 28 40
77 79 77
12 28 70
99 1 14
22 10 44
21 64 16
2 64 51
6 81 9
92 52 61
3 23 87
18 13 71
7 27 40
62 40 20
78 52 72
26 98 35
57 58 14
73 69 74
57 85 71
87 81 49
29 53 16
2 14 14
33 49 82
73 13 14
83 76 46
58 43 94
34 80 78
72 49 96
16 11 30
56 74 69
71 23 29
90 6 74
46 63 62
33 4 2
90 44 23
85 13 13
20 87 39
48 8 57
14 47 55
19 1 8
38 43 99
38 91 51
38 38 91
88 97 21
70 46 5
14 27 69
43 67 31
95 2 82
68 42 25
62 24 14
25 97 5
92 93 66
20 1 3
22 19 15
96 52 21
4 90 36
79 56 67
90 34 82
42 22 100
17 88 50
94 90 36
8 20 62
52 81 85
44 55 100
12 44 30
15 79 47
26 25 27
31 4 67
59 98 3
50 61 8
6 5 81
99 32 56
34 93 30
67 15 84
49 19 9
18 35 89
41 82 39
92 18 77
59 34 85
86 72 74
92 16 71
56 29 99
43 11 81
95 30 62
42 14 52
38 85 10
55 80 65
62 59 88
23 34 90
71 82 24
56 13 42
99 37 46
10 79 64
57 74 19
19 47 84
14 94 28
57 57 17
47 25 26
59 61 22
77 21 5
69 89 67
76 53 76
45 17 38
49 9 78
67 43 79
97 76 95
69 66 10
3 75 30
20 73 58
47 22 48
9 77 59
51 84 82
16 41 20
63 77 18
59 75 74
82 89 41
21 63 62
99 63 43
10 37 93
1 19 33
46 79 77
39 43 36
5 80 13
59 97 52
72 78 46
81 35 78
1 57 42
12 39 72
78 26 41
70 69 11
61 59 53
77 20 53
14 44 26
23 58 33
72 29 92
100 93 17
47 76 18
68 88 62
99 50 51
62 31 13
25 81 2
70 60 80
95 41 99
85 25 8
2 48 1
8 15 99
88 97 42
95 2 74
68 54 66
17 9 100
35 27 85
80 36 7
78 43 91
26 36 10
83 88 24
33 22 44
30 7 85
74 5 45
28 92 83
51 35 27
65 66 79
48 55 75
36 84 88
17 9 46
51 2 95
87 30 4
31 58 47
70 79 18
23 24 16
48 45 70
36 76 47
41 66 43
15 4 13
79 46 68
34 40 99
80 55 77
14 35 43
87 73 40
55 96 39
53 59 1
7 75 95
85 8 70
14 8 52
3 61 63
48 78 8
19 88 80
90 43 100
86 7 9
3 7 32
54 43 47
12 55 47
9 94 24
99 43 83
66 97 10
45 77 35
75 11 23
2 46 78
95 9 2
44 2 5
1 68 42
77 20 74
98 98 86
29 61 25
84 82 47
48 86 62
35 7 29
17 30 1
44 45 23
42 98 14
8 48 4
48 17 2
91 94 66
59 60 98
54 46 82
4 33 63
70 74 6
31 23 12
26 25 19
23 82 29
78 19 87
30 40 74
2 70 39
72 53 62
34 58 2
63 85 87
7 18 19
72 57 71
97 11 51
72 60 91
3 18 68
50 11 47
32 84 52
81 19 91
77 23 3
60 42 51
6 8 29
79 85 88
45 55 77
44 8 98
54 71 62
34 50 8
96 60 30
27 3 95
44 13 55
4 97 61
30 27 73
75 34 27
45 70 10
73 12 51
4 41 69
23 15 69
90 80 43
54 90 27
21 90 47
10 70 58
79 56 61
33 9 20
11 98 68
79 42 59
40 10 52
30 71 80
88 56 27
5 71 24
76 75 40
100 65 20
22 81 14
14 82 81
58 10 63
80 67 38
95 38 39
76 30 61
25 57 30
76 10 36
87 74 86
45 79 45
92 89 2
88 41 64
9 24 13
95 21 24
13 29 98
93 87 80
62 1 37
25 83 50
75 14 93
27 35 29
50 32 40
14 96 88
82 92 26
72 11 35
68 81 21
33 54 55
93 43 3
45 83 92
95 40 52
77 2 19
24 96 14
25 80 27
61 15 15
83 13 81
6 64 44
14 29 70
68 65 98
29 33 12
98 87 4
29 2 38
98 75 95
85 71 18
98 29 38
74 96 21
53 73 1
40 41 3
24 23 35
30 76 58
29 74 1
89 87 75
76 54 85
95 45 56
27 20 65
20 6 80
47 79 53
55 15 62
20 72 91
38 51 21
49 94 27
60 86 19
97 28 29
95 62 66
92 91 52
75 55 64
24 79 28
43 54 1
55 20 30
23 26 4
32 5 61
32 21 59
1 16 9
67 80 93
83 81 84
52 82 29
91 57 37
69 2 22
79 60 23
55 28 87
100 19 21
93 5 87
30 34 82
99 71 26
43 35 59
96 31 28
91 10 38
44 33 62
91 70 67
59 1 28
62 42 90
80 50 99
23 7 29
100 14 70
57 59 59
4 27 51
98 93 7
23 58 43
48 65 54
82 36 95
47 33 34
73 17 80
57 37 51
1 76 39
75 45 42
89 71 18
73 36 35
3 69 5
70 18 38
94 93 50
51 30 91
7 57 70
78 42 87
86 46 71
3 75 100
46 61 52
64 88 5
32 38 20
85 73 37
9 27 70
3 74 21
47 3 77
52 23 6
18 28 80
53 1 13
5 87 92
82 44 53
26 75 83
23 14 13
62 81 74
27 33 75
48 53 75
8 45 48
44 89 65
62 94 86
19 94 22
9 4 71
95 18 20
3 75 55
59 39 28
100 41 11
58 58 10
56 74 19
8 94 67
25 31 77
39 68 66
65 32 40
21 63 45
84 66 46
43 26 93
30 43 98
32 1 25
6 41 53
17 28 6
72 42 100
54 20 86
47 46 75
74 42 44
98 12 34
82 46 55
16 3 21
56 88 44
96 48 7
39 71 55
93 63 73
38 45 65
55 11 23
46 82 21
38 39 57
39 60 82
76 91 74
98 36 52
60 15 84
54 97 90
52 38 3
25 74 76
59 20 87
24 3 39
46 35 66
35 100 55
68 74 70
99 50 37
90 39 62
45 69 88
31 27 85
97 84 78
71 70 31
9 78 69
94 49 41
80 55 31
65 41 74
25 61 61
69 68 14
45 44 26
40 2 90
3 28 7
99 96 13
86 39 30
83 12 58
66 9 59
88 53 84
92 99 90
40 5 10
14 3 61
20 37 12
32 89 99
17 27 62
50 18 28
88 48 8
12 89 45
35 6 63
74 46 10
44 56 96
71 49 88
11 63 17
77 36 38
53 59 16
93 50 27
48 2 82
29 87 49
49 13 21
92 45 57
59 93 18
24 55 52
1 54 47
47 11 84
48 23 46
29 80 69
87 78 91
70 81 49
78 8 96
22 63 71
16 72 88
48 31 2
34 50 97
43 9 94
51 76 70
64 4 84
27 5 44
80 14 12
48 77 65
65 49 38
33 35 33
19 100 82
80 96 36
3 60 90
22 11 40
96 12 64
28 43 63
93 36 65
83 13 33
93 1 85
99 65 43
24 64 41
24 87 86
88 7 89
30 91 46
32 67 4
34 25 83
55 99 8
57 55 9
18 73 68
33 29 28
85 88 25
32 13 86
97 68 87
56 38 10
79 90 72
38 63 72
25 66 30
42 13 68
17 9 97
25 91 53
38 99 70
41 9 44
5 40 14
98 54 5
3 5 45
55 29 12
29 5 25
60 9 49
68 21 91
88 78 65
20 31 75
11 30 50
7 42 36
70 54 44
51 93 65
54 13 10
58 31 1
42 71 47
98 80 23
41 39 63
45 46 43
61 79 76
41 23 73
11 74 39
88 32 12
36 5 98
40 11 40
66 2 60
1 29 1
35 21 68
75 28 37
95 88 69
37 6 5
45 69 18
59 95 3
63 31 16
65 72 60
81 56 90
91 81 20
41 16 91
17 48 96
65 16 57
39 88 10
92 76 72
77 43 98
72 46 94
73 77 84
20 61 92
9 71 74
33 71 43
70 11 1
96 52 3
66 1 91
25 75 8
5 25 76
45 33 50
47 47 29
96 7 14
68 99 46
64 17 23
41 11 7
81 24 63
57 98 12
72 7 99
90 53 72
32 93 70
10 21 73
54 29 58
45 67 59
20 99 39
88 48 2
62 94 3
14 26 17
39 47 1
27 72 24
11 94 73
41 45 99
73 7 87
49 2 94
91 9 80
3 14 45
37 22 92
10 74 95
12 79 13
36 51 27
54 2 21
88 29 56
35 80 74
33 61 24
26 33 60
66 98 46
4 46 6
79 63 71
67 27 82
68 30 1
74 60 43
89 69 82
79 34 11
31 99 43
82 44 24
38 56 29
29 45 78
97 78 42
39 73 99
53 19 55
88 80 34
34 9 86
34 13 58
30 91 77
71 9 19
59 57 57
5 33 32
39 41 2
53 55 70
41 68 81
68 11 79
86 99 82
23 34 70
93 26 11
97 57 45
95 98 74
56 66 24
64 2 40
28 27 28
26 54 87
9 5 98
45 24 91
45 83 86
61 80 75
76 39 43
19 81 2
66 17 81
21 47 30
11 78 41
14 40 68
24 99 56
48 82 92
71 85 88
64 38 18
85 53 77
46 84 18
66 3 20
76 70 18
55 16 41
48 33 18
77 48 55
91 80 100
94 64 86
2 55 91
98 83 72
88 56 94
95 31 54
66 98 8
23 31 13
49 51 96
83 55 72
73 19 17
71 100 13
44 20 12
11 34 64
85 56 45
42 54 72
88 4 57
1 4 53
56 55 43
14 70 83
63 88 20
81 78 88
13 10 89
88 28 83
35 41 59
100 31 15
82 9 8
5 2 31
43 97 36
34 82 53
93 71 27
93 32 89
21 14 32
92 82 19
82 96 29
63 32 76
44 18 94
71 11 58
55 62 67
30 66 17
12 22 70
11 72 26
25 53 3
32 30 83
60 49 47
27 40 58
54 87 31
9 57 40
68 67 77
45 40 21
72 31 52
51 84 38
35 69 98
2 45 10
99 100 99
81 98 57
78 12 88
70 53 26
11 24 17
86 43 77
78 66 65
46 43 34
97 48 67
64 20 90
11 97 3
22 60 28
66 57 23
11 96 33
53 79 6
44 97 93
61 38 73
52 33 59
46 33 98
54 92 80
87 22 35
78 57 39
96 37 96
70 73 57
96 4 20
29 52 34
5 10 63
31 92 94
69 8 23
49 31 33
77 5 35
37 47 27
5 54 59
23 9 65
85 21 42
46 43 37
71 14 49
26 11 40
65 67 67
25 43 88
4 30 12
85 49 72
36 11 52
95 28 75
12 11 17
49 10 46
94 9 57
29 76 13
7 76 80
22 82 19
81 3 21
9 16 3
8 47 83
55 76 93
15 55 99
65 62 33
30 78 49
49 36 50
76 21 52
53 45 45
92 5 80
80 31 1
4 2 70
41 87 17
86 13 36
85 4 7
100 84 2
7 99 42
23 5 42
80 2 48
36 64 28
8 98 13
24 94 97
99 81 6
55 79 1
65 38 19
13 94 95
66 62 31
40 8 36
45 74 33
80 7 4
68 53 54
32 82 52
45 35 4
44 4 28
93 59 91
93 26 78
15 92 55
14 25 67
59 50 56
98 72 62
62 67 21
42 89 51
85 64 25
24 90 37
53 31 69
10 56 9
96 26 6
64 17 96
75 22 61
72 3 71
95 3 80
25 22 99
24 8 66
23 60 63
65 44 49
49 49 82
88 60 26
51 99 86
1 50 32
56 24 45
11 3 86
34 91 46
44 1 65
94 100 1
41 49 42
63 71 87
85 63 48
76 25 8
67 30 57
90 12 13
53 60 50
5 85 45
69 48 89
12 36 47
20 2 69
88 96 10
24 20 1
4 26 71
41 23 92
6 30 74
73 87 53
68 35 4
67 91 29
84 85 16
10 12 61
54 37 9
69 22 9
72 50 61
21 20 58
88 79 68
85 90 82
28 48 43
43 95 71
26 49 34
39 21 1
37 73 45
73 10 26
55 42 8
46 17 62
94 97 100
15 37 4
38 99 29
34 57 19
91 100 25
74 10 6
31 73 53
58 29 41
69 58 16
11 95 34
2 16 19
13 45 67
43 34 53
90 30 22
39 87 35
96 85 19
30 72 12
55 88 79
79 23 66
96 57 49
87 5 53
73 26 2
82 40 8
59 23 55
80 88 32
11 23 37
40 23 21
77 78 92
13 15 21
58 59 51
18 60 13
53 67 98
87 72 52
12 33 20
73 31 67
13 48 51
82 74 26
76 37 58
64 77 83
21 22 51
32 87 84
15 1 11
77 28 96
95 78 13
15 98 10
39 86 66
38 56 23
61 44 69
66 20 58
21 71 40
60 47 39
65 40 90
36 17 30
64 13 14
3 67 18
36 41 95
51 36 56
78 85 88
70 92 20
83 53 4
5 1 90
25 65 27
100 49 36
82 76 9
90 25 96
68 1 14
88 13 29
15 18 64
47 11 86
49 33 50
20 96 31
53 70 60
7 13 93
29 88 55
17 51 10
14 47 19
59 95 75
31 4 6
20 61 6
24 78 48
94 53 9
29 39 49
56 91 28
74 81 96
4 85 35
63 30 28
5 32 20
66 99 29
65 33 59
40 40 72
38 34 64
92 30 52
88 19 74
77 33 24
80 79 91
87 69 60
36 77 25
16 75 13
93 13 23
83 75 56
49 52 97
76 79 6
48 37 98
50 59 66
66 65 23
30 99 64
36 9 82
27 53 4
47 3 81
97 58 24
92 76 64
89 41 3
4 9 50
57 61 69
62 26 55
85 88 7
37 10 19
6 10 1
86 18 82
33 7 24
27 57 51
38 84 14
96 80 72
59 85 80
20 40 59
15 95 83
1 82 12
19 15 24
29 10 23
45 1 37
20 98 15
31 7 35
24 61 37
100 81 53
83 32 85
26 16 95
46 83 87
72 3 35
90 48 67
78 3 3
77 3 51
98 77 53
33 74 33
11 58 69
52 25 57
58 52 29
13 90 8
44 53 44
71 59 7
76 75 8
52 5 11
4 12 55
100 45 56
94 29 12
58 94 37
17 93 43
34 6 41
90 20 100
84 95 29
5 1 42
2 88 54
76 48 98
10 63 95
36 17 81
50 38 75
56 92 12
21 41 46
45 50 95
98 75 90
68 72 5
70 14 67
49 94 37
35 83 58
59 52 29
41 38 15
56 93 34
71 64 24
95 1 56
4 100 96
35 44 30
69 52 43
39 68 83
10 79 37
23 12 19
88 22 1
38 51 86
14 71 8
24 76 51
89 24 39
29 85 94
60 10 33
18 61 56
17 54 66
15 6 22
75 18 62
77 65 18
48 3 38
72 60 33
59 64 14
55 29 44
74 63 76
38 86 39
56 92 64
45 13 73
63 31 84
100 93 86
20 46 71
25 50 74
60 21 45
12 21 32
21 25 94
58 23 58
74 72 52
50 61 87
59 76 100
29 61 61
87 30 69
79 12 67
76 7 16
3 61 61
34 11 68
31 68 46
31 100 29
49 90 62
96 43 88
90 33 17
12 79 33
24 54 52
7 80 26
21 76 88
50 97 44
63 25 16
98 79 68
14 72 80
55 99 52
39 94 29
17 69 96
2 17 64
88 71 65
22 100 78
4 30 100
38 39 52
68 25 82
20 76 42
3 22 10
53 11 59
32 74 66
14 85 95
97 35 32
57 45 84
62 26 5
62 41 41
93 51 69
70 37 85
100 22 57
64 55 49
95 57 20
27 47 81
86 58 39
8 98 82
60 71 7
45 3 81
75 74 78
46 88 55
54 29 16
10 50 36
53 35 3
87 25 39
61 78 82
39 36 44
10 8 74
96 85 55
83 67 100
47 10 57
5 38 13
59 95 12
90 32 1
39 96 91
25 99 47
39 71 54
96 56 96
84 69 58
83 67 52
79 76 66
15 33 39
48 46 7
87 78 8
80 72 68
24 41 81
74 69 38
56 60 15
17 59 58
31 89 12
80 44 99
98 6 76
42 60 56
36 57 50
99 36 2
26 50 22
79 1 46
79 18 78
82 100 80
46 18 86
82 83 53
6 3 81
35 9 66
62 8 70
29 77 67
46 58 96
32 40 54
89 64 61
51 57 19
44 4 46
56 23 56
62 52 5
21 91 40
81 11 46
60 36 81
30 73 37
78 67 44
56 13 91
46 37 46
37 98 83
25 98 80
98 16 82
42 63 24
24 51 70
28 58 47
40 48 93
1 10 92
52 40 73
93 58 92
78 74 100
1 6 94
18 38 24
88 92 6
25 48 68
41 92 5
3 85 17
24 28 31
63 62 18
15 66 50
59 34 65
84 48 23
50 63 18
17 16 8
61 30 17
20 81 53
76 32 82
80 35 92
31 27 52
58 97 77
20 21 98
84 69 11
4 37 7
24 72 32
58 56 100
24 36 57
76 65 66
83 36 25
42 11 13
89 18 17
5 49 41
74 13 64
70 52 29
6 58 58
10 24 30
31 64 80
1 45 10
40 60 6
52 10 56
41 48 38
82 16 85
85 2 49
96 1 55
88 97 59
7 41 37
38 14 95
18 13 8
5 66 96
8 100 76
92 7 96
32 17 40
82 94 85
47 92 59
66 5 22
24 49 44
57 85 41
11 95 82
53 46 84
88 75 29
22 5 2
42 94 37
31 95 91
76 22 12
7 39 93
56 49 10
76 22 62
83 18 45
72 51 31
73 40 78
13 87 60
20 41 54
2 62 13
19 61 100
87 99 83
52 32 17
12 92 85
80 45 35
34 11 30
91 53 99
88 14 63
21 88 42
44 100 12
12 27 99
11 36 10
23 49 48
30 73 61
56 22 6
43 73 85
55 37 83
6 76 9
2 64 98
88 56 68
62 60 65
69 80 79
73 3 33
14 45 2
78 87 11
78 59 61
80 72 94
18 32 12
84 77 34
63 44 36
79 31 65
27 94 40
39 90 3
82 32 50
52 40 7
9 92 29
31 64 90
63 84 82
67 28 90
35 11 79
37 74 75
13 76 74
28 6 8
5 85 56
66 57 61
35 99 46
45 56 87
77 4 94
90 37 93
47 33 38
58 82 13
11 85 7
55 35 10
92 50 54
45 64 54
10 36 5
94 26 39
47 34 93
41 53 52
50 79 43
10 68 20
13 56 84
45 76 86
33 49 84
44 94 85
21 3 24
50 39 29
47 44 67
51 46 88
74 30 99
14 70 84
78 22 87
45 52 21
81 67 83
83 18 100
39 38 16
48 94 28
54 17 32
3 45 55
24 54 26
88 15 91
81 90 45
88 39 5
75 43 49
38 48 79
76 48 12
100 56 21
95 35 43
65 77 2
92 32 12
92 81 79
94 33 6
9 86 60
49 9 64
65 82 99
48 87 1
67 30 83
26 23 6
51 25 19
12 58 32
30 48 11
81 66 47
20 18 89
83 94 67
35 4 23
42 29 3
62 85 21
74 72 47
52 87 27
48 100 72
55 64 67
35 47 38
48 75 34
9 29 76
62 78 95
98 5 82
53 79 53
4 20 65
63 26 6
62 30 59
14 18 67
72 74 51
56 90 100
31 87 89
91 7 34
92 30 14
41 99 75
48 19 72
14 27 91
45 28 72
34 42 90
11 29 7
2 29 55
39 65 31
100 56 76
88 61 31
82 9 74
36 34 80
19 31 69
68 87 15
86 50 90
81 68 34
35 91 44
57 3 25
2 6 60
100 21 30
97 72 85
31 46 88
89 79 2
56 89 41
75 26 27
42 87 65
57 27 53
38 80 43
2 13 52
53 26 22
8 4 64
87 2 61
94 11 14
12 40 100
72 39 47
65 42 73
57 31 34
45 66 83
84 20 85
4 78 40
52 83 75
21 41 28
29 63 7
65 98 26
87 8 54
97 10 87
56 57 15
13 7 23
25 13 74
5 85 45
12 52 17
34 36 93
92 53 55
29 85 30
48 3 91
91 25 58
18 65 77
88 25 94
7 53 66
43 56 50
81 2 79
74 24 97
19 67 98
89 60 30
79 80 34
97 48 92
83 78 91
52 27 81
70 86 99
61 32 20
64 83 75
29 56 58
62 20 12
82 49 47
93 65 86
52 22 26
88 97 29
28 68 96
92 57 66
29 46 12
28 12 36
86 88 69
60 93 82
39 97 19
22 80 38
56 69 47
89 99 96
3 50 33
35 70 72
8 68 39
35 39 61
58 74 7
37 45 47
96 50 56
31 78 22
60 41 49
61 31 72
46 77 22
56 10 77
54 100 44
52 96 93
88 64 54
76 64 88
24 86 10
94 7 64
66 19 52
79 95 100
74 78 9
50 49 58
24 31 48
9 55 61
40 90 71
48 53 86
67 91 32
13 70 19
31 17 27
100 54 46
69 88 84
11 96 70
70 1 12
55 88 74
88 88 6
30 4 20
19 93 62
68 51 46
15 32 48
44 25 29
25 93 36
54 28 86
18 25 54
16 60 45
12 10 84
62 95 38
22 97 79
57 42 99
23 28 95
54 2 48
2 89 50
73 11 56
1 94 76
52 69 55
10 18 6
66 96 63
9 53 50
92 41 2
82 59 90
83 72 16
86 77 23
29 23 93
27 79 76
24 67 71
39 6 5
92 59 97
96 87 83
42 32 88
86 65 35
81 46 35
29 14 21
94 31 9
3 12 85
80 41 93
91 13 20
78 99 10
3 96 100
55 49 61
85 25 49
96 27 79
19 24 92
19 49 62
27 64 31
60 29 58
1 66 86
77 98 12
19 32 24
1 30 66
26 9 8
48 27 78
89 97 67
90 62 28
18 73 37
59 41 49
68 7 66
42 41 43
57 88 92
49 57 33
4 65 100
29 12 70
26 72 26
7 33 88
11 96 1
69 80 87
85 14 23
45 11 11
76 94 66
66 85 86
95 1 23
27 90 4
13 37 72
92 95 85
10 83 16
31 96 72
65 47 44
60 47 22
92 49 61
82 20 38
43 80 48
87 35 41
84 63 27
94 97 9
82 73 94
70 36 46
57 52 21
61 53 83
69 91 96
41 34 72
33 38 69
97 38 19
16 6 92
16 65 7
52 27 61
64 69 3
58 48 95
85 84 73
79 30 6
98 48 3
34 51 30
6 96 4
95 21 9
31 4 79
98 79 47
39 39 18
98 54 92
45 13 44
7 1 50
55 33 27
19 78 40
10 83 7
52 28 69
20 62 33
32 20 82
43 73 37
53 50 90
99 35 1
50 34 80
11 24 99
64 61 20
3 5 48
81 37 40
10 34 48
57 40 80
28 28 96
22 61 87
76 46 10
66 21 87
28 36 11
89 18 7
62 40 17
21 17 54
6 40 45
81 68 71
64 43 81
52 92 67
80 82 55
12 43 7
31 8 16
75 70 68
65 82 48
94 44 47
33 86 32
51 46 18
16 84 76
18 79 55
66 7 15
19 94 82
70 17 9
98 23 27
38 39 8
20 84 80
65 40 31
62 1 58
77 12 77
57 39 64
93 3 4
26 29 35
50 78 5
73 48 90
46 96 58
5 100 39
3 38 61
57 2 60
19 66 89
70 21 12
5 2 79
31 18 63
58 11 90
32 51 92
42 67 27
74 78 52
13 92 65
100 35 44
80 97 47
41 12 24
82 10 76
57 28 47
26 20 55
52 13 4
69 18 65
25 62 87
35 98 80
33 34 81
5 98 36
31 51 54
46 63 10
43 94 45
97 54 93
43 1 61
30 35 65
51 4 51
54 19 49
18 48 68
97 12 46
48 28 99
20 21 87
55 32 41
85 81 88
41 52 57
61 39 93
43 50 4
89 84 39
20 48 26
43 88 94
45 70 3
37 42 80
92 56 32
68 69 84
3 75 93
96 57 6
8 79 42
49 43 8
25 46 95
67 31 84
29 35 21
37 76 32
59 7 76
44 90 8
34 3 74
23 74 25
63 29 13
55 61 17
32 77 38
4 75 39
41 52 29
52 25 3
28 27 37
95 20 86
15 14 48
83 50 91
18 10 46
53 23 45
89 13 44
14 90 2
17 21 83
67 79 99
46 97 13
29 25 33
91 36 49
52 65 86
17 87 89
52 87 67
20 47 17
17 41 26
30 49 76
12 74 35
30 73 11
27 82 15
48 22 96
93 19 61
2 13 75
33 70 82
78 52 7
64 78 83
89 48 82
16 36 58
74 34 82
76 52 93
27 15 64
47 73 99
83 55 75
16 58 66
59 24 89
68 8 63
56 88 46
58 85 61
77 37 100
26 92 5
63 96 60
8 98 53
24 8 51
33 7 74
22 12 60
36 23 28
14 32 45
10 27 65
71 74 97
78 8 55
69 13 69
94 43 7
11 52 95
32 64 34
62 30 48
73 74 49
34 90 36
48 37 32
4 89 44
56 69 46
53 25 89
68 27 21
28 10 99
96 94 78
69 26 74
20 72 86
13 33 55
31 71 19
91 93 39
33 97 12
52 90 13
69 9 83
4 47 86
84 38 74
2 10 72
14 20 66
39 50 92
76 65 99
72 29 87
47 30 39
55 9 90
9 52 78
15 20 60
11 55 9
60 83 33
96 68 80
31 66 44
60 96 76
56 4 92
7 10 64
91 38 10
24 9 71
68 16 100
81 86 46
90 49 66
37 53 28
90 86 61
69 51 37
24 92 38
20 13 41
33 15 6
92 73 5
5 39 63
45 12 1
61 62 29
52 44 84
18 21 89
46 12 9
45 19 40
2 84 5
35 31 41
38 72 48
7 56 63
66 18 15
1 23 97
86 58 37
64 80 47
82 33 88
27 93 11
53 65 20
99 23 22
30 90 10
80 16 93
84 85 45
46 50 24
90 87 50
29 50 80
4 69 68
30 62 64
43 5 40
36 31 89
80 56 84
97 54 23
47 68 10
69 10 7
15 2 27
1 12 91
59 23 49
26 76 82
81 3 57
20 4 43
86 9 31
92 87 28
31 35 7
3 44 9
14 41 13
78 86 46
98 55 56
86 19 72
5 51 65
9 89 86
92 77 81
90 55 69
78 89 63
68 90 91
4 88 38
73 58 27
38 71 51
76 81 85
42 43 52
15 62 43
59 54 4
86 13 63
44 25 50
91 68 10
20 20 8
44 28 31
100 69 45
77 85 74
12 23 86
22 11 25
67 68 52
2 53 35
9 84 14
20 79 61
58 98 91
77 18 54
76 99 91
95 27 11
21 98 20
91 98 90
24 71 96
28 86 4
30 18 24
9 2 43
14 26 7
72 51 94
75 7 70
9 35 88
7 31 52
68 7 36
71 2 94
77 66 67
61 5 36
46 90 91
4 74 20
44 21 91
37 42 72
28 56 73
49 41 93
51 43 1
37 39 80
80 55 8
17 79 61
5 86 83
11 60 87
17 4 55
38 79 12
83 3 32
39 88 51
44 62 12
1 41 21
44 61 66
12 65 27
14 29 93
68 64 68
34 52 14
63 41 21
2 17 94
83 36 43
86 33 65
95 72 4
6 81 52
66 53 12
85 79 30
26 18 37
53 69 28
94 95 82
3 49 46
67 22 4
62 52 53
73 13 94
23 43 63
5 63 74
52 60 98
13 93 48
18 40 15
41 78 5
32 22 60
65 85 5
24 93 62
42 42 21
49 44 33
10 75 48
59 51 89
82 24 84
15 53 37
22 57 39
6 22 10
65 24 66
75 55 13
94 39 56
71 78 18
16 7 6
85 28 59
90 94 47
44 25 83
86 50 64
18 26 97
88 94 4
74 2 99
89 71 61
9 1 63
69 86 2
48 23 26
67 12 76
40 3 18
42 96 45
9 34 37
47 88 51
29 43 80
89 71 33
65 4 15
4 84 10
93 63 25
29 1 26
28 28 83
80 22 85
64 18 23
92 67 23
73 72 49
94 9 94
15 67 13
87 84 57
40 71 4
100 75 65
61 100 6
36 83 68
92 44 10
38 44 69
73 83 52
81 43 2
71 4 92
15 5 65
6 91 51
50 61 5
34 28 70
88 67 57
82 43 12
13 8 44
64 17 9
38 11 92
28 33 23
19 1 34
18 51 75
82 85 25
77 16 21
6 100 13
42 40 43
93 27 69
10 54 49
26 66 22
73 13 48
38 100 67
30 23 41
28 47 83
38 73 30
22 38 33
6 3 47
17 39 66
87 97 2
85 86 8
15 95 1
80 13 9
28 64 38
34 74 98
26 67 64
77 41 2
96 15 62
39 5 48
21 54 100
84 59 30
9 12 41
53 90 84
84 1 19
15 21 45
98 31 71
28 41 11
42 57 39
79 81 20
91 12 20
3 70 57
100 23 50
100 31 9
67 34 78
79 65 90
26 40 25
60 2 36
35 92 65
36 69 11
2 20 49
73 26 12
88 6 63
61 27 27
75 9 72
71 73 64
3 64 9
75 43 54
90 65 47
21 21 94
25 67 95
67 41 41
87 40 15
83 26 18
40 85 12
19 74 26
20 70 69
92 39 74
72 21 75
30 32 52
85 60 50
34 47 56
33 26 92
58 64 22
28 94 16
8 52 2
86 90 30
17 38 94
36 100 56
95 86 5
95 82 38
89 50 37
42 55 45
77 96 1
98 40 63
21 99 3
37 94 89
10 24 62
59 60 54
51 11 82
4 32 1
84 98 89
85 24 7
75 41 64
16 97 87
20 41 17
99 41 62
71 15 73
36 48 45
50 11 19
33 29 66
91 42 77
39 45 12
42 30 77
60 4 24
41 58 55
10 92 16
24 82 87
75 35 95
89 67 99
85 90 86
100 30 3
22 79 63
7 76 63
70 28 24
67 67 72
100 83 8
12 34 97
94 88 74
69 69 59
51 16 18
57 84 88
45 29 76
24 28 74
68 15 6
95 16 31
26 50 73
29 36 65
2 26 47
52 64 75
88 88 14
12 36 42
65 52 40
73 54 99
36 48 99
95 37 86
6 42 89
96 80 11
98 89 62
74 44 100
89 55 62
71 17 10
46 31 13
8 59 7
21 69 45
26 19 86
55 23 73
68 87 28
92 22 46
37 56 31
9 35 83
92 21 8
5 81 98
10 18 68
60 63 61
60 7 53
39 93 26
66 74 25
13 51 35
62 18 90
59 84 18
57 79 17
74 25 6
92 73 39
77 15 49
36 92 77
39 54 40
83 75 15
61 98 48
9 67 45
79 84 23
60 38 63
15 70 27
71 41 88
64 20 47
76 42 12
39 68 15
64 42 25
43 81 12
19 97 33
19 82 75
40 20 14
17 39 79
57 81 89
51 14 45
23 96 78
77 87 5
1 34 93
32 64 50
99 32 90
61 38 37
71 74 70
60 96 49
14 99 97
44 27 74
50 28 57
95 90 32
30 4 62
57 85 9
76 76 84
92 35 47
98 65 37
11 31 3
60 52 72
43 87 72
64 82 94
11 7 54
30 25 28
86 54 78
28 50 52
44 61 85
9 11 57
60 54 25
49 94 68
27 14 1
52 42 82
30 2 31
83 89 46
56 56 55
61 35 37
54 96 86
33 94 32
36 19 22
14 82 62
77 40 54
25 60 9
41 2 28
23 21 16
89 17 57
72 39 36
50 47 36
59 28 24
48 90 34
3 55 46
45 75 71
66 36 46
10 36 52
94 79 21
6 51 35
49 27 41
24 60 42
80 36 69
29 1 18
83 5 41
16 56 1
41 44 45
54 46 11
45 18 100
10 36 92
78 2 65
22 4 26
2 66 57
56 22 42
66 52 19
69 78 20
78 27 42
99 12 89
9 42 84
56 66 29
93 55 70
29 4 71
7 29 26
47 3 84
71 87 77
42 80 19
42 28 28
5 93 26
41 3 82
28 36 32
53 84 95
91 2 83
91 19 63
9 48 37
56 16 29
78 3 83
74 22 38
69 46 79
17 2 23
46 29 81
17 44 49
24 85 62
89 25 16
70 67 17
80 58 66
12 6 27
52 22 65
94 34 77
98 66 74
90 44 3
40 38 6
33 38 61
37 50 69
30 59 92
21 66 47
68 87 68
35 82 42
61 98 79
59 42 91
59 47 74
5 29 31
30 99 77
33 19 14
20 93 63
3 99 68
21 46 64
23 1 46
25 73 34
20 84 39
95 54 99
50 5 3
69 33 84
71 43 8
73 95 64
90 29 40
74 55 67
5 64 53
94 55 44
100 80 11
3 30 59
96 94 16
52 25 99
71 34 10
3 31 40
30 95 18
54 86 39
79 48 32
16 98 74
58 64 73
20 97 68
42 26 14
45 59 70
22 74 46
86 39 70
21 39 62
91 13 94
36 97 64
29 12 36
43 42 31
53 10 36
50 89 40
18 67 44
9 28 93
100 39 46
90 48 34
74 43 42
16 42 67
90 73 100
27 22 61
1 33 90
7 43 29
66 5 16
9 49 92
66 1 55
66 41 13
62 30 36
54 42 36
33 84 75
49 20 2
87 7 67
51 21 78
93 62 64
38 48 75
53 98 81
39 91 19
9 11 26
28 56 61
90 10 85
35 43 35
8 61 21
75 44 41
2 22 11
89 30 26
53 87 81
10 2 21
74 29 33
16 94 93
4 67 20
53 9 79
11 45 58
64 39 24
44 52 28
96 90 44
82 35 42
75 19 43
82 26 30
24 39 72
91 23 39
10 98 34
35 20 91
61 61 83
95 6 82
64 15 63
57 34 86
41 45 6
38 98 28
47 64 27
75 85 34
73 55 62
67 49 57
67 5 51
39 24 21
96 13 70
1 79 65
86 7 89
34 24 21
4 23 19
20 36 37
2 100 2
43 21 95
86 79 1
31 43 45
62 5 43
18 2 17
71 100 4
4 56 1
62 91 69
44 2 48
12 21 5
17 24 72
23 16 73
23 76 82
32 97 93
79 100 87
99 43 4
97 63 11
23 24 20
59 55 57
71 95 15
40 42 70
94 70 29
90 47 72
100 71 41
28 68 95
48 33 79
14 44 31
57 52 17
99 41 28
52 55 3
39 19 75
85 39 15
93 52 4
22 92 8
15 22 62
56 62 5
23 55 83
21 87 48
44 62 76
41 58 70
96 97 24
12 94 75
82 4 88
68 30 79
73 36 77
70 70 54
67 20 22
39 67 44
5 51 67
53 13 57
81 6 87
40 4 4
49 82 30
92 68 87
95 9 4
22 97 19
42 89 30
36 95 77
85 100 65
1 31 57
47 22 95
86 49 11
36 11 26
45 12 52
70 69 30
62 92 40
56 10 90
6 88 11
10 1 27
66 69 63
86 20 89
71 25 97
4 69 84
20 49 47
84 81 100
38 65 50
37 71 76
52 38 28
15 38 58
61 52 39
3 77 72
53 78 64
61 19 50
26 91 91
37 87 75
24 64 73
15 34 99
15 72 21
75 17 57
52 38 53
20 27 2
94 74 52
1 42 30
31 95 23
16 55 98
80 74 44
61 20 66
47 31 42
87 44 60
81 19 82
18 49 99
20 15 36
89 90 10
67 87 20
65 95 79
74 44 38
92 98 43
5 37 17
83 56 41
1 11 32
74 36 80
6 51 43
43 6 43
53 60 27
52 66 58
5 17 43
57 56 62
22 80 70
4 15 8
62 46 98
56 98 5
27 10 74
79 88 27
51 100 69
99 87 42
20 20 87
49 13 90
62 22 49
32 23 80
93 76 12
97 45 83
86 24 93
83 68 76
55 44 55
95 15 21
23 100 83
31 13 44
73 76 44
39 69 34
34 75 1
78 5 30
57 99 2
27 28 23
24 21 35
71 64 100
56 34 70
65 60 4
46 88 27
44 78 45
17 15 40
81 16 63
37 53 63
56 70 70
13 95 1
22 42 92
4 81 83
39 42 68
86 81 14
10 89 71
65 53 32
95 15 96
63 40 88
40 20 1
93 40 5
8 38 55
60 100 100
59 93 64
94 65 94
68 18 40
3 37 57
93 76 32
33 40 48
60 48 47
25 50 24
20 41 65
48 13 31
88 45 81
5 21 26
57 19 63
18 22 44
78 5 94
41 39 1
53 93 41
75 78 49
32 79 9
73 95 84
19 72 82
95 37 77
63 60 88
29 98 17
77 95 75
94 25 69
44 72 84
26 81 13
5 10 17
19 59 23
4 95 34
63 92 90
78 48 14
41 82 49
86 66 71
73 16 93
95 88 13
55 76 74
79 13 33
12 7 59
91 28 40
79 2 89
58 81 44
57 54 14
60 21 3
84 66 97
69 30 42
33 6 62
6 95 6
4 90 49
69 95 63
63 70 88
66 1 17
42 2 23
92 70 88
39 3 15
35 70 71
12 17 6
96 95 51
36 61 37
62 93 19
28 46 93
87 94 89
92 67 84
27 54 99
10 17 99
87 66 16
50 16 84
69 68 82
77 46 57
89 43 72
27 53 79
18 81 79
84 40 26
28 12 94
64 9 84
82 59 67
18 23 31
69 18 76
45 97 24
53 39 84
58 18 25
35 76 60
63 15 93
51 35 22
63 30 16
25 96 77
13 38 31
73 91 76
29 16 83
67 9 37
76 40 26
68 90 30
82 99 96
54 21 12
40 25 74
4 91 87
77 54 17
79 32 76
12 6 60
83 88 39
86 16 69
100 93 48
16 97 21
49 65 2
80 50 7
32 40 99
19 56 7
12 90 6
46 95 29
62 70 83
40 8 98
71 33 70
44 61 43
11 8 76
15 88 81
83 49 68
32 64 15
1 72 41
70 20 72
14 68 45
95 43 97
29 76 98
61 70 38
78 79 96
85 96 61
71 58 57
75 59 74
40 31 98
3 44 73
48 96 37
12 24 50
8 20 95
23 31 95
20 39 74
18 39 96
21 77 74
58 33 80
10 76 90
43 68 99
77 71 80
27 82 73
54 4 62
48 91 13
100 32 77
3 24 77
87 5 76
5 12 4
69 85 43
2 45 8
60 19 51
97 48 26
18 66 51
49 97 36
56 92 80
40 84 44
67 79 81
28 20 5
43 70 26
83 50 6
7 22 77
37 91 64
49 6 13
22 16 28
70 4 6
87 68 44
34 35 91
74 55 19
8 17 10
25 25 59
16 6 1
76 95 28
56 12 55
87 82 54
65 42 34
91 9 98
39 16 26
52 19 77
5 99 79
83 99 66
68 6 97
73 12 70
21 76 19
74 16 76
90 97 76
62 65 31
68 23 82
4 76 33
20 93 11
58 20 3
96 85 19
10 98 15
78 75 16
48 7 19
41 35 33
39 13 31
10 6 72
10 74 65
31 40 56
10 78 76
42 94 89
29 66 27
60 50 69
75 60 85
59 33 77
62 91 82
85 76 23
17 87 64
15 46 73
92 33 86
28 40 46
15 23 99
97 9 45
78 84 67
96 73 39
76 65 68
17 40 48
95 31 6
68 44 45
7 15 9
54 99 96
77 2 21
59 11 60
37 88 36
24 69 62
54 49 38
20 3 13
31 75 33
74 29 8
7 58 46
46 37 89
92 60 15
1 58 52
34 17 86
27 74 37
29 40 2
1 92 64
60 88 88
29 32 8
86 10 38
57 64 63
21 91 69
97 6 92
94 30 45
18 64 74
73 75 43
61 51 1
14 54 1
14 92 2
69 9 57
62 77 19
51 46 59
79 45 38
82 96 55
75 44 80
80 50 7
22 32 44
39 76 62
13 11 69
68 77 23
96 54 85
92 33 31
76 42 53
88 80 38
51 37 89
9 73 3
21 60 29
37 9 78
64 63 92
53 16 34
18 64 26
43 31 41
77 45 65
41 92 74
38 28 75
63 31 41
94 66 60
28 84 45
51 62 88
14 84 50
76 78 94
20 89 43
93 81 18
81 16 14
21 89 54
87 10 90
4 62 71
93 13 97
88 28 36
4 32 23
7 38 77
56 78 62
93 1 32
75 4 47
40 41 77
35 13 34
85 65 12
67 27 86
33 4 12
8 10 35
46 62 26
40 35 98
12 1 61
55 30 81
100 24 41
78 78 88
47 96 33
52 68 24
50 84 78
25 8 52
73 99 67
40 92 73
35 99 77
6 23 27
54 51 21
100 90 5
9 55 22
76 17 41
54 38 24
23 99 61
66 44 100
92 17 54
63 80 24
36 93 60
9 79 40
72 17 100
34 47 8
26 78 13
55 8 27
52 8 76
71 47 91
79 37 83
68 29 72
2 95 100
5 93 24
79 14 23
78 39 25
39 94 88
43 16 73
53 82 65
22 56 2
6 61 91
100 60 49
32 65 39
32 24 98
15 99 89
30 99 48
24 44 16
36 74 54
55 51 51
65 50 60
26 36 20
88 32 28
39 29 83
96 83 77
12 19 58
41 58 74
52 96 12
30 40 81
81 24 36
63 78 91
40 71 21
43 41 50
7 82 19
77 81 72
58 55 48
43 16 78
61 63 72
96 98 59
90 7 40
72 75 12
27 35 37
31 29 75
98 39 55
38 73 89
91 75 75
93 15 30
99 59 77
4 18 16
52 56 59
35 64 13
42 48 70
7 27 92
58 89 90
16 64 48
71 36 43
75 38 74
28 77 100
11 89 65
86 75 16
99 36 58
9 21 49
34 55 89
19 83 69
44 93 34
9 22 91
76 42 38
59 82 95
99 73 78
1 2 24
60 9 47
18 61 35
25 98 25
4 98 90
92 35 10
7 20 12
38 40 17
13 67 73
2 49 85
16 76 19
5 13 2
38 93 91
56 53 85
47 33 14
14 36 52
55 17 95
27 3 23
93 43 20
38 29 85
69 99 25
84 44 36
17 3 71
7 70 6
18 85 12
37 45 3
71 50 19
76 77 77
99 43 76
88 41 90
87 11 97
20 28 83
46 11 92
20 22 23
6 36 32
48 79 15
69 66 2
66 9 1
52 3 40
16 50 96
100 1 62
46 8 92
64 38 16
19 58 99
51 51 86
3 22 46
97 62 32
1 82 18
84 21 79
78 54 3
8 63 32
15 89 20
62 3 68
1 75 42
68 7 86
94 45 40
19 74 47
88 39 81
69 39 48
59 85 71
29 31 23
12 18 75
62 22 15
41 89 56
6 41 11
85 99 35
3 84 44
68 99 29
63 89 14
76 93 81
5 75 65
61 26 71
14 40 66
71 26 30
54 6 61
100 28 83
45 19 52
3 2 81
15 59 61
25 6 91
84 10 74
26 51 36
86 75 4
66 69 7
96 96 3
80 80 39
77 25 61
33 49 3
91 47 31
47 8 51
35 65 36
55 68 22
70 63 78
29 96 2
43 26 60
87 58 46
40 9 84
45 73 13
42 82 29
39 53 45
30 87 72
79 43 4
42 91 85
45 55 100
19 73 42
94 88 36
25 62 66
9 3 44
89 59 95
4 6 91
71 21 99
17 12 5
79 11 42
83 10 28
85 47 64
39 90 75
92 30 37
55 90 41
4 16 38
27 25 79
21 63 25
48 73 100
16 54 8
94 21 63
6 80 64
22 41 84
45 74 45
59 36 69
86 66 73
72 79 34
16 38 3
62 88 20
63 61 68
83 24 9
4 32 67
52 49 90
53 74 6
6 44 28
25 95 52
76 37 97
81 59 23
28 43 46
53 15 50
36 2 44
23 26 45
95 79 27
74 85 67
100 35 15
51 60 85
61 81 36
73 12 62
53 65 11
12 75 15
82 16 31
11 27 68
36 4 43
33 30 11
32 9 14
57 94 94
83 11 18
51 44 37
65 74 17
11 81 96
63 4 34
83 31 50
9 59 16
41 33 65
6 91 35
2 80 48
31 99 32
47 82 56
82 29 16
28 9 86
10 84 56
41 43 94
16 91 49
19 22 95
79 45 13
10 53 92
45 59 78
49 54 11
84 43 88
80 67 39
76 75 63
50 34 76
84 33 48
90 75 94
76 8 7
1 2 87
43 8 43
49 22 66
47 3 29
45 34 79
54 48 2
15 13 39
56 16 96
42 97 26
37 69 11
33 95 20
76 73 16
39 75 84
75 45 2
37 62 61
50 93 7
80 19 98
66 61 25
81 59 68
94 89 35
56 93 56
60 53 23
57 42 54
7 98 39
74 85 68
31 67 56
50 77 57
13 13 3
14 87 30
74 90 73
25 31 64
36 90 12
3 20 48
90 17 56
63 79 15
68 99 29
100 63 9
65 88 7
12 27 8
81 94 56
51 77 84
31 54 43
60 53 93
69 50 25
63 58 75
2 33 25
21 12 14
37 54 13
85 82 40
6 91 41
78 93 88
18 36 87
5 24 58
9 38 41
87 45 25
98 17 40
24 94 51
13 56 64
71 55 9
81 13 31
76 1 94
90 80 22
85 91 61
14 28 13
65 27 36
88 14 42
52 97 14
42 80 74
39 39 13
73 7 7
95 86 84
65 82 68
6 99 38
18 12 5
74 56 30
7 87 56
92 14 19
14 58 50
46 28 11
56 99 22
40 55 89
22 37 17
28 1 60
61 23 20
25 74 31
68 20 40
8 44 64
6 80 64
1 91 5
76 1 75
63 44 33
17 77 84
59 23 50
75 63 86
36 76 49
87 87 99
90 2 75
94 98 32
23 97 14
81 49 83
87 91 59
83 59 60
54 86 63
6 84 76
26 21 71
68 25 31
12 64 25
84 87 53
65 55 8
100 100 70
20 26 7
57 50 8
11 6 31
23 92 33
12 5 54
6 93 58
20 59 99
88 63 68
64 15 33
84 41 12
93 29 1
68 94 89
96 86 43
57 70 9
27 40 6
63 94 37
48 56 44
58 20 96
94 64 99
70 12 96
17 51 13
100 10 74
82 18 60
59 100 90
78 17 29
62 82 42
65 29 16
45 60 80
39 14 82
68 60 26
5 76 53
2 72 74
34 1 77
34 58 23
68 27 2
86 81 16
79 45 47
56 34 94
3 100 23
25 67 26
34 72 86
79 39 98
1 53 87
61 61 52
18 90 78
53 30 22
39 8 83
23 84 60
42 17 87
21 79 4
3 65 31
46 25 75
79 95 76
46 98 65
98 14 30
48 99 44
80 2 79
76 72 43
94 83 66
44 96 65
61 60 13
92 85 64
81 8 86
46 45 72
85 8 56
35 41 84
57 4 56
21 73 51
52 81 6
73 61 27
13 51 74
1 32 25
65 2 33
55 72 26
69 43 80
93 86 91
94 9 44
62 6 23
66 14 45
62 5 23
77 66 29
67 49 73
1 17 77
46 57 85
25 57 25
67 98 8
71 24 84
56 39 34
56 16 40
11 97 92
74 94 37
64 71 40
77 7 46
79 57 35
66 74 56
84 39 73
63 12 91
56 42 79
90 81 3
51 31 29
51 30 66
14 89 1
60 29 6
48 99 76
74 10 2
15 34 33
16 88 93
63 61 70
82 99 51
35 70 81
20 13 36
29 26 38
96 39 78
95 14 100
58 100 60
71 55 35
54 58 36
46 58 33
87 54 32
7 62 7
9 90 95
30 89 89
47 48 87
3 72 44
99 16 91
25 96 85
92 80 83
18 26 31
19 93 22
91 57 23
23 73 20
34 62 38
34 8 29
36 95 68
49 82 65
49 82 55
67 23 57
52 6 8
81 82 28
3 38 51
12 70 37
5 53 27
30 83 38
60 28 98
89 66 90
44 66 26
68 43 27
82 31 5
40 9 40
42 14 54
19 2 13
81 15 18
77 78 20
59 77 1
72 14 82
19 58 82
69 30 87
93 35 88
30 56 70
26 32 26
4 35 63
26 60 13
100 88 38
84 71 4
37 86 12
53 45 67
93 26 46
69 49 46
38 2 40
88 30 91
75 100 81
43 3 2
56 100 53
66 33 10
21 63 40
29 81 42
80 62 47
49 76 19
78 46 70
65 82 14
17 99 55
73 7 89
43 4 88
86 91 7
79 95 7
66 75 94
56 17 71
50 78 76
67 78 64
97 75 32
79 35 30
5 95 22
56 18 74
63 53 48
70 33 14
60 39 93
36 51 46
11 7 44
38 26 31
43 28 37
42 8 37
58 38 46
36 45 74
70 26 90
51 30 9
45 41 69
82 29 33
90 56 66
92 33 63
71 93 61
100 67 51
81 21 17
13 9 48
98 73 87
76 82 56
52 41 93
46 19 57
30 57 83
84 21 94
93 3 6
93 52 29
54 56 51
51 51 71
76 17 56
18 20 18
27 33 19
2 40 74
59 84 33
65 64 97
80 7 90
35 88 46
46 58 44
63 75 72
48 80 32
25 47 83
80 36 41
47 87 95
3 44 11
72 98 14
5 56 32
66 30 60
5 35 1
38 18 77
13 85 15
55 2 35
16 99 73
88 62 24
72 50 73
63 47 15
17 25 46
22 93 25
42 67 66
93 49 3
56 50 6
9 51 99
62 67 51
27 75 57
73 50 97
41 11 63
33 66 3
29 95 6
61 73 73
16 93 97
1 94 90
61 92 22
47 83 90
44 37 23
29 23 57
2 46 64
46 68 88
74 73 26
36 60 61
55 41 29
15 20 81
54 69 37
28 58 30
17 17 85
70 59 25
98 90 49
26 87 79
36 100 91
54 35 23
78 49 38
37 31 11
61 69 97
31 27 77
20 59 79
32 73 45
2 33 91
62 15 56
34 87 71
19 3 58
96 28 27
32 30 11
69 49 61
86 8 95
4 92 37
41 75 23
80 29 64
76 99 91
28 11 27
68 86 83
54 46 95
13 58 59
80 38 61
42 9 91
48 78 98
13 12 60
62 78 35
2 6 68
6 71 13
69 5 35
53 35 72
52 96 13
92 22 14
61 47 64
79 17 20
58 5 44
3 73 4
12 76 53
26 3 76
69 48 37
52 35 16
55 12 51
7 13 91
80 63 1
10 13 35
80 3 3
37 73 5
47 92 64
70 48 43
77 78 32
82 3 95
98 75 82
45 74 100
64 69 92
12 15 48
100 24 75
96 73 66
69 10 12
38 75 91
39 65 8
6 55 4
75 65 1
40 22 40
17 12 29
50 2 55
47 33 94
43 70 23
9 6 2
100 65 96
26 95 89
74 69 12
32 58 14
15 80 17
61 66 42
70 90 43
67 100 39
8 84 63
60 21 84
57 47 45
14 63 84
36 42 87
57 44 15
7 94 20
87 11 43
94 73 71
30 31 52
10 100 47
66 71 88
53 68 32
40 49 87
85 56 86
82 86 61
23 83 64
88 14 11
95 5 30
38 10 49
75 74 73
27 92 20
9 95 100
15 89 95
77 78 42
87 91 5
44 5 29
38 52 83
3 64 99
41 42 86
62 63 16
21 78 48
6 85 66
36 95 42
69 68 10
62 1 91
66 40 60
27 66 30
67 90 20
77 77 67
40 27 8
45 55 73
6 70 81
13 28 81
20 80 75
77 67 93
90 21 52
94 21 16
81 90 46
78 80 33
20 50 88
20 48 61
38 18 6
24 84 18
84 59 29
37 16 86
22 54 85
96 54 28
93 98 14
25 51 82
1 98 80
27 42 100
5 81 81
60 2 76
88 40 42
32 67 57
98 12 27
10 83 58
19 80 51
65 59 68
20 71 18
99 83 65
49 48 62
4 67 8
19 68 7
89 33 61
95 40 15
64 88 41
11 34 52
53 88 84
52 66 7
20 3 11
62 72 37
52 47 80
39 81 7
49 50 9
34 94 28
58 94 80
92 89 28
58 13 81
65 12 8
27 61 45
51 95 52
42 11 34
97 28 83
91 63 19
37 68 43
26 56 33
55 82 19
7 51 81
14 84 37
77 56 33
9 38 8
73 100 12
99 41 15
31 47 65
95 83 31
52 36 93
45 40 66
47 11 14
13 50 28
93 45 76
62 16 44
72 60 58
57 67 63
95 30 5
97 18 71
90 21 62
41 70 95
53 12 66
11 70 30
96 27 100
62 51 68
53 48 26
76 81 75
66 4 100
4 18 53
62 84 98
89 1 10
56 49 52
90 22 62
87 5 35
58 45 98
10 59 46
80 26 65
15 29 22
44 20 48
100 97 54
28 43 79
73 11 73
75 52 26
19 77 73
43 10 46
80 16 98
30 54 30
28 12 26
27 34 76
2 84 76
100 32 46
71 98 97
16 24 50
27 84 82
44 76 64
24 7 90
48 95 71
42 89 64
32 76 56
1 12 22
60 60 14
47 87 53
32 14 36
35 96 94
73 47 28
81 84 61
20 40 73
26 55 89
78 19 40
7 60 18
6 42 64
42 47 71
62 37 41
95 95 8
50 43 72
10 95 77
75 85 71
17 70 63
41 94 88
21 52 97
53 74 95
82 22 42
73 85 44
55 34 54
61 21 78
11 50 86
66 49 1
35 35 20
82 11 78
53 5 72
8 15 29
73 17 20
28 23 40
20 32 3
11 68 18
65 97 77
87 48 73
84 37 3
8 69 23
76 65 28
64 4 22
75 91 95
47 27 20
76 18 81
41 64 74
88 36 69
41 43 57
93 7 84
23 72 45
76 39 77
36 10 96
4 58 60
27 4 16
58 100 98
69 78 68
92 80 46
39 89 31
22 34 33
83 2 34
36 26 25
33 37 78
81 17 23
98 64 90
67 87 23
39 53 80
4 60 99
64 92 20
50 47 9
68 23 38
4 2 86
19 35 36
41 87 67
27 24 2
42 33 45
48 9 58
34 2 6
76 4 22
18 74 4
62 8 66
67 20 12
1 80 39
84 96 18
85 31 59
38 84 10
41 95 93
11 94 82
63 44 85
42 90 47
85 77 42
30 67 5
30 38 72
99 3 72
53 65 84
10 57 69
97 18 89
62 68 69
34 10 100
5 11 94
32 51 70
41 42 69
83 96 29
62 75 51
4 65 8
80 4 94
34 25 55
74 3 11
15 30 91
89 24 95
84 61 88
80 5 96
93 46 39
86 37 22
62 31 9
26 77 73
33 60 34
36 99 3
73 44 28
35 3 53
92 99 63
51 23 98
1 99 32
17 58 21
64 44 10
6 40 58
67 62 42
22 25 44
6 51 62
53 86 45
81 93 55
32 4 8
41 61 98
82 40 13
18 60 16
12 58 20
90 55 2
80 84 28
98 43 58
20 44 39
17 63 82
77 46 21
78 52 59
80 90 12
41 5 50
86 85 14
18 62 16
34 53 68
49 88 36
79 3 9
80 30 14
9 24 100
39 55 10
52 75 67
11 55 30
79 54 60
61 67 64
26 35 2
7 51 72
24 86 64
99 62 90
4 90 90
67 80 91
50 64 40
28 34 28
66 14 72
76 6 28
46 66 48
95 63 71
95 78 59
37 97 100
22 54 30
40 51 29
35 63 91
2 17 96
44 28 3
16 12 79
69 77 49
38 81 65
86 62 64
72 92 95
14 14 41
63 91 29
36 77 80
25 75 77
84 49 48
3 44 88
34 75 27
50 30 61
90 92 50
44 7 19
46 87 78
78 34 22
73 22 3
60 83 65
25 20 97
34 42 27
82 66 3
84 61 6
50 16 48
56 7 86
93 54 6
78 27 47
47 18 54
4 66 11
81 96 16
97 63 29
58 36 99
88 99 45
82 70 18
57 91 44
20 56 95
92 81 20
78 45 8
60 35 42
90 96 83
61 58 74
29 59 75
7 10 44
39 39 60
8 76 71
96 97 11
52 79 4
79 39 56
30 15 90
86 51 30
24 78 96
76 60 4
93 61 31
93 54 6
9 84 37
14 12 12
67 91 57
62 20 94
71 92 78
2 27 48
9 45 40
95 75 49
1 63 73
48 73 91
4 46 12
95 79 82
41 8 35
42 72 30
62 96 54
19 65 80
85 3 86
58 25 83
89 72 18
5 78 39
48 82 94
46 30 62
93 92 78
66 35 60
55 27 70
25 63 9
4 69 6
20 82 95
23 73 76
26 44 56
90 62 78
25 40 97
72 99 10
61 85 93
23 22 81
18 75 44
31 73 63
91 73 79
62 39 52
49 35 53
82 56 56
14 24 16
37 13 75
97 41 37
2 64 85
65 71 11
37 95 20
72 19 21
51 86 22
68 74 20
46 13 100
89 81 3
76 93 62
87 83 60
71 100 11
45 77 89
4 31 14
36 50 83
67 86 93
37 45 66
32 29 6
82 10 14
40 77 61
75 62 61
33 3 8
93 1 68
50 56 37
51 4 33
27 71 24
15 59 34
16 9 70
99 4 4
56 66 60
19 10 12
18 91 22
12 34 70
36 4 99
87 24 54
88 82 100
73 12 66
62 93 80
59 87 4
84 48 34
79 9 93
94 3 54
1 92 62
5 8 88
39 39 52
93 1 13
22 23 83
59 31 26
80 8 89
48 82 100
84 9 10
18 41 52
51 4 10
91 11 63
45 29 51
45 14 88
43 10 42
62 41 55
27 14 13
94 59 37
19 98 39
3 4 76
38 49 28
51 79 26
47 62 20
43 43 37
81 57 30
98 96 50
87 89 17
97 74 11
95 63 55
52 64 40
70 31 80
29 30 77
4 29 92
29 36 100
34 85 40
60 82 46
20 91 61
22 15 66
89 26 58
28 78 27
72 25 68
31 6 62
69 18 36
4 100 25
72 87 84
52 46 5
100 97 54
84 57 86
63 38 28
12 71 85
7 11 3
41 21 67
93 13 47
66 100 19
5 79 43
12 15 69
6 87 18
4 29 100
10 70 7
34 76 66
58 96 24
39 55 90
34 98 73
12 93 16
84 100 41
8 73 21
13 2 50
3 82 5
49 63 44
74 37 52
45 39 92
16 47 95
53 87 79
3 19 79
76 51 62
63 75 74
65 90 7
58 40 26
62 77 68
44 15 40
30 70 33
2 22 99
68 63 2
10 41 30
15 49 8
74 67 63
98 50 28
38 89 25
16 1 52
85 50 64
1 99 57
5 23 81
87 17 5
11 34 38
31 95 45
80 90 46
25 4 35
2 79 66
22 18 1
100 81 30
21 88 18
15 67 71
82 95 53
37 11 95
85 14 21
36 88 46
91 92 30
17 94 51
64 80 91
83 97 5
4 66 72
20 89 56
32 48 95
74 22 75
87 44 85
78 5 64
77 23 82
23 82 32
3 11 15
100 3 63
4 20 42
58 74 49
34 25 31
33 100 56
14 56 81
1 14 65
73 17 57
50 5 90
33 24 12
35 50 79
46 33 66
6 83 56
71 89 19
46 6 54
67 99 41
76 67 20
37 7 92
50 60 42
4 96 94
36 52 87
78 25 43
10 90 57
35 84 96
89 75 57
50 100 25
72 86 92
71 88 41
59 23 4
57 20 39
36 100 57
3 34 69
98 64 84
65 29 62
57 20 72
64 22 99
11 72 89
79 53 11
70 18 32
39 12 47
97 23 54
2 1 36
55 76 5
19 97 99
80 90 19
30 93 88
67 54 100
88 93 13
63 55 35
81 12 37
35 79 50
50 17 21
46 19 46
42 19 23
1 20 94
31 86 16
78 59 49
89 85 6
88 82 7
79 30 74
70 41 35
53 77 66
88 41 35
71 65 46
25 21 87
21 23 73
26 90 27
37 68 78
1 6 93
79 32 20
34 12 58
21 23 75
83 79 67
58 87 19
99 3 67
62 19 57
4 24 46
45 55 41
47 33 73
62 18 83
90 97 66
71 5 48
43 74 85
69 25 7
53 4 72
12 72 41
4 8 95
86 3 89
37 83 16
45 88 5
76 3 4
14 20 46
81 85 16
3 37 49
36 23 38
63 54 11
4 41 32
86 81 45
74 71 17
64 35 54
59 41 13
76 40 42
57 86 87
98 66 47
28 15 21
2 92 25
10 41 19
90 41 85
73 83 83
85 34 9
73 18 42
21 62 19
74 71 11
93 24 2
5 21 66
4 25 28
47 51 71
13 88 14
65 19 28
39 85 66
33 98 83
12 17 2
91 46 30
58 26 5
31 46 30
55 22 99
15 4 7
27 43 15
64 55 1
84 51 94
45 90 33
70 39 90
76 92 94
78 75 34
81 6 30
52 9 73
7 21 99
82 49 27
36 91 18
62 25 15
20 28 83
100 25 38
88 19 23
6 11 69
54 71 1
16 68 83
52 89 64
76 35 9
97 45 15
9 73 40
58 72 73
59 92 18
54 56 91
74 80 89
13 12 53
72 61 42
71 27 31
36 76 64
66 87 92
11 6 69
84 80 31
80 92 3
59 78 10
79 56 15
55 23 13
1 5 48
61 95 100
57 17 32
71 85 56
58 17 62
78 75 36
25 9 39
8 77 69
7 87 28
10 62 33
57 46 42
92 68 90
12 69 30
30 96 41
35 87 21
69 72 67
55 29 29
99 35 77
47 64 55
50 88 4
23 39 63
57 16 84
21 44 1
5 86 50
76 51 93
46 95 42
7 17 21
67 1 20
23 51 71
99 38 9
89 46 29
51 67 90
23 85 75
88 83 71
96 90 20
60 89 16
83 39 88
38 88 7
58 45 61
95 42 38
24 10 60
20 74 22
1 57 76
90 79 67
66 43 20
13 82 15
51 64 73
19 30 100
87 22 9
50 90 100
2 5 41
95 70 37
88 47 61
61 35 24
98 65 27
1 50 50
21 38 68
14 8 23
15 40 99
62 90 36
82 94 24
49 96 42
24 30 92
13 48 10
73 59 56
34 22 7
33 57 60
6 10 31
88 92 28
78 71 82
56 19 67
3 46 6
61 25 16
89 82 54
60 93 5
56 19 23
89 79 38
30 87 86
45 80 29
65 58 62
30 69 16
61 80 95
58 53 76
62 76 90
45 58 50
4 54 74
37 89 95
72 66 88
16 12 86
60 96 87
3 36 17
64 85 75
96 3 69
68 100 90
37 41 35
83 21 95
92 12 76
37 82 98
52 69 54
72 43 63
25 27 74
11 100 97
91 34 60
37 63 57
13 88 52
12 76 37
48 55 71
59 35 35
54 2 72
15 54 70
51 76 97
60 23 1
93 56 91
10 89 63
40 74 29
43 71 43
89 89 49
70 79 18
93 27 40
49 17 19
51 11 81
64 62 8
19 53 36
60 9 45
3 30 63
71 88 25
29 65 34
16 6 80
35 57 52
37 84 2
13 8 50
63 38 56
39 48 54
1 11 52
49 25 31
69 79 70
93 82 79
92 56 14
30 53 55
34 90 87
10 3 70
6 45 78
47 81 35
24 14 61
9 31 68
90 61 46
43 50 89
54 23 78
1 98 4
2 34 24
68 25 70
75 32 61
7 89 93
22 49 21
77 83 55
77 24 82
94 30 4
1 20 21
39 62 7
14 33 86
85 27 79
12 64 29
98 41 84
51 97 38
87 36 66
33 6 11
81 38 91
10 6 57
56 42 71
17 93 41
44 41 76
74 90 60
9 39 78
27 38 28
58 93 63
52 53 83
88 30 64
45 50 81
57 66 26
61 35 40
46 65 68
58 33 95
68 93 22
4 45 5
7 12 69
36 6 79
71 95 67
48 92 34
7 62 4
67 57 14
99 64 39
51 16 12
42 46 61
80 81 53
84 63 37
33 90 70
24 65 90
69 6 82
100 6 71
57 17 19
40 2 10
32 7 93
12 31 22
72 17 27
21 40 15
79 54 45
45 64 11
89 35 62
85 30 20
7 88 93
6 29 27
36 42 55
79 44 89
93 25 42
60 66 54
15 71 53
24 51 29
19 74 90
60 8 44
1 21 95
4 69 60
91 1 9
75 9 52
96 15 41
95 73 88
18 4 46
64 10 24
83 75 96
39 79 15
4 30 27
93 2 35
99 73 37
98 40 68
52 55 81
89 22 97
49 25 97
85 39 13
92 95 10
93 82 20
97 43 6
26 49 16
64 81 38
70 58 67
92 87 51
6 56 82
63 94 33
85 92 80
13 48 14
87 94 51
4 39 46
78 71 55
16 58 84
98 69 24
93 44 59
45 96 98
51 59 95
16 32 21
46 72 91
98 73 18
72 15 88
10 60 84
92 82 7
86 25 40
66 97 26
31 27 63
69 18 11
81 73 6
48 17 98
25 50 66
95 43 93
97 55 47
24 14 47
46 67 62
33 62 99
86 3 45
44 13 78
91 91 27
17 68 100
94 50 19
40 68 46
9 25 91
33 18 15
65 37 100
62 49 11
92 16 99
67 95 53
69 83 51
27 72 80
100 55 50
64 98 18
15 82 15
16 42 31
52 91 22
3 83 42
9 66 22
3 90 29
48 42 39
60 93 4
100 82 86
49 86 53
49 17 33
37 88 66
46 62 5
98 24 86
76 99 61
48 93 9
84 4 8
6 32 50
67 81 74
45 60 3
64 71 79
62 42 3
53 11 19
63 32 60
40 18 75
74 96 1
70 9 46
11 20 76
83 71 98
74 58 27
71 57 77
88 67 42
78 5 72
25 32 34
21 6 41
40 95 83
43 62 89
21 92 10
12 55 81
42 30 52
21 69 4
12 67 3
36 29 3
30 74 24
59 63 12
48 87 100
38 51 32
16 73 58
75 59 86
6 1 49
84 43 75
90 99 77
40 51 26
30 68 11
77 39 88
56 43 13
98 30 49
77 20 19
33 31 27
56 5 91
81 12 49
50 51 89
98 11 66
47 89 9
59 31 2
11 80 53
45 19 61
47 46 21
40 20 11
36 12 13
67 98 100
76 13 65
33 37 51
72 29 25
40 25 79
22 97 53
87 26 78
98 76 76
86 73 72
87 8 37
8 89 76
85 73 31
30 96 87
72 35 50
13 12 68
99 34 72
43 99 33
51 51 21
11 63 41
7 95 25
31 33 44
93 79 37
82 48 43
90 99 2
95 99 18
18 95 88
17 64 12
97 60 72
22 92 1
79 83 67
25 25 99
19 80 32
10 97 16
28 77 55
34 99 68
93 8 3
88 78 3
4 32 18
93 69 67
75 95 58
65 99 14
17 18 34
52 88 50
26 6 81
26 17 52
39 89 93
24 10 33
31 77 62
89 71 94
11 56 96
58 9 96
29 93 85
39 53 24
55 57 100
9 32 14
70 7 46
62 72 42
73 72 51
50 70 85
95 91 45
45 40 100
38 82 29
1 9 72
68 59 52
31 95 89
2 78 79
45 72 25
63 68 84
1 66 21
19 56 87
26 7 57
72 5 14
70 78 93
47 43 88
60 80 68
21 48 9
10 37 96
42 74 69
9 53 76
77 57 22
33 30 7
47 93 2
82 83 37
59 23 82
76 34 49
23 72 34
92 33 37
14 17 24
74 13 30
83 23 44
30 86 20
75 65 79
90 75 46
9 53 55
65 99 84
67 69 81
25 12 83
93 63 26
84 18 89
79 24 92
8 17 41
59 9 35
8 17 24
92 4 58
60 25 51
95 60 35
36 55 73
13 36 23
96 95 30
97 89 75
37 60 10
82 70 46
9 21 78
6 37 71
39 77 11
92 55 87
37 46 39
73 84 81
57 91 31
64 24 9
16 56 39
99 72 95
2 95 10
87 84 7
42 24 77
10 55 23
84 38 9
6 64 82
25 48 63
82 53 44
29 20 77
22 23 3
53 23 70
70 98 44
74 54 77
95 41 50
59 93 33
78 36 81
73 2 61
70 54 90
25 26 38
56 74 37
63 65 20
52 62 25
44 73 39
16 25 98
44 72 57
19 79 61
73 97 88
80 91 29
90 68 81
60 7 38
55 14 91
26 50 94
23 93 7
63 32 22
66 72 99
39 9 52
65 89 2
59 59 90
11 8 91
30 79 28
50 62 24
35 93 54
42 37 17
24 69 37
51 10 44
64 92 14
28 65 50
67 85 37
99 41 35
61 14 84
80 50 61
67 99 26
55 87 59
90 43 44
28 89 40
27 21 51
50 82 29
79 53 85
30 36 48
2 15 84
44 53 70
51 18 29
86 68 15
67 4 60
93 38 45
23 2 68
77 35 48
26 15 39
16 55 41
88 42 99
16 38 70
6 96 3
92 65 88
35 52 95
47 80 17
29 49 68
34 71 51
74 16 50
99 30 15
35 47 86
39 61 15
82 31 71
18 99 56
66 2 99
71 48 61
76 92 4
64 22 19
29 20 53
98 84 56
19 28 55
7 77 24
76 38 43
42 19 86
33 84 54
70 77 52
37 14 37
24 6 93
12 34 54
9 78 40
37 42 23
4 52 81
35 39 57
74 15 37
21 77 34
63 90 79
14 91 53
98 55 66
91 52 19
51 28 73
96 98 46
75 91 81
70 40 5
72 85 20
74 5 61
68 21 85
41 42 68
94 72 47
4 73 20
57 29 48
60 83 33
95 52 43
53 6 74
85 97 74
4 16 41
96 34 64
7 86 40
74 8 35
96 68 17
76 78 65
78 41 60
45 33 83
51 62 42
10 68 82
10 67 70
28 91 80
1 11 18
95 13 80
90 85 11
83 49 25
16 65 76
88 72 22
43 36 11
25 35 97
28 35 44
28 86 75
64 16 61
34 98 29
60 11 27
28 50 29
42 70 99
76 3 16
42 66 64
19 49 76
47 52 74
35 42 22
31 35 94
62 42 43
50 84 23
46 88 8
72 88 84
73 48 85
53 64 97
17 12 77
36 97 82
66 82 82
74 51 69
97 42 46
76 15 7
5 64 72
86 54 26
66 88 48
29 3 3
65 67 47
15 60 55
50 28 53
100 5 43
25 16 81
60 68 12
65 37 43
80 94 47
23 6 99
93 66 50
23 13 18
4 59 90
44 27 13
1 81 19
38 22 40
35 29 73
34 5 47
77 2 4
39 19 19
93 14 80
37 19 95
76 68 61
11 11 20
48 50 79
41 16 85
44 13 41
40 36 48
4 32 71
17 33 41
91 62 56
74 85 96
96 13 50
4 89 44
65 37 2
67 91 77
100 23 17
50 96 18
3 73 6
85 40 75
62 76 67
24 60 30
42 29 78
27 24 62
74 85 48
90 67 98
63 81 20
24 14 93
78 55 26
61 23 22
18 37 62
100 8 16
53 4 60
94 84 100
82 12 79
84 51 48
68 75 37
38 48 27
64 49 47
50 24 15
81 90 10
1 43 1
20 91 98
65 2 43
64 11 46
76 21 60
54 37 58
68 78 63
96 78 97
16 33 82
8 14 71
53 99 11
40 41 4
10 96 59
51 23 23
73 44 87
71 25 86
10 11 75
51 57 43
5 97 83
93 69 48
1 55 21
3 4 23
73 81 87
27 7 13
81 67 97
73 44 25
24 71 36
100 29 47
63 54 34
5 53 10
25 80 1
60 74 55
11 66 68
10 81 82
4 45 100
93 6 20
82 49 75
40 83 82
13 70 86
62 51 62
20 58 12
7 98 28
8 24 62
15 47 32
60 24 100
5 16 75
66 71 30
47 88 22
39 10 17
100 1 49
72 12 80
49 79 80
11 4 59
41 49 84
27 99 42
92 8 52
85 75 22
93 34 73
27 10 99
30 32 79
4 10 88
91 78 48
5 39 12
88 90 11
18 99 38
44 52 52
86 31 68
79 23 45
54 18 60
38 92 34
65 92 70
17 40 85
9 76 53
54 97 5
62 97 71
77 73 2
73 78 33
44 99 11
11 71 56
2 75 1
46 35 17
83 34 24
65 3 33
18 37 21
93 63 5
89 48 51
96 12 52
11 69 96
60 68 3
79 32 7
37 99 46
96 95 46
70 45 54
38 5 38
76 18 20
65 84 48
52 32 51
90 35 5
66 52 30
11 61 73
66 15 40
43 70 45
60 92 93
7 34 18
20 68 64
12 78 40
48 95 33
54 69 37
56 57 49
35 53 76
37 23 42
6 43 80
24 40 15
64 46 14
28 47 66
49 59 69
1 73 11
42 22 21
6 100 69
77 83 2
2 37 98
64 62 10
23 69 26
24 27 69
47 58 64
15 48 87
97 60 3
67 63 41
44 13 97
13 14 78
15 88 86
55 32 72
17 1 5
46 40 3
60 59 88
86 33 85
43 96 68
78 40 62
77 21 31
75 50 15
94 33 88
12 18 84
92 91 51
30 67 57
13 12 97
33 78 92
23 63 63
8 1 77
15 29 55
4 75 56
19 49 96
81 7 13
8 67 40
75 43 2
65 98 56
84 81 32
77 5 32
27 33 65
55 10 5
72 95 16
33 31 37
99 93 13
8 69 81
4 46 20
16 26 35
76 86 45
70 99 21
58 32 31
61 13 9
8 24 62
68 34 24
59 17 3
88 33 60
5 2 88
34 35 44
93 96 99
19 86 53
78 19 1
29 64 9
12 89 88
42 91 21
96 77 96
81 77 19
24 95 20
99 66 23
5 34 30
69 2 74
82 23 45
54 95 98
46 28 56
67 55 38
94 7 10
50 99 7
68 71 64
79 61 50
14 40 99
18 20 47
87 62 88
70 28 12
76 4 100
17 12 99
60 68 4
100 84 57
34 74 7
80 42 89
1 25 55
59 80 46
30 56 44
42 62 80
53 89 79
92 79 77
26 27 79
3 3 26
93 8 75
69 46 96
37 36 34
60 84 99
6 86 86
85 94 26
76 67 75
41 96 11
91 77 77
24 19 2
10 83 75
96 93 69
62 89 100
57 6 42
25 42 96
95 11 75
25 45 71
36 28 3
75 67 87
8 56 92
79 61 12
82 66 20
67 87 87
91 59 16
9 39 61
25 9 37
21 81 52
71 36 58
80 15 57
39 47 2
88 10 29
16 46 2
95 29 21
41 50 16
36 97 98
36 20 29
23 92 31
27 66 26
38 23 44
34 70 22
33 82 71
33 20 5
57 18 66
88 31 12
65 34 59
13 14 20
54 94 16
95 99 47
78 71 56
82 49 45
7 56 31
50 68 93
24 69 17
60 29 38
53 15 53
82 47 69
59 66 42
25 33 99
59 77 17
70 9 48
89 38 83
23 51 67
93 9 43
26 8 40
69 68 2
36 5 38
30 63 88
73 39 58
21 90 83
4 28 93
23 33 22
4 34 98
29 21 8
25 20 18
57 51 4
82 76 25
5 50 93
77 4 92
16 15 77
25 74 36
31 85 57
86 36 72
55 29 21
82 26 95
99 97 22
47 1 10
92 26 73
79 72 65
100 60 5
18 88 26
73 52 62
11 56 59
27 26 37
74 2 67
58 36 37
57 13 98
31 10 88
74 50 54
10 30 60
27 53 72
80 65 14
69 69 65
63 43 99
19 19 48
78 93 61
80 28 59
78 50 12
98 83 52
6 98 63
9 82 40
57 99 50
96 96 14
31 56 73
28 18 13
58 36 96
43 55 42
36 85 69
81 17 34
63 25 60
88 13 97
17 20 95
6 97 35
35 42 64
33 82 67
8 52 17
41 92 2
85 22 54
76 28 8
27 40 80
100 56 55
15 91 18
11 13 59
97 3 93
4 80 26
75 78 39
17 49 64
29 88 12
100 73 8
21 82 69
99 94 51
26 31 100
51 58 63
48 97 49
49 22 90
21 84 98
22 36 20
80 90 2
1 90 26
97 93 85
89 61 27
33 54 64
18 36 62
55 1 12
24 92 80
24 73 31
90 88 8
76 79 6
73 59 72
12 32 72
50 3 45
36 84 11
13 35 45
75 66 62
82 29 75
25 78 36
82 3 82
78 55 14
87 52 4
29 10 50
83 2 58
23 20 86
44 4 79
4 6 29
90 26 72
58 29 71
65 63 73
14 47 83
47 70 89
42 31 52
49 77 67
29 37 40
2 65 39
91 2 45
29 5 83
64 45 14
32 71 95
48 80 74
3 37 78
4 39 68
82 99 90
76 20 29
12 80 64
12 54 84
13 24 1
50 83 41
45 87 49
31 95 43
9 38 84
70 21 94
87 71 94
93 93 27
29 60 73
66 92 58
47 10 61
46 45 18
75 28 27
48 25 20
60 72 31
41 22 29
29 45 65
76 14 34
19 74 7
17 59 94
90 27 44
62 41 25
58 90 70
83 16 34
32 12 1
59 94 37
50 53 39
100 99 37
10 64 45
93 63 69
90 42 63
40 8 76
22 85 40
16 1 47
72 13 100
87 12 95
10 20 62
40 27 88
8 58 55
6 88 69
46 34 33
89 4 21
49 34 90
38 83 65
98 96 49
33 19 93
28 20 19
95 52 77
21 19 98
16 70 43
37 92 100
63 100 67
10 51 74
25 12 85
51 81 18
92 87 3
98 29 63
84 48 52
57 78 13
66 61 51
49 60 59
88 14 85
75 25 44
26 14 99
54 84 87
34 48 26
27 2 19
52 55 59
53 60 69
40 74 37
3 39 9
70 21 16
46 25 31
81 22 54
50 47 99
80 38 23
85 67 68
84 52 32
38 7 6
10 99 64
56 6 87
35 42 59
38 94 51
54 71 67
70 80 74
56 28 23
34 7 33
53 89 98
54 16 71
66 24 68
18 32 18
93 71 81
32 80 36
78 90 73
23 97 80
58 21 27
16 53 93
63 24 31
79 71 2
80 38 25
92 19 48
20 49 28
81 27 66
17 43 4
61 20 54
9 36 12
13 13 82
42 93 20
47 39 4
49 58 79
97 43 96
89 60 96
93 49 8
91 21 81
61 61 99
70 18 17
32 27 22
80 85 64
7 62 38
93 6 38
68 10 57
83 69 96
5 29 69
29 91 81
94 88 35
7 7 70
1 2 98
79 26 57
12 57 61
99 57 72
19 33 77
74 74 17
99 15 70
61 96 18
95 57 65
85 74 40
66 67 33
11 66 69
78 34 7
92 29 89
62 52 9
36 3 39
15 72 24
29 44 40
15 24 29
27 39 88
51 85 100
86 37 34
64 53 77
48 48 70
23 77 9
37 56 88
50 24 12
43 68 82
49 9 26
19 25 35
94 92 19
36 1 61
53 24 58
27 38 64
18 30 51
4 23 46
98 64 15
84 18 28
25 31 75
72 68 66
97 75 72
42 49 62
40 91 82
11 40 72
60 67 73
51 71 60
18 50 67
60 95 58
61 19 46
43 76 87
77 30 11
73 45 96
73 60 29
83 93 78
85 63 85
59 8 50
52 52 18
1 96 86
40 46 15
52 91 1
19 69 54
97 28 39
23 56 34
49 59 27
83 13 41
30 46 91
63 74 64
65 23 56
4 74 51
89 15 70
14 76 52
62 65 18
15 36 36
52 57 15
83 69 17
73 51 81
60 69 82
91 66 78
59 23 43
65 1 32
100 8 18
7 76 21
41 13 18
5 57 36
16 68 28
85 10 14
74 3 6
38 78 10
40 16 61
71 15 69
51 10 2
74 71 98
96 55 35
94 98 30
38 43 92
70 15 90
80 87 37
9 20 29
85 60 93
4 31 9
56 70 83
19 65 47
74 34 77
73 5 33
53 62 85
7 76 41
62 60 83
70 60 53
44 13 31
58 34 83
19 27 14
72 18 13
3 100 67
52 76 41
36 77 23
24 9 35
14 91 50
79 42 20
94 88 33
46 69 94
30 64 76
78 35 27
11 64 43
100 36 85
49 83 52
82 61 74
80 10 20
79 63 4
59 36 43
52 37 43
52 85 12
8 96 99
52 2 56
58 1 6
37 18 24
24 49 23
19 61 1
97 75 15
52 98 26
23 79 26
66 53 74
30 45 29
75 15 26
45 19 34
93 79 77
93 82 11
91 33 63
94 10 93
18 8 23
57 73 43
41 40 19
85 54 46
80 33 9
86 52 83
70 43 26
7 34 3
29 59 65
28 27 29
39 54 34
11 56 14
75 25 90
65 69 65
77 58 63
69 1 45
22 97 77
31 66 29
93 90 55
64 22 55
57 6 18
88 11 24
28 55 38
43 39 41
3 68 6
53 92 52
22 73 98
30 13 99
69 10 32
11 86 61
68 51 62
86 72 46
90 18 65
49 87 95
65 86 10
92 99 62
75 90 45
51 92 100
85 64 83
94 100 24
7 12 88
42 69 95
31 87 38
15 46 69
78 39 36
19 8 22
20 81 10
68 12 15
64 38 30
70 47 42
19 48 58
22 46 34
41 43 26
88 95 39
91 57 99
67 13 52
20 66 56
1 35 61
48 6 66
23 80 11
62 30 4
90 97 50
30 78 9
87 76 47
17 56 39
18 29 21
85 33 3
43 78 33
58 69 73
55 49 8
1 83 87
74 57 61
96 47 49
34 74 90
43 16 66
21 43 83
10 98 88
1 16 75
83 87 73
11 27 29
83 94 70
9 59 77
61 62 61
39 90 12
5 34 76
14 10 65
16 19 21
77 79 54
8 54 46
12 38 81
33 48 10
40 39 14
35 41 32
43 61 79
62 92 34
28 25 32
76 20 86
25 2 100
42 83 93
34 60 61
80 76 25
23 45 71
69 2 94
46 50 81
88 85 85
50 7 76
30 82 72
37 52 68
53 91 84
56 61 47
54 14 75
73 90 57
45 100 68
56 10 52
85 66 68
38 55 29
49 47 53
50 28 48
52 56 58
38 74 94
48 27 95
44 49 57
75 38 34
6 37 96
33 56 71
53 11 36
53 35 42
97 54 3
29 24 53
52 91 22
3 70 31
64 100 96
38 22 69
24 46 66
98 2 90
47 96 85
3 21 71
6 35 53
66 2 58
13 24 20
53 28 90
56 17 1
41 65 29
75 82 52
32 84 9
84 85 45
49 38 74
13 36 81
92 32 6
44 77 23
87 75 80
70 24 25
16 99 73
45 55 30
82 10 38
94 52 13
57 97 92
16 60 63
83 94 50
23 1 14
3 34 95
11 13 21
100 90 40
5 58 17
58 56 27
9 62 76
77 21 93
48 47 1
2 7 19
38 96 3
80 49 12
33 8 69
95 39 86
10 13 78
29 57 59
1 36 59
70 15 49
89 37 28
10 32 80
15 9 54
81 73 74
13 78 65
34 49 87
100 74 68
53 58 22
77 12 93
52 93 90
95 68 79
61 2 94
22 28 32
55 30 49
80 8 30
81 70 48
19 60 35
5 5 90
42 68 36
21 100 100
64 12 15
97 15 87
50 8 57
6 87 50
70 76 96
94 25 8
1 97 84
50 14 77
64 8 97
59 78 65
57 74 60
58 91 35
11 30 12
5 31 6
72 35 85
25 12 79
3 78 72
76 70 58
97 92 58
18 84 33
48 46 57
13 59 29
77 19 11
95 98 18
22 71 84
54 92 84
54 64 43
16 30 54
38 10 31
89 47 51
5 66 97
58 97 86
64 90 24
71 24 10
69 22 38
63 86 64
95 59 35
38 77 61
89 82 94
12 52 51
72 91 35
97 30 24
59 81 3
84 41 60
16 73 37
36 34 16
14 52 15
97 99 35
31 31 12
70 25 70
43 84 1
25 12 11
16 22 39
73 51 47
72 6 17
69 54 47
81 37 64
89 3 33
48 16 46
85 18 36
40 86 92
63 95 38
2 71 29
96 73 22
54 28 80
89 51 74
43 88 80
32 41 63
38 15 83
89 40 9
23 40 27
12 48 86
8 98 13
15 45 83
90 26 68
45 41 30
19 46 50
100 24 45
83 24 34
33 36 34
91 30 16
15 8 98
89 46 19
5 10 73
53 36 47
93 28 94
2 70 46
54 61 65
28 25 69
7 60 32
87 6 62
73 79 20
35 58 26
18 94 40
69 85 59
28 71 64
67 25 75
16 52 39
57 26 45
53 2 61
83 17 15
59 6 10
45 84 23
27 82 25
4 25 50
89 69 95
33 29 11
63 99 38
25 85 51
10 28 89
53 100 96
75 81 38
35 81 42
45 30 25
8 12 15
36 82 22
22 5 1
92 74 48
52 58 70
25 61 61
44 41 67
88 10 28
92 67 69
6 91 50
46 64 59
63 93 39
95 62 7
61 14 33
84 73 82
75 73 53
36 56 8
27 83 100
14 29 48
86 52 85
97 65 43
25 16 17
25 55 2
28 13 94
6 40 47
76 40 65
82 33 13
100 13 50
43 6 82
36 58 25
19 80 59
67 24 47
18 55 7
30 3 70
98 75 62
78 72 47
84 35 65
60 40 40
8 30 31
98 61 21
97 34 80
95 45 97
45 39 70
14 81 69
66 18 44
6 23 90
9 99 87
17 90 48
48 6 65
65 68 17
6 26 64
4 64 48
34 88 40
57 12 57
16 13 2
51 86 26
87 90 10
32 29 42
7 52 54
47 18 13
30 78 68
87 29 72
19 43 52
97 27 88
23 77 43
5 85 10
9 51 72
20 2 17
37 63 99
7 48 2
93 63 30
26 39 5
34 37 24
62 14 81
66 15 87
19 62 46
97 3 64
14 14 99
88 49 64
1 40 21
88 36 19
1 55 35
85 93 91
67 48 85
34 74 98
33 31 23
65 48 15
58 44 57
48 75 50
53 42 12
68 100 50
64 14 59
19 56 20
8 15 13
83 6 49
20 47 5
83 68 29
99 17 49
87 21 30
9 37 94
44 78 56
16 64 66
69 56 50
26 20 40
29 60 82
76 71 29
11 15 25
50 53 7
96 79 7
22 21 94
98 54 57
43 56 77
73 16 92
80 2 92
40 93 4
4 35 70
60 26 96
25 93 31
99 69 57
3 100 25
97 72 12
96 49 31
68 9 89
44 24 28
46 27 38
75 87 49
99 71 100
76 84 48
71 79 22
25 20 80
14 9 26
20 58 78
64 80 28
38 47 49
25 58 80
12 53 45
82 21 40
80 64 72
1 43 35
49 67 9
26 5 53
45 51 39
23 21 74
76 41 51
37 55 76
73 37 32
87 23 61
74 42 10
16 21 29
92 77 50
92 37 32
65 93 91
72 27 73
24 84 5
25 47 79
7 42 62
32 2 25
9 12 93
46 2 28
16 14 5
22 58 8
83 33 45
78 51 29
64 59 17
23 3 58
69 1 90
93 20 58
94 77 67
99 68 23
46 20 67
99 89 99
56 36 74
38 77 33
54 41 77
7 95 42
99 35 30
50 81 86
2 68 31
6 32 99
44 3 23
84 39 87
52 79 1
36 29 31
97 31 64
57 61 45
65 35 21
53 38 15
68 12 6
5 36 49
48 58 93
70 74 60
77 67 10
76 5 14
79 26 76
50 3 42
45 24 40
93 85 92
75 87 39
56 15 43
14 35 15
13 39 56
46 49 8
85 7 100
6 74 15
14 36 66
67 13 80
18 67 87
18 75 3
87 69 3
52 56 56
36 90 88
65 87 22
77 7 6
31 86 83
86 5 52
72 29 93
32 17 71
84 64 81
17 47 20
98 100 56
49 67 79
25 64 66
19 45 83
19 43 80
70 43 65
60 68 84
55 42 40
61 45 71
10 12 69
37 9 29
45 72 52
92 93 86
6 49 89
70 41 6
37 62 65
34 36 67
28 14 36
12 40 26
24 64 17
9 61 68
5 3 59
97 72 58
33 55 6
47 28 15
80 51 14
100 11 33
7 92 31
68 71 97
4 63 96
39 29 51
37 37 42
69 61 87
25 19 70
37 88 26
23 3 27
80 79 56
96 85 60
22 32 29
69 66 21
56 48 59
45 65 76
47 3 65
40 34 18
79 47 60
25 53 52
9 40 94
73 57 13
61 41 84
29 25 84
21 13 73
51 9 89
45 45 96
89 50 1
74 84 7
66 14 77
18 4 81
20 32 17
73 54 50
81 82 25
71 95 72
43 50 19
100 17 70
74 92 21
57 80 7
81 67 29
14 32 31
49 95 74
87 65 28
79 14 58
63 20 30
64 52 67
29 78 50
55 35 63
100 40 17
79 94 70
32 1 85
66 12 55
69 54 57
38 25 95
98 61 20
85 49 4
35 37 93
14 52 64
57 80 40
64 47 42
29 75 53
50 65 92
13 35 19
73 29 65
73 24 84
57 26 7
11 73 92
94 11 46
58 7 25
69 99 94
58 22 73
90 73 38
1 91 23
63 25 2
3 28 95
31 87 67
1 98 3
13 3 79
70 41 52
21 50 66
78 28 44
61 36 22
53 9 40
96 99 2
46 88 68
96 23 87
45 56 56
79 36 57
83 76 30
65 44 17
56 49 87
54 67 80
17 44 64
14 42 8
53 51 75
18 3 90
65 8 97
20 25 18
70 81 59
22 20 15
90 39 68
51 98 24
9 91 94
78 85 38
76 69 75
63 30 6
4 18 25
40 27 83
21 1 86
85 21 88
56 42 40
72 24 17
87 82 28
66 23 55
88 74 5
24 71 57
3 4 50
37 25 55
100 87 21
8 42 92
55 38 89
71 47 6
9 85 29
97 41 80
69 69 10
16 83 60
18 81 55
16 87 41
77 90 52
88 38 49
27 95 62
2 97 10
49 24 47
7 13 82
63 71 37
63 18 61
77 31 14
36 26 30
35 45 4
31 50 48
26 48 93
29 58 43
70 27 36
72 47 62
66 11 55
37 70 55
43 27 6
84 60 36
56 81 22
71 69 84
93 89 51
38 24 86
46 30 97
86 2 9
1 69 66
56 55 83
20 30 88
22 97 44
82 77 99
17 53 89
32 35 5
26 21 18
89 77 66
94 19 66
57 5 54
45 82 39
69 60 97
6 19 70
77 71 40
13 17 91
27 10 67
30 13 61
6 87 41
67 11 61
37 36 44
59 51 50
70 26 80
94 54 60
47 47 23
72 57 52
67 69 91
27 57 83
62 89 29
7 43 93
9 69 18
47 64 51
85 1 94
73 9 87
46 25 7
81 53 54
78 36 45
48 83 95
77 86 73
57 74 37
100 41 60
87 8 33
42 27 38
10 30 59
36 70 7
72 17 10
61 62 24
34 76 55
64 15 96
98 49 11
13 96 60
77 99 10
30 64 3
92 57 37
55 40 41
7 75 88
28 33 17
70 83 93
56 71 65
54 29 97
47 66 73
18 83 6
94 61 91
84 6 65
80 35 20
37 90 78
21 52 50
25 87 67
73 74 43
55 24 81
9 3 96
35 36 96
64 51 95
46 11 70
85 48 61
48 5 23
27 70 64
83 58 84
30 12 71
44 28 43
13 72 74
53 90 27
48 46 71
14 91 53
97 36 68
22 44 100
22 24 45
27 91 55
24 1 90
75 15 44
17 52 85
28 38 76
49 7 86
79 28 72
26 52 65
59 85 58
24 28 12
97 31 64
69 71 49
18 40 64
24 4 25
12 63 71
39 26 92
18 89 5
75 3 77
29 50 84
91 36 61
95 92 50
71 45 36
96 51 38
75 86 27
5 85 16
3 2 69
96 28 67
91 10 97
52 89 15
41 10 65
54 17 18
84 42 95
89 33 48
90 26 65
72 3 77
20 17 6
24 54 28
16 43 81
1 43 69
50 79 85
77 56 11
11 92 80
54 9 63
27 12 80
79 77 36
85 64 63
10 70 28
35 16 68
52 1 40
44 54 71
37 12 75
100 22 7
28 87 3
93 66 100
68 80 93
80 100 40
79 49 69
49 21 84
20 91 71
49 84 36
31 11 87
48 82 22
95 18 62
34 47 59
22 54 24
64 33 14
61 76 14
1 56 29
95 48 45
31 9 96
36 42 69
55 51 11
70 8 48
56 17 3
65 81 25
59 85 80
84 46 90
100 1 71
55 44 23
6 57 85
30 49 76
55 70 18
35 8 93
99 40 11
65 36 75
69 74 93
97 86 52
90 54 45
60 75 99
41 99 43
78 80 49
86 78 7
66 99 89
47 92 44
71 90 89
40 92 93
87 8 53
88 22 99
78 12 97
52 28 37
69 80 48
58 70 66
75 80 29
91 74 69
58 4 9
71 94 60
55 82 97
57 94 33
56 35 57
22 46 35
38 91 30
59 22 63
44 66 83
93 93 71
73 95 74
65 51 15
24 17 19
1 72 19
26 99 63
78 42 3
87 58 50
20 62 97
66 3 6
30 26 88
92 47 36
79 23 81
75 95 60
75 32 56
63 13 27
47 17 83
41 15 50
56 89 33
46 3 93
21 66 17
38 6 2
20 51 5
43 79 54
5 20 85
81 69 3
91 40 76
39 94 63
67 91 94
79 4 15
61 67 69
24 14 48
44 21 98
20 3 70
3 23 57
100 8 27
84 89 31
73 50 86
95 30 42
47 7 29
88 99 76
91 48 76
92 61 47
80 30 69
44 91 86
40 60 95
41 58 64
82 36 13
73 90 10
71 17 52
7 91 65
92 31 87
44 37 21
45 71 67
40 29 50
91 36 66
49 15 69
36 51 87
48 77 25
67 81 10
93 43 17
10 7 14
39 63 19
72 58 47
74 15 97
21 19 90
90 1 61
94 49 37
18 11 100
65 87 14
3 2 19
1 9 39
70 89 87
94 40 35
68 22 18
24 41 90
36 35 79
21 93 69
83 2 68
73 42 49
23 48 67
95 66 29
84 84 98
78 58 83
24 26 88
70 77 87
55 36 38
42 53 79
99 93 54
29 85 68
60 90 53
28 57 73
63 33 91
76 15 78
20 88 87
6 62 3
81 10 72
74 35 46
25 25 9
18 99 85
52 51 12
4 27 10
83 37 34
13 43 37
13 9 74
73 92 40
88 53 71
99 37 80
2 63 71
7 97 17
65 39 70
48 78 7
56 70 8
94 76 95
20 50 80
15 31 99
60 10 31
1 12 9
29 3 5
74 100 55
91 21 86
4 26 53
63 44 63
77 83 34
5 12 38
70 7 54
51 44 57
98 88 28
17 38 34
59 99 3
66 17 8
91 18 70
42 4 35
81 8 98
51 10 95
68 58 4
6 52 29
65 67 91
26 27 79
4 97 29
80 11 10
34 92 56
66 67 17
15 9 50
52 54 46
88 55 56
18 56 12
79 97 20
69 81 83
79 16 11
88 51 37
44 39 85
42 7 29
81 36 58
87 96 66
44 28 50
23 79 71
13 15 66
70 7 85
50 60 31
47 32 53
34 38 44
34 75 81
49 67 30
98 65 51
40 66 29
35 12 16
39 14 98
61 54 20
98 66 64
1 72 74
82 52 35
79 43 15
14 41 17
79 8 1
46 100 98
99 38 48
6 33 32
53 14 50
53 22 86
63 47 76
91 66 16
95 9 4
77 24 69
30 97 61
26 43 24
97 49 84
29 76 79
76 36 12
58 86 34
43 14 99
35 89 51
28 90 22
62 64 47
76 55 33
4 96 77
90 30 76
51 21 25
60 59 10
37 14 100
28 70 90
22 96 87
37 49 46
27 22 45
56 42 81
93 71 16
67 82 91
72 55 3
10 53 64
30 21 43
76 76 94
52 42 11
95 23 71
18 18 66
76 3 10
89 40 34
38 96 100
76 66 100
51 16 87
96 99 29
57 10 99
32 58 93
18 70 1
99 53 96
2 83 48
70 53 4
26 86 77
20 98 7
54 67 84
98 2 64
2 2 7
80 63 42
15 78 34
64 12 11
17 93 21
67 83 49
66 96 92
83 15 52
74 74 69
47 93 3
86 13 5
30 61 3
80 92 75
63 10 89
42 95 10
38 3 14
68 25 5
48 43 42
19 18 30
4 13 29
60 38 79
93 72 96
99 37 34
61 65 63
33 2 5
32 54 31
35 27 66
73 51 89
51 58 29
80 96 20
91 45 63
9 31 41
61 82 27
92 43 16
80 70 37
71 56 6
66 2 76
74 85 19
22 83 99
65 47 66
54 35 33
96 16 82
46 69 69
10 70 52
56 38 60
40 7 45
95 79 32
75 21 52
96 28 74
61 47 18
18 15 52
89 36 15
34 69 97
64 12 53
73 49 43
95 94 83
76 42 45
55 50 17
13 61 4
15 42 79
74 47 23
9 8 43
78 33 98
30 92 59
50 62 2
84 9 60
72 7 40
92 39 55
17 7 76
100 66 32
9 8 9
60 15 66
56 99 52
74 40 77
28 63 80
4 49 37
7 97 100
9 90 28
59 100 59
48 26 20
7 32 86
73 23 41
44 39 20
22 64 23
6 77 75
64 83 33
69 99 9
70 37 94
54 68 64
54 35 21
44 14 32
24 8 60
50 10 18
53 35 14
61 38 93
11 80 66
60 88 9
97 77 99
88 49 39
98 56 56
31 89 3
67 86 87
5 36 91
89 90 41
51 39 97
68 25 48
28 20 19
18 56 49
44 69 55
66 3 74
83 3 26
36 57 53
72 54 4
43 95 77
7 100 55
38 14 24
30 54 39
10 90 87
12 37 4
96 61 80
66 69 17
12 21 74
96 20 50
71 36 47
79 8 47
2 95 45
63 85 38
44 91 19
72 56 74
69 4 81
71 97 27
64 54 61
51 12 98
84 20 91
91 73 30
19 94 65
15 70 16
1 14 73
84 92 95
6 29 21
10 60 3
45 45 48
63 92 66
72 61 40
12 45 47
53 69 76
77 95 3
87 66 13
4 60 72
11 97 22
94 47 81
7 72 19
28 60 9
36 45 2
37 71 77
39 98 85
18 67 29
67 29 16
50 42 2
88 38 35
69 5 99
9 49 33
8 64 6
44 56 29
9 34 98
44 41 50
100 59 77
71 88 47
43 42 85
38 5 60
66 1 39
11 48 19
29 95 51
33 55 9
22 6 41
10 55 31
22 21 2
63 59 66
41 58 52
57 77 10
77 98 65
15 1 45
59 44 17
71 37 22
24 62 20
37 76 98
28 3 8
60 16 26
98 44 15
45 93 96
49 6 13
76 82 17
99 94 21
39 38 36
28 26 51
61 30 94
47 57 3
1 72 48
66 30 47
31 39 35
53 51 18
72 81 65
47 1 79
61 75 5
42 4 86
87 10 84
40 4 73
3 43 81
12 24 35
53 20 72
86 33 49
97 46 60
60 97 21
6 45 19
51 97 4
66 53 89
36 93 72
26 73 83
29 35 68
63 93 55
12 52 36
20 2 35
21 100 39
47 4 90
85 90 93
94 90 46
5 12 68
10 57 68
2 9 34
39 38 23
41 68 93
64 23 61
92 68 3
19 75 81
5 44 7
91 28 85
39 7 20
27 51 78
100 67 73
61 44 9
4 74 76
81 76 61
72 21 10
76 38 54
68 42 1
65 29 9
10 45 95
46 92 59
38 52 36
59 68 93
60 59 9
58 43 12
69 58 73
66 26 89
72 89 93
12 16 5
11 42 6
89 30 63
55 37 28
9 5 11
33 14 42
33 85 81
95 62 85
32 45 4
32 73 6
45 16 31
53 92 8
70 63 45
59 82 16
81 56 70
48 27 83
36 99 96
94 2 18
60 93 63
71 67 71
8 23 39
73 52 57
22 3 100
57 41 67
50 33 27
10 39 85
82 26 33
95 52 54
53 75 63
22 22 15
40 12 89
51 94 38
41 18 40
62 36 90
94 31 46
94 72 61
12 63 27
99 60 31
26 88 4
34 50 15
15 51 67
52 71 85
97 79 26
57 14 86
19 23 3
37 54 28
91 83 11
38 13 5
97 79 61
57 95 63
83 14 87
27 31 64
54 86 7
81 100 39
60 38 74
16 9 26
35 2 51
83 48 12
37 83 59
2 35 33
8 5 89
81 40 19
11 21 72
74 85 66
100 67 59
64 47 25
98 85 25
13 87 61
48 3 52
67 66 15
73 42 86
34 22 10
88 45 16
9 85 27
83 65 15
33 18 33
4 34 92
7 38 82
45 98 32
82 3 28
84 34 73
16 92 7
7 89 55
3 49 43
88 19 86
17 58 13
83 53 38
85 87 66
6 30 24
40 62 39
40 49 69
67 51 88
21 78 94
99 84 10
30 69 97
53 38 17
12 41 64
43 48 89
41 46 39
34 60 15
19 2 95
43 44 2
42 90 71
37 40 89
56 91 18
14 20 34
60 79 58
31 52 80
62 60 14
92 14 45
57 53 80
52 41 68
57 34 66
79 25 5
69 92 80
46 84 72
30 65 52
17 94 35
51 6 28
53 41 28
94 11 87
80 80 90
15 45 19
20 51 3
93 77 60
64 58 68
28 16 69
46 32 60
65 69 37
21 30 67
26 30 80
100 50 96
59 67 22
79 1 100
21 67 20
46 23 98
64 21 43
87 15 99
92 46 58
19 31 79
70 43 65
1 83 25
44 71 53
83 13 95
91 83 67
87 41 16
46 69 12
3 40 63
71 68 14
98 69 86
78 11 80
23 67 71
94 52 81
83 73 39
55 60 78
68 29 77
25 30 21
3 16 9
79 20 77
54 76 82
97 46 95
65 58 17
1 39 62
47 90 44
35 63 97
79 16 90
87 56 15
89 42 6
83 23 79
59 58 92
70 34 41
13 86 27
68 62 38
37 100 6
69 59 84
44 55 54
45 73 12
46 61 1
77 45 75
60 11 12
100 88 41
63 99 12
46 65 56
21 87 83
55 76 81
39 23 31
80 26 27
84 38 85
26 88 77
72 85 6
67 70 45
49 82 30
2 58 4
86 64 16
53 70 76
70 37 20
9 37 94
90 29 13
30 43 38
70 65 35
67 91 86
9 5 22
17 82 40
80 21 41
81 4 64
79 86 96
11 99 90
86 74 30
63 92 23
46 15 34
51 90 63
4 76 24
31 45 22
45 21 59
96 20 18
54 31 73
38 6 62
39 53 73
19 49 38
17 52 60
85 86 14
84 56 71
84 23 16
47 89 95
34 31 97
74 100 71
51 60 52
87 78 65
38 6 46
19 44 59
58 50 40
81 33 40
91 75 28
9 25 51
65 71 10
78 94 2
16 78 99
70 63 17
84 24 72
3 48 3
64 45 87
26 86 39
66 96 68
92 81 39
87 31 64
18 31 91
69 23 77
24 55 68
85 64 41
25 1 97
83 48 37
61 85 15
86 27 28
55 77 38
72 25 29
8 59 13
3 14 1
34 10 71
39 79 19
32 64 31
2 30 55
59 41 97
35 34 19
45 67 27
66 14 48
82 58 40
8 9 93
74 93 77
58 74 80
74 77 86
42 3 25
9 92 58
17 100 86
1 11 32
8 58 47
29 38 23
72 38 35
59 87 100
28 55 60
50 89 48
98 22 95
77 70 94
32 83 82
56 57 50
36 24 26
24 8 82
58 5 13
51 19 90
13 68 20
53 81 44
26 85 60
11 59 80
75 71 63
39 88 40
91 86 1
50 83 94
51 65 85
89 10 63
73 86 57
26 66 82
55 71 35
66 58 68
86 44 79
17 92 38
36 55 59
65 11 48
64 79 44
81 96 77
8 6 29
7 14 90
9 29 2
47 76 15
31 30 67
83 41 39
9 74 86
81 84 31
69 91 13
50 14 13
49 61 72
23 76 69
37 10 38
89 28 72
35 2 30
63 58 37
19 32 6
84 81 50
13 87 11
84 16 42
15 29 74
56 76 6
7 78 12
4 68 35
91 59 98
80 78 13
61 63 96
14 15 47
22 83 57
58 19 37
66 74 39
98 47 86
79 51 13
91 71 31
65 50 59
56 12 21
7 96 86
18 92 9
40 62 33
80 76 74
40 72 25
56 100 31
11 79 90
6 25 75
85 59 69
58 96 19
55 40 64
74 76 2
75 89 1
19 54 98
58 55 18
29 74 24
13 78 93
72 14 39
37 98 5
94 3 83
67 15 57
21 95 26
57 54 14
32 97 25
14 42 66
15 96 29
63 90 38
100 92 87
19 38 80
38 1 97
20 47 86
20 50 92
31 8 11
12 42 93
45 82 37
2 23 97
49 4 35
15 48 20
70 23 62
36 2 29
63 77 16
18 100 6
21 60 67
40 78 90
83 15 98
7 84 28
96 29 75
1 55 32
10 42 25
96 17 17
14 61 61
35 95 66
5 28 78
24 19 43
42 74 44
30 69 51
40 85 46
26 75 97
39 38 92
73 83 56
94 53 85
44 15 74
37 64 86
78 82 65
3 73 81
96 44 90
2 9 54
69 70 32
76 54 72
6 52 5
67 77 89
88 79 98
86 71 69
87 30 34
25 46 13
18 77 26
92 88 15
32 2 6
8 69 79
28 51 2
6 4 91
41 5 24
37 51 76
21 29 70
76 92 54
25 83 96
3 80 94
23 56 8
6 41 25
41 93 64
62 48 92
36 96 72
53 63 93
36 86 70
17 83 17
44 2 52
76 58 5
14 42 64
54 28 77
94 10 79
55 85 76
25 13 90
74 28 18
50 94 71
40 62 38
4 59 33
41 23 78
13 26 73
97 1 23
11 71 88
79 66 70
60 77 15
83 80 33
54 28 83
10 60 11
60 58 53
18 56 92
33 79 87
1 73 10
50 19 63
6 82 63
71 39 74
62 44 56
77 84 32
58 71 88
19 49 8
99 22 77
17 92 20
4 57 23
24 73 51
51 27 37
64 13 28
97 98 4
100 25 31
16 68 54
67 93 62
7 97 20
62 30 95
43 61 45
72 22 42
92 91 52
31 7 91
55 36 91
13 92 95
7 62 91
36 35 95
53 19 2
46 70 27
87 84 14
18 41 56
13 77 64
68 36 64
54 74 25
13 60 32
8 48 80
73 72 54
21 26 91
64 74 98
81 18 5
56 41 86
83 97 52
43 98 95
40 5 22
21 59 39
62 51 23
11 73 98
33 72 98
32 65 36
99 74 44
5 49 65
65 86 66
4 98 35
22 73 74
85 44 60
34 35 62
97 7 10
97 49 18
47 95 31
22 53 26
95 4 99
92 41 60
84 16 3
86 10 54
16 76 94
66 85 6
99 53 19
38 44 51
28 94 56
46 5 87
70 40 44
2 18 97
2 8 9
18 21 64
57 41 89
46 57 20
44 91 91
89 97 59
18 42 47
29 70 86
34 57 63
82 59 100
100 79 3
36 29 77
31 41 57
86 34 39
91 85 30
97 79 89
71 62 41
56 92 2
42 7 38
38 23 20
97 30 26
51 41 51
90 94 44
69 25 34
79 69 75
66 44 70
19 70 21
88 100 45
57 87 36
65 18 73
19 29 14
31 23 57
67 42 39
46 31 29
25 42 32
99 98 3
72 96 60
65 18 99
91 20 95
60 61 42
97 47 89
4 89 88
3 46 37
74 21 43
28 81 35
14 27 33
32 93 24
54 25 77
81 62 26
43 52 28
96 98 89
87 69 11
30 55 21
27 56 84
4 69 41
98 63 91
25 73 86
31 51 61
5 98 54
57 3 8
93 75 50
95 4 6
27 96 66
83 2 32
28 12 9
97 35 36
39 95 63
28 48 60
88 36 81
74 85 27
91 54 71
28 11 89
58 7 12
75 33 29
56 2 19
73 49 87
48 84 36
12 13 36
64 14 22
45 86 96
52 42 2
1 17 54
56 92 78
97 47 79
75 86 41
60 91 69
69 39 64
29 93 70
44 51 53
99 5 83
62 42 26
92 41 76
60 66 5
78 54 83
36 72 51
75 83 17
86 35 72
8 54 91
80 63 6
30 71 54
99 73 34
46 40 72
56 68 13
18 45 51
75 47 8
62 94 60
31 11 67
64 52 71
47 72 79
67 90 45
28 65 94
47 78 41
79 100 53
1 59 45
57 36 20
28 84 12
87 49 80
99 90 72
8 69 67
5 22 93
59 42 52
88 67 43
79 6 33
33 25 81
32 91 86
46 14 66
95 65 85
27 2 25
29 50 26
74 10 73
84 98 99
91 4 16
78 88 67
23 100 34
5 25 56
24 2 22
7 75 28
21 38 63
69 96 52
87 53 79
7 8 83
33 31 77
35 42 37
83 29 73
89 58 54
88 17 19
54 10 9
69 61 3
96 59 29
18 69 7
8 1 27
79 84 95
30 42 33
51 34 16
3 72 4
26 66 92
53 66 81
65 56 79
33 85 62
67 56 32
51 40 77
31 54 68
40 42 26
10 14 71
82 64 45
12 12 18
57 37 19
20 82 94
57 60 4
30 60 21
57 44 95
61 23 21
81 6 96
83 13 8
64 34 88
39 1 16
5 89 39
59 61 99
27 97 22
58 15 73
75 12 86
97 13 16
68 98 54
2 49 56
13 12 45
52 64 51
16 93 40
66 28 100
60 59 90
74 44 15
91 74 90
41 48 13
29 72 19
49 38 58
61 5 26
51 12 77
57 31 31
79 8 35
42 62 55
91 76 95
45 80 97
73 51 32
26 74 86
29 16 13
25 73 40
83 77 15
3 44 15
47 32 33
19 1 92
15 19 4
18 23 21
100 28 64
26 29 70
77 64 15
29 38 29
62 23 4
3 27 66
48 69 81
25 61 92
99 31 68
18 21 16
2 29 80
17 36 76
63 34 22
35 60 79
42 10 75
92 98 78
65 16 26
44 20 37
67 32 100
9 39 63
96 46 76
2 4 55
21 54 99
38 45 30
48 35 33
7 2 23
42 92 49
90 10 72
63 32 29
88 85 5
71 13 60
45 29 5
41 35 76
31 43 56
53 61 48
32 67 5
18 34 29
24 21 27
14 91 45
83 100 84
83 12 8
36 53 4
21 55 96
42 35 86
32 7 19
65 80 14
70 47 96
53 51 92
69 55 35
72 55 11
90 22 95
38 36 91
66 60 12
27 94 88
90 6 98
6 93 32
88 13 57
38 71 43
73 65 13
21 23 70
44 12 56
14 54 35
75 83 62
87 87 88
86 41 75
49 8 57
27 12 26
3 68 93
21 4 2
43 59 57
44 70 90
13 47 29
40 68 13
47 4 49
8 27 15
27 55 90
78 71 99
49 71 48
62 51 84
35 56 94
74 65 95
70 41 64
32 40 66
66 99 58
52 66 64
20 57 80
33 73 46
12 19 77
3 56 87
13 71 56
42 58 29
83 50 67
44 64 52
6 13 33
52 59 99
40 32 29
94 5 68
65 17 17
22 86 30
26 68 99
73 54 89
41 83 99
57 9 97
2 40 85
28 80 7
99 92 100
23 9 2
61 2 7
79 36 28
94 54 18
1 68 94
48 27 15
74 77 42
9 57 43
35 92 94
91 49 41
47 76 1
24 29 70
88 17 56
32 23 8
35 88 53
95 37 68
44 95 73
35 51 77
38 69 10
90 92 85
24 71 17
10 91 89
15 63 27
73 56 43
80 81 66
37 92 10
43 49 86
83 96 57
46 63 74
20 85 80
30 100 32
15 10 60
59 41 14
8 13 62
70 10 24
25 26 7
99 74 39
28 98 76
51 1 72
51 57 90
92 97 53
86 99 81
86 44 31
73 48 99
90 30 59
6 43 48
26 45 30
93 86 19
44 2 54
75 94 21
21 88 48
11 21 41
79 82 7
55 14 68
20 93 26
49 17 18
58 80 35
95 48 30
87 80 28
91 89 26
88 6 79
47 18 40
49 27 84
25 30 85
91 17 57
84 68 87
9 72 35
100 79 70
45 73 53
27 97 34
2 41 16
19 40 30
24 29 98
47 27 67
55 79 62
30 44 68
76 17 3
35 30 18
97 88 16
59 45 18
79 96 66
44 47 62
96 6 37
19 38 53
41 61 14
83 78 75
8 95 61
85 51 40
43 29 61
68 9 32
65 23 14
20 84 53
39 17 67
93 90 43
21 12 73
68 85 93
94 80 39
94 92 37
51 68 38
39 33 2
3 69 67
8 6 48
15 44 35
31 67 51
81 14 92
12 75 16
74 97 91
48 58 75
14 93 27
74 1 70
50 60 29
29 58 60
26 47 36
62 53 40
93 7 54
73 20 61
31 45 95
90 50 20
12 73 98
15 62 90
21 50 61
48 27 99
63 46 78
59 11 25
30 75 88
91 75 64
66 42 43
16 90 45
61 89 32
69 67 6
16 64 2
58 85 11
74 81 89
23 95 25
76 64 68
76 52 2
83 56 90
37 40 28
22 46 40
70 19 29
33 92 29
62 70 62
46 83 51
86 23 54
66 91 11
41 5 82
85 71 14
76 40 2
57 40 21
12 46 48
76 83 72
38 65 100
67 3 42
36 75 92
47 9 44
7 26 94
44 24 98
6 87 81
44 33 12
94 78 39
35 28 48
8 86 39
87 9 46
26 59 23
10 41 92
26 41 78
12 43 26
43 94 50
97 78 61
9 83 42
44 90 82
87 66 71
7 24 26
36 28 72
69 27 31
33 28 69
36 34 71
61 14 84
8 40 51
88 12 46
47 88 18
54 67 62
39 94 1
48 75 25
8 42 66
90 20 78
10 34 66
74 72 52
79 76 97
14 42 12
33 51 12
43 25 18
70 72 61
51 58 1
94 54 40
74 62 18
76 41 66
32 100 77
44 57 95
23 29 83
82 84 16
14 96 44
47 32 15
14 16 58
1 100 77
80 82 61
98 91 88
45 100 99
98 93 50
90 98 91
49 62 63
68 38 16
14 54 7
92 30 56
2 29 66
96 54 4
64 23 23
38 64 33
73 67 72
29 99 37
13 49 53
67 10 47
43 11 84
52 14 35
68 32 76
79 21 10
89 12 34
67 29 11
83 68 61
33 28 80
38 36 69
8 23 42
68 69 46
14 37 59
73 81 26
89 17 30
45 51 41
50 61 27
62 94 55
51 56 75
42 27 48
89 60 85
72 51 5
5 6 10
10 71 10
87 75 57
8 85 88
83 85 33
100 62 7
11 24 22
10 38 61
99 58 6
3 53 79
58 16 96
52 22 35
5 72 70
26 33 93
30 30 39
96 38 59
30 46 77
100 78 66
43 70 48
26 62 53
55 78 33
76 32 51
10 14 34
49 66 17
71 96 95
62 74 83
74 58 87
5 86 29
32 56 70
39 76 37
43 96 34
79 32 93
92 79 16
54 94 98
3 79 87
83 34 53
74 98 99
100 16 94
82 21 3
23 35 12
34 89 93
4 6 21
85 62 62
30 87 3
21 41 78
79 81 25
74 80 98
87 12 26
80 24 25
83 31 9
99 45 3
65 57 52
49 36 37
28 72 87
26 39 34
100 35 84
24 27 50
32 83 89
60 31 19
36 71 21
22 81 98
59 92 40
67 50 72
53 56 51
57 28 43
93 25 92
78 64 66
17 14 50
100 67 68
24 56 2
40 35 66
39 16 2
14 48 60
89 43 82
40 21 25
21 42 1
47 92 3
1 93 1
99 29 1
68 91 3
40 61 20
19 84 70
45 46 1
43 14 8
50 4 74
46 62 4
15 100 46
26 61 43
37 10 51
59 8 98
9 61 49
26 48 32
22 81 8
17 23 34
26 50 13
93 7 17
89 76 93
89 32 44
31 6 88
52 42 34
78 93 49
26 38 98
11 32 61
46 76 89
43 38 47
40 68 79
10 65 13
80 69 16
3 19 70
51 47 91
89 71 86
66 63 66
62 44 71
73 78 1
94 70 41
61 21 38
9 32 69
54 77 18
92 78 20
60 91 49
66 90 59
30 68 81
34 11 72
84 41 95
8 61 77
25 97 65
85 12 48
14 37 89
64 83 79
60 85 35
14 11 90
15 54 30
95 89 88
58 95 73
40 65 77
72 42 18
83 38 12
64 27 30
24 18 75
16 42 9
11 13 48
85 75 3
49 41 76
94 79 87
9 6 57
93 85 43
30 69 92
33 10 37
80 12 57
62 60 49
95 6 60
18 77 42
8 90 74
29 78 27
41 44 38
21 32 17
82 59 90
59 93 45
42 96 71
74 45 3
39 26 41
10 22 65
53 48 17
79 82 34
38 81 29
72 48 92
64 31 10
3 24 85
13 31 78
1 38 94
93 12 75
76 38 73
30 28 42
76 6 14
88 88 53
75 48 12
66 90 44
78 98 71
18 81 8
94 20 73
48 98 18
71 13 67
85 7 11
14 82 93
12 65 63
29 59 79
17 71 78
52 83 16
76 27 17
8 49 73
57 92 68
51 52 49
24 44 50
47 35 73
2 74 99
26 52 32
75 37 67
26 46 26
49 8 95
21 85 74
53 47 91
68 9 100
39 94 84
10 40 54
79 77 51
42 99 23
4 39 90
68 31 89
90 47 30
75 10 67
90 99 76
59 29 71
33 5 87
92 29 69
31 58 63
68 72 81
48 28 82
22 54 13
37 99 33
16 82 35
61 65 68
3 4 8
99 73 49
43 54 23
65 17 78
2 18 58
30 58 81
60 11 36
46 70 96
75 38 41
58 48 62
88 93 74
68 58 29
50 59 81
64 21 8
17 43 9
32 35 19
49 60 72
91 62 6
9 25 48
16 17 39
52 91 64
82 67 72
26 45 96
97 75 10
61 24 30
67 79 7
14 58 13
17 35 30
66 41 82
17 59 77
93 74 100
81 70 44
57 16 21
92 88 38
39 42 48
100 15 13
42 94 11
15 50 53
84 10 84
22 95 52
19 58 82
18 52 43
6 76 56
40 37 72
62 47 60
79 98 61
62 11 69
79 47 46
58 73 40
27 42 74
25 10 63
86 68 56
73 53 20
21 79 52
92 39 71
55 57 42
45 74 23
55 89 93
47 30 13
45 43 91
25 36 54
8 4 51
8 4 5
92 63 19
52 37 14
89 83 57
22 46 63
63 81 82
27 11 22
44 64 59
13 2 29
100 4 88
54 54 74
40 38 76
86 84 35
27 33 73
76 29 25
93 83 42
86 79 4
52 30 56
93 13 23
72 41 15
96 33 8
79 9 78
23 4 65
89 52 84
55 73 42
86 79 73
22 62 4
74 15 84
90 16 29
1 55 13
6 63 89
55 90 100
10 82 7
25 78 66
51 29 74
18 71 27
82 53 11
89 10 94
69 60 23
59 57 28
71 17 94
16 81 5
44 37 46
49 33 2
94 90 47
49 23 82
57 51 47
47 76 43
59 83 1
49 23 9
88 99 23
12 45 76
15 20 83
11 89 18
94 15 10
71 35 52
4 16 69
42 93 18
64 84 8
70 85 42
90 23 63
80 48 56
45 71 48
97 79 77
8 100 6
53 92 3
26 52 62
47 38 12
42 57 11
3 43 93
26 22 90
3 51 35
74 29 9
79 92 48
85 79 19
74 59 77
60 49 64
65 37 39
86 42 72
80 60 77
84 89 2
98 51 17
77 15 27
72 2 99
57 30 85
72 26 20
20 65 53
83 78 12
24 5 19
85 3 51
83 91 37
48 58 92
58 5 35
79 15 78
69 21 94
33 65 61
68 31 68
66 22 60
52 69 86
86 21 45
86 100 10
7 49 76
8 46 84
67 34 61
18 55 48
18 44 32
42 53 69
58 11 72
79 43 44
97 12 70
3 84 81
20 48 57
85 71 72
92 46 27
88 55 38
98 18 92
12 71 74
33 43 77
82 62 9
53 55 52
21 36 97
7 94 69
8 46 53
12 76 68
56 35 53
53 45 62
64 31 89
18 93 48
85 87 5
16 36 22
56 64 24
47 97 21
60 76 20
68 40 58
79 4 38
42 6 86
53 51 22
53 20 19
93 80 64
8 95 99
70 45 88
76 69 70
91 46 90
58 66 64
13 11 80
68 18 41
85 81 18
82 53 28
30 6 33
28 4 54
18 17 49
27 91 91
18 42 30
73 12 31
41 31 97
69 24 57
77 48 1
42 100 24
5 49 27
60 99 46
38 5 15
81 33 56
8 61 61
61 43 53
86 67 58
1 59 70
50 2 3
74 29 14
99 3 35
24 28 27
97 73 71
100 56 15
11 54 55
84 35 11
16 81 20
13 21 58
60 10 35
1 12 28
40 30 17
38 42 57
96 58 95
94 100 80
36 82 91
4 38 62
72 99 82
88 45 34
42 35 97
58 32 1
64 68 24
17 31 49
37 33 94
53 88 61
23 83 66
19 72 91
23 5 23
36 8 99
79 70 67
6 78 45
6 88 50
88 65 95
50 28 9
69 40 43
57 8 91
6 89 42
64 93 73
100 2 52
35 78 55
24 81 71
49 6 73
30 45 10
4 76 79
35 77 66
44 28 53
75 9 86
57 10 7
37 60 81
12 19 76
4 83 86
4 33 53
11 83 83
91 12 26
22 68 59
33 75 92
99 39 9
9 83 82
16 91 21
64 9 64
73 39 8
63 79 95
50 94 98
47 25 90
94 83 51
57 73 88
74 34 51
98 45 97
75 5 62
57 44 80
4 26 68
27 89 44
4 54 10
79 81 90
21 48 23
4 70 48
66 28 34
66 6 39
86 95 9
93 11 38
41 43 65
95 56 25
24 90 45
30 15 96
73 89 85
83 90 60
80 34 10
86 63 90
17 93 29
1 28 5
30 41 16
81 67 56
55 21 47
11 69 15
30 77 9
40 20 83
85 34 42
19 2 15
27 46 12
40 1 47
73 5 12
19 34 44
85 91 26
8 67 18
99 28 75
72 41 41
38 18 24
3 6 67
68 40 62
16 90 75
92 70 59
88 8 17
39 83 8
58 72 51
96 2 97
34 100 95
87 28 86
42 67 34
53 90 25
62 89 49
84 40 24
91 11 53
56 70 48
53 36 58
28 36 40
1 63 13
48 76 64
60 51 96
82 76 85
59 28 23
46 85 50
86 39 72
69 54 73
54 64 54
47 30 40
45 47 89
83 60 62
53 32 80
46 90 22
65 19 28
66 72 39
49 38 68
87 56 88
74 1 75
48 87 2
98 42 28
89 95 67
89 23 59
26 52 36
10 55 34
40 45 1
57 72 23
77 37 84
32 41 90
47 79 31
79 40 57
60 80 22
15 18 88
34 58 9
45 25 65
91 87 59
34 51 55
46 84 82
9 86 48
64 58 79
53 55 9
73 27 31
32 7 67
48 92 5
26 48 79
6 52 6
58 44 43
21 83 64
17 65 97
89 24 60
100 45 22
19 42 93
74 69 81
48 4 98
79 32 1
41 74 14
51 11 54
61 48 11
60 23 87
81 56 5
6 94 44
5 95 50
24 18 10
76 22 36
59 45 63
1 81 82
78 57 53
14 52 70
46 50 49
98 38 44
57 62 58
47 35 2
40 49 67
5 39 70
65 98 27
18 81 19
49 8 46
95 24 62
32 93 4
95 75 28
100 34 10
88 48 56
7 32 53
1 37 9
85 15 89
47 61 39
2 61 41
62 8 75
10 7 81
34 26 77
7 63 81
81 79 97
30 87 85
16 23 71
39 11 15
100 69 58
98 47 5
89 86 31
4 4 65
60 29 27
78 21 61
71 39 13
26 53 95
82 26 97
6 79 47
77 23 92
90 28 65
32 65 14
85 75 50
65 71 7
89 47 86
14 29 37
22 33 29
18 38 11
34 23 97
51 24 54
61 41 76
24 42 86
48 4 92
41 54 54
15 74 19
30 27 4
5 7 11
55 37 79
44 21 24
50 43 71
36 2 64
97 82 29
66 60 89
77 86 82
27 26 49
86 20 47
69 54 98
24 61 86
10 89 17
9 19 78
8 60 87
67 76 56
57 30 92
45 75 74
64 99 48
85 73 85
77 94 59
98 46 39
36 87 88
68 24 66
42 88 86
11 87 53
3 50 85
76 82 19
43 64 24
32 71 77
62 85 52
75 13 31
62 13 74
89 57 21
63 42 58
84 71 85
28 35 92
99 49 88
54 83 71
100 88 85
57 8 35
1 86 40
77 4 8
37 62 48
48 58 4
97 15 99
67 43 96
54 33 32
86 44 30
58 55 63
43 52 5
96 16 58
52 69 48
86 33 82
5 30 17
89 27 31
11 69 1
49 26 22
52 51 12
75 66 88
48 65 25
55 46 33
4 47 47
15 51 46
19 27 36
77 41 4
69 20 47
68 84 32
18 71 89
17 20 22
79 92 76
31 50 25
54 77 94
76 87 58
31 96 72
69 88 69
12 94 64
39 46 34
19 75 62
4 71 13
6 36 81
28 3 83
49 32 17
12 63 71
32 87 76
15 71 32
92 7 75
78 47 33
57 7 24
51 46 100
50 48 81
87 49 84
67 25 5
77 37 45
80 88 87
75 30 59
52 24 81
63 5 73
100 74 6
42 86 90
69 94 67
32 41 5
55 98 44
77 23 96
31 91 21
92 7 87
18 32 53
89 48 97
22 71 66
52 83 92
68 46 9
41 27 90
57 52 2
94 10 28
64 55 85
94 12 49
10 59 49
88 39 8
83 11 98
43 96 80
87 35 83
76 27 66
47 17 28
40 68 80
55 26 16
67 92 92
37 77 67
84 39 6
51 89 68
51 14 14
89 69 100
100 84 97
16 18 15
41 92 65
82 49 84
30 7 90
35 17 93
93 96 25
60 26 83
91 15 41
90 70 78
63 91 95
48 25 65
85 53 31
64 55 9
77 14 21
64 42 18
5 51 37
6 14 41
24 2 88
24 15 88
43 82 24
19 56 55
98 25 14
20 13 93
83 31 21
39 39 90
61 3 45
79 36 98
73 18 99
41 33 4
23 42 7
26 4 9
36 95 57
66 30 51
81 41 89
12 23 79
41 83 58
95 18 70
21 98 52
34 25 40
40 9 48
1 96 77
37 83 56
73 26 5
70 43 33
50 49 89
61 31 31
31 83 20
28 100 32
73 73 9
32 86 15
45 20 5
53 86 67
85 9 65
23 61 17
47 26 13
12 94 40
83 78 26
100 8 44
39 41 94
100 53 20
95 19 62
68 91 49
34 44 71
42 20 11
78 13 11
68 13 16
98 23 41
88 54 91
17 10 8
21 52 85
21 32 72
94 20 10
23 30 33
35 42 92
58 39 94
2 61 20
57 34 12
1 39 63
52 91 98
77 53 28
85 87 16
3 47 95
58 68 20
84 85 98
19 64 40
28 22 51
22 88 58
5 52 26
63 67 35
19 24 50
96 86 5
14 58 22
89 3 55
89 67 24
42 94 79
94 83 69
79 94 99
41 81 50
57 13 14
91 37 35
23 3 49
94 20 49
5 85 67
63 51 25
29 44 82
26 21 24
3 10 11
94 78 26
65 23 15
88 97 82
5 64 80
1 70 91
77 13 8
46 33 86
53 39 16
52 44 47
51 97 59
29 67 98
8 20 2
19 10 20
23 92 79
60 53 93
70 44 45
98 95 57
70 33 86
11 53 65
34 71 50
78 71 67
4 73 63
66 86 26
37 70 91
42 58 83
85 92 51
81 56 37
49 57 42
62 50 100
31 65 52
44 26 81
80 44 96
9 31 2
80 6 20
97 11 47
89 48 16
37 64 96
66 40 69
48 26 88
47 30 54
67 81 30
43 80 65
92 98 39
8 75 99
27 97 76
20 42 14
93 12 25
98 66 55
66 16 51
25 78 87
21 32 30
23 30 27
23 95 41
83 81 29
15 67 98
2 37 12
66 53 13
92 92 73
38 20 61
64 100 12
30 73 89
74 27 64
81 56 27
8 78 14
75 97 89
22 84 63
47 93 22
34 82 37
84 43 99
77 13 12
96 32 4
73 45 60
55 65 21
72 86 62
72 54 13
79 68 31
54 85 35
73 1 84
33 69 67
75 28 54
57 82 11
57 24 51
23 92 8
92 72 1
30 98 31
46 83 58
70 71 7
77 73 51
81 36 30
79 64 40
100 83 22
71 60 98
27 61 47
81 63 70
63 79 82
51 46 65
4 84 20
23 93 24
86 96 16
82 77 22
70 91 70
96 99 21
47 74 16
16 14 42
23 52 87
29 98 32
100 69 81
96 31 15
68 4 29
65 84 92
88 48 33
63 2 12
55 9 5
90 12 42
12 82 36
16 95 51
12 97 6
9 22 43
46 91 70
100 38 67
85 47 71
12 43 77
74 36 75
92 21 88
52 18 16
15 55 11
69 22 26
26 44 99
7 52 94
3 44 22
50 99 52
77 13 87
56 13 67
69 52 89
9 46 24
35 37 32
16 55 17
9 23 29
25 62 34
57 41 82
64 69 31
10 72 90
85 22 32
61 6 4
55 20 5
58 47 26
43 48 27
85 56 12
50 71 43
45 62 8
9 66 65
90 88 7
5 52 22
6 8 10
55 9 46
43 29 80
71 59 13
71 24 68
96 59 96
26 40 58
81 38 60
79 60 20
65 87 2
6 99 28
77 92 27
29 73 75
70 93 29
21 88 50
20 25 83
13 80 42
95 79 31
50 4 24
46 76 96
95 33 59
83 18 82
26 23 25
39 16 40
17 17 63
1 81 9
58 47 56
14 38 34
52 55 78
27 19 17
17 38 14
100 12 63
43 72 6
89 19 98
10 90 11
54 48 40
34 67 19
47 69 13
10 81 84
30 24 58
30 59 21
21 63 78
85 50 2
18 81 48
26 32 3
36 70 88
78 93 67
32 53 86
23 14 60
22 49 31
44 66 53
39 69 58
15 12 19
1 31 58
68 74 31
21 66 17
80 84 39
72 32 26
32 14 46
42 39 10
70 64 95
8 11 83
11 38 69
77 63 63
41 32 76
35 38 52
2 51 36
69 56 9
43 64 45
59 66 98
43 43 71
82 63 2
19 43 86
7 67 22
61 4 14
64 94 31
8 68 13
55 91 59
74 58 36
93 40 73
100 41 50
52 12 55
69 81 45
4 73 42
42 6 5
92 8 49
31 87 31
3 68 12
80 4 8
50 60 78
99 7 30
92 34 51
38 63 55
37 96 46
37 33 43
11 35 61
89 15 1
89 14 60
52 67 69
98 30 40
98 84 60
48 10 80
26 78 30
28 20 77
27 26 32
96 83 12
33 10 89
91 46 64
80 37 23
30 79 24
73 84 15
43 82 23
84 90 91
56 18 23
39 11 27
62 31 95
60 86 28
65 5 74
16 8 50
78 29 24
100 1 85
85 60 55
65 77 11
63 94 12
32 55 18
75 59 60
68 37 10
17 97 97
14 22 60
100 24 6
37 84 56
19 78 18
71 60 76
84 67 59
53 77 71
57 36 55
21 67 47
40 10 3
1 71 43
41 31 33
47 34 51
37 51 80
34 42 83
67 93 43
71 39 2
51 71 33
66 36 72
52 58 95
20 65 27
41 75 77
5 27 84
22 39 18
13 11 57
36 37 68
55 52 62
76 2 30
7 49 78
19 42 58
41 59 74
55 30 100
66 30 90
51 33 50
16 40 9
64 51 27
86 44 14
10 1 50
97 90 33
57 66 51
50 77 24
63 89 26
89 78 28
78 38 10
86 12 44
5 73 62
20 48 18
12 12 4
26 8 87
68 43 92
86 73 16
42 78 31
22 42 13
37 25 28
55 45 95
6 71 57
68 78 2
71 81 54
11 20 74
65 48 58
59 65 65
12 97 89
53 22 67
24 46 55
39 65 98
16 81 20
8 70 69
64 36 28
27 38 31
8 83 96
41 29 39
6 41 26
78 13 83
99 31 6
22 39 3
1 65 40
43 40 63
34 43 73
25 2 48
43 34 84
52 29 45
48 45 10
6 85 47
80 45 75
44 30 87
50 32 3
68 89 73
16 18 74
85 62 63
72 91 79
30 41 97
6 78 31
21 94 40
8 88 73
18 47 59
69 40 10
94 59 68
86 85 24
72 48 23
75 45 13
57 34 39
33 56 45
98 2 90
92 95 49
65 76 92
9 84 96
15 92 52
66 90 64
50 78 36
17 73 94
7 75 71
37 17 39
95 85 77
64 9 77
58 33 30
50 89 56
79 47 98
55 9 39
56 55 53
69 33 36
74 55 30
27 40 55
9 30 20
86 35 100
19 59 66
63 53 80
54 38 89
18 99 61
53 9 61
14 57 79
48 90 57
98 30 37
100 60 46
77 95 4
57 38 2
3 73 3
14 45 100
47 93 36
6 83 4
31 42 6
39 73 33
67 75 83
22 73 74
16 28 58
34 3 65
53 39 80
97 33 54
34 39 63
91 23 11
1 29 60
25 42 21
90 80 29
57 2 26
82 86 98
49 36 16
52 93 22
30 27 78
9 58 43
46 95 71
60 37 25
60 15 56
75 67 44
64 24 27
38 18 67
16 21 12
66 61 73
60 46 64
13 7 10
21 94 27
61 98 28
2 13 82
48 42 6
42 94 55
14 82 83
99 37 59
79 16 10
5 26 65
6 89 34
92 76 29
89 28 51
21 80 80
36 40 31
66 3 81
48 63 78
76 4 53
90 38 63
74 12 89
25 100 22
45 34 84
75 66 96
72 21 12
47 19 7
77 64 81
14 17 21
30 86 35
1 20 8
44 13 31
30 16 22
77 96 48
56 10 66
5 96 27
92 66 86
4 28 84
62 40 11
97 16 26
39 18 83
90 93 45
43 7 73
39 27 90
62 29 79
37 18 24
65 42 91
22 77 49
93 21 13
43 19 4
24 8 89
63 68 34
6 2 21
61 23 53
64 92 16
71 66 44
89 79 6
72 92 10
96 64 79
95 85 46
44 78 73
57 3 64
62 26 54
24 47 49
7 97 36
96 21 70
74 5 95
40 3 35
71 95 65
75 72 96
75 69 80
49 7 68
69 34 14
98 4 20
22 72 59
66 12 24
41 82 79
94 35 31
76 89 11
64 18 79
98 96 52
21 30 34
90 30 29
75 33 19
72 63 42
5 69 76
10 51 49
15 39 9
74 74 52
61 17 84
38 7 91
43 35 6
16 82 96
77 50 80
69 96 87
83 58 1
4 8 37
84 59 73
72 76 27
36 71 28
13 39 40
81 48 20
72 92 70
85 99 55
27 48 37
1 27 94
71 45 94
45 2 24
66 87 70
73 57 75
4 85 4
74 73 34
36 20 69
89 39 25
92 54 7
10 62 45
57 99 64
81 70 66
74 40 2
75 52 96
31 61 37
47 12 43
6 66 22
10 79 56
85 77 78
12 86 71
50 90 36
86 54 20
27 80 84
72 12 12
3 71 25
35 30 88
26 55 2
96 41 33
44 39 14
64 81 13
70 13 37
57 91 67
84 82 32
57 7 78
62 84 55
65 28 39
58 82 71
29 56 71
10 94 4
15 20 31
59 11 28
3 71 60
69 48 92
5 41 98
73 43 74
28 61 33
36 87 44
100 58 65
36 98 50
36 27 85
63 21 24
22 62 57
52 22 56
61 74 51
14 5 66
67 25 26
53 63 28
76 95 74
5 57 17
4 71 22
13 21 88
5 38 38
17 33 1
14 32 65
57 84 20
91 40 46
74 19 4
79 73 15
44 41 30
36 96 75
11 26 76
81 36 40
66 23 42
7 97 48
65 54 21
98 69 100
36 11 21
69 20 82
64 74 27
52 44 70
52 60 62
37 70 5
30 19 2
26 60 84
60 35 13
86 47 1
20 84 2
64 6 11
4 41 17
21 1 81
97 55 55
70 67 77
76 46 80
25 8 13
9 56 78
40 86 53
97 21 8
69 19 74
31 85 8
80 72 71
60 84 43
1 80 88
73 74 56
55 81 84
49 6 67
21 60 86
93 87 54
43 34 11
24 54 26
75 25 60
20 63 80
8 45 67
44 71 85
25 22 100
2 25 71
61 13 18
13 79 33
55 75 53
40 99 74
29 71 5
23 9 86
55 41 28
86 26 21
40 10 38
20 94 27
23 20 55
97 85 10
74 35 12
42 57 2
8 38 41
40 76 87
33 16 41
31 79 98
74 26 20
9 36 28
12 12 68
27 23 22
26 10 89
1 90 15
89 15 81
50 57 41
19 17 52
85 5 38
83 73 18
67 93 10
49 58 93
31 11 20
49 79 8
77 21 64
35 34 68
89 22 13
13 58 13
56 37 80
27 40 77
99 55 95
24 16 99
76 38 19
44 13 50
63 43 66
36 78 43
47 11 54
72 11 87
71 8 25
75 45 17
19 59 57
63 19 52
74 13 79
51 45 57
70 3 26
55 6 36
14 34 86
87 57 86
50 13 70
42 26 74
24 48 24
72 18 49
84 47 4
84 94 69
17 51 10
24 78 19
39 32 4
68 33 45
58 92 17
85 9 90
20 22 43
10 18 50
71 92 59
44 16 100
57 32 45
57 73 87
19 20 25
20 36 75
83 79 7
61 100 6
58 8 39
33 14 57
15 39 34
38 72 84
73 3 10
21 4 15
91 8 2
68 12 12
62 30 38
1 98 91
21 81 69
56 68 39
92 57 60
17 52 41
17 50 46
2 21 93
18 32 49
42 85 85
2 34 14
45 12 33
48 25 2
54 7 62
22 81 43
99 27 40
29 6 60
8 44 56
46 17 67
22 45 67
64 65 4
18 2 51
14 90 48
80 20 35
83 96 1
82 16 8
78 37 92
85 59 82
52 9 13
64 82 31
66 38 33
7 79 46
91 29 90
52 87 88
76 15 44
63 32 23
56 30 75
10 11 23
54 91 10
48 13 21
37 13 24
16 52 96
82 32 59
46 38 94
37 4 3
77 15 88
88 63 8
13 12 63
98 65 42
73 6 62
77 68 74
75 23 62
91 80 7
44 41 26
54 2 23
54 78 73
42 62 65
45 8 73
78 15 22
100 61 63
95 66 72
23 62 96
51 9 92
9 35 27
98 91 92
52 75 10
36 42 59
84 94 74
99 45 41
41 71 72
75 78 3
92 20 14
34 91 40
80 15 39
39 62 71
67 10 42
14 41 93
95 30 20
82 62 62
53 89 88
88 76 39
42 21 42
65 18 9
87 38 8
23 55 15
8 63 38
93 73 92
87 70 5
14 48 2
7 1 62
82 31 10
46 68 24
39 82 77
64 92 35
84 27 28
54 50 39
87 54 75
40 5 13
39 52 12
67 47 59
20 81 43
75 25 50
16 79 24
33 14 67
88 39 24
1 49 33
84 98 88
90 78 39
6 76 30
100 8 83
6 57 33
75 34 51
46 66 92
36 14 83
70 84 24
83 31 8
18 43 31
64 23 28
89 82 19
68 24 92
27 82 74
76 41 45
66 69 94
1 86 17
43 36 73
27 3 61
86 4 14
5 14 87
98 58 86
32 5 72
19 65 49
45 44 97
22 34 42
36 34 51
98 83 73
2 24 16
63 10 36
60 63 36
44 52 2
60 69 58
39 5 3
85 73 16
70 4 30
9 5 95
45 39 92
33 98 59
22 35 44
36 76 46
23 45 100
52 57 68
83 14 48
80 86 8
100 5 97
37 40 63
31 14 81
5 6 37
25 53 89
45 88 37
30 3 77
10 28 13
20 32 57
51 2 3
84 52 27
81 94 65
57 20 38
37 90 73
43 84 50
17 65 82
38 42 70
50 42 74
47 7 40
100 47 77
61 45 80
15 41 15
81 88 32
79 12 47
68 81 46
13 92 52
100 62 22
100 81 26
93 36 77
48 21 36
91 26 79
4 71 80
4 63 99
21 85 45
1 59 50
100 44 68
16 86 44
33 15 35
35 56 34
22 61 8
91 84 79
70 15 30
79 89 96
20 45 18
65 35 8
61 72 62
64 7 14
82 99 49
37 74 89
96 50 62
44 18 42
23 52 2
22 57 10
48 32 2
13 32 25
63 33 61
70 93 48
33 19 10
73 78 77
86 40 46
54 65 24
20 38 23
65 16 73
19 71 87
34 61 54
81 95 93
54 69 15
47 99 4
24 35 53
44 85 58
17 45 44
78 50 96
2 53 80
55 68 9
33 84 63
22 58 18
80 79 80
39 46 21
2 9 28
85 20 19
47 90 41
61 76 65
11 58 66
90 47 56
81 54 80
28 25 52
26 12 58
90 74 88
68 37 76
28 46 84
25 52 29
90 30 62
31 50 92
27 76 20
43 53 97
18 4 22
9 100 43
59 94 62
69 30 4
49 33 55
1 73 80
31 83 2
83 2 80
59 85 97
23 60 13
17 53 3
53 72 31
88 81 54
47 36 78
98 51 12
87 65 32
17 88 52
73 96 70
36 100 21
77 91 38
11 30 95
18 37 39
1 78 29
40 53 7
100 77 14
50 22 12
60 69 39
51 79 15
53 73 91
66 41 63
18 62 64
4 91 32
69 95 66
76 13 57
62 46 46
92 44 26
52 66 33
29 48 71
23 55 19
45 13 75
56 17 9
83 87 32
46 54 80
6 14 8
8 35 69
30 91 48
69 59 61
69 40 75
78 60 91
46 36 17
82 1 88
15 16 8
36 23 42
73 72 80
81 74 14
99 95 10
66 99 42
27 52 97
89 33 76
1 66 30
74 100 86
87 38 73
76 17 74
95 9 62
17 11 56
2 56 2
84 67 94
49 83 10
39 44 18
72 28 29
64 100 6
10 88 59
69 39 28
55 87 74
51 50 17
42 2 81
35 16 82
75 97 73
12 42 74
19 15 54
35 96 97
62 89 96
79 87 54
19 87 56
47 33 23
80 30 31
36 43 48
4 52 70
73 95 44
11 52 83
26 93 14
1 36 32
54 74 87
60 95 23
13 87 44
92 65 60
22 20 30
53 44 51
84 23 54
12 29 15
23 29 65
100 71 56
50 5 45
83 4 77
88 37 22
96 66 71
88 47 7
100 79 38
11 78 67
94 22 50
61 52 61
63 2 92
49 93 99
32 96 11
42 62 31
37 50 100
62 73 50
20 66 25
31 81 59
53 6 70
27 61 89
99 58 13
77 31 30
28 88 81
37 42 97
29 87 56
82 34 9
98 15 88
15 21 31
84 100 9
17 96 76
82 83 69
23 100 13
84 21 36
32 63 66
74 31 61
93 90 81
69 49 55
41 48 51
75 2 43
58 62 76
83 90 59
19 30 9
14 97 87
28 43 62
80 77 81
94 74 99
35 75 25
41 24 74
57 9 29
29 91 61
60 75 3
53 48 38
41 33 22
47 16 48
50 67 81
38 42 42
97 52 1
79 14 79
86 10 30
76 35 97
31 21 82
76 20 3
20 30 44
75 39 93
15 54 46
71 76 95
31 14 66
58 55 27
78 22 36
30 89 92
91 95 86
77 10 98
44 50 74
92 84 50
11 9 82
7 23 43
72 46 77
52 82 87
97 35 51
64 81 15
100 2 55
23 42 96
96 22 21
7 22 58
83 70 57
35 44 32
94 72 39
12 46 9
22 72 1
20 35 79
13 75 65
85 97 3
48 16 76
25 52 51
38 49 94
28 72 57
27 76 41
43 60 14
86 21 16
33 62 92
46 91 19
99 57 39
96 63 51
53 49 40
64 85 54
44 39 3
49 53 33
76 30 6
2 30 33
91 81 74
96 73 27
38 43 91
26 55 35
100 33 19
6 48 40
48 58 8
36 13 61
7 54 56
68 49 90
23 36 68
12 94 93
22 30 87
29 84 59
54 43 84
68 67 6
9 83 16
47 86 67
1 79 94
94 87 55
34 88 59
5 70 51
99 52 16
23 52 5
91 82 30
2 83 28
16 86 6
100 57 44
19 15 71
98 28 80
2 46 92
85 88 20
72 64 75
49 14 92
100 51 88
53 57 79
17 1 18
82 83 65
62 40 80
90 88 73
6 96 26
85 91 80
63 37 71
72 93 66
55 87 27
67 96 72
74 44 23
4 50 36
42 72 72
16 46 1
55 17 19
75 69 100
58 12 36
47 95 33
38 30 23
42 71 53
27 63 76
59 12 57
38 93 62
64 90 62
92 50 98
46 15 63
99 70 53
74 59 89
22 18 88
53 87 51
16 42 100
5 81 15
84 36 49
61 66 7
15 12 32
24 34 98
94 65 66
45 37 82
80 94 30
83 1 94
63 70 14
54 98 100
66 58 73
33 10 4
39 49 3
92 70 81
35 83 22
74 33 5
74 85 91
81 2 72
31 27 20
22 52 77
23 33 59
40 87 57
20 98 46
52 38 51
27 51 15
32 45 34
42 88 29
22 20 88
5 34 38
15 35 45
38 19 27
82 10 99
95 66 93
18 5 26
77 49 55
27 100 97
19 45 57
85 44 68
91 23 27
23 99 67
75 27 59
83 88 43
37 37 38
56 2 67
86 21 84
58 83 60
58 64 79
20 27 32
5 20 87
7 84 31
56 49 7
24 100 9
42 96 88
89 53 85
88 31 89
92 54 27
66 61 6
45 51 6
89 39 28
19 71 49
98 12 23
82 53 52
83 64 95
73 66 33
3 50 67
1 17 11
13 58 86
43 75 84
62 43 80
35 2 76
56 87 28
90 35 9
17 34 72
39 84 72
66 89 36
95 42 20
83 1 42
41 35 85
94 34 3
54 5 62
96 51 47
32 97 50
71 33 43
34 18 40
31 65 11
80 91 7
100 59 70
49 55 27
31 25 29
73 41 18
71 19 2
53 3 1
31 86 23
8 55 62
16 100 78
86 89 62
99 85 11
50 35 66
29 78 73
17 54 50
37 64 64
51 18 26
75 20 30
53 74 83
70 70 90
3 76 97
72 81 84
98 70 62
91 63 92
71 21 56
99 47 84
58 71 41
59 61 99
36 81 19
78 67 84
10 48 62
34 22 33
34 38 48
26 40 65
73 59 16
47 20 81
58 76 81
6 40 38
35 75 78
32 23 71
88 39 4
47 33 29
23 76 64
89 87 89
48 28 17
85 82 52
86 11 5
7 90 83
77 42 99
37 26 69
12 80 52
17 71 76
16 48 98
85 42 47
65 73 7
55 11 50
82 77 40
16 50 79
57 18 97
11 85 15
72 34 19
90 66 74
72 22 30
24 66 2
40 50 28
30 10 11
40 82 59
18 29 95
1 38 89
56 10 85
30 18 63
53 56 96
34 68 64
47 49 31
1 80 17
41 5 38
69 73 52
19 59 10
73 34 94
4 76 92
81 93 54
96 86 55
97 65 80
91 44 99
74 57 8
90 67 98
49 9 41
92 45 2
36 82 92
82 6 93
50 90 83
79 70 80
77 84 63
21 46 96
59 5 86
47 86 33
7 29 24
35 69 93
54 54 88
2 4 91
42 84 97
22 90 30
57 33 3
44 77 99
49 76 86
93 73 58
97 54 63
29 26 12
19 74 26
91 3 3
17 8 60
37 51 7
92 67 48
25 36 35
2 73 32
12 4 51
54 87 22
15 56 43
11 12 88
53 93 69
33 8 4
35 25 100
65 26 16
4 34 15
12 14 1
5 5 36
82 2 10
13 68 87
24 33 56
5 13 73
40 37 74
20 26 52
41 71 75
40 29 35
67 91 3
61 82 65
36 35 100
58 16 3
45 12 81
25 53 42
50 94 49
95 63 45
58 78 37
49 72 44
6 29 54
77 77 41
20 81 61
44 62 7
4 4 90
3 53 17
32 11 83
26 24 32
18 96 100
91 42 60
23 9 61
41 71 53
67 99 90
14 40 58
70 21 26
67 33 12
58 44 61
53 16 97
8 47 44
94 37 74
3 15 76
6 58 27
84 26 18
38 79 17
80 74 9
86 29 43
93 96 70
81 24 4
3 40 88
56 66 53
50 23 93
11 97 42
6 96 64
62 78 72
24 54 35
64 65 55
94 75 98
64 97 44
56 44 7
81 88 45
43 100 24
75 16 45
95 89 72
3 11 91
4 27 14
49 39 19
44 23 19
92 70 90
99 79 53
100 28 22
4 35 77
14 98 59
91 57 27
57 72 32
44 61 95
95 78 76
10 26 16
64 96 91
87 37 26
63 78 29
83 69 27
56 29 43
28 41 36
35 16 7
70 33 14
58 39 57
14 26 91
60 22 7
75 58 18
33 57 52
12 26 14
76 88 65
25 95 52
1 52 8
89 62 44
100 3 86
41 93 43
93 99 82
16 68 58
50 51 97
18 28 68
72 77 20
90 77 74
84 82 98
98 1 41
21 13 22
28 22 37
99 52 95
62 40 62
23 11 84
50 39 61
13 94 14
60 44 62
1 45 26
85 27 3
92 19 70
17 66 29
96 48 55
91 99 47
98 37 83
88 67 86
35 66 88
100 91 78
64 20 27
63 73 89
94 88 14
94 27 25
56 7 5
81 9 53
2 68 94
22 49 36
88 92 58
14 86 50
94 89 50
19 66 12
19 17 29
92 23 18
99 28 79
34 76 53
86 81 18
49 63 22
48 24 61
30 76 88
67 94 10
76 84 12
76 27 41
19 47 11
7 69 72
39 63 76
83 85 96
54 43 6
80 69 2
23 87 42
2 78 85
76 14 4
73 93 48
12 60 47
94 22 24
11 14 74
98 37 62
51 38 97
61 49 59
97 95 90
61 69 9
41 14 46
19 16 97
11 1 68
72 25 4
70 23 71
5 63 50
30 67 11
7 68 30
14 64 47
42 24 63
91 17 72
7 79 79
36 15 50
21 76 32
10 21 82
73 80 11
9 27 63
62 52 68
93 2 82
62 62 23
30 44 82
54 57 38
87 93 85
37 50 53
83 34 34
92 98 51
15 23 63
38 92 8
75 30 95
73 27 86
89 88 32
36 77 79
7 76 80
5 34 35
64 36 40
86 48 48
95 24 58
46 21 14
97 21 79
95 77 73
84 36 34
4 29 99
27 97 14
80 25 85
40 4 29
94 14 8
11 95 12
3 27 5
43 93 39
44 73 3
93 82 47
16 19 52
86 26 50
98 34 75
45 11 20
77 90 64
90 30 9
48 8 32
33 83 27
87 98 78
35 33 45
90 22 81
65 91 15
86 79 29
4 21 46
28 21 98
26 86 78
79 23 72
62 69 17
18 73 35
99 67 39
14 34 14
72 43 73
55 90 77
72 94 78
9 100 98
65 45 94
77 41 60
19 96 37
1 41 68
9 15 45
43 18 73
45 12 52
58 75 25
35 58 98
65 63 2
97 4 58
8 48 86
67 18 90
68 89 63
41 81 69
95 2 14
48 80 40
9 58 23
28 15 56
63 65 16
27 81 59
10 47 60
81 8 78
19 13 11
33 5 64
24 61 60
85 70 5
89 94 55
12 74 65
2 57 75
10 62 48
24 39 99
30 74 80
89 46 69
95 90 51
61 83 23
57 22 14
30 59 80
86 58 12
75 41 55
91 12 44
27 38 45
87 39 95
50 4 73
97 8 83
43 59 51
95 58 9
99 36 60
82 95 96
80 13 98
82 93 3
90 79 28
12 70 23
51 45 41
3 7 83
56 12 15
31 38 44
19 65 29
93 28 42
75 50 73
77 67 44
87 88 93
40 36 7
49 72 59
79 68 54
72 63 98
58 70 17
13 49 14
45 7 76
74 67 54
26 45 41
62 90 88
89 40 27
52 41 17
67 49 95
75 10 5
6 97 88
81 49 6
57 39 52
18 28 81
31 12 78
8 1 40
82 76 66
56 88 72
54 72 31
64 10 71
12 53 47
19 88 18
25 79 32
44 15 72
28 61 21
7 13 6
64 27 51
85 67 67
98 22 65
4 10 91
94 38 14
25 100 98
94 70 30
28 51 62
87 30 98
94 40 20
30 67 61
8 67 70
62 50 30
22 3 25
58 39 91
81 26 56
64 78 59
79 72 100
61 25 75
1 19 26
70 5 36
99 80 65
87 99 43
68 6 17
63 77 55
38 62 7
14 65 33
69 33 76
49 73 38
60 37 58
82 65 57
63 86 81
57 86 98
65 88 62
11 54 74
72 35 95
6 36 99
19 75 39
97 60 49
48 93 2
32 94 69
19 38 67
51 12 4
14 87 55
59 29 92
94 100 76
27 60 13
70 63 93
69 61 78
73 31 68
30 21 5
39 83 66
67 68 38
49 7 91
71 93 30
77 45 36
44 95 66
22 16 22
81 18 37
36 39 7
30 69 40
59 47 61
95 17 34
47 49 55
1 71 71
44 91 51
98 31 66
29 66 53
67 47 80
59 41 56
63 52 70
40 61 57
7 80 96
50 17 71
25 66 82
48 42 63
36 75 64
50 4 85
56 50 35
16 58 58
89 18 34
74 62 28
44 5 68
32 42 11
75 6 78
74 61 91
87 17 83
4 3 28
18 48 95
4 75 25
38 61 10
99 95 74
74 98 67
13 49 33
18 92 27
77 10 84
25 29 52
17 87 5
24 12 78
57 3 76
31 74 36
11 88 68
61 48 66
91 10 63
25 73 30
41 54 47
100 54 42
16 53 30
99 39 53
68 57 76
98 98 74
78 52 24
58 18 50
11 37 80
42 39 44
68 9 46
26 16 29
46 92 87
43 40 68
19 37 33
81 60 88
74 14 38
60 17 11
82 4 74
19 26 17
12 49 99
12 1 16
9 16 29
64 36 77
41 48 95
72 18 46
92 6 42
11 23 4
87 63 96
51 60 17
88 89 48
96 48 73
93 93 78
24 19 89
80 79 17
39 59 91
63 97 82
94 39 58
6 52 16
76 28 18
63 9 12
72 43 90
60 36 26
64 33 78
92 83 73
30 64 60
55 90 23
74 87 19
11 25 28
11 72 77
54 42 28
12 16 32
70 19 8
14 85 43
73 78 66
75 38 40
15 31 25
87 68 9
70 13 79
100 48 72
81 73 17
62 22 46
13 24 44
49 20 86
34 34 78
96 64 66
85 28 6
3 88 60
3 25 18
37 9 89
38 55 81
94 55 21
94 37 77
82 46 69
25 25 78
7 9 67
13 65 9
29 2 30
43 32 39
34 45 2
48 71 35
30 31 62
71 43 87
57 27 2
93 49 84
55 65 73
7 36 73
79 14 37
29 58 39
80 1 78
19 3 31
91 83 54
81 47 44
85 61 46
97 95 54
60 78 89
100 41 70
85 53 94
45 83 53
48 7 96
44 75 64
63 48 86
48 90 54
84 35 39
99 75 64
86 12 71
61 18 77
60 68 93
51 44 50
54 32 49
27 97 14
88 16 70
8 80 4
20 20 77
15 49 71
58 42 70
29 66 83
10 54 100
31 34 45
88 96 29
5 5 68
57 21 32
58 3 16
40 16 56
1 46 9
88 93 37
15 42 39
93 85 8
42 8 21
23 74 69
16 28 51
6 72 4
85 73 12
94 61 76
75 57 98
94 16 100
30 10 79
2 27 76
57 44 4
68 69 95
29 99 70
87 45 64
22 3 100
55 68 25
75 48 37
88 51 79
4 21 7
3 94 83
7 80 95
95 35 42
20 94 93
60 19 30
51 66 69
4 10 11
43 96 55
80 61 42
65 51 39
89 4 13
63 6 40
8 86 2
57 51 47
50 39 11
7 9 82
38 85 53
75 86 25
29 31 34
15 98 15
100 77 26
72 56 19
74 38 12
38 99 78
3 75 69
27 55 69
43 20 74
48 24 38
20 2 3
49 27 89
40 13 82
69 32 71
41 82 28
70 32 54
69 29 89
32 70 46
69 12 51
32 84 7
7 30 80
10 89 90
86 34 54
37 22 37
97 50 66
88 47 1
49 82 14
25 89 56
8 39 7
29 10 22
13 66 83
25 93 38
10 64 50
68 78 48
25 10 81
39 3 74
38 70 43
4 6 68
68 25 74
91 47 1
38 15 49
4 67 95
5 11 49
71 80 95
10 6 55
85 84 45
79 48 98
4 39 84
64 54 75
84 54 87
40 51 31
95 66 31
7 91 26
87 96 59
1 74 84
55 21 84
25 58 39
44 19 6
82 26 80
12 37 26
87 28 20
15 78 74
7 54 68
65 51 93
59 50 34
69 82 18
18 51 34
30 72 67
97 18 6
28 21 73
16 44 38
49 75 35
18 100 19
79 19 13
1 67 33
98 76 55
83 93 13
95 17 79
84 69 9
23 60 81
60 91 75
46 55 11
25 13 20
25 72 79
11 61 84
26 91 97
89 17 9
16 17 100
63 1 80
62 38 68
41 27 91
79 79 18
64 41 73
52 12 86
62 51 20
25 33 30
65 25 98
52 7 22
53 22 18
88 84 20
43 81 65
67 47 36
87 18 4
51 48 9
23 46 83
93 41 8
58 58 66
56 82 21
3 84 31
44 28 51
80 61 72
25 19 85
85 7 27
17 64 58
67 83 1
63 68 78
42 11 54
91 12 47
18 12 33
56 12 81
25 78 35
17 32 38
85 48 82
100 9 56
24 98 61
30 92 2
77 11 18
61 27 56
27 65 14
55 33 59
2 26 87
36 90 97
55 92 51
29 53 1
8 52 27
35 56 70
73 49 93
90 54 89
98 49 56
94 60 43
81 77 91
92 11 77
60 39 71
75 46 95
90 50 39
59 17 75
31 62 56
10 12 91
97 76 53
9 83 39
79 8 17
100 56 32
35 88 17
95 41 88
30 91 47
5 38 78
84 89 32
32 70 92
25 76 78
68 5 56
62 71 99
54 65 20
48 60 94
12 3 75
100 72 62
65 96 87
63 6 49
5 33 12
96 65 87
85 75 39
45 84 81
97 50 48
2 21 28
40 72 70
89 24 98
11 83 23
41 87 31
68 9 96
86 30 38
20 7 56
83 79 20
48 45 82
31 54 44
69 58 44
84 46 89
57 56 22
13 14 30
99 42 77
52 71 49
92 17 29
7 92 86
79 22 72
28 65 38
43 62 46
63 74 76
52 64 100
60 56 27
94 80 94
86 37 63
27 63 41
98 38 97
47 28 87
98 69 80
85 67 96
96 3 1
73 72 61
2 3 95
75 92 80
71 83 89
92 92 88
4 98 63
85 86 54
48 100 44
9 72 40
59 30 84
1 35 37
28 58 97
74 69 45
36 31 68
78 65 68
86 87 78
61 45 77
70 16 11
71 78 60
68 95 11
68 5 98
82 98 16
62 40 24
5 41 26
14 63 55
22 38 78
100 60 84
31 2 48
75 31 10
9 76 46
86 56 39
26 11 87
48 59 52
30 32 99
92 50 57
49 46 84
89 26 27
94 92 17
74 8 42
63 78 8
45 57 70
83 39 45
24 50 65
39 55 46
2 20 9
91 81 3
74 59 87
5 58 24
43 41 85
80 83 9
64 8 31
3 43 57
33 61 48
15 16 89
56 71 40
70 96 91
91 98 7
1 30 59
82 62 63
97 27 68
76 75 35
19 79 36
59 12 63
95 45 13
30 33 88
73 61 17
74 4 52
100 47 91
67 57 72
86 47 44
73 90 83
6 94 6
77 1 39
10 59 90
11 10 11
13 16 30
51 51 76
4 59 14
77 52 61
94 80 92
20 71 49
3 4 13
70 97 3
76 42 73
35 8 28
31 56 40
81 31 48
17 30 90
55 30 4
60 8 95
13 92 37
15 31 17
39 86 34
12 10 30
71 21 95
48 22 50
90 57 90
76 38 9
89 41 62
46 94 20
4 60 6
67 30 98
48 2 36
34 64 10
48 43 17
27 41 43
49 36 16
100 71 3
96 72 59
75 91 91
41 27 58
40 7 31
57 81 71
85 11 24
30 22 31
37 47 59
72 42 42
84 41 51
86 96 41
84 26 90
34 75 44
37 74 100
75 92 27
52 75 29
99 45 9
40 62 40
17 93 47
95 15 59
13 90 92
78 10 45
84 72 57
11 4 51
81 20 41
6 5 65
83 64 69
79 42 67
68 89 90
87 13 65
97 29 71
8 29 60
57 53 54
2 60 8
96 86 68
27 78 34
27 4 19
3 51 65
81 25 61
71 62 62
27 24 44
31 79 51
100 87 54
80 13 7
42 15 88
40 40 16
61 35 39
27 75 50
18 79 55
2 15 76
22 71 49
47 33 45
85 31 9
46 93 8
95 11 45
54 32 38
15 10 9
48 49 5
85 82 29
40 63 25
8 6 48
60 70 56
77 42 80
57 91 78
12 84 69
63 73 61
41 98 58
47 35 64
11 23 69
66 9 19
39 48 46
55 36 16
19 42 16
29 4 88
68 4 81
35 65 4
99 49 60
71 77 4
24 9 92
90 31 32
37 29 42
91 99 5
23 28 62
29 9 81
3 29 90
35 80 69
42 2 4
24 26 4
54 72 21
85 47 52
59 98 23
69 92 97
54 16 15
32 64 70
94 88 57
66 6 1
70 100 74
23 100 34
33 99 33
48 69 33
48 16 70
31 78 70
24 14 97
71 43 90
6 18 71
32 15 40
31 9 91
85 72 72
13 59 95
42 98 78
64 18 32
51 92 5
40 90 89
53 8 74
14 78 3
48 12 7
77 47 7
79 64 98
97 62 36
40 38 94
64 92 11
16 44 34
14 91 30
16 21 85
79 19 42
49 17 4
67 34 97
8 98 5
98 38 67
91 21 37
89 35 16
2 10 18
92 81 41
61 86 24
92 71 50
88 10 52
44 46 8
47 19 32
23 16 24
79 88 77
34 71 56
29 90 18
58 67 89
100 96 22
64 73 9
45 42 40
56 23 52
20 9 56
51 21 47
15 47 98
47 54 90
89 75 54
23 64 24
42 94 93
5 34 48
39 9 18
22 22 13
28 18 31
12 87 92
56 47 71
85 78 56
84 28 46
15 84 11
79 79 39
79 8 58
83 1 71
75 42 68
17 87 32
12 60 83
80 6 92
59 81 49
77 12 12
67 2 98
12 52 60
44 71 25
6 92 12
8 94 65
32 2 36
27 41 100
12 9 15
79 29 65
65 33 78
77 53 10
65 18 91
69 45 29
38 44 51
84 51 35
62 31 75
76 95 47
8 68 68
58 37 17
2 13 9
58 98 41
89 74 37
4 6 75
56 29 43
93 88 32
72 40 85
20 62 65
46 58 95
3 81 25
89 41 72
100 84 54
1 87 77
49 53 65
83 98 52
88 53 23
63 58 37
43 45 71
40 31 37
32 73 57
81 16 41
90 20 85
39 81 19
80 62 24
93 65 73
28 34 57
80 39 59
56 81 72
19 48 8
29 61 47
93 74 97
3 26 94
58 92 96
96 76 22
34 67 45
23 26 22
55 42 26
11 25 80
74 11 31
51 35 66
40 79 9
4 6 71
12 32 53
24 63 22
31 36 72
32 95 67
61 81 70
73 84 16
58 99 22
46 25 52
77 13 17
54 48 55
21 28 70
35 48 69
29 13 99
66 3 94
66 77 64
29 49 55
56 21 3
3 59 60
39 60 40
22 55 31
97 72 33
74 24 9
37 4 76
36 69 77
27 92 24
37 22 79
24 86 41
80 39 3
64 60 3
88 66 75
13 31 95
37 95 74
77 38 85
21 95 18
73 95 70
4 55 53
67 8 10
5 3 76
26 62 77
52 90 65
2 16 43
79 34 25
82 87 23
87 61 88
52 5 63
58 12 58
9 8 39
98 47 76
45 34 6
96 79 37
34 48 17
40 83 84
54 52 92
96 32 26
57 76 36
81 1 21
69 47 52
3 33 55
17 27 64
57 94 13
99 56 2
43 2 19
4 43 46
45 74 69
13 70 72
84 89 23
73 35 2
95 58 19
47 62 100
49 94 96
63 76 62
65 55 36
22 20 93
7 18 35
50 33 11
29 96 46
41 28 68
66 29 82
84 59 13
21 100 25
50 36 37
46 53 75
73 94 18
95 28 1
59 51 53
49 87 17
58 70 81
54 69 95
31 4 78
8 52 76
79 77 74
22 63 12
52 39 94
6 28 37
23 39 85
58 29 15
84 97 50
87 14 12
65 37 82
73 27 53
22 66 94
7 20 29
75 70 53
84 83 52
6 87 92
35 74 13
2 100 76
65 6 24
74 51 95
84 1 68
78 95 72
23 43 8
41 63 94
37 40 12
48 95 45
78 6 69
39 8 74
27 15 78
9 66 75
22 89 78
62 28 20
95 63 80
46 69 71
17 24 44
12 87 12
92 15 75
37 77 70
54 80 64
73 67 7
36 96 55
86 82 59
28 32 92
80 48 90
33 34 23
83 48 89
67 85 85
65 76 88
48 16 62
26 19 69
2 51 71
92 33 89
76 32 100
35 88 31
98 86 98
40 83 71
85 97 72
10 34 11
24 55 87
86 93 42
74 30 90
5 77 15
92 43 68
37 78 46
95 55 8
28 35 13
46 55 2
64 82 3
84 42 53
81 99 78
19 27 86
40 37 78
19 80 75
26 88 36
94 96 67
17 10 24
31 95 3
57 52 58
76 66 51
57 98 78
83 70 11
72 84 6
55 48 32
16 95 69
35 44 80
48 41 25
51 90 28
4 30 5
57 41 31
63 18 84
5 10 2
70 8 33
85 67 6
7 4 12
69 25 35
91 26 73
47 31 6
60 85 38
47 11 41
67 8 81
86 31 42
84 98 50
48 100 61
72 21 8
1 19 68
56 15 80
84 46 42
17 58 19
41 13 42
69 27 95
79 86 20
47 44 49
25 29 33
91 4 10
11 36 83
41 23 47
53 15 38
97 2 33
66 73 79
54 71 37
3 30 93
75 7 87
19 20 63
43 88 15
81 61 56
16 48 88
63 63 89
95 8 78
37 13 3
35 76 41
37 85 50
2 6 64
99 22 27
91 47 41
35 70 25
82 21 42
89 36 3
28 65 98
7 79 69
4 25 51
48 51 46
86 25 97
96 28 19
82 12 84
47 100 4
41 79 96
4 19 45
51 91 32
86 42 8
2 64 3
71 80 82
96 44 69
48 46 19
20 73 79
55 33 97
52 66 43
86 90 71
20 29 34
79 35 50
40 85 21
79 72 99
73 72 2
79 28 88
29 10 24
50 23 11
38 57 40
75 59 30
1 3 96
66 43 17
33 5 2
19 46 37
94 25 12
26 37 82
27 23 66
19 53 33
18 7 86
100 12 30
17 33 64
100 93 20
22 19 82
76 76 37
55 29 93
48 36 78
14 1 37
19 24 67
16 67 47
2 83 14
47 83 12
11 67 59
89 58 21
4 39 47
14 53 69
32 28 5
26 76 100
60 15 29
15 72 73
69 2 60
18 31 88
88 79 19
31 37 25
17 73 27
73 19 64
37 18 55
21 55 57
24 86 53
62 55 95
94 73 15
56 12 97
28 45 78
13 57 28
61 86 79
88 13 65
30 35 87
13 99 2
3 92 57
56 26 9
42 1 91
53 27 97
26 94 34
20 39 3
27 38 40
70 71 9
67 53 85
77 29 81
30 43 41
91 59 2
77 57 56
23 68 13
59 65 32
32 35 32
23 33 23
56 84 27
63 87 27
45 57 23
94 27 51
60 36 63
7 8 78
44 6 17
42 42 23
42 100 43
24 50 70
18 67 17
97 99 95
83 92 10
76 28 96
76 65 17
76 13 77
32 24 31
91 61 51
62 70 99
60 25 29
42 59 82
36 76 15
51 9 62
93 96 31
47 97 20
11 90 34
32 66 53
82 9 44
90 97 49
94 58 12
88 48 96
53 80 98
70 80 45
30 99 60
39 83 52
82 37 31
83 79 85
23 24 10
25 20 74
15 58 82
93 16 24
37 28 34
99 11 37
22 20 16
73 67 80
64 67 98
23 73 10
72 51 14
93 4 8
22 70 73
38 98 93
98 19 66
42 64 94
7 73 40
96 35 57
56 42 15
1 99 86
57 5 52
40 35 34
65 80 96
29 67 18
35 35 72
15 31 99
55 57 45
86 19 56
54 4 98
40 57 17
4 49 50
64 1 34
69 6 99
19 66 51
15 21 17
49 56 14
97 21 44
76 17 70
27 87 94
30 69 61
59 38 60
92 1 18
99 3 98
7 88 7
99 50 25
83 64 67
73 65 61
67 68 12
31 11 95
90 30 11
77 14 18
46 7 37
18 18 71
53 19 73
22 14 55
100 8 89
23 67 35
55 97 20
13 57 52
68 22 7
12 57 65
25 3 96
10 36 18
59 93 41
51 96 34
19 91 41
60 58 30
73 52 99
68 97 5
9 51 11
14 34 75
26 72 13
48 16 64
29 36 85
59 7 25
33 43 22
77 2 32
92 46 77
42 23 55
55 99 94
93 66 34
29 84 12
61 83 98
75 79 51
65 29 75
34 1 48
94 47 15
74 6 99
25 75 76
53 19 79
52 19 58
83 35 20
75 100 12
65 86 59
52 82 60
13 46 89
92 12 69
100 41 49
75 49 86
44 9 11
96 53 18
10 80 2
96 15 85
29 36 98
34 77 21
50 30 67
7 18 65
85 4 62
53 41 21
48 83 40
2 5 78
74 28 48
73 8 44
38 50 33
64 71 59
32 93 30
32 66 36
62 72 54
31 59 89
38 93 43
25 55 25
81 7 85
30 26 1
39 37 76
39 14 89
35 95 82
9 72 77
69 77 65
24 5 18
52 66 16
96 33 50
56 48 47
97 28 20
62 40 15
52 76 83
100 4 52
56 13 40
23 85 71
79 14 15
64 98 3
34 64 8
24 82 44
92 63 67
29 94 79
70 59 33
55 3 70
20 9 91
11 85 1
47 93 32
52 71 10
79 86 64
69 15 4
98 92 4
18 35 52
73 24 44
13 22 25
65 73 14
85 41 95
60 4 11
11 27 28
91 78 66
80 18 62
69 86 77
41 58 71
61 15 76
19 76 26
94 52 82
79 23 27
28 92 6
14 19 88
8 70 33
81 9 24
58 65 32
62 61 82
6 59 100
22 50 40
81 8 14
71 66 58
93 65 49
85 27 44
82 69 77
36 52 58
23 54 86
19 22 23
31 64 58
77 65 100
56 29 67
82 65 97
41 100 3
12 14 25
78 55 74
85 49 67
10 23 1
44 3 71
90 45 100
24 49 77
49 58 87
18 71 74
25 63 20
69 31 98
32 57 61
89 18 84
7 18 10
63 86 46
76 59 84
92 83 35
13 73 63
41 99 62
64 45 63
17 3 44
46 20 99
97 76 17
24 28 47
61 12 70
55 16 54
76 100 81
56 64 42
88 53 82
53 29 51
56 60 5
56 6 83
60 50 93
94 95 83
80 74 16
67 58 72
46 27 2
37 64 3
1 55 64
39 93 76
58 22 68
9 45 50
1 69 51
96 87 11
43 99 62
84 46 92
87 14 61
88 36 82
34 30 14
2 89 82
15 5 35
98 49 94
69 79 8
52 95 40
35 77 64
70 68 95
15 9 60
58 84 2
38 63 23
57 52 99
69 25 3
13 6 2
14 70 42
17 10 1
62 10 4
84 4 19
79 17 39
49 43 35
79 92 62
35 82 88
56 72 23
32 33 3
75 68 49
32 92 82
79 24 26
67 25 25
55 67 31
77 7 50
85 11 25
72 84 61
52 47 67
62 82 58
12 86 93
98 14 99
67 48 73
19 53 70
59 30 99
82 34 87
61 6 30
90 22 36
16 95 47
43 10 35
69 38 8
65 3 22
69 70 41
75 87 38
93 4 56
54 55 31
89 94 97
37 94 37
66 26 5
80 53 20
49 68 17
53 70 22
27 25 30
21 35 32
7 45 66
40 11 58
45 97 53
60 21 55
96 42 17
76 39 56
94 51 81
98 20 17
72 89 34
34 4 35
52 11 43
86 19 78
56 54 23
41 94 76
37 84 40
35 43 2
69 36 35
74 49 9
79 15 21
50 25 67
37 36 72
70 34 54
15 2 72
12 86 47
26 61 32
28 59 72
32 100 21
66 55 41
79 47 90
35 55 55
97 95 46
65 61 36
61 40 32
51 26 11
26 52 65
47 20 94
83 24 100
18 71 86
65 34 74
59 46 87
52 88 96
58 23 19
64 59 51
79 10 38
16 80 12
25 27 37
52 20 87
62 24 72
99 35 18
8 50 75
49 89 41
37 48 38
69 65 11
67 98 6
82 80 63
60 82 12
72 9 30
8 34 33
80 56 72
72 93 31
1 24 28
66 81 48
12 30 65
75 88 55
28 93 22
53 34 34
51 98 9
52 10 50
81 63 72
75 85 38
72 76 38
11 48 46
23 21 94
5 83 81
55 13 4
25 57 53
69 24 62
65 44 21
60 3 73
8 96 19
26 71 15
4 72 100
53 15 90
47 88 23
47 75 46
16 84 98
92 73 87
12 26 24
55 25 91
19 79 13
73 48 72
84 23 40
99 44 69
57 20 92
3 33 28
18 89 74
87 59 11
96 85 15
76 10 27
99 90 18
18 49 86
63 62 32
49 72 73
44 51 45
21 90 38
27 18 69
10 5 57
19 1 70
22 93 22
83 68 41
42 58 22
16 42 82
87 83 21
71 16 6
92 25 24
69 31 67
57 27 73
4 99 64
9 88 38
51 90 49
94 88 79
32 24 100
91 84 12
27 69 42
15 81 52
61 16 49
100 10 84
95 29 95
51 86 96
13 41 96
43 28 75
7 50 32
13 36 88
50 64 95
84 6 70
73 16 89
3 68 59
54 74 62
66 28 51
73 18 85
96 87 42
47 78 99
49 63 12
77 33 75
18 89 82
87 91 52
89 71 32
72 23 93
62 84 91
49 12 11
11 24 79
27 34 16
22 23 23
50 33 19
61 29 97
49 1 27
43 7 59
83 82 96
94 48 49
17 56 2
16 70 22
36 55 27
42 3 97
55 6 51
12 73 37
1 71 35
74 67 48
23 72 61
5 31 91
9 63 28
40 33 43
96 87 71
52 38 59
99 50 19
61 4 31
14 63 40
11 68 43
34 20 45
7 58 38
75 11 11
67 77 86
54 54 59
55 8 98
45 24 83
30 55 78
48 40 54
70 37 25
32 43 17
6 89 61
89 81 39
77 17 28
23 30 2
90 5 16
87 98 98
93 68 50
50 79 84
54 23 64
73 46 74
5 97 35
37 62 98
100 83 9
37 26 15
88 99 77
4 71 84
19 43 24
39 58 16
100 84 46
37 41 73
20 81 33
56 5 99
56 39 4
80 30 93
51 1 17
40 23 33
27 5 66
94 54 37
38 19 49
68 9 12
77 14 93
95 60 60
64 48 6
28 29 78
5 49 78
18 80 29
68 54 17
49 78 92
56 59 23
40 92 87
22 29 34
96 51 92
19 16 16
57 36 22
43 81 84
33 46 18
12 56 40
39 94 13
100 100 44
12 73 42
47 45 23
13 96 72
83 90 72
12 21 96
10 83 34
58 56 23
36 26 7
21 40 76
66 52 61
35 42 73
97 68 75
13 7 29
2 40 34
77 21 70
69 76 80
34 97 9
62 29 1
24 58 5
50 61 47
43 14 67
42 76 45
79 14 74
93 35 48
51 1 58
94 69 65
69 82 80
74 79 91
25 76 25
24 56 1
32 85 37
93 1 39
59 46 42
83 34 18
75 55 11
26 74 72
74 34 99
92 82 72
100 3 47
87 69 77
59 72 52
50 11 44
65 25 64
57 5 90
70 80 51
39 86 63
12 44 85
21 72 95
69 85 32
61 64 79
70 31 17
99 89 28
52 57 8
50 54 38
31 55 15
6 90 31
22 30 6
66 9 87
74 58 80
61 55 27
81 22 46
52 91 19
65 49 84
95 16 55
67 35 88
19 49 35
98 75 84
54 75 73
93 27 77
90 70 94
30 38 1
50 43 88
51 2 42
86 63 78
80 62 95
49 77 51
76 61 44
24 86 51
66 5 44
64 16 6
42 53 90
22 17 20
38 12 76
97 90 22
21 78 21
56 77 27
4 53 29
94 48 7
76 49 59
73 77 14
76 15 73
48 76 81
68 81 41
83 68 26
82 98 39
73 71 15
22 16 61
15 26 57
17 38 42
39 73 40
77 33 98
10 37 78
47 34 28
48 29 18
76 41 96
30 13 90
9 100 27
33 50 26
90 97 97
72 69 83
66 68 8
6 86 70
39 84 7
77 11 2
33 81 7
94 71 95
49 43 27
53 49 29
74 48 50
84 97 78
95 35 77
70 45 62
15 15 80
26 40 35
28 38 100
17 9 72
5 60 81
54 54 28
79 94 53
23 86 88
76 83 7
12 85 50
27 99 88
85 64 53
87 54 91
3 93 9
57 70 58
70 6 84
74 96 3
2 64 3
98 21 46
51 72 39
20 76 44
28 93 98
15 60 45
41 18 32
67 76 8
33 28 4
30 23 71
95 67 27
83 84 6
56 5 78
6 4 76
95 27 44
26 99 46
49 86 90
66 83 73
66 32 68
71 52 47
83 98 62
96 7 47
57 86 27
45 48 96
16 23 33
40 67 18
68 70 74
30 59 84
53 5 16
94 84 9
46 4 59
35 70 20
63 79 19
29 93 93
86 49 50
68 64 69
16 66 11
12 70 13
96 39 79
43 44 93
61 26 32
63 67 2
61 93 14
86 22 24
48 61 97
27 72 97
55 12 55
36 84 3
42 28 13
75 63 40
27 35 49
19 33 65
54 25 29
59 14 64
14 10 74
33 5 35
84 39 70
41 55 36
86 56 50
22 63 7
80 35 27
5 98 47
21 47 24
22 32 18
76 50 90
93 1 15
36 31 85
73 5 5
90 62 96
3 17 86
4 46 74
49 88 88
65 88 18
29 100 46
51 3 43
77 73 52
44 84 70
46 10 18
6 21 79
6 57 35
69 73 32
75 30 13
5 40 27
71 95 40
37 96 12
15 80 45
33 77 60
52 6 28
92 31 64
29 29 38
13 47 31
3 100 50
96 31 8
63 16 54
13 73 82
90 31 39
94 26 31
73 42 59
91 49 51
97 26 53
12 87 81
85 69 92
19 59 12
12 16 69
45 98 61
88 31 68
80 78 73
20 62 55
38 5 5
37 22 84
30 8 65
54 7 51
49 23 24
49 44 27
4 12 11
41 36 27
50 100 98
19 33 67
70 19 45
40 40 35
25 98 55
9 45 65
99 41 24
7 37 88
94 47 53
19 28 41
39 99 45
42 25 79
98 90 65
50 30 34
66 32 90
21 82 19
88 80 10
90 85 13
3 75 21
23 92 70
38 34 37
71 80 61
73 94 50
91 12 88
93 79 99
29 55 60
19 62 3
40 90 14
63 17 1
49 7 94
23 76 63
94 26 29
49 66 79
43 12 8
29 5 70
15 75 96
88 54 100
29 98 71
25 56 40
26 24 77
46 79 3
45 90 91
22 80 89
12 48 13
42 63 22
13 68 17
72 83 58
43 75 21
47 54 37
39 32 63
71 42 37
47 53 76
57 4 5
18 25 45
78 96 78
39 26 36
75 63 16
43 7 9
6 93 68
41 52 14
95 67 36
66 32 100
36 4 2
66 81 22
30 90 22
81 28 98
40 88 37
11 96 54
73 17 97
25 51 83
50 32 16
25 11 73
12 100 59
58 61 91
56 38 48
56 65 32
91 94 6
7 10 86
90 87 61
14 35 14
42 59 37
88 46 34
36 39 59
15 41 86
94 96 67
97 58 57
65 98 37
28 26 4
55 6 48
93 56 100
27 14 17
33 15 73
6 53 100
30 53 78
68 23 90
49 19 75
41 93 81
42 64 18
93 46 62
42 28 65
47 95 19
52 83 41
97 10 10
98 52 61
60 26 10
13 1 73
57 59 93
22 86 11
72 80 79
82 30 95
2 74 15
59 56 47
75 6 74
75 42 27
93 70 59
15 3 30
64 30 7
1 12 22
75 49 9
59 85 26
97 75 31
82 70 52
46 83 66
36 75 40
3 86 75
8 60 98
52 57 4
68 69 78
31 80 74
98 94 65
54 59 38
33 35 100
55 22 71
45 29 29
10 34 56
30 82 17
83 23 33
41 17 44
57 31 23
55 64 90
56 60 99
95 40 67
11 25 26
90 39 63
32 8 30
10 22 20
79 36 79
8 14 18
60 35 71
40 73 65
11 30 5
38 12 8
45 8 63
91 89 74
16 96 5
44 15 63
88 86 90
13 24 66
38 100 52
27 63 45
54 62 51
14 64 59
45 71 86
73 22 36
65 32 83
14 54 44
23 57 27
27 63 86
39 85 7
13 97 62
91 99 96
99 6 10
23 44 4
9 58 61
58 85 15
50 44 45
40 12 21
66 60 85
99 100 44
83 88 52
81 11 94
92 44 86
72 3 81
89 37 88
52 24 60
42 30 20
50 62 40
28 42 88
27 81 49
97 53 86
48 62 9
5 90 50
28 10 85
82 39 93
51 26 34
43 16 55
9 94 44
94 86 67
63 54 72
3 13 47
15 29 26
51 80 68
86 6 23
99 24 2
1 22 65
33 59 87
50 1 32
48 67 95
79 52 98
16 84 13
6 13 45
82 61 12
30 87 5
23 47 67
49 88 79
11 32 90
57 48 83
44 57 38
40 3 62
35 56 56
47 14 35
98 63 99
17 97 59
26 71 17
35 78 61
100 89 38
40 12 70
26 35 9
12 21 50
71 56 80
33 15 37
23 9 8
100 67 69
87 93 68
1 40 30
18 49 77
92 43 42
37 12 97
100 70 84
13 14 12
5 15 44
79 68 51
27 2 1
73 42 20
20 54 62
96 94 94
54 71 80
16 45 66
60 86 14
72 58 39
19 37 100
92 76 97
19 66 33
9 37 37
60 82 89
31 83 84
74 85 28
48 86 73
8 89 81
8 6 55
3 40 30
71 24 31
35 97 41
95 56 77
67 90 92
93 38 67
93 98 3
42 28 97
65 59 61
55 41 47
72 1 22
41 89 98
88 26 59
13 72 39
38 22 40
58 12 26
69 17 10
24 80 60
36 92 74
92 57 78
40 71 22
61 45 5
71 17 78
65 79 35
59 7 86
58 23 30
39 97 2
4 43 59
41 86 45
90 53 2
89 99 61
81 43 12
61 57 24
27 32 91
62 26 26
23 21 33
19 94 8
17 95 93
6 73 28
39 66 4
36 50 10
73 57 31
9 51 77
98 73 17
41 71 37
80 61 85
2 84 26
97 32 11
58 53 28
90 37 82
80 41 88
98 82 93
2 50 44
5 34 56
88 25 30
92 58 57
78 49 97
52 40 66
20 4 50
86 2 5
72 12 2
94 90 43
54 40 18
60 91 76
38 78 37
60 48 15
82 96 74
90 3 72
61 71 25
4 17 87
46 100 54
40 13 83
68 35 9
23 61 99
92 98 37
2 67 11
6 2 47
16 38 33
37 20 29
53 70 15
90 20 21
11 52 26
85 99 55
35 80 37
83 92 92
83 63 16
32 80 46
69 23 12
59 100 8
41 98 60
73 65 68
27 87 78
66 13 67
64 72 33
17 58 4
60 53 10
35 90 95
48 77 21
90 30 53
20 26 17
8 10 16
8 40 49
7 16 59
22 5 21
19 22 58
99 69 74
76 81 2
36 62 87
34 65 46
12 11 55
87 17 87
86 51 40
98 80 5
39 79 81
72 79 42
4 96 27
68 95 30
40 32 24
10 66 36
77 21 14
13 83 30
69 99 66
62 26 5
68 82 88
24 5 99
98 73 22
87 22 93
73 99 50
36 56 20
81 43 48
94 54 14
47 44 17
88 50 98
74 100 24
49 71 52
79 55 68
26 5 5
69 85 76
26 59 55
92 91 40
23 44 57
37 26 77
60 18 71
26 50 8
75 19 83
30 56 56
7 4 20
65 15 19
23 100 33
45 41 86
78 96 91
6 7 12
64 45 1
83 53 47
79 45 60
41 70 6
5 26 4
41 87 95
38 87 11
40 31 83
95 63 42
32 84 45
91 92 12
46 62 36
8 79 5
36 15 30
85 27 35
77 14 54
92 22 20
21 48 3
31 45 66
31 7 18
61 69 37
36 66 40
65 56 34
48 61 82
76 47 9
51 81 6
8 37 68
45 85 59
6 49 66
71 92 68
85 38 46
25 48 78
100 27 40
11 7 45
75 19 16
79 89 80
86 96 83
35 5 48
53 72 8
33 84 82
46 2 35
68 76 25
25 85 91
13 30 1
38 77 95
61 66 1
66 41 33
58 79 52
42 97 24
96 53 47
93 65 77
15 52 72
78 38 27
66 72 63
38 90 68
80 43 80
45 47 63
37 7 35
32 89 21
17 20 77
79 17 56
72 11 44
26 19 16
52 84 91
33 41 50
54 55 16
69 63 4
85 25 43
84 4 31
71 19 12
67 37 2
87 66 1
5 53 6
16 43 15
64 93 86
5 96 10
86 11 93
44 11 80
55 41 36
36 65 99
19 61 18
30 82 98
44 20 24
63 12 9
1 31 84
76 73 65
33 9 98
16 84 87
77 87 73
46 32 40
60 12 66
10 57 50
75 46 71
65 31 17
80 47 84
84 69 97
54 4 11
9 78 72
27 78 2
48 19 94
51 54 82
21 89 13
84 23 64
69 54 92
6 32 53
73 65 56
8 57 26
41 20 68
82 40 78
20 46 20
95 65 40
9 55 53
37 24 86
19 24 84
37 17 40
30 48 79
91 72 66
81 73 57
76 37 62
92 97 63
4 5 60
99 92 64
80 73 12
83 37 75
52 95 17
38 76 58
89 51 47
82 67 99
74 26 58
2 78 86
88 13 87
56 64 62
73 54 91
54 61 94
15 56 46
64 49 93
84 28 2
43 84 74
60 3 6
80 13 77
32 65 87
24 39 18
76 6 78
94 90 18
24 20 21
74 43 84
96 46 24
64 20 88
65 55 60
85 86 14
38 69 42
47 10 2
22 45 28
61 24 23
5 42 74
100 24 55
77 44 1
74 77 88
63 70 7
58 92 2
6 65 42
74 67 34
42 97 99
12 62 70
62 1 52
90 98 2
87 64 42
17 75 82
34 66 36
19 72 99
19 77 94
42 68 65
41 21 44
25 19 86
85 3 14
61 9 67
4 51 44
17 10 74
11 17 1
8 35 41
85 93 63
60 53 65
48 8 64
96 44 21
52 46 21
36 55 66
39 20 87
94 27 44
34 84 32
59 64 11
66 66 24
71 35 63
48 23 7
51 59 15
49 7 49
74 22 27
44 95 76
74 34 29
41 55 55
95 24 3
60 77 27
3 40 26
77 74 74
89 79 53
33 19 83
3 39 79
95 12 52
18 9 48
81 71 39
74 16 85
69 88 99
74 46 12
34 51 44
29 59 12
48 52 5
68 78 2
24 90 82
62 84 52
56 70 51
48 46 92
6 55 53
81 84 12
72 25 12
49 18 4
44 94 26
14 49 10
12 90 63
100 99 60
76 63 66
69 44 83
4 93 17
61 97 86
95 78 83
49 94 38
99 54 61
62 21 59
34 13 35
93 15 43
100 73 44
55 36 14
37 84 19
62 74 67
21 95 80
41 77 32
18 6 30
73 71 48
48 80 49
96 75 15
75 42 71
85 65 70
84 70 37
30 61 82
86 45 77
25 69 22
3 88 76
15 70 45
24 16 20
36 33 2
30 24 77
76 69 25
67 37 77
81 9 90
81 54 56
31 15 72
50 19 71
47 38 55
38 58 71
37 26 85
93 32 65
86 48 12
3 39 46
50 45 11
25 86 77
6 51 21
58 70 29
59 16 73
19 38 36
86 35 49
11 96 85
49 10 76
48 76 47
46 41 40
89 35 6
80 8 39
20 15 4
46 58 66
36 96 52
34 100 12
38 50 11
16 97 24
79 81 12
96 93 12
8 30 85
16 33 83
42 48 23
86 69 96
27 13 64
20 79 70
50 88 88
37 67 89
44 64 65
37 59 26
35 27 46
49 54 72
32 8 90
61 93 51
34 7 31
39 48 50
74 66 14
42 78 66
41 17 84
46 50 33
48 52 13
95 25 50
54 63 51
9 10 49
97 63 95
42 42 28
10 1 83
66 1 74
56 14 44
96 4 9
35 4 98
12 5 98
15 90 34
41 65 60
93 15 19
33 62 34
5 19 3
8 96 85
49 45 3
69 48 57
48 90 25
97 34 43
85 77 35
77 93 12
83 96 74
61 67 70
69 12 69
36 22 91
29 95 72
59 17 43
53 56 7
32 44 11
68 50 84
41 60 14
61 88 65
17 39 79
2 5 6
46 57 81
56 1 80
30 66 90
91 66 46
34 86 69
64 64 30
73 25 73
62 13 82
27 47 58
59 55 37
67 48 25
17 90 50
7 2 31
73 61 24
15 67 74
4 32 88
38 44 17
43 65 81
65 56 2
91 80 95
28 87 77
60 55 63
87 89 36
72 49 1
97 11 15
100 35 90
99 37 29
51 49 56
43 71 3
2 43 74
20 12 74
30 12 21
61 93 97
55 43 45
71 72 34
31 54 4
45 88 16
90 68 76
61 49 76
100 44 31
54 99 67
52 57 26
10 20 90
18 73 54
32 15 54
68 54 71
16 54 78
97 17 31
71 4 82
76 100 56
86 48 90
62 1 19
58 74 84
58 57 17
19 82 76
37 92 8
7 26 78
70 100 77
21 51 11
81 38 90
27 18 14
85 88 100
67 19 87
86 39 25
95 44 37
54 22 55
99 56 35
89 26 52
52 58 97
21 10 18
49 55 83
92 84 72
62 23 42
97 68 26
6 44 88
47 11 26
40 87 87
100 39 73
46 93 36
58 16 4
52 2 21
72 69 97
27 40 12
60 54 86
4 17 30
93 7 35
16 90 16
65 33 21
56 13 79
72 58 47
37 15 36
19 24 73
57 60 22
94 71 13
63 57 65
47 99 90
3 35 1
52 90 38
68 28 91
83 84 13
7 93 86
14 7 4
84 8 75
100 13 45
47 6 2
61 88 95
14 95 26
59 8 100
23 46 37
87 39 75
52 93 90
98 64 49
60 28 18
92 26 19
42 91 83
97 90 63
11 42 5
41 53 18
49 67 40
21 81 60
66 37 46
77 18 42
9 21 69
7 83 65
93 66 43
28 5 99
33 74 97
58 86 63
20 2 30
66 41 79
73 10 41
77 48 56
62 57 38
26 19 88
100 53 31
13 79 79
2 33 21
50 84 61
60 47 100
95 38 16
20 36 17
52 64 44
50 76 79
42 63 24
64 22 11
47 73 53
69 86 25
58 88 81
42 78 16
27 37 18
41 85 99
28 64 3
92 31 34
100 61 69
63 87 39
12 18 39
89 19 61
21 5 3
85 30 49
13 38 21
58 94 15
46 68 12
38 22 43
59 90 4
89 85 11
46 29 81
39 20 1
34 100 25
93 75 82
97 66 7
70 92 29
95 9 29
83 29 62
34 22 81
61 74 87
34 50 26
8 84 64
22 67 31
97 56 22
17 95 40
64 2 27
10 80 24
5 35 92
95 50 80
44 81 41
63 85 58
99 62 3
16 23 93
30 2 41
49 68 55
19 67 87
40 3 4
87 93 66
47 52 27
5 47 13
78 92 14
15 37 5
1 50 62
37 9 77
67 82 20
1 67 79
13 41 34
70 41 98
46 13 26
22 33 73
43 29 93
100 87 26
13 93 78
5 16 20
46 19 34
81 92 71
39 51 83
16 21 32
60 40 25
48 45 40
65 56 11
67 57 14
94 69 61
47 1 52
49 74 96
43 57 70
21 51 56
80 49 93
38 39 11
23 84 7
14 8 61
61 44 19
9 51 26
24 61 90
9 56 57
9 93 70
41 85 60
95 14 28
22 34 92
57 67 72
25 98 66
43 100 100
6 69 56
56 69 86
21 42 28
43 3 68
45 33 23
70 57 70
16 66 79
39 82 23
3 7 98
64 32 90
90 83 74
44 79 16
42 90 13
3 55 34
54 47 45
59 78 10
74 25 43
22 27 4
24 17 53
68 70 76
55 33 34
49 1 63
82 71 82
55 24 72
44 32 88
7 31 95
22 55 46
51 91 4
74 84 31
81 73 58
30 54 30
54 7 36
45 97 94
10 42 99
13 27 47
43 92 93
75 27 29
24 27 27
75 34 32
16 53 67
27 90 65
80 47 21
97 54 4
39 46 61
14 100 4
60 73 47
13 92 44
19 46 8
45 89 36
69 68 37
22 72 13
95 64 60
83 20 8
19 81 47
90 87 97
97 54 85
7 34 52
86 29 76
13 1 52
21 27 18
20 84 76
76 43 84
38 50 75
45 14 32
34 96 66
56 35 73
19 5 30
18 100 53
89 100 9
63 63 63
51 89 74
34 74 2
44 33 2
72 61 16
46 70 85
84 14 32
22 95 95
20 70 63
32 59 96
60 71 90
24 77 97
43 8 60
51 85 44
86 10 92
98 45 89
29 16 26
91 38 79
66 28 85
96 78 1
31 43 51
79 56 28
96 41 37
20 74 24
34 13 19
3 1 34
37 18 16
60 90 94
8 50 20
4 53 94
4 58 3
90 45 65
9 53 69
14 31 66
51 9 65
9 85 51
20 77 52
16 9 50
58 75 96
75 12 82
91 59 32
14 52 29
74 96 80
87 89 4
3 15 1
39 2 8
55 30 85
38 57 69
53 49 82
16 25 68
77 50 39
50 61 71
37 28 62
20 95 27
69 82 85
43 8 55
54 94 17
51 41 91
85 10 51
9 89 2
86 90 46
97 78 17
53 94 49
68 70 92
20 87 50
29 54 6
14 81 88
51 13 78
23 53 90
63 48 30
23 49 61
54 55 67
69 43 86
89 70 86
21 64 63
2 36 8
39 36 85
48 41 16
13 48 67
28 66 45
58 49 94
32 37 10
100 55 92
79 23 59
41 99 58
24 46 71
7 89 43
53 24 86
87 7 36
93 23 52
42 90 39
100 56 83
56 78 41
50 82 93
77 87 65
99 81 20
15 62 72
39 52 89
50 49 29
83 38 94
18 72 36
53 86 5
100 83 28
78 34 3
5 1 97
5 46 100
94 20 25
46 31 88
73 16 37
27 88 82
42 9 62
43 24 5
81 45 60
59 71 77
65 28 40
2 57 36
80 70 48
77 43 46
29 25 74
29 87 2
73 22 9
78 79 14
79 39 17
72 84 29
15 5 27
3 11 7
11 85 46
78 24 92
2 44 64
60 48 75
64 93 73
14 71 83
11 3 32
36 53 66
47 36 18
49 6 40
78 67 100
96 56 90
42 79 35
18 96 70
96 7 93
66 37 73
79 41 97
91 69 91
100 99 54
60 82 48
53 60 93
68 54 98
96 17 18
62 19 61
59 85 86
35 10 67
22 19 45
85 64 60
34 15 100
89 37 54
16 23 91
96 80 94
77 83 85
31 58 57
74 87 6
99 93 24
39 51 55
64 22 66
86 22 14
97 89 39
62 20 76
11 79 52
17 29 84
93 47 93
93 61 11
93 32 23
64 2 42
75 2 87
15 32 37
92 67 44
11 51 43
12 53 16
89 92 99
36 25 16
1 18 4
75 73 44
19 4 52
17 60 15
40 72 25
34 81 22
2 76 42
90 5 54
98 1 4
26 61 50
80 57 72
31 7 76
29 14 18
50 70 33
92 78 74
51 93 58
49 38 26
31 74 19
87 47 20
98 68 16
2 5 47
9 17 78
27 70 39
96 52 89
81 75 46
18 71 75
81 41 49
81 78 40
14 90 64
71 20 69
45 28 71
92 73 33
71 54 20
33 40 56
100 7 62
6 26 42
7 23 14
18 93 49
16 1 62
14 22 55
15 7 55
52 100 54
73 44 64
2 11 44
54 88 96
76 2 83
93 64 11
29 38 1
46 52 85
43 57 71
60 47 57
21 49 91
25 24 83
87 40 38
25 50 98
41 82 76
1 92 48
49 26 28
45 39 15
82 82 97
11 52 30
5 5 92
65 64 41
23 79 68
68 37 38
98 42 29
22 64 35
88 91 64
45 48 30
68 26 43
59 6 97
45 47 70
73 79 15
13 6 15
7 74 31
30 82 83
64 5 3
95 42 70
80 81 76
24 39 24
42 35 65
88 32 54
48 39 100
8 28 51
8 79 60
83 65 39
100 96 2
10 40 48
29 24 10
57 8 79
12 38 15
65 10 55
62 59 54
42 10 80
10 58 99
62 13 87
90 56 13
17 3 4
15 19 66
49 29 70
54 90 98
44 99 53
2 22 74
38 27 63
97 50 59
72 71 29
10 72 89
61 72 70
10 13 91
85 53 37
86 83 15
90 32 64
26 7 8
91 18 57
59 76 29
7 74 40
66 9 82
33 42 73
72 68 94
37 43 38
40 92 79
99 36 34
96 72 85
70 3 12
68 77 23
17 34 6
80 76 36
11 98 90
5 74 58
59 99 52
49 80 12
31 76 69
61 31 89
73 55 27
6 92 51
77 36 24
18 47 63
31 37 63
89 73 91
13 2 35
92 40 74
39 34 40
55 50 58
66 96 35
16 48 55
63 40 61
8 81 6
100 18 32
51 60 30
96 13 69
12 15 21
88 28 4
44 46 70
23 43 98
35 13 6
17 79 17
37 51 22
21 54 55
86 92 45
79 11 79
42 99 19
28 94 25
10 62 54
63 6 64
7 77 44
88 35 49
38 22 12
93 37 99
66 38 1
75 72 60
56 6 1
3 40 10
24 100 49
2 64 74
95 51 68
42 1 31
41 57 35
17 32 18
46 44 28
71 86 10
16 93 28
93 71 88
100 50 82
61 26 44
50 46 2
57 1 47
88 12 55
70 6 93
31 71 76
59 60 78
6 47 16
35 74 37
49 6 37
95 60 18
60 18 84
19 55 92
19 80 2
78 50 68
54 88 46
94 66 8
18 50 73
35 96 59
39 64 87
89 69 64
45 14 85
96 18 26
77 34 43
21 4 69
49 22 49
9 49 60
50 83 67
56 4 62
44 24 30
69 74 36
68 18 12
92 15 35
47 16 3
36 59 43
22 38 29
32 19 96
10 54 96
33 61 54
69 58 24
75 7 39
42 75 30
20 80 61
38 89 60
48 31 64
61 82 35
7 29 55
30 33 51
11 49 16
99 18 59
62 1 94
95 24 46
26 66 24
25 68 76
21 33 78
31 97 39
99 35 28
75 92 71
39 96 30
48 100 95
48 31 95
81 18 25
32 76 83
5 77 98
7 73 79
96 84 11
59 46 37
38 68 95
22 68 5
45 28 19
78 88 9
51 40 37
39 19 96
32 51 85
92 74 6
17 21 13
2 50 61
24 87 4
95 28 8
14 33 90
20 29 13
53 59 7
11 20 31
69 62 10
98 82 47
88 32 21
40 22 66
23 44 42
16 65 34
68 66 18
39 97 51
33 56 50
9 43 52
3 42 42
27 90 86
3 51 16
51 21 72
44 74 64
64 49 37
31 91 91
45 32 73
73 9 52
12 3 63
82 71 6
99 83 57
66 30 57
72 22 24
22 41 16
16 50 36
23 60 31
28 97 45
36 84 78
57 20 93
60 52 23
42 59 52
87 58 15
57 51 48
34 30 34
65 42 29
24 11 4
83 52 18
35 41 88
72 46 79
77 25 34
59 57 69
35 60 53
57 14 65
100 35 11
55 53 54
45 38 27
86 25 45
54 40 57
91 85 1
45 94 33
66 24 100
96 3 77
8 17 67
29 98 57
41 48 60
7 39 85
74 21 92
77 19 78
93 70 71
30 41 81
66 51 73
28 94 46
56 7 51
98 19 71
53 9 3
22 2 53
67 41 30
51 93 96
8 88 90
83 64 87
80 70 47
59 28 71
15 72 72
65 39 93
9 72 100
88 77 98
26 29 4
78 35 14
84 74 15
38 97 75
89 64 79
7 63 98
23 86 28
1 80 85
18 28 13
71 21 22
11 98 71
21 36 74
52 24 46
11 6 4
66 76 19
95 96 85
92 26 55
98 40 34
42 25 85
16 78 83
45 16 51
87 81 47
30 21 84
66 29 58
1 49 8
10 38 59
62 31 47
10 38 71
77 99 60
20 64 62
8 36 24
36 21 59
14 12 6
81 71 94
3 33 1
70 69 89
71 90 35
11 60 86
13 81 56
3 21 7
64 80 100
31 15 71
55 8 69
70 75 75
28 75 20
6 9 7
69 81 98
34 70 16
66 14 36
24 72 6
20 81 6
71 44 81
20 36 88
74 10 96
33 20 22
29 69 60
17 28 18
6 27 31
77 36 28
11 96 28
30 71 62
100 87 72
98 4 16
48 71 82
88 44 82
45 85 71
56 49 56
85 40 33
98 76 95
50 54 99
17 32 7
42 62 42
50 97 47
12 53 83
35 3 1
16 88 12
92 96 50
6 37 12
99 59 58
23 12 64
68 84 22
64 21 10
47 53 13
85 50 70
25 62 66
70 18 64
13 9 39
2 43 62
61 86 16
36 61 6
50 87 66
2 77 57
53 94 74
32 49 64
43 96 53
16 97 60
1 34 63
11 32 61
12 69 11
13 46 86
18 82 29
25 42 56
80 47 99
99 31 68
48 28 6
29 51 19
68 3 95
73 30 76
7 51 9
62 5 75
79 1 67
40 86 2
90 41 17
18 31 95
99 56 20
94 92 52
56 97 66
45 84 2
15 6 68
8 47 63
36 66 52
82 15 68
19 39 22
36 90 77
4 100 74
100 1 16
43 56 18
99 97 24
53 44 36
13 55 56
58 78 88
77 67 51
95 37 6
55 37 25
50 91 54
61 94 23
8 53 48
58 74 16
90 64 20
59 68 28
5 12 4
86 26 53
59 32 72
24 50 57
25 55 72
81 4 47
73 69 58
15 51 70
39 8 59
2 93 58
81 86 53
31 16 60
18 75 29
94 23 23
65 12 12
18 38 64
54 83 27
53 93 22
23 95 91
20 6 16
91 64 13
41 89 59
66 34 100
79 10 48
71 23 95
2 78 63
80 27 68
64 56 55
73 76 91
78 69 92
76 14 40
59 24 48
25 17 38
9 2 70
83 91 11
63 33 24
22 69 45
4 86 85
60 9 79
36 72 85
42 81 75
49 77 21
45 77 51
33 73 54
96 42 84
59 89 72
83 26 35
94 69 51
99 71 49
68 4 49
23 68 31
99 15 87
55 66 99
14 15 16
7 46 42
19 97 24
5 60 83
88 94 66
70 31 81
2 7 32
100 61 88
19 94 50
71 98 27
26 22 51
62 10 80
81 55 92
84 64 70
30 24 79
75 91 72
9 70 70
19 84 77
99 99 87
7 30 57
13 58 3
22 79 51
51 17 30
49 92 17
4 67 17
85 38 74
10 19 76
43 98 62
68 33 88
7 47 7
59 56 6
6 14 100
95 36 35
84 76 38
47 5 85
95 4 18
20 68 13
94 68 15
93 95 66
89 67 62
69 53 42
67 58 46
4 72 2
96 1 97
95 74 51
34 59 95
63 91 88
26 88 44
95 44 14
36 20 34
76 71 69
74 55 19
43 96 37
74 53 25
16 82 36
85 97 76
10 53 15
60 84 73
53 14 55
21 51 6
64 10 6
23 90 34
91 48 60
49 30 74
74 25 67
28 68 14
51 23 51
7 47 1
74 52 36
5 83 38
34 15 61
42 51 3
22 45 80
53 94 75
70 8 43
14 35 22
4 98 47
76 69 5
40 85 28
25 84 53
100 44 62
47 68 52
3 84 66
37 47 24
4 23 1
8 19 36
94 1 81
14 42 38
64 77 33
74 64 69
28 22 62
99 32 58
65 76 15
11 24 33
23 33 68
30 75 17
74 87 82
27 83 59
29 33 91
30 80 40
82 64 42
49 93 93
37 84 8
44 3 51
55 81 13
64 74 100
37 10 69
35 53 39
55 23 27
2 48 51
74 8 18
36 57 3
41 78 95
96 81 72
41 2 39
39 52 4
90 49 31
62 2 36
41 65 99
33 36 49
8 73 19
24 44 20
46 21 14
74 95 54
91 85 37
43 36 74
44 76 51
38 8 66
63 95 9
11 11 77
32 61 55
76 35 31
60 35 77
46 71 14
99 16 25
11 9 20
97 63 20
14 82 30
45 3 28
84 16 13
48 47 21
17 48 23
34 93 14
27 86 64
26 73 71
70 98 91
99 93 43
38 73 72
39 68 42
57 37 23
58 56 21
3 22 100
41 55 99
19 22 70
58 14 43
52 98 17
99 79 14
29 76 90
10 91 24
67 39 14
18 92 59
90 53 35
44 65 24
92 22 19
80 92 4
61 1 86
25 83 69
92 100 73
40 23 91
13 72 80
93 82 77
4 93 59
26 3 47
28 14 7
45 48 44
63 36 8
2 55 31
39 41 8
1 25 51
17 62 31
13 24 53
27 65 8
84 36 28
17 16 70
26 8 56
63 84 48
16 32 74
26 61 15
32 48 31
79 58 51
88 53 17
59 3 94
49 69 68
56 61 28
13 16 28
86 47 55
19 26 3
70 11 59
26 1 42
7 19 34
91 74 58
76 69 16
43 28 50
45 14 57
88 17 88
35 13 75
85 26 77
31 62 97
61 10 18
51 91 4
87 32 64
22 81 61
90 28 88
19 34 17
12 13 62
77 18 13
25 60 19
85 84 6
69 8 20
85 52 65
81 47 53
16 67 93
86 46 25
48 73 9
1 66 93
70 10 9
95 14 16
6 60 72
100 14 90
28 9 76
78 35 10
61 51 92
51 76 84
57 64 18
96 28 6
54 13 40
93 56 16
15 100 27
14 1 87
95 85 75
20 91 8
33 41 68
27 25 71
65 25 5
24 92 42
38 84 22
5 62 61
88 53 52
3 40 88
5 45 65
29 58 69
82 77 69
87 74 38
44 22 44
59 4 14
34 49 100
74 68 49
80 75 80
75 74 52
79 20 49
79 81 51
36 45 46
25 63 19
95 14 7
32 82 76
56 5 59
84 66 56
12 61 15
4 18 27
72 17 22
33 75 28
57 80 91
9 24 31
1 26 7
35 52 23
80 88 89
40 15 64
94 43 12
75 74 43
5 14 57
64 4 30
10 82 64
78 18 54
82 3 18
75 92 67
8 32 31
20 19 47
25 82 17
71 43 21
41 91 63
35 67 55
42 63 61
64 3 98
50 1 78
91 17 16
3 57 85
58 41 61
74 18 32
70 1 73
1 13 43
3 4 5
60 69 18
99 91 30
62 7 43
18 86 4
99 33 6
36 71 42
95 97 83
7 25 21
63 82 18
68 36 66
62 14 47
88 63 98
98 37 79
51 35 31
47 70 5
71 44 11
6 85 62
12 2 12
95 52 73
51 59 86
51 27 80
40 30 39
9 9 59
71 8 60
40 83 16
55 25 69
53 86 97
41 73 59
95 1 20
57 65 40
60 94 78
64 4 13
59 45 58
66 29 58
57 18 91
52 22 33
33 30 6
60 19 75
84 97 12
95 65 17
47 79 17
40 73 16
77 34 98
42 90 64
66 18 52
61 44 10
91 85 81
50 85 100
55 78 98
57 45 66
13 28 77
33 20 58
84 84 7
24 82 26
54 16 19
43 83 96
69 58 26
44 4 57
87 19 97
39 67 66
62 71 45
52 99 16
94 79 14
92 50 50
91 57 36
63 95 75
74 43 21
34 6 8
22 96 86
37 62 78
59 43 36
52 87 85
12 28 56
52 30 74
66 6 13
30 70 41
72 41 96
13 13 96
35 71 81
98 20 44
97 9 22
62 50 29
96 73 88
6 54 52
11 14 8
39 30 80
100 49 47
15 37 43
98 86 79
83 46 88
48 67 37
38 59 27
41 20 62
67 67 41
6 13 1
54 9 88
22 57 26
50 81 96
9 52 76
17 67 92
47 3 7
35 54 95
81 20 95
84 40 50
32 74 78
55 52 38
90 82 17
94 47 74
83 22 62
81 74 98
39 3 50
48 26 2
21 30 43
22 15 80
33 75 92
87 77 40
89 55 37
18 64 34
77 79 69
39 47 18
62 40 38
80 32 36
85 54 5
77 45 56
87 96 24
92 24 89
84 22 10
8 85 54
94 80 68
74 49 39
92 21 60
54 83 24
77 65 93
78 31 68
10 27 47
90 77 21
81 68 41
68 39 33
57 29 5
30 98 89
1 83 78
92 41 63
82 89 92
48 1 27
40 47 76
20 47 99
37 7 22
27 59 96
5 24 83
35 33 100
15 55 7
91 57 91
85 34 26
23 40 31
60 58 57
75 2 47
45 74 32
17 99 34
85 31 82
30 74 97
49 9 54
26 34 49
90 97 39
54 99 23
79 29 80
20 26 12
41 2 34
68 45 75
98 45 38
31 48 22
79 81 43
84 10 15
15 15 97
18 36 51
57 84 83
52 26 66
56 56 17
38 58 13
83 36 13
30 65 31
21 30 70
74 81 14
10 18 22
29 18 82
88 92 82
76 94 51
7 15 38
57 7 5
53 8 64
6 88 51
28 16 19
87 5 45
83 39 30
98 16 99
13 86 96
60 24 25
15 3 43
85 76 52
66 54 54
30 71 13
3 45 81
30 35 6
25 82 70
32 82 51
8 8 43
37 74 67
52 55 74
62 77 11
80 11 12
99 21 89
72 11 72
66 50 91
2 62 97
61 58 60
6 85 59
49 42 9
6 42 95
21 63 81
85 76 87
92 1 22
15 34 51
42 43 81
3 30 48
95 85 27
56 27 54
81 46 16
65 55 92
1 94 31
54 98 7
86 29 86
66 85 51
90 2 27
7 24 34
36 5 32
86 1 10
36 66 50
32 90 23
3 67 33
22 37 34
5 34 54
75 56 95
25 81 13
74 16 31
28 75 1
18 75 53
89 86 7
22 14 81
8 44 70
50 100 94
12 24 14
39 80 51
15 31 76
16 3 62
29 35 49
58 32 87
74 77 53
93 96 25
22 67 35
17 13 7
69 31 43
57 10 45
16 18 100
90 70 43
53 40 43
51 46 69
3 31 83
33 20 93
64 4 10
63 77 92
99 64 98
56 7 61
85 76 40
39 51 66
75 26 93
66 27 2
99 56 56
91 66 47
12 16 27
60 85 13
22 49 28
42 66 25
99 90 12
31 25 80
42 13 98
64 49 50
29 64 7
18 40 47
28 66 34
56 29 95
27 11 23
86 81 94
51 50 99
30 36 2
7 96 99
40 85 74
35 52 74
46 96 90
25 24 67
1 84 57
21 12 92
32 94 38
76 81 99
3 99 62
14 59 66
43 30 5
25 84 32
72 82 25
88 47 52
70 46 57
31 90 100
14 60 80
44 97 34
18 93 33
9 85 45
39 14 65
26 81 72
30 93 6
23 45 50
2 52 40
72 43 50
17 85 22
12 50 69
77 73 83
54 98 62
56 89 91
23 53 18
34 52 6
81 25 47
72 57 3
22 90 87
73 5 95
16 55 53
18 89 83
25 17 82
7 44 20
34 9 41
11 64 96
61 12 58
35 68 69
50 19 33
90 77 29
77 37 38
24 74 59
70 25 95
12 67 70
74 5 100
19 74 44
28 40 55
41 52 38
35 2 12
37 71 56
12 20 2
32 89 2
84 46 20
56 38 5
38 86 13
43 41 81
32 61 4
9 2 2
14 60 57
52 38 72
60 44 47
52 44 83
92 65 48
22 99 8
24 80 25
43 34 69
18 88 44
84 59 3
92 29 66
42 51 12
31 52 9
48 4 6
11 93 17
63 18 69
39 11 59
71 47 80
99 50 19
85 37 73
18 80 95
50 17 17
33 88 38
60 23 17
100 64 12
7 95 91
33 34 72
30 19 84
4 69 83
60 57 14
67 10 66
82 69 31
63 92 100
86 6 77
14 9 28
92 57 57
77 2 56
15 49 84
65 44 32
64 90 59
36 70 14
20 4 65
10 14 22
2 73 94
88 46 13
77 19 18
87 82 70
44 100 18
39 91 39
92 7 18
22 79 39
95 35 1
22 79 58
81 69 67
32 3 3
76 1 46
97 90 96
55 40 97
55 64 80
77 100 11
31 12 23
32 6 28
23 84 54
58 54 56
20 82 8
99 91 34
80 62 57
60 39 59
10 32 24
24 64 45
34 68 26
50 2 90
94 57 81
63 27 41
8 34 67
57 5 49
29 41 19
1 49 11
85 47 89
30 87 45
16 41 90
93 44 37
6 35 36
71 2 98
88 100 13
88 28 70
11 75 49
67 37 63
35 76 74
85 7 15
34 1 79
77 66 9
58 42 78
28 8 25
11 24 5
45 14 19
13 22 63
1 36 48
38 20 61
70 36 84
8 51 30
23 51 39
60 82 73
91 54 18
88 53 75
48 48 92
22 6 28
47 8 97
61 65 3
58 51 82
22 2 54
18 63 35
51 37 44
50 45 60
72 7 48
11 48 95
99 10 95
63 24 46
21 31 20
31 30 84
85 11 12
35 65 22
86 61 3
57 100 93
67 54 74
81 75 88
76 88 25
70 18 96
21 4 45
8 13 90
26 57 14
32 13 61
47 46 96
4 85 100
14 61 57
35 92 46
46 85 49
24 61 31
64 34 60
27 42 11
86 59 73
6 32 29
72 26 86
71 25 81
72 66 15
68 13 75
74 14 83
63 80 34
48 93 60
32 38 42
98 77 7
91 5 68
95 91 70
90 19 85
60 35 58
61 88 64
58 29 25
5 92 68
42 58 90
7 83 9
56 59 10
21 55 58
70 7 3
32 61 51
16 97 60
54 88 51
92 68 59
59 94 23
60 84 90
18 18 27
54 23 35
31 56 51
19 1 89
32 60 86
61 1 78
13 77 62
26 65 85
23 47 44
87 31 88
32 58 99
13 1 42
57 85 79
9 24 93
16 21 96
77 95 17
65 93 4
86 70 80
55 96 28
1 38 92
54 79 30
15 69 43
80 53 17
6 68 15
85 84 67
98 64 27
74 41 80
90 46 80
49 43 74
1 100 18
43 33 2
16 47 39
3 62 94
13 29 95
29 1 18
27 73 29
31 6 74
19 40 24
87 51 31
41 54 72
41 6 99
97 6 98
20 99 56
49 70 38
14 7 99
92 1 78
96 46 1
73 40 34
97 52 68
57 43 86
63 77 76
66 94 6
63 21 36
33 1 98
92 74 5
49 37 55
30 92 4
40 80 42
51 43 79
95 72 75
31 56 77
52 99 45
97 36 65
59 48 10
67 76 29
98 59 60
77 58 82
77 72 80
32 80 95
26 60 61
89 43 70
98 96 18
79 16 32
24 75 44
63 98 91
38 22 6
39 84 57
25 19 38
83 22 24
43 60 93
91 65 58
51 73 39
8 9 20
37 95 37
48 82 16
73 86 59
69 100 92
27 47 32
27 100 59
13 2 4
10 64 46
8 54 49
14 33 25
25 72 44
22 53 18
40 5 16
33 64 14
33 20 83
93 72 53
56 37 99
60 31 19
84 41 4
7 25 72
82 7 97
63 40 32
96 95 84
13 86 43
99 38 35
35 98 63
41 20 12
12 83 45
54 11 36
93 80 85
33 29 30
66 11 62
44 51 39
17 7 7
76 84 58
89 19 6
96 88 83
82 20 71
12 20 35
98 50 19
54 17 51
11 43 98
36 75 91
42 32 58
38 31 94
85 69 30
12 88 64
25 14 99
60 83 91
94 77 48
23 98 47
35 77 78
89 83 24
68 49 33
27 6 74
15 9 78
59 99 78
45 47 48
37 51 47
4 80 79
71 76 74
82 10 71
63 63 37
27 35 52
32 95 30
56 8 16
12 93 69
14 9 74
34 74 21
20 98 91
53 5 77
38 25 48
40 58 32
38 42 2
12 5 89
43 33 20
18 94 34
59 96 38
3 62 39
98 8 59
88 16 14
41 31 60
96 10 51
39 29 68
2 85 1
24 34 41
56 14 75
15 65 32
98 97 59
65 93 5
96 74 92
55 60 53
39 82 85
59 32 68
6 39 24
53 77 60
61 17 34
35 50 63
12 6 64
1 62 18
79 15 58
80 44 10
61 81 54
9 7 12
94 11 53
94 53 9
65 49 95
93 94 16
63 93 36
48 65 76
79 42 58
86 48 81
83 67 26
89 31 93
86 7 84
98 93 92
56 2 74
21 28 89
8 62 97
67 100 58
8 34 63
68 81 51
49 97 45
36 83 99
37 43 21
46 62 4
4 70 19
48 91 61
19 90 67
67 32 46
96 52 90
22 43 7
4 79 24
18 76 99
76 69 6
32 31 40
68 68 51
39 21 46
80 5 55
88 30 75
100 24 45
96 81 64
12 64 23
30 16 48
7 91 91
15 31 55
65 53 99
12 21 13
32 82 86
94 33 14
17 96 72
61 9 36
24 52 34
80 9 47
12 33 76
56 55 100
72 24 57
76 91 88
69 73 7
77 81 85
73 47 23
68 76 62
15 26 37
59 57 30
12 54 35
57 55 52
11 19 67
77 35 57
62 88 4
67 23 68
56 55 37
7 42 71
38 46 89
40 49 12
84 89 33
99 46 33
75 27 93
11 79 4
90 18 10
80 18 92
85 41 56
9 56 80
76 37 85
83 87 58
1 53 91
17 87 49
87 92 64
16 21 75
54 16 92
42 90 50
73 68 23
2 27 56
61 61 67
19 1 4
77 17 69
67 51 90
6 82 27
70 90 92
22 58 56
63 20 48
93 76 31
34 41 86
40 82 61
8 45 37
70 40 86
46 7 49
87 40 51
37 33 22
31 98 53
78 84 82
29 20 90
30 100 28
91 43 34
53 100 18
42 91 81
60 44 8
4 41 12
75 77 68
56 95 80
33 14 97
52 63 96
24 72 22
52 95 68
37 8 4
64 78 10
96 7 46
10 13 10
68 56 84
68 21 63
98 79 72
12 57 98
89 7 76
45 12 41
90 61 75
62 69 40
6 79 98
68 4 53
48 45 98
73 47 31
61 90 24
77 72 12
41 56 79
49 9 31
88 1 96
83 46 14
15 53 60
28 100 82
14 45 82
71 68 54
65 98 77
99 52 41
1 16 97
72 1 81
61 49 61
47 95 85
36 39 18
63 75 31
71 26 34
54 40 91
72 80 74
79 80 54
71 62 44
4 64 31
34 48 98
10 16 29
25 67 38
63 53 26
5 20 21
20 51 75
24 98 55
21 73 71
80 84 38
32 63 32
54 80 55
45 9 41
7 64 48
74 77 69
88 73 49
21 83 6
62 31 69
70 23 27
56 45 30
51 72 80
96 49 53
64 35 96
16 57 40
40 46 8
56 18 59
83 21 88
27 8 92
22 74 36
26 8 31
64 26 24
22 33 1
46 75 84
20 94 22
7 75 8
86 49 16
46 89 89
42 87 25
63 75 60
39 84 24
94 85 84
86 77 15
15 57 63
98 69 61
26 54 80
41 87 53
26 79 59
16 16 90
85 52 21
72 81 74
75 88 52
39 25 7
85 38 94
18 14 14
1 100 92
8 52 63
58 76 79
50 55 44
66 14 19
96 69 44
43 18 66
12 74 83
51 95 20
93 45 76
57 65 62
57 32 81
4 88 52
57 48 75
72 2 25
83 68 88
93 33 22
10 11 25
87 39 48
36 4 5
73 8 76
27 22 54
53 19 10
17 55 97
68 95 31
93 85 73
51 48 76
73 81 84
91 9 21
71 87 72
81 15 100
74 3 2
6 80 86
9 14 40
61 54 82
97 34 78
72 75 26
3 42 98
22 78 13
22 97 16
49 7 72
68 51 21
70 87 62
21 82 12
75 99 57
94 10 76
81 66 71
56 98 87
3 52 40
24 99 83
65 97 88
74 13 29
31 27 91
11 16 57
89 17 36
87 52 40
18 77 1
85 33 81
97 42 21
39 70 98
63 80 69
95 85 5
9 11 99
94 46 89
9 46 45
17 74 6
59 35 49
21 9 100
90 31 75
88 55 56
32 61 13
58 18 5
97 46 17
47 16 61
85 28 93
12 68 17
87 18 97
6 45 68
20 7 4
61 92 72
46 53 55
89 72 37
6 14 79
87 35 19
61 54 98
41 41 31
52 100 77
95 4 17
75 96 96
33 74 99
13 6 11
51 25 50
96 16 71
21 41 57
97 93 33
14 55 45
59 50 44
100 87 18
65 52 83
42 16 94
17 81 52
32 16 68
20 19 86
48 55 54
89 73 7
79 90 2
52 7 61
35 70 21
1 33 64
13 45 92
39 89 55
1 44 75
94 68 60
2 27 45
36 68 57
88 93 31
63 74 28
97 31 13
99 53 44
82 22 69
100 99 37
67 33 53
69 2 81
14 54 48
75 42 89
47 84 18
11 20 34
18 53 1
59 64 2
41 3 87
45 83 10
33 34 5
6 28 17
67 93 6
46 91 82
21 79 93
92 71 42
48 19 58
99 56 35
16 50 100
80 87 30
10 62 64
83 79 8
47 98 25
23 98 4
67 41 62
97 100 9
87 25 96
76 41 94
47 84 45
96 98 74
92 80 80
69 12 29
23 52 32
20 28 67
34 1 2
15 50 2
86 36 78
6 52 48
17 33 57
14 71 38
67 78 17
92 7 2
88 90 78
80 5 74
11 97 85
5 67 64
2 36 93
44 82 100
32 42 1
24 56 47
53 72 23
18 86 85
72 88 87
62 73 26
21 78 90
6 73 71
95 93 7
60 83 24
50 74 9
98 41 36
93 40 68
70 51 56
24 71 87
63 14 64
47 39 41
3 17 56
15 14 99
84 11 26
88 55 2
19 13 91
53 82 92
87 2 56
11 9 21
11 8 87
2 11 29
65 34 3
69 76 60
62 56 44
31 81 18
32 99 36
3 53 58
4 73 86
72 3 34
98 29 65
97 65 11
96 65 22
96 81 96
99 58 82
26 76 53
12 71 94
28 84 5
97 31 89
41 97 58
50 40 76
89 94 43
93 68 77
43 21 22
20 91 23
24 38 51
60 12 41
85 79 51
93 15 51
31 85 64
12 61 3
31 63 70
94 63 31
84 71 32
81 50 94
98 49 49
78 25 84
79 83 14
100 72 34
95 28 32
7 30 6
45 81 36
36 75 44
27 30 38
76 91 12
95 2 82
17 55 1
43 74 48
77 32 14
97 67 79
93 31 97
62 26 81
86 22 24
100 42 56
76 39 5
25 23 42
67 32 28
94 48 57
87 84 53
22 42 3
38 21 29
55 68 36
60 93 32
100 48 61
73 13 95
6 31 47
89 33 9
94 39 30
5 57 14
98 24 82
89 37 32
28 51 39
87 21 8
2 1 59
68 48 18
71 67 79
74 55 43
3 58 4
62 88 67
26 13 75
21 14 27
82 49 70
82 10 8
53 35 71
61 99 71
42 13 72
70 69 61
83 69 31
97 66 99
99 45 71
20 79 8
77 45 18
88 47 61
90 34 20
23 100 26
23 46 9
100 90 85
40 87 97
60 75 79
26 96 78
50 85 36
9 45 34
49 72 88
32 53 44
73 90 88
71 80 70
75 90 57
70 51 6
43 67 14
88 99 37
20 31 46
5 68 91
6 20 96
69 27 76
18 74 50
49 14 59
16 28 31
57 45 11
13 44 2
65 23 69
50 13 41
73 41 13
27 78 55
41 32 90
2 84 62
2 78 10
10 82 5
13 33 11
43 32 33
53 86 80
11 36 71
38 20 78
76 94 20
3 30 97
39 82 12
23 88 72
60 19 47
11 72 56
93 88 3
18 99 21
94 61 8
30 99 47
88 55 22
86 47 55
22 82 69
33 80 12
60 61 61
97 34 65
64 20 46
96 49 78
6 11 17
61 5 20
92 8 68
91 94 72
89 74 54
38 76 83
86 11 1
29 92 21
53 7 41
37 53 2
8 37 68
76 63 1
46 55 32
32 50 94
12 66 15
88 2 30
95 24 36
20 82 4
23 24 29
30 66 93
99 84 92
19 12 25
26 10 39
53 70 25
53 40 36
9 53 78
66 5 80
4 58 88
35 8 35
37 67 57
49 39 26
83 40 99
58 79 86
7 24 34
49 14 43
75 1 8
72 51 43
93 8 99
83 1 86
40 2 49
85 75 96
64 43 91
91 30 30
97 58 22
50 28 62
14 31 78
86 14 60
70 20 9
94 85 53
97 81 5
17 1 32
77 27 27
27 100 23
79 17 64
69 47 95
32 32 32
88 87 22
67 47 77
10 66 69
38 53 50
58 19 93
9 91 7
26 69 74
17 81 92
82 82 40
20 56 48
92 52 35
51 76 50
85 90 54
50 75 21
68 95 95
86 41 95
6 21 80
80 91 34
10 88 28
26 27 47
39 24 38
28 53 89
50 76 75
5 15 14
21 81 74
43 28 49
57 83 22
21 4 28
63 6 62
60 11 50
78 52 62
76 99 81
51 80 80
29 40 56
92 20 43
87 23 38
26 49 86
64 89 69
29 73 81
89 97 57
97 75 11
63 81 63
81 64 81
23 96 12
58 81 94
59 85 60
90 53 88
28 71 69
99 7 16
78 7 17
68 21 22
84 48 82
74 35 84
73 7 37
76 78 1
26 60 82
43 1 57
90 46 4
56 64 82
2 88 75
80 83 99
9 81 47
14 38 96
35 87 95
70 66 43
38 30 81
8 83 90
47 22 10
24 25 25
7 29 15
71 63 29
10 79 84
79 71 48
79 76 8
29 32 21
72 6 76
64 73 16
52 55 22
91 43 96
12 95 73
80 43 76
90 69 50
91 86 92
9 67 25
62 1 53
6 46 100
2 32 90
4 46 86
43 43 15
63 54 87
75 21 91
40 26 78
60 44 93
52 99 89
41 54 46
85 31 29
33 93 4
29 8 20
62 46 42
86 71 73
75 34 70
99 28 57
76 48 95
99 5 54
36 75 85
26 19 53
5 85 20
77 38 63
66 14 83
23 60 34
74 78 35
12 33 67
97 2 81
61 84 71
62 19 41
69 6 26
41 6 8
86 79 29
55 31 16
59 3 32
67 29 91
9 12 95
48 68 76
8 12 21
9 37 52
37 52 93
62 66 91
100 29 4
42 81 49
35 45 85
19 77 38
80 75 67
65 39 94
94 27 61
38 26 57
96 22 45
82 67 64
83 64 76
96 33 22
86 51 95
39 77 10
71 53 19
30 30 82
9 69 74
57 68 27
87 95 58
62 49 48
96 53 18
15 8 90
40 73 34
86 16 7
91 38 67
57 5 77
24 33 30
39 29 62
5 42 50
39 15 33
26 49 36
82 44 91
94 70 8
77 3 96
28 86 11
48 13 68
36 70 74
59 32 2
9 90 100
35 79 90
67 10 12
59 34 35
18 68 9
32 69 14
33 73 28
81 75 45
62 57 47
18 4 56
48 66 22
30 44 91
76 96 10
45 18 69
76 65 87
50 1 33
46 14 77
34 98 33
76 75 1
64 97 71
1 94 44
81 91 46
81 26 50
66 20 34
19 98 82
13 85 58
16 87 61
92 77 46
94 76 29
24 25 74
8 54 39
80 28 45
18 63 86
2 44 6
80 44 5
70 88 96
94 85 1
6 72 28
100 57 78
38 65 5
10 41 21
47 14 25
88 41 55
87 92 69
47 36 41
51 66 93
76 92 14
65 19 40
67 41 74
69 68 55
76 6 93
84 99 46
94 72 82
57 21 35
81 47 93
31 49 2
97 31 79
92 10 8
90 98 45
70 89 78
73 75 74
93 35 34
24 13 8
46 86 42
22 8 98
58 85 84
26 15 93
83 45 78
78 41 49
30 74 22
35 54 25
89 71 55
60 21 91
14 45 85
67 27 35
76 2 10
5 21 54
79 87 41
43 33 31
36 59 2
9 42 74
82 97 28
40 61 70
78 33 67
20 54 23
91 22 100
22 21 95
31 73 91
80 67 88
94 24 32
95 25 77
7 54 87
32 49 1
95 68 33
39 30 38
58 85 95
50 67 90
98 13 21
10 100 48
42 7 9
28 17 41
72 52 56
9 58 95
11 37 52
5 28 26
72 72 95
39 79 17
15 4 79
32 71 85
25 20 79
98 5 40
66 20 61
64 46 13
12 29 9
11 42 35
86 77 23
3 29 99
65 84 49
65 72 38
94 74 91
13 100 91
86 57 59
94 94 6
40 30 92
26 42 61
33 70 95
38 20 35
7 83 38
39 81 79
39 72 63
62 97 49
66 82 6
16 75 92
28 20 50
77 66 10
68 76 42
63 78 15
42 98 16
35 67 86
14 28 47
62 89 45
25 77 48
10 78 65
7 22 16
48 13 50
33 62 68
100 41 97
38 60 67
70 92 74
5 5 48
29 20 88
25 6 5
61 46 31
48 14 78
49 31 59
95 18 39
31 66 5
25 43 7
43 74 10
75 43 89
25 81 73
65 49 28
33 42 28
89 87 62
86 65 38
75 51 18
75 65 97
53 31 6
84 36 36
43 2 37
57 66 21
56 65 78
69 74 53
74 73 89
18 86 68
87 46 25
41 27 45
74 25 8
71 62 65
77 54 67
13 29 33
99 81 32
7 94 61
13 1 25
90 24 88
65 10 45
53 88 69
56 8 27
78 41 26
28 73 99
40 35 7
51 80 43
60 96 43
4 83 72
46 12 93
68 93 59
59 24 74
26 61 38
45 31 15
91 40 77
50 55 88
61 41 25
21 54 1
83 41 14
55 40 78
62 5 98
47 87 43
18 33 49
66 23 52
75 88 83
14 84 28
34 29 67
13 86 55
94 76 13
85 35 70
51 92 36
13 45 47
74 66 2
4 10 68
60 1 8
98 84 16
37 86 77
13 4 8
79 82 26
30 93 46
15 96 90
28 86 81
61 8 79
12 70 14
61 80 75
36 28 8
66 29 50
1 18 28
73 53 21
78 11 57
54 16 69
59 26 35
92 35 71
71 67 13
18 31 67
60 87 72
90 83 64
40 81 89
79 70 70
59 52 48
21 42 64
2 14 45
73 89 22
12 21 83
81 56 23
99 63 45
8 53 47
35 16 9
73 68 20
86 12 26
42 95 99
67 86 12
24 13 54
62 95 35
99 69 100
53 75 84
2 81 24
99 43 60
26 6 53
52 39 81
33 78 96
52 86 98
34 44 21
33 12 66
52 89 78
25 13 58
38 39 89
44 20 74
29 50 13
93 39 62
89 51 23
87 46 52
74 59 61
34 8 6
99 56 59
18 72 91
87 73 3
50 72 98
28 72 46
88 30 92
18 97 57
96 54 65
34 59 39
26 55 63
84 64 73
64 24 9
82 52 100
80 73 52
57 1 4
24 58 58
74 27 85
10 65 78
56 13 74
18 91 31
81 92 12
23 63 26
90 4 26
78 52 16
3 15 58
75 18 76
77 70 53
42 85 3
68 98 48
26 68 69
7 19 16
36 35 30
79 61 57
68 47 37
44 94 80
39 30 17
18 56 84
10 61 68
91 87 98
52 58 66
47 46 63
77 1 77
51 62 44
30 82 76
91 11 36
11 61 25
1 100 51
33 19 23
91 13 12
95 7 37
85 80 59
44 79 78
33 85 24
56 88 87
69 41 8
59 33 86
64 88 28
33 25 92
58 19 49
48 86 100
40 92 85
99 32 88
6 61 13
33 80 81
19 21 32
99 75 63
48 6 46
88 11 70
71 38 30
21 72 81
85 22 57
79 3 69
44 24 77
100 50 72
69 48 39
78 10 70
77 17 64
20 43 32
63 4 43
100 8 28
21 26 56
29 53 89
30 13 10
78 43 47
17 60 56
16 49 65
17 56 87
30 63 33
48 35 15
70 58 29
80 88 63
4 79 36
73 64 81
34 95 90
29 61 10
28 27 8
52 22 35
98 40 47
96 74 54
69 84 1
64 94 12
23 50 73
52 54 94
18 75 40
27 29 95
38 22 86
33 2 4
47 18 47
92 4 51
65 83 67
68 40 75
17 87 76
23 52 69
94 70 70
17 72 66
45 99 69
9 77 27
31 24 98
21 46 61
65 30 92
43 95 76
81 26 28
93 66 23
92 68 14
32 57 21
73 48 71
27 37 62
58 43 96
67 79 87
1 65 63
40 25 88
36 58 15
59 37 56
77 35 62
57 84 64
55 87 61
62 87 91
86 33 88
19 35 98
3 3 59
13 44 8
32 11 47
71 4 82
76 32 70
45 99 84
26 28 92
44 100 36
51 75 21
42 64 19
20 22 20
23 42 11
95 82 46
93 46 36
45 62 99
81 49 22
68 98 30
47 78 90
57 65 87
26 4 46
95 78 66
9 68 23
11 69 54
55 23 32
36 12 52
50 28 9
72 63 76
46 39 43
30 62 71
98 7 90
89 94 41
82 34 84
83 19 5
57 49 58
42 66 82
79 98 16
9 56 5
52 47 13
55 12 4
87 7 91
98 17 33
17 67 74
41 12 6
69 67 16
41 49 96
90 18 19
18 68 72
56 29 67
95 53 28
70 91 65
30 82 68
73 52 34
86 94 73
1 59 39
91 84 97
40 72 99
85 37 51
31 94 2
68 59 82
22 73 55
42 54 13
74 13 79
67 12 35
74 16 14
63 38 47
69 71 99
19 3 46
13 50 67
81 39 66
73 73 12
4 93 7
9 54 12
59 70 74
18 78 91
70 23 64
58 1 84
25 30 20
6 25 13
20 19 94
82 38 42
61 93 50
6 72 41
19 72 66
98 92 33
84 39 89
21 73 49
36 83 52
24 6 54
81 90 86
93 100 15
93 51 73
61 83 98
13 73 59
16 82 78
17 69 37
34 80 6
96 62 2
61 9 60
37 7 13
75 21 50
100 47 92
93 51 5
77 43 24
36 58 57
75 52 37
83 7 90
38 48 45
87 68 55
49 59 68
53 26 26
50 49 27
16 9 70
22 76 45
72 64 32
31 60 54
50 10 84
100 91 5
76 58 69
34 87 86
46 74 3
49 62 54
81 44 62
54 23 99
87 93 46
20 79 13
40 31 28
28 81 32
62 46 48
38 77 22
83 66 48
28 98 52
17 39 93
74 45 3
89 27 58
32 7 38
32 81 39
87 59 15
77 56 9
31 76 45
15 56 68
88 37 19
58 33 72
67 69 62
17 53 91
64 43 78
55 6 60
65 35 24
56 10 48
72 94 83
100 80 78
6 86 15
80 38 60
16 92 11
92 46 100
84 73 71
62 68 63
17 83 56
9 29 36
58 90 81
95 15 67
97 84 7
35 3 73
62 94 41
82 52 18
99 6 100
82 52 68
55 53 43
78 85 51
84 17 4
53 48 54
35 15 50
59 15 31
16 82 29
42 91 11
57 60 43
12 2 43
19 10 83
43 98 87
81 50 52
19 76 72
54 42 80
53 2 54
38 9 14
28 15 8
34 64 19
42 28 65
74 70 88
3 89 16
63 63 8
72 70 38
78 91 15
55 87 24
8 26 88
34 95 56
81 34 76
43 78 5
49 88 65
99 27 20
95 25 34
97 45 51
2 35 49
24 49 78
15 76 20
50 55 93
17 93 35
56 29 18
28 13 16
34 44 22
80 39 41
36 96 34
65 35 79
45 93 30
27 64 76
23 83 32
14 57 7
55 92 39
73 28 47
51 14 16
20 46 57
30 28 20
52 67 39
54 84 11
95 39 14
67 59 86
83 68 66
35 85 46
74 58 45
22 10 74
69 76 74
50 56 93
23 30 12
72 49 56
79 48 76
62 18 93
82 31 72
37 13 8
41 59 26
52 2 69
10 29 52
75 65 42
13 4 2
18 32 86
42 9 17
36 5 69
49 43 14
54 6 92
7 62 50
34 3 38
71 22 51
76 59 71
62 54 84
67 43 76
79 77 29
23 45 40
27 75 74
90 10 7
3 85 46
25 27 92
48 28 24
29 65 40
22 10 50
8 30 15
19 48 34
63 63 92
100 32 99
25 93 51
36 31 13
40 60 65
75 24 67
7 95 72
55 64 70
77 7 35
41 74 81
77 17 68
86 45 70
20 64 47
61 32 9
89 15 99
71 28 84
10 82 28
79 14 63
56 31 97
54 78 100
10 55 97
27 94 2
13 33 21
4 8 66
69 37 73
80 44 2
59 85 68
60 10 44
41 27 27
88 81 28
29 47 56
50 47 30
90 98 84
49 38 44
57 70 32
59 79 66
42 24 4
96 44 70
50 25 80
43 25 84
82 35 64
74 54 44
44 15 64
44 63 81
100 83 59
16 13 87
53 74 94
24 90 82
62 93 62
11 5 7
92 12 7
95 99 29
67 97 69
57 19 74
41 46 38
66 17 43
51 91 90
36 87 19
5 30 2
53 90 25
15 82 65
46 14 64
65 17 43
13 27 72
78 68 73
3 90 10
88 13 68
21 80 94
56 69 32
73 44 81
17 87 40
70 21 70
18 32 69
17 67 20
74 75 52
11 29 15
32 5 53
16 87 79
9 26 12
58 93 36
25 22 82
28 17 46
1 36 85
79 30 40
28 22 7
55 24 63
32 10 30
30 7 63
53 1 27
61 25 41
64 28 23
38 80 68
96 76 57
72 92 99
21 9 53
21 87 96
67 49 32
51 74 79
9 79 86
100 27 38
62 81 58
32 96 23
76 26 46
3 85 52
62 42 32
2 72 2
37 62 68
61 62 88
42 46 84
62 53 36
17 2 38
71 9 48
47 3 96
86 69 60
55 18 31
100 15 43
91 49 6
92 3 75
46 11 17
10 98 12
97 82 72
82 46 94
52 39 60
48 15 60
85 79 7
27 67 4
70 83 28
40 95 100
34 50 23
85 37 36
32 91 50
58 49 49
71 68 7
8 24 36
31 94 10
39 91 45
69 2 90
68 82 67
67 86 89
84 10 35
11 76 24
41 35 69
4 40 57
69 58 58
71 83 57
50 69 20
82 17 26
6 48 4
16 6 17
85 22 88
57 20 59
88 79 90
78 62 93
87 73 22
27 64 48
15 26 83
48 72 31
84 18 13
83 66 31
52 89 41
27 59 75
41 89 73
100 71 89
44 34 14
33 4 49
22 59 99
26 30 100
57 22 86
66 52 67
93 42 3
55 77 21
51 82 13
71 25 20
81 39 73
17 86 86
55 18 59
78 82 38
86 10 67
67 33 71
99 13 76
21 19 28
63 7 19
56 60 96
100 83 98
91 8 27
47 57 71
67 20 52
65 20 72
44 72 24
52 55 20
91 78 6
32 40 77
68 14 91
43 80 78
3 89 60
51 4 84
76 35 97
70 51 77
70 74 42
4 88 65
12 42 86
21 63 31
34 79 63
72 42 79
89 57 53
96 4 30
82 4 76
84 78 64
48 38 29
71 45 75
11 22 89
44 67 7
80 4 84
22 3 86
89 71 69
7 83 9
65 14 79
10 93 32
12 71 50
15 10 54
78 57 80
43 20 36
49 50 21
29 92 5
16 5 71
46 65 61
77 7 87
8 16 37
16 53 58
89 36 92
80 2 69
32 29 58
100 1 2
36 86 55
94 41 23
95 35 96
88 32 98
39 40 96
61 95 49
87 54 17
33 51 23
58 59 40
38 98 60
86 46 43
83 66 56
65 51 47
80 9 1
8 57 96
86 19 12
39 29 49
3 10 66
69 91 49
76 62 60
5 31 81
4 84 3
86 82 34
43 78 51
27 99 54
42 9 51
99 16 63
41 25 65
99 43 31
44 96 36
85 61 69
53 11 7
78 79 10
81 6 98
52 56 10
18 41 95
63 22 99
59 53 78
82 14 42
80 75 20
33 83 80
92 14 68
100 34 35
35 18 73
44 43 100
61 57 35
39 73 97
98 29 76
1 21 5
50 85 88
56 62 18
2 61 20
38 71 14
50 100 78
67 2 90
44 54 46
17 62 74
76 7 6
54 94 18
69 62 5
72 11 68
81 61 66
8 44 65
63 19 47
77 74 82
93 26 16
66 61 56
51 39 86
14 72 95
95 83 84
64 74 27
93 73 64
20 24 89
88 50 48
44 94 48
94 59 34
3 86 61
47 56 52
20 29 33
46 86 88
40 21 83
76 78 29
16 43 19
48 56 60
93 56 100
55 5 72
51 40 24
62 16 14
83 12 45
34 79 57
1 10 27
76 43 44
81 54 89
14 50 89
59 43 94
85 51 65
87 89 70
81 59 5
94 36 49
76 85 60
57 91 23
63 80 28
86 30 20
7 44 66
93 41 57
57 46 65
86 17 67
95 35 48
23 5 25
70 65 97
51 91 57
40 69 6
31 30 100
76 13 45
1 36 65
24 35 61
74 23 40
47 33 62
53 5 92
60 98 49
73 29 30
26 76 33
87 25 3
11 64 83
49 95 34
91 24 7
38 13 92
87 66 2
71 5 69
65 46 87
59 95 11
61 2 14
38 6 7
90 1 89
44 12 23
39 18 13
66 52 63
40 56 34
20 37 42
43 30 11
60 82 57
94 96 84
71 83 76
70 59 55
20 70 56
41 75 64
48 59 64
49 82 72
67 19 72
97 59 99
48 16 62
25 85 27
69 79 20
18 99 98
77 37 40
28 77 85
48 41 73
88 79 69
75 5 26
54 62 77
24 12 21
25 50 85
34 68 39
82 93 15
88 38 10
91 75 50
39 38 98
58 59 90
1 8 31
51 3 54
99 89 72
5 1 10
68 61 52
28 48 10
46 7 13
88 31 20
45 43 94
65 77 36
85 74 89
69 74 7
24 77 32
12 8 76
92 8 95
92 37 44
49 75 67
2 27 88
22 3 26
90 79 12
80 38 57
34 77 26
64 17 3
61 52 43
9 11 84
100 5 6
22 100 67
18 91 36
75 18 51
55 93 22
51 64 51
94 79 1
65 45 9
98 29 77
65 63 26
53 12 98
41 91 51
24 89 5
66 95 10
76 46 22
51 59 25
8 1 69
40 92 17
4 22 84
34 79 52
31 73 81
70 44 100
53 36 22
3 23 80
4 87 19
3 51 59
33 15 71
4 8 16
52 72 97
12 48 92
3 13 4
89 19 97
15 99 61
95 48 13
34 4 60
2 42 55
41 81 43
100 42 50
91 24 9
75 67 38
63 58 76
69 99 16
75 60 22
37 54 45
41 39 19
7 32 84
69 43 38
53 27 93
83 50 10
17 7 85
18 20 35
25 60 21
14 11 91
91 1 90
67 30 30
35 13 66
75 56 87
71 45 31
1 82 56
18 41 78
58 88 30
85 62 26
14 29 78
82 29 72
57 41 16
67 62 69
85 100 63
63 54 5
19 11 21
79 66 97
61 67 65
49 64 26
79 55 55
21 93 2
72 80 29
58 2 68
12 19 20
34 4 76
53 71 59
30 50 51
45 70 51
15 51 59
13 52 8
6 15 28
90 23 99
19 88 91
23 13 84
31 89 96
65 51 68
80 33 45
70 6 79
41 45 40
39 45 80
26 12 86
17 31 7
9 36 24
23 18 12
69 75 72
89 60 72
70 8 7
40 11 62
83 96 95
57 48 39
48 33 85
98 60 1
63 89 99
4 25 29
42 97 82
16 70 80
36 49 74
80 79 22
8 75 97
21 3 63
3 89 56
58 88 66
17 25 87
88 87 30
77 16 62
7 13 48
70 28 96
28 53 27
41 70 8
80 97 81
15 33 47
54 20 44
54 87 82
60 31 89
29 44 98
39 69 72
74 34 89
32 32 7
60 86 72
86 23 82
58 13 86
70 98 12
4 70 70
90 10 74
72 13 36
28 79 26
70 90 86
31 29 14
99 95 64
42 81 69
76 15 84
57 23 28
81 8 21
16 35 26
34 24 89
40 44 42
30 68 51
57 37 73
36 23 85
44 36 89
26 93 78
79 63 36
75 84 89
6 99 5
99 21 47
71 11 38
58 14 54
78 48 87
59 29 83
37 2 43
76 44 13
12 32 44
83 25 78
11 53 26
100 52 61
67 9 55
12 42 60
10 48 82
91 45 74
7 52 15
15 83 39
57 95 7
70 10 28
59 62 95
42 92 90
71 54 52
27 59 26
24 47 35
39 12 3
88 55 43
43 48 70
78 51 65
84 55 60
99 15 44
46 70 95
10 2 56
19 67 98
43 47 7
9 50 71
89 25 5
17 71 7
39 88 56
27 20 52
80 54 36
88 27 62
99 96 45
74 13 64
33 89 12
17 93 88
67 70 20
75 65 60
5 80 70
79 43 19
62 84 91
90 30 30
83 34 25
29 86 18
57 60 39
1 23 4
29 17 75
65 75 6
98 96 38
21 17 89
98 26 76
95 24 58
91 9 88
75 46 21
73 57 12
20 33 72
58 79 11
30 57 83
21 10 87
23 70 48
63 88 78
15 39 20
19 33 45
1 22 7
74 20 36
73 1 21
14 100 3
20 35 33
59 79 6
36 57 55
40 9 55
59 46 100
47 54 74
59 2 23
88 73 62
66 33 59
90 62 4
51 11 41
85 75 65
23 32 39
22 33 94
97 32 23
92 40 47
28 72 72
13 6 89
49 30 36
59 43 13
19 17 40
72 87 100
62 38 26
8 78 68
50 31 8
31 11 24
24 7 8
16 20 76
99 25 30
93 76 24
62 92 53
12 94 12
45 74 58
5 38 96
85 64 66
57 1 59
97 44 40
3 90 97
96 39 72
81 81 12
77 66 20
97 3 38
33 69 66
49 99 36
8 47 55
33 75 50
65 87 87
92 77 97
80 75 100
81 53 20
27 40 99
81 29 93
9 66 71
72 90 95
71 79 68
81 22 61
24 96 41
70 98 99
24 14 19
33 32 59
2 19 43
12 66 7
77 69 85
95 69 62
87 20 74
61 35 90
28 78 5
24 12 93
58 55 34
12 42 83
81 9 39
86 87 31
6 33 47
100 53 72
21 52 2
69 50 21
24 36 3
94 50 63
54 32 34
23 16 55
78 18 81
80 12 16
65 76 54
19 29 35
90 61 41
43 41 59
90 78 50
43 94 72
20 24 27
64 35 60
8 75 95
61 70 98
57 72 28
67 100 63
50 26 77
51 4 78
72 82 80
62 42 77
61 13 34
58 33 39
87 11 9
81 76 8
33 96 45
43 96 57
17 23 23
16 59 13
61 86 56
82 31 86
9 20 81
91 19 22
77 42 44
88 54 21
64 4 64
80 90 96
17 24 22
51 16 84
65 83 13
30 17 87
28 48 99
58 30 43
57 87 8
87 8 43
29 73 86
27 40 51
55 71 58
69 9 93
28 78 53
47 25 95
5 17 91
87 34 17
42 56 40
78 57 7
44 40 56
56 6 13
67 60 9
27 56 95
94 15 36
9 49 95
17 44 29
19 48 25
27 43 81
56 29 55
10 78 3
98 56 54
2 40 71
24 31 82
43 95 3
6 79 63
71 51 26
33 67 4
7 42 67
10 85 14
36 94 89
48 83 76
68 11 1
90 74 77
58 1 91
80 23 100
100 70 3
56 82 52
55 61 38
100 88 10
54 6 81
23 86 26
38 74 71
69 76 92
88 39 8
5 80 84
85 56 27
93 92 89
78 9 62
83 54 3
57 43 59
59 15 95
83 65 63
34 66 68
88 27 27
49 79 25
14 68 51
20 16 72
67 27 56
57 63 96
43 51 17
8 55 61
40 55 13
45 82 97
82 81 12
34 53 2
6 3 21
51 49 92
45 2 88
65 85 60
38 41 15
48 28 67
74 32 11
83 20 91
27 12 13
74 94 91
2 25 56
92 63 35
49 45 10
45 65 44
26 75 46
89 27 79
8 1 87
76 38 49
6 60 75
91 88 93
6 8 81
83 96 43
60 12 72
29 59 81
17 55 24
52 50 22
88 48 21
93 44 10
55 19 96
45 17 100
56 53 5
93 52 97
75 80 12
67 66 43
4 50 41
59 1 52
71 35 83
25 51 55
5 87 32
68 42 73
64 68 68
75 55 88
51 43 84
53 69 26
29 51 67
76 93 23
61 88 77
72 32 88
33 74 60
59 37 87
47 61 33
47 87 70
43 92 67
21 48 53
66 26 95
40 36 14
18 35 81
80 16 14
15 65 79
11 99 81
5 64 65
44 45 21
39 25 89
44 27 43
92 73 3
92 39 51
26 43 94
28 63 29
66 17 55
87 48 94
9 91 43
83 47 47
9 49 16
94 1 98
22 30 86
69 52 48
77 39 42
14 35 66
67 45 27
55 13 9
79 98 53
28 30 67
100 37 20
25 53 60
27 47 25
2 63 54
65 42 76
77 98 89
69 39 97
42 54 26
94 52 67
66 75 98
1 82 95
76 28 99
92 69 4
9 10 48
73 61 76
10 12 13
58 92 13
33 9 52
47 84 67
31 8 24
70 52 94
78 25 83
56 57 58
11 84 70
40 47 13
8 56 43
1 75 81
15 96 70
40 71 71
89 56 84
7 76 97
75 47 55
21 93 46
69 25 71
30 8 61
66 30 100
63 31 57
20 56 13
18 96 18
74 66 59
74 59 57
31 33 3
14 45 54
84 43 48
38 89 76
88 88 33
61 77 70
23 81 39
50 74 4
71 20 15
25 8 58
29 56 39
44 31 9
78 9 31
34 95 85
83 85 36
32 89 63
29 21 2
18 36 57
56 13 20
100 63 94
17 71 89
92 33 5
44 9 50
65 83 76
25 10 64
96 64 51
5 86 50
31 6 28
2 29 85
91 8 38
82 9 34
67 48 56
85 2 5
45 80 56
74 93 47
57 21 49
79 52 63
7 8 46
17 93 74
45 54 77
51 79 92
29 44 75
88 93 81
15 38 73
3 80 99
52 100 28
64 39 98
41 61 100
40 19 16
51 99 93
58 41 92
65 3 8
66 62 3
18 91 91
63 10 36
92 56 63
6 98 99
30 80 36
75 90 23
89 86 23
43 26 96
8 73 50
22 74 83
34 40 77
48 56 96
33 28 22
13 65 78
84 83 89
61 15 72
63 58 88
92 37 94
86 37 6
67 72 38
6 46 100
9 92 24
60 73 88
75 30 22
13 27 36
87 37 69
64 11 99
78 10 79
99 77 87
58 72 3
63 13 16
18 47 21
38 90 14
85 28 97
77 95 31
61 72 63
29 22 60
8 26 100
42 36 23
74 37 35
90 83 71
44 76 93
49 38 68
61 61 29
73 3 86
98 57 73
82 16 49
6 48 5
46 24 44
53 75 36
96 35 76
2 86 85
95 58 34
8 47 25
95 17 43
65 7 34
95 20 29
99 18 15
21 4 70
9 47 31
19 66 13
50 55 52
8 97 60
79 52 99
35 42 26
20 24 92
11 23 27
47 68 94
44 99 70
33 79 62
14 19 84
12 79 69
25 91 23
5 89 47
51 24 78
60 26 24
15 77 5
27 30 8
18 34 32
73 83 38
34 72 96
83 34 7
45 34 57
17 76 81
70 9 41
33 23 76
82 73 51
42 81 4
90 7 12
61 24 84
56 13 100
5 54 73
22 47 50
92 86 2
28 32 34
49 13 50
43 80 99
78 2 59
36 3 26
18 89 21
91 31 85
34 44 40
38 45 99
85 73 62
95 79 49
63 57 90
46 76 86
2 15 7
42 52 74
84 57 63
57 33 92
74 29 35
56 89 99
48 15 12
42 59 44
73 84 64
63 87 20
27 43 92
38 88 15
99 7 80
34 93 92
78 75 85
48 18 89
58 52 67
74 49 50
28 7 29
30 34 50
31 17 67
65 76 28
87 57 31
92 66 63
82 91 26
89 1 34
90 79 58
68 82 63
13 95 40
91 7 50
43 15 50
20 46 54
34 38 29
72 21 59
85 10 27
98 25 99
29 40 68
98 7 80
65 14 10
100 96 26
36 10 40
4 2 34
52 47 72
76 46 82
25 69 74
31 57 77
56 18 85
89 82 64
93 27 33
69 53 38
22 59 34
100 59 10
33 79 43
73 48 41
19 91 62
43 48 12
68 8 92
89 91 92
36 22 43
10 67 52
88 59 68
22 71 69
11 83 43
99 68 5
80 97 92
5 87 15
42 95 46
45 15 71
73 16 5
76 38 42
96 64 19
74 3 78
44 4 8
56 89 49
74 31 98
60 49 36
11 17 20
99 36 21
73 72 80
75 9 37
2 53 88
17 28 62
53 57 6
16 62 21
29 11 21
23 12 41
64 82 12
37 39 77
30 33 46
100 99 13
21 4 20
70 89 80
35 77 71
89 59 79
4 3 61
59 89 66
57 31 68
51 70 63
23 97 79
5 1 54
57 76 85
2 33 78
84 50 19
65 14 9
18 62 58
43 10 24
39 65 21
52 7 23
94 57 60
2 57 57
63 46 36
66 94 89
86 51 48
77 17 7
87 25 19
66 12 38
51 32 4
44 29 8
58 70 2
49 50 29
44 79 1
21 64 86
13 45 69
27 63 88
2 62 63
59 57 78
17 45 47
21 65 22
38 35 53
95 80 7
16 45 34
33 59 73
3 83 8
78 62 32
72 13 31
87 83 86
97 40 39
18 67 62
77 64 22
30 38 59
93 34 23
82 33 82
30 42 48
96 90 5
59 18 79
37 14 50
100 47 68
90 42 7
8 6 36
34 47 80
14 88 30
86 59 16
58 56 54
40 63 58
88 43 7
18 83 76
78 47 59
52 43 14
56 36 58
77 10 27
93 37 87
53 80 81
31 16 35
58 52 49
48 10 67
16 49 34
73 84 19
61 58 25
13 82 3
14 48 57
57 84 60
14 89 52
44 52 63
59 7 74
21 63 31
55 74 35
92 20 33
51 85 21
55 75 1
74 12 83
97 83 44
64 48 41
85 37 42
40 56 75
20 63 99
33 41 32
26 5 88
48 49 51
14 38 72
80 18 48
93 39 54
63 31 20
89 90 10
65 68 52
91 90 27
4 91 98
93 82 25
97 34 69
19 17 13
11 24 32
31 8 29
75 28 86
94 58 57
95 58 4
88 80 57
45 2 46
59 7 59
62 33 92
68 76 53
82 25 26
90 86 30
89 52 2
42 99 99
78 8 100
63 51 70
42 89 1
11 33 19
38 81 58
18 88 52
55 38 18
90 40 33
30 56 18
66 9 3
82 13 7
87 12 81
58 86 65
86 13 54
91 41 43
33 16 14
37 53 64
5 74 15
73 69 21
62 42 5
70 31 3
14 92 26
93 93 89
62 6 74
28 46 71
97 43 22
79 37 26
26 85 45
64 71 4
82 77 17
4 89 47
81 29 54
58 9 41
79 20 80
8 12 71
57 83 53
95 90 53
8 56 97
97 55 62
62 22 19
81 76 23
37 35 53
84 13 90
91 46 79
97 36 72
74 38 62
44 30 43
78 53 21
45 22 96
72 85 91
97 22 96
70 80 66
6 63 7
74 36 32
3 91 27
69 49 26
54 49 7
3 37 63
10 67 52
82 81 41
18 7 82
83 44 85
52 24 48
69 86 66
59 62 80
61 29 100
60 5 34
47 63 17
63 98 91
2 43 67
24 44 5
85 71 46
71 7 46
61 22 55
67 86 44
84 26 53
25 93 97
50 33 3
38 49 10
51 100 77
30 75 77
88 5 25
60 19 97
98 73 58
6 12 78
36 1 98
76 91 3
76 40 69
57 37 18
63 47 14
5 94 3
57 42 40
46 30 27
78 30 49
12 29 37
94 71 21
28 94 85
72 94 56
16 35 93
2 29 70
96 45 98
36 58 8
74 28 40
35 70 66
45 89 24
34 17 87
99 72 68
17 12 27
29 40 74
57 81 5
16 54 43
31 89 75
23 45 9
46 15 76
74 39 87
43 90 15
28 22 5
1 8 81
45 98 85
78 63 75
51 16 67
20 78 68
71 63 81
73 49 58
54 14 33
61 45 4
88 74 73
54 71 3
70 43 11
2 47 17
53 34 67
51 94 11
11 25 74
12 24 3
67 18 35
9 7 21
77 15 12
61 42 56
7 77 48
62 18 65
40 69 20
71 14 28
87 68 42
41 47 59
78 9 6
97 27 74
74 22 7
33 13 21
68 37 37
64 81 9
29 60 17
73 3 27
34 31 57
70 48 96
55 11 10
61 2 36
93 68 50
59 65 26
89 50 92
36 87 77
75 42 91
5 73 54
83 20 24
82 75 58
13 66 15
84 12 49
93 83 61
10 70 78
70 25 44
91 64 54
93 60 36
23 63 84
24 74 35
40 37 89
23 13 45
86 67 86
2 57 43
38 28 8
4 3 70
52 74 13
71 100 98
45 32 83
9 35 81
68 62 3
61 51 57
77 38 45
89 88 87
55 26 68
63 39 97
19 44 23
61 44 78
55 94 25
84 72 71
76 29 51
93 69 96
100 65 10
1 62 61
8 51 73
22 31 62
59 68 16
86 82 79
85 61 35
26 60 34
49 83 63
85 87 77
16 44 56
39 25 33
22 75 20
56 93 72
98 83 16
15 52 86
60 88 18
8 45 12
25 46 83
24 2 59
39 72 74
55 27 46
89 35 87
3 71 57
61 44 12
71 33 67
41 61 60
50 57 94
84 74 12
90 21 80
96 27 96
20 85 27
92 46 63
65 82 38
18 94 68
81 34 91
99 54 7
56 74 44
11 53 16
87 27 32
1 5 3
55 77 29
86 71 63
57 64 39
18 96 93
95 55 77
45 38 5
84 2 48
42 31 20
20 87 72
3 92 17
22 52 28
1 44 55
56 68 63
10 51 30
19 97 55
95 19 65
87 22 22
88 76 1
16 95 22
67 49 98
12 96 26
91 10 88
44 62 7
47 16 88
58 63 88
48 69 95
86 43 48
58 13 89
43 3 40
95 9 57
45 85 56
92 78 73
65 56 40
47 100 40
68 68 67
6 16 65
76 68 97
69 23 8
64 16 86
46 80 12
37 17 43
97 51 70
45 81 36
6 8 33
46 70 52
57 40 50
56 30 54
51 11 64
28 71 29
83 8 72
24 58 58
9 51 38
5 50 45
53 7 73
68 65 5
26 14 67
16 92 68
47 98 37
94 82 61
4 89 67
100 67 22
34 30 34
69 31 78
75 30 62
9 87 34
10 35 48
55 31 16
62 11 57
52 83 16
52 54 61
99 52 72
67 85 77
48 69 62
84 83 1
25 88 27
65 19 32
18 37 64
52 26 100
31 26 55
13 48 59
28 59 11
82 69 80
69 81 82
17 28 90
38 5 96
20 60 73
29 37 9
85 74 16
16 97 42
81 78 6
96 90 58
63 58 73
8 96 31
17 42 32
88 85 92
97 98 31
29 97 94
4 90 82
18 9 33
11 39 25
22 32 55
61 83 100
78 46 8
100 61 100
36 42 45
15 7 12
59 25 92
89 90 74
71 45 93
73 68 83
70 96 66
68 10 97
81 31 92
66 66 27
49 1 76
64 47 55
80 64 60
51 98 25
48 89 37
7 86 59
15 98 45
18 3 86
33 91 59
3 68 52
47 42 30
48 16 68
60 19 45
100 11 32
81 59 82
57 13 88
59 44 11
38 28 82
69 74 27
23 41 72
91 3 49
74 20 47
84 66 66
25 91 56
33 20 53
39 2 93
71 100 68
19 45 97
54 29 48
17 51 10
56 76 14
14 65 29
32 88 22
72 39 29
44 51 48
98 35 14
58 45 53
97 79 71
3 59 56
81 91 48
58 9 73
8 44 58
46 24 63
44 79 57
23 61 45
16 57 76
10 57 45
62 45 36
12 46 27
86 79 40
11 90 81
74 26 93
52 67 65
60 30 69
11 14 41
19 63 54
58 79 80
59 89 31
30 21 89
20 98 96
83 53 97
72 25 79
37 13 59
43 97 32
30 32 29
54 10 18
65 73 80
20 5 95
37 75 61
15 91 59
56 60 40
67 93 9
33 10 76
58 3 28
97 72 17
27 92 25
56 25 24
93 96 2
92 13 39
71 97 33
91 6 54
28 74 6
10 3 46
64 87 43
44 99 55
21 42 93
42 53 19
94 38 40
70 56 83
49 52 16
19 92 49
33 46 88
36 15 12
7 63 45
27 78 16
68 9 41
64 8 97
21 94 33
51 21 74
38 52 82
79 86 47
11 51 63
18 91 70
78 84 69
23 62 74
37 18 91
6 94 19
46 88 75
77 34 95
91 60 30
29 49 25
36 72 17
21 18 13
69 35 81
35 18 57
81 88 61
90 23 16
60 89 13
43 40 97
70 84 25
95 44 88
61 34 1
36 96 18
57 22 75
71 40 25
44 14 39
14 65 92
16 72 91
18 6 66
85 64 60
36 53 5
72 56 11
78 11 7
50 49 5
85 14 1
3 42 68
35 12 89
47 45 44
32 35 45
66 61 1
83 70 83
77 34 51
30 91 54
34 72 21
67 99 50
82 14 53
96 46 49
72 74 42
30 52 69
39 76 86
23 21 3
94 20 86
38 45 58
67 50 23
18 64 17
10 42 90
67 85 21
98 72 68
83 75 23
91 75 20
82 78 47
72 95 13
33 3 39
16 54 99
43 8 55
55 31 39
22 28 65
95 48 54
93 28 36
46 77 95
43 85 72
29 50 41
48 3 61
2 58 33
61 88 59
96 85 68
85 62 51
33 35 56
79 66 36
71 44 68
40 89 93
31 2 54
36 48 17
74 79 65
63 49 61
41 98 84
98 18 14
31 30 97
38 53 82
1 32 9
25 35 17
96 89 2
64 30 52
90 16 2
21 67 85
45 25 23
48 29 28
93 55 96
36 13 35
74 52 63
79 61 54
50 35 87
28 47 89
91 12 69
59 40 50
29 86 16
96 15 99
59 10 89
81 48 53
21 28 35
66 60 22
91 69 82
68 89 70
27 3 37
81 61 26
36 88 54
25 76 32
84 13 52
24 56 59
8 84 25
60 35 78
2 52 73
36 68 85
10 50 5
55 44 92
84 20 39
41 16 8
46 88 88
55 11 90
76 59 19
100 4 53
58 10 66
10 72 92
82 55 94
95 61 45
69 89 93
24 84 4
70 95 35
29 63 50
21 100 85
100 9 61
18 81 40
37 64 46
55 41 76
84 25 37
88 62 73
1 35 57
12 63 61
57 78 39
89 41 28
48 74 19
75 98 48
72 37 37
42 25 6
67 18 21
84 69 28
17 18 22
1 24 45
37 100 92
77 21 76
26 70 49
10 87 46
88 41 43
72 69 8
9 39 47
76 30 77
67 81 24
17 42 35
29 43 70
22 95 61
54 27 64
36 78 40
91 17 23
59 51 33
34 59 42
67 22 3
35 61 26
88 40 75
34 24 29
54 49 40
46 85 50
86 91 22
99 70 55
33 7 1
20 21 26
14 19 37
24 9 21
7 14 36
10 51 5
51 90 89
63 19 6
75 18 95
77 13 33
70 3 75
70 33 27
35 62 10
22 24 59
90 37 46
91 15 4
75 82 52
37 9 62
83 21 73
83 50 17
13 9 50
13 81 51
43 59 98
42 13 63
10 13 34
48 100 97
9 58 63
22 12 97
67 24 61
87 60 13
1 8 6
67 99 1
62 5 54
39 16 35
41 23 31
81 62 30
73 5 68
33 62 94
65 83 96
74 15 82
46 83 15
38 27 45
44 50 55
87 92 50
3 77 15
36 56 7
59 91 11
66 33 85
9 34 47
17 38 94
7 89 21
30 83 50
7 81 49
43 97 73
85 4 74
43 89 96
34 97 74
96 77 70
97 98 67
33 2 4
38 48 98
66 12 29
56 9 37
5 23 96
99 35 15
13 17 56
84 71 19
41 71 44
14 19 41
56 28 54
22 72 87
95 49 97
52 88 19
22 86 33
15 78 4
68 44 90
26 76 2
7 22 25
10 52 8
80 35 97
88 82 100
36 69 21
21 83 48
35 9 86
46 84 69
27 1 46
82 58 78
68 39 12
84 9 90
13 49 61
10 56 77
7 85 48
85 17 98
48 68 17
24 59 29
78 53 96
90 27 32
9 46 66
77 61 78
61 27 68
33 43 84
37 6 15
77 67 95
84 51 78
20 35 86
17 74 74
24 94 59
48 98 65
14 68 17
81 56 21
44 46 48
68 9 6
38 22 20
72 40 41
59 83 43
24 63 77
84 98 19
5 92 15
98 71 26
57 99 32
3 97 3
58 92 56
86 79 48
89 37 13
50 80 19
6 30 92
37 66 29
67 30 20
83 48 62
8 86 52
33 43 72
18 48 82
98 68 73
30 60 20
87 82 62
14 24 9
96 44 27
33 44 99
82 36 66
38 82 82
50 86 11
49 86 94
21 39 48
24 47 78
31 16 68
17 19 15
89 52 86
17 40 37
20 29 97
42 47 76
51 11 84
53 80 31
61 55 24
43 26 19
33 29 48
37 67 52
65 49 94
60 100 73
15 71 10
96 41 23
27 80 72
44 91 98
43 98 18
89 87 16
66 84 93
67 69 99
36 44 31
95 47 25
18 36 57
62 67 22
12 99 51
60 10 52
30 67 46
65 93 79
9 55 42
56 60 77
60 47 86
86 70 49
59 87 50
61 44 3
90 59 59
38 5 42
33 61 59
26 51 33
19 47 49
8 18 2
48 32 65
67 45 48
8 77 94
1 27 8
72 8 96
69 35 98
27 20 55
26 18 48
18 63 55
100 26 2
63 19 12
72 85 47
47 53 21
24 66 55
21 57 61
99 23 94
30 78 15
47 89 96
100 77 26
37 43 3
87 96 75
83 18 57
26 40 86
82 6 87
10 65 27
18 3 66
48 55 55
2 88 37
33 94 24
74 13 8
1 81 95
23 43 95
74 33 78
51 88 76
2 23 42
63 88 77
12 98 38
33 76 94
15 7 55
60 40 17
68 1 30
60 92 38
47 95 56
34 28 44
79 71 41
2 62 92
92 75 40
66 53 93
50 68 73
69 66 1
42 13 43
93 56 4
42 61 90
93 43 45
67 32 59
3 8 5
22 92 83
71 53 98
2 69 26
97 75 60
59 79 52
67 19 68
8 20 78
49 87 1
34 66 4
42 21 53
97 39 6
78 25 47
56 85 23
51 69 47
78 95 57
99 49 80
90 13 78
67 84 55
6 38 7
63 96 26
46 80 4
38 17 43
86 78 39
44 52 90
90 47 78
71 71 31
73 49 37
97 67 70
84 4 65
67 86 15
75 8 28
94 77 98
51 13 24
60 88 69
39 40 69
100 85 85
75 26 73
85 6 57
90 20 84
88 79 65
80 55 52
3 4 70
95 49 65
98 20 2
86 75 38
22 51 70
64 62 67
64 85 22
17 5 52
20 100 69
9 26 85
94 39 38
4 4 56
5 92 50
37 83 40
33 48 76
99 37 26
1 90 98
23 78 72
52 91 53
61 42 79
74 17 91
90 29 42
97 86 44
74 38 72
66 91 61
95 12 67
84 92 78
5 19 21
47 52 63
37 58 50
71 68 33
36 58 53
25 84 28
72 42 42
37 22 34
73 39 20
28 83 67
26 99 83
5 63 94
39 10 31
21 62 95
13 79 24
48 98 85
75 38 9
96 43 100
3 49 27
89 35 60
29 48 56
83 4 46
32 77 14
57 95 45
52 25 93
90 62 44
71 4 97
99 89 55
99 92 35
80 77 55
29 55 75
27 41 99
87 13 60
71 48 46
68 52 25
67 26 19
28 95 89
81 53 97
79 4 79
28 83 96
53 95 45
2 39 76
33 77 22
42 24 38
45 69 95
54 66 20
82 3 54
90 22 68
58 78 31
15 25 6
50 59 65
63 40 91
66 43 29
43 97 35
37 43 76
14 65 91
96 83 89
66 65 41
61 71 96
22 70 65
88 13 21
95 30 63
21 65 26
87 70 69
18 13 27
15 93 63
7 2 52
50 59 46
61 43 3
100 97 69
15 96 87
33 91 89
16 73 22
64 23 23
7 80 71
32 64 81
4 4 98
89 5 47
72 65 8
18 9 10
28 61 80
34 53 29
91 99 94
10 48 8
98 1 9
46 46 61
45 95 71
29 58 99
8 40 5
11 8 97
86 74 29
7 33 64
37 30 50
50 28 85
15 69 12
13 5 7
80 23 48
4 88 91
38 50 41
31 16 32
2 23 25
9 13 34
67 65 14
92 52 41
16 32 3
18 73 11
45 83 32
90 65 95
52 13 74
29 76 9
62 76 30
57 93 99
43 6 27
37 36 51
18 78 9
18 12 77
84 28 57
90 30 44
15 9 85
64 17 41
89 74 88
51 56 94
82 39 79
94 20 32
4 33 74
92 6 78
62 49 17
50 66 10
29 83 24
1 89 83
13 71 74
87 27 43
41 82 71
31 55 80
20 23 26
73 47 60
5 11 31
90 48 10
20 21 54
11 37 92
47 86 34
33 88 66
58 60 73
99 15 44
45 33 2
88 10 41
2 1 43
85 47 32
63 82 13
5 86 8
95 4 29
59 50 97
40 53 61
3 92 2
76 61 45
39 71 10
51 91 34
2 11 65
27 88 95
64 76 75
80 99 14
20 69 75
5 60 85
57 9 32
14 53 46
99 92 75
3 62 81
25 10 38
34 2 37
57 1 62
67 90 71
9 16 92
21 32 100
67 16 60
75 41 88
77 21 43
82 19 79
18 42 67
97 39 30
60 77 64
87 26 48
73 22 84
61 62 86
89 5 56
60 46 57
39 11 77
27 49 46
89 36 57
4 19 2
19 25 80
36 57 77
45 74 6
67 44 74
77 61 37
27 48 9
79 18 53
76 51 5
87 89 8
52 78 47
35 43 16
14 32 48
36 45 20
25 18 91
75 31 13
95 82 69
43 38 79
4 7 17
24 100 14
47 10 99
42 23 73
3 54 1
56 47 6
3 82 48
66 49 97
92 51 86
85 78 5
82 49 57
49 45 99
35 88 55
22 40 30
81 72 25
37 15 12
82 26 52
76 49 79
44 81 36
11 7 21
48 55 91
72 25 52
32 4 1
58 82 59
37 43 84
70 59 21
35 55 96
92 22 7
24 100 92
24 12 32
99 95 97
15 50 53
10 71 72
81 88 5
40 91 33
21 12 13
4 26 20
29 61 20
71 41 15
88 37 21
66 50 8
2 56 70
10 45 45
86 21 74
42 20 81
19 45 77
52 26 92
44 64 31
81 5 83
34 91 66
88 8 66
45 67 19
1 16 72
90 9 24
9 44 45
1 76 58
3 65 45
93 2 76
98 3 47
90 6 45
85 58 35
10 45 29
30 100 20
43 90 25
95 23 35
75 93 57
86 89 37
50 90 46
17 55 3
93 36 79
6 78 36
88 57 17
41 81 63
29 71 98
21 51 29
23 46 72
80 46 68
57 76 45
47 94 61
22 65 89
73 94 7
49 35 88
93 69 85
76 52 21
94 93 36
8 29 79
67 10 9
7 70 72
20 87 12
61 56 76
87 80 26
2 86 94
63 17 59
49 95 15
6 10 66
89 29 54
33 78 48
35 48 29
62 70 29
2 55 73
88 2 19
37 67 33
84 65 32
68 19 74
56 53 47
98 51 52
40 82 90
45 65 27
97 2 75
51 11 50
46 2 60
79 20 62
86 1 85
41 16 95
3 33 21
97 85 33
4 49 50
65 27 80
61 4 56
47 60 57
94 74 5
92 25 98
89 40 64
2 94 23
51 71 97
14 15 41
10 35 100
17 85 8
84 13 93
14 44 7
40 78 2
77 68 80
42 58 54
57 49 10
72 35 54
25 98 70
17 64 26
81 18 90
34 19 93
29 80 49
83 12 93
26 16 34
7 33 35
42 50 65
90 48 44
30 18 52
79 33 27
19 22 61
87 46 55
43 33 48
9 32 21
16 45 60
8 51 91
68 54 100
76 95 18
91 27 5
1 75 25
79 29 60
42 25 66
69 37 36
42 96 27
19 95 78
76 88 2
87 24 55
40 66 89
85 74 19
65 85 26
33 15 79
73 79 18
31 16 43
64 7 29
67 91 78
25 28 7
1 80 28
29 82 90
34 11 55
6 94 66
30 76 1
10 86 48
10 39 56
54 81 82
94 73 54
82 97 72
32 18 80
22 30 62
12 2 13
23 50 40
79 18 74
84 44 16
8 46 48
41 76 3
12 35 33
50 94 82
19 29 32
42 21 96
49 62 22
87 95 80
97 94 15
1 17 93
43 6 36
35 54 48
18 82 42
84 76 87
40 52 46
26 28 56
94 75 79
8 40 84
10 72 62
100 77 97
93 44 67
40 81 87
41 54 40
63 73 53
38 18 59
29 16 14
79 18 14
91 8 64
82 83 55
30 43 10
92 3 25
56 20 29
20 41 5
49 19 12
80 4 96
16 49 5
83 23 27
84 5 41
61 99 39
31 19 25
60 26 5
53 60 96
4 37 38
24 51 43
67 96 4
29 39 29
53 2 53
1 91 25
42 5 78
72 83 62
32 92 52
34 42 51
37 78 98
47 85 52
49 60 45
21 89 18
39 13 33
59 58 41
50 24 76
4 69 64
7 6 69
80 77 47
49 93 56
89 21 54
50 52 63
48 55 96
68 97 65
33 98 42
98 56 32
78 81 92
21 86 58
33 30 100
22 77 19
41 8 54
87 55 79
62 1 4
96 25 39
45 34 52
5 55 83
96 22 82
72 33 31
40 86 87
83 40 46
96 57 20
13 61 82
59 39 41
81 8 98
52 6 34
49 24 94
53 22 94
10 7 78
83 47 71
35 43 62
36 4 56
87 87 74
87 89 72
85 13 61
55 37 25
12 87 39
84 53 32
61 38 6
96 71 23
98 24 28
17 25 69
71 6 41
12 56 29
97 45 75
94 44 70
43 65 17
67 71 9
32 97 87
75 43 89
2 72 43
36 49 96
99 18 48
90 25 9
35 2 24
18 27 99
17 27 81
66 36 83
36 29 43
50 100 13
91 49 25
58 19 58
71 80 35
89 75 35
77 32 93
60 30 99
44 13 91
62 24 55
41 79 1
2 52 64
77 1 60
52 47 100
51 54 49
9 37 72
32 99 99
70 95 6
54 20 82
9 31 25
26 39 36
27 91 52
67 26 87
66 23 52
30 25 88
35 16 4
95 49 55
93 29 4
66 46 37
10 29 54
66 86 98
21 66 90
97 82 17
21 69 100
93 12 5
74 92 53
26 11 31
19 32 30
65 96 51
7 21 77
85 74 7
38 55 97
11 96 99
77 76 48
36 75 52
30 1 98
20 91 29
88 58 43
65 29 41
47 65 66
19 55 10
35 86 23
82 26 41
59 80 24
78 95 17
41 7 30
12 18 33
83 87 20
63 100 11
89 17 95
53 39 42
21 47 87
38 97 23
13 64 9
30 90 1
31 31 42
27 47 39
28 70 23
46 64 94
65 73 69
36 9 36
44 37 2
56 19 36
56 30 52
95 20 46
45 86 61
36 31 94
22 30 3
20 42 63
51 93 72
60 22 87
16 12 56
78 88 37
94 16 58
20 51 97
98 46 41
79 9 34
25 88 10
88 84 52
18 47 73
74 37 26
56 20 25
93 57 57
81 65 38
60 55 4
14 9 54
14 67 94
45 77 58
87 47 92
58 71 66
95 32 43
17 2 59
54 98 12
8 15 46
87 89 6
48 59 68
14 15 13
87 75 60
80 16 42
78 92 39
49 76 27
78 95 18
73 2 9
68 47 33
71 31 37
54 64 79
49 69 34
6 71 97
19 53 58
17 56 10
32 57 68
50 86 84
87 68 78
98 52 49
19 51 80
75 14 32
13 10 28
72 96 47
18 99 1
55 92 4
34 64 10
84 9 5
94 3 21
78 42 38
96 6 40
20 17 12
91 75 10
65 22 29
34 100 95
6 79 23
41 93 19
76 3 13
31 84 36
40 59 39
91 93 67
71 85 34
17 87 23
83 66 61
86 91 27
33 4 94
11 40 52
51 9 69
5 7 61
58 30 86
22 54 6
2 94 26
18 74 11
31 50 70
71 49 47
98 39 29
22 53 48
55 8 92
13 19 46
93 10 41
19 71 68
69 32 90
6 21 49
65 31 16
48 58 91
83 18 89
85 80 69
43 62 100
94 33 9
72 4 62
39 49 26
98 85 88
50 44 41
49 73 74
57 37 74
96 84 49
46 84 70
28 4 40
97 100 82
44 86 76
38 15 21
54 4 71
20 99 9
27 55 83
31 20 80
16 20 52
98 50 61
25 84 94
59 5 6
85 9 31
79 94 43
60 41 1
71 6 91
83 45 56
57 4 43
10 58 73
4 53 32
83 47 55
16 68 63
47 82 37
5 40 52
55 7 58
26 33 21
68 17 43
85 19 97
60 2 66
70 8 89
24 63 44
27 75 6
25 26 59
48 89 98
73 4 84
2 39 91
31 84 46
76 36 20
72 45 30
96 21 7
44 14 32
15 49 42
45 7 95
97 74 51
28 89 71
23 78 93
83 24 1
42 51 47
30 22 10
40 57 35
9 50 39
31 75 51
52 59 76
94 15 49
54 28 93
2 63 61
20 69 48
78 1 54
82 19 55
27 47 54
90 76 6
13 98 86
78 90 85
5 94 8
96 46 59
73 88 92
53 26 53
41 57 82
12 19 93
97 59 89
73 12 3
95 80 56
31 26 89
3 56 25
28 11 78
30 99 87
78 99 72
37 38 70
90 62 91
63 35 89
71 41 10
100 81 22
91 85 25
98 74 88
9 57 2
15 34 24
30 70 66
32 23 82
39 92 41
73 34 75
62 19 66
25 38 99
37 41 8
52 33 27
86 79 79
35 87 11
69 69 4
64 20 14
77 65 73
4 29 52
6 46 9
4 63 88
37 97 46
50 14 90
68 93 47
93 72 97
80 63 53
70 37 8
96 45 58
81 15 52
92 67 55
100 17 97
67 72 31
24 74 8
38 70 18
4 48 23
62 29 13
18 22 51
78 27 95
11 64 29
50 92 10
16 78 61
14 87 41
77 65 56
51 1 16
100 84 40
32 85 60
100 22 100
50 46 42
6 9 77
94 89 100
96 32 23
9 89 27
83 72 70
73 6 10
44 66 16
35 81 86
13 97 40
98 67 98
5 34 21
76 47 77
88 55 28
71 27 74
25 46 88
46 2 44
45 86 99
43 25 56
91 82 58
32 18 78
83 61 6
7 1 11
70 66 62
1 55 54
57 99 98
50 21 24
91 75 26
52 70 54
63 95 15
90 83 29
34 16 37
89 79 41
3 15 37
94 77 55
61 80 73
61 15 50
48 96 84
41 88 72
32 46 12
94 84 99
88 52 89
100 96 87
45 13 76
92 14 57
90 96 11
40 50 17
61 81 39
87 9 73
97 35 62
13 53 84
91 10 23
72 82 87
72 86 44
12 29 64
1 13 63
84 24 90
49 23 15
49 71 88
62 29 4
42 45 72
41 36 82
26 99 79
5 47 77
74 65 1
64 16 72
88 40 58
26 97 30
55 89 17
96 13 96
55 64 38
12 93 1
72 65 99
30 78 9
81 94 69
44 20 68
95 90 72
71 78 32
9 40 53
52 61 5
26 66 17
53 87 35
68 53 10
39 18 43
14 38 2
35 82 25
70 67 49
48 70 3
98 66 77
44 16 47
99 83 22
70 70 6
4 79 46
94 21 42
71 20 99
25 20 3
72 12 93
2 15 45
62 99 89
55 88 96
26 92 11
89 68 13
47 45 69
80 42 99
65 28 94
5 72 73
4 28 67
45 99 44
3 48 51
83 83 92
16 8 46
84 82 39
33 50 65
23 75 1
95 87 19
64 36 67
74 41 42
43 88 80
68 54 47
61 36 12
38 63 65
32 49 84
99 29 76
41 2 86
77 75 29
59 31 94
34 92 11
49 64 50
71 59 16
27 37 57
11 74 4
3 25 59
48 29 68
98 38 63
81 12 2
24 13 31
26 32 16
69 67 3
61 14 60
17 97 31
13 68 47
23 17 39
64 2 95
99 19 57
90 93 24
63 58 95
12 98 96
100 46 87
7 29 70
70 69 51
60 94 82
5 61 93
57 98 15
75 27 55
4 77 20
35 9 83
91 100 93
38 26 53
8 88 37
95 28 96
61 6 97
8 59 93
17 71 18
18 79 65
29 15 8
86 9 8
18 76 19
87 84 55
76 59 64
96 40 78
22 38 96
7 87 78
48 62 95
35 22 77
18 24 59
92 61 58
88 5 85
55 84 48
23 70 63
91 21 53
88 99 13
89 6 55
11 77 94
37 57 45
66 47 79
81 74 83
62 33 18
8 74 4
95 55 6
22 18 45
54 31 30
67 38 75
92 86 95
9 75 82
12 22 60
91 19 45
83 15 42
39 15 26
18 9 44
27 21 25
57 26 56
19 86 79
74 45 93
56 98 100
99 86 11
95 76 6
1 3 32
9 26 10
59 24 65
89 34 17
76 56 42
12 94 17
85 35 38
26 65 50
14 23 31
11 58 24
42 64 37
51 14 59
24 78 76
67 44 23
18 28 12
23 58 5
76 46 11
69 23 47
20 83 52
20 71 34
48 33 52
63 93 56
19 31 30
4 93 48
40 74 31
85 45 49
29 7 3
100 88 58
41 33 38
48 4 11
56 88 94
26 38 19
53 1 1
94 89 51
10 61 35
80 49 4
83 7 48
11 14 17
96 1 7
67 88 10
93 24 49
74 26 100
45 68 32
43 30 99
28 18 68
80 58 99
9 59 65
44 73 53
31 90 48
32 83 10
22 38 91
95 69 2
11 32 40
87 90 82
14 43 62
81 40 52
8 78 14
11 55 100
89 60 64
57 50 88
48 98 55
32 56 69
16 42 95
39 54 53
9 31 99
30 8 61
17 68 46
11 10 66
64 59 59
39 27 94
46 43 58
62 64 95
64 56 57
88 33 50
13 16 17
34 12 7
75 5 33
72 54 13
100 21 66
20 69 46
70 19 53
16 13 58
85 10 24
54 44 14
73 61 23
90 4 43
73 69 43
6 47 4
86 83 51
7 26 93
38 54 20
47 73 34
2 64 74
90 70 94
27 8 57
52 87 35
33 99 57
5 81 10
36 9 10
60 4 41
33 9 52
7 65 80
69 68 93
83 68 87
77 43 15
77 37 20
58 34 11
44 90 18
64 25 91
19 5 9
57 31 47
31 6 79
48 35 7
17 34 59
97 88 3
43 78 20
86 69 64
51 69 9
90 93 51
55 38 92
90 81 4
75 100 61
31 29 76
10 22 79
10 12 35
36 7 23
53 100 2
13 65 36
32 77 71
10 62 59
52 83 23
77 59 30
12 85 72
23 9 95
22 95 56
89 5 11
77 52 94
74 52 53
61 79 4
5 41 17
52 96 4
86 70 80
32 34 73
57 29 35
23 2 65
59 82 1
41 45 14
61 35 51
79 36 43
33 29 42
97 83 22
40 52 10
99 54 28
19 85 54
51 21 14
62 28 54
39 53 52
46 18 20
5 85 49
80 100 25
40 66 61
30 92 34
95 47 98
12 28 3
68 1 32
10 90 11
35 83 91
99 18 18
100 73 97
14 95 77
60 6 62
32 29 13
34 97 57
33 95 44
38 6 19
79 45 5
37 67 57
79 6 57
3 86 7
64 56 18
92 99 16
81 39 11
7 33 36
19 69 17
72 13 86
80 92 59
93 70 71
54 19 76
37 27 65
74 71 20
49 6 10
60 75 32
86 62 99
13 94 3
100 25 52
12 67 96
49 22 55
62 35 7
48 36 51
71 73 65
59 19 6
51 46 67
1 52 36
13 31 73
70 30 63
54 15 5
95 55 12
100 19 51
86 39 12
68 22 52
86 91 22
7 63 58
41 93 100
99 52 100
72 70 52
6 13 4
84 11 74
7 24 13
69 99 8
23 95 79
64 92 17
64 84 34
82 82 50
80 55 18
57 29 1
75 17 68
62 60 78
72 72 57
7 6 32
74 77 64
29 31 66
37 79 94
71 84 36
89 3 50
50 76 47
1 73 76
40 26 74
72 31 88
81 40 28
72 55 91
83 81 65
17 28 35
9 24 29
99 97 32
82 49 45
9 64 76
93 41 94
47 84 28
55 44 62
52 6 40
13 77 69
35 51 81
60 29 94
97 36 80
72 93 69
66 93 27
6 36 58
28 93 44
57 7 21
19 92 55
49 1 96
30 45 94
63 32 37
12 10 12
48 32 3
2 99 26
14 90 82
64 69 91
68 72 4
17 78 2
68 75 49
47 78 72
27 59 74
26 19 70
60 99 24
23 17 59
23 36 11
3 48 55
45 96 62
33 48 77
83 84 88
28 15 23
82 89 81
95 2 3
54 65 52
4 54 36
71 29 81
89 2 79
88 4 75
88 24 87
18 53 92
87 10 66
63 52 24
12 13 45
93 62 23
76 97 73
84 26 56
81 57 76
74 13 40
35 82 5
92 15 63
23 50 2
3 97 84
23 50 68
2 17 13
7 2 13
93 74 40
32 7 54
96 16 71
1 34 43
92 20 23
15 87 93
61 23 52
51 86 48
59 56 59
62 12 60
51 64 81
31 11 39
8 92 20
20 74 75
12 38 45
94 81 87
33 59 67
76 14 68
38 92 9
37 24 28
32 39 14
20 27 52
96 71 98
93 4 70
79 31 19
72 47 66
65 38 10
52 21 67
5 15 45
29 29 29
59 96 93
44 34 70
80 41 78
2 2 41
57 22 46
76 62 88
50 92 77
40 39 96
95 90 25
45 24 9
58 89 89
48 88 87
38 36 14
55 93 93
60 68 81
43 54 49
55 23 13
16 79 13
80 15 61
21 64 84
64 14 37
86 21 8
84 74 90
68 53 35
23 49 87
74 15 13
23 66 77
71 76 24
92 89 1
40 2 56
63 88 56
27 9 26
35 65 88
95 23 48
15 21 81
22 34 85
44 32 34
85 68 44
99 34 18
2 12 48
65 29 28
4 35 71
93 44 66
9 89 98
10 63 28
93 42 27
100 32 52
37 12 76
30 70 36
81 92 51
28 86 41
63 62 9
31 30 53
46 93 76
94 44 34
42 34 47
63 6 20
2 79 13
79 40 20
35 54 90
24 86 40
39 85 15
61 72 22
56 99 15
81 7 62
10 75 30
91 76 43
21 47 59
2 8 76
76 12 58
15 94 4
38 73 66
5 39 13
18 94 55
25 69 40
99 18 31
45 47 61
96 11 97
74 47 85
52 82 6
45 28 66
25 29 16
13 59 38
48 47 86
13 10 93
13 74 82
61 46 35
53 54 46
92 96 19
75 74 45
35 28 64
74 39 32
82 10 64
24 46 84
55 20 9
22 100 44
9 54 77
75 72 56
9 12 47
55 97 72
90 54 47
14 82 4
13 5 40
63 39 38
20 65 51
58 13 42
47 46 35
47 46 20
7 20 49
35 71 5
71 70 44
12 20 80
36 76 56
12 15 36
55 47 2
26 38 64
42 30 22
6 9 33
7 35 96
68 82 68
71 49 75
48 1 36
29 30 81
54 32 38
19 90 34
100 28 37
24 98 42
68 26 100
80 42 73
93 8 10
26 10 61
55 37 49
65 35 77
50 44 66
24 15 77
18 85 86
73 94 56
21 48 80
69 22 23
59 46 83
13 66 16
33 7 40
39 92 30
30 17 31
79 84 2
56 66 29
64 24 1
30 3 20
4 14 83
76 57 99
67 83 31
52 23 8
83 82 94
81 74 43
19 85 6
79 96 56
23 28 58
25 85 53
79 21 1
9 62 31
21 75 86
55 75 11
49 78 49
42 75 71
54 5 51
89 44 62
15 39 40
87 45 96
19 73 99
35 74 72
19 35 93
35 49 25
61 20 83
42 10 16
93 78 46
95 26 44
62 60 16
33 21 86
35 23 78
74 48 28
52 22 17
42 27 44
4 15 67
13 47 4
66 8 66
68 20 1
53 28 85
22 78 37
59 8 65
41 20 30
77 95 6
37 95 50
17 56 74
81 95 72
5 92 76
83 27 90
81 39 23
61 44 30
21 85 9
52 19 28
66 95 7
10 46 31
45 35 55
54 1 67
15 29 59
76 2 52
9 83 89
75 80 55
30 67 27
34 88 84
76 64 75
71 86 10
88 31 89
20 4 4
33 69 12
81 20 63
11 2 55
5 17 9
24 29 56
90 45 57
57 82 67
35 80 45
73 82 52
87 48 44
52 88 72
85 80 38
49 63 11
56 87 4
44 94 23
50 17 57
61 84 56
35 43 4
15 84 58
63 17 99
21 82 87
33 81 21
60 66 75
25 49 12
52 38 29
50 74 12
12 8 96
42 64 61
55 45 13
4 44 33
34 55 70
51 43 2
75 40 12
61 33 13
48 52 52
88 73 80
2 16 49
54 40 48
67 44 31
78 75 74
29 17 59
48 29 95
52 36 43
21 97 60
98 9 29
75 99 20
82 7 3
2 38 49
93 27 26
19 57 90
84 62 7
84 57 34
1 96 41
11 88 50
65 94 76
95 60 64
38 7 3
34 40 27
99 94 25
53 25 26
94 31 76
22 53 13
21 90 85
3 6 96
18 51 73
16 34 85
72 85 11
27 74 8
57 27 54
54 49 46
77 26 40
17 86 62
96 97 13
48 24 80
74 52 48
32 5 3
49 78 37
78 84 60
90 87 26
3 75 16
74 17 36
15 80 30
77 43 72
97 28 8
44 59 22
10 36 19
76 5 85
5 73 96
62 40 40
70 2 76
8 69 13
16 46 79
21 35 93
24 69 40
91 16 96
12 81 8
27 78 2
74 26 51
61 3 22
52 35 63
1 16 47
2 36 99
11 76 20
10 90 11
23 18 85
19 3 48
87 84 35
1 83 57
26 29 73
81 26 82
11 100 74
19 24 72
81 73 8
57 18 78
60 99 53
79 25 43
51 35 1
13 47 4
68 31 53
86 15 43
36 68 100
60 91 22
40 65 27
46 9 55
55 78 16
22 66 45
31 66 53
28 8 81
41 47 30
48 46 39
10 78 4
89 60 32
4 76 22
80 49 93
63 3 78
64 41 75
66 63 53
11 20 47
62 89 67
96 62 68
26 28 77
87 88 41
1 90 98
6 91 85
28 43 76
57 43 34
57 35 57
58 75 52
48 16 63
52 68 98
87 59 87
33 45 74
83 71 87
21 3 64
80 56 100
8 85 42
2 58 92
83 7 47
18 94 47
55 88 60
13 64 65
10 44 1
94 88 58
60 73 89
14 27 85
56 18 86
83 91 1
37 67 72
36 73 45
89 37 20
76 56 40
21 19 6
44 40 28
65 51 56
73 96 50
76 25 82
30 6 46
73 1 71
66 10 10
10 8 74
16 63 49
48 95 17
95 9 68
19 46 21
53 92 25
7 27 93
37 70 79
76 59 34
34 46 98
18 4 100
84 82 29
1 62 37
33 43 83
24 93 32
58 95 100
80 84 69
36 43 65
29 92 9
64 74 9
5 32 72
78 72 18
73 46 61
27 25 96
4 64 1
32 53 21
86 3 64
58 20 64
82 34 5
55 97 27
70 99 44
30 85 81
78 29 94
39 20 95
1 67 30
83 39 73
79 47 81
86 25 22
43 72 65
3 34 1
78 85 3
52 58 10
28 19 70
33 70 78
40 68 27
17 9 9
38 50 41
40 86 4
55 99 75
8 35 41
92 94 17
45 85 5
72 83 58
61 44 54
9 29 3
59 100 73
85 88 52
45 85 36
99 22 46
67 19 96
37 19 92
36 60 35
46 8 33
47 6 49
26 62 80
14 34 78
46 95 76
91 11 50
100 46 21
82 79 65
39 40 23
53 38 94
73 22 79
96 87 6
64 31 14
76 52 30
60 13 90
1 84 17
76 45 47
40 12 100
46 88 69
58 45 55
60 4 60
18 17 21
37 81 33
68 75 30
60 1 50
53 44 11
39 62 62
41 46 32
28 47 92
89 74 44
95 61 54
63 97 95
32 92 86
4 57 1
31 72 16
93 55 15
81 90 5
63 97 79
85 39 93
14 66 5
75 90 79
9 42 83
11 20 12
42 72 58
72 88 100
34 95 82
50 47 46
7 32 57
36 11 51
87 70 70
45 78 63
46 41 58
3 20 60
81 21 23
56 90 76
42 52 100
34 100 34
6 98 6
32 25 72
8 33 63
60 40 34
77 28 77
46 9 7
21 99 40
32 77 67
43 97 70
70 80 14
70 50 55
41 30 24
34 80 45
82 99 65
33 24 68
73 1 79
53 81 73
63 77 28
8 87 27
8 36 89
97 75 79
97 11 57
66 46 34
19 46 21
59 37 16
52 100 36
74 7 13
40 54 10
50 38 99
52 82 68
48 67 33
7 16 76
30 72 8
40 78 92
54 59 46
94 48 7
61 58 14
36 17 72
7 38 25
27 14 22
89 30 42
64 94 24
84 21 75
70 34 17
44 37 31
73 90 42
44 33 74
76 72 40
19 53 63
93 80 98
42 65 21
53 99 77
4 52 84
36 36 79
40 66 83
44 5 72
20 92 100
2 84 100
77 83 66
79 46 64
19 12 27
72 99 74
34 22 61
38 70 34
9 58 43
73 27 12
41 26 62
47 84 6
48 68 83
32 86 68
73 28 83
27 98 54
31 22 98
86 21 96
34 99 19
33 95 52
1 27 22
87 94 50
53 9 64
81 12 60
55 72 87
27 71 8
20 43 36
96 40 5
88 22 87
79 58 29
75 90 85
65 21 96
13 100 20
79 29 35
6 47 23
1 23 46
61 69 3
52 16 12
1 90 43
48 53 95
49 58 21
28 49 18
49 14 34
36 76 21
47 28 69
77 70 62
19 7 12
24 89 39
18 27 79
42 74 68
50 40 71
18 43 50
12 84 5
34 5 84
5 83 37
64 31 8
90 41 72
46 61 94
15 82 12
2 73 89
18 34 13
57 38 7
33 4 53
49 78 9
49 60 99
30 46 89
8 29 42
33 79 7
78 62 6
41 57 90
69 9 82
45 53 26
16 89 55
52 99 25
43 45 94
63 24 67
95 47 80
37 99 6
41 89 21
52 7 11
6 17 90
90 22 98
2 99 19
57 83 21
46 25 69
76 7 32
68 76 4
52 69 15
10 93 85
70 24 1
58 51 68
96 35 58
58 7 30
52 42 9
43 29 75
92 38 52
16 67 11
64 89 11
82 14 43
33 3 21
29 14 17
22 19 93
90 29 30
68 74 35
83 12 84
45 88 5
17 53 95
8 79 73
13 7 68
85 16 61
37 86 83
15 47 86
93 70 94
65 21 48
65 48 14
52 85 44
84 21 44
97 50 22
73 63 23
48 29 71
7 61 35
80 31 19
59 54 13
49 60 22
39 48 78
63 22 61
88 30 13
59 10 70
69 12 7
51 57 12
13 64 59
52 74 8
16 62 60
63 47 74
84 58 91
10 42 50
55 81 47
52 96 84
58 77 35
9 94 20
37 6 69
83 5 46
64 3 8
28 98 82
69 27 79
28 50 70
71 25 40
76 60 28
61 20 93
3 86 4
72 84 92
84 32 82
52 65 94
21 12 70
19 33 76
49 67 14
83 84 1
22 54 81
50 21 97
15 13 25
97 51 56
29 80 60
54 48 80
98 22 43
49 51 32
17 58 61
8 32 8
69 34 22
7 17 89
78 76 25
77 86 35
51 12 81
35 97 27
53 17 81
68 64 60
82 73 79
65 4 57
17 95 93
29 5 89
60 40 63
94 20 30
100 40 6
56 60 69
54 79 87
65 15 7
68 25 67
39 4 79
12 20 70
53 69 33
68 78 95
4 57 11
35 84 71
99 17 45
80 77 32
68 60 5
12 53 74
81 84 19
79 65 31
21 58 75
34 23 86
86 44 76
55 48 7
39 70 1
48 64 39
46 42 96
19 60 14
91 50 73
66 56 65
13 65 16
84 97 93
14 21 31
45 85 96
23 21 44
82 54 59
97 57 60
63 25 61
91 62 51
9 93 49
46 71 11
31 18 30
57 55 48
59 99 76
48 89 86
54 24 92
78 46 54
14 93 46
31 59 43
90 100 31
93 87 64
89 21 2
37 41 94
88 23 82
16 38 23
40 47 89
100 96 28
59 67 49
92 75 14
95 18 29
45 5 73
100 27 84
76 81 45
74 49 10
16 45 13
76 23 2
71 81 94
77 80 24
9 69 20
83 29 35
58 32 93
34 81 23
78 95 89
100 11 21
12 17 65
53 59 51
22 29 12
68 19 50
69 17 78
42 87 23
36 13 60
59 90 12
41 60 69
70 83 34
93 99 95
41 31 38
4 27 51
62 26 38
45 60 93
35 36 29
13 34 28
86 71 95
81 29 33
70 36 93
52 17 54
38 97 91
98 99 16
12 72 72
30 84 95
47 69 95
70 15 60
16 6 78
59 47 65
56 70 75
86 2 2
90 10 100
7 70 83
90 62 51
40 35 54
31 42 87
33 16 12
5 60 58
95 94 19
81 45 32
13 26 92
41 5 77
5 33 96
77 8 81
71 39 77
3 31 92
27 93 15
49 81 3
6 95 63
60 15 29
79 24 21
99 64 64
8 81 71
29 58 51
19 59 22
58 63 42
51 30 31
7 19 11
43 47 56
7 77 25
94 65 73
100 92 99
70 26 31
80 100 68
37 89 23
33 24 25
73 25 66
92 59 14
3 61 15
34 42 96
39 56 99
99 62 85
75 37 97
75 52 84
70 83 86
19 72 66
45 80 22
14 52 67
50 43 14
73 69 21
84 79 32
60 71 95
22 50 77
83 30 42
56 76 41
57 66 77
21 61 47
99 76 28
96 3 38
51 17 41
74 2 43
98 18 17
94 38 63
84 20 30
23 15 93
61 92 29
60 61 38
51 93 8
14 7 34
82 89 36
32 94 32
73 69 60
5 29 51
29 1 93
83 87 39
54 77 38
28 40 75
50 6 25
44 31 11
99 25 62
95 39 6
26 27 17
1 44 48
68 23 75
50 29 70
70 30 29
45 94 87
70 56 40
79 63 31
64 26 9
17 47 94
2 11 19
41 37 91
40 97 25
33 69 55
66 1 59
15 34 71
82 21 68
93 100 3
44 25 33
79 53 92
73 60 63
80 9 31
48 6 99
75 48 25
94 83 74
14 99 25
78 74 100
13 60 61
90 20 70
77 41 51
48 19 4
81 54 17
56 70 22
27 89 8
61 99 88
33 72 38
34 62 6
31 91 95
97 28 12
52 4 81
70 71 89
3 53 58
22 8 38
67 71 95
63 85 68
25 84 9
65 92 86
58 5 90
12 60 15
71 44 20
46 83 48
27 45 7
60 63 79
71 29 65
89 20 7
97 14 98
92 86 92
45 82 77
87 26 38
63 49 91
97 89 3
85 9 14
13 33 26
36 98 87
31 59 40
58 68 67
80 27 10
78 24 3
67 5 42
51 60 12
53 67 96
43 99 81
42 89 46
16 43 59
65 36 81
58 50 20
98 43 67
86 53 61
93 10 81
89 71 28
30 64 67
33 76 90
27 66 73
74 93 44
55 55 58
36 11 26
65 100 7
69 100 31
21 87 95
11 97 37
22 92 53
63 53 53
93 46 85
71 25 71
77 59 30
21 68 21
7 41 34
50 5 66
90 56 99
73 33 43
100 34 50
94 76 2
73 48 87
2 56 41
92 85 71
81 28 73
99 34 61
19 15 100
22 58 28
21 18 65
95 89 82
72 97 70
63 83 41
24 3 13
26 19 16
58 27 35
9 26 21
15 60 11
17 19 99
49 78 23
34 19 12
6 5 10
1 9 9
21 37 97
62 95 96
66 9 35
89 66 55
30 20 90
89 17 72
75 59 82
67 8 30
50 20 37
100 27 57
66 3 14
21 65 9
52 87 17
90 78 73
60 89 46
53 17 82
7 37 45
94 99 66
64 92 46
67 76 4
36 83 3
84 16 82
46 79 13
20 9 64
64 65 92
5 11 27
22 44 52
72 27 78
6 48 11
40 47 20
77 58 67
22 84 10
87 53 35
99 32 7
29 40 35
68 41 7
5 74 99
82 52 25
97 63 19
90 21 26
72 1 35
22 81 18
7 3 94
50 29 51
76 64 30
1 51 41
83 52 26
69 7 64
7 63 99
14 55 76
70 91 15
55 33 6
86 10 81
3 76 75
28 27 9
68 69 30
79 64 3
14 47 20
69 88 87
30 29 35
29 30 92
24 75 1
15 31 25
52 93 100
18 83 51
93 45 67
76 52 28
38 39 1
36 67 73
63 87 5
13 53 55
57 26 56
24 39 8
6 95 70
20 92 92
45 91 78
13 9 17
43 59 14
98 78 46
29 48 64
67 94 88
29 37 50
43 73 87
67 30 54
87 86 19
81 98 51
67 20 30
65 40 94
40 51 78
49 96 9
34 58 93
36 71 94
89 58 80
67 58 29
33 4 90
45 41 32
97 34 59
88 94 1
18 85 17
95 53 35
76 87 75
23 11 11
17 56 75
4 88 37
62 98 29
67 91 44
3 34 55
34 1 56
5 60 58
52 63 59
59 61 85
86 12 82
29 56 32
15 40 25
49 14 68
45 33 13
40 48 64
9 85 48
14 88 62
52 98 80
61 61 45
75 36 91
47 24 75
30 22 47
24 32 58
96 80 7
89 57 20
1 32 83
14 84 97
94 92 62
100 77 63
80 90 54
88 55 4
82 62 17
43 57 52
75 81 98
79 35 16
12 23 46
93 13 67
6 15 12
5 13 19
48 84 82
68 17 31
1 69 63
36 98 19
75 35 36
100 98 64
36 3 74
74 97 20
67 60 72
86 59 22
20 97 84
86 32 1
38 34 17
68 90 44
53 87 53
27 66 23
36 56 74
83 98 71
98 51 27
3 92 28
84 87 91
58 85 51
6 8 51
74 92 63
97 10 50
96 93 72
64 83 68
45 82 100
46 99 77
22 16 43
1 93 10
81 4 81
91 64 21
57 27 59
11 26 90
95 46 37
6 47 14
40 5 99
31 11 40
82 12 55
26 41 53
20 21 48
90 13 19
45 98 91
76 41 96
74 45 13
96 27 94
33 4 50
80 90 8
54 45 36
33 51 69
69 17 18
15 85 68
93 54 94
23 96 27
6 79 52
52 95 13
98 84 79
13 2 85
63 17 7
74 63 14
56 100 50
38 31 95
80 73 45
82 57 23
39 13 85
73 83 6
44 71 23
40 70 38
3 23 27
72 26 70
10 100 38
42 21 37
4 23 96
99 21 74
48 42 80
55 11 84
61 39 43
59 49 86
12 61 44
99 78 7
60 79 85
26 4 37
46 57 5
33 33 11
7 59 39
51 53 18
51 93 44
95 13 47
30 41 48
43 37 17
87 57 24
5 63 83
44 99 60
1 48 40
41 31 46
56 57 33
22 27 62
39 8 71
84 49 34
96 90 16
91 86 6
34 35 16
49 27 43
7 56 6
57 39 63
32 18 96
71 83 48
81 79 72
49 27 73
66 52 43
81 63 100
95 13 65
60 6 88
12 9 88
60 95 30
48 49 14
26 86 82
84 90 60
69 90 70
82 87 78
30 89 80
1 44 50
14 100 31
100 33 46
48 84 24
30 78 64
96 86 61
53 15 96
72 89 81
37 82 55
12 8 75
42 95 82
20 78 35
3 59 2
46 25 86
28 52 69
30 98 79
80 23 11
71 17 2
32 88 67
39 81 57
49 68 16
28 6 44
4 68 97
9 76 17
30 74 30
91 89 45
25 42 89
38 17 21
33 13 91
50 25 19
96 91 31
86 12 100
26 72 90
93 52 38
75 35 11
16 94 86
25 23 52
11 85 62
67 76 96
34 48 21
63 77 73
82 5 80
81 32 44
97 83 73
62 86 59
72 37 94
94 97 92
52 91 91
99 21 59
70 27 92
91 43 47
96 92 89
8 9 29
81 15 25
29 38 66
55 71 8
15 56 69
32 27 4
88 84 48
24 48 66
84 45 34
46 53 96
9 60 12
7 44 8
65 98 76
50 91 36
81 80 6
27 5 83
55 52 23
18 57 79
21 85 47
65 70 96
27 45 70
98 46 54
86 28 67
92 76 6
79 49 12
8 78 50
26 68 59
43 10 25
95 80 4
23 63 9
79 25 8
10 28 45
55 65 40
10 4 100
28 100 62
74 34 89
64 50 11
91 70 50
90 27 21
29 78 69
62 53 36
86 10 39
58 62 100
2 38 39
8 93 93
92 56 63
67 36 98
13 62 100
10 67 25
25 47 24
50 97 2
51 87 22
13 39 66
78 27 11
7 13 47
98 97 27
94 30 55
61 87 66
42 94 47
74 23 7
89 66 89
6 10 51
49 90 86
47 62 40
99 95 16
72 23 91
44 18 63
2 39 6
44 90 55
44 33 37
28 57 96
18 49 38
58 3 38
58 46 38
57 83 66
73 22 91
65 69 77
31 57 100
55 20 87
81 12 47
8 89 97
6 19 98
38 44 21
65 89 3
82 19 17
25 14 66
21 58 47
49 92 65
22 57 33
81 33 89
15 46 74
71 87 35
65 40 45
41 9 99
2 85 47
70 66 45
76 72 1
59 5 72
97 66 42
95 18 17
5 19 92
68 6 53
61 9 7
51 15 29
52 86 36
2 96 87
32 66 15
61 11 81
70 45 7
85 27 94
55 65 87
77 87 54
85 80 47
94 48 56
32 98 44
2 36 22
83 55 85
66 42 22
73 63 95
26 37 65
56 5 49
52 54 3
100 26 80
14 84 26
76 10 38
96 14 58
65 25 52
49 35 14
12 74 51
59 8 43
4 82 84
89 30 97
85 71 63
62 12 4
88 54 84
65 65 69
79 43 11
62 10 38
73 24 16
79 11 24
35 21 75
52 74 51
60 51 69
8 43 36
62 20 46
62 26 34
73 11 91
7 91 13
45 73 99
81 3 67
12 83 98
64 92 61
72 40 66
2 29 54
60 47 12
90 26 16
5 91 88
55 38 48
59 7 67
45 56 42
8 84 85
51 17 43
81 55 63
25 100 17
85 15 19
85 70 33
25 48 10
61 7 38
18 65 15
16 49 33
15 90 21
39 44 22
75 40 45
27 56 56
88 10 14
53 99 83
40 53 5
43 42 7
10 34 18
83 35 10
66 68 95
15 64 39
8 52 98
76 28 30
68 78 85
49 59 43
71 54 98
94 63 93
66 93 74
57 17 1
31 34 77
6 30 41
56 16 83
98 21 46
5 2 94
88 96 55
2 43 58
37 73 9
82 90 66
91 60 8
96 20 85
24 92 76
93 23 46
31 97 48
30 2 93
2 88 46
13 60 89
56 92 67
1 61 85
67 58 35
6 4 46
21 38 82
48 89 88
63 2 14
97 28 45
12 32 12
95 55 99
75 34 72
40 20 25
8 29 8
26 19 55
50 62 89
56 97 85
50 17 13
81 55 61
59 23 70
52 33 2
57 95 42
56 44 17
88 98 46
53 71 12
76 41 69
37 88 55
67 78 79
12 75 63
69 44 11
41 98 52
72 72 100
37 7 64
59 31 78
71 43 40
68 67 40
67 86 77
8 6 18
94 1 64
49 35 79
98 59 85
56 52 60
85 66 83
49 25 13
66 23 66
4 53 4
71 54 8
76 89 59
76 93 82
21 6 66
72 69 8
50 91 55
41 39 77
50 38 46
99 36 16
17 50 9
53 42 19
8 11 25
4 64 41
81 63 81
83 48 67
37 66 56
56 3 65
17 8 36
63 2 28
92 44 32
98 40 72
17 48 49
24 33 61
58 19 85
23 94 67
95 62 75
92 97 34
11 99 95
48 19 14
67 41 26
80 43 62
99 50 49
55 53 34
33 33 22
89 42 27
42 15 95
36 85 81
23 25 50
24 43 58
23 40 59
13 84 14
6 52 86
48 23 17
72 12 38
42 94 94
72 54 40
78 9 59
65 7 73
51 28 29
67 6 69
84 5 26
19 84 73
70 33 2
69 95 67
15 44 49
54 89 43
62 15 92
100 82 88
100 80 56
1 35 17
45 48 59
97 50 15
23 56 45
77 15 88
64 12 39
24 46 96
23 13 99
94 57 29
45 50 50
7 50 56
21 79 3
54 27 66
91 28 1
91 84 26
65 82 79
78 60 92
74 37 55
83 67 25
37 70 46
58 95 3
77 62 100
82 19 5
75 4 48
31 97 21
57 97 4
4 95 1
21 37 75
41 35 21
11 35 79
86 39 48
53 88 75
87 86 2
26 30 51
85 55 2
55 27 98
56 34 70
61 28 35
32 62 56
49 97 84
99 60 29
52 37 91
34 57 28
62 100 72
6 3 35
5 94 36
11 16 88
51 36 33
59 82 6
97 72 43
29 13 14
36 73 15
6 11 51
27 3 92
17 65 23
6 13 69
1 75 1
62 67 53
75 24 26
78 84 89
56 64 28
50 18 75
17 18 99
8 72 13
91 37 4
97 23 12
17 41 29
15 74 91
75 35 35
18 31 29
5 1 24
29 29 49
89 15 53
6 25 60
3 96 69
24 32 16
98 17 29
3 56 44
85 29 70
82 61 83
5 72 47
23 67 78
46 2 45
3 86 52
25 62 91
80 11 35
77 48 69
63 67 63
90 69 20
93 20 76
86 3 69
100 56 13
61 90 69
47 5 44
49 95 96
55 5 65
90 83 71
38 28 97
28 52 39
34 28 39
28 81 40
99 79 4
38 45 30
65 94 49
87 74 5
92 68 62
100 78 47
94 65 56
85 60 88
61 63 36
18 19 55
20 66 93
32 30 42
23 52 60
91 26 98
67 73 96
40 32 55
50 97 71
95 64 78
91 67 45
74 35 28
80 72 7
3 68 44
34 37 88
78 47 50
7 38 3
94 44 100
54 6 28
57 24 82
54 73 54
11 59 7
94 73 69
100 80 20
1 46 58
94 8 9
47 96 89
70 3 20
17 34 7
18 35 74
92 19 84
11 4 29
95 1 41
62 71 93
81 9 75
62 37 51
37 5 55
44 29 63
85 21 32
61 75 20
88 95 25
88 4 85
47 65 4
42 67 6
29 11 35
8 87 92
31 58 16
88 48 48
89 2 22
9 60 15
73 5 13
5 29 7
73 51 32
15 22 93
68 36 78
69 15 38
33 20 24
14 50 13
15 80 78
15 5 49
72 56 43
43 19 27
15 57 95
8 62 10
94 57 45
78 17 71
28 80 89
55 39 17
38 47 8
3 74 94
83 41 26
17 62 84
94 50 11
46 80 89
94 44 94
1 61 74
58 51 74
97 90 23
48 73 28
51 29 58
17 33 27
69 58 3
86 21 6
10 2 97
61 79 44
93 59 35
91 39 51
100 30 56
33 75 40
84 51 96
21 1 47
69 52 98
13 85 94
50 73 77
54 74 53
50 1 15
62 98 42
72 6 89
27 15 90
100 21 89
55 70 18
30 96 98
7 16 92
4 22 56
79 9 16
18 45 65
49 22 30
3 30 56
81 33 82
88 35 26
93 82 13
30 43 80
41 10 70
22 77 59
53 93 63
51 86 81
47 18 99
33 4 67
73 7 1
94 13 60
82 11 87
90 94 87
21 24 49
45 98 63
98 65 61
14 9 55
31 43 31
79 41 99
85 20 83
90 23 39
33 7 15
91 48 10
74 85 50
61 54 28
41 57 84
86 98 72
68 88 63
6 8 90
9 98 15
82 38 38
57 33 97
54 29 3
9 5 95
20 61 49
87 85 94
81 32 74
96 7 66
26 60 31
65 26 76
7 89 14
45 9 61
24 37 97
69 23 75
67 29 56
7 78 66
62 90 13
62 18 29
49 70 47
68 92 30
4 49 57
37 63 23
24 78 74
32 6 30
76 67 37
51 5 47
8 5 37
92 60 5
74 5 47
25 37 94
83 67 83
24 65 73
55 77 81
25 27 98
55 76 44
13 56 84
6 6 22
78 80 83
55 7 83
64 3 27
7 79 62
92 82 18
91 95 1
54 49 92
49 40 11
43 81 66
7 63 61
86 28 70
93 54 98
43 4 97
71 1 51
26 36 94
43 7 37
17 59 85
38 89 11
36 64 82
42 91 84
78 35 93
97 56 18
28 77 18
53 57 51
98 23 5
53 72 61
21 41 83
16 34 54
46 42 73
26 47 29
37 41 11
21 6 48
15 16 99
26 36 49
12 64 97
37 83 81
69 58 66
5 72 15
70 13 81
22 18 65
20 69 10
66 43 17
97 8 55
45 41 40
97 83 95
41 32 77
1 45 30
20 22 94
42 4 92
30 41 41
62 40 45
44 95 57
26 15 81
96 49 64
6 13 49
86 87 49
91 23 39
56 83 73
31 95 28
49 28 10
91 14 68
46 77 3
51 42 67
42 31 51
32 82 6
65 51 14
90 28 66
13 98 32
99 31 99
12 24 47
73 44 20
26 46 83
40 50 83
47 59 95
52 68 22
37 4 2
5 14 78
26 14 91
92 22 17
13 39 99
87 87 20
78 15 98
58 92 18
45 52 91
95 93 63
54 100 89
40 5 23
74 29 90
59 12 84
33 99 24
48 43 12
30 40 22
86 24 55
87 10 14
53 63 4
62 42 82
55 98 68
25 29 55
86 28 14
17 4 47
12 69 10
10 5 37
72 91 94
9 6 65
87 23 78
81 87 99
33 75 80
51 95 11
80 25 72
20 96 40
97 45 56
12 72 80
86 84 22
5 85 28
11 43 27
32 54 83
97 71 24
11 73 15
33 19 37
40 14 10
38 100 65
6 73 33
25 37 29
42 62 78
13 78 19
12 12 29
80 27 89
84 55 87
42 64 12
86 68 95
90 78 9
80 58 84
100 47 100
92 46 70
80 48 35
5 67 23
83 45 16
100 87 94
66 93 99
67 2 16
52 57 72
20 78 47
72 25 1
1 53 16
68 48 89
52 76 82
99 26 38
53 45 17
7 51 53
25 72 65
38 66 85
54 8 96
96 57 31
84 29 5
98 34 24
40 32 11
39 100 46
83 98 96
5 16 33
12 70 62
86 22 33
30 30 71
84 82 13
76 26 99
76 73 84
15 61 75
85 13 38
15 56 67
62 10 26
73 45 89
10 98 66
50 2 60
71 1 49
59 85 9
56 27 69
22 88 96
82 62 74
100 73 53
35 55 51
31 53 51
99 8 73
11 20 37
12 36 58
51 54 32
27 82 23
68 54 41
26 30 59
44 24 99
47 10 43
18 94 53
25 75 24
24 54 16
1 16 9
8 64 81
66 44 15
60 91 70
79 10 93
16 59 21
3 67 36
57 16 71
60 65 81
100 29 67
90 96 61
7 92 95
59 37 61
78 72 69
80 5 45
40 59 11
100 40 46
88 100 19
85 77 75
24 69 16
13 61 40
69 17 2
99 99 22
80 91 17
95 69 52
18 91 27
17 33 79
20 38 27
99 71 41
58 59 51
82 86 96
58 62 52
37 42 64
36 70 76
50 94 12
73 45 52
12 35 73
94 91 74
57 66 100
68 12 59
65 69 59
96 23 55
48 63 7
70 7 38
44 7 84
60 25 45
25 81 62
76 2 7
75 15 55
22 47 41
49 32 62
75 80 60
31 38 57
84 11 20
94 44 67
68 8 44
59 78 16
46 91 72
98 49 77
29 57 35
44 78 59
70 68 41
37 72 2
93 16 77
72 38 73
85 1 7
65 48 54
81 3 83
75 24 94
72 46 91
77 55 64
8 23 48
11 50 90
48 17 98
4 36 61
22 99 50
22 84 74
46 71 57
88 7 10
7 56 14
28 84 8
90 22 79
89 21 79
97 26 99
14 55 100
5 9 89
99 36 73
99 60 46
58 45 36
87 80 51
80 40 24
69 1 88
36 99 91
72 30 63
45 90 52
21 51 25
57 74 70
53 44 23
7 43 43
52 50 5
42 81 10
42 66 26
95 11 25
78 60 51
20 44 7
80 24 12
78 64 30
85 7 11
74 15 77
36 33 36
79 49 98
96 90 91
30 73 76
2 6 64
25 24 48
29 97 82
56 54 54
57 93 54
49 3 63
93 64 88
11 32 31
79 46 26
16 79 100
59 83 1
91 57 25
73 23 86
59 82 97
90 79 69
69 53 13
6 93 75
42 96 73
36 10 75
64 98 42
68 58 72
46 58 93
42 22 29
43 52 75
83 4 43
89 67 18
15 97 99
43 94 71
48 37 96
49 42 37
24 29 38
44 3 8
49 39 66
76 38 7
16 67 31
13 93 31
72 62 37
4 28 31
74 82 85
40 80 57
38 40 61
37 32 10
12 27 85
45 71 56
83 52 3
48 2 35
65 98 47
89 20 47
94 96 28
32 70 9
95 20 10
84 50 65
21 92 30
36 20 82
66 56 11
49 88 5
11 81 100
87 43 41
70 90 80
46 21 42
59 81 31
5 8 37
85 68 37
11 12 25
75 70 49
70 81 41
41 70 11
34 12 38
71 5 18
32 48 87
40 4 4
42 54 71
81 68 17
70 68 84
78 24 15
20 11 65
27 25 97
6 3 72
40 96 14
21 52 44
22 97 94
27 56 1
20 56 37
52 93 35
87 88 36
70 1 96
78 60 39
77 80 90
3 19 83
79 46 81
31 73 53
45 41 92
68 34 38
5 1 54
60 59 48
91 4 82
76 61 90
50 5 65
82 45 4
52 84 62
13 1 70
55 83 8
87 55 74
25 34 98
39 11 21
28 55 43
28 66 26
31 8 12
32 71 37
43 40 14
37 26 25
79 88 27
63 68 6
68 46 89
63 57 9
98 72 72
86 40 74
81 33 31
76 32 65
88 70 81
15 18 54
36 70 64
91 87 7
33 31 63
81 30 66
59 75 99
90 76 8
13 58 37
1 37 4
84 81 76
59 42 98
83 75 12
5 81 1
48 82 42
3 69 82
47 18 79
85 86 88
40 75 6
26 66 21
39 25 26
57 95 12
84 7 64
54 70 97
47 62 93
27 57 19
49 57 60
31 49 79
40 10 66
45 66 90
76 77 51
85 34 18
74 69 94
70 48 33
8 58 66
42 63 17
25 79 58
26 34 29
68 54 57
52 23 2
41 5 13
22 82 2
35 70 22
1 29 57
28 50 14
64 2 72
97 43 41
1 66 94
39 67 49
14 62 22
22 100 66
37 73 65
96 54 2
13 12 100
13 76 47
15 62 48
14 64 58
76 52 68
12 1 62
17 74 10
89 74 33
68 77 92
74 78 9
76 45 56
51 27 36
11 96 74
39 70 65
31 17 22
99 53 52
46 37 37
56 56 89
64 35 90
39 20 80
17 79 76
51 19 14
79 15 82
93 15 36
28 100 49
37 29 29
65 98 50
79 42 36
86 33 42
62 72 27
54 98 34
53 77 82
63 73 86
91 54 72
91 66 55
38 4 65
59 61 72
56 79 27
11 64 78
33 60 45
55 74 52
36 61 14
46 94 1
64 99 70
46 73 49
47 35 99
22 100 29
92 75 69
51 73 96
22 36 94
16 46 40
14 62 11
27 40 31
88 80 74
23 49 66
23 35 49
30 84 20
92 81 21
36 90 38
31 86 19
41 54 1
5 70 30
20 29 85
45 50 100
22 55 25
82 40 18
25 34 70
36 83 10
10 2 18
89 29 27
47 99 56
85 29 55
16 63 6
57 65 2
71 70 65
78 52 80
14 97 44
20 95 19
76 15 30
67 73 52
32 28 90
93 63 85
17 73 65
20 12 75
78 81 2
38 76 4
78 91 18
28 78 98
51 55 4
90 78 28
2 64 91
15 92 44
38 16 95
94 64 91
90 42 89
9 5 31
56 24 4
1 40 96
77 74 66
64 43 36
9 29 78
39 78 71
42 63 78
18 76 16
14 97 56
38 21 43
17 96 35
91 81 64
19 29 94
95 61 1
48 9 33
53 7 66
26 34 5
25 90 8
54 29 58
65 11 31
99 16 55
27 54 54
29 76 97
5 64 99
82 54 95
76 5 59
64 56 66
25 1 100
58 41 2
81 54 6
50 26 70
4 53 35
45 43 48
83 21 66
90 91 7
66 73 30
45 6 89
27 98 36
92 27 29
16 57 59
40 15 82
23 51 67
83 45 32
21 98 55
72 73 66
51 97 1
52 31 8
77 20 76
83 91 85
38 87 90
26 47 60
18 73 86
87 63 97
57 61 40
64 10 96
98 83 16
74 50 84
49 79 60
21 39 13
95 14 23
98 17 35
77 41 70
63 1 71
58 23 60
17 22 46
27 96 77
31 75 12
96 78 35
72 25 28
8 76 62
76 73 71
35 81 32
14 97 56
1 85 95
48 100 76
22 81 57
73 4 10
58 100 44
56 90 51
19 23 35
53 64 68
5 17 5
46 95 37
35 75 87
76 21 12
32 88 19
66 28 87
1 7 34
87 15 91
51 43 29
83 38 39
33 39 58
63 37 68
92 15 93
14 100 43
83 62 80
6 82 4
47 88 12
3 100 28
69 64 10
39 14 72
78 33 43
22 52 52
90 91 72
74 78 17
97 25 47
98 30 15
78 17 97
6 11 16
33 91 99
33 23 48
76 37 16
70 14 27
4 34 44
20 9 21
89 43 12
98 69 20
93 90 97
34 2 13
2 42 32
57 56 11
13 71 49
87 44 94
45 8 23
50 54 34
83 97 54
99 38 3
4 22 26
36 48 41
15 80 65
41 93 25
23 87 60
11 38 34
62 75 25
44 18 11
83 9 26
11 98 6
21 16 8
84 96 69
54 70 36
100 61 91
39 77 48
65 3 17
62 58 10
24 26 28
80 57 42
82 68 97
43 85 52
59 61 25
64 12 50
95 7 70
39 85 17
19 41 44
69 45 72
9 25 66
35 53 98
56 48 46
89 44 92
56 34 87
21 23 90
3 4 75
39 75 50
63 97 56
59 72 30
22 19 35
62 44 91
85 52 66
23 91 53
78 89 90
72 15 79
51 43 13
25 33 92
79 34 14
12 51 3
81 40 21
18 44 40
74 75 55
6 66 84
29 39 6
45 13 92
64 18 18
94 32 21
98 66 72
87 83 94
28 72 49
27 80 31
26 45 37
50 79 80
69 19 27
57 85 56
81 58 20
31 77 8
81 8 30
85 91 47
78 40 55
39 12 18
86 70 52
36 70 88
66 75 18
8 59 32
97 23 1
54 8 3
28 30 79
42 81 37
90 100 14
66 41 7
94 10 41
95 37 17
54 69 86
85 48 73
59 34 45
45 99 86
97 27 9
91 48 56
60 82 76
67 41 81
29 62 22
65 93 100
36 5 18
81 13 26
38 35 28
48 78 4
92 74 95
9 26 93
61 91 49
38 55 89
79 46 70
41 89 5
79 40 50
9 11 22
10 84 35
12 49 41
60 68 56
10 90 40
15 71 68
21 22 70
93 65 72
94 87 59
96 14 67
25 46 84
68 25 43
47 12 74
44 20 38
35 67 3
92 64 29
9 6 76
67 56 10
76 7 55
27 39 30
29 54 89
33 54 25
76 98 26
6 95 19
89 36 88
48 91 64
85 58 46
52 85 70
66 12 58
9 12 49
91 40 3
8 18 9
10 84 37
27 38 55
7 48 74
63 24 1
71 92 39
37 89 98
98 82 87
15 36 74
63 62 53
63 70 50
50 30 14
39 91 79
89 62 68
78 71 33
56 97 6
64 86 53
40 53 10
33 94 20
42 18 74
81 17 23
91 37 62
84 31 75
79 53 42
11 57 32
42 12 81
94 54 52
50 68 90
99 68 42
97 22 35
47 26 44
34 53 76
60 58 22
56 40 83
21 34 94
58 39 76
83 30 69
80 77 42
52 92 67
57 81 37
96 93 25
47 40 92
58 10 63
81 43 40
68 59 90
9 79 41
31 2 10
35 40 49
23 64 14
26 57 50
2 22 45
55 13 53
41 56 96
19 37 10
67 70 47
42 63 10
37 86 31
64 48 71
97 99 68
63 34 47
40 47 42
89 93 51
57 96 47
32 88 38
4 6 70
52 18 19
93 73 44
81 60 30
14 6 30
5 17 66
62 81 12
23 89 6
3 47 62
63 96 33
92 96 30
27 12 45
13 21 41
46 53 99
50 43 57
27 54 50
47 84 53
55 31 22
5 78 39
98 44 31
48 4 71
76 52 84
97 41 73
35 7 71
55 63 5
90 79 51
61 14 21
45 44 76
28 45 39
10 90 38
71 53 58
95 98 10
48 18 48
43 17 55
7 63 73
13 76 91
34 89 68
60 84 76
10 65 73
87 83 53
94 38 95
16 100 54
34 77 35
94 26 14
13 8 85
50 10 58
79 82 27
75 76 40
84 80 98
53 64 59
85 83 76
96 46 74
30 89 8
35 54 78
42 32 41
21 7 20
8 5 23
24 73 66
19 86 27
87 49 4
9 31 40
81 81 83
43 32 96
89 19 87
38 91 27
79 56 73
84 82 86
97 40 34
4 42 20
83 3 21
17 28 32
86 17 36
30 67 4
51 42 85
70 2 71
71 43 45
65 36 86
14 29 4
54 65 69
36 44 66
67 52 33
57 5 90
23 52 23
83 82 14
97 41 71
63 61 85
5 84 92
68 83 8
34 50 34
26 76 76
78 38 61
67 7 11
26 23 52
89 12 88
58 84 81
73 36 66
94 82 54
51 55 14
52 29 7
8 24 91
73 26 72
78 67 99
95 51 25
93 80 86
69 84 4
12 96 29
36 95 19
30 13 58
28 41 61
48 21 5
28 41 66
3 58 87
4 95 80
54 78 20
22 46 19
79 64 50
66 30 21
62 34 30
49 79 26
17 96 70
57 65 26
72 10 46
9 31 49
64 53 93
86 29 38
100 31 55
68 42 60
80 66 28
2 27 88
39 10 66
3 16 23
52 6 68
35 22 14
65 84 12
23 42 45
70 7 65
19 3 90
28 22 72
90 78 9
24 32 72
15 78 26
46 58 75
45 13 48
6 15 28
16 43 13
17 68 59
16 80 4
100 75 45
67 37 29
74 36 75
96 25 22
51 47 28
19 55 8
59 28 8
2 42 45
88 22 88
35 65 70
38 56 21
2 94 55
46 74 39
74 9 42
32 93 88
56 23 55
39 21 66
28 29 27
64 8 98
55 76 70
66 29 78
73 32 91
94 64 4
76 82 77
41 61 41
33 86 88
86 18 1
79 79 11
100 98 76
72 70 17
35 49 93
6 24 10
86 21 37
35 46 99
85 63 64
83 44 51
31 48 28
88 48 70
14 30 33
27 16 64
39 70 81
41 49 67
63 23 68
97 76 99
40 74 86
5 15 42
76 88 31
34 14 2
24 49 1
72 6 38
2 53 45
69 87 50
67 37 27
94 7 35
93 6 76
25 44 32
40 37 97
5 99 48
57 17 32
18 21 40
75 9 46
29 95 3
54 33 90
14 77 87
28 31 87
52 23 21
55 42 64
56 7 74
25 83 79
97 63 19
83 21 78
22 66 8
66 84 18
1 23 2
78 82 73
56 69 48
70 54 63
75 90 4
67 47 70
38 93 8
37 38 82
3 23 55
67 41 20
27 32 21
50 61 81
15 21 51
3 33 39
65 62 84
2 32 32
54 95 31
95 74 28
35 65 12
9 46 37
59 14 93
66 78 5
77 27 30
25 1 97
99 8 64
27 13 52
99 94 79
12 57 38
37 17 91
54 42 33
57 62 9
65 84 70
19 81 94
25 79 38
29 9 99
30 80 52
80 96 18
56 88 84
13 29 26
50 80 90
87 11 71
34 47 63
72 5 29
36 37 13
18 55 51
31 67 39
82 52 53
35 77 32
77 100 7
63 27 96
51 25 34
60 29 73
64 43 39
60 100 86
8 95 27
72 51 4
66 79 12
9 46 68
98 51 38
82 22 13
23 13 52
50 87 89
93 86 46
69 71 61
48 87 13
96 24 45
13 65 77
8 68 36
83 43 84
11 93 36
95 29 84
74 38 5
24 55 4
64 45 20
32 74 42
46 63 44
43 95 64
89 91 84
37 59 85
98 27 25
88 92 77
86 25 15
60 95 82
79 45 93
100 92 47
100 22 89
26 31 15
79 78 52
94 100 34
44 62 15
54 39 94
90 18 85
14 77 26
53 13 87
65 90 46
1 69 15
29 100 52
100 99 75
1 64 62
60 44 6
77 76 5
21 31 84
21 38 79
95 72 2
6 91 59
45 41 35
28 76 85
17 25 60
89 27 59
32 1 74
18 93 20
25 10 16
31 74 46
87 96 64
67 99 6
1 93 31
70 71 6
56 2 33
94 90 65
90 44 20
51 46 97
56 64 11
53 38 68
32 30 15
39 99 73
34 13 5
42 12 49
8 11 83
38 66 12
39 21 57
92 95 74
44 58 44
76 15 87
40 75 53
62 23 11
73 41 80
60 85 16
55 23 79
83 48 35
92 21 60
66 61 47
74 92 64
4 68 11
39 48 54
29 67 88
1 100 100
81 51 46
55 78 95
1 66 20
88 80 92
84 3 47
12 98 4
3 9 57
24 27 82
46 89 85
57 94 36
72 30 60
100 30 99
42 77 29
14 30 48
92 8 25
50 50 26
1 21 84
29 49 97
51 59 65
79 56 77
37 100 72
34 80 20
27 67 43
5 29 95
88 70 75
42 36 27
8 22 38
4 76 97
66 91 1
56 28 85
11 24 26
48 51 49
89 6 91
20 33 83
31 20 49
37 89 56
16 100 70
44 46 2
91 26 10
12 4 43
63 59 88
86 12 28
9 27 48
23 3 29
50 90 45
72 89 63
87 30 65
82 1 50
74 69 40
55 48 23
47 72 86
39 49 5
61 87 32
41 84 54
10 95 62
52 27 44
80 57 15
57 43 38
23 23 55
16 10 35
89 34 86
42 40 6
60 41 74
67 89 9
35 75 45
32 91 35
46 36 9
29 98 90
34 54 52
100 90 96
2 78 4
41 96 75
53 99 30
62 51 74
62 65 1
69 61 80
83 60 17
6 57 77
17 43 29
76 8 76
80 63 93
74 41 100
3 70 64
15 42 88
93 45 95
42 78 73
79 8 15
31 67 83
69 24 48
69 29 45
16 27 22
92 80 21
45 33 38
68 27 99
37 16 22
41 27 84
30 56 81
20 100 20
24 83 86
32 46 4
28 43 97
67 88 88
74 8 63
97 66 75
84 47 11
79 80 99
73 89 56
1 18 35
31 10 82
36 45 35
53 28 11
41 65 92
55 41 74
86 25 1
80 38 37
23 83 34
5 48 35
28 65 76
4 59 26
98 47 94
20 26 86
17 19 54
98 22 53
63 90 82
32 85 99
34 68 22
24 82 49
46 90 71
22 61 19
22 42 86
24 40 7
4 96 54
1 10 9
42 88 84
56 2 63
71 71 96
69 45 60
12 9 7
16 65 82
20 72 48
7 86 50
71 17 56
86 67 74
40 24 59
1 33 56
2 76 16
97 41 88
78 96 9
62 30 98
95 64 28
78 39 32
76 47 77
71 37 31
18 80 36
3 7 41
24 7 45
2 65 86
57 92 47
53 8 46
90 37 47
35 13 96
38 69 20
38 82 72
50 52 53
5 100 52
64 42 69
32 9 36
10 38 53
44 26 99
43 92 70
9 47 74
5 8 51
79 65 22
17 82 52
99 28 4
72 91 55
62 80 79
26 64 9
77 72 52
92 71 93
27 34 12
66 14 73
100 55 45
23 86 3
85 68 15
83 56 74
89 20 20
78 90 81
60 52 2
81 25 96
38 2 91
81 93 43
33 8 19
25 79 61
13 79 15
36 73 20
21 54 3
29 16 3
89 72 34
68 71 61
27 81 69
52 8 44
76 42 37
27 10 28
65 4 83
22 90 66
86 92 97
92 59 10
10 69 59
32 68 7
55 67 76
28 52 7
94 75 88
5 59 4
96 98 22
42 65 60
56 79 75
34 10 14
68 19 14
23 19 37
99 64 5
69 85 15
34 28 100
18 71 35
31 49 84
8 83 30
44 78 81
27 6 99
59 78 85
20 53 66
77 95 40
89 69 89
12 21 51
90 18 43
83 71 91
23 57 68
98 20 48
82 45 12
33 62 4
81 24 69
17 93 39
46 80 48
8 64 72
80 82 91
31 81 61
85 56 44
31 99 22
51 24 3
62 22 8
13 93 5
82 15 38
4 80 25
47 81 47
24 15 88
66 52 65
82 98 86
17 19 56
25 81 16
89 69 80
27 78 36
58 27 89
10 88 71
10 99 21
80 93 27
8 80 76
89 38 9
98 48 8
75 87 48
51 19 45
72 11 94
28 44 78
62 38 43
42 70 71
89 88 53
9 57 37
15 50 92
93 30 95
25 13 60
15 61 75
79 13 86
36 53 17
33 60 43
37 52 75
52 71 21
2 66 76
28 76 49
70 89 48
27 55 20
2 11 18
47 92 12
17 68 13
93 59 43
25 49 70
10 79 27
22 66 74
52 3 55
18 23 96
38 8 44
13 31 23
96 38 2
54 84 76
11 52 61
48 24 42
7 55 60
38 86 23
30 28 39
26 47 18
30 70 50
21 82 66
56 91 93
31 21 24
40 26 69
77 8 10
40 22 48
59 6 49
21 39 15
10 61 70
46 1 24
76 24 10
98 54 32
48 49 45
23 70 4
5 29 18
53 88 30
17 61 99
55 76 96
53 1 45
100 5 25
70 5 51
22 8 4
79 82 72
87 68 9
49 79 15
38 4 41
35 30 24
61 26 66
9 16 12
3 95 93
24 61 79
88 58 75
85 15 80
86 70 86
65 86 47
52 17 45
53 96 64
27 11 70
51 61 41
64 25 67
31 85 8
21 88 29
96 62 46
25 43 66
17 92 75
58 96 68
72 26 16
52 18 43
74 73 90
29 5 86
11 26 63
76 15 16
11 84 52
51 44 12
24 45 73
9 45 36
91 92 78
81 5 97
89 9 34
76 54 6
52 79 45
95 1 67
49 22 22
99 69 80
58 47 69
54 42 19
90 51 8
39 37 17
63 36 10
53 24 90
70 6 33
67 75 15
70 89 43
10 44 85
74 90 36
15 1 13
95 99 86
69 84 47
55 39 90
57 97 37
49 93 19
92 51 81
37 15 27
88 91 4
57 26 60
8 20 49
75 24 22
46 30 52
35 53 96
10 54 48
36 29 36
98 98 14
79 39 31
34 51 68
1 79 47
26 13 43
44 37 53
94 22 29
35 7 84
82 48 74
47 95 42
93 6 92
78 41 62
51 51 81
25 74 36
51 99 29
95 98 47
13 56 81
78 65 96
64 86 59
95 82 65
43 12 94
76 37 1
35 66 1
41 63 86
50 72 31
29 85 14
58 8 9
71 67 35
61 52 96
76 79 59
45 82 44
13 37 86
100 25 4
77 12 15
39 68 43
13 73 17
1 18 50
81 73 29
79 47 99
18 27 36
8 64 59
77 79 92
17 70 25
4 70 30
21 52 4
77 60 6
100 88 73
46 10 88
87 10 30
96 13 77
33 22 17
50 38 48
93 50 43
79 27 16
45 80 63
92 94 76
57 3 53
28 65 32
87 52 53
29 42 18
3 96 2
72 60 15
39 80 14
77 43 25
88 80 1
2 20 77
58 20 16
54 56 74
29 47 14
57 63 98
79 11 49
92 79 55
42 26 48
97 28 100
56 99 55
21 92 89
47 91 75
1 41 80
46 61 7
9 19 73
25 39 72
84 75 25
31 76 5
14 53 63
23 57 31
96 39 50
8 21 19
100 17 8
75 62 12
86 18 59
62 95 69
45 88 61
85 70 35
5 93 90
66 95 58
73 16 23
17 79 41
13 98 13
21 42 1
87 38 93
34 25 49
6 61 34
25 27 44
18 94 29
93 21 60
82 67 58
48 31 78
14 24 5
84 2 4
48 44 72
24 57 42
58 45 90
17 21 5
74 68 3
63 84 79
63 38 97
45 85 8
2 91 14
22 13 53
3 92 74
39 14 92
70 66 56
85 67 100
22 94 10
63 21 76
75 78 8
10 40 29
2 65 95
53 31 40
67 8 8
97 90 3
11 31 93
31 81 63
56 15 97
26 12 8
10 28 36
11 73 53
72 20 47
70 46 11
45 62 22
91 21 21
16 54 37
74 68 58
69 10 40
24 18 22
93 65 28
92 80 74
35 59 73
18 76 60
14 48 28
35 10 45
44 87 89
12 98 36
58 5 12
7 79 35
81 64 2
65 94 76
45 19 83
19 37 84
31 76 24
5 63 22
8 41 96
67 61 49
34 63 25
35 98 11
38 15 51
2 86 17
93 65 90
75 15 65
93 70 92
31 2 26
55 72 21
9 31 34
57 59 52
79 49 8
79 88 98
99 42 72
80 22 13
54 15 42
65 47 79
31 6 2
77 43 39
4 86 80
9 40 24
4 51 29
7 85 77
19 20 100
45 19 54
33 44 93
61 5 17
71 97 6
84 74 7
63 55 13
37 93 65
48 13 7
93 15 11
64 13 27
79 75 92
3 40 18
48 75 84
16 32 3
63 50 36
21 33 32
38 7 78
29 16 16
20 77 15
41 28 76
49 74 97
44 5 84
50 48 8
35 84 30
29 51 71
46 87 68
81 70 66
93 36 47
32 86 51
39 80 65
88 99 2
4 76 33
9 95 92
66 54 37
86 75 5
56 92 44
16 53 28
33 9 18
41 27 31
81 91 32
92 56 51
57 24 60
55 42 60
87 46 41
87 86 82
13 88 19
30 37 7
36 35 96
65 64 73
47 10 61
1 67 22
7 18 72
15 21 3
43 25 96
100 82 26
5 45 69
53 51 66
90 48 80
3 80 12
60 90 62
21 9 99
41 79 30
71 48 55
47 85 80
4 71 64
7 46 1
48 3 96
72 23 92
99 92 32
69 51 83
6 29 26
55 52 74
84 77 8
95 51 14
47 99 14
90 73 5
69 47 98
68 95 32
25 52 62
27 92 72
51 63 55
21 64 15
38 22 96
41 77 77
59 64 22
94 65 3
32 1 54
7 93 99
22 88 49
58 65 40
80 26 85
15 5 3
98 48 93
70 30 39
73 90 88
99 93 56
18 2 32
49 34 66
27 14 40
66 38 51
89 73 50
24 94 96
32 84 19
76 80 11
71 86 17
20 8 96
33 34 26
78 39 6
40 95 34
73 40 89
67 32 38
76 25 47
41 63 19
27 28 63
81 22 46
82 89 60
52 78 30
23 84 75
51 2 65
38 53 65
83 18 75
34 29 40
22 92 7
6 24 42
38 49 44
25 63 53
5 95 40
83 49 38
12 73 58
76 99 84
4 35 61
55 5 100
81 49 99
100 12 32
94 76 11
11 70 59
15 38 38
47 49 76
73 57 45
100 30 87
79 57 94
93 92 45
98 33 5
32 88 6
30 31 5
83 19 5
11 33 55
63 51 26
20 21 46
78 85 11
78 20 10
1 40 56
41 70 41
24 100 9
47 12 75
1 6 73
16 92 17
14 46 7
18 43 39
72 74 66
13 34 14
33 64 55
90 31 49
9 85 72
62 51 89
35 5 34
35 93 91
99 42 28
97 100 18
83 86 64
87 10 31
38 11 40
43 89 55
20 75 75
12 75 44
65 94 60
84 66 66
79 80 26
57 4 72
92 4 20
62 77 29
28 7 58
96 33 58
19 91 97
58 17 80
8 93 72
18 33 23
75 57 84
29 74 90
41 22 20
78 100 23
25 21 53
38 55 16
66 65 49
19 4 16
16 22 91
53 78 43
49 80 51
29 27 94
94 71 32
43 39 8
79 49 57
31 53 63
69 23 41
70 5 96
29 36 25
24 53 70
55 87 61
2 33 65
28 79 31
60 10 43
35 22 54
50 53 3
65 58 25
83 96 51
70 75 72
41 95 87
21 1 11
35 3 41
25 10 9
99 58 43
35 15 100
77 9 96
26 66 83
12 62 37
29 56 57
25 73 43
36 78 65
12 43 79
9 44 12
20 8 18
81 94 69
19 54 90
66 40 66
83 92 100
49 51 1
42 28 2
8 51 60
96 21 38
17 75 88
90 81 62
98 24 96
7 26 84
35 23 5
79 75 90
28 5 71
29 36 53
54 40 1
60 99 91
67 37 43
49 12 53
17 3 17
92 94 30
82 3 45
27 46 42
3 20 59
23 61 91
70 17 51
91 49 76
26 71 46
17 54 46
68 100 58
56 94 74
55 26 77
27 62 40
29 58 97
63 24 24
21 5 22
2 22 67
43 72 2
74 22 7
35 29 81
35 54 70
39 69 24
80 56 24
54 39 38
62 99 91
60 5 13
77 27 47
63 67 93
42 60 51
24 93 15
24 5 56
73 48 69
50 4 76
30 40 78
9 56 3
22 70 67
31 60 28
55 53 87
46 85 39
89 32 35
81 40 63
40 28 98
54 10 10
67 69 100
37 59 10
58 74 73
33 100 96
42 83 6
87 33 85
10 45 62
23 75 42
71 22 3
25 70 28
96 34 56
49 9 13
99 18 22
4 85 49
43 60 52
81 75 1
16 78 92
43 62 39
26 9 72
29 55 68
92 39 82
87 42 77
57 99 59
64 8 95
5 70 45
3 88 59
21 75 50
86 58 89
71 57 30
58 6 14
42 96 66
41 18 60
19 79 72
10 16 71
76 55 92
36 47 36
63 4 22
26 79 28
12 57 63
23 33 75
95 60 7
96 19 82
22 73 61
11 69 10
51 18 72
75 50 11
16 96 99
14 90 53
81 52 44
82 55 7
33 78 83
17 61 26
90 41 48
18 97 36
61 23 39
22 15 33
64 13 65
52 71 53
92 30 39
62 75 58
68 40 80
78 64 8
5 4 8
10 37 96
21 37 59
61 11 45
12 65 22
84 13 54
53 92 85
68 99 48
30 27 37
48 91 10
53 22 83
78 26 10
2 22 65
38 62 38
28 93 89
53 95 28
40 44 93
10 63 25
33 27 64
2 81 66
11 93 61
54 48 93
43 5 16
68 48 56
93 83 73
46 64 44
73 42 14
58 90 75
21 28 29
32 68 54
75 52 89
80 1 100
59 82 7
73 86 54
67 15 43
53 39 18
61 9 88
32 40 25
72 43 98
80 67 27
6 63 15
20 18 11
19 67 35
62 9 71
69 60 86
73 36 76
94 20 83
86 92 36
57 68 66
67 6 22
30 68 86
85 76 50
56 25 46
97 13 16
56 54 41
81 78 58
81 72 62
97 82 47
35 37 93
91 84 28
93 6 92
74 59 75
60 66 99
19 51 79
19 69 47
60 12 77
95 86 91
41 24 82
6 51 34
90 47 18
98 49 44
52 60 32
86 83 58
95 31 63
76 58 37
51 94 88
97 47 74
7 99 39
2 68 12
17 70 72
21 23 17
28 34 27
71 33 4
6 89 84
36 43 79
75 61 29
77 50 54
94 3 76
89 80 50
65 53 95
53 100 75
51 36 39
66 80 89
80 29 99
39 43 23
54 28 6
93 41 66
44 62 65
32 51 85
12 52 21
88 91 5
44 38 16
5 51 82
23 90 55
85 55 50
17 96 71
43 69 1
2 85 88
80 88 6
66 24 70
73 2 56
64 9 98
92 20 98
77 60 39
44 46 62
44 52 44
25 73 64
92 84 31
55 93 61
16 55 31
25 49 32
76 37 12
58 52 49
11 5 65
6 37 62
7 25 35
1 49 78
68 41 79
54 60 84
82 36 65
16 96 27
95 19 65
1 80 17
85 91 75
67 87 31
29 97 91
95 1 30
68 58 56
48 25 40
86 20 66
2 4 8
74 12 67
48 99 15
17 59 63
42 41 77
56 30 53
95 73 11
98 36 59
7 23 39
18 9 72
20 11 17
13 13 77
1 33 22
97 5 64
100 64 82
51 75 33
16 98 65
83 49 66
72 77 51
68 45 59
72 10 100
97 95 84
67 35 15
27 80 75
79 4 29
73 10 47
1 60 84
35 13 76
16 64 8
94 88 4
60 24 38
21 88 46
56 39 71
18 86 20
49 18 81
24 88 55
1 98 61
51 11 93
4 18 82
93 51 19
22 54 4
53 98 55
60 74 19
54 99 50
94 96 74
65 86 8
5 34 92
29 77 43
81 60 95
96 50 11
47 98 9
7 69 56
91 31 44
24 63 81
26 41 91
37 56 27
44 70 46
11 67 92
56 25 88
9 65 4
89 37 63
19 82 43
21 40 5
69 29 75
89 58 7
25 9 48
88 76 52
54 8 53
80 63 94
13 94 12
41 9 2
87 33 65
10 9 47
70 67 58
30 40 76
41 61 96
14 92 64
21 67 57
83 46 57
71 45 79
96 95 82
5 56 82
50 99 22
37 73 35
92 10 64
44 53 71
1 4 94
57 53 43
63 38 65
42 78 22
51 64 26
54 35 57
77 88 26
34 96 25
6 69 89
80 99 48
100 79 73
90 30 88
36 84 3
12 62 7
54 56 67
81 20 63
26 56 100
72 99 55
83 38 64
2 59 49
7 51 57
10 93 46
67 3 46
16 100 42
79 79 35
91 30 96
64 56 96
30 70 44
29 58 73
28 85 97
21 72 52
51 78 31
1 86 21
77 87 2
40 1 69
23 39 2
45 69 98
47 29 34
22 44 63
18 34 71
82 57 64
14 58 50
69 75 14
13 5 96
60 5 62
34 57 42
54 80 74
50 43 21
57 68 83
43 80 95
53 79 69
20 45 83
85 90 16
49 3 70
78 6 49
97 75 18
22 47 55
29 9 59
88 70 35
57 53 21
51 81 2
91 37 54
5 12 19
22 34 30
41 66 94
3 65 89
4 19 55
35 35 78
32 75 87
60 96 76
96 1 45
19 21 46
97 44 7
42 40 82
90 80 83
44 98 54
66 32 44
99 12 30
40 67 84
65 72 98
43 20 37
73 74 33
71 56 100
26 91 12
70 54 3
99 75 26
19 56 70
14 22 29
8 64 47
73 24 74
39 52 37
45 81 51
39 62 75
59 86 66
8 71 43
25 98 5
95 39 77
98 74 77
13 17 10
30 5 74
7 6 46
73 95 65
79 78 95
69 30 92
55 31 2
20 22 89
4 31 39
23 62 14
20 72 3
90 38 30
76 23 93
24 89 91
27 81 3
90 55 4
22 75 64
11 44 27
87 38 77
89 46 95
34 5 2
97 86 47
69 19 3
5 38 48
41 41 82
1 39 22
67 82 100
95 20 81
55 89 1
74 67 96
39 58 55
74 38 93
3 69 35
64 4 95
38 65 2
99 35 50
8 44 58
46 81 36
27 92 15
95 70 56
76 60 15
55 86 3
99 83 23
91 8 53
69 42 43
71 62 19
6 49 50
69 43 89
74 48 29
87 39 32
80 79 27
2 87 22
51 59 55
26 60 32
61 36 65
97 61 7
67 74 13
72 52 40
4 24 30
5 49 68
27 56 17
18 17 55
70 49 8
80 57 78
68 21 93
65 100 57
58 33 2
14 71 22
29 57 92
91 52 72
82 47 48
37 92 51
39 64 39
13 82 40
7 21 9
10 45 47
12 58 100
37 59 91
44 56 80
2 24 66
42 95 82
42 83 20
50 57 76
8 100 23
23 57 59
37 83 39
4 5 62
54 67 75
77 24 86
36 96 7
63 75 33
86 84 10
14 51 48
39 73 52
37 26 44
42 50 58
16 100 5
27 72 31
11 97 48
80 73 6
3 40 22
4 29 88
7 65 53
19 5 32
97 81 23
15 61 65
27 78 71
75 28 14
38 59 9
57 26 39
40 65 18
29 71 88
43 92 23
49 4 39
48 26 55
85 13 8
69 97 88
79 34 37
29 40 71
2 35 22
14 67 81
41 98 36
76 14 65
12 52 99
34 56 89
13 2 51
25 36 16
42 39 26
46 38 27
19 71 67
2 85 95
3 93 91
76 49 42
25 28 42
61 85 43
65 89 50
70 79 14
45 14 22
29 37 93
59 29 78
99 66 31
99 37 28
51 85 93
35 94 49
77 58 16
72 87 56
73 43 14
37 59 14
8 90 23
1 8 47
83 26 37
27 99 57
8 86 34
53 31 91
4 84 10
95 45 56
16 98 61
24 30 79
14 1 4
55 100 60
75 94 86
17 50 67
1 11 85
76 86 21
94 28 41
6 63 68
17 90 41
42 82 92
72 99 82
7 53 79
100 51 10
73 44 12
60 32 76
94 72 20
24 28 7
89 6 22
51 22 47
15 95 87
45 77 35
37 22 34
60 14 24
84 5 95
90 22 15
19 6 59
69 13 8
5 40 65
12 79 7
63 10 48
41 95 67
19 86 6
87 28 79
3 74 81
13 67 31
14 5 47
15 7 20
12 5 13
98 70 100
51 80 81
46 74 33
46 80 97
36 46 7
76 59 3
9 54 90
15 86 51
29 8 64
35 53 24
27 89 25
80 62 35
25 88 61
57 33 78
80 94 21
20 28 82
33 59 33
49 8 38
17 26 99
56 76 45
10 79 4
67 73 86
73 22 27
36 72 71
74 77 8
56 4 18
24 37 54
46 61 74
86 55 59
82 71 50
56 38 14
54 2 7
97 29 89
47 78 42
79 58 19
69 8 40
73 88 94
25 29 97
9 80 31
17 64 43
23 16 62
79 42 99
77 59 18
17 38 68
24 14 7
84 35 32
73 4 37
18 42 20
33 71 79
2 15 48
77 39 70
43 79 18
100 86 57
18 12 97
19 70 28
34 31 9
89 18 86
25 88 7
20 72 48
37 37 25
39 100 16
75 1 53
35 8 50
14 10 18
9 60 36
36 59 35
80 60 23
81 61 83
67 53 44
68 2 72
48 42 58
93 77 2
84 24 47
26 93 7
70 61 53
7 67 65
36 95 42
62 76 52
96 11 52
17 52 47
68 36 50
61 27 67
3 57 55
33 90 10
93 73 30
65 15 96
8 87 98
100 74 68
43 35 28
38 10 49
18 48 66
24 42 32
68 2 33
61 34 76
4 65 90
33 16 3
16 93 44
7 60 63
57 40 4
73 60 94
4 5 99
91 16 70
26 26 65
9 83 77
57 29 89
48 12 46
87 52 32
73 20 26
45 65 98
26 5 49
15 38 11
46 35 19
1 40 50
95 70 93
19 9 12
17 6 37
81 72 40
65 61 51
23 35 42
29 98 95
7 46 29
99 63 27
61 76 4
97 30 32
22 77 42
73 40 54
59 77 82
4 4 96
68 95 93
20 34 68
42 90 58
74 10 75
63 98 43
59 37 61
63 82 47
42 5 16
45 87 64
96 13 95
85 50 9
99 65 92
96 27 15
68 56 87
96 46 96
90 78 9
37 69 98
58 24 65
34 81 3
19 71 77
39 97 49
4 95 5
25 42 15
6 58 8
80 69 70
53 40 31
89 7 25
14 69 40
72 67 52
19 55 87
23 23 24
86 62 89
98 84 69
43 5 83
100 48 14
67 52 51
46 20 93
76 77 73
17 7 78
7 21 82
27 62 52
66 26 78
24 68 82
71 74 67
56 89 58
29 31 60
18 96 73
71 9 37
59 19 55
12 2 80
16 42 30
27 90 10
13 68 21
12 77 87
79 59 49
54 1 51
52 98 64
66 13 14
18 52 41
95 23 31
17 37 90
90 98 12
49 66 98
83 62 52
30 11 53
100 10 75
76 51 11
11 73 41
39 40 53
78 18 44
44 16 80
11 43 48
73 59 25
17 89 98
27 10 12
2 13 89
51 58 72
46 63 66
68 22 20
20 67 23
46 48 43
93 87 27
41 8 85
57 99 91
15 71 16
41 9 55
20 30 63
49 73 88
15 61 68
40 88 48
62 89 35
69 91 83
66 7 72
39 91 10
31 100 23
56 49 2
39 68 44
51 14 14
2 33 16
59 31 53
84 37 19
35 64 51
63 39 96
60 93 12
38 58 64
3 2 21
59 18 37
92 14 8
25 18 38
46 70 98
68 38 21
63 11 25
1 90 97
54 44 86
72 26 40
10 27 29
84 38 34
22 78 76
6 56 94
11 60 86
64 62 52
88 16 58
31 44 26
97 99 37
76 97 54
19 36 76
88 28 39
49 88 19
18 60 61
15 42 42
61 81 11
26 48 91
66 41 26
77 29 100
44 72 84
22 6 13
38 42 15
28 48 47
54 58 39
91 72 22
39 34 3
57 27 62
98 31 90
53 75 30
63 27 25
27 87 21
1 47 95
97 33 18
79 70 37
78 89 72
73 96 85
94 84 25
61 85 16
53 45 17
81 79 99
34 80 97
58 97 42
37 78 99
57 13 54
4 82 98
57 31 100
91 73 46
89 71 76
55 36 16
28 55 65
9 87 12
62 80 7
46 80 37
22 37 86
74 88 3
15 33 61
8 44 38
68 15 22
23 51 31
53 7 19
41 50 79
94 59 46
68 87 77
77 57 67
10 68 38
44 49 93
27 45 46
9 41 62
15 12 51
42 7 11
22 82 31
24 93 17
97 16 75
52 15 85
22 15 58
6 59 23
68 64 44
98 23 7
97 47 56
31 27 76
60 62 16
52 69 17
82 79 60
49 40 35
40 66 100
85 92 49
79 26 97
76 91 36
19 29 29
37 100 33
18 25 16
12 15 50
91 9 19
65 70 19
8 83 78
12 58 30
27 84 60
17 48 5
90 61 85
8 59 82
68 72 88
63 26 8
54 50 68
55 65 25
38 19 18
29 15 44
19 73 26
84 98 94
64 23 65
34 97 31
72 79 17
11 89 30
84 25 71
94 88 17
37 86 27
9 26 47
45 100 22
21 64 13
25 68 89
79 98 52
49 62 28
36 24 38
74 26 62
86 63 83
6 54 60
48 96 21
74 4 32
71 46 6
12 7 40
61 90 84
19 26 25
77 37 40
80 5 15
12 62 79
85 65 6
39 58 54
14 87 11
56 94 7
46 51 96
85 65 65
19 28 52
25 32 36
35 38 10
76 69 89
7 79 99
43 90 73
90 2 55
73 72 23
86 35 28
27 47 77
89 80 28
14 26 46
60 8 91
89 16 62
62 46 53
76 9 78
15 52 90
49 95 13
48 80 20
26 5 42
28 21 42
63 27 91
33 77 68
55 19 85
83 74 83
77 40 6
18 58 96
55 93 77
78 65 34
21 73 6
76 48 82
9 29 20
35 25 28
26 7 96
57 98 9
28 87 62
47 37 29
55 22 80
29 93 65
61 82 38
79 48 86
25 55 62
59 41 3
75 44 35
91 94 25
28 31 28
93 97 13
37 89 74
38 5 91
92 49 61
84 59 83
82 50 24
28 44 25
84 90 73
26 14 91
86 26 87
1 21 2
56 96 7
56 75 71
36 90 86
71 74 77
33 26 99
2 14 68
43 34 7
50 88 11
35 51 91
94 12 94
21 31 71
62 98 95
3 49 21
55 86 25
47 73 35
94 35 22
64 54 14
95 47 37
64 97 95
16 34 100
98 30 72
41 42 51
7 63 21
46 31 93
45 27 67
99 29 52
15 43 5
4 51 14
47 91 51
27 30 4
42 81 75
53 57 27
1 19 93
45 72 7
96 28 5
35 72 73
58 16 41
62 57 41
81 11 60
11 80 78
40 49 6
15 69 15
32 37 55
13 29 2
27 16 87
19 14 97
32 6 100
37 46 63
71 90 56
16 24 32
92 21 34
93 45 86
41 3 71
13 85 63
94 5 42
15 18 86
57 61 99
83 95 45
2 40 20
48 39 71
16 30 27
97 25 97
53 84 28
66 18 93
40 49 38
47 31 47
88 36 84
52 25 45
52 5 34
27 54 76
44 18 77
80 52 76
25 74 52
82 36 21
64 19 31
15 90 55
80 100 88
19 79 34
85 63 49
40 48 65
9 52 65
88 5 62
67 85 24
42 73 91
47 57 75
93 4 49
51 89 48
27 43 49
31 43 69
92 5 85
35 97 87
23 40 53
89 23 99
18 91 4
92 72 33
7 40 59
62 58 81
57 21 71
82 38 26
62 69 54
37 14 5
99 53 36
32 4 39
50 8 87
96 2 17
23 12 44
21 90 39
97 30 75
27 26 21
88 47 49
56 17 23
77 40 26
79 32 86
68 37 81
95 32 67
56 61 46
96 9 77
17 80 11
73 64 58
99 66 61
47 23 20
9 30 83
78 76 73
25 32 29
56 40 16
1 7 64
79 38 30
30 49 20
45 43 21
23 51 96
99 96 33
84 82 69
26 68 54
29 70 51
81 97 62
23 31 11
61 87 10
47 22 68
29 26 21
64 63 5
77 80 85
50 59 55
30 30 12
62 44 18
33 88 92
42 96 94
8 82 35
75 85 79
90 12 55
84 40 1
16 52 49
96 40 2
84 64 44
83 91 22
49 7 51
20 66 90
56 25 66
62 85 45
36 3 87
30 73 50
51 88 13
63 60 4
50 83 59
91 40 50
85 20 3
95 81 58
78 22 63
12 77 66
9 60 55
97 31 41
25 79 53
20 55 53
87 59 43
52 20 79
96 44 73
88 13 93
49 25 27
9 13 6
65 88 92
13 33 92
12 57 79
98 25 21
90 83 69
18 52 58
71 65 52
29 18 72
79 58 61
51 71 27
35 84 28
30 5 90
100 87 72
21 1 62
95 26 7
67 100 61
55 40 96
30 57 52
56 7 78
37 33 66
50 15 9
26 95 15
93 27 56
17 89 21
11 79 26
34 32 75
3 56 91
31 66 71
49 63 3
5 67 14
34 48 95
74 63 44
41 63 11
54 13 4
66 69 21
71 69 16
3 62 81
2 50 40
41 56 38
100 37 92
69 30 29
51 37 1
35 29 65
23 70 50
40 60 55
4 73 38
42 1 69
19 89 60
5 39 17
27 71 19
13 8 24
74 48 11
80 13 41
63 50 25
9 91 54
98 21 99
23 34 99
20 55 8
18 73 3
60 7 93
61 11 17
68 56 31
96 85 50
99 50 13
55 5 75
82 9 43
66 9 3
17 63 74
60 29 93
47 21 91
4 57 70
95 52 88
31 74 21
8 70 98
55 10 10
10 45 25
23 2 96
20 89 49
18 11 92
1 95 97
7 19 40
85 76 31
6 65 8
52 73 96
16 41 88
8 43 74
86 5 83
84 10 12
28 57 7
36 16 26
13 34 59
6 84 13
12 55 80
32 74 32
67 74 75
82 21 65
49 88 29
43 23 62
52 86 42
4 60 1
62 8 2
48 34 34
3 70 60
90 100 23
27 96 50
45 25 98
26 74 65
96 65 66
85 5 92
1 64 7
53 2 60
73 24 77
6 19 25
68 60 91
82 36 33
43 63 13
53 96 63
38 53 24
89 52 78
87 47 13
84 43 87
61 98 17
60 57 100
9 96 52
4 40 97
74 49 49
43 60 55
53 58 68
53 71 10
70 16 8
60 24 60
93 84 90
82 58 100
45 27 59
51 30 44
52 82 48
16 6 4
87 58 57
24 87 84
35 50 32
34 27 90
4 56 72
82 19 23
28 12 54
78 83 28
79 49 10
59 99 84
56 12 66
29 92 24
73 10 18
19 35 65
4 6 77
2 97 50
87 38 96
30 37 32
64 3 43
73 53 16
22 50 88
81 19 89
61 9 85
13 67 64
36 49 13
35 77 70
94 74 20
94 9 6
4 30 78
1 27 79
31 46 85
68 22 90
18 77 62
36 58 37
71 24 75
7 20 43
27 12 50
38 63 14
52 100 94
26 2 59
50 33 36
36 84 88
84 68 66
32 38 85
86 31 30
99 57 98
25 42 25
81 91 27
10 44 35
58 14 50
65 50 92
66 79 20
14 24 96
48 69 76
42 79 35
40 15 26
98 8 1
78 60 80
12 11 99
46 55 62
44 2 18
40 5 54
20 47 59
3 3 28
26 82 59
63 41 89
32 83 97
81 69 69
37 66 13
16 66 62
85 34 2
32 24 61
50 33 68
16 81 98
61 14 77
72 99 34
14 70 30
95 69 90
97 11 30
6 24 73
72 73 13
42 37 82
4 51 67
32 14 1
26 8 23
22 14 27
86 30 28
41 27 75
23 15 38
19 63 82
18 1 57
85 49 25
47 80 88
43 28 15
45 95 69
60 45 49
93 72 40
21 94 47
36 11 70
27 33 77
46 7 33
21 35 68
57 78 19
100 55 48
98 75 32
86 93 88
85 58 60
64 60 49
83 87 98
12 2 6
50 75 99
2 62 2
12 75 89
61 86 46
74 26 95
46 78 61
41 59 3
57 71 25
1 4 50
20 37 60
56 40 1
36 36 6
9 98 84
63 3 28
81 50 37
36 27 71
75 32 87
7 46 90
91 37 88
32 5 4
85 91 10
43 61 49
5 3 87
43 85 90
42 4 41
15 4 89
69 48 67
17 81 44
29 19 35
5 21 64
19 24 76
98 78 71
55 39 10
85 2 98
33 67 46
8 39 57
51 67 48
12 90 64
15 5 79
25 22 26
49 43 35
54 64 17
96 59 67
57 59 96
65 96 94
24 43 60
64 3 17
96 69 86
78 98 63
69 53 30
35 30 11
60 17 25
98 67 51
97 47 25
50 75 75
79 49 20
55 53 31
36 28 59
26 37 30
72 42 13
1 15 1
84 1 69
79 16 93
85 58 47
30 77 34
84 14 14
68 93 81
23 22 26
75 69 90
36 59 81
76 38 46
58 36 17
42 45 26
8 21 88
26 57 36
18 66 73
46 82 28
55 71 86
80 37 83
35 87 93
7 93 71
23 88 30
99 43 50
26 13 4
13 95 31
67 65 86
8 93 56
10 100 77
42 71 77
52 3 77
56 19 62
72 31 13
69 65 36
90 8 63
28 21 1
82 87 9
50 47 47
95 34 50
76 71 72
96 51 19
92 79 100
96 21 88
21 93 53
5 27 45
18 81 41
54 85 57
56 33 100
87 19 13
39 77 9
49 76 14
100 82 76
94 5 22
4 6 47
53 8 84
74 83 91
42 43 73
18 27 14
33 70 79
56 77 7
88 98 53
35 9 42
14 5 95
22 21 88
6 11 14
34 80 67
38 41 19
53 8 83
83 42 62
10 47 60
53 38 26
83 97 7
60 90 22
2 32 28
64 5 59
13 28 13
18 17 89
47 55 15
100 17 57
29 72 60
80 4 1
91 32 1
70 83 60
3 64 22
34 98 81
31 52 99
22 1 24
93 92 75
51 85 42
56 41 57
10 8 32
38 89 47
12 90 29
46 50 82
92 35 13
55 83 95
56 98 3
71 80 91
71 100 82
71 78 28
75 87 52
6 29 74
7 49 17
67 78 10
74 77 28
37 56 3
57 66 78
63 42 94
2 86 12
30 34 68
84 18 24
86 49 43
42 31 26
25 6 17
54 4 52
24 96 25
44 70 11
91 85 59
3 69 10
68 35 89
44 27 88
78 20 69
64 37 40
71 40 65
58 52 27
99 99 56
10 56 14
75 70 76
100 30 24
2 28 89
41 41 42
59 89 70
39 63 49
24 56 9
80 38 56
26 59 85
73 76 30
9 87 15
48 1 86
67 7 12
36 80 29
60 10 33
60 63 78
67 76 100
3 1 15
90 56 52
87 67 70
18 87 87
37 58 92
29 13 2
12 63 3
38 23 90
76 81 63
47 34 37
43 30 93
55 78 83
91 83 78
57 15 19
15 26 95
86 47 29
54 37 80
30 35 91
91 30 5
66 57 89
41 55 98
23 13 11
20 51 37
41 17 6
42 91 75
33 3 80
68 15 73
57 17 10
98 38 33
67 21 15
41 24 63
98 15 43
30 19 99
49 21 22
55 95 95
42 74 63
77 70 82
21 96 45
12 67 1
98 85 33
82 4 89
24 40 47
49 18 83
6 19 78
41 8 70
60 68 45
70 47 7
8 2 49
39 43 81
68 39 84
30 68 18
50 7 68
95 18 23
89 86 65
66 20 4
58 93 19
56 90 12
93 97 51
14 41 37
49 41 7
92 65 35
62 39 30
23 71 16
63 17 98
75 47 74
17 71 83
42 59 91
5 98 95
51 93 69
73 41 40
8 97 85
70 40 34
88 70 14
12 65 8
1 84 73
7 75 51
29 97 48
10 66 96
35 60 85
64 47 19
23 42 42
9 9 85
26 25 77
69 51 88
70 78 14
62 23 97
81 47 74
93 50 35
42 42 81
32 18 45
60 50 24
32 64 50
92 28 91
2 66 33
32 5 38
11 10 29
29 31 42
69 79 99
43 15 75
96 67 95
8 63 96
25 32 78
38 30 70
98 12 89
62 43 8
9 94 32
35 75 6
37 56 22
66 54 46
70 66 89
15 95 32
31 18 16
82 29 7
91 69 22
9 57 56
2 88 78
47 72 15
80 77 85
28 100 63
70 27 19
21 1 70
85 8 19
68 20 45
87 82 84
11 17 77
15 22 63
3 84 92
78 41 63
47 49 86
56 37 27
24 91 17
56 99 37
58 82 18
81 7 17
12 17 56
13 97 52
9 49 83
99 79 62
2 12 47
51 11 76
12 86 77
82 78 53
88 97 86
7 77 1
93 71 8
93 64 89
29 17 16
31 38 83
12 32 82
95 13 74
45 17 32
86 45 89
15 99 46
16 90 85
81 73 44
1 24 1
1 5 94
18 94 94
51 37 33
40 89 9
67 15 90
52 91 36
94 55 25
40 6 55
14 59 16
96 28 51
61 58 6
50 58 48
85 54 8
40 78 2
9 91 80
18 65 59
66 100 59
35 22 93
18 23 73
100 23 13
14 91 12
55 38 14
94 10 46
61 72 94
77 21 93
17 68 86
10 21 45
64 73 85
80 76 14
77 86 16
18 14 58
11 74 63
96 11 76
82 73 47
14 7 74
72 96 99
30 91 22
31 69 71
49 82 87
51 27 9
19 78 20
40 83 9
17 61 32
67 75 84
27 95 3
65 55 99
79 67 12
26 65 72
97 45 47
2 73 20
1 93 6
5 89 50
75 41 22
56 97 84
38 20 8
65 80 12
82 64 23
43 25 93
55 50 67
24 82 97
32 70 74
98 56 33
72 26 65
23 76 68
46 70 33
12 4 39
75 57 53
92 15 19
8 65 2
1 70 49
1 78 76
75 9 51
54 37 5
75 18 24
18 34 55
81 85 24
18 83 58
50 68 39
14 48 90
3 8 96
12 70 36
26 91 25
65 45 88
44 54 95
21 46 22
10 64 99
11 19 82
14 71 61
76 60 20
29 84 31
19 36 86
81 80 10
30 58 55
97 20 29
91 26 80
16 43 75
41 74 53
22 56 61
5 29 40
32 19 64
47 94 30
7 62 43
51 61 83
6 30 63
32 43 15
99 58 14
27 42 10
17 1 2
77 76 30
87 8 56
34 70 67
4 9 34
13 83 31
27 10 52
30 45 16
52 95 5
96 30 61
70 79 11
24 97 91
95 4 30
12 98 74
83 5 96
77 71 31
99 95 61
81 59 35
34 24 23
22 66 50
23 51 2
83 46 87
50 74 71
52 25 58
69 25 21
85 96 68
3 85 79
52 18 31
16 73 31
78 43 59
99 41 90
88 65 8
18 84 56
73 8 73
84 43 68
1 48 45
60 67 61
4 22 24
7 81 79
75 60 17
46 40 100
2 44 27
1 17 89
94 72 76
9 88 54
73 95 36
62 9 9
93 43 46
6 27 1
32 7 86
58 81 55
58 2 65
55 78 23
51 89 37
13 10 48
60 88 85
59 58 13
49 67 94
66 100 20
79 79 43
25 88 62
87 20 32
5 63 92
100 73 34
98 15 95
52 79 75
10 72 91
18 38 5
8 56 53
9 19 4
71 15 24
93 13 4
20 1 98
65 80 64
34 56 64
85 65 14
19 65 98
81 16 27
23 52 82
72 5 57
18 82 68
56 57 68
38 67 13
19 12 68
2 37 3
79 59 95
37 23 53
7 46 73
26 45 30
34 95 84
64 60 23
33 37 86
83 27 55
27 13 58
63 61 87
1 24 59
33 58 10
58 92 6
42 36 25
85 17 50
9 33 18
28 100 51
52 4 46
6 17 19
39 25 82
63 33 88
46 19 78
5 76 84
32 20 17
22 74 13
30 60 22
93 16 93
12 72 18
74 90 62
12 12 21
47 41 89
70 46 97
52 42 80
73 13 68
4 36 40
96 30 12
15 84 57
75 39 82
10 6 84
22 80 48
77 66 62
52 13 4
30 17 38
81 30 85
83 5 44
61 34 45
40 32 71
41 67 96
13 83 45
45 27 63
20 37 53
72 58 48
64 26 15
26 45 63
24 94 49
63 28 83
46 41 46
19 14 98
50 47 31
96 45 11
38 47 80
97 70 75
77 57 54
47 75 21
61 80 58
86 22 64
93 72 19
91 38 41
2 90 26
61 34 96
82 19 85
38 61 17
3 45 61
59 77 11
32 34 38
23 36 51
56 45 53
51 10 74
81 57 75
64 69 88
92 33 37
72 25 86
42 100 62
39 18 86
84 28 70
10 13 60
17 22 57
24 23 49
95 52 64
76 21 26
91 1 73
10 4 53
88 52 44
85 93 10
20 28 22
39 1 81
71 62 100
80 22 45
68 59 44
9 92 31
59 49 87
54 90 73
6 1 1
84 12 90
85 33 77
62 16 92
67 79 76
24 13 44
48 95 93
10 68 91
43 1 2
50 11 95
85 1 9
9 1 100
56 5 59
15 67 2
32 37 68
42 22 19
25 72 6
15 22 24
12 47 85
86 14 95
31 54 68
33 79 86
75 15 24
76 45 34
87 98 18
61 35 73
35 22 41
43 67 41
27 41 84
59 3 13
34 98 3
30 34 38
20 9 2
96 57 54
7 50 36
71 70 21
90 20 43
74 23 59
33 19 67
31 33 44
81 77 88
62 80 45
31 13 13
18 32 57
98 98 16
88 32 22
1 67 90
37 49 53
78 52 62
3 98 65
48 86 94
29 80 99
26 86 7
16 13 63
78 8 80
61 21 9
48 46 30
78 8 75
42 36 60
58 41 77
47 67 30
76 11 29
9 81 15
61 39 81
42 5 22
68 19 30
34 95 84
45 33 49
54 38 83
46 16 22
70 73 41
97 83 77
41 19 71
63 22 83
79 91 60
66 7 9
46 97 99
72 49 38
1 100 20
63 98 52
100 23 96
33 37 87
73 40 1
9 12 33
63 9 56
75 26 60
22 61 36
59 28 65
86 91 16
100 78 82
8 86 17
45 38 67
68 33 68
35 58 80
79 46 28
24 3 13
61 18 31
13 16 32
5 37 46
37 57 17
69 70 20
37 80 5
18 74 81
53 89 62
40 9 52
5 16 85
39 92 4
66 15 2
44 77 86
99 88 94
1 13 31
21 10 61
77 41 72
87 54 60
97 30 66
52 60 64
51 30 82
67 40 68
52 38 29
24 70 47
16 8 5
24 21 70
82 46 91
78 62 93
40 36 22
24 56 75
97 64 68
80 9 20
13 48 40
89 2 77
69 91 5
6 73 61
89 45 52
35 90 75
12 62 99
49 29 66
74 6 79
94 4 95
67 91 64
55 89 15
5 28 75
79 63 38
39 49 46
63 79 93
14 93 98
27 14 61
79 71 65
53 9 69
29 5 94
46 94 65
11 11 30
10 73 69
41 28 58
99 59 27
46 85 68
42 68 46
63 19 46
16 5 84
80 3 75
2 76 72
18 47 99
84 26 74
45 48 12
91 65 43
65 65 96
2 91 69
21 47 59
24 75 48
81 11 82
45 15 49
33 77 84
47 16 76
94 35 36
39 59 2
46 14 46
7 55 29
87 77 44
80 78 22
81 3 77
17 98 93
82 64 25
52 96 43
76 30 80
57 4 64
68 56 79
40 88 11
99 18 36
82 61 55
35 64 88
43 10 14
2 44 23
77 15 54
53 14 30
62 95 20
96 21 48
42 22 41
31 24 24
85 22 4
5 53 42
29 32 2
85 43 25
93 10 24
24 64 80
90 49 33
34 47 69
16 70 55
3 66 39
37 31 19
25 12 23
32 12 92
76 65 60
97 33 38
31 23 8
58 49 29
98 31 5
