10000
24.0899707635344981990349790 28.9512229208379573392949188
18.7106322937949729380573740 22.3363434600741369755201584
9.3690908275751871915024220 15.9599541686261271666720320
37.4049887194827377031623281 16.9075964848753455917866886
18.5715255961375867078449677 18.2509845496621484223173742
28.2075963408061268273156265 12.6028373263380974305732974
44.1633769677063298733561368 9.8028636024513804305270019
17.8177468425127126163598395 8.5456361645069034517277396
20.9246333486683917830326819 44.5999968522845818026642335
37.6681868562860238876103423 10.7288256095399757772805635
2.2688605803531287941664403 15.5032987350086131144715017
29.4165271906014568973849752 37.7580180629837237958519494
21.1319044608706434394005151 33.6517847053709084619532876
47.2059701081421255911355227 3.5491387897900126388809214
13.3065245096523720532183533 44.1014331453527788809138100
35.0826247024017097567476033 18.3360149430140175681090106
12.8872700238620759952959934 20.6256702032216632455517936
8.0967790540298823785688725 37.3623094702431766452334843
30.9411032381292666736110905 24.7112956035782674291734038
15.5285926618015122055460910 30.5837017044020396646997398
8.3226334601913227840391375 18.2272809899695080547434274
38.9002037073131163871238028 30.1955982144673344384243163
28.8956002331164064677521342 2.9230612665360054333696261
13.2973454215180679215580229 32.9572542051189767581356118
2.9570446366987445291145309 32.8291926037874283567616921
28.5429906390587106052788627 10.2858001817363154123713764
13.8244790350434792107622027 43.3806844045785348868165193
47.9652583935485582925136208 0.5779162916197959742560178
12.5851583043462129593922395 20.1274387455171641315288813
34.6417375683542902677754316 32.2017083125301131036660693
48.6834919650286944660648171 1.3847779933933616489930267
34.4055890587508815263579444 5.4548548578639221371183182
4.4401752742858531324992915 3.4329059896275267651506460
35.5206230094643986507228754 24.5415024197686056647362290
38.5966246955281790664877685 6.5422138540821407921486279
27.6890118934635054847052714 27.0058997325331958434146586
14.8349683590207313612223390 43.3061625382214367006378890
28.4370617377827015335389601 11.2842155120121256557140479
33.9565743517574877329224686 28.1060679977396616230241209
27.6663050968328058254226472 39.1161803131257067105205581
3.0960811953129077629872918 38.1302279200115691662693976
19.9646523021446814057911841 2.4315958657780846115237431
13.6813244112104218225135735 24.7350229907962245387910518
12.1461069764239709006676607 12.0818908005851858715291837
7.4690998948926743940954834 6.7611054392099403435681932
22.2535968146074973923350306 40.7894279049472701149357770
30.8874548108526139596310814 38.8904247252140165361393706
9.3188263539796797212606098 42.1563693335227077757180356
31.0868677357777708901208935 21.1685298114502757783547960
39.0551967839851834059300031 11.7979491507716453345431268
18.5058173596738901373917132 3.5404411943135688118482872
42.0445017442741657975650488 19.6662114571090338857728691
27.8892120367463459382900570 2.3857602497742170348077612
24.4629461997867290555183235 17.1774347102918726617481698
30.6997624941009446983791553 31.8594504473287006418893974
6.1907893927633791875559427 21.4283486693316718297122233
0.6926738669494704231520416 12.7090598753033368241445842
45.7858670539967839883229493 15.4969151160394453794521753
27.4864068647998269861294837 7.2799339051041490606243138
25.4334152823001174341985676 36.5395865750840541417130402
5.9144447746353847233179346 31.9924888529759152467771482
25.8952573801867764735634315 7.4455117496302620426944298
9.5916008701319017083113956 46.3303485066547383727893707
9.7120181292070756285390261 38.5963301864044205769753099
26.6125212833022023822998981 9.4748989939622733294041367
45.4526748633730538680540708 17.2352646560618656166681562
16.8584695352042306420331675 6.3475983592687125576707266
3.6191881848507431798695122 48.1497816909135817819534225
17.8060521699408925635269174 37.1812386308114166797230156
21.1576242498636510357726037 43.2244714959197803932354974
0.8709719181275821877678553 29.9456408834046021368507575
4.2900551733142474738486660 0.3089119776241479266735972
11.6814214399433221584434683 17.3217895479200555349875326
10.6255797840557908483098038 47.8601823466299059724829238
0.9247547975459747684030514 12.4957924344323078716030331
21.6676053813522820326830011 26.5144277146989093505652837
5.4437710133704717484804374 4.9865175377198290868377360
0.2552276768638552525161045 21.4110919579773576639704114
6.0684411985335259287013826 20.0168434429592565403781963
4.2498159958312537840623305 1.8544713536684271789981880
28.3064595532929952727792490 17.6845793718083021448576351
15.4183849476839889770612825 44.3031985933863673271112394
26.7573837984039984137939807 8.1573532634615753762585465
16.5193584581893404024118350 30.4895194473420374090686635
36.6731587729994089047440888 22.1377375901508166994068441
17.4867072823672565907267869 38.6680109188564799582366039
18.6693799404426225256318390 10.1712463660752323848367221
8.8565375565283493416859786 46.4334119197566921083687851
27.5479053027062483844621053 16.0347408283741512292080090
22.6772656515405361939254935 26.8000302718011828082947502
45.2210636089492032560734850 4.4221494858688416680360790
12.0673239973860901508852408 47.2480654793623248308374833
40.7321588081169610290478323 11.9954674285890113752302780
25.3616683319210707594489820 0.5345834094244715869181783
2.7771802891693982473285484 9.8887445938020351690351348
28.8537098414901413823146176 15.8890977837980140069220973
17.7899516007818551203686396 13.1345963790989447556757072
25.1997780143204021417163301 4.9971179722890363348510542
9.5510117737754460943834756 46.3117498492251187245544270
11.1898555078055572626159629 10.2121072122473153267417810
18.8070848935453570544069957 26.5008218326711148377452065
9.7591504057448532229998803 47.0080735976071462190583127
46.4375907817030179037018358 12.4519140051275207395654061
28.9891004940664447057593110 20.6792662477399475901081813
13.7861216922109358685821732 25.6308963691781774959499201
11.1206207614102188763557844 39.6967479005634919248964692
40.8185022850391710061230934 14.6236066415317659545159131
3.3574958427171053150566052 44.5390527701941294306099224
46.4288297323502558033582173 17.4746607888230229320796149
2.1077320466246819959004969 48.4825480520530328423689088
44.5848774773335867151190411 3.6998243649060246746071124
24.6767302482976602839145009 3.7495312043975968800006350
26.6362865885124699169234218 31.3370106547295083103845373
40.0777670797010836268082979 17.6003575504939124848068069
15.3939615256659865629993819 10.8409385454542325488937262
4.6817899637823775468670445 42.5802870203457717831263100
47.3513544019740519323856457 0.5909621803910760305804025
23.8571728821885559216676872 33.9828677728847215022038898
8.4449180146461204679209385 25.2622912604123347172170404
16.7246486176945253597540614 2.7903635273291188349963219
45.0551842527506123069121507 2.6514848577152479970647541
0.0888721636552132156639019 24.1348731452752251875175637
31.6338900900653448509154685 14.3804380242628759863814247
9.8661401071616032983772143 25.4982211023800095014907451
13.6368581689597788911005678 0.1899981043982980213388408
11.9702343755062418407181990 25.4698545146109676871849979
22.0278398083658636728476491 28.4565330526572078827904920
33.0276370533073999331262089 24.9634771351067215134787014
5.6854059102422259722314826 31.6966269441368597805547284
1.0664832947036219546914253 4.8334887381805398640749105
3.1977788173527199960016749 40.3022854269493039558684387
27.5010557130471546921019278 3.6320703005140820101258144
10.1730865699830440392522971 46.7814953762663579096473448
21.9026542863642499438510384 40.1095217524718156420056172
1.7117737593174651469480057 20.4467559920128198536535287
6.1180153706179980054654772 45.5474465576818248985735225
9.2083862116264546298765549 5.8056544314597119437344845
23.1110532109317973278854424 11.9741062080423798388834788
7.0458406107789140487356630 18.2443451537044381643127357
28.5108197103807580388175659 3.0221117520972099724199692
44.2605388606284948793092257 1.0023471288904140626510406
25.5434192750698475609648297 31.9692622958051721025679877
32.5266836789948231639363571 0.1218558435685198364967198
29.9491734589576370088130764 10.1512072742737082021640245
43.1023758129530370982960702 6.2598082461814287037817672
18.1344175763504093731865415 37.1435445153872376691902924
16.7740984727572336567914030 2.2648665360774443136452676
6.0976018714113431437104666 39.3994828826186611653638725
17.2204158143127087335364066 27.6307307030083583449083288
11.8403090651508377364159246 19.2822996875815332541766225
44.8143772415890454697339671 11.0982697952674504322617884
21.6012613162733402314834683 11.4841416547373256705076593
16.2844480332521492041665718 35.9905091969023162595003669
1.0306977987676257675162394 30.8372771503519027995432602
17.4326232814512292650262137 13.5315795651137703923575335
10.0565467383663704413484925 7.9916123341321253320295698
39.6604160700759329013394503 0.2267093920919338069065660
6.7849128138453412030789778 46.4108280265340374190908151
10.6515872722584189876966899 17.8057206700953964284428412
15.4203854340600642765911815 28.0572934023406506318035820
27.8992026781593880883763990 34.7222477659926853294810724
19.8092346280530653270093624 1.4471432032605945903230914
20.4549579722899325284499656 40.3372618598716059633847935
45.3786171450652846430633677 13.2204805510838748530884478
5.4037216714300987951584464 1.1400842502713119221689238
7.1487912263486898602165834 27.3659420448498354795487712
14.1978540687805984143412998 8.7419071055239546414200996
28.4541229427686600016830582 25.3350130759351725316320817
8.4304130724950332498551880 39.5085830602301511247160674
4.6603056225871787859911877 5.4112430645908272599042883
16.9515896426775652475279839 32.6365379381187841054511810
29.7121610293426789144182961 30.4086745348495944433801232
43.9316270490949457896835279 17.2050034821045388114638969
10.6338987843752084009852024 17.8723304760085349375757841
14.3341288536146829020338518 0.1809696327316175652843414
4.1389001433124476557502048 5.3730350458272836633888830
0.3761706633362090476481816 36.9845710483715789772221027
7.6577630587446932333046364 31.5730686651792704704670754
1.0386383452073554401300417 3.5946112985780432435919033
24.6433325957110153756086499 41.1668089433364629500573193
43.1575870996608640116576739 0.9605601153421746727558792
3.5052741940007140392566395 2.7772383449881726989910649
39.8807423490736932457128730 12.5310171050398011779635071
28.5451122405481290345028736 14.7369117244594151357255484
5.2002025356031770419022566 36.9182596229657918067527315
7.1513380878499076208684316 24.9170295892842577599288678
22.0518722847379986850159606 24.7833599162342013115106772
19.9953438089879906774342026 17.5979040217966194187427048
4.9143156392460190107007912 22.0419940522145589189667436
31.5296042205844843333565323 28.2114171514530810213215914
27.5930730501181910793158122 11.9005176211306534634528171
5.1651398797300353616903254 46.5491281338632850213605956
36.7922856278693352494427103 2.8857786258269284062510968
1.6888913337065750205146515 45.3778320996379335214412620
32.4003024465969024894580064 12.6775550233097696741161398
2.8702924431054752378002829 4.9760849360769156986732148
1.6749383753849570209084972 41.1909526648590976819756606
9.0627379739001193749047059 43.0739687098417802524772386
39.7345981508136900794001672 16.2837867154219776968180884
6.1562518281092271748067780 31.6085520615687456141004913
46.0617124650735145535891221 4.8289382668337365395788564
22.1853100389967370971326303 11.1270849045736410927160840
33.7227973551382851401765462 14.1870694135285840031626060
8.1149576444160270793060027 15.0382001060410778472312594
27.5795792137874059118240507 38.7732744347240506980337530
5.0810771278751893856031531 17.7110884820945891047765804
6.0393123570882906827535260 31.8594837725522582662637335
29.1850646478698818467128647 12.0304614001149452807810302
28.5283682801534629635620769 0.3635976786693580037798116
18.7991963470613450575727896 41.2927380625774848850008062
0.3672637113977279113998554 16.8185943932984591856413751
3.1582665154271241323460948 44.0797612586267509957364224
24.8468207616556339363589761 28.1537830146884264693618536
6.1793459920350157469026948 3.9768936509191174378769081
15.5617960889454611048776386 33.8205633082313067260602029
33.7455874478390794757217571 19.2154970739829044513114300
16.6807602075763102189706804 38.6102607981005320224627015
6.3509976575780574366976054 9.9581538827956473540000353
27.6724572803074833049172163 41.4515995839672918690402959
18.4500133214436795479103405 25.1017331759890787789083172
11.7576418349611304882742191 7.3319750736600203180961490
11.9776082423665398232241207 47.1384864075247236678764391
24.6068050353608094950028010 0.0717352893763660665443535
44.7443134641436622945948315 14.2459261763653744977552435
43.4012546993364505821227055 2.7075986636364083901922566
35.5649069186436833470186372 23.6460862695755777924901500
22.1855058612693206080077827 23.1150022643214253444196561
9.9619988887473654418647488 40.7891968312762473307106808
26.8809899631995259913630422 4.3488364648910800688815048
32.1449652129069937375404387 1.0959979292860141046019436
36.6591848193162977737421795 10.4452940783498048982298832
18.5661685029120370251039265 15.3556955922379826856764036
28.0793405714560528311032905 14.4066176832795166818850681
46.4799166089096871331381081 9.2799435358627807849139227
30.3238565740654145981164505 24.0096589412575733227003523
17.8055933491618925594697324 40.8773879484034764571610941
2.8008319281183009396922164 34.0610531327267260806880730
15.2744853090787179691946597 12.5175915631857241706011007
33.6251679647440386562425934 13.2419061823723568143452219
9.8830242592946661127367341 29.5436259028947412685314449
11.0623590215701021903857520 28.3482664880568415214846485
9.5181253389454982022078888 18.4906811673373364929713822
42.2079477372457932683440363 9.2999541832165882978495570
5.5824472514786004572416439 40.6181767523415435169622206
11.2150061589502894055273181 43.2229526623842193519371472
0.1656061918927015293558527 23.0861987903857138583120836
9.8057642040275284940986080 20.6118167169954325338801942
0.1626358763440428602866312 1.9933764249949895501932320
26.8352077114035529939115057 7.3055887569604740002896140
17.3551647215392638410221344 19.4627402358516558037221134
44.4843835212360263327480501 4.9132090058926529189153251
27.3886247309738526808902207 19.6434018272265523561034389
36.7914083299804941482358265 17.6179531471916994258289699
13.2569354559279888343494130 42.6409857099640623072533076
28.7445415280400226800282466 4.9750710892189830134789920
2.9911831515564939800484035 25.7206691855761124628346442
30.2232382846587135380475318 27.5872410289383563594402775
31.4939301126660916950446268 19.0297757753081257074513058
20.7533977026424181507318942 28.9187911883597997746504749
36.1411553310191714664437675 6.0676924229186603147845904
29.8985683893111298164626513 20.4591204177913101330505217
23.1898735522205706178693603 10.7111980950788550814114683
32.3405685960227427727200355 25.4968159362291267332133572
13.2968211359474176223362374 12.5576489709906299182217542
41.4867043175668767069346019 24.6546824126123731916746513
18.4278693985745490816304755 23.8728638715399976771878567
20.4627101642253767262223127 37.6666628829115608428260541
18.1048761675832745996592286 24.9542272762847769834947829
48.6639443297413954161480716 7.7019817106917547681089420
8.1229878394504754983456946 33.1061485008470850375183395
46.4898156132549692068035295 12.2758724433562965972417825
29.1674737202598989585424527 27.0787458494286283944225074
14.7370575532751616984313246 32.5241315744395472801072454
9.7407810859497415708938349 1.6177712556488860162975359
11.0099649816620498117197190 1.1316673992721444271560783
37.0035753463881915991083218 22.3771180357116592234073368
48.5282133663693470946133456 4.0635584735710941676315558
8.9302597476059047660139391 0.8662914291909634873560225
14.5623387919584650247069241 43.5940166640815706506087445
35.5181529768689461561143229 5.4736467836110523383693604
25.1547781508396891887059891 25.7630964012876019627813782
19.0262774102879021794651228 13.3229414134705358026857235
32.6134145395061239054899370 5.1347046725523134027246392
23.5319018708606540276569550 36.4520176991642652040750183
26.5210758659429050513839486 18.5238369381967079809645587
12.4534468655402908016900349 33.2101138385155901620287010
6.8381490031567120330347327 34.3109270963439119007760554
22.5699598981459024815508142 17.4096786356350013839682332
2.2937646539425225786811263 41.6141639794952980338425457
13.8995483004396151417593338 38.9397298018841703185581199
29.8037830888147043607664244 26.7345191390247870333703110
36.6372174690179195264931315 16.7396026275383308712029784
42.3240597551802161452404230 3.6295958232197675614275111
34.6817389956270874613298847 0.4206901938474709120781918
16.0476182583815090126112590 8.5424790449412530849296930
11.1982585359830626489198904 31.8841497575406967974699990
0.4092081581286832627820869 0.5766703419813876245140059
38.0159467019066167755716928 3.2074594865399978363365897
31.7329427272002541275687823 18.6686996299214289423162861
27.8063739231326809201755752 20.8998940008538521657706449
36.0176962082470460204988148 19.7667791976949639751928447
28.4076594519665073518591311 7.6814636926238188905750971
31.9332362002369642221201446 26.8191801847087691892666135
8.9144828249868699290010398 44.9503280962777191046350446
44.6683880720430221957527253 7.2273859067691036463815236
48.6986813307746773157173551 0.9687293965075611537154724
12.9220304222341415471472730 26.2110879165069249806469152
12.3334289321732560191081088 26.4270038175921800387576097
14.0263116963863107706779180 47.9662650223656310588444650
20.5671801560270547940935471 11.8528941794621170917809972
4.7017754593855983953363335 17.8995337238018394470208865
16.9703000688882601633613624 20.6399834198550438746865026
2.5375849930196549622991342 36.4905557974005301074299592
21.8529266496445795464821340 40.1241772108195850005378001
32.6354694203623359265306951 27.2199584076205902181260421
43.4917883867985375681948265 23.9471155448403819057936563
27.0675252159411048141448189 21.1269751427977130376990062
3.5606822059737680421921471 14.4506588856031675720862963
23.2950101120863149310156438 15.8852920614572375911424382
11.5758373940137588728118425 17.2336876096601202090344453
41.4999241147056162636531296 25.5295181794266393909036001
0.8941467352447045806796515 41.3303823066742419913048579
14.9599078760689958291088808 41.0938092215789704117250474
20.6651546322018304177522788 16.4909485484367220795474323
27.0516301689469994978917985 6.0174168214040592089672253
19.2561995593594982571402310 7.1901862653288103227290090
19.8492715933531375671690857 24.7993229184448540941777432
17.4731813371570787248892438 30.4333358992869127492217810
23.0266442477698681717532618 27.9423272954606778933854330
37.4076418345048397551632071 4.7083258576062242374825737
11.5781300606098632160655921 19.2599819392335424155181216
25.9834286461492408891755632 17.5744540680634238213440481
26.6777851451335803944653550 24.8051563137604531171482663
22.5744715574713407301494655 20.7700080380561591138933877
5.8492126786728476582534232 26.3208417616088564601993525
28.9149090135130489538000828 22.3925888798115935533134482
0.7524873642149799754425077 34.9060705718460494846022832
11.5272852181544126073455730 44.9346380368120777426602632
10.7424276128435980971534398 25.5851568098148539463782658
10.0370284257790505571285893 43.9745160334949373073220269
28.5699879312318593579257128 21.6738503641892365336544312
14.9887256336981031191496341 46.0036748953572338093364648
42.8439108127635939320901237 17.7313086451045344158888140
15.8332414037289764836875452 9.8391293644937136939728752
20.8853418790055594880540621 27.4372464835131829914095467
43.3019173010745545828599133 21.3176911988822129723626908
7.8518817132071872464299411 4.3986308735562894614398184
25.5763036570298413288089938 26.7834406162352854008069486
48.6928957765756801540197975 4.7436168575822278717750102
3.3639639942052247468463801 39.5624031909803329460590695
26.0622170738730985133553676 39.1057648076893842854691939
14.2099513692136056506873923 35.0724575997260901104069829
5.1351259554122506357285552 12.7133977135166907392954133
1.4178042820459337923975397 28.1778251647960264332532426
6.5907874844302833545994906 27.1304537436268680155609696
33.8290486998358073581215567 26.3172085158007833829884222
8.5855540685246718945989891 43.4429310859251237693253085
23.9385099849981401251357330 19.4665800719629318519831077
21.0051173360117962621141342 40.8996949340747124766845954
0.8541155926901603429097031 13.1251852007628271833917926
16.2799075340608919883561252 45.1493589177346726029533881
31.0442725660406685603705037 13.9374725415110584854898506
23.3459666588390824938557552 8.5420044933477954232702766
19.4041195470540203457203105 7.4819880114603284693188230
44.8971265255186643387169481 5.1718497417817880274297824
22.4919449041969314482930646 1.6162965156708369932871284
34.4533484496434602331841774 14.3166609447681820535561236
26.6405734232362734459384625 24.0474499205457779637573446
33.3450217624146806238988006 33.5351982797789842812792921
3.0478153337367395010239901 20.8736873046292232516516652
27.3065437077613880028895987 12.0976307902050370266175775
9.5141575376981254481456110 30.5856307168556186150169630
7.3427966015503818146002134 35.2361084410333282105575220
20.3070251477085753345481718 14.8702632676873449534670620
49.0944000161306460193929033 0.8601668769205332931170518
4.1512692650735789078924076 14.4487703106131307916419713
12.5577302233151990286444380 6.5041072898927491119501614
40.3280070369125043643820831 28.6295624910814089417060314
9.3798285105732756570639723 17.3498938645813255936035897
42.0649422499883591714300224 11.0018468224723197635360287
2.6061158903011445902097799 39.7769802771190748480837557
18.0829130507831883965893280 44.7661507793311959459065183
3.1176927532070412188131135 25.9765277105428449750979168
31.8993670396418268551539539 5.7819012850629533748169107
18.4320235067741245290858580 16.8896568776788980962604904
7.0486603953105883888530254 17.0239944381916425667113593
4.3526246292477485724554391 5.0551616034372134879511976
14.5257889641848662717490409 12.6886348740896926245645901
34.5911267816782587149299645 30.2234006685856102330462601
44.1332840200411543319443122 4.6640370502795202344304698
27.6099054280825346519346111 36.2034959948944514767445600
3.8826082294909430111909266 34.5387514733275963101460398
0.3662884975178863370355166 45.8133804988955829113450044
30.1150203679010701862858630 11.0718358116846951049195238
4.8750180000208085256113654 22.4328821041673803944437165
15.8880585456519162592022826 26.6658882404081397513035160
0.8988901620641052661723078 37.1240083568106148352299632
12.1832679065216558853345263 26.2691450777888740250410634
2.1392641992785277636746259 40.2358490488977403839722642
37.6259955866828978481766553 21.0424441572484419831197765
17.4565219221438324030567986 15.7248161318888494951928468
42.2800746254943313757464210 26.6813659632079252072218431
22.1626011008231815686357825 34.4574971877789043304757630
25.8052264596259077675455683 37.5844420920069390611866788
9.9706564613631387906652397 0.2932741541245856531912659
48.1504772858107061203616820 1.7411309969750281565893126
22.7035159583003175050477432 32.3581575979103423319581516
33.9998111482970029772203828 20.4453623562933907670394381
4.8764596834364247460932922 18.2953584538761941184543927
10.2913683719184291645320301 22.0019939331297203375472334
11.8524489310237070522450553 19.8750963353004904117319090
11.6632610281230271343361216 18.5194044771927422810284165
44.8375563309992423811939407 16.6911216598666537306507906
1.6311227675647755977730183 16.4572002028635425797072683
34.8160397797964964338088362 8.9912943479583587766513911
21.1033165187007237403961752 42.7568711660656147912133920
14.9573763566927049274548957 14.3623428633440604357338227
9.5376823930530531508439502 47.1013016228771090353715409
7.1510596605372726299637798 16.0580928422847445915432599
0.8216871999355572811066962 48.9318386139889706016360501
0.0573035583461925921700259 10.0248050505833211689722942
24.9896544077269009721662828 8.6612454406035319433813378
1.7489488551437252886163243 6.1189196678900314369225283
11.3427539883714891258919735 30.7301469563567605846908252
27.4829441217671077952899556 32.9042213462015656920948340
30.6458076991798791265988071 36.2951025685957697522408951
13.9820487567004628156142888 3.0003854027859557602799552
36.7497748592957402016577416 1.3978725947219791115801642
7.4262015415043079163017711 8.3875819319371802407321215
27.9109664238832950400753349 34.2706573220424143743233885
24.1477336098142066993978675 27.2467789198916014208787001
7.3909576203418251458223322 29.0753116140534443157943233
8.6202192487438458282271866 6.6476928406467522529945452
38.0061316342780499110313770 15.4445446096001576800392890
6.2373914293852352645662717 35.6032996807407109700175200
14.9789334614076065245974195 2.2652929962200341068721137
27.6725640549967884876779599 3.0379596149553566005662901
41.9431628023889053502057307 15.9615504927403486868851069
23.6392656796280680374957164 38.0615963686227765996748449
32.8073685709859736401014034 30.8005936216736211442213805
28.8564144345828436741097617 0.8985243344500483938839589
20.7469371130889942781434586 9.8012550433875817925557234
26.9893842245356209165815008 24.4555339173036203902348556
7.8595872519004847100397827 8.6155027845020969910488517
21.1324449078852725837504906 18.4097738230319878403985131
1.7624682418344148327969138 39.2987748625389733870524227
2.2409635407197153435953514 10.7693120675911772331678783
7.1080911844760043737056523 1.2145121296942707600272269
15.6256581447357385424330596 5.6425887271582781349134098
5.8921832905748345965013863 5.5481687132125600395910006
35.2890652936887084180435154 31.0432258423279050738103613
17.8497759260519782492368504 28.5461993860782672548412090
38.4694610439030313046135280 3.4785869245466753124330601
7.2279059975042484396674348 29.1248583668872476690254239
9.6082836583206154731439240 36.6767076649642723927776864
14.0935235302301245784517535 41.4411944145297265679962141
44.7853622796302184370077452 1.9419900829496540263759598
4.6071344957924474786735177 28.2537486316007149179989122
30.8390742361470716313883073 31.3919018260667015355488620
15.8520815125291899993533351 42.6287639009170692590116406
24.3481508347026194532308827 0.8170379003266222968746994
5.0933280506729393004546537 23.6126662909597779346908275
21.7014128751744185689806668 41.0127867770676365631906297
16.3707994164930564123465506 0.7049301135223290268833617
20.9537154345069071941053274 20.4191530061779745078582547
27.4902440009499137096004633 18.3517433713594981898857513
17.6692479137541946454170718 9.2356742126545932045345276
14.1680183250997640224569198 2.6957849950686492717299642
29.1124349331269011737815280 8.8298432751919487951882665
3.3907039927816092648976970 5.4316780494921505082380171
27.0493967925333107157427581 11.9511561432393913145761626
15.9764388846606459115260236 23.7645408237715229894018879
2.5405900448974941261202281 6.5226836673080926576046172
30.4069221220642636161037148 36.0682559470612454449308086
41.1724594651778107689689041 26.0063181090343909608973597
15.4275678422344438279191427 12.7078774967833895512793917
44.8559746562034571208656848 15.3114838484724643211950183
5.5442410961821950670146026 26.6601086019431746055252230
41.8446076897473794442254566 0.1697271078363147080207511
12.0813330940086106151924592 16.6895593312589392569014668
11.8730700190488296797933937 36.9666093701162133405122663
8.3292358347554598221484021 22.4304219846400909925798766
33.0066017070221894895009843 6.3296321973713359569303523
11.5419125729048559909404685 33.3134245336534083460446812
23.2054813018316269196195415 15.3461929334393141381287363
11.2696973180702383905397075 10.9084335428640017027055474
25.3520229763876986250206614 31.7218368163747764797961125
13.2978532063164539032669304 12.2542686482408735570109524
0.0100079728886185698368535 12.2882016520107066753594575
7.9990279283387357764993380 0.1247084666609005461847591
13.6369384581295887655218813 45.7660781528108020403704007
29.0771904963438108255546461 35.2138750045963156316122088
42.8490059453262344738278157 17.9850685152266520676865533
5.7998590978013936198031357 28.9976142888626340256227716
13.1880784622247121247294138 3.4021443934972354861062157
1.6883160245133211407138408 4.1412062254096371925933761
14.3904942439274609219431807 9.3495280851757761236484532
26.7441673112394720805644585 34.4201905112163791826671789
9.1494223586636907428374835 44.1790456042543425380700198
46.8271493782454608302918764 10.0855382160540024986052577
9.7606071842171146735344442 44.9358492452897706226978939
10.6874659245164566415052039 30.5250400837132333602381378
17.6868985213508323491490963 15.7693887229479424816797318
20.9097081857225636095446383 36.1079506977054406375914261
21.1274814889489372940268478 15.1864915610591242190874958
21.4074973999816842345557703 1.7941725306607024860133851
16.0908211415175318094349625 30.3740921673667875659673781
40.0077332516821388022386538 5.1362710269462335410450286
39.4981299962683745136893739 22.7793267415409900021242020
17.8070405330263039054943953 26.4652471640670359050564924
15.7554819755494588373068846 5.5013441737575482980728299
17.1622389446827081358835941 3.1555592857077118381470888
32.1542746408574372413615148 23.6559215064708972606877323
20.3360514860656117604038474 16.1383087700071169362276420
12.9268675574417010345171495 32.9453501294547062551513002
22.4379510063400753965290996 30.4637219432734843525465282
27.4324599318555672736111460 40.4778969573165800030714084
8.4060055745987611737920762 39.6148844536976347722400971
25.6409231085875170285157641 19.9885732892445993710403903
37.5795743013788750403792949 12.6204435471636430095737544
14.9762875736096998347967388 0.4591410595271234859190667
16.5075016326158254494353370 0.0488860837647827181607945
18.9117448935979904292608758 45.2144435449499956981320118
15.0600271098500474634308152 44.0646750067509476285288908
37.6334760628585391542625099 11.9256647372904688215923119
2.5427932827642797064704186 6.2477357755533210344307405
0.2785984192502123868008909 22.7908398906400832731174480
13.0987835348034902434805663 22.2243530818865677348600124
49.1819481112979579933210658 1.7708698364349714524058722
0.6017756481941290489164484 13.8252618806748299449605898
5.3736411629548893230284418 31.0261821797622535750267383
29.6340358622349849725872767 40.0352834199505925109618901
27.0954168272108928326313963 38.8051335129734709389763563
1.1027984419383627730800451 38.8301923198489749575312745
22.3741520334204196459757412 38.3392399609771724639638088
18.8425860087886546598289552 1.7195791640404455128947599
12.6488619234961760685890383 42.7376449051691267489785626
8.4908780615197247642446997 26.8682896691323290691061244
47.5429948832994510927481327 13.6624901656529002154644036
32.4544089925180650256508447 32.9349561552214997856406829
3.1516563495210333561780402 16.1110850737783565968835750
9.8576693989056176278402072 2.3078895168269557445306395
42.8855124827455924897935762 19.1919988300403970095590799
0.2788419435983555443404212 18.6526739951806987963827303
28.9105738691302485073952878 19.5621757112434518856665546
8.3120680358063297599303460 25.9501353554875837207890276
36.2499581586660134953563803 27.2569355118098946636429211
23.3370507531554933372152218 17.9271320111345367753834791
36.2273133902256202043323016 27.5514385200914596491460526
7.1339103836990682392773803 22.9043079493214684853387599
3.9006397312129127515454727 4.1575244662278604278300286
43.1467766266543502286334626 3.3698170172271742837602477
0.1006531461232780817051288 49.9248422024964990878252527
41.2025548965683317338749849 6.4691166317568421356738350
43.9562985418774733361544113 6.9169226175619683208733756
29.6827679417829448333776049 22.6590663380966048337907680
38.2282904053978256885370018 19.2119185059839493394454831
0.0503026714663359828748913 39.9436787194324823102750064
8.1778323418653087528631151 30.4158356483648458037244292
4.7851570031285905165400566 42.9895600402633733021268670
6.0555157452495785440608223 6.9878987584991843074681503
6.0407014936027115199821440 23.6116480887121890501581122
18.4813301522826098675194063 45.9776079826074645299266284
45.3714146784297552471632278 20.7348674960311465516209624
9.2606211762316278569399256 11.3903860966312437529549188
27.4249397750331479619976069 16.2902632985413955110834414
1.0372854387931874812086355 26.8034333419893732931695014
32.2235068009629090190042296 8.6974484447047542907658702
43.4674274521807959269362362 7.3200239541547485307933654
1.8549709767746265386053350 26.5152613163688014958909308
16.1612647279365333375604319 7.6363291176817732206910658
29.3129259509376893212096864 5.1237068802619614947217192
20.9150108261675657461923367 3.0923004610311590697673752
33.4004439031889955170503765 19.5169246314557729364589407
18.2379349355677190034861725 40.7538676604564551515818222
17.6900881321156998109072864 38.3022294635440153626479698
9.3210835871814135066664496 27.0669060064274297267437534
21.5480000489514273235828658 44.6786715770555255848316411
11.8556728297859982234279760 32.8776979387711094835035366
29.6521266612023792783278294 9.7340322820510020686758650
5.8338341866276888510708485 13.1516682851619266366511551
37.2325409264298032510249576 8.6161416052505618192496801
34.5090318310748970389239256 32.7127914137858241386334071
45.5289566781885758341044829 15.5600161887971017095579268
36.5698315062980548054418198 14.1119603032665218709593122
16.5721911274820820580993355 46.8226705905825512414347404
23.6597572828501663532016467 8.8439745203510459538844246
48.9545730107271951783924737 1.9874056801218217795341334
21.9893043344025432582151935 8.3348962134525420867196523
15.2687778078143506504779988 23.3423311658368002101037717
13.5746124163278150611504536 23.3180165911785627184857842
7.4817107137984596150029656 28.2316135705175970361506239
12.3097904956129753424920099 35.5312405912616068183235589
4.5388088844256286361000479 29.7388502452710666403759948
32.8523047955716455208610102 16.1779501055869331730543080
26.1974132786763303805800401 31.6969326198329967319479701
15.6920954243405298372088082 26.1583283333127196762368630
36.9282867691267223509552519 9.5289892589476803338133763
3.8376596125349060144464461 8.3529856158333251998725856
1.7490766302541962185229569 14.6778994049386585162533299
14.7843313911935320708447683 45.8085531895012977671212361
6.5252409644878584108906524 17.9560917338759873948914010
9.4266467386442283363295124 27.1226534702047198770107564
44.6175630765181266128392588 3.7112080395642501038720995
5.8277153208231141553364072 29.2922811358119316349606920
34.9305193949401094752046899 9.8416875991728597568058790
7.8815724127966427902371683 44.9263933150864326822364903
35.7076298716415088314322577 5.6093822253306115327127299
44.2668404586065060016799572 14.8474521656841225672267332
6.6468142627962492630881112 16.6228715977681892650359795
1.0798513005930148885285637 8.7654960594713391384933782
11.6402205653226388367577328 15.1659244753044944843170567
36.1918401953373819165543442 6.0125454904858239382247774
14.3060158416843608961626797 35.8097460300610915555214203
28.7843179058368445080779837 33.9037319877284367117544520
26.1491813635721474414747611 2.9530177810184428016947987
19.8742612792965708894289406 26.0866582490408884006727803
39.4322280613791577813476203 9.4920698541141229882292724
12.5159816261312879787677326 31.7072579062640483052430911
12.2775988257313729343481149 33.9081194859638244199692707
13.5146403591254025048129222 46.9824913767192513238204115
12.0143204578164972597419900 28.2339530341908019489817301
13.8429756253488610163454973 39.9858978370624724213355608
23.6106829478404543463973499 16.0634881248300486606433393
8.4830708116639042435975753 17.8336061861950935270641038
34.1973545000484316804753374 18.8425302228235069721844868
29.1006296054741207526755673 24.5489990949733655154640736
21.4174993262797739245314129 39.2210494837759973733050622
19.1399840339530381665196785 43.5334470399487523091628424
0.0224398513164129561953385 24.6272104886662488053866876
0.6627955693770963875717081 39.4659435720624078759998516
0.1352787141070665653385823 7.7769981142796697060744279
26.6801835408062778986482219 26.0128392573530847119066771
17.1116238007039711272681115 36.5744764952716907894143041
37.7165891850590802685109054 15.3283691319554417671582436
16.8593018972271017813981557 45.6099105407821935403697526
46.3996143771087850796226295 10.4439353529021679013765194
28.7397408186712209392868443 11.9594020617923561480673259
19.3549184463981489845754208 10.6717914116270405499597492
12.5540193346917788153806085 4.6256457434811182476247854
29.0368504956107029004645193 28.5545322724003391674810156
41.3305174369242571768303540 16.2415617597600487398700139
34.2828470076864712607585636 9.8329243385456172000728041
6.8310789879115800742940170 23.1373369224055883533252074
12.8772877382130711273829978 11.9446833573463673848685013
3.6942738325550597510158406 16.2742846494123651956830583
2.9159406984408171651103145 43.6462746387727400435252269
34.7554993393092814706595107 19.5973280238728488549777879
29.3794214180050001804658848 22.8221295488232005710542590
40.8636438421956491041938223 4.3200245298129510056695587
3.5590696941464449100770808 46.4417164079043091850380950
45.0900918818586171175106445 2.2098900618690587703853300
9.7870917929798301848979533 43.3498885146869420736687300
31.8916841816370624276726716 0.6484443374109852960202866
13.5484700864554220991155531 0.6625392942479768354617021
39.0807391343624433798020837 22.8297137238273712806644610
39.4894222699063721801233567 0.2924530543910665513084979
46.0440270320845950199494208 4.6311526285216599634246924
14.7992636413308073780437462 20.1117327864702899128543216
4.1209390657806326209893758 48.3840661914242491547181104
24.0127001119699903827620492 25.3256832747429819730965319
19.1709976704449409637951743 30.7485422145472556179877969
46.7946994872615800937141009 14.8746798250207998578438592
5.9336416895617665926781453 41.0644846101822466782817143
35.7065960645141811196293194 27.3320141498137746156373588
45.5499516780066617895836274 3.9625625712735560447101715
27.4797958260206311411486422 12.5642676412204423651415445
3.3625235004474637123467659 11.3443129236167729887687305
32.6839735853620787023017461 30.3851587238137346921991268
24.8247305787414542998905105 36.8134860029975832694179202
48.1962834870270285768181388 13.0812177582259430457909312
8.3944650744547670449068663 47.5029783920309477090570560
29.0316520495097222509774568 27.9403503785510525142637739
20.3537014263633867180300167 27.3445943148998470747095430
1.5137543118235026807834574 38.8871257344051561340813503
6.3840270248266436789893212 47.9400062468319154082453492
22.6797876168880457346911218 42.0253165800431735335547454
21.8285617397168389453087663 0.1178659211569210504765849
14.3005823592217815162143022 4.3003888413857165344584931
45.2095863940656842555850353 5.7526774703185785947338826
25.9755545909136632760734842 31.2373264492091914253674834
48.8697843668591148116631875 10.1362801824284862681316997
11.0213718911713365187646433 10.1503380060221815814938924
7.6030205661697721504840959 31.9717700209168819383963724
12.4902411835961597006376247 19.0917226874789484938614220
37.4395369239345812170232424 1.9444986298115810463500138
25.1520871540952458192499176 17.3023845695556344604510588
31.9535532970935613714593186 2.1143395398566412024908710
29.4963504238888719792531411 17.1891044464553406328033810
22.1535221910259818581199157 30.4338866156085851344160142
25.6571763016857544507623095 7.9189206476776184269713756
11.2618235005636912146561149 14.1481918082188639821880620
24.0327232813054535078200904 3.0705393148759446850771397
46.4595595686985276710614329 1.4175065017674795442695229
0.8092072418855213025875677 44.4898323624587287275175438
5.9546830434496470161147871 43.4631079175437389616427603
40.5992131548584092755145104 0.4515431389932638355229744
16.1741046572809434296788122 37.7146965854867099112715946
8.2632572490904998670128684 33.0638560914384773553596021
19.2582012905941805509145150 3.3349187472795553247011613
32.9001102382810823031980056 10.3962852167950983853114677
2.9435284586130503853279268 29.2546686908830857763517385
0.5699781296457407175272536 24.6409237840573976965187045
44.4673816124749340957286356 14.8711792582338987184673534
26.4160427932828182343295870 26.5366290840312059781273329
23.4608195656930307952821952 17.3807348896988550175228220
26.6473731648064467497721982 19.5171079675128418895818173
11.1600301191225040617369426 33.6370885740766593445545280
26.3614470395653326271013315 30.5953282378240250227242628
14.3217715229668525512465284 5.6909454789108391919656709
22.4597662347045412820583464 6.2095813612856215034264857
0.1116319650139916572703475 25.8261018797724701251460920
8.0280256201864114538553270 38.0401209861592131049421983
4.2024853612060465015305371 26.5299663925314629273417362
4.2063865702243564988965400 29.9717585740616190285786034
20.5308711427495156360997694 31.2006943852186597124196240
23.4129215127461724964703692 4.3971702534684141641849811
6.2261015635077637368371259 30.2445971922405701567653995
43.3109735060571156723192949 8.9531879214958175266672246
24.8452841818616071110667428 13.0847947604285109086581768
8.9650228760170205317807776 36.5394083809862951879227200
5.7782080034878514678677338 10.7987180844963693995578126
40.7040839960430583356159656 5.1650310786162140734691222
10.3363588709444178014484322 18.9910422381460844472771883
10.6537251410298167186739392 33.1812920275776665222643241
3.7396091944352602321711600 4.5293844033041911855475526
3.1696887174840147390994114 48.6770281902485758333630693
12.4783429858271649369772246 24.5416168238373812769450384
22.6361765500349645085878617 29.7002274603351678088651376
2.6106490460684301277281717 48.3392646981546668601399686
17.0378346879702904798620833 14.7889211623227038704472824
15.3662574079305178945224840 23.8616456530814420979077468
42.6420537999842478638491590 5.8868707917915921313442078
22.8670548255207295561837472 27.3879134584332494884364003
26.5834465959741322160978865 17.1994292660829685592379427
38.7668585789004088921180512 12.5948670466796023876225009
14.1211058271922856460801181 9.1429956916339009153395195
8.0780215763539830456143204 13.1622781999150705864827465
8.3166129836367794369434911 42.0158773379826515487602273
6.1018184628061214150051862 10.4051819516507418684418489
19.6552330709315309914556617 19.8411646061253031881917479
29.4601362256785616702604324 0.3168178726993016230138520
10.5466965860839330313419712 1.6634876377916104531146305
46.2811833002297273240442063 16.4636591415923393810980851
27.6209326909182655287094148 6.5256476524374699937373656
7.7193963143115946037019754 5.6930589793706308425552412
14.2061749710994433360782115 2.4868841329076291114700516
39.7923502000124954694356609 21.5074141997490138030759277
7.9864235779382369568441643 24.9141935136129222761897175
39.3884913906013465526980414 20.4584150405774005275190423
49.5482965722820221896659660 6.5166177412201807488192019
40.5696185389034461880789786 24.2612046611016784463748339
36.5079674543985536633168982 13.5892719580033421872058452
47.6513058512314482559058754 14.7089445805059562926501850
11.4076849563901540124113296 46.9613109265036357752695267
34.0271019822567474241929469 7.3590984970374550696596172
32.1604364713293566454693214 24.6719745049638975832359037
26.1161253249933571623691951 10.8142497663610772891330053
33.6247236000324790453475980 32.3013616248822991030765161
38.9710918749362072458301992 13.9375032941800997065430608
8.5400262445570711641889323 10.1275837069992390036135715
13.7045543136829479109002252 30.5071334455289998253634626
25.0181829693524714851736227 9.9292759510450686649979683
8.4623645413650685114539775 47.9415100551604149579713672
19.7803624509204610685083863 9.2594417385831577133895863
18.6493802073727219386234496 3.8987969786659282858226273
3.1434968754900572513143691 11.8793277332424938657741055
11.4270326637272235100610573 40.9136031718316287775831436
40.6182322819615029341063400 24.1486895356377555547110990
22.4858936068652969311041484 17.8293182343222077365926682
26.5799151711558646769329304 38.5033519254383656703119403
15.4301289710770788129427959 28.6951410509850571305824941
18.4990430105679673370897234 9.2078992008577306919664036
6.3040510631288828543058307 45.9266691606681139451607328
14.1834877120058612701909015 1.6818669160723563470511847
8.5123392319898106462770393 7.5524883846006092779796940
5.1160712825758291300773412 7.6043286772471184870348482
18.4279085051860329792332798 18.2595779831980856088846679
20.3088087753801491816860916 31.9773714699166955357193625
18.0592998878813277248425186 10.0180680552474519445578423
33.8697305175301753329896748 6.2322832629691280264162079
12.4056549434513457946503001 37.7571148980430069402648525
12.9698546068988168920604881 33.5750334545761180533889925
31.2289638818310991035586930 10.8051753742032660293374778
10.3905340407553120382715713 41.5275426957568136760047180
4.9582584734434690851959473 21.0098946430134684664784596
46.5367287186297022008798669 4.2816912743290489935201465
12.6947258210871635331599324 43.8901348406156396676099096
5.4389414224256988868658175 42.5842449293564663446206732
13.2593542979458139017641851 8.0740029478286588339896598
4.5240766421825659766692251 3.0054501386078789669560700
28.7699158574881930971581081 9.6328573929571596713736298
2.9425093257645422605970564 25.1662797979317693771292144
9.9504587101066005375792341 36.7489914345749587866140581
41.8363534988845061755329773 20.7296774194962845286147383
48.3530333965751227925850241 9.0545105527405976948599091
10.4431855266998144668595620 10.6508157459852585087205993
45.4578855092938138978706112 12.0656804625323761247606512
9.9293815429998365789546606 22.9653517755233652438913871
13.0129731293735951020549155 11.0978615207706021957072205
40.6850387502428974649853598 28.7876296678145047300233724
39.7675458552322288938501246 10.3943396448260229344196251
15.6726831441950000541947939 45.0651417734557440850485551
3.2540437561504945645722623 20.8185301890661335099466171
31.2680569385785320316692590 9.1547045438840307306737605
20.0035228411601817209691683 21.0798262313327168302032847
22.0300183996419936543921323 32.1041786892522016557064709
13.9748059909266674237438285 27.3258997567501905847661973
46.3465033360485454300719489 0.0403549456826450262460682
7.9410286617557918407714981 24.7273141241254307348681987
11.9902035109539712144800462 7.3644429365639776060705322
44.5051154837652285634096128 16.9202451452903159626314070
46.4748855722617213063547099 3.5475359117532971475514187
22.8973798636947708414901129 38.4474966074212072031859212
40.1663825866516997452756159 18.7259635240145416129588955
13.3460533401190684190349566 47.7847555214285537884326195
18.0520164422506127116950562 30.2179533120413952871314298
19.9037327200694404795635590 10.2635970209297067914679012
27.4008077978182554994828693 11.8192949039704683836186018
12.6750159711107186600804572 7.4393528033081080371957310
31.4908649520409135175020705 7.6371083907668374526416996
20.8494028646772509651012265 8.9051895087296172082850434
23.0442190729160590159602074 28.8437855927312656468537682
7.1687552198752708369239594 43.2447563133093751195520111
11.1744418272246724042892381 22.6854986687525060595387972
1.8201677769674082937109953 9.6533408343272290687079892
6.5536192598342750137475754 7.7168694816699633826590266
11.3132997931013676216735480 6.1244793894185449013372489
33.6515800734154648994202089 33.0313662836175641899154968
9.0658549620635062250387626 24.0480825390888182161153420
12.9341538130607325402454436 46.3379721733707992544385058
42.2095029994356716730607151 2.8031868543910939968659750
6.3265006121101776607232571 24.5962474781209165524396504
23.5373129159411158658798054 11.1577282946427551698156122
30.1221795458216688028473950 20.0038571132989920325333856
46.0697515032858488565491334 14.3728214497186066384192288
20.8331238431839842160044640 27.9102302200207402631129067
20.3030096313790087640094762 29.6190445475226497331576397
16.8420305847623668038596205 1.1601748928196166104786344
19.2698418633211666703963299 29.8943672714877012385797948
46.6881525480770294864934277 6.9797142955488069793904335
16.3563754301807394424701065 34.4451590617169284505101019
15.3878198536917293023128706 27.6172953083811349284847316
37.3839999866520876193173134 24.7070140850325479531881541
27.0635803730465931574630479 39.8065650036730401823649004
15.1747694630515122983552633 2.1740220199527228171530481
35.0172629039683989128509709 27.4461527124360119111128487
31.0830050218665890673242812 14.1190225869433470814829689
10.3883884926630579160370915 14.3729393140549285311822367
2.6014220651677819453479981 16.6352818803547237176534158
0.5407663327772568900126334 2.0512366448887941658032798
7.8856881539078930478094296 9.6858619822562372545020180
1.7002472360818705311877851 13.3831670144325689056622579
24.3232733069262864887352787 37.8203434098180445317746830
4.4252507025962302902437663 48.7895189176852979776150751
15.6758649544850423637261985 8.9870605833469076877570837
40.4618483566893215261673049 17.5453363478810987182476881
21.6180003002474279178648148 41.1662733681165523641754352
38.3168819503603990438149561 10.7152488352882156605225466
13.4387291574643715120298952 43.8337833027485427362875749
39.0834845079126594487288218 19.7352790383047572480174335
39.4152576126850906860936326 26.6727851437691074446491000
0.2097064797870190120196120 39.0442828489951309105109797
11.0172929154470054819950565 20.2637424187942445853949457
3.5554957054808291595657503 14.3477681291658522868365949
27.6146841072179317553845697 18.4100304632709768742173889
28.0184913741740168738997276 37.6425841450256468914428342
8.7576659820451633072073042 38.4617119554880048420147314
29.0861959032682450345523925 9.4600849825306304877679952
13.8055976179843912237720471 47.1742034846408795519771968
13.3408353002575062550248584 9.8245668347975124824360677
3.5388739417188679410281087 42.4967807160098088584757180
9.3764932308460532598799419 28.2414832240075192154914123
4.8445132543703306241787070 21.2374831684036935989464279
3.7068609945892481044988532 44.5730768689664592054655942
37.9579005634729434650076872 1.9229625096450531158003211
43.8462086036655393570061301 15.5887777289897245307615873
4.3100059221120738738929334 34.8270562774311841751362136
28.5733310436645572806117016 23.6973575123716125657806693
17.6416007407897339873074363 19.5134293065715926970975433
2.8408895852704877494492948 23.8941278636467850494934661
1.3115123585199937016896618 31.2294722231011986646762463
31.3240624918389010703992484 24.1827026820281462065322215
14.1442231164143563074883834 16.6265135381140490748668498
4.9305711611831724278166848 26.5177198873603916552991449
35.3278508022049842584621009 1.8555208694985487003148380
26.7042004785009015455894372 14.7947854598852571847099686
45.4509007934573838249837408 13.3122356147754144775337423
5.3104188890772430400235858 32.7077888464281794819136186
43.7831774057932947576037765 17.0450396377606448721673589
11.5961377305529913182033144 27.7223662362007857541835215
3.2192228972159825051384501 33.9210348299995166249939421
18.5068334376721908103301601 13.0382942178131001210233836
22.6786506148946912508845685 14.3589277554954166024190918
9.8720259395126255659506921 27.9292517595726123403750466
3.6302754431062876368373948 4.9820779005530861886836620
28.9284304132250414169337858 23.8253208546536988602541434
20.2204187356587008879889113 18.8847733943148649109483388
15.1065623854719215622613586 24.3678430086424532252983890
36.8663193504271713927171023 31.2869700922335894947736483
43.4153012004572135193260158 13.6605864322721678203285676
13.3590390519128073316114366 45.1058319467612587102453917
3.5156284297910801143736613 20.3012402759940926836542439
10.6761719507477920082939708 10.3208213083100167282045622
15.1874342502929825767815121 2.2004183450034291734612326
34.6445243946153329441162611 4.5007698753550040150364328
18.6919688012583943722094753 30.9291173869023107516801754
15.1740405770790924138049338 22.5997454092995747640522927
32.0196611684775809431518146 38.1410710213529388747341937
40.6006433891599403642092052 14.0209755861089506176903883
4.0905308163062149224104134 33.4703982294930158632111906
12.7544764087603943467925345 20.3180543246240621429777718
20.2758682088278155328646911 32.7473536087764733356726679
11.8400488840794559184594681 18.9950846911144049951952425
6.7992796627864796787685599 9.5273184090392494442517369
28.7479256795283121495511443 13.2497837387753854666311387
20.3763028138744443403993421 9.4502001903289012644686145
5.9983583335150006522486085 16.4930196538642111751795219
13.1624618474061701516569209 28.1735620416655328957990748
14.3623162435382376214251549 20.3893077891476660862258594
41.2912105680539856528861875 9.1124052710920869936711772
13.5590740711068054056165614 41.8109018120183473536400931
11.2341104436334739137342119 16.2571449689127553135831275
14.0692655603111166578872981 27.6686784395901988414561794
13.3697438398998038674898347 47.8042879839817428866866986
10.0400211933790892654904439 18.9129049708525402993922976
11.0150802778715168112956225 10.5673083835026764109451981
3.7218315672422613413551315 39.4226834422148261337457711
34.2657602652930495102349548 30.3538741092708625809644506
24.9452011049691550172499877 41.1307298966678397987711663
8.2761068586504249507310208 47.0319684391818688318990225
21.1803149915891344650461233 22.8887364626591950901452089
18.3316262248104280325082014 30.5033027712384380462782480
48.1881259072650339411792502 11.5932964054910823062554275
28.3613199787547420647397873 8.8958152556517897325714268
6.5353002189124267292127109 46.7310373418853520240189388
44.2263814201795629069028754 18.5344864098468061214759944
10.7388165417516732214231876 25.3313603914712925089961606
3.1342526194260723660166149 44.8572899372846732387028290
5.5616965106548971774662591 19.8511342729671027029459895
17.9855537128438186124975960 31.2972819529493636042421180
27.1844451004825489246359423 0.0771010950009174649693705
47.3096862041745379101070941 2.0720982753087274524025806
7.5393432976859108287621525 42.8212365846625047621459333
29.1215882129595446492243019 33.7184385752783000182048853
5.6350860711269868526213613 3.9045876825845029638943455
18.8968997508199735662916701 42.7774143656142454902232262
15.5471813725936979408114607 28.1741930029535280473688598
18.4328208964830337705957767 7.9517994063091409966741874
35.5540578224152167395014814 11.1314407135983676489026272
21.9274576645736288845169974 8.5840899557455254421274952
29.0821403615653655603566972 33.5742328578064566403726753
41.1766561616400267448756677 15.2965024546813452163208885
37.7180689306664715430137753 22.7122714879312019882147380
36.6676568950415814479411730 31.0963492684834238636670966
45.7200209779521025234582558 7.6928331436226842668420002
31.2207383092589596944052650 0.5152663629327988800984923
29.0346590830027882469021408 16.3091560766890598640819400
30.5894192813541749475892852 36.7598616432314313885861884
21.5833214436265686409793619 23.6254150325679894283594810
37.3158123327850776964312712 26.1635270929659844630384317
15.3978964143235350649307496 8.8263687898117208555738913
42.0266542976278510309589033 19.1379290558743183813780635
2.6955440062247301959790685 23.8376601727289067354597118
21.7665136524878539576703012 28.0306775411522984334328817
13.5693371472156526403644225 0.6108104331078289820654441
16.5185920450872852463835437 25.9641313516932250791246138
30.9094596012183154576576911 15.6717997422329543740225778
22.3077660421520963161375594 9.7909945464495993745026665
45.7452316094591510740502702 14.9289579340602111118147690
32.8086843551460512928799407 13.8776882399193105825058111
29.1060815262343793101517207 1.8264769881380341949752417
40.8701815556090381243314522 11.4073774204045157709781121
5.4025577857985319619856587 45.9054721070495871622794157
12.2146065619640197047546910 18.5014428230996490155680458
15.6826723945974781928975794 5.1042909952049363189820715
12.7342273183281422811318565 45.1479728737087956764444750
46.4238896834532384900613321 5.1790410945042685754316535
8.0460674280052029947580017 28.5615265513591506547266791
1.7438104024631793374127127 49.3807566292808154709933687
38.6064198568193148694259308 21.2730897106881799464806687
40.3118028431121177352900580 9.0254391326991830348352745
38.0692518374060522726405875 29.4657778539809790811734078
8.4380188745679609975611373 2.6076497986567983338176279
24.4552898631338215981300368 42.2840253252939974786032952
22.6258158044203751932365681 14.6482920227732069269141186
21.2527732603176267489189673 33.9679205831844830908631773
31.8216965947989724316792910 12.7820039832789710544618532
16.5711024739710794523053360 44.6698842935276649015297876
16.5597119124638036160171628 9.1529198279130794386873528
5.8323416755097061994526343 25.8937017550622265785340472
10.4711092905271740574888066 33.5984504140568289625716127
3.5823235524184564352874898 3.8944778810243627584223046
42.9607241885228202923452874 22.7129077222109601009766150
21.7185332919810988014887174 40.5623632403871243592031616
10.8037255939669492235993600 8.3534132718466342021643555
18.2575665556471985609367019 7.9158867769892268952027800
36.6614930947692029822628198 18.4508786799488237142097062
37.4050998758629713468862516 17.6311798605968490509974308
8.2675938470670337317703281 27.1596555939124405763320044
20.4826006311048735532750394 24.9090961575618442916652045
32.2517442461797690488938702 35.8025836089940604262220202
20.5468536223112207205333664 6.5442192982292599771910701
40.8168007091969021780144334 4.1217447598927403016318006
27.2147452688257410761968485 5.2304531307456471732803139
18.8956326385239467810620369 23.3121227516918447861905114
38.7691470647884167828085312 24.6364209224637109726823327
25.6599142606904174597277276 20.0890218809681360444151463
30.9980945575050760286567441 21.5085595473981982037105766
2.9995531671933739431897288 18.8282415747509517464984120
17.6205228265191826554340855 31.5676602763036024481727586
30.1780928411989223208055548 24.1201723142264959273473516
25.1724899846317026650156445 36.9641143269200570430408858
47.8988882162573242988878090 13.9891567882587277008254291
40.6077493266145881566176017 13.3045366182679380875464962
2.3517594361157393230642794 2.7329887586012094341296607
10.3879478765395824497242657 23.3043030128407140031981388
6.5537687692208834636705497 31.2017325627854355908819342
5.7505722388516121544602176 7.9013238717160023100258959
42.7335254651058704705680818 10.9702233944048786118456847
36.3777089370419678800988359 31.7830503962702884453660048
36.4942824817543084937644220 26.9010658923010073009903233
30.1556914887706680274943919 32.8806063027141318451671432
37.7719918754571884120540235 13.9741414677394815045758792
3.2397089390543513969472279 44.8720880502591647433471255
10.5506401635062184768500778 42.6049761429367482217759672
20.0921137647085582905427191 6.5808027220095942289119497
16.1099939288350649673475677 4.7400522795531852349309272
12.6130518842440493677219901 37.1538816567713101697332355
14.9699417286377011141378191 35.5513831607321809554316310
18.2326244611896943658590506 37.2434075408954384146560155
21.6483110225615469701912369 40.9249389721040418387572534
46.6247435194451265956718376 3.4107611681206395963953963
21.5894293394034280231888604 3.8596037100855913493270544
33.6310873556489164095792959 5.1429527779974389981916323
13.8979753175012322709421151 45.8731542634047187236071470
6.4692919269536987450293743 24.5997614208725955143881088
45.3446354308730553715833308 13.5227230113321466357597354
8.8563778534627417539358546 33.3101271585188440383330000
10.7107468211208878107199699 44.7970970324400462315437053
18.9171855870178980124933350 4.9638784701402899458002114
11.8196168977877424532604335 24.8353912066939356953533347
20.7199769661052485364198698 38.3494791949521517924271880
22.8696201793932173069476869 28.8440717106702975802404557
20.1739179036600686184526505 40.5217600360150168829717918
13.3768839626746264751585896 26.3544868181707985691754753
45.0552551748267005851428790 0.1548584232511040747149545
24.0510385869752949286656962 30.7984990362813851311807815
23.5104211093308075496854442 41.5362504237194279813711451
10.9839038162559724579762301 40.9616144329692831069305806
9.2652540885352456769722854 23.1766060214795236498614160
30.1811047327079835878561619 14.7173678731392643866282553
4.6575384161510330801513992 24.5928309859210256436108509
10.0169320940415686457093886 21.2875802153124016022945541
4.9615848171066450012203010 46.0910259823173910227186826
21.6723879443663431323104265 25.3733640022146923815631534
10.3150876295714798994482339 21.0973687267929558712876275
13.9421745834791469490074611 32.3977741192784427265817071
14.2133052306058471158646821 19.1175823372525969392813119
37.5719962002914662724400446 16.4877257839061485477824949
19.2805718484651609530610937 23.0707509456491841897347707
10.3813234512491347472183215 26.6313372439414831914743461
7.7081972696805362775208176 35.5187794673703494629110214
4.6901215552326327066003694 32.8024810006368608312171802
29.7998385844469322584017831 33.8447871959761014040427629
32.8070935687460284206449300 8.7002650288105006079945572
44.9789878130612135598318045 10.5541771499483004038672698
12.5043530321591696274901038 1.4632686858987246665333303
37.6337765717882661523404952 10.8258422741475694126221651
13.8167707369172946678492962 28.4182484752925249324679748
9.9443318689654824567898024 43.2909951800588372042243827
16.0545898116689286020646904 31.7135640693230226478941718
23.9153097773682160150570387 2.5608510797225617158699230
10.0357796380156537828206254 18.3107380260105953252586235
7.8876653736843649965627992 43.0265584837177128218801820
30.6165747068874515744186329 2.1506634366119582847055828
36.5783646580851050493066220 30.1500122543946992668490541
17.8400165489115600718836393 26.8930067031293782437419997
31.4165608070655602790003999 17.3637469186795092428636972
3.9207955197349285056491984 36.9273254175336466630150478
19.2616856689942552203278902 34.6191777081556535736700783
37.0841728238347805712857342 24.9051024083811772773593039
17.0659495150562297096085582 26.0912507777904744511307270
40.7617885087758443884067110 16.5673352584484607026140686
26.0304447909224278971235810 3.3039285686496672504731811
24.0617774793005509805467009 17.1910111551538707891050182
11.2696782415389185916369430 45.4367071026519731846940352
38.1812062485825697027542209 17.3693836794285632633899002
19.0161724972486605587508085 25.6784965205302399697084263
23.0089506691305174588522518 43.9156941093445352467662947
9.9039313275791497193282505 12.3049642119998179608727476
5.5994219665786694997686494 21.3575858570250459247995076
36.9468445271079099447023974 24.4116914508134049201792087
11.5436681439166086722534952 8.5874167118595612549307310
33.3125952157758816455734981 36.2252812272018923713279413
5.4645227111680434852999755 9.1999451921806933988104399
12.7982002991698661412214388 15.1064909592641119350886377
41.9592076825893996580160124 10.2676623751139529548395546
3.2607188730688270631399981 32.5171910292204169420669668
48.5613974719257998116940554 11.6099386550333907821426739
33.0117915397093886513954925 0.4707646320313697041870214
2.9865683105503877634271605 1.6063653776199867396002835
17.8873729454867952004630920 2.7462500084782980984693245
2.7433098873823636446274601 20.6270271939945374983874673
3.7167687344932867717160465 47.8558839660735257799514373
10.6858106442372330033543496 29.6363535354048955467097715
1.4127049761874844460587980 24.0417192532118035088923483
12.0237279713884245161063609 38.4763559302339805366923426
5.0951783439389337538047229 16.5993722063051440118490905
1.5789920329062903271384605 21.9204649622223675259071493
8.9625746385797714928211857 18.1706426922078537249581493
21.7713882947806430097556676 13.7842900331460091269103355
19.4355658177833698672699395 29.4577456934947866570677471
8.3830029808597079677690904 35.4432682045955977991141534
23.6857508624748532741932480 41.7550620413953132502247280
35.2610301442969693067163326 13.5521124981672304560863847
18.6243895754185084678479475 2.0327599324667903055002473
11.7222041224303765994287321 44.3518875642522827274463493
29.1952150551415896135524728 19.3297547290190381386070514
29.8519174471677277238039809 10.5528680806443806251682686
38.0990823230580659268479896 6.1611627263727101315788240
37.0274212036753387635557021 13.6737002675067412450509698
32.8245451033297197241587662 23.8652307501828466916638042
12.7302314183287999534538712 15.4577232487774314622629306
12.2703045998558602589775005 9.9216745071966615616552254
35.8980057226523169658813234 22.7229660285892585842600372
28.8352334649862636608236882 19.6857641715971055383890596
5.4839588139629677854786096 6.6652978723203271166835149
32.7982373300414517170360029 5.7250002657009007857523099
15.5730834374115634879981300 2.3407418164799042941874485
27.1888120966253604947544600 14.5006378057793881584272928
5.6462730632297281671453178 37.8103107696227006574121704
2.1271505789008739376089739 4.3560567506268415098833786
40.3674352565268033121633783 10.7457047609785379432833906
19.2726855505209665112371722 1.0313058085458211911483543
11.6491202911730167137842710 15.6460217448967227969778850
4.5687038172043188863880607 27.7151032007940155452510664
47.5168860913956051759179116 6.7561480280804155539614374
3.0769621770590537231160855 40.0129017163332957961824287
2.3664615325219645170798329 4.9899759333180951799942885
1.3362660628925799880802998 0.4630259270943296365456707
21.0074081429874890372229206 27.0312560402572291818958638
13.8051529886054845159479867 6.5892147454151969766624169
14.5756359820815796231993815 1.8843661315807885994237854
17.6545469084773655598797094 30.3037452051123920843176101
8.9478688246630644304234959 47.6018449589574503703426835
14.4741893916922068171264140 33.1058581138357563640592457
3.2622326025862306327357194 17.1276921517939324571417824
17.5773672589492381844320832 43.1686942151835227950721736
28.6158816860423234620673986 29.2682646450114556674440119
28.6242273867866380404247199 12.4158610861081155511319091
27.7660415707431470945970064 1.8833309565138647869103662
36.4617740183812930242916422 3.9419583245507423176435405
14.8417507852920258851770518 17.8107392779548466712943319
36.3109397704957763549652991 32.3189673873319804179480878
19.9290680398629554965974743 39.2215788445915687473193596
44.0002568606376037042754172 9.2723997000729798605196271
34.8166811866484535391154582 10.3343461886700715041160345
12.0089620151409127362990268 16.0088985042351589137052160
39.2308170766828978789180515 1.9856967280643654937534236
47.5006122110491369530876679 12.1528531454769756372331798
0.0931910167663648498027209 23.9267907466587346987662569
34.9571708441833693191433382 15.4918109519376779164261784
2.4515963735525274527797661 13.2472516100957369968852709
45.4705469988610920450572700 5.9941100777650501358078546
11.6928945491936732068306821 16.2565745795796995700772706
25.8238019296839774672441842 42.7975613078181135944933325
5.4397486070851945246572098 20.5890537687314490620160091
3.9334991331225495100932075 18.4533895143879773772880228
35.7653032862870114315888407 3.4413777531546141511663722
42.2748498687310653924445458 0.5805760727493195244332397
39.3243334785916622670231436 13.5313264857705275504081912
21.5843928033645375608906214 22.9480715379324447359460106
26.4313173108319973918870893 22.6910877926579974212008167
11.6486061350438767363894017 31.5881302883000366437758142
7.5542250584398087509961206 13.8359561927045746215783114
34.5876434966225635769542893 11.9035674211785302038321401
22.5426693290026121623314505 17.4879404025529810111069215
17.2478151096770089978448725 0.1134633967298091892717429
42.5841797303261218880900063 3.4040617936932139227752185
25.4628265617887725571395730 33.4610887970529756884756552
0.9259329685668268908508442 26.2515265868048333499734605
43.8425143233298143205243658 1.1549622541971116416296018
4.4361891571301719829585223 5.7288939388123336309208172
15.2709937732563058050463163 22.4119778060118365753757804
36.9533387350870507725362673 30.3554073655735176398992671
11.7535356214591041419095967 28.9974895533232661010887227
19.0719901520184967077059188 9.2064755276549493927822878
12.3870514765263271496371073 26.6094147947279543029331503
43.2232662918970462444832104 14.3613805415689952017125150
22.8587208927289363756261917 11.6824175215713642982376943
20.7980655293123306939344142 21.1764130635580066756572574
12.2420515074631721425004008 48.4007456026104898939178317
45.3008042615344432854827652 10.1900506994883407474082342
4.3627348802149803887678568 17.9851756834609647556911862
7.8158855463790699436937649 6.8856323693545204618411396
32.6202953172096616296685498 24.5950469285592016932170371
7.9322111201596524908054156 45.1063191442752902343772533
32.8195649365593223895266176 20.0842265814485841489429596
9.9567472746960803329492467 41.5856127008828881221170649
43.6320462623846167048544161 7.5328971157934049960491735
41.4938700261939399674863138 4.2141132221766561971698771
20.8324840407922121792868864 44.3284063405186920919716511
17.3042473258808383042649168 41.7919014222222946781230478
9.7394617603562200960339442 12.7727399025643248394326534
10.4913813039456388420110207 5.0429077262250106391422350
18.7269496860203372672336316 25.7934362863357698729117859
49.8341951322574216451607806 0.2302075587175659696047643
3.6308143873338830502916368 19.5273445937928098894513971
47.5249570610631477075726299 2.2087227857076265733627670
0.2507882411027931615521799 37.5091602846308006667165000
7.2324450664294307719198679 18.9259540938120365797147278
20.4637960518635091686609401 9.6298001613603308651169233
2.1737892756396875673318247 34.2530967970067471741591218
37.6897754297714343104061732 17.7476992326723154361342907
33.4900342557258959119704522 14.7281229472837453313147829
48.7378772947249909346910171 6.8643511568341402222919930
15.7283371738956827144451162 46.0121658884283686640216796
10.7433796575671373702504774 29.9846593032732759476012640
12.4732228908297554232903671 29.7391780437133231676861209
40.5978440325228333165062007 20.3915438334362063107071545
32.2898681259381699747466302 14.1902930346600740959327817
11.0800746998639174403323570 46.7464645149281371816910516
44.8587944088870146340957106 8.3179663488864341112896856
43.3938751643671931212262926 16.0303336902048332930453394
35.8067675910779226536713558 20.2083001432216396111099755
14.8411818349681297096054376 39.2140194540347013676059172
2.3892577969750827918810361 18.6089077374141917706092187
21.9614560833313897112583190 6.7966496672924591700519528
38.9058815567049620035251189 17.3156686355348311869263119
35.5806564819903253680684799 4.3608352767101675044083891
21.2097122225984841742334511 12.2330743247376891144143114
21.9112208250386283191784777 22.9760397361336736549536803
21.6211924454557939310887051 0.1550394677664541524155151
36.2015237062074081893720118 11.0882677343624346936736214
24.8918634529132231521917790 23.7780388981413475961759378
3.1424010547000913534064595 18.0727783036095408600458402
36.0029698933561428704717967 33.7829270321280948425850326
20.0747404998780052656103028 6.9285491888675925940263092
24.1762110907184860298597888 26.8795613300704829797396515
13.3606979628913484430534105 25.9998413446003737706072269
40.4127819901561850670470826 27.7544059892498490808103639
18.9993188724666032210444535 33.8456183631254455006411962
29.4081876661456842918801647 17.5971161896703077503709337
22.8513358863680236798665771 22.0865671440445658397197227
25.1968245778072812885818240 22.0367881324662855470962925
30.2124994838448779064966801 5.4041534895553240646048253
4.8438375373345624899214768 13.9655733112503706099200941
31.1318923862106604294281446 19.0343183868873726309559773
10.5139029874401433093751021 39.9869709276746446297414643
18.7233191811946192839077419 19.3762049648301783052791077
40.3386328349993552159956954 13.9389634120730757510869096
1.4151958748013979391163808 4.4718252018549546621564830
12.3104387606765968223876539 43.7658896575818649826946899
7.8456352396919811260254754 39.1656227792397468199254106
12.0909900598979001528509668 19.8949229546497659432348345
8.8400967465637605038731728 32.1691263405053140198491589
12.1094068987122418917454845 32.2468954251633402700900679
7.8541711673415077602362452 8.5329945080318279379451481
25.1431503021668157108858478 9.0178707510503145275060255
37.0471347718895647168887278 18.2622508249517570152801806
12.7554471004955737267240562 39.4879547364314509528363427
27.4670041699502073916243710 2.6577588167359954529510227
4.8714491642505570168600452 25.5884540963326377647380674
24.6966378724747660017222311 16.5552432116186400524710884
13.6094621109171248696064207 5.2709146314004361394013997
15.4817980593369041988360502 21.6405621195456026669852094
6.1889425429110668092715212 18.1437865452761954048628893
20.7021552051703579066329529 5.7376624038921858066094379
33.3659805205858271154881500 36.2175557416550011078962306
1.1991674875123679112662438 12.8865044654046224774434437
34.5341922511799903541976692 25.8918822328261780236863942
40.6453233728864451395411072 8.7725531012066749939300007
25.4853129984398829834607348 9.2194805369690510000598191
4.0281630819948092936834740 24.1614134972450251987847804
47.9694456869452144909671813 11.7444574369024454747979844
0.1091756350402223022055545 30.7081109917349615565073119
25.8399539811158605613563767 36.8754224145814306425279789
3.5734478819765352038643989 3.1193701663633020211382172
15.9678132510022959899935084 43.2611712738006607837003896
35.4703266180341270409998937 31.8411044031135906122144459
7.1750917525990611168379023 24.8599689931782685145820179
5.7816986839825965838148923 20.0142939003012022512774747
27.6878752123555828557998739 37.5883168847053497272196329
22.7431290664782086304755610 24.8947801811045129468540219
29.6814032976179563371830047 21.1427126519790243131117386
28.3890796618249694850187042 21.3086873353230249189123691
29.3227802168902093799096985 11.5833743076856566440018579
12.6090741075230468881778604 17.8468834856675152386231898
45.4888173797531254614967509 6.6908514698407404712128396
28.8963020545314414298883485 0.7097376792040823582575754
47.0790228483510909424695899 2.1367282570406401332978988
17.5905386901232764350891607 19.8386730552039716328431848
27.0917414679473185266736686 18.2356119785957189215496192
33.2136687246032520643650884 30.2051685949989655636758041
27.1181648346965717144906794 36.8185433714891314587709179
22.1422632935572115189451836 44.4209429913277386721701065
18.7638679573013483659864395 42.2601142838132860183963695
3.6615809190307549057458353 5.1081136609701523248768774
8.6965084563970575204831473 40.5508414298373649406541516
7.5853895835192997280953777 17.3626571948603795676048885
31.3866939375525654190049752 38.5146133781763546947801446
42.4658463667865975326852068 10.4236218442764669442058243
45.3002342939939176067983846 5.6025684207564470616166585
10.2529892530834931030572148 17.3457836771981678664187134
44.2396359753566328430834570 1.8315591085005105740598986
37.0625917830336802243274641 13.5412071221218800209770057
8.8207875033646893580330054 25.9844897548611743050218397
47.3434569746174286019928106 9.7261031092903983472774458
26.9241122174187405025513609 24.9618144633727079617604422
25.9957985788373197955961020 25.1141087090209033444723722
13.6730797004320986911229285 35.3418574993679650300700077
16.0357168096807518526375833 26.1601946934597979047832844
16.6088903233949289678527577 21.0153458745136595918796272
8.5667363597959446844013780 21.5780218774045672850249717
3.9950916799219052141183869 8.8056369712258050400381956
27.9501291246771234405905871 3.5763503622933278583329357
27.9352985047882621173674069 4.1975108634016287542970614
14.1100610200824267761132955 32.6941306354756964337229878
16.1210753510611885273008005 0.3330608434015879335433176
15.7545934513086405751114970 16.7717853904699990062284870
39.5083051921912377178957634 4.5928009798678286393166461
2.8583290979516472682408557 15.4541241993133639509586734
11.8847587939539370501516866 15.1905400960444642006154298
22.0025260013255640859247409 2.3213895754466727310500371
7.0017487954546487491912616 29.8743286753920108120394989
28.0433081228081347244100664 9.9031747197170711612886081
26.2793763699336769635190745 6.8843574578439402223249727
26.0072706699538552569810586 25.3992494436303756842470036
43.5184154850613129500982804 3.4128453919824334610555162
7.2897355862505818334136753 36.9710664585504198840110270
24.3595545392424152050027246 18.4827514902320278062720933
22.0389693529117324462878826 5.4574563545132830693985998
23.4078819631297902731372019 27.2409812965719543633354602
6.4351557081531647078759534 4.1338566752880706577217470
34.6410186187098261267772788 6.9641818656751899854047810
30.8678903253763182573013423 31.0672391251707317364088964
12.9143689914242940008958186 29.4994758182808845540258153
16.7829164069195450191020034 23.1264722099664554261228613
0.5738680808500152893872150 1.2925461019946330390522791
1.5851973945177160859963440 48.2595809059756987482180603
33.9520550366358683029382782 10.0627013663950580079960866
25.4202599869641069177267050 16.8911332418861577932140272
34.8281561179338714285663573 8.5731873550521128510025053
5.0207901244791028801025876 27.4461594130387050516831979
4.3333100225161664053735342 46.4512908781743216411292849
39.8829164249568005495605714 26.0260057911295919913934184
24.7663720267520752549546067 24.5993255320651485583161915
34.6322439158053020906443001 3.4796093683295307390575485
34.5229976385951047927640362 26.8637792212033491139651944
9.9144289249133557839965629 8.6720296985677695623896478
32.1521036017213174194036584 6.3436766929107514221584991
12.8733602837914435468060850 1.6663117966638428821855128
4.2466207167716814560652948 34.1169490501112301676991877
32.7626052779519142825188423 26.8442115809184712490230507
0.1655288748663415694524368 10.1966955525594409616219739
25.4442060491592428156030902 9.7001226037575522788134433
49.3428620181994070641503763 6.1467038201734055222752852
25.6467548934640977744394713 0.8625331498414161333321634
5.4787023323568679343198178 10.9992645551158289888460280
14.4849564829054132124366192 43.2225176926140715266556972
5.0722924366623197984229956 21.1724313539323637712630920
2.6208714178760251970197617 10.5418704702230388062860091
9.0775257544962455616394392 3.4056609015662977117187509
28.7463092623642478012056353 37.6649665311481652917803305
43.3503829597696633488894794 8.6165130558313438019264840
18.5781512603133879533797046 29.2121942987670146503934758
46.3640148985231063467591567 4.6774055297277174069288395
26.0423822510299978802144506 39.6836783412429869028986442
20.3395759257015492238457307 43.7927123065313455924580770
42.5495067064933340344731302 0.7344923648880156654311179
25.6826460832764741392885889 17.2598287987211385946188043
14.0415247379835600553549635 43.2762704381118742811341482
13.1942669366672869871824769 23.4715001651783741847783441
3.3276969925932054074178462 0.6530181662757447637123387
32.6586552108148758468336705 17.3324043289185461252383329
12.5444299671346709501335035 31.9708817019433112522218497
19.4239919461222001482883250 4.9707682381076573073239122
5.0092581347976080006485350 25.1377670635035519519430347
44.0950794382296752666136639 20.0779473387150437038089536
34.9603456893247637674621513 29.9795635272248653217086299
47.0016999327508390314582774 0.5832696045995999505280176
10.1762430372065643807604492 26.9340690881958071424270402
24.4448144897803853089135273 12.6075788540156638857587306
30.7986628204315135902924429 21.1410115290959898870947595
27.3929691613967406932771063 26.1939924509946964466301911
35.5201756058567404246810429 2.1947949628837185093600557
15.4410698392046316115258043 42.7325796345224758076327630
1.2564553367661478272200219 39.8047901638321900355594857
33.7820657405951317508362326 4.5024475897125879302174612
28.5345371532018207717836769 20.5129273740376931596682043
7.3468025512887956739628620 32.3500307924486594732008356
22.3664986276624784597849565 29.9372633876039589442651709
4.0389234023768422574024882 12.9494053048675819246924722
22.3090540023877347497589672 23.7340706478797646865036351
17.9301581065232731786519247 24.5358804666773218104320510
3.3063108871646387606732056 12.6518104758732684462512976
34.9693005032077077871232635 34.3678341231500527466404815
45.2902215652808760347909605 7.8610324110619894504309002
29.5656250722307974902560957 33.2020152112530309690415332
10.0928654858709262888290470 32.4520271521536144392847239
13.2500066752318342559366044 38.0320565195508699761660588
40.7658698831660323637353840 22.2180974133424993145484852
40.6282439278134460022856700 25.2753990144980669396264320
4.9084837283050121341427114 19.1808964203700586018076709
31.4866333554974532176290730 9.9293464002659908121031259
22.3681108906046251522895359 34.4117365906693927633106323
20.6496966401081454908634609 27.4698021229040957800850335
6.0304468865400531218696279 47.5566368696170459095949854
11.0510335840233984870602810 35.8521220672471068168460178
11.5484563919532792917317072 42.3454029968207227411434658
8.4979362126549152289978626 2.6990887583864735467953266
33.4655111708537864765202260 3.1716812692104528941337367
44.7512368781356639609742564 9.7635443296474335723697123
9.1080235606600151596474879 33.7497245443346108971341928
43.0731654040479004391245814 5.5409766355337638898055147
0.5673535882611378423278595 8.8700682018734901761413324
11.6275562622905629445891563 33.0726463314816631772386301
31.7285076986444908947773986 17.7708131276274826558115012
4.5481255136956360744109786 17.4015675820217646987078242
0.0749782907746394883603927 49.2289993627324555394286827
35.8194232034270100846755968 3.5311359891392898493536509
48.9695218731196053019116889 8.4253146836222410010733648
16.0407292811548236889919550 33.9955144707166073691670053
40.3030525981599637024887925 21.8097214853824164868851583
3.1191275019475441182930725 25.4021858041113161440154847
37.2243278127508487455663686 8.2673707361448121386770408
18.0852016892205909272039771 17.4334586316144589766307885
10.9039106561240413700182661 43.3197960798901334998079996
12.2386584917905505986712732 30.6629293825838343583223588
39.1367737696809511603259926 25.0062579947662915337495070
37.6997899617510104333856105 12.5588947300253196797088348
12.6299168593992111372598069 19.7986161164022665428683646
15.7173571264101016937805392 1.2102416952351255715595212
28.0278630939397523657856189 28.2212489161512831168525741
20.9461578719511686041812973 1.5028208154327953238615605
36.9572560015326527054362988 2.7678924901770883647680704
2.6326661794481807551015545 11.0031390424546448756274539
18.7011826499126438811308367 13.6295916114389246570776941
1.7389010292982695383123197 24.8289392284548761135765672
8.5435644441004546682871058 17.6495752523822082203902309
44.2316251895974750330921354 22.8815063552853995843607159
2.4821147906981830444197403 26.8949643272824832162691460
40.9453040973530654636626485 25.6511612285931856414686246
45.7035658236879154689361930 10.1825375520950548979692740
16.3708326694900649372926499 41.5872076209446502225525424
21.0415401353225954313386029 44.0880209210348698358182878
7.3455791231756407684342111 37.3904060869251082348701786
26.2785708144627457901868636 31.2879643944643158271512593
33.9274582937338007146596095 35.5376922960249845746270615
36.4794565303259239471688004 0.4992506905967203308994526
2.7859579841649888437970749 0.8593242173169285066113503
47.6990680877147265986137363 8.4438678082709570003184668
15.6881835219942172308149788 20.4909955292618498439527760
18.5940531045279120683742285 29.0733759502744351506323817
26.5903939430333477482184852 12.4479295448799618126173080
43.8886099968409057225352499 1.5132456988858462913666945
42.3882457876077550954477673 3.2766780509158060862141647
30.3436496328969750637694706 3.2035803339375259761892683
6.4643903923391979031955414 31.4676287135753632560623618
5.6857374687125555612519797 27.5893528274383076597097131
42.0675347190457827417214351 21.0908160738715289969861798
22.5356434517331905303378913 15.9262291273344102247218023
21.2011288636427841895733152 25.0302244278235113542959945
23.6157894387450278582276282 28.7018203113471324321543458
12.8159022854883974727452020 6.2251625367385605477088122
43.6354908357724781579492054 0.6662878666282882353646704
10.1085521993524119592044117 43.4835275987697152131123660
8.8227002043181855092819812 7.1175811273721248444476159
44.3601265833552073241862120 22.9494917048004063279452017
17.1804877608260926122535176 28.0059072393683549880247091
44.7096996825978971002887603 13.7128682007778919396942495
24.8387918309314441350767358 19.6477586604592982300514112
24.4282712455539044574926811 11.6944244815058895360677858
40.1058798226119287717507787 28.4608222589265569651105306
3.2521794190076211276671949 10.2187733621302734071677382
48.2997539929988227341299129 12.3949088022378881581529258
29.3834617260531845486020229 13.3645866749992537368340619
41.6034713644304090456706767 4.2604190438287826584802368
8.3225314895121747447003713 29.4403714243906620927097837
24.5183351944081083403778747 30.3208053866424977618784993
10.7647743991527030166726043 22.6300603652607732444034520
23.8832499778648299978245221 14.7678830742533845882102428
12.2770788349371655185763855 35.7599403702066859380356043
11.4684100343243546082223002 46.6151860586720007093232407
17.5586805497776661958360423 11.9244596251092013157158487
0.3453212936618542093915224 1.8386824641964972652815248
13.7917486754511210866973890 32.7915792311561635022543138
28.0930658821980732043995378 37.1251888794990320506404338
34.0319287072891423812711838 4.7252331648278651202496259
30.8853126218224348645289153 34.4252445779590038710973665
7.8817619315584536391464209 22.8117914433355267332098896
7.1071096789732847888779606 44.1190320837962655867910827
13.6732546888565169847080587 42.4857871083220402762996928
17.0823423998866604900281286 8.8709400929684137188638773
4.1940018933219474420384307 14.7108921591728052538283554
19.3845987414157273656656215 43.2231110823168743199048915
24.5819465673574012373479713 19.3837019931587288698808474
34.1485269597276933418745012 1.3704402507044591736858957
36.8571846743689861942086118 3.6807523523676418509997902
4.0343925642342429276342047 12.0922982363838285401086164
41.6911824848695071639356042 17.4741323965829567036472327
14.5144199660112430811484440 46.2096484843831525249225092
2.6827853962790697680397024 20.7678275830071296022035649
40.2482080142231808589798071 9.8021299544446418510433233
27.8199717839456916813038544 31.8912083487042799936717459
28.8295192299929167852685044 7.6392945333629216243423495
8.6993177389084197300784337 27.0799163750096041468542700
30.8552742041801341247196479 11.2450902079465770180027067
18.0677683942857383174155081 16.3571313270527162226593970
43.7314986947918910435499215 19.2108308489616120009902455
10.7818504358364223382830556 46.4785079491505831801325835
47.5743006914439714079718529 11.8611092955116834635584539
24.7319462228349890756404832 6.8066758429352368334093709
16.3377309897328661649238752 2.1397537491782416249661580
39.0922197538389757816881193 16.5014652294140767231601466
3.6221747864829349563818873 20.1836530344773640175668196
26.2941235329635166647986542 10.9141682062012491486938621
23.4250023064590605011021846 35.2883729710281159028016794
7.5072442560735667299192270 48.5658448261702788186428650
39.6564262779288217717188314 8.0540582853115990497056275
10.1281896228367638208007882 48.6150159412075241152542805
9.2582694083881337810670867 21.0067714692597261880045527
15.4254934313027777660047417 45.7553729347804011028846191
40.9366473194739735716712307 9.9343296825203226368243217
9.7684177614897296228640642 47.5297592507790005509654145
11.3431094078845491091118512 5.5076191735414163173373266
18.6435086573290469478357898 7.1357960273607090478211106
5.5028889404712142435902523 42.8336107899957413466628202
31.7999028577860395848550604 17.6851965845837086264685643
22.6320430613883766747395501 6.6551203495851399235394803
16.9595725649882599750464338 38.7798001337409877629407306
28.9728065231334313436996496 40.5102021986200025614640116
7.7987004850359744626992582 38.7837629781420211362397561
39.0345661190230896831489650 4.2781594055872539813140192
35.6542870048712111147947659 19.2424483414733864714934548
1.5236358654186759792056287 21.3583363993923899966991844
47.1772053214706179209431973 0.9007208534304123629713115
36.1904240398743068024987515 9.3141402079895629319160554
12.5901794363428932776052452 2.2332446710310418020437906
4.0667441395730879410817881 38.9225075258936515582550598
24.0963458696666543901178037 25.1866257313161892571246683
16.6348293586590156106689690 38.0431656438879450328121624
12.7072635884446184603408846 37.6234694319089822866566164
22.1369354690480662516974754 4.3538589824662064972058495
26.2772955537440074051419028 21.4826380684771910820321967
28.6305488413870850473538371 27.3549204539320245856467056
14.5566340655850449090451777 37.8893706028570631160256221
0.1675826697792252243648361 37.9864701709541533857629820
37.4057138178323813787451912 4.5620799837819208527027184
39.0494486599484879628265143 15.1208650332594146100690923
30.0176791462592031657282377 7.4457329170629909023376162
38.2688641346049752969110276 5.9576872901441373956188609
23.2169863253554072806540340 35.1208135721292769488773488
28.1721256989162151719147751 15.0775108557236514037462927
35.4699031744255732709240293 14.9461021272060977543239034
42.7381349322759017801715885 14.6612353678187125800593830
16.7729773040608630175981616 22.4536685723616038136962064
44.6145216177661555930352582 11.6638098757599943474696536
18.9730718465423214764615859 21.1547286606551194405678511
41.9896810676675696458200679 26.2176788414909009174578394
1.5560408960187086652284295 9.8019761645250542961488653
47.2409450384499792907682308 3.5061534299212127703365916
25.3935847765385425455089115 33.9803745152514465080627141
19.4030975798627291322953196 31.0889016259231182199422489
11.3267041179588408981792643 30.9387422792881843419858605
34.8336002115875071421866402 10.3014705891581701712101399
45.2518648327469386354079284 20.5491783086039934104532339
29.9768256725004104936989991 33.4572850452710868514610433
18.1854979014239824234862589 16.4708125506091511482142593
25.0605398451529773281726102 20.6026537773535374992810794
24.1899544132809409248452629 35.5646749666489983106709933
4.6299420762503590124781484 38.5170564343975604738682520
14.8983121926958452634377216 12.3507203761145169564748701
21.1922456438942754138014439 43.9532561315864755360973529
19.5560237859714854449290561 21.2264442072269251951817703
1.9661730972912282281361922 6.7922134353602448007649137
33.0811906871740190306321614 31.4266578356469677359271172
10.9409155022388465465233701 42.1579929310311176752688727
0.1697082907638067240189518 27.7393438836618128694534971
0.0285241125805709402169936 28.6705281844440649452811691
12.9482054631581672371272625 35.5997749330503632028719766
42.5044873371436051817676378 5.9471468963360001379496942
32.3245764790588118459702231 19.7515000809932870914414778
38.2688197584080227206038326 2.9150359000327466862275559
17.7960229263363885768536645 8.9051427841056900637120104
27.8112523555052498169714605 16.7342236873541191961777325
13.7881389729592762607450671 6.0321823299997750004758894
13.6110441843305583868572082 20.9937961362922947796218146
26.1069511491540908014430837 35.6290204986845224631656108
15.3815415604627493097652254 15.6973940265178146836526213
20.5493862946039172994033377 4.3843725794171149356515961
42.5336145673561192703527803 3.2236054094121574017948383
33.7464049125077711178497576 24.0557717706389826141957176
18.1443731663332895177648368 28.8492932738541184125816874
45.5905480184324385150965433 11.3137938543622958262625681
13.6994564644167725558740290 15.8374522123840835201159515
47.7267399285827272522885993 9.8314950943092684217176673
25.4014021110435574411428586 36.4179731834855398165249731
31.6359239839366839343542283 18.8724220407074325321459032
0.3648953039787013700415282 33.9096866900467585420811259
1.4294062668768484034407267 46.9622912316276705749665494
26.9999081610639537680492639 0.0704222558010345990355698
3.2770798534118444801808018 40.6418595494148397842360592
24.2954959317630590545740931 41.7579798054178459909359589
5.6961811878912110934541672 29.6319678704387480189592719
29.7769838760126750155246008 25.5113941455123375066127570
33.0234275869245274458434635 15.5226682761422200755197893
26.7784132512664929214465662 8.0259942527013496386261946
21.3785864841549505079310885 9.0805308181574535128053233
18.5147596668081244277147617 5.5860249265765999913736566
4.2351688786787611677781707 38.9494973596460020449500851
29.1309508053610570354382558 33.1796278637303884770974628
33.1105120056644803047586723 10.2075459696612835660267706
2.3286922547789725874736447 15.7504664179360867783773554
11.9384594589289632495712059 43.5427742082140371063186767
13.4636094919364352081198843 21.3361481867894591403359729
25.8562349609792411214501337 38.4636856481881468353038753
38.0171295179940438105643117 29.2352161478595188122431398
37.9326162496640140517176751 18.8578000958681707408168638
46.7176345271095490255816970 11.4657151626674270697669871
20.7390245923887164199299880 36.9106063206268129538405746
10.0238944527579315614179855 36.0973896563168230394262927
13.5531633778380878937028115 41.0951549754180690031555575
5.6693379986767765011312429 11.9104410773388070410750202
34.2971131621825530528248723 22.2645015381086912024975702
5.6033700557066523635217170 28.0998619928783640919246831
36.1400268136140471685028345 7.6091038835895584559597100
13.0313788699390262746039215 35.6606669139558671060458117
35.5353150673130783029349513 19.0195000740501093024688599
27.2485661722463697003525614 25.1001123813562002993795930
29.7434014344212613967693575 36.1224316887840103501740030
21.8624823933286796757238640 31.6311849857287750379937434
41.3826633120048887132228396 10.8846303201001996505716215
9.6878829905692445819846680 18.8850449605246931774708045
45.8049742515171568753793758 13.5426856205794821764989367
10.7767581555363745625119332 17.2586640171561436562821134
28.5776093346792388170119172 3.7842099194487127882595042
6.3368360911333967798338060 2.0843484243545301898883552
15.6809048369786350185202698 28.2154075549799572253397311
25.9827804654993524428118741 28.4762202421891879492197894
37.6647302461013115555915037 6.9186772932708051446766011
35.4341178167861417779768992 30.9260940719341230775383014
11.9470216804773328361014428 44.8861746305719904808079357
23.3415950264925230779907680 38.1335802360494275012939535
29.1238738860536627737975817 19.2301838230746385991030086
14.1552614271145872343228927 36.3198096626350989355373210
4.8423752423432347275573358 29.0525627443146794547362746
30.4371954250354547922987386 28.3562538897189446872846568
5.1417367145068361372901974 41.3226638003734271149943359
28.7974691619138004105735881 26.7339815565999012266282160
23.4775179563865690264738088 16.5923521722372509297547264
6.1848020418429926838591094 44.6234044387383642458515416
19.6593596207907296210204000 29.6312264224824649703034365
36.6248552573057128361473087 26.4692269887393214595178654
37.2210504160965252975597054 0.3056238249886304433434754
22.5477404581769403363087848 43.0244047051285852032995459
44.0106836321008738019942809 14.4242755878806003421223927
3.2574359832114684910521300 8.7686436131980602674237235
21.8949668241671741933630591 5.5326691360155277397511025
4.7622693955200781750535281 13.2597432178942601581603494
18.6457828354257456087782995 11.9513506539697278872237724
16.0533035639848093085236917 15.8679376316694860983155085
7.4643563190408576336529071 38.5004335656417617227385832
7.9046770072654375941344250 25.6420763864943106727938445
27.1296845507772779445865807 26.5326255047501223840101981
37.6236782050442021091536370 13.5446977937228959834762267
26.0747707748839084824170635 8.8377785125709061749371035
21.5291906187256382462434558 3.1613211324659774002806290
6.4268219583242528871190493 0.8342418809920867825212880
29.8147165487832817107710291 34.2940618346049571493182226
8.6540331631697482733248653 25.1516939789501693328180016
16.1160180984841530634041839 11.1478231350040364430628205
21.0223694906144637014080118 34.0229331627959756946690666
5.9750949949511471951642244 31.4213023250359524348475303
22.1455836396007030800557117 6.0887704227906045329012693
2.3496133044734952526015002 22.3937338851617405321096364
20.1413381549036186932949334 20.9123527449644864906453279
42.1236491210190712573595526 13.1756663865350364847987585
19.5859058306836090632261633 15.6809531850456656360066255
19.3665201684027496539066097 27.2568871400761670539344875
0.5304180292276062785498096 23.9419852291799374548140355
16.0854881619939659687128438 23.9636614604352976457356416
32.9230424966863560143657807 15.0190969356144789990148552
25.8407195423722197563010753 18.5272019887640469793679441
2.4345517563803042914861232 23.6023930512460023201121780
9.6890570848651131077853189 40.2072403032864860207970228
1.2720263344444618771790670 43.5589479786240910313354133
14.8896655844532936135606408 39.9349202926855377780199480
22.0106389915882842730159362 5.1992087072912813011927977
5.1607952826082756019053563 13.4672265909135192200645128
4.4543607446229516192984721 31.5936492092439689414120018
19.2166873482048106985927557 14.6873730585610563967360203
39.0356205859084672068141909 22.2984377361509139285811746
22.1070393018641746644589792 35.1394196495308206855628418
1.1816692506955279755223969 44.9566864635502320453326950
30.6361128574638366928824998 14.6604430009716620094327608
21.2516523209779195629047522 0.6060310456352912812278071
12.4313418768426494091613064 9.9980867740312333643235569
12.5895053815128717146825894 38.5422411679556906694411545
24.4174706341749173215484236 14.4494680811857417286322100
12.3732652455003793033733030 42.6896042048235958845454714
3.8513530893272862761117470 2.7689491474798102651254827
14.0699520866266673543189677 35.6796363249407278667147016
2.7982570222381598639840664 20.6680854855377165021714682
10.8902755079843855106331237 17.0704979236165057482155939
38.2990992611873456258455855 13.2166181673572955059211082
39.6095222310115122031369439 5.4392783189504834260565329
5.4628463206063046769082551 7.4603827031485562425386627
3.7783217600998307681989446 42.9909791081472825400946107
16.8021049332597671880280238 19.2792445342582807960786100
2.2134190913757564442574887 25.3692880453104816873703245
21.9571854811175079341348195 13.1674601099757470132336281
41.8849715692188942878255638 5.1622821160534142387200705
24.0006379873082175261702361 3.3120048614363103463442600
23.7424030868946010667488176 2.6073541492128986096399913
18.3754160075416535083183614 1.1593474672340293928679414
47.2649768227914935041299376 7.2472040085113469958897521
13.0389471605235669473125149 2.9976418974044266047135425
35.6281661337777439019944045 11.0514152009565113620521457
20.1889604145343073309956614 27.0999239368003896523983049
37.1542330234609273440851240 3.6142728782378175012147760
2.3311285694115978902703758 28.9752625457108332486625705
0.8646529123176192733871022 30.4836411102942336716240388
22.6496197096024108370161539 27.5498589290469870925712275
17.6211034431945725269010740 32.9013178071066992406771852
12.0605701296940141940135774 5.0042629973586030187359300
1.1022146241550109831117667 34.1069659002717336091007925
3.8045589324857335365068829 0.7247974401465664986097097
29.9648688347207438111113158 1.0519675460685528761265261
34.6291500580790120640700864 14.3986793232937289202366388
12.8173710951468625563263257 27.2711385572603792087271621
3.7612958127784696267520715 32.0835262059639440680632202
21.1697878194954913665546273 0.5831669379691625200963574
37.2605272508746341971105810 12.1923381263328148739320364
42.1351939726214970099445225 15.7519976158441907339585433
17.4423606664716015741101646 18.2418215751805978174682190
23.4738615664738118054486973 18.0271412918971609802393076
41.8594033771160065070648105 4.3920779719728416410523139
26.6624268004964081408336231 9.8292928081409228392137132
22.4168890187884817294765557 34.1830818786036374089016922
13.3055672103684335011866301 34.3651259449222502405694234
35.5004400181368708116630102 13.0467911196073884103278179
3.9887962162753464406590134 7.8478981100054732847917079
3.3144957173483704136625642 49.1733069677002637872166855
2.2551555674449152980217609 45.6005950988210481938102782
10.3754662119006801888951805 42.4540893305427922441823352
44.3133044720014013616795016 13.9043535186538105829399782
46.7525237159043540995885826 1.9239350804538405210717437
32.0015320063672903511153018 17.7595593764442790049051130
8.4899478901948138646435787 14.1922790566482530949677101
21.7734610277107841514899159 24.3498746377627095008185928
16.2417224024984374770008551 25.9076524100540685041432965
37.0054147351149303754751374 31.0660470656010367693591222
1.1688018631450477786292861 13.6979524822036327942623700
33.1383668082120091898217134 20.2817318117657944377206353
37.5723861522139975016299676 22.8213890644044241832610532
30.5968750925593219669491368 4.6723906697025006812721927
4.8270496917810351857180256 10.3295494225584018556389228
31.9043293630798402593557640 15.3334199672519735746080496
40.4984805188066359873567610 24.2254633736454954117125055
12.7614071888500048093141554 37.6980965906817027149537089
2.1263202245092696648584273 26.9532699742135712732274115
1.5066692411411945624012947 22.6986772257283533740172957
11.9624703682705736542887795 23.9561954969533608941174065
13.4806874937045735077986007 4.5575283539520743613065200
21.1601677683649251663179213 0.4972926850961541056576656
26.0892484951590019285803946 14.2074316101765470832735276
23.3754527493740730481118266 6.5641609335679826305313295
2.4536317104292641560769921 35.2275416603199259293570527
10.9369076732367274785078968 12.2018052167331204254408488
33.7318551568449084565391233 24.4061866680896210077115280
4.2555503211398373533978792 36.1163438274729939083138142
29.0365731696737609254804548 25.6393724291797337395987981
30.4008209763174870746435606 32.4852287042263975498681205
5.4801996429150408772734553 8.3646525255860962427557910
22.6467244217548533886679424 44.1375789205195565336563602
2.5057307286834520357713460 48.1323312703148786146582685
38.6003307831325212231806630 30.9679586578248951396199106
6.8352442902813970752403399 36.5346333701622844189550986
11.1964968239091345070869084 23.8880400801780442640145071
5.5506954704296363906919713 28.6738518478866371777711992
2.1749827128059992058729034 26.5380754803168622003243201
31.3917479545129501122849308 30.1257059728121892291737617
3.5561100955868465891870789 34.1958196419981328222173021
30.2485991378342547959094381 13.2295975070526154473481131
32.9840774375992179156554605 37.1826657945669383761328900
44.3070536751420471940703184 4.4028393824987085339259866
15.5406218943438712210093782 41.9045232777684741854320450
41.9165158013506510632496714 4.7964260731425004140965659
24.3754196337058902915744304 4.2236142911901177966123429
13.5323659087083762095793475 26.1318784803700501862708344
24.8944016641638819355037866 10.3811736226341261230743442
11.1622771282167773648993228 42.3957965995791688175474484
14.0233554461214900454381090 26.2744267688513947701628080
23.9823515986975096002878399 29.9891115539699009176813465
29.6210110511778801085841532 21.7852175638894618333017897
29.7807433535491792904406227 15.3982896878204100886466089
17.6743173583370524783736088 2.0294102386618519516154033
40.8165753437287894660254048 12.2477417187704873666512873
26.7274576415073443518519631 33.6101622730600731887262421
40.0093180273253094431006888 22.0284922540863429230339752
22.9807884463362008120404127 37.2005828231862596662401760
3.1250087005585706867073925 17.9369540508257207691278841
22.8126646128715872958565685 21.5309622000651989471776662
5.8071206061006340535977667 39.2463673512110086679130257
10.1203317575811720869244158 44.6607085156124004845528697
26.3411690224064395331550363 4.1403882104236770029272373
13.2788697555419656666889212 19.4594865814942007933794568
19.6078539980802656067980808 33.1063749388236063243880842
7.0244809523103491329932157 8.8970032792299841070166292
11.7627789408695675317484225 22.3860901362483443186576189
2.5442546800951286830400741 42.8955331954600377176955782
0.1606658357974121872660401 9.1909839782913080097454351
10.4461480050605576850929562 6.9193924485007591519184754
45.5338494382577111134491770 12.8128277649423636541149563
25.9339178689819812466335491 36.1791639478429226537469684
26.7154859310908469998884978 0.5318002121915896191534384
22.4888779728172576905155021 42.5705340291114359690730336
0.1295719516335559669272812 30.8136854515870897541513463
26.7213731385685660598658445 30.9833538789684016557483347
34.1116154732732883360047982 27.5390212208702575924022722
2.6626050570926947084523869 8.4800079192147225230073733
13.6965589160105782531121902 44.6979224781225277654841470
26.2472086850218622069211527 22.7943860686115634405047056
21.1316253680813975518453851 19.7219271194033860173979630
44.8269807207235261640211811 12.5714676734214806153092504
1.0451081006365564402326227 3.3026881563332390125746992
4.5081628999515991999958452 9.2831280971179099302480440
6.6355960694169095307502430 14.4037795318985239163984864
17.7756148985203689870675795 14.8333244749617977254817816
15.8805108463489449020407016 38.2139944949359293969543787
0.7349995700042362090327468 21.6785556629608880379533118
7.8700474578968698202825449 18.1676182536525964139549438
37.3297942776611638029517565 24.4435361432730479184398798
9.4020098328094979400933592 24.5581394063913872186712130
38.3728567522141324802007736 3.3202205761145238283336728
17.0639941186029671073655579 22.6565686881372958648421897
8.5375702491273090431231569 44.1940029216772381092807424
28.4203094691135502354797161 22.2774776327979885680158049
42.4603402276160103333343787 9.7785227798013321290810691
43.2089835282629298320954445 23.4836909887330703576563716
8.9726642071076961807927294 38.0327660974913632144604399
5.9869972048188841266431406 46.6332055993311580153269278
38.0759200178169103092485682 6.5745201191272885569592414
24.8171094177185419665000402 12.4944419702916564829874888
34.6625944969239669181411328 28.7489920300141362149289980
32.7684913536009770560868593 14.9574721931540961317081751
28.9124137265576392133986170 10.5864220822883028306013222
6.9997440754565923494905212 42.5029832232763437490539503
28.2137106824215939311359156 28.2840331199178459114868976
43.0197535945264874778791878 3.0497214079691541599237594
40.0639824587953243340824741 3.4463472752090085759163991
4.0524889437543597763120377 2.5646312328965880870412208
17.7958813699486953435306382 40.7959140878925881956634804
45.9620610334611800065746918 18.3980690714104398834618387
48.1157310116498696652594246 8.9373614235161716361780544
27.1047970020381448148149516 16.4417146149148324484683010
21.1248393748783237603438186 8.1695263868593013690052405
1.2924972234502859295750503 46.6350667516127106662834674
26.2713580839303895958690444 42.2648286927310917812586651
21.3896207288845298580334384 1.8665811191783853580091640
5.7508128083446430328658717 44.2993019362989420910387076
6.8864768705051133771651166 0.2764711775178380553687540
2.5124993528709798681566717 33.9070397852986114578249500
24.6214914632802212765305279 36.7937787964707314607594889
28.7816302410358730412566997 21.4852917287219843023100634
18.4519934697987585636971492 2.8326554662549362776972746
7.6258299997342004382006401 42.0576594310139170938121574
6.0621542043205587520807331 3.0414283491541557620568917
13.2821436384070356922225186 15.4137815077521944188696752
44.3847011017267229415152090 4.8988068047616071214540305
20.0653517323026151626397936 30.2470107590647780498132454
2.7466525139312291046968402 41.7606980301780307694836738
26.9257909488699453837837927 9.6177846606041937424183336
12.2731677549539817057177184 20.8415295326124718774232802
29.1383320558835681899677698 24.2375247292512951929771245
43.6109686940872125909556736 22.7943723222058712431206245
18.7428677566360523263753124 45.1907613153092679249787776
28.2290631961289430910685998 18.2926212191954157964686114
40.9767372695838810043430016 5.2827078983694853366163263
12.3349187292565506391571315 15.8855210787256192539564365
40.3782302061033812281682382 7.1832113586417945178096726
16.1612167972206287792717639 46.0902925965244204341624726
7.1161260183518547910775055 7.3048443166802519891461759
9.3747929640345489536452183 19.9653013220809746968691090
2.8307546610113782795734986 36.0345227254248832633587443
47.8595144711788958018970935 13.6918543149939284518518399
7.9091853596805546428823906 10.9290798764678618979538052
24.8976780818029687084730029 37.8365646714247571978496295
31.5514605771372412455369979 0.0730441603039118711945582
19.8703884243530997160632158 30.2021135661949052807339032
8.3809873804517502421620772 12.5999623225114649325611570
26.4617316602106605437056668 18.6755657891000656784216129
38.4042662448006230705246415 13.8424107076212505124646135
15.7255430992317230879827496 7.7270495167434725961306598
46.0906224117415113740235313 12.7143433058208360449653455
20.3670002811345252523457430 38.3364747929209861685589148
4.9105985674509915239373217 14.8958390736926353868969912
3.0421481405582261986922255 28.7357849151697634085760611
4.7226300100467394869609681 38.4082903262851044244677478
4.2170414911182647213646817 11.0098392841215916835874857
17.5124978268660131319793742 36.8688543334887633926232455
34.8787677424432367711394013 19.5184927893703185046194508
43.8175044250480822088807685 0.1621911245775630418296259
9.9251049710407070241333815 14.0531950571328456952200052
4.7364530980370338564998000 20.6534745757244290400898586
45.1865745459941240251348109 15.9897930192768888210420893
16.8832172433531937459615528 44.8548433896913899978160677
35.5462950458546185877120921 28.3277409708760821801243622
35.6074834222532064090508719 15.1692822616616599066411144
10.6378539095911652186918490 32.4166016756568109152078057
18.1715459189948080081449623 39.4499039151410752644008037
36.5483737111873397319512802 6.6870306614662806861025376
20.6737529440888435589397765 29.4889121401040813858860781
23.9227233386601797735739003 5.4500741336172246238214056
45.8828874505144014064200691 9.6571548192740523046425031
30.1564665409881885632183419 20.7506030216536087468478750
0.1458133431884447795793502 29.0254842934437221221734616
34.6912709519164356844489805 10.1496659915841032724901190
8.2546443102963870421397696 36.7268409655730053599325441
14.4764133523944137705992775 45.8795537952432219439259827
18.0234805923747034814010572 31.4428711687767535477389053
29.3850597484098779485351004 9.0287465122452961954187956
16.2763121476628022119903653 20.5202744346133026808921587
12.0461462500713843135146080 5.1855916269882962833518483
7.6870825867727158935021165 3.3028413985742171609631260
4.2252569850232320981961493 25.1723499779125188176070900
34.5431579387763890608159188 31.6902230919371996815034876
10.2637935072902344302576217 4.7068612513762107314561019
17.5710234188904697011124521 10.0378850368393176438831001
45.8577423547401757921428937 18.4002028827474877149395350
12.1259038078528539496174316 0.6800417948182720639086709
5.8212638759490822203945948 24.7510178959688497956658458
23.3710138396830295465156431 40.1720762732690267417900747
7.6041746449734123717299146 12.8326352698400759118784592
33.7827258818563441669829886 24.7432300234095041913344095
20.0995451889452167885697324 22.8803033895433560867278099
41.8660197878743283807665872 11.3901881951667144546327899
30.5242619816330861267146759 5.0763599632639313122305942
18.7397941229862141012416081 30.9728932492282895331302290
38.4951510633528608302122783 15.4150363155473334131130594
12.1674331474499763649915688 13.7823644779237920759499792
42.6617411155497587439577512 17.5207261547520120571957528
5.0417548039267977010612713 39.4915270469132537653939998
12.0125883756147498527773754 3.2707369992167492378622431
12.7285053270664236806537767 10.4873806138063700355405547
33.2675547379960240991657572 35.6969158577381624243792044
10.1066493087531399874698453 14.1723547708163048817182533
31.6848264023721229396660387 33.0994225909084769476638095
0.4440872657803328310696218 44.6464196380893654748757556
30.8355677699761882668948328 11.6476504198574625542268889
26.2785137393595772907532690 37.6422597043574142323514559
1.3187937700550404380360197 17.6142210441468007917436997
15.5898598966027809883704248 38.5869961049612713549071495
29.4749593515251316223167910 5.8074754606404659654721847
22.4122697074321596717998828 36.6427368868827642857787762
15.3979361087453877501082708 6.7382166476742899715408693
6.3763058222561641886359434 36.3640306355203443899789394
20.7594146552448017926516394 10.9793762651439971101142470
16.4882979963825409569263193 23.4443176309844319042339355
46.6347930320792504933168352 16.0840317972557050733210298
20.1665042939643702179625335 33.3813137033508107240500320
11.5322460214319272531975212 2.0018245930069609534755684
16.2533182371017244698509885 23.9025029292644683794311784
13.8647590330066312782373135 43.5461646641430526656185295
3.1097478033470666979323342 22.9745395731792216778251851
0.9955028082912502350796544 18.2348286023939428275316857
29.2744994453585404957788344 16.1556083829641805564957021
18.7552912250930057401184080 38.1148140630641054146935512
7.5754622383140193313007119 40.2630397744119457608440653
25.0316069185999131198300982 22.6256194406407570177480506
0.7626610357426781780151523 41.6523510518261130406860892
23.2052406023752845655067098 30.7411256883327800547351894
22.7142242029865482983361621 34.0009414407374918017191304
36.2774086201831217310644628 31.4555181773288123950844527
24.3345562066260051776443003 23.5016887526526435615250652
37.1659566110373777237582401 32.7290645938206892249829426
21.5353978364434668878552875 36.9692661548225223273255830
21.3134254689221821991299088 23.8167565965792088127000566
36.7294236394842782531726245 22.2923627978573297630502855
23.0087172382535623629537281 40.3682911584091377170224754
11.1774021949388836230191579 33.4374891427657203303360726
13.5188935884677477296352821 6.3827514555781993640633584
5.9933374620384556670129834 27.8133044794416048721193968
21.9473840662028737934840942 43.3683332934364012033157203
27.6915125183791542607923112 19.0178898525690959412957517
1.9935041606972967606264372 19.0794638593772484027493869
48.4037731186211606854843771 6.8974450255908177332845655
11.2075635459157698034262239 11.6142377866246537618800242
32.1322488648302667223624375 19.3653965332139283723741662
17.5530234717814152336329091 20.4423914207484715280126061
35.6196314326495554219774115 12.4996742598438852247565868
19.2039053933212825602040330 1.3076764295366632361508353
20.3336675603513125491240007 3.0069857906409702941061349
43.1223992532836611750048830 23.6740085883316503689302921
45.7260560519009344230697312 5.0127635031401520870876923
29.5338450475547673309430384 12.8550377948501086082279712
30.5483294319678226758081750 34.1218341962440302280291240
16.3160061254477482838476794 14.3627276000887643685227898
28.9365425400541907023875301 29.5580193150291138595390306
21.3088211573849495356475423 5.6066158137136112968202073
11.0559236478984352847416967 19.5132404354540805614594688
40.1939341507224905228984163 21.0344397949501926947258521
25.0219867538016842318722291 41.6341227707822979721418725
13.9458375708278988776965648 3.5374587556726380232211307
31.1997578589019393403254726 23.4749890212090764631208896
23.3235514039751646220210650 13.2480923119567719599482978
33.7965881838736102940666086 24.2753090017337300181273406
16.0897625845692103733227408 26.0215207082944467065803026
18.9397144484399663158826248 23.5114273622754427298946819
11.9878098346999297141855716 18.6625940149560035330078672
19.5671679041103285004764240 1.2751236066964701117239339
23.5964715059088863816755905 19.2147477857720009096022774
15.2294902112287322972537063 15.9863262792327688345677038
18.3446992284811016440882121 5.9137137415134387021994180
19.6379182005385089385454951 13.1473255359772076737242117
1.6835767403779776647648407 32.2050550280426979988729877
30.1994954206814091096179175 35.2560700636960188270026653
5.7916885971618555869246241 47.1747426404586264307435689
25.2543768955419028001990469 30.9792906248338637432294904
22.2704281828618207966586625 35.0075424523343817448449083
25.2662336120256723627155346 29.5146986951001101631524537
13.7000823391322525053742223 14.7752409083911910560537342
31.4965375462173811372883426 10.5103816581377667676292501
11.8825162430047316253802321 35.0329246243405821323815946
17.3017787375659137307079964 32.1504036135833302002512492
26.3426819399270948015058075 18.9489606103300260491516196
38.4697790674413848036591626 0.2758595697971302031785738
20.7749803941094524947657739 29.9649827235786648283692803
13.4958928628324447985814430 6.6978262022053302398377332
23.0456564453169215957652906 39.6912801381414584067309107
30.6892814435428795877969335 4.8133153313505929944715816
5.2220496617416310030182592 25.1143424626308724949936697
46.6480104221014407771427953 11.8938271241646757448370997
8.3359275680062383729970456 29.0690954723560946256639354
30.9104979713563625806296667 33.5937660163723560085497960
12.6683449864799297476548355 7.7790124889685598562417938
18.3867037821130456584385609 37.7349854118009408619729197
4.9345725980690940380152341 17.0777631226804885467769598
15.4513498486387041073206252 28.1203802935695145209524403
16.4784527336018385961726131 5.3815049481023515073776677
2.2914444943734691807865105 19.1245727306312785024891410
36.7068993429067961851039059 15.6717433819504782769974125
2.5549337890793729559431582 41.1943237999292873231341248
14.1531105860874534044676710 0.4352708788550656014195222
23.3429011049169593973276395 35.4134009663865325303956111
39.5009552115803922351641148 29.5410652714610115853223737
30.2088861487675473205557983 35.4742610585590665218720336
6.4701424445577782293202033 14.2701526532525887227065481
18.2585340865492490082813560 27.2236282117266503989973373
17.8026789200280264140441050 37.9481833988188391528854015
13.9828182165307373698395003 2.2317694153868515226429149
34.9185374858058886036933493 5.7615744247878089820652163
29.5257175247187734182922972 38.5257317211563771175743113
26.2143625859781782500818747 13.5943809793188994300483820
9.5924368479661076159789632 31.5750717389174279291998025
3.9864393168758754318142092 3.6205388511748087066166111
17.6288023000712599340728643 33.3425453357268790176049025
10.4449150709285029445198671 36.8904289641783730004934214
34.0011334311629390391019263 28.5643646069058211113163715
1.6243074089807611258064630 3.6553557201906090839703639
15.2081081911916712749442674 2.9518545433352220897241273
35.3016176222541660050065510 8.3842586584714884303852007
19.3463967953960437122107691 13.9720052617757659634069288
17.8785539493285554232499643 42.9052130711519519623019906
22.8895886051498834257419114 14.0023831359876956506061621
10.1536553923239009291284938 42.2421978852181858094835825
39.2325632125494484201054861 29.1600065804744238797155477
26.0811296807086771015143227 26.8099734162131704794035291
35.5266180060601630774143758 15.2105033792929352422511532
19.1782030786491759005396271 36.6496456555052012334734038
32.4074022561500330964427832 37.5800516099709706698259057
13.0775651332127975857604709 16.0305112266133591244061016
36.8053698418489075674709746 10.2647333528308917662766000
0.4772365171687800385689199 20.6826556637845859756763196
12.6907283777389167879968888 40.3540012048675560002140913
4.2444419053777864476396466 22.0903760246826261605193962
36.1262601345304931522818254 24.1535365669757114102254727
33.2122109829923047750401334 1.5649414114289788902753342
40.0194581523410932958274170 16.5058465154932301381591467
16.5515715567431493171825352 4.8005706954497775277494259
1.6488522496358829528229226 46.8805000640871010741962378
27.3709086125707087707877135 19.1136956584095112099987762
24.1872574692955060656686234 42.8424623021834349778512714
1.0586829387579680421479662 7.2718079206743897937989023
17.7479709673945145031938246 45.0556270241633794201719421
0.8830957744465914414469698 24.0462084714649884217767823
3.4540366421310307292367178 9.5692022068099383410241014
25.5600262712803852474856839 26.0611791178268932516881676
41.0737648828885119134300533 5.0937057576183635718462131
20.2992430046158964792056991 4.0547174302967884361455429
15.6983083329747170452997502 36.9129125846614352522352216
12.2119893727496906059953577 29.5612468539445848961961345
45.1588534561951101641990982 8.2569942789065170478160897
46.2266033898101925067034541 7.7524924405760512373857382
14.9554514162153825268476270 42.5245161399541536172279832
24.7077871630421087135367548 24.5463898263229655155755728
5.0958509309883849923320159 38.5166496893115667303227855
15.8431276544574459579773004 32.4113453303710567661520097
11.9615800101422089062818682 44.5636691000748536152145948
43.0333504982182182836874986 3.6236369709867218184644082
40.2106535194505379341450939 6.2532666294265805202295834
16.1581486397029724308305445 6.3177711684790374042017047
15.2763117860023105208989400 12.7724037759869969485342738
16.4998008117948041302507343 10.3805863596954638799653083
3.9160768006466633931283300 41.4024678309329405724488813
23.5598291310005354914186801 9.2700836737355587186623075
22.5926090759517739336717639 22.9254010900839318674630176
21.1516296690790602969121700 5.3952351516995477660033483
26.0052048185234741715797733 15.0907031760167982166265867
13.3519462203521828528961711 34.0620834965922637786574565
21.9601784421475568544231418 27.6179391481159886874738788
34.8559280121951705107950329 25.6917162215502456165788362
41.8271066122284077162134079 23.5689022325877242725345254
4.7562837241682890750521322 14.7097846733122450097634832
31.0342181467827134192387591 38.9856038047110734330127105
11.1692193439707225875583379 32.6993660373755598189554811
34.5712411717764022614726246 31.3022249024389984990857419
20.0428657486019906199977527 33.8715741084396189320895771
0.2812022255468336954493513 23.3113904627833709938043558
13.5276342689927749202780471 46.9148495796839607868885121
34.0152091048723566401658983 11.5310688815828660856859653
37.4258969295883854490332483 12.0748597928020125983888987
35.0178074713689254385599719 34.4565401614575729039105693
36.0346863528000115613865927 33.9190415468262988580850433
27.4295500565820808184120998 0.7872634206274078965356130
32.8257778833817091213474866 11.6605448565188513940591506
48.9030919826390943481143739 7.5820574079559653709735209
6.1466937809167904691593272 46.6124249054223615495818976
45.9730709831663667436683547 18.9598719504311693407569333
7.3653500623997952714561499 38.7846827814577765678827776
10.6586391228557728588285948 34.1232092870633772832527648
16.5527056004911529736785577 44.0511967749284743407407939
29.3891857431143599158485793 38.3767606938981191590891422
36.5050709340325165648809223 17.4178011270439739347352592
20.7509803632711345084736222 35.6566517491917035789561700
17.9065218534184647460266736 44.8704409953038788957957632
33.0621765745259168327198281 37.3147756278242910212796333
37.8419592881704823088731005 8.2756339474657628112072523
1.5121621164275207311186934 19.0974701396190548209666552
18.2440631914821947987062870 35.0450304360718812710981243
29.7147339600625128833940819 22.3390820241725154690203988
24.7213558311478838880402915 23.3206896525332311837683849
16.8007267551953865517995334 13.3504898972757512003649044
14.6995679190489899305342532 32.3561849264289152507290707
8.1253748662015596761545042 25.4455945751656584510303610
31.0533872522997359105191334 6.4951628277286673339171903
8.2399849185869341652084540 27.5790255183438248316788140
21.9056937445909139565333362 8.1939356580455586429441037
0.9270595756293120201664984 2.7641563890695475457201489
29.1498963902819765034690433 6.5025795216841290220784586
8.2583963953287423704161859 34.9327767143927628884176667
36.6359556900126693830675658 27.2728207319930204902326170
29.8490628723703468267902660 26.3824457858114834065144209
45.2497579506611575833329800 18.9989316911919380760954133
26.7085833211329143153656650 17.2959988719385821086790220
2.9989667475325538573254836 33.6378685181923204355463909
31.8172326909648967638423200 37.3451965303303053080085334
14.3495708934347684731191681 41.0802849938299442233496147
34.1623627025031218644143963 19.6451768783745898846354080
14.1863075822681605038426103 20.2545964457769658743406696
33.9905902981620124418724641 0.3738598433831509086361185
37.2810712925108673051796371 2.2631224630412932838335237
27.7623918246415962117524111 2.3978323909467613530241321
4.2233174238949944938203712 29.8188462207548356944970343
1.9575792874222165453606944 28.3490367267294556112501762
32.2746091195178668107445352 2.9748287652122342037930251
28.6575807755785043775585830 38.5647904712471286041445673
46.1890678521825200699618852 6.2506008468369856630918465
29.9972432006432648450997853 31.0992829557445169079959376
32.9769138579201989930295528 25.8751454567372574934819388
37.3503204725826567041984863 22.3819918817645197528014079
16.1260086116372327739543776 8.1824107851782782684848259
40.0877531960243625745176578 24.5045310849777026259719767
10.1271889491918450655595326 11.2889345815876961765834353
8.4029987024980971124203367 7.8351523792339416388535495
21.0006852911302168250379094 13.4896707633250619744368883
18.4401526341718769372410086 36.2485968118552692223033275
4.6123867674326395658783706 5.4521452940665737263578828
20.4329825728987241257800256 8.6886836273176062752902110
25.4928755774979961244054227 10.0803419976807438969224330
18.9590691917555457213965466 34.6490071341478083384172077
12.2814145781151386970045159 4.4347329074546248001372236
27.0663054247833456929209139 3.9262081774077686657870964
48.0739042208294175811905168 5.0398147750209539705988175
18.7527305211074671742715897 23.2451091200433916707087851
6.5661715372885409839811711 15.3910815520840457418674135
34.1656131611946621686420484 25.4501645833499882963414719
42.9097998729921832196226129 9.3940978736523719930623771
17.9071692305641373211647818 7.8634146620877753467734414
42.8913313560413475608683538 17.3733616351661861501634709
29.4542007925110077399348036 35.9158747029004421486456887
45.0212832606815010276940406 18.4955144173250739779313291
10.0797579821054751191717629 48.5118385450621832060296021
6.0475966960525322253198300 29.2989176285045467916352751
22.8835700736534576431012884 43.3686778756764948159469783
7.1714404562586416246796529 12.2910716287204528699272336
6.4627551532642035769717938 0.8560349461073306754276425
2.1434526393710574743304372 38.3719378033319193932214199
46.9090625614639135474194031 0.1996236575775076845396890
47.5242154138915980270741679 5.0446951636375657251820986
15.1474871573924654266175267 37.2230255731130798594919763
44.5904239953185810647157362 0.4405541030530875330302715
8.0604404255613572454680743 29.5977921498542902060042445
4.5472724674889687966250158 2.6119558010075103907799126
37.8316088426418328892765581 26.9215410475950331957635333
7.8004845697925903538568326 32.4831100801082116240016625
17.0726937354101278562286424 41.7015962358383563975816897
12.3532952666860442047934139 3.1458061056066656424584171
11.4310833382781434851300542 20.8045748265457185487482454
22.9068244997404437908697556 35.9413048085081486383377997
10.6465870527699244999311312 2.9411195364676718408666179
21.1019502186330608175619571 6.9790899815328442834413797
26.6620449671824997729540820 23.5613106207600075985172643
49.1367271960064015355724161 4.2522982568541539887172700
34.7577808332779363567093424 2.4283063121889965072156367
0.9340011373635680437687798 32.0566317924295278152248353
12.4136720782927217654924702 18.9446759152173320545038629
25.4079297902177339576242486 26.8316437024526363190620648
22.5938990561288600352992360 8.0321681656610880250873885
20.3678931851358436876464786 32.4830560015355829872186837
11.9236637454712268416090535 15.8217016431525175616606470
27.0948574955698485928378932 40.2227385603561607136529397
29.6953973686855018022851724 37.2583329621155510944306323
35.3545000879411989173148999 20.6775076721486373148884832
16.8370907062943231794662138 10.8403125668966450436576592
37.5894384699059402034174112 32.3656317027360887098766073
3.3051079896903701872391347 42.3860385171401088773879762
26.9398532303014450062281143 9.2056671637539013650594383
35.1172249817582512046514826 20.3538819290221439897521327
6.0168404177672824377177458 43.7526871333307028248151494
1.0575016722197039618687446 2.4252196216533730250738373
25.8623369960267454709531316 0.7997031348858745209077009
29.8545431543357169305242149 18.0888433307911200202631816
0.1009340546592787627484949 0.9948931181840779659764655
36.4962248506934962457127375 29.2408202971055941556266060
22.2055178393591463670739440 31.0711277150653594998124407
21.7030508524523431083392173 10.0238507418989247003948261
13.3888850908578676956318919 24.2536132570758188030131935
35.8166551700320327192164522 21.6487231131773141670810867
37.6705091369217720441895610 16.5810959036214879821704262
0.3563973392341905393192242 46.2479510998767035033997999
17.2623783646035419983219635 41.6474524214539146982273579
23.1699043036800815527911667 35.0450500721329721315072723
3.7197304939935182576320583 35.6674025554434610644762140
27.2574704454271137387579494 2.1284512953477281184393144
0.4944745803165220972790228 46.3816288511887085422643717
36.9049654059191762272220119 17.1907977821830261979829995
6.3116546740798220851319993 23.0794933929487788237338496
17.9851542577796932860367188 3.8773994279502556693205327
13.6184448238761322765614886 17.3648484179690258688161794
0.3197933678867133402395511 29.4346349085878025133443279
26.0533849877926948766729569 20.5601831382373206776041036
43.9044232992401043128033200 19.5295062600451492783534247
27.6194945400598057200065687 0.4043777338165157748254883
5.3320288586223125336561158 42.2145646459941457852185484
46.8101550046953772035240045 13.3906455571190566337715539
29.5391835630585019731507714 32.1159872093002058472782378
34.2492803397032124511607239 7.4153082344848622161073370
33.9656343056942066317753018 1.9584907995313201880568016
12.8382961011370062135541564 37.9957649379444701438900131
31.0056681919816219422817795 9.2816237786682077440050652
19.9766922826371328904159192 40.8464412825012947551471184
23.9278353542555957927052293 30.9509078260983483320117545
2.4493477757713948297229123 0.7075983842008975042458209
26.6233824264547988910008076 6.3399927582559418030534973
17.9360271240918400516697327 1.1397065428617128494175313
27.2498766394800711553482679 30.9345150783573509721508494
9.7101065248929249014700938 45.7079186933208745682416988
17.7428331264532271431504040 5.3096019292253916561511330
17.5627131049459257050841928 1.5972189559858853712852630
10.0567269060305092561341130 6.6228576866426792222554541
4.3955554562568750879516312 5.3552863817885981171395718
21.0470760723328756820169163 2.2406670447509445199541745
33.6545308421235043412648885 34.2472269504635631850965045
20.3279175607783623629446093 44.2298063260760692482158025
6.6728796511607630765335813 24.0618510751173217561752823
7.0118490273717675650905538 0.5779041593080959923201975
46.8679586747617497029138899 0.6280522755510519852158344
8.1854558894346266693088149 31.9843447936974313880500084
31.2913870447622767552242349 35.0264057079067641535964115
18.6914835108782627664940888 22.5970892851837449180891796
26.7193964882944467571498267 35.6801604719109746685295294
25.7531871820089997551170020 24.9153235975053583914426071
5.7010363783564870738790584 44.8441544040319256142186720
47.1948821661903874600871749 6.4142885279198753045679052
29.3435816637650439381117212 34.0727782128483308666301576
37.8754152986898976200555451 25.9702313418992718346440737
22.6164170324589980667623073 5.5224705172502756953306560
37.2000735942244859071250936 13.4964634102524109585292919
16.3553628168143919553376149 5.1480197290186445375586185
2.2858261169756347618719918 7.5349186434195884890553822
6.0951806474743335916900656 46.7316677733060834907932309
19.1089853233149255347366679 34.0932057734871094188174822
23.5083689324531731125718383 28.0420503910764424318872502
7.6631367570081465476530182 6.6163687203322236501175958
37.5880575431585866576310756 30.6698211623771760513282703
1.9379343969894641824605936 39.9029373639706514505785005
10.5509337789356158606395067 37.1170822720821552016389330
17.3373779858881137278842985 25.0282904844586261843309258
32.5206203197948775304102345 2.3257803025532135384193525
8.1317047956682729158885000 48.8914652788818102919445245
5.7785801664197138857826164 49.0622870569672965767677578
31.6680957072291359302831267 32.3825835022126604414656193
4.2665202394476009350472187 4.5051975590848383995410810
26.2122657424813940544934395 21.5503393162505989268968160
40.8180480073414033144553993 17.9412083447679881791554659
10.8093023163025248748087198 21.1343082080955957294721102
27.4405980432213223985335868 30.9194692553148158367976859
32.0979944827158299664641523 34.4124795704631568917200212
47.7229249082571998944840615 2.2410796953353820956386355
25.9258223829468067427910702 9.6359604486472628520341824
10.1051430599808867715193683 14.9461059723701986140357966
6.9850683976414328491056716 5.0703865217822344775838520
20.8409070622231301849049108 19.9413287627424180447584455
16.4158390048341525020457080 38.1578331377368133386288235
24.0837580998623265163041763 7.1395094920670691518288950
17.5428571146181708919791466 25.9373893107245977456287914
38.7511227735476104751766917 30.4360063705710205806424327
23.6731031238959473248018378 6.2915966562859018072197105
38.1807839485422462101452725 29.4232516400675668507341171
0.6788314496508638218184581 2.6531467850394004795029500
9.2497108117636910443128355 10.9060923294616335125249351
11.0506833217407508319297525 20.2084734238536881430788055
13.0104532895872117455134969 37.6328062360418360086063716
39.9994869548466068243805358 27.1392896618363267844269352
19.3010731768773938454864208 32.3800644567120030832175861
1.1250354995471394377198346 24.3050261288639374796824087
25.7128818604372923326112119 40.8454123058048570388978614
43.2466021221186293551103474 3.3513288246849881554062976
28.4335544953761411509919258 34.0739340076615637496843932
15.6314063210386152943133036 18.0875409170675830222024161
40.8872572722324827697294753 12.7566528820953638262313139
9.5638629343136719795841824 27.2035388465115155871305500
37.0296048800357986899201770 5.1776792512117784635460686
46.0007678486758213701922297 7.5119476390768888919486054
9.3366724378588879352715115 20.2318201798089874780308348
37.9809102376831210186617097 5.6080707482214850932268854
31.5235873870549985964062329 33.5300378504216276721392181
9.1678367487955169255854873 6.0374472542155137148005204
18.3475554804787320597502864 2.4222320059719390032541581
41.4091391595383362377889654 21.4192248708021339627542556
23.2679537535138292344262733 13.0039351015122228371206389
40.5520872864945292698144514 24.7189849449472493094468711
23.8501758650359527170615819 17.1221818471495198790155017
7.2674637805127989749347148 3.4181822945733329695098454
36.4231233637645048707784614 7.3386704809517275252801106
16.9891107376581663146726367 2.6210906782459846869580688
21.6625234525590676763110426 44.3422493528161961960672421
46.0692933780812575286842937 14.2168986647678682559099311
9.2351625298962902309539583 6.7239700361021502879104089
15.1285729835170354657322672 2.4751322151348731848360036
5.2407881096731940120692243 34.3006434340451996975145137
2.0525273574426324094530706 36.8210148074024375373409520
25.6029855838626443300561496 9.7204490221656740819055864
30.0719430273954759058557485 4.8143787301250635460431868
32.3965731314621189158315090 12.5881710084438683849933284
13.7406498526185752792693196 14.2019203499996128325185155
25.4204184654964021315723233 28.9361767522775811501530401
45.3011928314354127724385275 14.2759212679639267303142220
3.8701407149593367001252682 34.3878177680179937608174214
24.0247334027501537402697583 3.0515872798891102918800972
22.1460697131086582496524075 19.7370614900529554814594601
31.7152697040178328478601615 34.2657506499041781202747365
8.8932530812042868298726404 13.7262540277254980751452603
0.4230596038039647220073169 9.7888212043958200185939429
15.7232504864239548126128665 32.2145835630567924989740531
26.3958524097531600099686040 39.1951396931115465030986671
25.0970165085913490180523134 14.5821727588001539832982228
34.1646728199572526891160121 24.2749898270889939291912107
11.3151007717642243074307702 1.8623894664706025065491851
39.7998304603795236760565814 28.6613589232095942585603451
31.7989483195291588880941327 14.9441254602574078486277668
2.6292642807421114416498747 43.2098017739264069791335907
15.4889913295484050172646035 17.2942518656683826105729448
29.6455217353791863159889027 8.1635189126479175095900870
9.7037719713646292211456357 41.2896695255333597048408613
19.8122778428688082126103764 25.2878161705784646356754613
26.5816530835407578012425645 8.7986203092466788500973885
9.2446629953489061658115537 27.9022616664389159357809530
1.5344588773185698202683708 35.0234983397406809404054677
30.8673089448695351434066017 36.6975372266583740166381133
43.6638494550202597669870761 5.7417985657219780373855904
7.0461378883444461086759792 33.4567174250319553058700643
24.7471365028210154430211196 4.2519683572133555469558161
20.3566768007328002990025539 20.1396551517275737664505589
17.8498190579655834061921444 17.9967763668354964803652373
12.5354526298097441025175911 33.2394709248777900983676174
43.2787715538638942267008214 6.7784904505694633621006662
41.0736539302706002265058513 18.9988145108153123151235015
11.5486426378881551363630727 24.5179292197027054244423774
8.2508952899244227306463866 45.8685374403272528866942740
36.2736809747001872129724855 19.0057903951841391487049378
17.1356728036640528804923648 4.2858741892136938254278419
7.0483709641391248879767375 16.9652723748214694869400466
18.8194074291685680408303816 26.9690545628680670790069264
1.3969786508058151212802016 28.7758310157881064183608660
28.6568203455905234594696356 3.1283618205938122591011863
23.7591963578827337371464858 17.8745793916268653598777221
22.8891419815851709430645291 13.6779815523649275771667255
32.6822995069960949721570705 16.6393298823901801844792386
24.5922261783284945110471874 19.9930590854409943567895405
27.0997198758192495094156472 6.6787111520208088685235875
30.1144751013964970988404243 34.6210685763361503408009715
33.2199579927289149771538758 26.1138735342217332660885960
1.2848877256144134807560419 2.8016180204598591380089534
4.8904568219170951284927838 26.7970787973794737973081784
25.5496193830357690201974804 9.1223324529422259818455257
1.3333713771474210760097516 19.4093307656550587670226990
11.7169868478740492146808630 11.1000999638177381724933679
43.4435915686877020197488249 24.4878408932483635173615742
14.0492284702048882313749307 37.2507607894387093409594995
48.9039595450405129723479375 1.3793987157602052275066717
11.2311981293198195443126243 41.9804738965624706300859308
7.6037566667334553556597965 3.0303274663155684013028219
3.9970119639880414901230248 6.4439037360699654789267887
45.9659662446300045171011956 18.0174900360048763294434967
33.8567542165131403466173008 29.1156348706776389289121397
13.6122650798307950455390900 21.8221502010324161132583524
29.3417699398743497951814547 33.0539035031490039473774596
47.4130563580766763539231012 0.0456813511715147960575700
3.4426833880335676852981790 5.7574239977404578528343611
38.4328305433061611582948722 24.7066294024400067561170806
20.2696946639259347535998251 5.6248980640730270005014016
20.2392061642777070313358057 38.1165913197896443981271916
12.8775643235840625516833242 1.0808964298002586680316526
38.8573105323215112453067468 20.1521566636113602931376311
12.9779332794366973426182556 36.4495987329694680441103296
30.5064553229073822008983064 4.2844117019091252561194662
12.7038615433269378942019133 14.8361687065083926157543544
5.1675642748963320968750216 1.3402535076675402905135773
27.1752155209149634969528304 19.6216120997185771283754912
44.6379214631667318711275879 10.2203702206993857651537427
12.8241786823231834648548848 20.1628480409848751574034021
45.5247064082032211173193913 0.0332632965981144481131968
29.1743061349865170232018263 35.5578382574375304888666144
24.5133858615461059735528610 26.9739487951421653872514677
32.1168986235785873253697825 33.6229805758319981057786543
22.2698656094478904657095962 4.8013629041273414413180670
4.8531054122768567918390923 37.6024915112992091194090784
35.6083505219919451984150709 13.0975330922642056103145125
29.7520531600279747489326989 11.0822079371788274511150159
14.3371742132650367317956189 35.9018862398410492628995167
41.2565282563759844627547646 11.3092385345278649861689328
16.4214141966929543032520844 11.2622003081392178867599615
29.4054355533313782203766066 20.4161788765399227529939671
35.8179935605075695573919044 17.8205313416698740173794204
13.8632064293446970566532774 11.2610615617434511499169612
33.1673441359524712787196777 0.6536688514065944186541766
24.6057770276484600241834905 14.6306437611489712513270630
12.5835188689623227137607732 24.3752959546026678909402550
8.6437650764964237279499048 42.3353909312568031949087730
2.4573361496176736078802150 10.6047866101955199327073326
5.6567683996133137415189458 19.5320498482145040120313382
11.9968564939865806722748788 24.9314146061287907711495483
1.7052117200187872996849809 39.8634199861214939505963958
9.0455007843564715159520244 34.3537321925901736309007496
14.3291657911575404180235636 15.7535712690653257723451868
29.3129547206009838968088235 11.6940448754054511747913074
19.0051211335825864843784319 3.1313528542552566984637269
10.8292113095565795156795571 42.6758501076776661806747941
23.5690708887621897151568818 39.3636748467480190952188187
24.4843016221794269382072057 31.7650590126028552695082588
33.1697302877010290986963406 5.0268272937479168358566220
17.6685622977333223806001723 26.6049225958489978738444900
5.4116900158578738027055945 5.3116486303467217945174910
39.2092628059057194225977727 23.6460083358147015231113866
3.6590402170937014488027245 38.6666707215618820746694878
18.0976212680995805951361075 5.6547417656715083971397345
17.8073719035514785612969523 6.9926751596656762556872209
35.5186321203442307406834076 4.3504910412103017585985571
15.0316482728631271089032211 5.7052213104252991620539970
31.3585865137657177065853700 12.6150327727941654736430687
5.1090435758085719248709147 28.7036177813962879730246731
21.9771584280978541335469154 36.3525034547318000419859672
39.6338920329265340367744207 23.8674381181207341371883461
2.1316265777096851773347501 12.8823976081008187262537860
34.8383360705195971795490140 1.5133868763581745740262292
30.8659814471875443733534115 30.2124343491529047607746969
0.9319568911315217736061412 28.5592621815247963326446154
22.6354661258670667667893816 26.2228082642710973912383188
0.6779303833760537471618588 24.3831993469949631380129837
1.7012948920223135346423833 13.5501142316357903289906283
3.1943955880530854252441155 11.3046820754511704471980834
6.6578701255845450461593220 5.4011818513033639918898266
31.0064050322277938718705159 23.3474376961892531541347011
4.4858117060954930995139775 29.6880025151146981210381658
9.8806828975380204123405654 33.5391130693448670572936637
17.3306298325455794663090814 1.6276577058095415863132520
8.8718948574812436815061882 46.6560765778456543254873297
10.2176285004631401501149622 13.1186915439964271615611232
2.4029438555640815290901148 33.6337012656503034845393000
27.5500886196856628275761544 6.3239716197549882358197152
17.9761165307718310745442394 33.6728263511115399869486160
0.2366553262338261136797955 14.3507489092578426777405765
42.0533303927708247188273967 11.9798749107182931881110873
17.3173509626622459879645541 20.3742326391935797529352716
45.3141244002263957569031975 13.4584594155797337685371827
46.6946077177541972196649743 4.0759796472811491804213164
29.4062672889115993207480776 15.0755246719007315113432062
2.2945042492126954519182250 9.6816966617605245421682437
18.0830841235574343571369592 1.7326478523765457068281875
44.2525552191308381556619543 10.5219464253424145926261041
39.9691008965607494626863187 23.5365879753320806922440244
35.5167765748174074998997506 1.2484317099871596243053383
10.8394887077905358175930912 0.0740577725931587535780061
24.3119323582243502576949580 5.6506588119549195851172425
5.5789289205502073136714679 11.0397260880625339277538620
38.0094570619699355202817670 18.3379708216112013001688870
22.7607897717377338792353733 40.9627446464071662075639996
9.5875617809045235574324557 39.3583365895630665513637861
31.9081833847593610224137039 14.0665501486528901873616919
2.6149065960759281611273070 4.3199842006422434004358010
10.1367200793251198438962977 7.0176139843544355542140617
20.7816683257786525983968059 43.6247895306937646467236572
35.9039747754405154305095071 4.7333492713438324468898574
4.0593677854910324905903080 13.8391305067232323874023664
9.9192811937975803843504694 21.6126782375154432996223655
22.4115369492492300112838282 38.1342760724841414444529210
36.0981586894779706017862753 30.3961007240939719191405441
41.2597998067995406809292235 16.7221087157937286716158443
8.9302519481238502903279016 7.2284576600427131991432747
44.9675291434221720888635489 17.6754440604890493973795236
33.5780324425988737518355467 19.7488160982823856994926056
28.1230139084472253482678419 39.1547709571296549827764308
41.7305013907503964044782544 11.2055902868425111582946148
29.1999914726180929862531109 20.2450116818694538722324757
10.1923411618235981202669049 25.7801509235496211831929157
38.0741272437127693430933886 5.4185638899591354382642416
1.4366722558465384448162582 3.3817115236638411971851027
0.3010485694051273453795560 20.9501639554171300099613780
5.4343737828295956474536906 31.5510313870797946503265938
12.8288290789667027797021003 28.9382298087263509874205370
15.6873768827808713530084615 44.4567903310348340722455093
7.6842453747468959915655653 24.7073343973137040631168266
13.3923503340333450672636439 6.9386563923080202342503448
28.7715339917086714459608050 10.4737210085027796069026318
39.7202992025566811034159650 24.4192102914769764923046039
33.0847853420375716342977560 33.8215460745261591319697720
9.1172187177789936047357263 22.2907227978856792333105297
7.0135195612222795738596024 45.1144161367999136272337438
44.1215507171019363053440398 17.7563724425402163892732476
27.2703057352029441473641406 35.8236015094596178694369469
21.8220656653502572169306489 1.6725579503088781766217352
32.0432281964418296293380587 19.0323810058215073110570825
34.1888523491420097492515422 23.0786129359753092051342042
13.7938775365440595279093111 39.7080463194404112161673437
22.5246762538708448617690770 0.3727729312958262992547122
18.8947804523180055948896717 30.5530239364076920807580494
16.7284891846518132991044133 5.9714026492095900780396481
5.7521436059236190504982411 48.0511482062274139903467175
31.9827132761744486446995385 22.4745645451478028376483378
36.2091355873899745605026703 14.2266826777716836077080015
16.1044419470956280706093611 2.1556784483375009535774701
43.8582437254054975999133488 19.5180546500651365309356522
24.9492190323472257427136253 0.7324409027102191804908192
20.7809232455470175250379246 32.0336265362303868445724353
35.7515037753681253986321077 29.6703552017807612261742492
35.9917709904559000698944250 30.6446148771782922218910236
39.1361505279500679117358411 10.9252790286396631079505711
19.0541735871157574427938181 35.6432106987019370649925817
23.6977606630111273025237846 28.4502397100383394313926419
2.5540118302426288139747523 8.4544085287488146894644381
48.0183619610586892989208020 3.8388689189332717409150105
3.2917782699376052752705112 6.5699464093374906537184003
20.3469593745393727531873573 25.5832219278738294169599360
29.0229950281589526220991721 5.8451483809618312284234900
30.6050333456409618683881030 29.8132845206999088248113044
10.7644118299984153121300911 38.8281784011842379858374323
13.0933534499805895355311921 17.8903352521377137451705199
11.5384780208009401017801767 28.8420443963928052906487513
6.2688604300504931373901391 39.2453995891053088693656716
30.7667501204839908176665617 21.3870775709001050161691725
37.0094175258653435681109196 17.0676013076287656627669326
2.0917158555819392820498147 20.1649380058433880554131715
19.2479518953956838693512636 31.2092349767265794926948732
39.3142179669752952613525049 6.7001690758634503186223421
36.7482643494838467070120014 23.9492185112678478983450156
29.8089593990050409393448937 4.0528927383375233468066845
1.5949933775274637285292086 13.9268085405682063452555835
2.2592542158119286351890656 49.2787557715120890550174921
11.6036699386152055542810200 41.6755905051827405029445009
20.1858335462546075308911045 9.8250762868744248446906552
6.5635570388740924864705877 9.6135175142840591161522162
36.8559338708483881982866968 29.2085627600477895276452155
22.7171458936846898918866825 20.0357501093681249830488030
12.1398711828108217229651471 17.7657965671331320785914888
45.6159391285008280092365153 9.9088898179819882206448930
15.9860132305628724596981307 24.2166756800405780617987698
16.0534765060605588305962384 18.8091970075641898050821700
36.5975053540164997100737410 6.9009131180397886696355722
4.6257730735075913645213858 16.7063527878592379418434028
10.0442796359755583611172084 23.2295597589434893882441138
22.0321157150737960457423150 0.2930479783214222018672463
32.8551307946242181452930534 11.6636349594856316365787158
6.1303245631783583008503086 44.3781378693393586433632007
0.9912873356039179365127937 25.6810698651413525056411502
35.4226662417948564719227218 26.1100501018747005178289370
33.2193980307034481662462282 24.8187750398301460941777040
44.7149113014388518614987046 1.6052125418324027275114235
41.2031258268416914012659483 14.1528238206179611969784073
1.3228849459285923700546007 4.6097695625525041250487409
39.9912121077723391683748788 25.2725731604671205381157508
7.7093621148713581938682854 35.3633388664275621918306603
29.9765710042513456691217174 12.9191791855008137506042303
5.5802274243835863617930905 24.3384687663821062733122657
25.8929535562775550333234988 41.4373618384719747555172703
13.6593907808139755687747376 35.6569915093381675337584532
0.4040493610476584344909903 35.5153029568077453414014541
16.1986376527498999112885423 42.3391560874199902021750608
5.3784514845213426788524617 44.5934104955950881477750153
6.1898727486438936228010114 16.8132529676917574568998909
8.6529425174939581535537345 46.8041300078203069006152978
29.0021279514464752251053801 13.3744747294212298118249224
4.5730258083632721309697539 31.0014102091508643918337952
36.5273826861135132046010808 32.8062541918795530275640196
44.1461245092299140315590687 22.7512569062803622940137119
18.2123051568337291661852819 11.6538380319261154419677221
0.6822539988164665888973735 10.1259335115879040027290596
41.0339075257152557465089833 4.2683056557665710424564069
9.1376902939954077178592920 46.4381590514850418232253712
11.5653253699526814596805065 38.5258776549883269720238439
16.7537443628583677137653762 0.9011380715470113047332242
33.6236386034106786567585853 2.9918099985178181293267571
24.1883572689395946869003550 35.8806824437626474784134411
14.5547484318048361386459911 4.2022967633039272522838950
5.2924809863307379444424102 48.0987488923498676405359239
36.7558118631270600878378944 11.3141634371440859022580907
33.7332362692499722511822363 30.1009762433539389951699491
22.0880794900790437527364511 25.8382806014631997322335668
13.8604902083695205626794947 26.5779384299025842343052337
34.4999533313217807986120111 10.3804248533775899286836875
27.0340061131215185876397895 34.3680449469519339830748815
30.8355750518485171475995828 7.6594589379287959614191346
10.0912646099603232780631140 9.4692332620842287760635138
22.8724440354452310946595178 22.3685337884588643009565683
26.7242376242041818677174888 10.5978829680776162608197843
19.9603007782176437952695137 26.2599770152809563247209834
36.4636235462781788024253957 6.1971088319721779454210144
31.4942255837279931226305807 28.6638056594244503829108536
10.0508153212962678750722512 44.0225068729303079378965513
47.5694288729201517655723294 7.8517155261885678996924904
32.4976060925219566877237651 15.6174773332724834746263874
17.8713039210412933316387244 15.8624240317100997109336912
13.6664442241053126560440413 42.2519621114738118707690285
14.6917292097929829132837473 31.3552721695429659343235229
46.7453998366436183424401206 17.7163087044767533759797949
13.6120531470228687694664679 27.1516483684255312760915890
28.2712123387875395511409809 18.9271908347537717218393384
31.7405407870999778979727740 14.6471181651013765395936167
35.2302322576547342686987784 29.2887475845537616126378006
4.7471261388759087965359597 6.4780238824506587234243955
27.7901964329706423882419583 10.4021623817793665562329191
0.1393972278785707596233186 45.7272409884180500817975985
3.2373785586938774453994173 8.3677583657577704164926935
21.2111052525794395896197111 31.6636860451211034971505135
1.4903258683408212969918322 7.7316834393393381470945796
33.4113347603785570106200387 17.4980773095194533828609479
22.2685834907073533035047152 11.0503479274363079987148882
37.7792812721634912113188975 32.5303843592226389344072255
19.7437069359033397622872630 34.6220455263573696710208597
28.6023732266802394591046691 16.5953079453707464831160023
20.3671518583711713445825160 25.9745861406500130891890972
23.5412876186914494881058093 18.9817748710189022600300254
10.7521179050623005769854256 39.0626670947547907532521025
12.7517420900438516805046411 35.5934414417741300440100688
17.3016655050493836771298119 19.7649277952484373665712648
40.9431456829914154460620606 1.0764857552896001029411233
8.6813942405524027402765251 12.9666261625799781698127126
6.0594880223681793167761014 48.6906829373626322644983102
29.8859391912223616226616900 6.0274902454138649275591290
12.9638932270272815001444363 32.0302587001453389379132367
8.7304500462651831283174289 6.1056729350390413599261611
21.7550675612346238955366888 1.4889712576530797094718852
18.8651545709109232986207752 18.9368937002782665310969772
42.0649121893498395148179666 4.7479640375941445557967217
12.3029839627716138018010807 27.2971900680598346105667001
14.6529473398056068996138363 25.5008065413014689637479986
11.5173191682878350250886749 35.7750102610158535796816020
34.6237814851998800069105663 26.3760071971693621504994900
15.0797316926735142593375233 15.8146037597208861745258346
30.7785638323951330059637670 31.1717822463711276144677849
2.2703039941742737431708276 34.0344783972670328804886341
32.8622142845538170210952695 25.2205248223756648315324573
41.7429357788745458170485521 7.0019506254154145501497381
16.2453561948603252892965519 32.0170017662821334459197886
14.7664670306083904979785056 16.5363675404834728969705261
38.6407192115895694080701062 11.8488319597795278030653623
42.2480270460459767832336991 26.0020039750125347357175560
30.9521902730912000681446160 29.3932291063496203570642833
46.6270759559257974128400880 5.7806390477460522201423443
25.4560433383335599404546343 40.8287871183664184187643388
1.4582749080727619077186359 14.5214818215113769362258462
15.1190563336698644506141333 35.6639052205351896791190286
1.7002862813915746044026780 34.3090225241307568672474637
34.9796647732031361198136879 20.7947842584223891178693178
18.7988039365451785949315175 5.6661248270165648435209971
31.5112726684564633334825613 38.2104657759387785331345379
28.2345891350787550479428645 36.8891308703972140484437498
38.4428521129848024347684605 19.0564194280872163725430900
3.7820874610028659030397204 44.1893178770313775850287614
7.4600745428441263844406292 6.4301856750181793435300011
16.7268226022171747929821129 47.0448021106897277288154094
7.7983043418627826125362548 10.0093181282085381089633064
20.5169833046292358212484890 14.0197502145211275481596299
0.8904140747726617365292697 8.1674453028745007172466987
8.2871728598234305087160530 48.5419691194270151044892879
8.5530729573601366895141833 45.8567873164494017565036981
38.5010084472752993087131608 5.3546567156855205978425584
20.3038960072994508309530971 40.1466288363639496620300364
27.1022885197367708110739843 20.9276362017535185470964182
1.2497711424751936527916160 31.1358004890100143576965903
24.5017538737670005657323257 22.2635140332640161970807154
22.2876709104019411078183831 41.7224127465038041467903981
1.7912274940739783650451212 30.2950739240635201953094022
2.7476188919524296889084557 12.7456106336489858467294763
14.7406071814768251288729116 35.0744137502167504068579774
6.9383844316582653274170693 46.5871100357011006817718750
21.7784144030852450215221441 12.5976452596304342348917809
9.6436069781722789336534276 17.4785824496881590463987510
31.3356021482203155511443207 35.6732398025249501613002435
12.9572645097041504273411148 32.0563456498952990409891713
14.7736578347977321580802065 8.4698898564455715447413695
42.5779852826964631404423754 21.4153022221607553429246949
5.3077422415078198292554940 34.1515427513562488608188736
16.1357003276700027397968970 24.4466597909741069439232958
27.0517966276459639007396720 22.2530963961531082639222673
3.6769020883803732173101363 11.8313309070646845002049479
35.1718357003621072501826334 34.5389920736945298106930915
14.8123551054927337400891570 4.3120918622848637909937609
8.6200180837221492350784661 49.2513480854717633198085683
21.4286395062882150648728079 20.5502654218757953859479328
46.2186383525635029628853255 4.5648076449009376403765180
0.9551381799636847562664666 25.6532202862949676061485071
33.9261511908861292298140756 15.5085868270818174972812084
42.7203579038433375076795010 3.5314332171980942429166934
40.1744940060764237312977641 28.8185709457587348718991473
7.9062732105729724165430505 32.5805286009876786186447821
33.6270167718085374423171758 8.1377971852650228906948238
1.8796585815193360786820366 43.6860032918659282267088507
39.4510449043216605263162109 16.2669928369442624233511615
37.5262474136205418432007411 2.5061434619226398058589711
26.8263151928704386715232778 34.2030526879220048196777763
28.4200620752256121637707827 40.7835760035865769956465336
19.0186434126250136001897643 34.8681975838071557850481241
1.0077865337745821631230207 3.1598047886448005959204648
11.0570061750597283603135590 8.3512043709090867678376969
36.7795945010407741886107178 12.3191488479931617697984043
13.7413964655380843921184044 42.2513197802967740839546309
7.1059031779003590338715839 2.9165287631541675628432861
12.8046708363354256124519104 29.6148679681862001035586043
18.5929385907883995583686439 44.6464179364836780267432948
20.8942848902500201219998920 2.2201033590960814960713857
33.3039353151744990283946517 10.1413949988486713152023137
6.0338895342732480597418738 27.2872163675261637272325567
13.1106299205666453603859898 9.1984446014498906894414111
19.5615882392035612303044504 44.5572021738332771290673785
42.0026598750560460836219018 8.5893284615479000320595359
25.1782384551874715280741903 27.0565391041374470780539704
30.1574116084444930177888863 38.4191426905762348837928658
36.1409294849108717952228817 7.7028057204307046642450887
21.0015311626084300655653428 43.1849011672596861553079709
11.8312508491574499198152210 11.3807514402306107216038274
46.0252945389517709355046878 16.1143495867111028514572263
12.0589139087863713314691611 9.9036657526634348325253124
18.2482951089855513724745473 7.4498137973625893676733786
19.5209413199662212640184612 41.1027109809369562348638999
22.8124863867871043481928798 34.7288131794429889145444051
31.8475550329222752107710981 15.8975859307313403782699560
21.6110269475411125748615614 17.4918127783443835463512952
42.8948661250405990361062700 12.1667768991974412688207206
40.9770518962973176411722475 11.6782369340648507138810724
29.3070600533901136420450014 2.7561260905454723627567175
30.2779396009386899901595912 26.3390655400283447935253641
14.8392909764280712988996637 41.5426942231350760317670039
5.2308434753069266382103332 29.3281140978556436393012928
39.0431605722553842347970276 27.1869750529381737879997524
13.0684864069323747529153360 21.0645356709286081902683832
31.3578899007984269734167662 1.9190468908820388040122774
26.9352312905705952911038531 3.8070087107158953310389969
4.7469510358024110267980639 5.3353965048245867990102080
14.7431017997051083041255145 11.4516788866756125342843003
17.3540246364391178501519592 1.6845856813662353827712885
3.9290713377578660929092234 25.8178697499001573327820366
38.6513332065229945227990630 23.1208659301145745481271050
23.9561003237035892420858259 26.4405986558672454490151500
17.6064112753943710492626266 1.4192540299981383524069649
4.8645407254024101892917384 43.2589440871006627586700148
2.2810393997925862282576386 31.7143005481217239152909983
18.8279403030285654535046669 40.9085402323963719662972267
10.8644499294241230875925667 33.9258563301066310293050178
33.1939742451196277516005501 11.9021037558212724128651055
34.0308652093754877083051659 35.3963305033349049152114595
7.4139883910535744441532877 46.9737456047239523356496815
13.7508189657686951493397667 24.7369152840578720590228185
13.8516946534125342382224940 25.1620856692886770917426882
4.7013468747584735397435366 43.6565841261452650280725909
22.7679497297207541911464874 44.3973024530196951038788100
34.9017556360706676986908679 2.4222827085229713132203089
22.4128045953880963144749435 15.2370006946560920688793718
26.2861085847069477399308153 2.7459962623783202872560009
28.3953346135386417372975743 8.3489503642777943812224207
44.1877559537548986803715943 1.8553230908384944895833575
34.4692122217227057641939658 31.6918508265743616610361774
33.6952277623036233362243546 9.7278788050881450329203692
37.0384791793815863078867284 26.5264219237822712597726914
2.2980040096226002093132569 18.0615386269209759250483017
18.1691288622588035611233946 13.9600414177979470080645751
18.9546974594071686749148471 17.8527153179101420752078908
17.6787429442930293918991656 3.7365823836240290066797053
24.4467905885248292346014910 28.5631656144905239995566759
26.3794259448882280234188010 13.4210985697206552530673166
9.7521489032722638308794299 4.2303181639689445173904523
14.9439831467723482509635302 32.0418065612565613371479855
18.4003963498169185853451464 6.8502127098101281286976589
0.4135785292013514784666110 42.1109125144561982200388723
15.0746568451008438425118824 33.1625499773834381376264078
19.8841596439449053741826166 33.5502637136299245205154783
13.5597169403778004465091487 10.4706292311795331840590173
4.6074966988729413070739537 24.4288962945499227974894744
5.3324113277651985663553120 26.3830511774419562123329139
37.4428031041500567622586215 24.3112421670273950972657046
38.5369583831384145574350414 1.5501092143000354515471288
29.6917050447965048452089196 10.8352504139408695164487154
24.4584017152336602168139276 4.5040632251618257983735494
12.7787895522428988042022131 8.5558481507964909587976695
4.6247969006596501916614235 41.0318321992529221456024382
17.9826567603385425450542263 33.3410266164653441318457162
9.6555853717079876423484307 34.0039655206515394754090680
7.0280799449065064758744857 19.7004084294717848598050627
22.1437595925286063457974130 6.1768852270620448897997355
5.9069596165394953090240499 5.6663769808027755802625304
43.7117615942558516361289913 3.8447234395908280622593377
10.7775407477476026040622792 11.2847071486432489935244475
31.3655348983165579487963085 7.0145007336578211249327441
9.2038534076231094766850643 44.9587486753244109436466968
12.8489684976564047130493642 27.0906627557583632113042930
34.3657992139340507230028364 8.1848545733916238853635812
36.2285859428543001046845871 29.7487741021578871229010302
20.0215463229304956671980423 13.4958394640255093732597517
24.0812616168281080216251226 32.2194481476930528868767528
6.0308768238768562076838018 14.8535694274213093304783390
47.8288080993004705049433708 5.5592369800440882049082523
45.7990588457760045453624551 14.9146306974442619049823647
16.5114632454159157838433728 14.1375946149010551411940734
38.2586571229468508978675012 28.9529818006503121108641637
4.5419700132530743323629558 28.0868387042527423664014038
12.8751498979240281427540280 28.3589582866858296681311773
20.7805458334659349811768879 8.5246064345060276599414805
3.2321027839153651826665145 29.8840009301667394089024815
34.4186900371443673107226498 14.9951250787373918187719672
38.8598485277265252074629485 5.0904000237850277658562941
9.4336378845566433992486572 16.2943694650347749510363640
7.9574883371213490167023449 25.7328268824973387854719426
0.2767942282337629189560663 35.1912401735888881072316340
0.7906316431782310651465469 37.3011380738551366027578853
35.6917123140516383265089466 16.6613826584402845835994136
23.7256067428580921862252297 38.0735549257387657181343731
13.1752477771831230713789803 43.4903764758346415328089339
31.0985685966184140843639441 3.1430926237416235483013742
17.5567148973744882136178071 28.7534652174708972727238135
40.7975630327613831868573179 23.8968376691950981219545504
7.1194647881931478514458659 5.0312246153076783897844952
13.6476994239561346760448360 28.2088691803366586093125635
13.7221397386629208256497021 40.6411476338034517731395962
43.9242896211744028689670962 6.4542064791258911276508634
23.1414681357704223968098218 41.8505968000591624906275329
12.6782088327841383330081895 3.0435211174418121157530246
47.3189438422281323855336467 10.7896966433751190962742529
31.1256953321812197409778511 26.4043763434820067496470490
1.0340370257667598939567172 9.9965377721160756455913268
39.4831529989482678731717951 5.0577296548592235878432772
44.3114361135045403654474256 19.6722299081422295909764402
38.3666376586006123573039923 0.0333882262080761702788323
28.1335392041255444673720873 27.7669582750781513467676052
31.9215014744309203190823496 7.6169379423692681232921620
20.2238856788204267279068204 38.1836934836063501471099024
45.7123156301078807391808582 13.7070857491078221641506177
44.4805391140514950025849731 1.8659153580307559199273044
15.6314073612704640456208904 9.5999533283250678693097876
19.2331311678822957451817965 22.7944437413821221442532182
7.7795298022249209000840774 1.2161069263408884578787923
18.4180292191994358548732666 41.9854284208309087873959782
26.5704730574561129229409900 26.5049044801711896773237583
23.9437129225395737627548072 41.7755743405522962699274160
8.4085978889537851496891351 26.2449134413105265982315460
41.8735447455110109322011219 22.1157466626312937312874673
3.8054275944132947948914681 39.2239559558145262346510889
31.8401096472695495436638776 20.6931732136434928489766155
2.9671468263145362968240112 12.8333954864288186548196768
0.2529066693099958917922568 20.4067645210263188449105710
33.2502081941565623363844718 3.1501833351796840784026466
45.8120118084571350532826075 13.6842820075363843773946961
11.1137342905454043412347914 43.1681006081939541946671812
44.7349715761314545978939685 14.2927365498252587368690360
32.0397093851614195529285516 4.8432450396814789537365271
16.4423394563399858899362698 7.9151420203610558612938978
11.9437893412644044418889070 19.9460747058537511086121653
34.4975829117452992147895522 1.3844758023377379227459097
23.4772125869699422045945965 9.8904241135666226765849335
25.6699598587485105167584518 0.2305663684064742311288116
32.6136170507166714782776586 12.1594400721909394676705811
12.4119465811908963701526858 40.1863606471855525169751664
28.4045814376321637144317181 7.0483865779994164288881653
26.0157998846764191877684505 28.0566953927305988793914519
2.2288840355633115183083930 36.1528985830460211893973407
24.9215310876544021539324944 39.6789275087807179403754539
36.8019582081978548939432181 20.3989184037305893053072458
6.3917390788512827631639656 17.1214973512215150331550103
24.0355156365932662617892522 8.7916999541090228496520907
13.3804331207993866597575247 46.7703325784606195601397601
6.1476273518879820172121472 4.7123961996333412845950805
18.0926240130106261658581716 38.9699494010940597395625508
20.7111471475367959521418121 9.9019383876632175541038292
23.2228676681770096301433154 26.4612625788403925006715288
26.8317063225822566397241293 41.2014506518726759501844053
31.6876242639013459478582412 9.5076005653272310457891760
16.3179909634174689706608099 19.4736532504259668213382678
8.3550374594975908339259092 22.0497924944973584938511621
48.5443792931479684968301995 3.7340646811466378887929148
19.1192984613213724345155570 2.4397594854645407226275622
11.2790307966470570417563160 22.9408688651560722394435052
6.1818059173556773209611317 29.8962418307075234425184679
48.1289299986370577499445391 3.3325811597459864851425578
18.3993348137598669000730392 13.8551246263310155767772633
39.1973543588148740841275398 15.2337589343371385571456411
38.9822884540674787840589480 10.5300136222075864432595025
17.5148318391642842958469330 12.7369802404571961574963105
38.4919293765689588417711972 21.8831298691304120202688524
1.4623808075983487841675459 38.5468733151415019044574504
4.7845750077991090281580579 18.9369438398793419398544475
29.4463297592070385710534698 28.9381005546673354883520140
20.6292953822801208872908483 36.0337643333393087925486367
48.0097501529414753969694558 8.5184441215597569786701611
10.0359057890633928990309902 6.3859686025726651042133343
9.2866635280959584640940566 20.8028334732538856921396264
24.3612208431817390830389997 14.8502834663089040131941672
14.3889215021524178982518079 43.2083202404918282846077691
21.1773883539850006526755562 33.4068589140688362426788975
37.9291390428320237774312750 16.8932060743221690906581360
41.1712714958244295966426488 7.1362737767769837342308925
15.9034405439804615963498423 16.6757482250146257041653469
28.3178284925333181905989940 10.4211606583656592156862662
9.4916276223764362467377912 1.5520969937927976545319274
15.3794195792212717198131887 40.9447610007222462663597119
19.4093165787172440191987829 45.2634336959441460517656555
30.7882217854252418427941236 28.7417013986901362324480948
44.0186732234047086270327461 12.6236447847328672631055018
1.5620013348593916999481492 43.1631805110547602992040710
7.5633627928150887593450099 10.7608337625046666616215477
25.0324434310294315623404964 34.1595780985701206654862890
46.5346149823198073534446104 18.2079545377084274933809162
31.3863628944900567186476948 30.0482316327496674990847100
5.6503115592500378719108123 33.3477732282592656736171598
7.5937587212057142289854889 45.5119196308407997227941365
9.0024407738111206940666263 23.9051471468807953550797058
2.2754258894777252578716251 5.5517958375191088108741012
19.1695790314529953949756482 23.5908295690693683369397345
3.8117968643800373221450263 12.8440727444491887445722124
26.9368760837868079578660396 14.6083779676839646106413457
13.1915191023652630575823366 40.4349332109245898825154394
8.5531376864699422634990557 14.7425857879914541006509913
4.0750597872760866596705547 32.8541304515904875796110571
34.1222202778815749363520512 4.7089365368124738544776193
14.0258876164548821161561576 24.9053102082784262128120711
0.6619891823623558955080366 20.2869852447926628719521510
16.6775183069253540979119496 23.7667916034573263674402165
43.9609464248082407787818495 6.5524949015729537670781493
18.8977142654273101300657596 10.5535015773090753015517580
25.9117634771014681562210324 16.6907313652443173201546719
10.8725520219129520961772875 29.6274806983448489300457107
33.4202956583123039111785856 23.2934290758357810520589428
33.0951874312711246423770334 10.8031740191961074660638817
15.8460540893578993124647355 16.1059793181645367575213912
4.3085105809657599034404495 42.1537274339257700960115276
1.5112575014162200695089792 27.8516803939082498511919763
22.3935115412538199110318303 41.8214136639560758775320565
33.8306542348310277995121730 4.6890120540802030396131032
8.1022910085516046583686755 29.2378672343374563899396184
11.9919070162043581920615751 15.4497302926202788412163220
33.3774730732985520594397801 31.9678634137664900969220656
22.8054900208971706804605901 9.9704375484107800312990413
38.5707451071307942883029385 7.5364196990843000847588252
4.5819468722784122425673182 14.6801145383684958293705869
18.6291317459039169254375955 41.2971603187647138251421592
35.5934104285914158754886091 24.4153462818334780388887151
32.8244775866039667206244499 7.2837951073965437592603343
19.7423648248940038549241046 38.6036142235515034749334346
3.9588335755854735402073207 45.6818085973050889096245301
32.5081264741287297652902070 19.1499794553950057323124850
8.2213758746828836852273335 15.5855374859894469157154719
10.3247089562240599070534915 47.1264297923072747104927133
35.0420201452878727682032140 34.1402522564968592864975107
6.5463732088778459294145755 45.2011614652774865462631262
27.6010026313797592893617919 7.5289211539614095994032293
46.5103938337287647887997400 1.6683121504818255782764631
5.5116696471064268864708778 23.0785939281656783457269191
39.7642662156507924612123443 29.2370164745114340542952465
28.9529684338162897291924200 34.0767606862864461292427305
10.2979886267914543028808820 38.8580934972686720631029065
5.6563467901821505409965964 2.0014347326845516308778854
6.5695707122557400681441061 40.2410330465890451415880236
17.0074186436428421161467079 5.9789389593697867563504448
27.6461816249900479747623889 17.0495935892343964800900839
13.3821314856816439225369673 42.9874232409890788231725073
38.9924445182553173689744814 21.0378057432513824176257682
5.8696077483040491484011243 12.0227993778923662958521958
15.1678998984309147764584784 3.2302960655610880411230972
17.8803817848269663709026661 5.6826003932027482020886297
24.8812493810779583356135495 2.5344485073892732886337448
27.9191085993318272618446953 4.7982679186051725179450416
23.4496480832703740212361536 25.2510198758540062619480797
21.4263686285689424810189539 7.6753323962338370484521505
10.2009756697067232973586304 13.9978603860036933901863410
10.6974698895719429948100786 13.6405329060745145708846373
14.0690465947309420250978600 39.5608635890988821112009589
33.1451775693450917075843152 15.0962645676532510347502005
14.1910095565035538233850331 9.9053141175444208435906667
8.9863232641498791145629453 19.2807156037372913156304415
30.3945932992681882546576657 15.7056899935049447270691560
24.3793474341810827089466170 6.4921043339958931295086793
22.3709544600745675543016552 3.0887532347647672964699124
2.6256071841323203646244468 30.9936475251725211901960196
1.6583022313539113048203973 11.0113593034414529010197486
1.1593676449210062542030560 47.5358377086584045776276964
5.7362199000517564361718216 36.3400024939219042068696928
31.0893441547353035789519348 13.0173991268772969215356166
12.0630654747770086926598453 42.2727152114841440528601884
21.7473181840007400206760969 17.3364976798611418732001089
22.9492685309758043504765858 32.7998639310159890022195707
28.9911123571358483104268841 2.4526321158961278856510607
40.2008694477323546582700950 4.6249427722274927818690778
11.7012011496005023288062222 20.3980854899813546869057161
24.4806536176777918136730435 25.5772867687579255494866918
42.3942024862864392031996147 17.1823047217695652367653000
6.2963967538018067108370640 28.8678954535780815490007991
22.8391212901752349574529645 1.1724072213460265977912572
32.0196830255815429563843833 31.7842712507505071335621678
23.0496327174222310966983777 10.4983061296543765108093123
48.7549838266097286774277974 0.6719762399250274914045663
17.1257171257607478375754645 37.6657644675961014781057068
6.1281469169786962290950442 12.0808035893281743390437637
19.6396836695704084592957289 34.8752465992601895327207200
6.8002810418158923727325782 1.9380861054966988877689457
33.3785278011393603793982054 18.6379688225022743705962855
43.2086129155231700760616172 20.7006224523922056908604842
35.8464495676008301252039039 1.7412792416640873019762593
34.5113042479615673408680772 11.0891784684272205503717450
37.7409687949998160450121204 26.0311212669537178592813390
23.3919301490543141831463473 30.5256876073539711287027235
2.0987343266633537878688232 48.0946495384474645928710592
15.2750373717934803913340205 1.2935351909834239592034329
28.1622822576378001236080323 12.2427880011515012650741591
18.9673335098616400109220705 26.9302851734934236662288367
36.0631089892027306959651784 19.3894860693336892660223776
21.5187235348648208070344328 11.6380641616230519532798461
4.5360568573221234032922435 20.5894193261281883438938488
6.5569960177017877435368417 12.3493239986585053898661542
6.7176123511856892491783833 30.3459006176978948467637963
0.8425082109527529340219355 27.3366087859207070220581939
25.6214431771937022151775764 9.0300415014458425285204624
37.2550383783229909222405600 9.9278454575844929752978675
26.2498536243305204211621231 10.9290980735475990728669602
38.7811456793210088622291412 7.7796362253823569162473293
3.7938881179291517747485905 3.7558504960442712696195723
32.3586828530755116641457555 11.9128352634491200038431640
19.8909671809474606845748203 30.8033995624910048472335085
33.7120075101676326096147037 16.9410905680360830869346846
4.1811125294752244995831905 20.1002064172452042493152465
16.6385861638917319014770164 10.3516882906485655672569449
12.7756507696270381780317817 26.1683539301295767818259146
6.1515223515820117394595779 15.2531561572674825989434650
15.3378160854190016332962111 45.2355103622128058420816293
27.7486150921942214198695973 29.1035111363775329734609070
19.1623023122944827025344847 44.4781538521129889927772646
20.9503703740235741936650453 39.1354312764179886959721072
31.3281288468708853746508521 35.0006906068131217071257613
27.6568861694889427458665884 36.8998190701246018414090336
12.5120703985091377327352425 11.6810998772697508036273889
15.7942168657726688097699257 41.1222897416588680681645801
3.0200852676561927732983822 49.6626528185525548698887818
4.5164487838596603555578620 30.6284457715825436067246326
37.5499000966364566438914274 21.3073931472768724523455467
35.1968576106244771019030530 14.0954323927088460434060423
28.6377816605604800238224217 22.6136565279051197343285446
9.8378852696404500964054068 32.9426169789437258135458755
27.3925717093437428599897045 25.8098240046006671222218766
15.6441117824128701391822787 44.6235561843671398270786886
38.6148313002901379691472078 4.4039531843711795451150254
11.6167741882616173639842166 37.4706626236972041216619049
14.6675567339033310424262889 43.5644669364578251817661486
33.9964985403544435995827172 8.4402658130936957931453486
33.6469348710305673738386368 22.7570598668770746037456850
37.4194814164254453801432703 20.6466077244130044994325119
7.7825181319063428749381153 35.0632629902944002534755932
46.4234319001853463665054136 11.6561130145882491419050079
31.8537876210006301548428672 2.5171837827594183676011805
26.7981157796691404172457060 40.5445556229125271000140246
34.9965938999575664381751431 25.8889631967263774057029776
21.5553971664080448510677492 21.9628061275969021105556996
11.3179595979764360271832981 18.6655776909950759386227406
10.9832531282658918718449769 13.9415978539203855544527001
33.4546990525262671634302918 6.2676240558044068242264533
21.7053731921834873092149885 35.2757250044282209659949262
3.9586868667469704016291622 7.6699933696871638304234903
15.8835452366970794247925417 45.8062549300179911482883519
34.9410128574205879753865543 32.1655968465932426857525375
42.3609686956015707406849246 9.9773910001695211877857279
10.9053510249741462640642086 16.4339076005098476246183321
39.1848925372249721156649124 28.9317161061374077502609560
1.6889323324042345223258149 18.3070343741568255205505496
15.6460500005272683249303443 18.9129881134896467435306691
4.8721342453430285009518745 37.6863676665098054414022489
30.0347408094121821602667642 36.8498893419156749686965054
1.0393224178601941170333371 47.8322047256002327799588089
4.1703080115996035873789544 48.7094295910800844248783196
29.8656585473952236151933563 26.4299534530501703210413497
33.5467986750607409315055580 13.0809899722820259019237989
14.6823626266215673081378441 12.9587124244805367505194405
26.5609738891079790602236070 30.3729265310757329675652294
5.1762267978610046148918453 36.1414813771807866451989777
28.8415645602759625617136020 5.0163885132068491252114254
11.1175374223997502898215136 39.1586562800811784482245973
30.3993620666134427759779132 12.0365603867111335793064395
26.9699332215951826737025566 32.5057333715561090896888125
26.3071117462675303119484471 0.6602057023329409718408536
12.5150801816730895032887546 25.9590594599706841734945053
28.6430283264784036720834632 14.7165528670458619007273710
17.4941026865194893475072057 24.6060230674018426480698110
35.8393519356186829169325686 1.5940052806892975228741742
34.3622446946294899620914640 4.0909827115752359463669104
3.1434303035305875180363855 43.0943017802452114218414897
4.8418353773375693843527948 17.2062962365165141049567454
4.3809889265986992653342949 0.8982961788962351034129407
42.5020402102753511896781589 6.6765693259440646078282149
23.0660318695384967002653601 40.0681690846167115295358003
34.5304958078223530956050018 26.3845572118609354257102707
16.3932256682551192084449409 30.6229024128945279219697211
20.1793483989469914949592633 17.1404170950976420800640383
42.4429340694507982110170255 2.9321233903525795756901866
35.1851558141600555521604234 26.1821467861838792785656635
19.1290825023325005315379294 9.4645761985921250121274062
9.6289533608431480779255455 16.7267228462334319674957913
27.9306737355482366183770976 25.1669915698789058409444195
28.6449874464000862508371144 23.6741355532906727043707981
3.8692894536899887095392156 46.3252479661314217634671377
38.7532764025919127998012561 22.3536030219808818569277385
46.2477393504077293695943602 14.6166550543121340460367395
25.9326953756273787776388409 21.5521532695671585863755134
6.6373251392082419523804410 22.5930501481414476939149390
43.0454791982282539347617889 16.6308965661776237503242699
3.7593413502731181933714507 2.3167547587361698272222302
9.0484169727716660395148239 13.6976695202818219780645284
26.0217448078822137020094986 4.9868624558388466858825971
6.0191199975649671941769171 38.1021022314374867790119820
40.4261212553186851045885834 2.6886279493955312995262513
4.8474987263198148063056487 0.0419058268952325012176017
4.2935663968188477126592417 4.1910962284476381535970236
18.6394221342158206789498421 42.6329912450734019635473838
20.6992104511838703847692746 20.2741876951359122268364844
42.2575719392030271464308770 12.2391835431568274111055563
32.8398696534166972519361486 24.1255665456088531772708018
16.0801243563980626111495897 36.6050488414204112599171310
1.8255256273481038570014868 42.4401632440768930632255298
29.7127486933621939235704124 10.6137912682086996887635908
34.6767997511815030631853686 0.1398535536139402015974560
8.3841991053794384400136447 48.9050631873771800376406675
40.9132870653522985540282051 13.5130655851319060349538646
29.2798122716565562372717172 7.7905451244794247589932232
4.2210560014352208707498692 16.2383092171798386610098964
43.9974721258912603445238179 1.1056430397834465839669227
31.6378868503201298302388775 19.4818919934984911826021125
20.3836938940623129259679075 15.3461729181306562503976741
14.0007423594692706527669462 0.6922523988855799600538217
6.7581464691834345133247894 6.5059554487456703934512564
23.4965336249471773520995143 30.7800732229753907325379464
27.4022731173029213259205124 30.6613017989246118457057240
32.0748264423383574011903579 21.0524466201406650377905564
41.5819832529020382750554955 16.7612251567531430140576633
3.0316028188961325566458607 39.8724138264597798466745789
29.2095848775482442174427110 12.5020058903083597477480359
8.6639939717018458908055424 15.8093392796256376005027636
21.4295889530052686544237146 6.5782001569756566349740035
36.0772494006421692115417896 24.6461371351346708844193178
27.8422073966062855664227503 25.2351240790363906270837876
42.4249362465583618498962380 18.6044291628487891027418009
21.9588312888146115713080916 43.9978377699333814084850429
14.9513666644528227282696646 6.3211260757153763492984911
36.2658032213222153709942176 7.7000984871841234573904393
0.2495729413933544594922202 48.5019351505372852299475181
28.3815664777946327289096367 0.9933198208653470887765978
40.4029342234356656216484278 23.4542726627096890531778298
2.5417696829594351526174176 43.2034652184149262658037206
5.9119551473203452640576748 27.3047392651179233838869214
18.3648446607763640584635917 15.1073651106191867839365347
5.3654492889928823247573217 8.9281551245061694173294510
6.6827026058067346532328092 44.6356526319750799097147973
19.0171686033318479156174938 35.1261625901898001914240678
47.6737918524217148815722545 12.5183693192032369885878374
22.8468519922500990211864372 20.4577944569843032064088354
23.6507723097378725934799251 25.0627406552622711193373418
43.0537949987625688018855406 9.9935347202342384346498044
1.9161180145806439202982910 3.7186680080641147835497326
42.7681207872978779102176412 20.4300720586859199590422302
29.3200662194071496535104202 28.2016615980260945764805765
16.5076594082999732604382533 28.6617721165242219345051622
47.2300254743845080119406417 0.5698189966914308886491278
0.1617851689220668319894015 42.6201105765707376854106309
30.5020604389769734099909372 30.3664997814531769613983604
48.3228486184696640052726267 9.4288016946197614268739507
1.6070227180848927801529935 19.7336635722705844254503311
24.8792891736616636655543202 13.2672894825326522958690162
6.8875396768606813907819558 48.3224771426265963169282701
36.1805785703316817681649104 7.8080557321304948888150961
9.4885000621149197630290882 44.2997558297023253897542433
34.2699251489014787526646451 22.7062156751998187158831306
2.2223286396048777140360892 32.8642854085950259772082119
37.6374646064131359770600934 22.1792979600572227700866564
16.7050775181120183380960200 31.0393360933166289531021398
34.6505815562247974889269653 15.8536178147265140704913303
4.3405382311792034653155839 44.8738200721052019468717817
34.4636025620593797575127008 16.8154719958856389940400483
22.9942246199104360177942763 37.6665054674455400858675263
26.7600299798628323517659092 35.3256393498665841253630999
26.2842763786614340851399184 1.2793808073207009448146508
31.6752528911524187598070380 10.4248910920709544165725613
22.5285073220794563940175477 0.9830350141334338082731816
18.2839479497643934158784050 43.1705599612780843362012308
31.4933971494380214469786188 9.3896717720998695737925729
38.8929676635213434463681585 4.6192062439647713600661031
41.8783564835218844205334309 16.2081232176665212782494105
10.3291368019836407661769898 16.8614629533118260302941002
8.1557959713476675360397860 3.1595873264952111748140879
0.1435999886254211173108123 9.9488380750350329000970328
18.6581027769119272827332582 28.8942070451187746017136494
10.1218057244812755475179020 39.9756056724079926808848032
14.9939011257694981259435841 2.7718097031809699511022541
12.7588989463200830390542690 24.5705209077380423938178752
29.8295430989847844976757667 11.2115279291365643533192157
1.3314067154622839176689824 42.4349779799403446438449260
19.8425921211298990047281399 32.1989369065886033240446018
35.1389452948517601806639325 5.1239168187447524936386358
32.8146383420764668202725805 22.6539071790877837729877008
19.2457446747394133684408575 24.4151860921586979397805447
11.2385285505751080782224127 9.6278489818810598327049386
22.4667345240743325505470144 11.7577991063279557151426530
5.8789823111358015649200482 3.2307223627777657247098467
36.5071450902587272044448522 8.4396894112756370269974892
16.3840051044945683401738520 31.2100044334488348813811838
6.2213646696287245155479501 17.3434316571864021475770631
42.3335036985212784185621832 14.8954511380919658628180403
20.0969544094032630461556197 29.1309530133562012618262328
39.4416684568665875538362471 7.0961108600849281045639691
12.7286644771278053872080661 43.2895033539160013852572822
8.4870722825058956539707388 0.6852766386797134287273181
42.9279923682643595780269997 9.7050229896810085135062041
30.0236206748639342302955770 25.1809888918581376369536974
18.9810279027435623844245780 40.2457523194096885013058878
29.3126204970981334080407225 29.4918680248149486102280602
38.8993432778464002447266608 0.5840312939099016563632263
38.9582893726966803618449386 28.3857656080160870362109841
11.9976369229839892314489504 32.8870294837379813306399998
39.9115654065430620168074232 24.8206959370448584679838905
1.7251556482579005121257487 40.9453762711894474909936766
31.5590445484887547031223918 11.0691782525398972273096193
9.7567544630186454610409984 31.7223224614523730375452050
25.8404326789947180350648389 17.5291767907777648575200088
38.9070876833499393252623304 14.0441634852389642597640889
26.8035245022841895803908498 15.4780836751663507484705817
16.1328495766988430746862163 16.2089840685839394720073369
41.4807399758035268814664802 26.6804837111281627548688503
22.3232751252399102106461510 33.7367957530475183552450088
13.9415999699198931837750195 13.8611612168219742365586489
26.2003608609535483758915931 7.7162873686646376290709756
7.9651221608544467879138081 24.9611063248940428111083035
2.7237687819330441341032522 6.4094526773014699488596687
0.4228530988222306848367679 15.9160672044577782629223999
16.3961456929620708050341785 23.1228546337851922016348918
21.4651941768668041304747680 13.6471769589685999307136336
26.8127555960224269929870201 41.7980398744722002522527687
17.9864731410584951302640495 29.7739279226974241686310436
0.3227556548299232248158103 41.2661583962849067559814203
39.9497847243182919470418398 17.3929497348961729901037771
16.2803506007989356247953705 46.6363611821834330368482337
43.6543393151106300846640715 20.7917930674866607154032670
32.0861731242995098951307219 15.5716888691458200457915331
3.4415298774306591017070278 8.2556569758409967829637097
44.5643714672148966762472086 5.9174991112870306282723627
20.4026141334139828191327671 4.8200971487114235214380935
4.1450948178139404823106750 6.2304244599651487597998554
11.2021568083390924035445704 12.1454387669355987981601210
2.2779945993872009642937611 33.3513229213649446470924195
6.2482706160358463888691322 22.4155997981045116772624666
27.4612740787192551741032081 18.9044551884856476278344893
21.4973045738078315356698232 11.9107470824017116537009946
39.8660006239795860076500430 26.6496152739370565774779871
21.8721257648283485105821623 35.6946790786460486802299383
16.5746405468076212756402780 22.4784628198665034338244562
41.8316072489867172150934356 27.2234574396148648428548058
10.7628186466788054520913626 46.4614004823219142567331107
23.3795605503246077834152824 34.7907480298096683916735641
8.4942237629618202555397797 5.6875445198024370643764255
47.0306977565564670630168166 5.3022135501537936415104292
15.8797812036234380344014520 21.3385226509486301323176311
45.5180186758850504689576849 16.6466205525860340259531625
3.9979592438442267839641815 28.4168316651339668381533802
5.6129474024471509896543466 44.0567227725504088069727671
11.1100145361707128012735295 18.1677620252488848285001831
3.2982902033019407583665131 19.2904453482754628264069985
26.2362508697949222820232119 41.6852388777752500000592617
37.5095882026287003567079508 11.2485907059159115014948157
45.5515712511765578218198802 1.7476717509261636508720181
11.3881397918095557940950844 22.3340608059126544327274212
36.1022349103954841010722289 3.1825515666869519020406199
34.5014199859309112095155888 17.3825205006180585996509565
22.8101326129592208527687092 13.1033526312625101291266247
19.1065324802290050582667793 41.6105805845334734910309938
1.2258380056990640800305204 18.5875582361907811008299930
22.4886153011709006479383543 42.2050018580255726725220650
27.3316425546601989317800449 5.4296699038051765019080747
23.0642311063173035681474649 24.9708078258270469416660174
27.3486981143444899560336264 41.7797643776320277536296684
49.6246696994703320966340137 5.8644826897579891748404208
15.1963402135715363821722884 23.3360503109114116431352541
17.7472748980919663831315929 5.8338866711271298255352277
14.0545419283813821376228696 12.3276052493324809710218127
31.2481620053404420402515035 34.5550628893654019916080952
3.5485237994413157155672513 5.0406327821810793916752968
1.4305040203713276857261381 47.5494864141317668144762359
27.7807642130753371243805621 15.4508621033750943528840169
7.0932726062588574629243742 14.1486919442504534184036517
28.5331462072988175975848923 19.5540166593185938389248041
0.7135555527638255881222843 40.2925655484125248735193514
19.6010131850374636239049656 1.1402991361864244623638910
48.6670307831403354040076959 9.7221455838138420697697656
35.1948178984195654883459130 14.6569025751379612449789799
5.9501134503166469940086270 29.2249234375106777015015750
6.6088227388085746787301655 23.6922658689920734628748357
19.3613387087545429709520468 24.8824951201619442149159773
21.9263165185566634188489725 11.8421553751025070328183590
29.8391811225494030355880326 38.9181611838957693032087045
22.5955725478241248095109340 6.3592531979798373922323168
18.0334372252339900644917693 36.3427453812111587027125453
40.1214149430274319272604668 5.1741726845376055035142949
11.4579577482995174728105086 38.0291362541694213983367177
37.9766922464753988892433838 22.7435891190571617058194683
40.9171164626463334359612383 23.3407279317127639923530757
25.5874840175058183520416575 16.1950814031262067538675229
38.6634275022449643986255718 14.7356497575996869735765503
2.4471075225814885855282785 28.6009032160336693331309995
37.2479421475433084555652336 11.8991934925551482330940964
31.3100152995325415260114794 38.0878319407004075531094849
29.2701017886201478886506786 29.7785349082827716506995414
3.1734104269762555881771661 9.4831147974680966212025625
7.5809695051637960250686627 2.1281215570959732263527993
4.8797942500062823377300395 34.0395007025309586057255387
9.1877777039898817045713887 48.2346840029253888931222703
20.7584818510007687568631683 16.0805917565763635472235535
37.0976684137739444594826729 6.9110779377517507181674876
1.0227869420271500276788606 25.9317162345884610223381180
49.8747558120290893341040600 0.7132549968072945688837997
39.8548657409600181856061803 16.3734442549529407376814230
36.3787158129612134955250233 34.0747565772641397966937909
27.0049920930547831392158975 6.7992942320544301378222793
2.0507461377856745171545507 27.2267229074370450439535822
6.5768088940453468974129378 4.2125508627440952250041742
4.2288124706215260803268427 26.5257826479882750437475578
33.2668756705149311538126548 18.9292097860027360877689934
7.8137351579496984213133326 5.6520388251869609272134067
40.5633186496298923118590605 28.4713396265189420341563459
31.2880518465344531249869594 4.1902042490279633284072131
45.0507405160219736819005558 2.1049415569217574979986165
25.0046829360875804334314608 41.8720172820193913566470056
36.7827325108291384716856353 28.9487579878099976260672480
34.6492558878949175337961210 12.9201031890298534866705041
10.5107457773851730643189296 47.7914660080979285494911007
30.7606883818688293697780933 13.5196172384265383771974398
27.4629306197763648313165930 20.8035439714811516977615469
34.2918588931116055108572314 19.1067635578326685298212666
35.5659652493195736171216434 1.7498902491849252192079832
19.2798533213929459656309779 5.9403077281882787825434204
35.1715715658164553181155974 27.1838288986421377061977178
24.8964922448019066268645552 13.4411559735209724345854942
43.6139218886045633011662880 5.8588239002977177952651945
3.9513135157352288370134313 18.4495832337852040026682452
23.3073442775665232420027220 10.1620717733632959608003257
42.8498377396944953988383147 9.2136532212718608252271676
12.9104540969188562971395679 11.5464355976791001496464967
25.5590940614452964893424753 4.3855114591335613755044407
10.6729034881741651334853163 26.1455374993921235800616705
4.1022046929993578393651783 5.8882863939124126386482263
31.0540069332932305879971673 31.4189219004563548389202106
29.4647934591919711245825502 14.8265284678227369681228242
43.0862140569792873742985280 2.9288493023985474422598029
10.0742085263878417340584207 19.2486446942857384728810767
27.9486991547456359469760558 20.8055332918317807478609756
15.6678321636185329675310157 10.7712132692970386652183843
14.9875240538208003553767913 8.9651616123828422066117744
7.2735448795388876210409107 9.4654923213393200008511868
19.7286829951979785622856088 3.9088447494094872768143096
17.4322241148510517928142196 7.4577183112266625642939487
35.9912995804699212974189829 13.0240682779562265012459061
13.6284519413321058118944842 44.2918197603440217504094466
40.3829147144733815788418226 1.3115636330614090157820655
18.6710335137564682328162304 39.3496188994020981659012563
29.5826582121145079418735213 33.9612475198602512179146161
10.7218813364646633765166421 5.9616491515998091260395327
44.6766985871609285622832073 3.9360644496721201031825559
37.6925858485872065085131313 26.8098670650729534241235668
39.9134193609715060600852251 20.8307214209019878780635314
36.4262154661473763051541300 22.0370330764784595753604601
36.1563404794093863158863934 3.4955747935099641505952131
39.2007968986287729525161699 17.0234403841425889366952762
6.9534762717698374914771104 24.3238394941656741951726718
15.0479895393537116687943720 36.8992955328892595986485922
26.7346195537249053913545594 22.7982481194847500170693727
17.7899427028478930178827543 46.2332990238571338183653964
34.6508457911255216960627216 26.9688502899111129025364927
40.0809550449220583964157176 8.5450010349289599014532213
36.0465278277945958280048643 25.8775545900309099670529719
10.1898963419354601899460079 47.8452297783238817939056783
46.3177635487335758628189923 9.7552437101082853971215551
11.1365501016316259483687006 18.3569401544442755139845602
22.7973119740742771929548479 32.8295989429771984024493454
38.2939691692054913126858944 23.8132720403547083287309978
33.0712204765127319059455782 16.4710162465430466714090807
27.0453788694480433731154266 40.6945632954577026419013557
31.7950679263838795161107561 32.2656730219072775494817794
17.6304619473069861140877250 3.1091496465368718539409048
7.6349020550279271640571537 21.2534296199491138656636270
29.1669712218862098877278570 8.5022226353855056278950241
25.5810268476776951986239928 40.5907756198177735738761033
45.8178404164882790877696952 11.0555641904523877763199447
8.0670252126920445522397449 47.5018221147125141872986432
1.7225239023759549735060691 16.2028673822179854173150443
1.9450297429277086310575433 41.2518709793765181129745279
38.8002694146090024196037082 14.4754652206330550353954306
1.6895412552170123589513800 4.2006488007115903509786506
10.4239505749616513906358470 35.2326731090724459863641893
26.8537167387473996034482049 40.8335388781711855789795507
48.0708120188574855124568019 5.9746993102303247140543568
9.9503001960435821678730293 4.3579268016586797963413090
15.7664360096132841400589038 33.7256504096625176059779271
17.4199432033008207996554584 16.9128820368905056199600354
5.0984103293722572752747866 1.4164081732856073448988481
11.8902677064257587116585585 47.9335115954331967556430728
36.3390303004388581321906804 22.5826233379513849622896269
7.6783932341804750877561847 5.5265067937433591703313008
39.6356694333226452045528465 11.8115921269053708027810382
5.2135559028343263445851259 43.3972215106914575418726392
30.1824004610744848378032400 35.8193062803752625255079840
9.7910473441717213371429604 28.0470210878836093583086470
8.0208935929170577305775268 12.0068841075069135767471329
15.9954164174942199929400384 29.5490550378680700871719855
22.5660744376178085419640126 42.1754938853819719669647174
23.1115284853555273237101879 9.9175224260195169490925824
27.2314652346659383252810699 14.1755882125991643993671567
6.3534780312564580805747551 48.8736464457721996304968939
23.6499875950709053158504009 39.0086924512087728128012499
7.6424516162353078135803262 4.8055107214012467941880229
36.7393779067101555779119753 24.6722133386515954645144478
14.7631745514525356721562429 24.8806888402098751491310744
25.3680017018304618340633186 15.7151038703511849285638642
7.2351344347269541352386796 11.1871725521432929157452616
21.5456399069409577084521122 10.9674701276289437294015410
9.5058641329957469614269062 33.6918172125669857867851563
9.1653785168862445748377503 3.5349450691913309801843235
7.3090059068718728354971705 6.4867890865444416540633498
1.4086109011024300695731343 21.0716827835200527909953883
12.2683416310061438520603257 48.3940884160960460392503691
47.5689050093740852482104155 1.3035628903681857435914015
2.0176896695294734456145143 47.0630314407972878960347684
8.2333174551460068349301598 25.6556520806388408142423443
44.3816298939790927978817209 2.0666223539537503456866356
5.7958375413131130839492662 8.7981968149562082972587582
19.5180485314854015720005335 24.7294517028295748496538176
7.9498974822919001747521450 23.6600745988056619810060421
27.7819899541466792394950447 22.5978103848070420870716114
10.8303126138807409903773376 19.5500467693971441229478265
49.5549754557090870888237412 6.4656328061582615991072991
21.0655739776120784607053344 19.6275722643874842334663331
17.4735033366800320318416097 46.1917382346998475362149901
20.3992928374697118383914441 14.5728806943293443251037409
1.4003299576682809698705486 32.9399313297653483500278574
11.5948809962407689163731922 12.3109193272888712451186914
23.9568982785188828064009565 7.2157483931120401485994858
14.8544606066709563786780345 34.7108772589351409289559012
35.0609493384510692937593938 33.5369919862614918811770424
10.7298129136570175433413095 4.7823754388294426114709099
32.4209999391123389849724742 30.7957588467645608011805739
7.4962517337323181607474834 4.8276505615584082109718483
11.5103208596593820611962471 35.2492909674462828610190423
13.3826149622834484625398013 7.3079146663919916959990893
28.3984594404907378832259445 20.0506234667853280360986745
30.9171750817928915416186972 38.4464339693782875841715715
15.1202220581374592760734303 39.0688992027240692652051503
28.3952117379326164604358436 22.5435567370806366088670935
21.8117094918141341398480285 15.6763940064258784956190991
16.8263965383534929572176903 43.5989951665641669202373024
25.1397706823772328524850485 24.3514256263875885642024006
33.1063130564252838295455422 12.9410987095364040294236226
3.0275383597166860035805930 2.1986385515686743693337654
24.7917660979832176467139987 23.2243048064498581397553855
31.2937642729011918196034026 32.9423787488410275135458665
10.6969386890028221450123246 40.3060231563933206731385113
12.1176142609495853292863304 16.2068943546513943130310204
7.5599783214332309699104494 19.5536883420867580186010101
44.2726809266885248545702517 13.6356049944118761177182894
7.4315372827999429952557312 12.9912375705455575388121791
37.2413936368379366908529634 32.1181973340050147841695949
15.5375141657109168623907384 21.8537331719395849114704300
2.6130610830716750929785748 45.4826550651579297654597518
30.9616423742018223892956400 17.2446136950651967581834368
35.5390076037362350560150237 13.5269707821662004166441845
28.8807630968343717232779484 23.2250193314134813151374566
23.5914570495752934825178216 23.4934704604927236499832264
25.2822213388832302979612270 31.5247408264004200993663818
14.7829360501035661265933952 26.5229108835841842755230448
13.2440292195340629530510073 3.6187967657949457342759763
3.5502608049959474671440900 41.1448131386753235194102505
18.7945584886019779287406399 36.9697791610731607177131410
17.9791220909478541746012498 9.5786830430279328687646554
32.8606307161118709957378515 6.9049944923457415011593647
40.2297221741967756562832546 15.3156604097551161967209487
6.9603772108157621939133889 12.5719190692255329492884664
6.8298560316252859431253526 30.5590095812556022880359995
7.6928922065013888744005473 37.9251817332382758410207361
12.1594149710981465968103219 18.1699925030428743642165792
40.5343167948327601322415262 12.0195325190349576896436772
23.8180454339522759079735945 4.8167117109273979080948882
36.0888683138593841101623706 6.0492630811460112977165445
35.5009080646485945332085540 32.2674065673919381710055665
43.9620355623904436222232023 15.8379111378716212111874663
1.8601486259149872420118916 48.2082964549620502855302506
37.4403937328558791186989638 27.7077050137452959312971171
35.3393874912649101790251089 27.6428596882129616974150931
35.3154245949741895067182907 3.7842813950196810164137993
27.1021091545268994834332018 3.4605894550075178857551914
24.8125878360636761769409475 31.7936390631463402419855082
24.6820780984195529972305598 5.0788798709477095396564786
33.7598028878165260344693340 16.2411732635230189295556058
15.2577789794735769502750304 32.4761478721466326046211145
5.0685745441044028711705232 30.7702705885219157686245995
35.5665133010995339037171227 33.7271868320307724946705118
9.3786701563558581223752519 22.7495174915486940258901502
30.9665010393081291097940124 3.8827584759457495364614143
13.9204293131522569695277579 17.6839375631540664877122306
37.3225729343515084005752763 29.0349022653773063429660077
2.1370894281317006279656828 28.6955196638110689012363675
28.2188701971785401401158707 7.3956314669397081250071296
37.6892715790142946183144675 0.7202831688338547144560355
43.1871919278295806487040269 2.6203918387927232439867343
24.6550506491678571732830463 17.8361564662055940538177885
10.0616282684570485777742951 4.1549532593503400800473698
34.4328582936114836183681284 23.7355907811891395649872828
45.6632850492984089878868065 0.6036542938805274901092718
30.2152325449012421359882288 18.8424977711963868664712920
12.0887582672821116643043158 38.0244911018572133800275807
37.8555997952944229204207119 5.3808516183318831118676617
22.8534307215057648949679677 20.6087530980730732365002367
17.1401357639461315750375378 13.2557816062839071103513242
29.0099809606502120427351456 25.1579213104483694034568397
25.7637809818330332617519440 42.0562431693576085237211540
43.5078371325457268919981177 8.1895120763007133564667837
0.6637406043194937424894849 20.5805599634746963131851546
0.3637288969658419903831079 2.8926979257281621491452393
27.6534242016593652725618887 39.6898995957797819222706123
4.9322000917580762176491428 19.7274783551994202799883766
4.8335865827981048785624012 28.7773598640770751857749567
25.8344041051615945869034989 41.5461618507800278517890863
30.8895872515988999226384655 26.2361086944283473360072247
9.7111304882102308613878886 3.3457352915246781670145677
40.6177456577147041681589758 29.0808998775003228768669509
15.4802811406603033212449107 28.4228938675518566257883418
31.6961937459627001720242314 10.5759775916174771664681278
34.8785187737245898328879933 21.3187459328859523395035045
45.0727479470481257909480589 6.3990149634040520737512364
16.5596589893724160984862638 27.7898847452755249942274033
41.8929456801447309259301463 1.5751514976163175281494083
7.9517399020998482830258815 21.6741743217441410160343728
36.5842562107333749666095530 19.4702901238634983147248394
22.7671965180718724319510026 30.9379178793191577007091915
24.7440345300742402907966773 3.2760883954029186820601185
7.6473867510559904447155019 8.2775283678023902516668464
33.7579137888584853149482869 15.3916619188441812836202970
1.0850607540610116695804686 49.0644743491662870657749708
18.0580607831695675528175384 19.3754081441231401111213861
15.6275377702419714389157804 46.5379421895689387764689260
42.4862981216883580945192828 9.1331523536520672081906678
3.0927576196225434709886587 15.8093279523914835736826968
39.5791304571696948642781620 13.3226285790133104952063853
31.4768157905808919653962727 11.4328503745058002539930585
4.2060614998697696403144393 40.0163597377286839060043064
27.9570810727504675788170234 32.0375033030299907127979260
20.8398695657808874483739953 26.6589541520525430689496462
9.6915519445167692959029025 45.7391934877161255342666329
9.8772613822324336009019420 1.9848696650056988605370313
44.1748380276330972537964499 15.3161250070760655824151055
11.8185485839173487198149193 23.6605559818357867616223573
4.6412395788595286488435443 23.7056722151393088300442182
25.0414669843712253437268355 30.3632167477467032846851716
0.3626036620617098032721935 46.9986012407205522926982050
10.8798088018117550897543284 47.5250435079866019690757765
34.2071138311656050713440509 8.9651192597577172657712208
16.2339397358922403259039049 3.1558201234257598945066888
24.4617868295861095837825366 16.0972353248589724828972125
9.3079494554707252269796783 4.4002360089434100415242886
7.5295921207026935593844328 17.8551181036657361513345869
1.2243633893844286861819617 0.0305661697808845648485698
14.7609765142495823069951586 20.2265561167928993205671155
2.2992303825411204462160216 49.4389880524267993732660481
7.5064948753937499498905087 39.2001598808689474254807640
1.3673626381093207480925618 8.9235822076060194013305867
24.4930723652671606998277520 0.2990085446707736929222049
29.2072629295901235982432161 37.1474870235092827439036593
22.3236317331062140698987040 31.9633456672585082054851951
46.5975253086379295470872684 12.1313904854656965536682351
1.9376373830360315716463810 41.8538595755739267409639935
8.6094466053189426389008349 29.2810079940934091937794866
11.5723276273161736887100979 36.4153982991543677258722200
10.6006522265335294684999741 0.7913105408685797532655259
19.1295490680389301139963308 9.1684432949923892913800881
12.2609881049392124295544508 24.1799125451383537532208766
8.1081049311976119311865151 33.5821177775417994660723057
23.9886181905775788552835822 3.4707632167421745095337760
40.5686852021599913669140065 9.5226981978872427350877634
9.6732086063607939393667365 2.3300290251040794031115297
16.8063088304158014087850900 6.5990895960494321298681509
37.5335528906437263240040349 12.9511546745936895185385888
2.7043723132642686189012750 32.5297766729384367066113190
39.2524416573229801397901683 25.7049766375784822685227962
5.9009842808850707955762119 24.1594367590957571954511566
12.1969185264478223987525318 32.8288772037545304882723483
38.7260927475397550799774032 24.3985602138517342351844902
19.0084374561057276920889851 24.9735721409116163231079600
5.2651625846463615598450215 30.9722143696126455301001522
10.0691149105395083909130622 11.7308535460277121274736318
34.8671257449926357491448514 22.4896318841121037922311009
13.2419586081034752327049522 10.1316598946704815274504642
27.9840014041244505927875538 34.2986248326949804790487065
11.6305910943139428306187821 4.1508253151470011945371298
14.9729125854345308334527417 13.1077034109311549300761125
11.7682848986151004560807733 26.5802082487144516122794573
19.3969119143993288674413358 3.9063804455062185956173980
16.1578172275815304811708832 24.0088513352902725665155311
32.2474040794892041104246648 19.1860608290014299252542225
8.0048387799087087129079221 4.1137034540265120659293543
22.8510057891678083267179942 41.7771652272317216564858570
45.7449480872408628376259968 3.0658970132146520658941716
13.3765284692176033160042068 29.5138693856331037693347452
3.4095706497199790025922099 22.6688073789638982023750986
37.3874853096298941979831247 16.0367060901610607017098630
44.7854647832816055652374762 17.2122672575533491412814316
24.9967986117867904879399855 37.8438906451460667456855127
20.9546118948435986480747784 27.8101463558982222094469340
23.1467292700741069234807633 10.3551399844663906557042118
11.5326501943349365830958970 38.3796558021969023163962853
1.0867534220724941036169202 42.3535000560710888160561314
33.4056707257045267553472628 27.9385247170606271574402791
27.2007889647947797100193042 9.4401843039581878903303113
17.1667204543629258500619314 43.8041517306494309957998077
25.2406834985391330039174681 20.0476406723228734391491859
18.8959961528676382577233998 40.4405901216934693550144549
24.2330782186913907004449861 30.2614923631797262793560556
35.1985279259962937926363923 12.1681400321848303674559820
29.8130366409474346497697838 24.7018794071529242121705480
32.4406187843658707239610951 36.8117678587628852278359408
28.5208412273184301137195975 18.3456157074679111201632911
36.8541498487978861276746222 1.1276696867215803072145050
4.5513826160448596568175265 2.1874451495671039155913365
24.5909790511706448924918361 42.5591793777192852659852607
23.1947662712069666935144677 0.0530812968913382433535636
32.6024902990151921262502526 32.4357461190986061198828555
7.5324699805011021512436891 1.1233414409028653730697923
40.9653852210573704546682062 9.6092254469532754119188767
7.5076802220237155082329765 42.7157434406078660469101172
31.8547300924989373958834878 1.8100195396853149381758403
1.6694078643196198393224632 15.9126703410379178808624114
8.4338859548228845277192012 20.3560695543378727511843251
24.6070800441225789440439567 9.5389523377645795997021718
4.5880391757157213870922549 31.4793566726211513258172328
32.5307616383535113266725076 16.1786756945254197016036055
33.3484207232187099657355710 16.9818383948027515482839390
4.5676037396942050248047974 27.7873531678915311717004833
17.6870669946865990951208822 31.8695412757301537469517564
45.3713375577889215988798818 7.3445032655158112750554410
41.4306384482669582944827635 0.0468803688514300952545966
0.7901278343123227840428043 16.0273422002977436456708531
10.6008206182840137487885451 34.2289731400017979047678374
0.4189744372313100214438254 45.9056038019428158251908038
17.3246467506622625087309661 26.5491358609798731328563795
27.1902564778677322803506046 39.3788008028148544070203583
18.6886976940318512423199789 38.5776175845669423304152777
27.4175428803318436283061351 39.0356035230040299140453664
35.8502726837076635646873815 8.7039042103991538577954443
16.1392274371128920958283673 19.1839864922060041730485384
22.3020739721884101864632574 40.6708433222011793998368897
5.9160399793452062557166727 31.1127059408658502420585291
24.9694205475433701920612434 5.1017680778254653149005405
44.4528616207321635154817382 19.9610393949823526900218001
29.9758668096584722869573255 9.8968383340143332047311877
36.0996613353723341502771818 18.4069131434747565692556127
14.8786862758863599775281242 3.6911644102844945356172051
4.9187449051107807600761363 27.9876034800846558009151042
35.5376625485765992765179041 19.7882424834419331679624788
5.8965115826109542480367305 46.4136957282668329822028320
27.5767378241345893439532485 8.6327012562085498661980228
27.2423223943091423568856019 11.8260674175535883108504364
38.0847242682099166822586895 31.0572660969123717596036468
19.8803395411388920681841358 18.7955340368138906033106982
43.7639585244251142285316597 17.4561145239253737686170695
8.9539120715546804516892144 26.7923022268499235249354264
14.2985127130053222145644982 17.0602618442984391412863512
8.9558693721788573998947141 15.3718054823910869899618799
23.0962490791219671677612605 43.7328626832860974969685907
18.9715020163346322019108486 27.0662541044048240635216895
20.8311861894506695930074928 25.6721966715051420018046234
5.5597556624082746066473312 2.6625395723480106886080031
2.5262544882749691685210558 8.7245652189934699154461360
29.7164745494229655236808671 28.6257076830162778450930734
4.1961898091403165192562826 39.6155523890007995180918236
44.9487003852077936406051805 4.1969433735542279279530796
5.1293047399663965742245251 13.8452241904765939699092909
33.3946918798679551670268531 2.7008432477064007912511361
32.0260464022477530600391707 3.7858092716186525291083455
45.6433991472129070580310434 12.6956730537693065124616686
1.9304201907697573909249361 47.6631249278419475042282319
4.2615808012268205389293469 34.4867935458577385309548830
7.6760786892719338843516796 23.8972344834314514345882034
34.5587334262256604685178686 8.1971912247472440290847687
27.6387661543990978717929133 35.5541643898776350187446909
21.3319419853237638451034617 23.2582942438774137341613943
28.2732298334363906195467471 15.6404755293975140551121623
7.6927634889571928267933979 27.1352425805071283463898019
8.8253828078272962093295859 23.5926390701698818928708242
20.7521458887050097620593042 17.4455851439240569998636069
33.4270008354441152565177619 3.1041287259420187701791317
1.2407516017849720283601950 48.9893920707602578655141655
13.1104475472314894304675351 32.0564527842880928870648992
7.2755951680686813724296200 28.9925113598386929398655612
35.0322081325715746936575476 32.5613942170200387645502122
21.5266596570852979372900255 14.0571307174692048895457232
22.0614565314256725737220025 35.3382531502621890999659721
12.5348890692688574324773041 36.7814702808509833644317985
25.6922840194584267931743532 15.8242390611201632242411717
30.5968609005309089623491744 25.9582761953401461733980981
0.7700825737812904272081999 40.1236460560298331343836234
14.8289319965678518089426376 36.8660111192025517767191747
12.0078530545474822238701985 33.0122926350230135132945574
15.4699703499956750590467936 1.9183371367553438771704629
37.6946461543901540626196614 5.1588420498518434104644122
44.7372452221399030468471765 15.0359199896155478607205080
20.3487445461497138916938158 26.0754404640754299648221267
16.5095264433535602704202468 37.0801232012005259799411770
16.6620404418532454465205197 4.4582965708941913374578836
43.5618305356289557789667763 4.3436068405352577052759524
17.2759530291619531951839826 13.7492344126569437718286933
38.6721284882282666353143626 19.0910051644737585450197544
31.6995074678348193625148725 3.2620892533289947796413152
36.4186404962550660189945157 10.8019731718112760126231581
24.4291651996684256336245517 7.6299336594304101422624904
44.9965966842432052910350468 3.1314991354866096082230563
41.8650185396791296420230801 26.3594427610358022031666145
43.3930471233212302696817348 0.2084738670028030434859435
44.3720984216347328212031175 7.0793277689877061046606214
16.7733751521784164936736187 15.8950899967343274974196267
2.2610797066843347182875201 6.4720567488256994482388019
16.9915752760954734088704422 9.9642545951406237940277268
46.3051055067862945486905323 16.6984192067809095320108357
25.8556422228991452314764324 34.2561784973373080404569586
43.9503202446638877664094357 1.6939156978691768957220577
19.1935207649849242500617228 24.2818607327381837987026183
18.0821919577876126002765383 18.5750998382706138740055444
45.2766017362595703198263712 4.0656285142812620623660851
43.4339810679740493483961281 9.2189635310522765727776836
9.6582668024727878419957369 47.1987063633342822846298212
4.3753658105036171728983480 29.0578074538371876998889980
13.6071191618527970550297903 45.9657079583806522902923868
45.0184520473619455543388194 16.3963098061537326096920486
14.7620459260650829911670909 33.6241282426287638960638414
5.7592613590218926279399103 0.5752465545114567539463729
4.3875441693021283609355887 29.6268367559282794314370953
25.8357182052501777632851789 0.1251591742723384546988468
12.7926155926388579934385611 12.0974785099612043113155492
7.7828636026866227678590333 35.1912920214927005583802271
19.7021411725352288980562108 37.9713791324135625712288070
31.2647763603423836820622859 6.4041985554615693771762126
23.3341887781665007265577949 37.4234636834284561114930781
22.1690298109420576173010297 39.8062070190260950601969190
19.8092654761722544443937953 10.9129739894553961768783888
4.6141084708358006768258891 13.0080745315884975188726097
14.9294970151488801417516154 29.7759990407485854101953655
14.2812006291938606576588082 4.2482123991995596154903956
32.2941080778719458467416931 32.9483016778517119253487656
3.5029992352466996688621900 42.8629093314705020067542246
1.0461957933979892300840141 49.7031736850060345503618836
41.6214897294058258375027656 8.9247740982595943073247046
33.6687523306892501492168281 18.5584244076566797854376670
14.3643007531237979094097282 20.5101648914338836473932581
33.9083993429029173702135339 8.9286311382104368748692803
34.3448559745741915053028676 4.1750291119650246363870853
15.1854645365075302458662265 36.9174981114710987074318888
15.2010916526243810785516972 12.4670290193178488042641492
28.5633273841521999193631176 5.0632330329287673716081069
2.8242700956333134264965336 20.0255711136264824039521552
2.0869456129250618669525302 12.4957856099043583841946570
19.8835609265445737050276621 24.6808428721628122122110398
21.0269929344429798729229305 16.8483105424515784691277473
39.4207618541284083117354852 26.4575799127602480672686557
17.1446922634242584009503225 10.0528367733928903866374430
33.5447896845924325293759887 11.6724926650849145412115121
35.1169728726282910795529145 19.8443497314245273312066696
6.0726315032736533115282537 20.3990967110175829361249238
10.7247232958211376426965194 16.1083925401658682997378931
9.5788011963217132534096873 14.2914858444230953585464701
28.4536449043834643391285761 3.3000138871303124420780504
0.8636346321847563398160694 13.6108094991477674648280886
45.8684103877462261247394475 16.5707250445263890380699869
1.5117599720228277754727473 3.9005873643580320378451965
23.3839990806351676273038557 26.4894051839004802364411666
39.0494352020532400840306675 27.7334024310152977806112837
7.3126598136036274329320531 19.7996213713925994582552754
5.9570287674687387909224442 41.2857579349531850009417842
7.1982131205466390289932064 48.1994370078239629342317927
27.7721793563014048063627762 11.6062937151110426558234782
48.5308169306011802636608753 7.3999870302909204804541265
27.2098770420106778866883591 9.9811117295950676211956700
40.5579729574807874671158307 3.0084596690428053621134048
10.2206253992249254653720574 27.8754159870075899994034098
5.9996936705874229677822138 47.5920547555903832650298780
44.2181935332159288203457707 4.0312976396020442162131759
43.8764769166951885641259597 20.8291808139137886492790799
37.2204978327674923953616043 11.1863551293953832574140363
19.7467825529701822577673593 24.9111336314851880153671684
21.8009708808744123177405983 30.3844971762125092871544786
22.5358216344913472519496723 21.6711038772461183083855663
5.2574981117549653062385604 28.8679530553327070207209016
45.9027015691317572571132708 14.2983211831049910197814120
18.5055834206401064298358315 23.4423416548289820741150337
14.1051387409793139836195592 43.3479533668860137245205320
30.9510837494128907927716631 38.8719746698933378226329844
12.2538950420788102221674377 44.1796565887254985332720585
39.5782762267116867955054300 6.6377745458932637482246854
15.8162142983222554875198180 43.4608716579585716377816536
22.5753676851943129404050234 2.3136062496207881361888279
6.5105743709259131156723170 44.5994666039925039224988907
8.7112252014476015895816965 25.9925865486616047374989867
19.6168106778348027377392043 41.7873274908791752364322790
3.2496770055689115409960535 16.5360091726957103931656052
39.9394925178444209454771959 14.8437507866795418199382357
34.5216947165434522861668598 6.7270048236771683997882050
26.3444819216428201035383818 20.2970015588567816557096264
19.5163308716218088170644150 14.3914151253232052730061326
44.5426150105454313588433434 17.1013288379100184425391728
1.0926553687401099219176426 33.9529984573551826740528535
23.2889827828463064805121971 34.6572255228298433157639071
28.5452879362684432751530128 26.2138615361325062206290874
38.3827783785530955965970676 12.4202384817231668848221225
10.5607933419287399721008721 1.5715100983046834663985015
22.7622786595733379683211323 20.2824719949007252294308017
36.5084885295667542485549821 4.5420551831184013251784411
17.7054232559656438840738807 23.7911325356131572623436513
12.6768290288211637622363492 35.8649969437338314403556911
29.6327617748659017013174108 32.5484166987281618717255819
31.6837652330823812584440636 0.3728547370225552152648200
42.1481846872946783001997132 11.9176561271794715762964502
6.9531311038972171423139467 23.2734605903809901493749900
1.8641968601491683456653849 40.4663411994043511657587336
38.0389981519050169505537835 27.1391713137922968707315583
34.2143991208163548882903036 18.7316548335025926415709660
38.6323410497325801176333636 1.7441975281334994766109499
5.5897043153795845005565184 28.0045568732416626777178452
5.8384855349780925457830093 32.8467972054788254432016760
11.9399835926879971860382713 1.3916866767851976925989706
34.5653854679019384228255753 10.4035632095620726038279458
17.9017530273538060098259541 38.3670071617220208954808183
11.8171632226742281394057366 13.8872118644699754134491478
42.6790268980337817666233437 0.0257495030816469007752117
1.2704116685522415318300466 32.5942641302485353349262911
15.6775254042266145426787603 31.1241899043144434783475282
25.8826714121897686652150227 31.2263882088309163812590784
33.8588385104847662818516721 5.9227573579299813652050575
11.9193073354630731238991932 31.2958481694102065441764263
5.6997624215673301986852735 29.5975118605887026015841927
45.7367099353934465933054319 0.8083095234391280812631639
25.5030332747299358621080044 7.4226204124970370038617788
41.4239229107643240040106374 24.0116349023354620607937670
10.1547266374306235494965527 46.4045420936254573163108047
16.4923656128477631275033176 3.3169076701284023762033504
7.3197082941699106473891629 7.5446584076590383969831909
17.8200430308094664879562405 10.1215644235512804350301614
14.8676810012571350268491914 22.7475726539087601809879433
33.1300380962671998973088572 33.6585884395035795331989674
9.7270905085730487151512431 11.0627171272715867314546834
10.7691034622934241942240908 9.9260470791962186594606301
7.9518724385439612708655769 48.3039100355356834842008487
36.7420381597573657718219314 25.7783364837014563813219695
2.3574383255397559339359632 12.5276687592415338304538544
28.2874195438510577749348886 24.8358993304078524661236584
46.8623374849418142235338237 7.9637507147962208022934413
5.0980095955638304914199480 30.4222007449089571854583607
13.1767553352315824756533499 46.8601442468484728258374778
8.7959879476902673598781293 33.4235036467466641685326168
8.8493940106426840039495655 26.7523499088285960604884030
4.1317782853818156691513437 33.7331944559131147725996753
35.5002085413379724221907404 14.8739770579866926316570508
19.3353349525773380423740773 32.0022627679925331375554987
28.8192615818973126505720955 7.4128376398095759483411019
34.8258861430409109408428630 22.9163185165495346414721484
9.1309694425969962258528728 14.5473501723977174648360967
25.0462555387841581900111187 35.3013467658944122292485156
3.9118687743642223398151871 47.5152321123674419215883534
13.9089911775706656152614617 43.2150432653059065366205051
19.2265170380295816600682774 10.9471933657151686384712700
34.7148849154320980694454437 24.3285175320713895172744240
16.1114540133525355170367261 0.6488833297492518334845054
1.4227308156372193069456158 24.5657451958257568483890467
34.6213670966118605041449882 11.5914166675882043599556990
15.2665610666533564152890296 23.3758874312429886927779933
5.2760928488796366762176918 46.8845693618913509514976562
25.1789843596009427929743582 6.8933842645663603502553723
34.6341997073157092111676207 4.2979309712665747294980980
15.6508890152806216353170638 10.4187174369673916037507107
14.3124210597011968187688114 35.7093069578481412214304248
37.1949463354669701987056558 12.9048815221888885349560498
21.8351562990965956269865199 15.4021410652552543543992137
8.5837690302336773217901797 21.9617601579564017144830099
5.2084936816697470489512040 8.4185268050892564520902529
32.9026562314901557576030426 1.1896272157201271152512321
29.9084573723642108904621729 6.7441958457234085449910232
14.0330724961646315313305919 41.7141807580753976570687112
45.9016824192654481661656162 0.1885499427135250944291225
3.3869782081642409027694411 43.2380431867287508034448039
41.3674726069204125537733491 11.7572194891347200091068933
22.7538283649192300985181057 29.7617757323012746964955974
11.1394068379354213838932774 46.0099295293848236156091434
5.6803399094456344907759508 32.7983801202614145346573601
19.3437986105222246754695379 13.0314026610936418411469964
20.9457246834876336072310336 29.1080163783713862150442946
2.0969856950039371266495764 47.5194975877791541995292873
26.6256674271314424322476480 34.6709364462483435053463069
42.5870520829265199001751795 2.9737173514145494166755615
2.1172669191172158005448618 26.0483623437868334096371196
23.5199400034232302954759033 8.2953253242637601618830066
3.1929602972697317699486126 3.4358411692130336493023938
31.8485632271719654677326972 0.8179366508658481230360981
10.4516136124021969395589168 23.6276061609518347634108105
3.3671219557972555174707029 5.7151106493914940527663384
3.4075524970533291428218586 39.6722646943658312409334463
11.8669363283682822435572736 7.0481077019617905769204858
26.8948063689642039323976764 14.6345273369495091613790883
21.1380285112005164874340402 22.2751823934098029289070259
44.7988071229808465258902541 13.5855393841378476368832113
34.0957946155711643812297537 29.3168345755947600548838166
25.1180885055226216011473098 34.1552577186694984790246630
25.9519771015675818562288990 19.4677909512022419684356007
11.7990105365479350944701919 15.7887095849670630642391027
33.1861849443692921627498908 9.2831637300069700344005634
13.9032094214333862312150449 33.4992651827434257482683744
38.6639232704995962466627671 5.7533500965020202050294229
19.1193065273029049067740792 46.1026259329664706111873349
32.4204420400586273877488954 12.5862996121655703555259451
20.5923504009872573864070556 36.8097148177347326202693101
4.7943975501489877501049276 29.5044700364389765883612319
35.4902909804373173983495680 30.2562265678304570063083110
40.7511181233669083643331754 12.8781354122169838550965532
17.3779080460033333098104054 22.3384939497866017167465836
33.3029517573159983176773389 24.8075271691856312575880531
33.5277436342755970718231406 3.8588089864998731371436023
17.6112825265895869373183940 0.5854295590763205305969038
33.2644459621087774678756796 5.7425286097628673592158619
32.5507507741455563857857297 14.0516413290214058768773810
3.0237640774117025946691649 13.1475035958981412646910639
3.1491039463114531420035523 36.8521796415805727637070888
2.0681718575792595376881388 7.1918471318234479700244002
20.3804912249675436242567573 6.4525636323108781208345642
0.1841069502843314885363425 43.6344600588898888541947508
4.0478006456950616203429342 2.2617050941072406366140590
3.6073757067886202831460226 36.0206446431774913378107997
11.7259884904821954510163076 1.4146356142410254202091051
40.9127140419450463600119057 24.1484953925090874874275407
31.7930337613945087681278116 17.1377654391355506645883065
28.5150071087508219973849033 24.1432054538723189640896433
35.5494101799822124299327425 30.1287144739926971025012158
0.3699500621176605704561668 40.9434138409529688192264280
24.1828584428734390227908269 28.8130067423020749228860035
5.8721469595772119824189107 10.2964989236695453142766963
11.3376575143533168317374456 22.1349841221363375374983053
33.8665343762984939287502522 23.1637183832603262122543935
46.2846381531536725888580409 6.2235256110689693418948880
30.8810777336351856445458107 5.0851782671978320904111210
4.8505612790488870838793964 12.9989251585733666215193856
28.7726328580186543279177319 33.6249252551981932815181375
8.3629483169434084213161357 41.7739284177120863271827218
24.0394483648618442957065926 14.7344807276381884924690492
24.1304028170532012523809912 13.9543419725457111649053319
32.3598735883009153845690519 21.7907912052129222049095913
0.9056187503141424705832455 27.6709207414404526691359275
8.8571944561803870387595032 31.5047632329685572246702657
20.0482832356973721556637355 3.6832511862830786008379746
19.2024216381225024697551530 5.3166721952519048270054154
25.7070283699964633165649674 9.5471824317018776837127950
23.3480865059045522447781117 35.5298023708660354948477187
1.7061883832055605120835717 26.2790586056847629116211981
2.0650238428589322172307864 12.6978611005328030411551502
14.2491264898657434076534758 44.8939015265526500022265021
16.3956902278171355361294041 46.1863761509112304399941475
42.4134986779366311539441319 2.0236427295023302242145792
3.4402990019645277042639130 46.7457414400187033187341975
25.1294135891881368159888441 14.7990733717867147872370388
16.2434152694793899949307484 37.7644205619951727085080101
15.1295685625331010644607087 41.7024718105726926459244920
43.7250697049926047004217096 0.3439175679402448817278555
3.7558181028436908418829572 33.7030240539087474170902866
26.8908645224763245411999527 6.9915238134346759946278896
11.7231694142371843340071049 13.0792698146759627257148468
0.4762703123350539015434032 12.5806663809826969834356365
3.9237499826873240161524728 41.5644582073838804956321195
25.2458367708065883646030694 33.8843286157744310516427950
32.2765309494842744177524336 20.5481276486930497882191861
40.7695369237237043738893366 10.8325832110872569878952406
21.2237580116977521291807277 37.0816948892697659442825477
5.5255538277091988271597428 32.6721326958784283994181504
0.4039995235704263630573588 28.5978457997268540505494370
35.1035146344265616482680694 12.6191624250819523207875922
27.6834939796785554944855266 14.8534225374861390451027047
26.0945503505516357418575219 15.9866957812590374011792545
32.5009279850266388777550305 1.2998769603744283919857165
4.3892058467675886126532601 47.7099032909803875598097886
25.5610027484001047135805462 9.6765251250788520406075786
43.5366931705870722172175872 23.4426181935840303255722373
42.3612637190582660982607385 25.9523281445884511213131975
0.5691326741274741654622676 26.6772578800603213402431823
2.7524582310112242984646846 39.8487637661011833027612949
19.6607358296803988101111725 10.3660728646639080158299034
44.6439779054933644928891065 16.5654832943026538170181620
1.5453076000413578840951229 24.5073871398248903308984778
24.0291011388277367785052286 26.8719611948958344617692709
36.5767953905713851053883605 23.2516244369350649401963331
17.0162705063002559462854569 19.2729483488234365982843737
18.0294516591180179539891136 29.8988105594775550717765995
39.9134711328639403558466318 21.0930041038737988880052082
4.8991547373108427124068184 47.1009371760253272323657591
8.6518514981735415735846711 30.1934672678305073812163004
36.8381808593431390533828531 16.2310945710486446263486777
42.9076850349867247921033656 8.4220285524555344892161429
31.7314440734511817558479316 7.2880351956779046118782989
45.1424909138086069881648110 5.0651272537526003601812358
11.3178644037476440086643204 16.0594503435946395583163939
21.9688566338459088312686475 5.0367984078702816029805855
22.5225387187757681928496225 10.2584233516289616110183072
46.5460020275899517827275961 10.6051730418504769214914097
10.4677762898856255970727396 44.7763962322215958749717942
7.2431310639642409426959953 29.4285074781280106118730416
32.3342663540791562329175680 17.5355416039386884186972775
44.0017323339510427243486963 20.7809420289679678977708393
0.9283832960610696923267291 27.9130454170732646737285770
49.5996734088459608382600411 1.3683558513116765080706016
24.5400116652546901682851039 26.3208629696893435343446891
21.1721658641106228862367748 44.6681026306534412810813628
15.7878170212099259306349809 36.7796796302631508008221094
27.0693649628505193233800806 25.4901840030236090606979730
14.1082489775112440485261229 13.1513235375209645407051171
25.2462244902729785785704829 8.4928292686678261605421256
29.1668965282960552068491313 37.6402995060835232196998671
46.0057840150381408262093871 14.4730037366699067175955694
11.8262206079883580038176635 41.3115057354629894391469234
23.2639196264953096989432781 3.5763170457841583918841858
4.6870437022544069657638584 36.7699826126306089400100253
25.9205387460871773999595924 26.5918346699244010085658820
44.4789217763440992743657738 6.9731999551040178392162242
20.5346424602456035163388649 41.0101019144049236976239156
7.1193242297497320287690864 45.4512400547190613696008741
26.3521987828795349197001846 28.1968370443850024104813358
30.5264392611496485329645429 37.6116538593471225752484314
19.0679654293464733965494673 25.1974739683415043797976081
28.7600622539670727209931037 3.7227434974677506878694381
5.3820028115462853303034225 1.2385660000613128053311840
21.8035185539043070353914561 20.8592084861710569111817085
15.3492907478066436006162141 34.6034575373516304878648989
15.3880315825878458290330766 25.2231735515830560387222261
33.5903916972295465252827022 26.9849140377858595986133875
17.4436909802311456487047449 23.4247229436380436577312362
0.5057742166772557680113724 43.1073565930659277340757321
37.3093297840101117585407746 1.2304109345970505783296096
14.6722866246993801112427218 19.2021875108714546611620656
35.0477825906176891761873158 14.5311023491267041584232361
25.0672328940563022934966175 0.7961375729996037292318099
32.5007116165516559523753847 5.0203330982858345098607993
25.5085847797128420483332008 12.7597845803211872841234816
36.8104735502332963275754087 2.8264884587726341729669954
27.1531181523679575331042659 0.8415311067011819933699412
17.1270448505233123324051366 2.0406701566306324372018405
6.9979942687129741582107613 41.9049886793333994575638822
38.6016145083114811707803398 20.0103812395395547040003468
16.1776431757515745644510727 33.3059133079706809761123169
17.0850929565721983212488533 10.7981294058409514435874541
22.1036758014889912449230660 21.3524592509310271369158660
13.2122203682797981559964513 17.6334124020284977506859818
13.7806123508990851821550487 7.7842612516697812054154624
21.3828641993960349941783569 41.3433564025731631623779687
20.1227431061658240607206311 24.0639815883252329838533933
0.6597262976803270748678782 45.0451413718743811921498804
13.5773602677910966563799787 21.6599928014440411099515408
24.4343788448957082373579039 5.6974670217661703331359830
9.0447621543982206090529319 42.0974141435120176063633344
24.1852799161447227937600872 25.0114420891264626494911052
8.9975384500330380425977243 12.1055483907246876687055320
25.4332888737605322377304560 22.7848154933027429523559834
39.8139932827563530346279826 16.1816543925716074847467168
35.6726052278504853316968689 20.1485790133680202289605535
23.4812754857694718836341213 2.4758234107871369385425994
37.4418025096199726402382898 32.5670297207254613118048679
8.0246245053877587600594829 29.1651401770595004297730007
27.4972142514926066382040809 20.3200198919073868227102977
40.8320324100160068193040888 14.0265865151647786772932280
30.2868487764413460546633713 33.9956878323262248917916125
23.9271276432264033193465359 40.1807486583407365748494328
48.2645138063172593142996771 6.5220170990124413544336122
29.9752886826540119326126968 39.1916071167227628135826668
28.5252971950963870697572112 27.1626106980059299371738060
7.6276763833105171680740276 29.0313374302922356490268932
12.5014002992859880548765043 46.3164656526921558271165644
7.1404521955491949252421170 8.2773149295575725216272985
17.4821830008327278748437834 14.7435842835246544333669703
29.8989141672978500078795935 22.3954221129354003625393206
32.6645592795450290960289060 31.2734162999997288388136696
21.8747719977536824108006916 10.1486132080344539161789452
21.0545734691908822113281444 7.9501532079855806357622683
13.9202033430338690490017048 8.5280677113041671869548558
36.1268332939567224175370135 8.0840532006327168639620716
29.2914656927017343028546664 36.0209666385187018709526132
27.0885183319731396909244766 41.0269688690056061973047421
4.0355090966961178927855365 29.0983619183362774155140255
1.1583010410423729319583773 17.3250783172348215245746944
9.0092796489739182122543753 26.9876431021047926010563990
7.5937867655623253061962978 12.2202456014259581590166402
33.1122607120840073706721929 1.4415930545677254812910885
18.7240831670823308253108610 29.5281003376814627023338168
25.0071267965532732356783977 27.5616329229802207390389700
0.2278050908455142974506303 13.7276401774152307134316955
2.8636410407757013161508125 11.2160402990353533301340216
20.5939346171406509510051673 15.2771023752849136405116376
22.7176042297424170764352299 41.6162283017189033793925121
41.6727978458310470786210397 6.7733241248665519742262988
11.7442690401679595925233571 11.3829760920487025819136395
11.2328607914323570102945107 30.2955910726346721017212553
41.3261169595009468591339135 13.6437552400227487860272155
9.5381806380493883414363963 47.5291816689067324311323367
6.4835439318227115748926267 45.9941698271000962085763188
24.8684470632304073309930154 28.8454561528034589859594521
16.2249897410346693421633296 46.1383756530647677446762423
38.5672046668586819796478394 4.7508656247713322521137229
31.4340873364987511431806373 14.7104776714207635248867038
20.0599639716447834722176779 45.6026078799920525413054337
24.6282640354384656615736960 14.3683196860568293317331971
30.5301841653698596864275879 2.6282798231161544438342887
36.1309529649655332348743878 34.0375415951776450108100947
3.3757330883409017331868682 25.4971454503495429570687625
7.7682045366179066798968846 46.0342806859982224459995642
22.7387277659783580449582488 42.4317128994897502746321603
14.8202540286019187490277087 26.4926418185825438771590064
12.5433806358317126865187076 42.7570298573771611220553546
4.2398338163492056274532538 41.2131509255206272015050909
7.8591334697749332869826264 21.8571274668988334967341334
27.7262248725219593626803449 25.3526419593371897223733393
6.0324373231582659721463306 34.9229108171436238680081373
12.1368113078798757593318873 23.4882483654469044704729980
17.6228253335076102906926020 44.9381355561696883371528652
11.4719047607114026199772000 41.0231081362829827230747205
10.9984609068834285554269888 13.9475394847893135585541446
19.8947678302198549057493084 33.4095527204667791925978789
8.8607768423672692278734399 36.9186488613785529703662659
28.5847593498116854289484926 1.1880795063266729419829973
18.4696789441555175464187687 29.5613084909957652327513347
46.9687269127231948607308699 16.6114024753490293734122218
20.9528681492823798819989778 25.1789061779654752525050207
0.6401681031081002775290115 8.6654592953728065326195897
20.3401567791844520469255113 21.5587110514102112925631645
14.5408085579249223742567227 34.6635959831316020864842738
9.9177095060943884361114079 28.4189908010950487689843439
25.6454913150340756137079546 35.4373923308489474846677698
26.6359824114180393424434860 3.3947667045953025156113141
35.5202540528831165573488780 12.3414566408767377861699432
27.9071580413010740959420008 13.0073260148980965550470115
30.4992229148940329920624118 7.1622204369596671586942457
16.8035314040889178981776650 46.2454466120914170093556583
30.5538967083480789919303726 24.4532082953463679770578777
10.4649834568059125586987094 19.4031987375478523926567850
5.5492216922406367762553928 0.4540249006012373971139635
19.3444090501342581608695361 0.5420687235801452653849078
8.9698574652763805433112425 5.9195993996744058065496285
34.6456686935133068543464613 15.3191919101273730770715725
31.9542994227677578048155088 19.7084435813715168256890097
28.7999988098080250998188969 33.5791612247098324940129624
7.2812163797973541489918695 18.2752260733094821044915572
17.8557897825446681307757246 39.0342256390667167694665695
31.0167936026619711032552875 14.8309984360415675770099279
4.7738025175706230379060092 45.8825763174130881466896941
42.4009270593527953356921932 25.9646179349406932868275193
39.8094667374659444766788032 4.3250847481399217710191258
28.7569265714573581961543065 32.6579113564203574257461051
10.1973201063106594940601784 24.6478125327468433371470278
14.0916725941700744730166720 16.9977870176889804322873026
18.4574659545495958720695622 20.8643703604168840417659837
17.9889902342232570112069719 2.2127427218319550616453059
48.5295702683947788504579632 1.9699770468037215810173960
17.9611412867864885888504675 41.5017759099064795776233648
21.0173168096794449962705955 9.1527260486461538163751551
29.0571672102317882917126421 35.4778950012064638220399170
34.4583497751780863383200724 31.7273089115904112587479264
45.4951833656625401707241475 7.3951531779093327761632087
30.7496871213581903344781802 1.5673997379667542642302767
14.5520032109680444751663740 39.0222910981399927755076839
32.9673802074762782742908641 12.4359093859557107680347686
31.2427153931598372044030415 3.1452718264107728751282395
46.3134758223208170351497994 5.1050913072446726135945772
22.5077759226492709374234980 10.9041287141985700411619821
19.2339988897760963429220640 23.9594091477250726731335630
43.5471537316889137498040501 1.6264691416231399556887790
12.4607921674373746487016319 22.3881365584528132008866836
14.6684146838196924336915625 32.9140944074647575962897351
9.4586340832586352104511358 24.2391056204435496386409654
43.7970155146358812282789928 20.1325962560903683305751046
15.1480564142353456342324549 32.5197845452755637213060909
7.5771290331381702712811640 31.3223101896264129466306992
30.9227578246509575698380531 2.4047969806176941497139068
12.1856758416458513831365209 42.7493778233359633947852384
16.9071895737694070329611841 27.3431333375789808465015934
29.5617024621233639438688253 28.4623566758075997895904099
3.2915030203367074989785294 6.0138180773211232965348775
38.3875294600971942151540347 12.3449415531289582855524336
3.6378462421003151691513344 44.4608375395565014216055599
40.0829677034864662891726399 4.7281814771919318405548740
15.5454145222050748346749208 34.2613497593544257155593839
24.2341336080544903917210622 43.3901690278680966498739065
31.5637011042957135092687244 37.9240395079253332900251270
17.9660490579294959590864889 37.7057168244826061780673505
24.0983706264859510214730876 12.8362195816571754562465237
13.9500350813627387023772497 11.3532603787964313644421913
45.4937575879386454663663625 9.2907491909896544583787120
24.0187578128464030551097990 13.4014653350978702843555772
41.7336991472128843575995613 8.6774625029395874033445029
42.0253476182937869603370592 1.6941539367981670538336601
5.9163194734951491511066629 42.5910455834033508778878456
7.4723329008665029034195662 48.0225388855965006411338790
21.1871762852888815936652886 41.9833724354784584553197912
9.2501616909067227396011666 34.5605918452228141237363566
17.5146926049763936412387409 29.5759284377208559374688991
6.5204911351582720799152492 49.4872023391535277480614966
19.5176958907239279766520984 3.3255897397632041212489580
35.4967863904599880175566375 16.7474820779141177469796236
38.8555261085366872374773530 11.7366132605971064432982799
6.1181627482881122239641978 5.6628689359245860568605722
32.0831072248903403297648509 12.1726837959502277252700910
25.3491400599231780886716235 8.4806307679557618610776414
11.7501084306615318923980502 35.5307606429653683000861391
45.1252463995534865824634211 15.2712847324508063464115172
27.8103451265575016446022729 28.4883257483088924650376433
3.6248099282078923892259672 33.4119851697615461219100031
39.4095575495421650828097484 10.2901299189720700306547324
37.2719101654934350999306760 29.4839738267314830985644891
8.5103128918869080079792671 33.1221160930605925682867805
18.8328544952557542340075750 38.7598192921551832462013537
38.7771921243228296503961320 1.3525424035332548014549369
24.6029701261617831050719069 36.1067010535605544723303514
12.4386121853416565052001507 27.0422063985664834699933006
28.3261860651231757178025126 20.3009158168793365195806836
11.1903173914346127733841882 19.1514176153870145656827839
36.9849217212421975738843133 19.4580462861405250984679128
23.4481049849257058470757708 4.3802251786754369975470023
13.6009577009811925100304478 2.3481800646714455807645701
22.0782007932554485192608020 31.9773834097271705422790764
34.8498454665201880267304534 8.6595768349072518726073090
47.6844111265300174044023986 4.7113623842854920527716749
37.7424869603351817369498219 4.8481623373118163077583445
1.7753630095240926689741819 46.7637475635177634385337634
22.5991471842461554234394981 18.8090017423780112970893464
38.4800165445624232507988652 11.9284670737778449917148650
32.9697616538555944709974267 17.0439084862584619555021236
29.0559581429101932253305253 4.8219598087759747857585190
21.8599561893917389177459142 15.2362172273131431984946641
0.0507788505802912777833304 35.3623729620670923726365316
18.5810111084380536979396231 2.7831683722156751832203497
6.7910451644383590183580917 13.3933455706391142650090810
29.4579046006283280404200739 24.0880023360236409840741242
19.1434145514630273603419796 26.3159586432041958205014717
7.7500716225513432426334521 40.0928471157303118993365696
17.1209996141590050130172948 25.5806835759321959811060168
10.3533489073768168152972164 21.1260068730964696102003249
34.2954148543035419668351773 20.6960025118672606747765168
30.9225210314281244474748921 1.1391633161602960329771556
3.9066497480199044748151290 32.9505400220739328761486139
10.8940576976357736274567357 20.5382449805377174790817333
30.1672386557813341003658933 8.3628770100445938833872842
12.6672611634007654897010841 16.7642624239242534348587578
8.3851798236476709892869798 0.4344644117669630808598323
19.1499834538850185263398286 4.3333744029255095649761778
5.9360150799103688983163166 28.9441483718398026170543329
14.8914542988398468299324132 2.2901067367186722078312663
14.5338579286838725650939142 6.5013055388001057561608473
38.8261056295599438481416325 7.1786852307545590259572915
26.2995013408714316156428641 36.1363560589816771651486750
10.0857143140249920377863526 36.1839517849539394985478030
38.6378890257974858090687436 12.7715908026431152565488182
11.5816937621923588204637299 3.1407593984249423008049065
27.5394949995478613813002585 34.3522374114100221362522349
40.1836928163745338601800851 22.2995702119850211917287204
26.3153070041154217411675391 31.8434391559572884472966444
33.3787992563700175735528650 34.5232640432933624116758089
29.2248488891268746911231494 7.0998737599833194729337300
18.5490207653756889390452007 3.7991878929136277862937095
15.1623523257367791277866680 24.5886777186213184327778704
22.0949567958074011846155241 10.9001323015550751338727419
2.4805684603164031982359887 23.6187802418686200199818936
37.3383333302114488769042409 12.9749321432530356722606983
6.8036107402002193538932476 9.3386766137302464847338392
4.1188318002140654203412981 28.6973034378065801062244138
4.1025222955447406123009109 27.2336062763372987697348579
46.8535182400695638024569269 1.6576575422772595780822386
41.5795644365238625366325058 20.6310402371998695520175444
25.2524805780681730300970185 21.8131204703565901724223013
22.1077254682678868262061839 30.8423162978998619204063700
0.5915435576388740652719523 24.7416668035808764521814093
30.4310921860561464416478833 33.1126656789173732375783096
30.4978230697062304412788536 34.8264667746944211766839405
12.4593674749544305823047943 5.5465450619324870510144281
26.8446832959668489824521014 34.9265368844269819845137146
12.9791204372980597791945195 24.1048217722950986661134954
30.5112821668488831071706932 22.7059829237786868468966779
30.0139816256130031879019302 28.3400936303563582023174022
2.5594355972207215192473561 1.2038643709651883223558174
18.0028436179122011297393407 30.4860233823468345239582392
18.2461702314280010774041263 39.2183282648017857299283246
34.8630994282841251933175029 30.0260603185561975432110078
19.2022516741746006015653994 26.8658431961786516404961675
15.0388326796221357013947746 35.7118119343492468152382594
16.7647829137810070871223250 37.5957717549965504879838515
40.0932387542617594835081341 8.3085622218144913250591517
2.3084253855334442339192647 44.2964013463782943604681384
25.6047175102245106077171008 37.6549922483274764320255925
26.8855834918240427817530486 24.9432435802595351013346163
32.9600870232051322856237573 8.0704809907925959689025827
15.3103834857873360268487828 5.9659163183982409735334864
32.7128433854100814743266995 3.9837015000664745696118267
7.6629950797947944162411945 48.7060417854606696057369855
2.0102730762008139156049269 29.0681750744538848941312149
5.7519131813764639483443678 16.8200919960001314300050434
35.9761872699957843646100343 15.8812452129608927613723304
0.2463179207859293265147866 32.1860113633531748407701781
15.6612936462487725542026111 27.8877012556784218474591653
42.0557195692738078714585650 21.5943615675620306152280684
42.7681702225295332032953664 17.2157955324968395246737419
26.8158804522604036217224200 15.9971421063288167227421759
14.5267968989634766892768678 5.7855139664739482186812215
13.1490148185897688795581864 2.6652221859549847673822505
18.2303329609851067365318909 9.8567215711726376623938537
6.9169711160128755657791021 6.0129452500620355067097585
33.6783865653167692708878844 28.3860225878352133897259506
48.4961882788756561927805123 1.6185556585559297754972201
38.4519406103182535679910188 4.0556458549234662322692319
24.1479136060128644901010407 35.3323968685474093123815785
9.7119920257525961501177516 20.3636246992454166020326821
10.8736547029759577158411579 33.9670963345477741880144172
9.3680321249532803321931494 23.4678497972405500708708103
29.4609082808880762406708362 0.7449048698326359143563439
25.9191919736155088191307400 42.2042117262586173845400575
10.0580247298131488698026389 8.2362696977738128021546084
12.0258989830909018642004455 19.1931694529197863912462019
28.4021863603870348033383271 17.3872312330009771793436403
28.2323131779150130873022009 10.2194174307602434185940688
18.9462763079913354742801679 22.2494632308567437523749497
21.4828081881507117502150610 30.6266053024347563490321502
18.1722855506548922883178674 10.4291916209004146460945905
37.0186996408766291051982006 25.1319692204681909863683976
31.7159074818963605923261319 35.9179789604007432299912459
4.4174691003391800348038573 3.9982454586416471478809491
24.6963061449455115765787548 36.6414036684612638564477822
4.2086023029889424815383620 2.0706681663840224272271527
5.1818040745156087707214391 7.6255430320294852602901362
20.7238245792490877134141904 29.3857634715947336504787256
32.2494046894514309848652997 3.3876093600041980399189868
1.3578372246159370609290859 10.4238322161979990920855436
14.4959530285167339226945527 42.3835740092200875955861360
41.7157178494328844286979499 12.2187922605512302662280584
11.1239308964743054138861707 37.7393450050536032867409231
8.6718370632041151703284796 3.2862200092567489314350230
9.8044384464589466922592674 17.0549988786161365697308010
36.4493119223295613688347947 27.3394890294007524206338624
25.7532612436393928461363465 38.9200402789727491944752256
15.0194790031101702710803164 41.4537724516735958531766350
20.9880250303979577600668411 37.2491987205549000684812922
14.9502867688520980564058495 40.4597197905408867103715499
4.6955590247002850129819730 27.0361189050047586189285303
43.6176397393721007113595103 14.2829094923390067083587289
26.0478065732418994410975557 4.7446572819304974503409012
40.5201964983816360728535593 27.9841683051782083629681784
45.7594708001393351883531692 19.6359576311214205836775457
22.0904182597617609782944072 19.1706395592005268829425431
3.9651465482183593239502243 32.3616688823545073713027701
6.0151718016682378428118062 19.5401562991808048009574285
2.5463541437531146725799766 47.7128502667215568874704371
38.1738173028676164180001212 26.3582941884956769965218996
34.8285601256735883884303039 28.8699047378466380176565820
13.8091603904546343470413323 27.5827317231397298500741471
18.8958545270596190589943499 5.0444704075056779085346115
14.5893382233777314778657369 28.7428462439593740678735741
23.8220474244139305783344796 9.3546809945060989497659126
8.2681112415398052873886297 42.5750905635856880391874981
17.9258313028829995687433080 41.1116111591431062729532717
1.9295403397969254612186526 46.3441136939427979112747610
29.9007653841219893709776316 39.4264407402404532778786095
18.7154268864720376155106964 21.6039995477022627168457136
13.6970299125192431288585263 30.7228151635808448568577810
14.3168018525688857765567017 26.6182115235843769905556322
7.0209504303975676755005662 48.5973893851706833556311742
1.6710194809134512533974736 15.8021420666442478330087987
34.5665650382947714692038662 7.8836908522174805172523592
36.7247030344346880581566075 11.0134548182023071823035946
5.9729773605996499527022651 40.9429302987678696902562794
41.7627282220598773482471480 7.4077345693783761458809007
1.6993778188798422341220794 48.2297845218978683145857306
2.8629615240286716369514848 41.0524475678604506008090508
23.6003608865557121104421739 10.1746236305983958638586575
5.0978698385162725182187531 30.1249352382631035849338025
18.3768990319479783608901914 13.5569016360520022692740728
16.4428859870203849107271928 45.3996861268648933630335418
1.5423181709879591451354006 31.5455425481864292569318150
20.3437720072763344225718172 18.6314503062955306525524705
43.6288087451281523523862008 15.6053531674560078195126450
33.3515926279315227324594872 25.2422516662144010381036671
48.3851268163243727638777645 7.9296597006560166454368974
39.1027260791921611710368293 10.0487219672784874245759650
5.2906373045487344407033172 10.5360883116893672788936522
23.6519010914814635912450021 20.1764113449041762750022413
24.2305003131037435829098765 21.6421545733478066801239563
16.2633019708562163575015842 20.1123098873487007723515647
11.1629744272870878330410217 19.7075620495213591346680281
14.9867608740338744551816018 8.3004215859513677719422946
26.4611026303844580939448108 37.6803668716781566441715001
46.3328250770088701647495884 6.9115353130326972588604897
19.3431514092121856146982231 42.2887986771945631935748047
1.1921345670418046718525714 42.8669898077070959722817281
14.2870541878019948635303203 9.8934363410702492316893332
16.9996741937745475649777619 27.4865617585305799237407782
18.6099917870171166413790116 30.6376925646686954531251118
43.9236663021482834201295254 12.9310300663761253922700244
24.7231394390583665708227439 32.2764058760710957128028651
25.4976492984726594417911184 40.2972688932152906742197056
38.2052618639115537034476307 2.0875741687292150783188276
8.4303845260660677052831821 2.5354717002297231326556570
36.3863005174151269869388982 34.0446344473891459951490262
7.6251421576583960052079695 22.0648409709995567210050923
27.3195181495202528355112872 40.4492759895406966014137517
13.1095765201283320194637877 43.9390373524830415434165711
9.5964006177721793964540375 40.2853459111774505517195511
24.0235797639414608042489495 1.1694508649542939992977084
28.9102970530007172605267778 1.0930344492549366859652988
1.1014494324359152266080561 14.0814349108244860082101893
39.2071504509731313003026629 19.1911269474920984094584966
9.7442488370910874290074825 7.0745752240575539930569143
16.5932701723495000207291545 2.7682819559099094553562179
36.6163742663529938946380674 19.7671731814734260481230710
2.0314534870377569778358810 15.4878402861729607178105070
32.9861194214244842773404078 11.8074521178585537649785055
32.7409866899001734372258653 26.8146935572976422598893963
37.4449177642087702963905529 11.5489451306880173931375639
39.6275456863923661169252576 16.9899271002816776934722273
28.0062000282891014720898531 13.0825364503776381377595335
31.6651987697285003471194702 15.9472626765092405951588943
46.4793998548417850122104239 5.7153643045508004026371938
28.3543016370171697133898245 11.3592948142499343164765488
43.8899954120276924023660552 19.0307199740889496235305301
14.5983475813165761628030379 26.3322662886252247986075982
9.0127633741099182264952746 3.7108080470839234979698185
5.7090897864293528532063470 1.1858725945429577327175450
11.6883522090053031554137673 20.0719312134692423079097922
2.5436650825687598772415790 25.6033155655223775550266240
41.5334006271107710815711984 1.4059275756292026913358170
19.2227283089697059337139096 1.7282118965956315075119151
27.1528083589189874048981893 39.2839025330200508333865142
22.2409948100119801439580218 21.4321755746125820893398251
5.8470524068372737649882506 7.7338204111356532067376262
18.3893281341143084814260592 6.3113081667647924872787723
11.3637047839091836216597514 3.5869504574442527934273704
1.1659768951294661816509854 2.4780028006489923703040617
23.6929804281515203041824434 0.8016722717102055370917113
17.8671170507601032860888627 22.8640794324730596343110134
10.1875105928581860824660909 18.7673820209533287457504983
31.9419563882208056255836534 12.1330714204194836318922389
2.3726252883650021287732775 18.9306801050836757964184391
22.3470770556879635350522497 26.0309075344511294416063049
31.0215800267504137712469478 30.4739490818620322378853043
8.8415394494098639608616150 44.8143635474668893533248967
5.6755075585798927725339757 25.4909516093947050788153184
3.4743013580497663514668624 32.7937376654972580030209589
2.4020809893844015109086725 1.9313225832154644889824224
37.9454182854921767820305292 10.9153667432219587811920525
4.3544943156655251050111007 0.1959062399124392414151210
14.1920757006922433400707782 35.5750613113431017489300038
29.6739832183932605014211619 37.4092865469860993102501991
9.4925334736289988575369808 32.3865992078827716617614049
35.1257405508303816205061759 28.2255620095641347847929618
28.5464309421939502629305064 6.6784190092080788115657899
20.5845043054169637859444548 42.0627885725645926448219259
35.3282911529571596531949651 23.2682582977731464558326400
10.0521857776257175792296960 26.6261818722117807059246468
20.0235524438717969655544539 27.3871748730590280143420024
28.2086146703121084646475157 30.7209058847855672452590248
10.4233705497888225036257584 9.2657080885270209387119673
15.1183960403223223119525260 13.0550412166322296016197796
15.4668307055169226013585148 3.1268431247632002443480457
12.8767250385779964759653451 0.4358351533074118239998533
3.3717777311595730171308189 0.7944274237816832489323282
17.4866141994813490357197435 36.9150148833573851321458904
12.4642517695211968896275300 39.2955777133507443250212288
7.3246867730228270599503090 1.5326329231438441022611958
25.0985993043483504543341637 3.8807619045445829363850390
16.2798834206166160549526453 32.0774904849355730990493796
47.4132601247182616333906663 9.6944708130872854416212945
9.2133713598241990057794557 26.5822081134350310031221825
12.9418547565555265173588317 0.0916267440275679672825980
28.9871199510922748139920643 12.3590807482186228895919229
8.2063098316731073655793409 34.1050799580734790022156413
3.6058151255936527616334642 44.9610731331008160375201501
12.0819513221856193403743469 29.4792546080856183619537501
9.4109444156830146731305280 23.8732931369956725860943775
19.2100828735820043107807923 14.3865463538026166464586146
39.1075548271712609061636122 2.2581309616126805845971833
12.4471774860662596673432424 12.3720561197549224552323739
24.1696460386839776416974854 37.7203951512272456941448242
38.8232422207722830047314819 29.9875951597863947701966792
28.8697749899060356646054458 32.6272293036383332789861664
33.0340193104277900422290141 8.9862989154759299531576150
1.7512126064774724369145138 32.7785486928099728102207139
44.1801629754369984187252798 1.6165393480598691126339165
18.6674804765585965224176335 27.4048384898963349842258436
3.9684341741255274236628510 5.0745965559473437896198542
7.8675296812719552065022032 9.8793712712047018665873865
11.2669678083368742345068843 13.8222804343531018096219310
38.2286022139853329860317822 23.3039475790020540693372142
26.3950371478189580550136011 24.4090559826728498538055186
6.6635861814444663493613941 34.9727982752661980293980834
4.7022401884997769444098170 39.8043833919036809162595956
31.5990757813063769765593219 15.2642854325794360598689779
34.4998323713349531697194870 25.2539416002688353002269694
2.8620182032638027806859964 17.6581100858553556042843103
3.1817875083645184836803039 7.0268220591968535502949605
31.9456859419639287767284558 36.6193002349499875390143324
28.3690482328118750945730094 2.3868603571205054355267853
8.9101065147382688712470478 13.7517272331885153358922766
23.8007260348625286159352835 34.3223752122928843240927461
39.7041203865293318283840444 21.7734430977736247815156041
12.5822926326749238713129728 27.4715473191033477554473664
31.1392907834114924234940874 1.1595557365405435526951463
16.7367711194337389308204878 39.5522501571742275687728195
2.1940818024063693575998156 39.9022055160407044081025834
35.7421033090661944972345210 4.8991888148998084315207652
11.4501870059429578331791326 7.1689062993552261185387353
24.3660559267994448472006369 36.5895520411507859554646531
23.7708220853379099515090235 24.2991361448758391473205693
14.6756975297397829583671136 45.3555277999891611038670736
22.6641257075099581646164928 7.4052282823817280517859288
2.1000109614516424215508504 4.9081517867505838177040748
27.8571312036181124331706160 32.5726916465987823419709746
18.7928864044079322499899744 37.5609826893682255789545614
41.4988458539534048431887294 2.3120970545836308262008099
39.8222066217098279604068304 6.0573806036809285960650460
25.6307654777371723049685518 2.0159020376090653529878518
33.6335916729985128005167501 31.3891941784749405948111861
13.8253156603885803328854473 12.0358068649598342114153316
12.3001277079067152733591497 33.4620211339540202442358221
38.5289694898486053739213638 15.6530671131991029280142875
9.7307241126553939037403176 32.8833241665648349477649946
37.6809135147152736799143920 31.4268795252813453817607394
3.4457143415839538945596080 16.2980689861161975356701871
9.0954744255949719119071997 26.2063416938218947538142351
3.7237458035070983832835585 20.6551135845548734720895083
23.7088633394764804473157351 42.9521803771360150896761280
24.6430975252884270771766591 11.4768351194535944327127367
31.0548518157470647419417050 8.4021532181930148410668336
4.0583088010640747782998675 0.1735790171820082797502397
6.8681797552672007761790760 21.1737598656766147346812740
21.3938136959891266849528748 43.6326109182261526390179812
16.7422553938102091505008882 41.1606229827541963858766536
3.4375723493406259759647136 20.9447629813051064119639370
4.6839319914113896404210739 29.4628712297330745694551746
27.7296992760460583596736230 37.6638258553223812945423243
9.4847759285056201062439349 27.6412558612310586164046725
15.6679726321090843487718310 39.7619747195669437037649143
4.4698534893301192020124615 36.9800001322866865933656162
21.8469608400119727842849999 22.0954814850227546812419919
3.5564059921912292698068768 45.0316774772904314699165383
19.3416245324285909527956942 30.6985595826018600901970028
42.4085090262726065862935636 4.4179590501219964989439548
4.8586541522330855091566796 45.2702273003901339715840481
22.9482937566400722893311792 20.3316456210252267573519847
23.3344882139330437429691485 0.0407405672502259727119652
47.5378385058618827164058672 10.7309789949750289411386028
0.0842533288188391992666311 18.9339087717402648459320437
6.7690393949374124345063003 23.8574957962856057456400632
12.3747472706868566601504767 33.9980239129662974584126711
30.7372982761523357873735426 14.8229043943095931564658906
16.6147947544956100606868185 7.2765785411816425065137923
17.7508016065799950367287369 21.9751915196167759612009006
9.5192727927777787156411477 4.3455086579916912188782511
29.3057935699046295810580195 15.7692886091331484236065253
33.8036703805196098689393980 31.1578540468560063849808118
10.4244819044875291983635998 35.2467044845757467330573952
40.4595476639876376913122269 21.7606296514028400928465771
11.7859651944868839726497073 31.4736560385720639789293470
5.1870965457009155096388539 10.3244384557019676263955574
22.3730337373600633707642802 7.5463475527534772394729127
30.3775640455239936506884954 7.7590980571254502356770151
22.8732483608130773311319931 7.7662416537577473798721009
6.3820950326257541957117318 10.8981128180310958592334452
27.2757649943958695941554423 1.0161909124219168724258736
23.8495727312075708014930057 15.9905559796662558628798448
4.7851972052986434277488246 29.9266083562170815632161023
16.3352653101385734309925395 41.1905220560189469465997319
44.2652855384146767748984188 23.0127029312642125120527702
18.7978861618464216859877697 3.5552040512835272537783815
12.4452815263837322028478926 22.3632503838116475338424344
18.5910415964031739212002761 21.5028642827137549346416529
5.9031535748299758180121766 44.6335387110631423782678217
15.1903997690468336679677168 5.2203213365215270396306269
17.0953331330909524348410021 23.3398711450736736916603377
13.7947917588257755788246440 37.8048108093484904446402899
33.1141851241890653528877003 8.6284844301265106027335590
14.9767498629834326495103324 19.3053610052137002600513365
25.1680666548986342302393297 4.5352420943737360617505676
2.0709268672124770695670508 21.1000299030749602245237531
44.0457427745997821599617715 10.0485095130467525197245367
24.4540219664624952636809584 18.7083085730316559841771127
18.3920571169990727719349573 34.4489801736574453788930349
20.5070093437757253248814837 7.5804068343523024516589911
7.2984834527903592173513053 24.1398454694586915526169267
10.0661203199114621519263324 15.6580082291799030355499577
34.5539701032067898850145094 1.4223748123090996236206428
1.9999626017834960213261309 35.0998596805096556972440476
15.3996027499097645944834208 9.3462417658100208325938100
39.1799083186968291722157160 29.8569051332938894193288672
5.5895093794128228163792854 25.0251350625217621491717110
28.7780472316354668174939472 14.4161020228686729582126929
23.2703694304411436930152829 39.3762606981768943296350305
11.3228301825121234233159171 19.6288949423545612334234775
15.8176814498975526136793563 16.0561811633266911686157348
15.4398656516677491447583875 11.0729647637139364298618737
6.2646518145124804245493277 7.5666463934113827836426065
27.5851144632851731895042767 17.1044280830273641594114387
35.1231749514010488692425823 23.6930914262633513436845066
2.6063801982489170399222135 8.1674220083313887686304158
1.9775687368155167971711299 43.3196170561463975790388453
31.4918637345738771935455553 10.4289270072731189139783251
13.9351809035561828511650311 14.8260154183503764255395378
18.0033570319411894342467629 40.3841446062740534828816416
29.4076100323632918220856927 22.5320321361488802247380281
9.1822752488159869288633948 44.6114987559819750261177043
10.9277340510246795467430841 37.9945341925661163428228247
28.9600336094366148489266985 38.5527749110268543030219928
1.3558987348771993355201803 34.9021709728887553953479861
28.4200059766369927585749751 21.1258907572655409538191216
24.4379450895030296587530474 22.0858968530244376789278760
10.0276779605385885805371011 27.0637335694787065852407264
35.6831482313064065700369344 5.8491821909233147534162531
8.0534674229688923574889772 39.8012771461818645476249319
24.3311618178750708786755610 1.5794190680051561950103436
28.5787532662465885368216480 22.1868172964713428574405781
11.4978611277878039111040242 7.9245939634852062204502940
1.7659920278528885250664020 43.3864180609273164575116639
25.5713915248777191509529582 11.7304703861956003536911127
1.0265938239982749539224427 3.8660192861040668723771905
40.7386433663274619691860831 28.7030126758705152700653771
30.5747573033032476357148620 10.0590365266314010170007635
43.4063995321268871113267200 18.6114072454872352050702914
46.8681983333087836583401459 5.9474351606076172193514859
17.7177550984261225079728589 14.6485888150427357785316899
31.6047281086443528686335933 19.9910270166058638613784320
5.5517432317255599352136670 12.3562998947496186011514867
9.7423185173122966340074169 12.4534023426224342858359320
3.5231919903745822184825578 1.7570196922517373300697080
20.8750394995277760537675545 10.4753389392971498762874091
41.8091645537685413772665733 14.2475878420139654310247951
27.5922611494437886011624643 15.8955064298340283437678199
36.6960003165461688635375333 7.9626352904075340781814366
10.0723429860573243713799907 43.9323105102750294938212761
1.8827151161229096465364010 5.4731511756503034533565026
39.0230898993238662655910874 13.1794709571093044312800764
11.6319568992757523271821813 15.8492138194104512948457476
33.5502540579271376230911188 18.4494025011257108501983438
21.1998016787282912013063589 32.0010688693766778414490299
23.5571816278649254978034505 36.4288236668682896242046806
12.2407528621800844218490525 15.0221160083068880270483323
36.8215447757097469783690398 15.5940322024293075104308691
6.1977474033530723629616293 19.7506437141737294047977715
40.3323553262642754308397662 4.4498442485059780531167672
2.7356115762935221700249184 35.6092183191887669233592732
36.1909815504767048233103236 25.1835830336561673022578895
36.0313422382472348509999667 23.4785514142227425516246074
2.9213619539554526379732217 28.3983387601102747994181974
16.3577071262658520472104991 2.1036676475411604973936097
31.9470530242181286851220247 20.6612149465561515919661559
16.5422482772008569555850715 44.6021750807675889515775296
15.3718318027018421478558993 40.8803961212393859785473716
29.7120835896343019383534491 34.4338799551050304618154353
29.2553969318878245911576394 24.7006427114293619062135252
28.8762547150005542450832473 4.4902019592005279568721305
15.3297095775356906297070481 30.9596512297604947925247845
2.5512640859165467515330271 28.6878206137014250390218146
12.5309968173347224768266165 13.3219412535841433175009874
30.1689024817782013085336346 25.1860541380534058015633556
10.9244268868795813728445195 1.2872051869156285401001491
0.5111962347884109955659642 10.7581912238785824521150305
43.4457093389740788585040605 14.1587548899393165473934907
21.7387915247780649032877398 6.9588032765869575179540758
8.9049599624167551078461898 47.9968924834489111267279350
33.4405442086354469042781952 19.7415805605908432325274682
2.1014716085785061683276313 29.3357089070357811552761955
8.2287292974693502832798322 8.7628770474638963142355101
48.5454893008221386556883545 9.7639883522955548112869121
0.1696325934703222695696608 42.7956916614655561332311628
22.3468349968618434372721027 32.0876762265987521574646359
30.5116683228211594065530608 5.8342176988994691961563106
36.3081953430922548786797176 0.8455477087982061571967812
38.2887836586419672075909122 0.6848692880483486694383022
44.9284453617801343134308616 17.2897309803691606174376601
29.2736412729767223291551859 37.2633053636023247486543801
49.2666687711806855712972940 4.3353602146499657581785793
20.0588126766744725510798354 19.2391276829819777021258475
25.6477288538557834253983823 15.2870534976199223703110720
46.5530613990712564988977614 9.7628107824694495849056198
29.4023317614695728753090453 0.0537307033041997987677046
43.3973689840599383064233579 15.1548132704217928989222531
10.7565082188182141116279896 42.9219935573651589313174490
33.1440704515716015006108909 30.4708154452954910706902577
31.6107464096538230066777836 31.6585014083825189863122079
43.8289356629264949595347943 14.4403739098075312202864206
19.0101066465263964758096771 7.3902533980705238330230318
13.1082829112350717135222536 29.9277950928400769988102758
23.5203591341570328628174003 38.8303065427029024295987291
9.4754106852185775224265593 12.2358731746633271154690594
26.5019566449971335246337261 17.0189980312206475790182553
5.0734301165753696643661850 31.4763451952768180810792492
8.7721789687364858011887221 44.5482757931264639923210610
10.1492438480601194756504341 26.2200848456410189866379353
42.5589370965338644701414976 7.4991248298233893299920617
36.7512821748273133549312990 3.8526949666720541732171915
7.1628808157289928059105506 4.7637315646099916034896332
29.8907070323596123458516927 32.2264741029118420748595863
10.1741577018782282110336324 34.7129156807277128206456177
32.0592159270426499042038984 36.0999539354727554712528942
33.4418511398689391391621168 25.3602561568065896379066078
39.8891363000861635905517861 14.8948583488782573781072276
6.6953929718301421281376976 15.2043320455969895796769355
32.9060511787219294716897640 14.9563296240532595461208534
8.9622402817968750977364363 48.9711981590336164897064108
14.5104241851386245359664105 34.8632699264906028426579965
46.7414067440691779933416117 15.1572060613255622854945244
40.1913593646918857582729567 2.2703815578430549796450966
10.6960780401655107935538651 18.6035995054368208593660771
34.9060358267715087500468877 16.7651025305586447399040872
0.7579508531239158037063903 28.1056135052101064825644272
3.8751760740303199746932404 46.5991739239577395756047376
16.2081578516945798269173285 34.4716640018225888782973037
30.7042734825839231547507248 22.3102575042668147865522485
28.5541974922555990109651503 4.4337123918071254004989050
26.6656830022915537614600595 38.5089775250044688541577375
32.4701388119642159696837639 5.9321231891941567736214982
12.8258077500099814562033725 48.2907719503404076306469669
26.2855716570764849481471049 42.4036404411307281472094085
49.7877011466005912885912898 0.4299006126841034278673456
19.5293520661824261700001708 13.9858645737435982740243848
2.4581361727226377045287655 38.0783083468311719938043139
15.5084770239058229601343836 12.3080112284229408051731401
43.1347991104209044306976629 16.5646945550961473735278417
33.6286204174952481053004326 25.3301379549346656340580730
12.4921787709096177855297776 19.7596930531735505276657668
39.5621563685338842689124213 11.9722923231799607908064205
40.1257360727519771879803327 13.3949731100831529239740479
25.2957149475167308611615501 35.7159180939532707128932693
8.4625036598972054457796625 37.8468761168768908340336620
41.0833869439446623788668495 22.9489720295728552414589759
5.2441156181685147857398961 41.7851558736267137553134790
5.4585233401224512327165246 36.9486741703317202880338849
22.4100454702575177403520895 3.3600389909925912284881685
21.0988853102947849002846243 5.1319624572893105192467754
3.6724062025615672714808703 37.4501459634456876029029868
14.0981334651563398683300052 30.6470656474423158291697647
19.9063778194140925386115692 43.2520071454578699322504863
2.1105081079504742499977557 7.5196911855657549555704596
11.9339146141574198597977438 27.9030765684001225813693016
41.8590917895364874757599632 8.4744577735191425340808203
25.5109150107160613153737985 11.3001422697248348043370245
43.0379195818679150660368715 24.0361702037714458103137529
20.5448634289550477504684069 16.3220276523961764060656439
22.1237110658138252902427054 16.7344378058059331572880826
12.3128285942597562111311008 2.8096711566265750018917325
8.2002019903090451434339802 28.6401237308453605552704701
40.8582012656490047005379620 18.8575552322064821367803577
15.1487551807853678285116386 46.4813426707171237420079335
42.3614029382392543212663554 6.0837111292478927775564458
16.1617736388361198498793327 45.4785341985317495727156540
8.7528416131423764508462609 26.4175654384586158667096134
2.4990140731005095542505585 47.9036003726488767255771838
26.9844829644302679683985727 33.9460996160438534906083479
37.4354670143453162788515013 2.6619183717506762553599054
40.5429112621986106406668013 1.6650364516997999330840613
1.6684369553842703236667563 15.3693304384383663480848025
43.2125037325044904632747897 4.3794430203263839383847542
4.2355738612811996794346221 6.9325258070656663553367199
1.0874637171575906489110708 24.6133586221764094233268003
30.8674308605537482059376542 12.7750425466584686235455381
13.7770924801974738050341578 28.4902039794748787939534277
38.6821199647703644097361127 25.1434602835630796491129240
11.9758104602638134659895150 6.8978231218142893366673181
14.8854894414267364198244153 12.5865882624789608462928974
47.1944788721670081117834094 2.5847947664334756637608316
4.6995327578897199022528790 43.7825809181861895785258107
11.4558072520078124633905179 10.2109980023915983697553382
22.5505820176546514215493437 20.7236881530539990550102996
26.2690710238925219914217284 8.2119368934308236259435801
6.9966815219213093772129283 43.8639538537146114161230979
30.8668845510826345849523764 36.9490925207932026149132930
3.3877956963213861602850564 24.1251495398471321948692464
6.8086845290583583426869510 42.8852167417137039828573613
11.5460002225035456705637124 2.0469193589265000323125860
21.4759584977852607547527417 8.3536343349110658946858191
13.5530123163034815720721037 12.3416310572843708377954352
38.4587051461214771500470607 23.4612019829268212813908511
35.6389249074953392532622527 10.3134393602671812310766085
10.8618192699346778183679348 41.4490154544987437698254935
1.0157931197329529992099802 13.7465691842693315203590227
32.7596198435919116418547021 16.2575307997044574141280508
21.3041595141715917043634963 16.8858753813574038741973086
37.7531814483451954225330153 13.5903381314934240473468858
27.1029717483242672744003951 8.3324019591913957870013311
25.1977864551393665578083101 37.0954385034224265260811400
33.2902969905162690996046448 35.9549179707480828594694859
28.5671400128639176053543611 9.5088648894297225403603795
13.8134486386790702394965749 35.3792119288513172105648256
0.1706128741767437438781134 6.3222536525486819957993818
9.3451121549790732720729304 14.8885485797260433029381223
16.3023260198610127373613437 36.7591371816880733343352181
27.9655217525572037510300868 22.8019646764757940508268019
20.8912460546720308755531666 31.2178769022358454223454391
15.7794787776896356792856716 24.9300631668763005791947706
2.4324376715756001204359307 14.0919568184798193741412822
3.8644269425154948366247512 16.2038947295383385049086893
29.1349543513800195128258741 40.2635621243700004859681362
45.6420544489914479168826936 2.9669623649955480494584649
28.6822788092459307035836477 9.8146259382964685407194470
28.4005557183829268106073920 10.8355172874684130621834805
20.3131518223257971742351099 28.8942185054924464449331644
27.9327467320035135163040315 23.1357225952799459099583635
5.1450785037483651492507149 46.2117752005943446650636159
25.7380699950726578975852630 29.6740922848322447530679117
11.5693354725203500915018126 29.5913919362419031116835191
31.0175961062285535182395202 18.3550737342805374885003875
6.2687122854415620231147368 3.0336852642213938500672360
0.3939858916186432762021156 14.3472915603331022107469817
13.9107186931654839936631911 39.3191035686168253362467713
46.9756071280412078713765046 16.5466714160861991193136531
1.5349291890452551789904698 20.7399130274120695332040354
33.8783546606913598146711402 30.8829578486972652604844873
42.2043181350967389927579096 22.0521094399502859741421548
9.9993721113491376443773791 45.1332755002201572898321421
32.2280799081687457686152796 7.6714317720155738412940854
10.0313591241050394152664160 16.8039231765452491439748682
27.1925687447291253414821793 12.4323853327983958736076308
2.8043699247523324022673803 18.7919000988496263743593447
3.2534151495500353971161246 46.3348172529543739951088452
32.0073568404323761792733313 7.8440492151201331611331535
8.3478272239793375565844361 47.5532730801843904667695608
32.4658459932380554436151826 18.3703250908455210497806383
2.6210743153299770405289184 28.1003553257519769050889310
21.5976043150459324570562488 3.0892536073798341863391786
28.5292804910706023982903985 32.1104368494391294799583564
15.0389907997438769974594977 43.8557722053234290437296813
1.6610673664316687895242495 23.3289702988403618089408343
41.7364715948608665301204612 25.7888917716789845812603519
13.0197244066578891065708803 32.6034779797290472666463806
7.9082041123394192630458610 22.1237498566038279511836841
10.2540552363229051456522313 31.4778390492492163690048292
25.1427814691747762506506520 0.9168096821704490958786456
24.7047534773869337347051941 35.0809799695153642299314868
0.4004378940734004968280792 44.9759896999831462306126590
4.2920441914261705275001348 39.8193213987737976625017282
1.6785703143241917469803741 0.8260760860051476631444110
42.0464413717727629201454293 1.8965146901819080629464167
18.2300671830102529111952800 26.6957796384172421867629748
11.7080331809965622147904175 15.9506099893603918763108311
11.3375174999652263189753531 9.5110828478140302883353094
1.2252951069213026372992300 27.8387976015659611953830163
38.2566881067678327559099110 29.5791449352662771701501813
29.8579603892576978650870951 9.3274970594215843678002899
24.8727342069811319734896647 17.3160934702048394772196296
32.7453230582776908917866813 20.7904742083731070607849813
16.0539773557997688970342079 20.9229493872032357992072139
5.6108387558887861583620790 9.4349609673499115292416546
1.0748669544941774129163753 18.5160649445322591183918252
25.8614608543590965736542010 20.6442447785927026563081488
1.7041021907685099581313255 2.1438366830096841343750107
32.2385832811422934359110810 27.4713259240403719809738456
31.3943690368517936756396902 30.3791637932639841236639618
40.7913338343543258706447777 21.5770035921176972559516119
1.9379859179701565192109953 40.7951493511391543939246275
18.7098251733435306669198398 2.7280839398597548709578420
19.4824957768580397184758367 35.4250244644193385974311587
25.1542597191408753617298949 0.5130477385261630456497664
3.9002760649754259509090064 5.9403574485867268327414817
45.2102467135411580117196820 10.8182065103574779739277052
9.5386884726299981763210027 15.0004474007316059296791211
49.4995237394408868270020224 1.1389247422582775552438235
23.4349894460598026894917105 6.3875871550269795351883848
17.1506939317161818440425289 23.5553326798963664313284317
41.0255893918631458902666211 22.8670289948267243491552207
0.7544569564881124150139301 6.5521595448223553197296077
44.1935863696495456476306794 12.3055647488575627940572166
16.6816040717521309505984492 45.8172902471687289275642160
40.1133828142244959240055162 10.1939452225072731908417756
8.9374221146229396950248174 38.6732787069450425332488281
31.2083414644835524907534237 7.0738548922208316818068757
17.2074675651791745057439968 40.5758925963842068599344192
12.4679164139810932479169379 35.3702001732246468242543872
18.1506094018671344886642931 32.0710988015822804049355112
29.4425868055766697770984351 34.3458015221086752269530321
19.6651134838760208520477765 40.8078829598679072394132766
45.9156967671067551050882850 3.4276508560677935016404394
19.0594620255664217847379885 39.8715049539892776591327536
2.0553646959150233618787402 15.0922323056195415676305202
32.1684002185736316102274767 28.9602145602837675185477617
18.7486615820348104307878048 15.2639342530794451566046097
18.0060616069809919702134349 16.6217251031776210476381759
32.2782867524159260374493438 7.8493441973715568926186389
34.7508962168028761852257956 12.6243895745099512264519139
21.7056590743401149726129612 18.0793905911819003225453262
21.5042743837608485838195470 41.6421203017801073146425171
16.8612808628148846578141284 34.4266932432563516863296420
15.1339866939368328432241652 16.3389854871024012481660672
14.0605257592559976094394505 25.1257162161260301048722740
28.5731525511172479911293059 34.0231531944142693819177519
20.2902420252603310241411551 0.8978187770143484819608041
13.2500333046637514335315720 40.2918927009553794972617971
6.2972434103662397677960471 1.1596229691580664665041262
20.2116767005247551882135476 4.7421645852358124979575415
21.3922332778508761817650829 34.9409838926440300909191384
36.7825229814640227587298943 25.0209113166980993970946904
28.7458274466778294667628776 7.5615742015683202118363907
8.8557031045735176564179366 22.3176280667020472909179620
38.2136024740637982186449907 29.5587649598934555991050879
16.5146914438696749074264697 27.6453425826806811203444697
31.0189194397546332012405178 16.8323093124506273828055136
3.3332545569198698710760391 26.4931956180973555651070058
43.6123479717763570393740985 13.4893700515885721051160815
17.7378240986246136749628165 13.8517001211494580711041640
25.8072936717154598644923827 5.2899521114878892722846154
15.9638211148193300005696273 21.0394014984753908963653308
11.2760168095075357733715804 1.3606781073066082425896228
30.7592760036075847698302918 21.7799664768771076437400477
30.8778478595658982137577846 27.0380937116783748716373050
21.2546495560060104713344399 26.2724165666459677871381784
12.1723917015428219097174818 21.4902973516936578655088915
9.5380983388527252214888134 25.3579313051828990027412873
38.0977511854000092606119033 23.4640438674869551823666184
13.2472561135943938385015962 45.3652973699152109548863285
9.8354351618076909310439660 17.0077692593084329071221204
22.7617501727005828151980584 2.4295532666654971668353197
15.6482706949620953634990349 18.5373035864763918744157577
26.3655710080674108664733620 32.2778045321944908137429507
24.6497617056168519516809566 38.9857569870883100407093320
35.4553802651094986071098898 21.7810929536716292915496052
31.1225889671784759974238382 3.2224922001551225933687521
5.4129541943636618879716870 41.5956719730517256621586695
3.6612981084342644293210108 28.9325922820817367088786203
4.5673190412917251283617279 48.1782066579387535099221228
43.5019515836789817699856690 13.0414802998451724818080116
47.3039240233078102752211522 10.2877972373643828403658630
12.3462499235364110115767224 15.7343608966356547484125180
37.5474203944963675939608201 8.6134326327520690328641554
17.2787690152566469421948212 33.1050470671377666191241728
3.5778009918296205576611510 17.7115595039754470349095875
23.1689479545498243850025117 34.6005758720770644453938245
22.1713099209568911164581520 5.7387295099942229803498199
15.8620277257206174330974860 20.6251321554183118152603278
7.7140516597003386821114223 16.8521039336776715172969289
23.5620599074735860254256168 41.1683049555920607464203084
25.5122830201486543432344265 11.9005636463082981255619526
3.6074004846325524812531166 34.9998094529594950120619225
17.9784102018286660164861758 11.1255007354627838553221286
6.6989050042382400394591246 31.5772809428581400332374929
21.6278244041219527776979672 26.6877726973321417012369169
15.6504431916084678206969128 15.1843217795934552368175403
47.5511114854681791105304582 2.6252231327215255618691351
40.3867311411720231026565327 11.3098164322276219924441359
45.7423981080973095787740801 5.7561285010270291352012230
38.2438369375461691661900866 0.6394812697642120675905448
6.6924801180537333811607047 20.7053304699407173433492108
15.5404177065843925293827749 38.0459645363983154930541019
22.1256230591098366365272195 26.2575094829305369610907323
24.9335346094392026807045093 31.9580796025026739503008311
19.2478115935109803066083093 12.7875622720166761662233413
18.7691890006356366168833953 43.0432055527747402504584920
40.1684447768011106476274992 12.8060940264031941163655354
35.6965241974396254193893003 26.4529423736114335933525004
26.5488318153861786596208346 22.9817216334707748806104838
13.4596822345946391398507290 28.0149416230649579683413354
28.3547642587881922436456258 2.5509495934940970366369341
2.1750637408688416880758061 32.9965012951851857438139135
18.1020936384270981035994611 32.7919838665735072239796359
22.0805269418645301168221518 41.3696788719660552001620168
7.6255187540593475429758845 27.6649862413030882728963465
7.3508192234590483692852287 11.7671346021036452286313878
23.6727021692481595403215653 34.0822999811643210890594076
33.0291796341293199124730671 29.7753806473807646737585990
40.9884389848833160666282158 19.2859500565177642570837079
42.7802328744364072889126947 25.1466036515667556506415662
39.6586978732840473954939768 23.4347537430111557848790930
19.0917894676309343546765266 37.0270654376451567609173881
5.9853989162379295561405223 40.2948507853484651457557975
24.7888609487436987305658204 0.1112333756102567312823973
32.2987132286631085812444422 20.1938882777087462078657714
9.2516267181497769166617304 0.6382813392362244426098726
19.0643461746716363510164922 7.2491865014139997587252268
24.5885435189957345487549275 23.8202335759843643709981187
24.7074306009038451809768601 35.7916592672304067327925811
36.8389854912170041760105200 20.5399403109625189956297042
39.8737275217355907101302526 6.4873610599677360237008829
3.8853887094221656764250793 41.5078758138343518607908837
37.2303506084921871845541703 21.1872837704304472140493765
4.7182683709744436064550220 46.0297506356428371451492038
16.9413178455521700333127140 32.1012733338722185320558308
3.5370184132142134910612245 46.2438049985571970916372399
32.2721845578969222400635185 13.9465445132849819338578574
6.4289864293685401702914071 2.5822729311587395509799754
14.1305937712818089138368188 41.0161714409208571734154395
5.0742753462737028347653142 11.3908616754922844243705054
8.2148479739299570193361177 7.3835135785897272364470584
12.4151547737102772723488162 24.7257746480230405325375212
2.0901153518994790293583857 9.5462776942509962239423859
10.0203162711180894119443897 30.8803054037159105951280469
36.4568983705429109214581937 20.9139800420652990190075496
13.2007698293326983106923929 41.4697441023329629505665527
29.8720707503666237404229599 36.3339977030479102340214995
33.4736836467960700396784583 27.2031708283100217226404758
39.5266960840179321183790795 27.4069388418641433315560367
39.5691844359410422238032896 29.3305240845519360137496133
6.4352434689069234380274225 41.5822996176965997618963298
14.1120178664977951071924812 31.8410262355918267779378089
33.4727392195136272579640685 7.0410034187205340054994990
15.8920074117420843094219188 2.9058734358424247085110452
33.1861090386394339789107151 12.6760469735455801939787865
25.0101556951897957699574230 6.3633412687333863801700958
0.5748223958903068482038950 43.6883231448997470828616118
37.2523817420789896896400985 13.5003723853240410270571456
21.1804713795069676567284649 23.9350711747821257752508777
30.7435279615633679679712620 19.7569098918978558145301201
5.3518592968413678013750642 36.3229624627013678855877423
6.6769648811632286043623520 41.4899763795511567476212644
30.9088729063917428011377972 28.6468423330831082063962295
34.2169659124918733501452974 23.6050681791722258297071160
39.0088538491483597090321448 13.9394878448163654469800953
17.5458855502912734855658686 31.9631334549051979366071442
47.4060431201716789137889361 9.0369837716144776542858532
28.0247017794543636380276048 21.4036466559473791049884479
30.1953034814510547338432700 32.1907385386398025940890384
15.0354507761743228193727708 36.2068394085597998014026290
32.6812181027861536681936449 21.5159936632757586107413752
5.2531430428916948314063826 43.1613772737955917193373978
11.0698251767774887371761067 6.4388640733892837963118579
10.9793805444613212333971164 12.5679434618359188939026234
20.1243701106108728300305114 9.7216113711231908129141254
39.2386513167902454495253203 23.0397101292389340001396288
0.4982113019225303918079764 47.7467463341601597897551716
9.1615344015325878659475730 12.4726215131196427677903795
1.0068481331304761756618643 3.5335897946439220102122703
17.6435857838554604848608055 37.6789580626605636504956581
31.0430790523325633701603556 20.9004125067097945859081285
41.0112788461580328269338340 6.2908669833871588243383848
26.6128897571427342450190795 13.0481454151219260350909410
14.3528946928640156574117785 43.9373919792192032382949715
38.7150914534001504432185645 9.0632054900494574840819932
29.5166635493560133196032864 35.5213537595925258938008673
42.2137450813132598065204676 20.8686301948618698552467685
37.0014338592737422330890247 7.0988655683701080954651392
24.4120296850062450815034324 29.4032788419654635384371786
34.1384157584387259564453212 5.2027463424601498849780585
17.5628032674199821683667887 46.2984658643232151569048282
26.7663948017016064662993776 5.4369209410696068217571328
22.9483015659769953694608282 43.6162292643114414153217609
0.0964667417421212612453665 43.4970193710757341920632590
10.2721098964351035029735671 18.4928028777565248557232071
2.7705857824370975357829728 32.4164133491377700262927210
17.6254595012254449662292755 25.4429396369731948620428911
26.5748831207032356048312672 32.9814430721422839562624573
25.5109514511847956536816558 13.1792016471139999285078013
11.2658766888408416475366857 43.3829462165933644422400607
20.6850480746320311716482249 1.6213531848926994919274383
10.8678436559161454326134489 22.5253185165174343716286284
14.0090969443538678416937158 21.5579498747838989186239923
46.8930366831476747850546740 13.2303858837513321898461425
37.2247840142497843829207608 12.8963349480561223672144064
22.0203994772836311187286499 12.3126766732846024731641218
3.1686684217518166222663358 7.7433545981695072815319359
24.3885882477172103644773743 21.0759759746330601680217566
42.8375367483460390621346222 18.4511637934874628984811366
18.3245339268581344248167078 9.0394389407432361815072280
40.1936246145378482803425468 29.0167630921441202582525194
45.2580701794096279215031667 6.3409055848224841331133188
36.2139902123915660532714272 15.0348565971481037140942034
9.9018950905962370301975588 42.8946671931934464199519020
30.5763662871900440057959138 17.4523873630970076336204815
25.2736995643459543929342941 25.2337098012000430297947213
13.7150533232310825752711340 16.4133272781885403428068878
18.3650766722104237096369524 11.6929020702233074544909475
48.2150732373110723102000831 12.8959959956852341368470669
24.8073438584036367413672736 34.7936156599299602736686526
29.5382691292840200143231471 22.4497362311005040039062659
37.4564266728885753985483156 24.1250098631797720949939368
4.9248860954884211832704560 4.1527697921344994279373629
34.9450206994442113615613785 5.4171513099982356824565035
46.5935201852416587252895218 16.8684284018244599592424253
18.5403545553118660873620457 40.7646323786113216103805871
34.0421345949246011190398335 24.1688450742073660983008884
3.4394489125547200271990216 33.6031276993366519847380707
4.9041202538395040606106580 43.8799453570293448497725922
30.1604771675487602679828006 35.4167420442051658660655186
15.7002813982271038980717929 0.0341176857945462550786095
38.0725643432241505346168011 17.2765692291918017552743183
41.4188896221312243482910922 25.1092728383302721943344721
45.6821593439571247438841725 9.0631295739005496261695815
12.1087683402176738433808012 22.5028382494951538527222587
9.3039194094946523239745922 7.3781490647471117627943342
31.7584571176941644016340479 30.3298598991749526272449363
13.9560743050137938925965454 10.5701461670562413181022709
45.3224933911074718437197124 16.9520380135551706845464627
10.2496068809176298219490698 18.7735334656703871050154440
31.6981723600741529943294194 27.8159283330797895843582891
14.4259394738805949190611414 40.4523456711218869247310969
15.7197674088434205260951828 26.2085656343849579344827779
16.3872153254653856638824479 36.2968204375649464986916418
0.6502038090724965587634619 44.6830754873326464097266325
22.3284035371012283027143805 34.1824866778934817278455496
46.7693846850970914563503085 7.6566739631125495267891545
22.6888290222380375606756031 34.3105965788945286955537375
18.6212227611209802907680430 0.8660617072183338315944800
3.7638112362533806373469418 34.0196079486206424818950721
21.5639913158166903638301909 43.4222785967224705123861690
29.1170722440532536369765394 23.8892466171410190930839011
25.4870515597543091127247833 34.9272129261758508125676364
2.2367884314924788811530842 11.7896894578585663488044765
23.4884339060384150265297158 8.8483598842760100260769080
11.1412894313244098955291592 30.4609860281550801797001014
26.7979838510456055107647877 39.2284088578557942295345181
25.3105147702746873939009294 3.5182157500225719413312666
15.9325424509814811505860611 22.1281289549675441443770527
0.2694830180184118289983582 20.5773511148301031347415982
24.0537892345396997276910499 35.3824140422942601436952389
23.0983468987905975179248969 28.6873904449869888499877581
28.7230767259199602972280883 2.7358478387723053286059335
36.7217945814804248543595651 27.4045580645912790244589656
25.7971305476214274932916358 39.0897436101719320096444306
37.9207434202464310256665016 26.0291609249287367075371929
28.1395608356547954739573872 9.0920358543333290479700645
15.9325698536339351996710090 43.9676383020406853952440518
18.0829586856471750261179207 14.3529301946737479510526670
26.0377734591307586327608253 42.1963784380956779759140696
43.1352658649572295422367472 13.2419348570915282202237886
22.7267771046974231725606762 35.8607529540778188496873566
15.3403769534942085997593206 18.5788275982286821844499388
25.8126157827898601722386665 7.3965442234916580116235931
48.0842891073558424569764708 8.5965772863518350035075767
18.8321794912001133887870766 46.1340331600351394901387994
1.2284596486138365111679054 38.2490638694821859208351565
9.3093555273861958064555498 21.6756983662516415849658797
25.3364322271227501161010252 27.0751768600025163432318372
8.5233669193145495997826723 15.5997505223235670863522713
24.6906377152738586764001892 27.3198171518971936190852704
16.1736037797507638258532723 19.8598726273768383868442114
35.4302691377263883101696905 7.5296765420748990215987166
22.2802018968020854787620596 8.0989260669385513519477760
10.8662004822635836188380039 37.4088985012824811292179068
14.8363483831624367080346245 34.0203287264164064269015778
32.1674262691366794999919512 35.6125916947876103908335118
6.1696998190155231784996251 23.4293577407328820814552930
47.5943242989133491969494688 4.3909332185614405494459507
26.4793305558624833553181859 40.3093668185617550794968807
45.7672706599730859260079825 3.8544696570042851769310370
18.3638818911137678149038609 23.4151199418073412244058159
23.1986596241890724965623880 10.4317875573182433190170780
22.8737921932940614419284644 32.0357555037804540009573121
24.6993731912238985587773309 15.6346078927694943774807736
48.6566630889683373910444494 1.0144639208104800175052447
20.3952866175423746516883768 37.0207007468564392970176811
7.7184706265453717945928292 10.0461540495433522776741975
17.0429998677545687396995608 31.0569823953924691735105169
4.2645529762681123836911734 6.9866721629544622920774040
23.3326930365416671222056322 9.9038091491365077356486594
31.9359930008329201703112495 31.2264687573018850712786884
45.4441701247048550548164716 13.8862306504278805521510598
22.3298419087104121521255469 25.4730869808117315556283903
17.8714715417690946867567610 44.0239764779572970562883184
44.7710135835993334088487522 21.2380870771631401589951167
21.6846608513784626817928265 1.8098297601416233756599177
14.5280909954240125344351717 4.8409267737365873739780448
36.9888503705033086126537797 8.7364150696104892182526003
5.3072618815905713609000636 41.6032807759221761606296110
31.2905391096712604280859614 9.4287943145522739080268735
15.7645728780691944628415149 18.0963599094415989351099603
21.5244763904531688473032334 33.4768116181458374497886665
0.4087587644712060589289736 25.8037384166028929516594323
34.2831338307753883665122131 23.2307282438830153179389606
1.3213310312844984782598572 40.4877028776116742004951814
44.0469436719712005748308017 3.7903500047088276425994206
5.3336818614675287390267433 25.5353057119089975771715728
22.4929076970309567150126640 14.0203103864659695031097417
14.2413254978090566384538630 35.8982541088762926083931285
28.1903436397146119124086023 21.3612856699872333999792961
30.7039876925328883713221931 20.9705779552397867894644168
9.1437523118621528324181664 35.2120972630048767927535510
44.6230150397348955381769779 16.3336012184574078750451387
2.5005438225199040163790855 36.0935905749436010134099425
19.4620674435064224438609233 28.2086499291335703979905517
41.9084467511405804677880050 24.9435781496323122430972576
10.1237751629849623531055964 13.8206069493828236480923120
9.8395989227931039698570154 45.4607775234714698558640255
27.0055147895899066647799353 0.4496342394000029430627877
13.7924380942405916910906391 19.1120028101855655611770721
30.4104562350407778173715226 10.0600274143100365963789605
11.9963548402398682066402526 17.8630196368658086451820494
13.0782722295312668288633106 1.5680546834441926217239542
17.7943648296556898630678923 22.9098358856870171051180321
28.5848114124227051697081624 19.7714075502031132234136135
3.2457530598756216083331919 40.4470652467432801194405464
35.4117967834618940387809289 14.0536347101665430770820200
19.4088207686800258196885786 42.2054223574324024519138729
11.5800038378636303143488902 32.6098683087660382033126976
28.0200566284858267334809995 15.2930188823674537581912471
29.4023452782080220152680263 31.6938809889391493638305532
23.1288551975025698424635599 34.5044353272584126340170652
24.0303902827516944269866635 8.3988298505585252491176048
15.0162777333157834085166987 11.0232210826021537242274373
36.9635898993725424129688337 10.7560690659275779797660252
21.7215568074495220955465107 35.8772068291379579253219193
40.4479663169522200850402790 23.4938719844707304111403890
36.7663919493208965515668283 8.2299710223615954490531667
26.1816606282302537720997342 9.1115666462018370826852674
14.3066935668851980252423155 22.0072378817344020151852876
32.1279103042618973627272356 19.6417254710807471265826077
29.8304696595027282159300980 12.3548808125973917116222200
22.7302238877218640669801551 35.9212600282066712960233581
6.0380234285109439361976557 5.0539363942132221794421646
27.9101110364948005058946316 8.3081707932932585195768069
6.7153180729335604718710472 30.9661832194303838424211684
34.0609779502970306028141284 30.3455067690322069512289888
15.5577912391946706565565098 10.9295531362282856147312617
10.1469207141756874115735586 15.4609184727244570556608367
21.4555159879533499525691429 14.3930828417916842591373259
27.2592077246232274639836618 27.5850610698225818885873392
0.6766092092007291601342820 37.5771499714657014050856721
32.9767164894920988947685589 14.6811501447148173154593975
4.8420423819545634260787620 33.6979914174621953491908822
44.2729393868522057644437338 13.1873741907974475544704092
35.4222907895354239049551512 1.3271455163597829694122810
27.6418317816741749053928317 12.2649555952570618912134316
37.3766460378974953791794217 4.2995733460102131877121498
26.2298933809147893885777711 25.1990613560474216196844808
21.5662756805468956888302175 18.0664261344254672490968254
14.2216597119705276080054790 30.6307752927821657139640129
25.4151870429219503519353276 32.5817167683547978042394474
6.2813861111179805759858556 35.6376793369469293867737878
29.4373596257920660556903589 8.1818004291101596581814981
12.8911568770661662946137733 19.2696153145533677699191848
10.5325810705939583253966320 40.2624482115949554520174619
34.0309898146933124981371089 11.9328006868563770660612307
13.7462644298675777798274410 16.8089325724198619265424920
14.4230194252930476364871576 21.6558655023903259803260054
27.0108138479722872022368867 14.8464115283858585131301162
27.9768137032192110292627756 10.0894942893767364249089823
27.6076122193607698534888897 2.5139108069702687063184133
40.9207892531287957438880246 9.9744176221481149193008514
35.5516149800650281152463656 13.7507335189514850320024482
1.6570848118561108423257802 42.2285930374943441322534746
12.3945715889936948513205457 2.0915532805334685789331032
41.3004951650993721522077549 14.5694577496076834805760757
15.9446359854194678669357274 2.8755144396205968075908735
20.0684737112080858651647251 21.4885170010066063900213656
18.5027231365638423354835497 40.1266649066635624906826423
9.1804578330656926810538293 14.4124666166240526121300348
23.9320043084810021057706543 2.8738771335683006545438369
24.3888214864509527216082433 18.6463236725642071256977939
3.2333846931332507149417032 22.5620305696586537114779317
40.3224495003761946107924302 8.6660294420000428249271248
2.2184292117711817064520187 12.0655945494766354439188161
6.0331746751607016881288384 10.8903995950102566319044585
27.5389301154213957397805329 36.8592909331953442438001690
24.1174768463819807344365393 11.5476105997833625099474924
27.6430176303890402253106399 37.5414913966667111615423921
2.0756075305513122655592269 45.8005660814265338630298090
6.3955879680777680056894195 12.2921297805782577383711269
5.5178816821057110944439175 33.7646706150420227707847659
35.2610076673408962773548515 17.9070192461985845884850623
31.8133768478343961778223277 29.2217222890382424238667716
26.3314392539506557550732682 25.7420921219606106330684486
47.2257007269010589259610399 15.2063536343587904398990002
19.5477814147048921236212429 14.9627618360688347319859641
39.1097369830796454846925409 17.3472900798462533173525038
10.0495699819781269253681631 15.2972593354928826500549386
29.6102180087699850311904488 24.7635819192844891370626772
48.2175517975720817948950726 1.0332950442411420158068543
17.6836848975743419774798463 45.5717817124073077894492536
31.3911009205733216160540517 0.3142976207048984030390768
49.3761061798860554101671348 0.0117691383749165102261599
22.8587971164576411733517572 28.8699739242803582598164863
23.6946478456305768499040943 5.3910725715347463850661034
30.4602430558200901917154631 24.6814422791773652426988886
13.8464827287958346440292317 37.2930947501163901020786634
21.0114379124515352545732448 10.5839253989809598583181613
0.7962935937052923107409801 9.6626040233792003846708991
30.5591602237776498800189931 36.9883458188857904447287814
34.2979813183527968767927835 12.9864728654828575627284888
5.0085656158223471605507423 21.7005592202597883270217769
41.0281045485474963629550620 13.1982815985057781937130162
23.1844320682508072153837150 26.7017248445238757703604527
46.8367312952664019817265541 6.2706141306105598149277297
28.8787412871027956708307979 25.7199980885027354323970555
2.8538581738559122614658861 38.0704018040723573036753799
16.9077370725986287602028858 43.4007883232997733466314337
7.3405781357114553456763024 44.6219218841312900107702130
0.4037223562698554153299296 45.3082443740545735564038905
28.1500376089467951429063055 19.2892556262516517196803047
46.8624340693762022727098868 13.7263350204404014042385825
15.9428709374102590053874326 20.8404622375099763352793037
6.0521627483225971549302669 44.9207226797144957456020043
28.8977815307642073306102856 14.1569143036264461994752573
16.3285085354782942369923805 40.1357672034161132305595819
35.0244926674319389956728108 2.1874444882113782998321592
19.5173795925805735003941186 35.9175708231934773024965986
26.1157291886681367292895357 11.1789395268132256271375902
0.4590611682105861488703307 20.6830670560205149649886906
32.3140358805466318907515574 36.7804715183308227873300373
5.4374897276332873429513556 20.3944528110435578469054226
25.8541995347752798861963916 36.2430733577607309002995100
9.3934788632721680263711103 4.3315764849831542626128578
15.9314935792794520691709571 28.9341927886951356897685982
11.5805838807398801734170140 17.1723637563716794445390468
4.5309223121742216943273262 7.9981712285397969424138724
22.5889324828908107550759173 39.7836666143707823987669905
36.0736006410659292716477122 28.1548457070694631197548207
27.4799893670247510064106697 4.5662002133290897262191059
4.1544175695756760233421332 6.9455607878414636381837854
21.1008425330034927235603987 3.3547644324737236446080560
45.6783678101460623062394454 5.9988927479170711045363819
26.4959997304905754643008971 1.2091312095233305822160260
37.8462085988185565620924598 19.6764959963585068597997211
36.1004431308143523901902852 22.4668201078576947508896807
4.0001332882991369601550123 39.6925551416867232854726607
4.1040443612040482061420505 37.7578709659491957946983054
7.0186122949164546794158275 34.5577644163167415010393518
0.4141308754936760616833246 5.7730837182534293624381076
22.9319868049636842221082729 24.7512420128156695669980943
34.8539126434544190964672641 22.4878805902745798880008212
14.5669975757037409988617662 1.8173006436584268504483137
31.0429282140603148724875158 19.3477804385076188948120017
8.7632910444522593119188224 6.3800258675198825645386326
23.1827499052081019138126369 12.3515224499886548086878194
2.0475690601798376313956639 13.2025550914887023038361180
48.8694902380635827914052540 1.1282392795006678671828044
14.9193079923534496106592970 28.4765561300747615655185690
5.3778596598374244957352189 9.8528485971871759444391056
18.5470997537547566432644498 0.0713493116311957609623143
25.0877416800275513788157490 26.2317597083422593220288473
29.3931915328853077903049124 36.4560048758927978351194904
21.4846183435401487239415953 12.3049248121399813771572911
3.6876776117639651224939142 33.3526765617348140667454039
9.9433529069788936127128991 20.4604431273439037866703240
6.1048713600213041291397268 41.7280546596362629005456436
43.5116622634094863771146262 16.2245260970848345129079608
3.7845304928326447305551608 6.0147592594234309214394069
23.5075469916617038222822084 10.3872630868201648012558494
13.3978525403658913785161448 6.5572515055174779325903770
43.2809052978674310269217532 4.0942931742891765633005237
32.9205076467197628639751204 18.6879687575259398749059486
23.4578147836897003187846485 42.3111205899123988001999637
41.6147755241181788944156464 4.1485489122408270212971269
7.8089172163963728059982038 25.6519163398656889601877917
17.9472210278424314093446940 33.6956563577231784995850089
46.8162988099995723331267278 8.5576962865500565426328298
26.9942838075372634846939669 19.3599752509689820827596083
40.8900032013215559799174955 0.0873967728975361117276823
15.5571942674216228427558144 16.2933638799881897121942905
22.4400306982428053753467157 18.7335266904531489671925803
4.6347734532760453736348405 37.9278113662890867480347901
7.9870571373576377344898025 45.1631145768821441807403852
43.6978123157265847292049608 18.9341278864259817410109273
25.7773500304340400894321864 15.8438702787065948785793381
2.1049530927366186464916537 0.2630066109027378428388825
35.9923838963013765181453134 19.8632399537755507251223264
8.7586790639266143321905716 18.7958916004304942609982250
29.6005409095628601151926714 39.7467983347249684609344938
5.0527409391522350129095647 44.1754435065661224212916862
18.9458376409883504333778361 40.5469510084458628793480714
23.5273631193003469430628917 36.3450572245055881774226703
23.7582938325026475109587010 8.7774412084881925033651843
15.9328674809486054724340184 11.0970146361321178097477765
3.8730373030991958626237248 40.9877979653555200310865720
17.6207670427426614605382920 30.9274727196613018217044328
4.4776414458044158493912506 30.0574570960820725993235216
12.2174278394709104046440280 37.1985813840705646109704324
40.6136743633301312861039037 9.0570113563681068804564081
41.8512665094022340727844354 22.3712201624986682835092855
22.6065788144615307036957501 0.6652776153900662750219886
47.6455851876254556771418342 5.2343301509100256159685115
17.0505766850252058164033592 36.3425072705237944947068313
30.8327149610527991047181478 2.3116418689907156522557011
1.4047010175922228616680955 9.0014896017923263275938901
4.1673257917881114266211942 43.1408552968656103598376487
14.9340920602902990038795710 27.3125043585309886592184715
21.0560908475711636441850030 6.4916129135084660737602750
22.6777387730640292046015837 39.8524800249704457375786572
37.9727339146392294600989058 21.4259533988106970354356714
9.6556400412803057913689980 4.9263186451167016113890081
15.5465694129842622058493646 36.0250493335854041665580885
5.0199507904078636179641745 26.7263932108671084207373812
24.4345014254702719738706000 43.2834280075953693742294595
5.6744864742067175653360566 19.6417973529421440079776031
20.2038849455291794003299173 11.8449581302687341975259587
11.5101089197073721417228107 37.2762309341552501151199651
6.1838362073768383272979222 2.6000326460133611495040817
31.3463336392020009270095475 21.3870841252339268197704195
4.6242156200364821635780371 24.7308841309689252447628112
40.3034768330779308702903559 18.5911203311029784765836001
29.0142958298022707040423953 32.2128955156272557589567338
39.2081207535842830962519844 5.5428572931614817650387848
2.4175355017827873190152137 20.0413453165604590540445071
13.6353025944168538187814102 33.3628314619531208525146207
20.4531303802563190187272167 39.9333126305373769824645108
9.6515768560644160248758872 4.3985297761276690980259360
16.8368135196707838659350772 26.0963926722417156173355353
14.0462677529343627184345979 46.9489335577803753019790886
9.7570147013535214527834994 2.1910417881846189414133568
1.7678272719580631751550428 29.2211359590369332400928802
1.5961526699786979003250709 40.6196048313387691172764264
15.5984291458369546797545315 44.0759459136421054352090265
23.5953717162069525381364198 31.5397912734694706193298622
12.0450282186026008463302597 26.9521296971698890657822492
9.3096081568346300529764768 48.8500890067377269478571614
15.1636490261016558398709472 7.8462569555939413147950047
28.1305348231630748319812396 19.8663788991051309353252683
20.9619919098764544022708925 35.2929864869817169676294803
19.0857331466659231868588399 40.6169273856880719884104507
19.7513422664311552330315274 45.5893022393882465976592066
31.0284388601147834203164085 1.6540803801867670182670378
32.0457894357156459857455927 14.3201738621350369286479082
14.6340655526300091010554624 23.9550438405219318506771353
0.5099614522085207449361946 11.5429605958463436405987599
18.6060361066029875680670304 21.4433071236641560125255942
5.8786233037109942727863850 16.7613182074998515073129377
35.8835133952071501093526775 10.4820544940383240943819969
17.2698835680133109527158280 13.4257633506353683296686859
32.5205202363776595366095298 25.6108524566315663099808790
28.2423861402691511769991387 23.4918629551581744591190558
23.1137601688347099061714584 6.4229347542684911359936748
0.5628250141880990984735708 6.0566680611871215579785143
17.3533997101650863356347968 33.3969986450765107905568082
24.2427974543317847654481154 13.1258055595930696443122234
9.6420306113927246304169701 48.8265424302086502028242639
20.4264253828663248762932596 16.7410019436769170094660554
40.5465035136739182733197542 27.3309541146230129109075762
21.9071501057306343228801777 9.7763374657888246103236246
10.8993537423267337136813271 30.4418147947790429491564773
1.2004578481006347221046794 10.3469271262019427355192416
7.4967174632578162004023486 36.2187689917270006214028122
26.1612289844281161722093644 18.2781316885593708460663735
27.4452850026947032256168771 17.0955061674365525045819198
16.1053563093432067564879668 13.6973536914653321774209513
30.9830749040570027536125441 12.6510501338660874668127925
23.3120218119335716640954730 17.0748247147645235874394313
18.9024999512858692004818763 27.9319798007881588204158542
43.1224384320395592190944866 7.4131844490041930560197251
1.6971765380309557255151955 23.0351816098496879181725308
42.7210118012527558957950227 7.3766625703784744274082940
20.3205755880274699384146447 31.7344325263783792831378877
25.3456428410545948953763146 32.2117740736783692486510563
7.7952509032561848425537526 24.9446199280583073457287207
23.9029302789298106007749909 10.3513247500317777824038726
6.5606271631065858490573112 24.7175680686168644643696524
4.9854006171668496240358145 46.4504658823391392998044980
21.3677545539700742186351944 11.4419869481349765515420580
14.7955997533640510742229863 0.7682629356240160458685077
8.1974854373047414066778693 24.3372396237777281031276308
19.9900121290507010563482763 8.5673458597401014400170120
17.4157127510244502921769252 1.3011338800463130929057638
32.9902803008645771369606129 15.1208930182838945254869368
0.6222944208367520086583969 5.4417597938346609261827962
39.8659665773084310087289726 23.8580114187441678846075538
42.3916001253694728885096708 13.1321071732900082390424929
0.0335338307775128491062381 33.5856945064739339406852844
5.6909259027868211241733997 32.4978978146124092486723878
3.6394657452516476046053103 3.2022318918435418800968478
48.3222960172722816956745614 10.7914645724809467269546452
38.0785837129064010760735331 5.2935302416420898871313672
28.7883364104268005148964582 29.3552667628842126026365269
25.0959311872229516835556595 32.6373135819443695036203476
20.2400732965588298432788387 8.2667667772791426686633144
23.0884458550629301180264344 35.2409373881829000608529217
41.5075390306896609472783385 15.7042734189065366554565467
31.1223816196554183268406255 15.4886204137274466379874221
34.2931992743400809178019729 21.0588813456555889194483422
6.2197627329083816182642959 36.3773906643443031310161821
8.8555107838014902648520886 44.9286092457576024126166924
10.8892288052162765096256470 33.8071692992425513894985965
1.3558993863285595543564345 10.9161136332558317505008860
25.7686423780501801589176119 28.3721178270526071769819670
8.1821945663410808240010138 43.3134123809073543689429876
36.9806026620507016842633695 8.9963896509393453503339180
17.3579045613957076194039310 33.9146450554547022977871583
25.0857611155745272049815912 22.7641074776132844618887698
14.0293213799700005204609497 24.4985334585055650077500171
19.3539133614859299964177367 29.1449144379614947185662168
28.7213033876868792026883020 38.6728164440146018735783133
24.0817496379159114964531066 14.0381385652349530274293331
19.8846192949413528849985951 4.1954636806014724555714462
25.5691433481344690076919502 37.4662369132870193063392424
15.5759394525293984879427982 38.6767386185952626026433003
23.4365339361328808043106061 43.2923651128058816400937951
29.0348505130801666730879980 25.1590432187531404560894464
1.1904381846839035798831223 32.7884561534764318990376186
24.4302437795395406501300420 29.9693708454526882804968310
35.1099468690331364927942207 4.1583206771087599511179900
12.0552980761252260293659661 48.1214067572402898056362538
8.9067432338118680128894203 48.3597965769806201720114867
12.2545144924817139086517834 16.1810653096004665309167409
5.2388671673064113452805784 18.5890901015439402124300026
7.5878073741863908213222686 41.7842695191891876733514545
30.6004899377919924833651874 20.2141043721232185586828593
34.6373787088832505991986136 2.9583772878727418560047893
9.9055626737679908029601530 28.6858820348277653062126201
4.1308667459112681510991520 41.6465597610117665571476686
3.4111133063708756254120457 31.6127237993042850803313290
23.9338428377343897020033300 6.0142470034602217036288674
31.7854130197936943840316309 5.0682856234756045981952622
46.5144735485997564136490727 4.9400152324272831152690916
3.7749577933207828760193166 11.1691402381135265928023737
2.2415390352626686370959756 21.7594922448432538043643279
34.7912746195683264805566041 32.3893070371346598762224966
10.0993937415003509137037247 6.2050178125565073309505829
4.9201207975492143913554321 3.5766480589406168874967467
26.2094317249725128526876894 8.0663305569511822106195706
23.9713734463689983661447301 28.4494860251413907650235926
11.0628263400347347183335918 43.8476210685395528230430314
34.0163951987428850432587567 16.2599156726885271494115184
29.7813686734357868780564049 29.3098973034177920797870181
11.0768632206664286967418046 38.9782388159168545130215832
0.7974096692463209780208495 12.7225837713647015694978675
19.9119592705186226943088123 44.5366576879002840958828669
0.6226500226890686894801000 13.8062415939040159274423957
15.8967250425564468976234678 17.5155397553532084000735731
7.7243779182446831790793336 40.2285220431491111297019743
21.4113499074685019534668043 20.1383736965016262167922808
27.3230515304223571407663497 18.7603532766812386394027054
21.6235859113504334489672351 6.9224657698284824743297859
9.2534563520957375496492933 46.8921480158443908921712413
4.8433654625502960962188893 19.2104609782320152512022491
24.6156648586630206325789740 31.2421036994307163519246298
17.7458081439872510778017814 15.4138344780523627860752559
0.3229963359999954102394032 32.1930997787869221841594304
20.5449943970434402401498706 31.1833802725979924738813714
40.4197978561445865053910552 5.7218826681791971731779637
36.0606557497309845272158077 16.0819497231956824138330832
10.4970059227812674448591979 47.7526215684238114261733886
36.7129540825449840111870555 16.1449373654078816720224403
25.4908614817552120356988751 18.6739385486289012757563572
3.8100695346769312205532260 23.1729016340407122698152982
34.8307311025890827404068759 10.2625616129275199854902640
7.4981085841286518514170126 47.6946366760521221589215691
19.5776472239016885225493054 37.7917415472805977522329220
40.0844352581078169835560026 22.4997344437342839417956398
37.8197791015399838936363346 30.6049719606262584899206703
28.9559324305020205076678488 13.4741967137266239075431754
46.5717659345246601674382132 16.0178218787651776852118586
4.9719072749912819908793486 34.7243450341239519921325628
5.5822681245152788272206636 10.9470673052658569775885643
7.2176918577582326625960401 34.8483130760507618595144759
35.4460816312617290259001250 35.2572729658708834605503808
39.1157659531980243373825626 9.9477059614081001707085833
10.9856091829057914836527549 16.8913111060230001435269521
10.1308781586586050631787987 41.6096780537222377550106829
13.6216916186301265354150066 15.9514738330645097599338183
6.4461764212344876285860361 25.6309736363315026822498835
27.4596657199478608846079514 35.4113930613965020126385757
31.6841739953703488926297952 3.4803905285322999897417671
4.9514054706811519624053036 6.6696014772180174089417180
22.4187169645707564871399401 19.8217337703458061156887440
2.7015724636833327914250535 2.6835622264944719417754354
33.0148658608565187603152111 5.5243671302377032047876859
6.7406625308803033566483082 49.5082161731240963461992589
5.1218202618285322132391829 32.8141274027745967993848879
13.1289448741961209431113993 3.9535814763729610056390215
18.5151271330691591469776457 18.9786740118029905401790121
26.8128050804020112612132727 26.0973846145618219193895552
3.4484670183167067950835041 12.8688801075921863528674304
12.4922346751305627433090898 39.6162097230598980419972659
27.1837745862142147120927825 21.9782255709120930778137432
30.2821606133018464498470356 6.7075143376805642786046989
25.6864271792654048729016531 26.9203911331966998238637877
24.6731642985974182739704342 32.6072839024414569336926922
1.7131254029122907968065921 5.1054090290491516424319900
0.1609472121953275334501297 41.4966757222176358782212913
6.8935301913008780372012837 15.7949118864786099145500692
20.3570247826644259117355617 17.5667738073325912274166157
4.1912159315029818854702181 39.9178369781669857434821945
2.6087435425450078454714712 20.3640481518098390800063341
11.7950438516688953780493607 15.0790231957248407558862542
29.5644988598177699557584028 7.4793320001076152436094633
44.1896869569104752255916817 17.3571762291640117939360338
48.0864945140019760239586658 10.5208861487451646918510545
14.7536585038659353006293444 32.0519821657148744203474621
30.9897718841045051567171643 29.6839020105370565584374038
9.6880676813043385138050189 3.8264009986495636497230358
11.4440619854589999832775744 13.2489035498403493832996762
21.2418394321111614273469090 4.6134864842554129882709825
20.0092679483662013682726828 23.6141736287866958398621955
9.6508616342660275593865317 27.6741914013084049803398598
9.1083068684369585874988479 40.6637276450448419138494895
28.0419419441546132328531691 29.7934471318889548575966090
13.7368469220797811043227127 26.6232799752274558895000214
27.8257906773505990033469401 13.0470446147879977544799168
25.7627346412674386933862277 29.2964418283797511568901160
16.7571937046829440010440522 44.9521574470428984165011330
15.5063714682253946361425972 30.3488458411420551844089713
23.4849592922802822094065997 26.9157330763986070961322630
8.4299528286893938357167697 38.8192722150489535344642684
33.0922649397932792641520710 36.3029200086512119554522976
32.8915141172686910732884482 21.6829033820084711885695839
32.4239192958526614655320513 29.6342615480128583190828477
44.8694581395705339964699070 11.9051134501661744615999919
7.1768031307976604019284695 35.3411020883867301583956702
42.6167036675000120519255242 7.1635583697273677074120287
24.3106820469223114728212099 28.1245575683147273924217040
2.5570394635543845426364332 42.3787865468305440167711701
19.3040413448241822563230538 9.2926846367085210023001500
3.4942317869228721820779320 37.1522589383103028509177032
14.3089894855366767108527952 7.7622689919121478451999384
41.3534473003620388535166072 23.8514652878220377209416834
10.2923532620135738952006730 45.6241982321872539085069019
18.7298234455579519195244607 25.4498273805192566788921589
46.2384092605476844127439927 2.7403483453929977250732702
34.5004116892321965520350024 18.2543581994407684517411727
17.9256114522620495954960700 32.5602895267000298403828243
39.3888527914759590760221729 9.7220510064202268799864689
0.1816762365299215597088899 33.1883562977300869520597553
3.8071400630628770812727728 49.1681368829470860225932011
16.8445745449348685892690773 40.1778584347166550765720467
24.3726066297250702661854225 7.4817141132685330377818806
29.8237631618367320716269803 38.9620732362469424303841607
39.6513753502797195576689559 28.4036693550539319601438053
20.1283321356410225135586941 21.5023311628604798041014561
30.4827056683265258028623828 8.5909635744876659261884998
31.1600867867560068958210729 2.8370744512320626151901461
5.9618029965985813380685240 9.5633103593759925592312935
36.8364572726411242393775485 2.7523472892941447834770877
18.9714895196297784638155661 8.4310488912458263354889305
38.2200755517060755111631503 27.9593602362765004601175365
41.6986077116866764896077414 14.2732657407779118722161398
30.2689826996074727438504917 39.5194722425649747118763990
31.8082361378501209200183657 27.4997475224549220458871129
41.6038763036653823466156594 14.2519288697814543402542950
41.1390417689051257991350896 11.2729429314744345539404381
5.9548557217020748534669679 30.6845187893457449482557621
30.0127312069763529553077508 19.8931135194515930742820059
37.1548810066590505061339997 25.3182704263345473434344790
9.4788160434898734545330646 0.3899312935364144776867086
10.7179085627095514722372561 23.7723881013540008324767429
3.7118351412985041973864704 48.6849286728841938577641765
43.2912394528681500456937236 0.9319799538789215172584042
6.9406175398597588452947334 44.7362026569688977757678462
19.3752187865653195984292062 6.8630093233745722776560073
16.2245819427327715570323176 29.7617697858099440727888069
7.3796703261970371204089204 25.4958911567461574724609329
24.0933177268059485661649219 7.2809368157661029913025237
26.6217493118030894382616985 6.0648547863499364974575578
34.5825547275172280627311313 25.2991483753559542599450583
12.8724675280773699695388230 32.5622416264389525885084352
7.4368329938079173450269589 17.5838993122176961928702658
22.0594657870312139209446414 13.4119338348651029195025830
1.5744950565282170732863394 33.3319811189939354694129348
7.3051997351556804354281149 43.2450466161094729420894224
1.1568406629139919807780976 42.9262357967785094677294598
20.7287884784732277323296581 2.7050560465017297650390629
16.5027599807491290232172414 17.1510615711618564135816617
48.1587153430301065695552268 3.6384250038988854943373833
42.5705646470330515743505285 25.5684771864258610763411647
5.4217968708315394571468872 23.3474649307251627157000659
25.4793260414339410151407405 18.9816739112836467751356776
17.6362392168558082080864366 24.9291609623315888441392189
28.4293902833606427403634923 18.9544128929481609906285408
11.2562613441428833474553343 13.5571597524095971339737228
35.7418433890233870222571209 11.0009377397804231053330683
47.2341034632160325560864275 10.3169506166407135429588393
3.5990401498389104750252737 26.8523166598311869534649397
10.0047890617445856939450217 13.5057097492133264290797543
34.7546756639567357568705803 14.0218586319065928806895222
5.6277953073373979043939032 4.5086494628337611610391945
12.8639490469029471179281764 3.7441707918689764880050229
9.3456854726649230626238477 7.3592229920026077167981399
25.8153193538688905980542393 16.6303724148848297776395006
35.5158213626927836836307203 4.6504228768247411775984350
28.4913486705921864275582935 30.6389139972477622921240686
10.2559907359927793131292534 9.1002557119693229474883394
49.7965387879063244119364944 2.1919682352946931253979863
8.5921732812189643284335478 20.7767793054050351804338600
25.7166464334633149002855613 16.0827266412209644804895385
5.7265458320756134606909148 17.4271820106733670356385849
18.5363707381371560379935702 6.7009670838120511556849337
44.8914796719557336057267432 18.1453865448599672506541173
18.1340760247748950974723285 13.1398358714134758482727317
40.1021315455332038185572575 19.3602439422841646597904226
36.0509531417548495919529662 25.0365488350730188969239011
12.1437244814906825111313782 42.0241591910848806954075899
42.9219534999842020724959591 7.6292796347488735772618141
19.5872449205585420966575050 19.4638083740580839060248685
18.7907313151774282362718388 24.3188901194279497107182200
17.6824137965446072023215081 33.9239184400589097184528890
11.4298902703317923810880898 3.7225808800044393506061466
35.6246562652926612579567639 2.7173269916858251274514303
4.4987157344090473883528105 15.0253637806537138563555146
17.4529998753015715501454102 28.1139252925080408082466663
7.2122703039765555206933740 19.8238027901403903021719776
9.8449786212798741181818488 19.8261543408332779209587314
5.6150656040797409219624344 25.4552752540977371016822371
11.1085371323379000887751752 31.7348452458723999243815200
0.8472199336548163449637488 42.2762606953833835470865459
17.1478319627837368621287015 31.4476049799683863703723056
19.5465443075147057635500205 43.3524232959861708781343576
47.5189248064917878010773338 8.2735594054179249172128029
0.8516715455150166053768958 11.1478543037913831087815787
39.7028891421523633793543480 27.0680733294034056766760007
15.2800352495068417238091763 47.5238942298905928914213358
13.9042858006906473763941903 35.7515151619160393170178834
17.3062879974573638690374926 46.2222067382017491914492163
31.4477201206742622815403799 4.7477256883416466571477739
7.5906196672755502267058829 8.7110557951817536943999720
12.1581009374715792412048834 33.2668090082931264302097022
9.5636576290820969386608554 40.5713747949671999321327079
13.5463163469029953813391571 39.3573031778046078828052796
33.8531512005825006753828869 35.5382069580120993633837368
19.1113044592782588089063606 19.4102560999274540661032544
2.7568013522556600177495595 38.5733074327857108158667144
2.4005582459823447413687403 5.0731962417834940714025980
14.2812021088285364809115820 40.2498107613786348651383587
1.1934187309750592378922885 28.3121131626121803897435646
0.0253883615178239024048620 3.3165276165139105137682634
39.8929499053585722136074028 4.3649224332800559246802581
32.0826332643550797605759089 29.4907552094702538973660564
41.7462273882081234187661539 24.6830407132513145382286660
29.5253560274940129576310924 35.0749675901450115418156027
11.3108197543753540145260849 41.7021025427259753204752740
17.9677006947839440713517182 32.2980143622276038750367363
10.1946312027551556267897286 34.1404378214429313572709599
42.8571069797687503483042028 2.0660061289010402457924576
11.1741313184210357194954180 19.5355775261107181335087816
13.3605033302133889924912553 6.7451427533712688956108074
16.8734939195930191983888799 26.3018098796538602339482517
8.2118207650636401507260570 37.4641962375074798794928500
27.2709648302673896229294676 0.5426575589809148639309706
41.3919662701923786962663004 1.9248709793792471445891645
9.4745232252464527967433895 15.3210120310071408115950037
12.2128226062549149979506748 40.5813622736860437380184972
35.4904450617791529301878945 34.4735885761380481459812237
6.2948447356131881394076329 17.7869314316585515844101964
36.4086382115985438150029676 32.8239404029578141240188147
10.7030050978517010065975525 23.9571634772433044847512967
9.0601332124460939124977809 38.8961950089302594049555121
1.9550806873777413861060649 34.0613807633490186767509103
48.5306089880849409794566540 1.8110746107240145764429199
20.1830573405150931116203953 9.9319784730676806267672616
19.5337435389298456346828720 5.2851549982300907197948488
18.5766475600311011340977842 17.9139098309216276122521927
22.7458817249566059366115659 0.7904837470088153822592054
30.1157962156952098410751085 2.8352809904342952042589374
11.0749137513679607803581393 4.4549169913434798124740784
44.8016816739976096583588485 16.3954054290153721826453318
20.0269695223496139121200633 19.3628637280460060875269169
29.2012072778961402826347709 25.4517090489685090810072407
5.6185013203631980014296310 49.0350124188123052289169786
36.9636224112695354887196604 28.9860417828494225576185654
47.9273574928609161239161439 5.6540608195799061683926440
20.7487228293492210907070483 44.0112542533252789087870330
2.8971066135718188256632236 36.7437991131782456030039804
11.7683592336312634489497640 39.8121303241638374605001193
14.0107495658449542596789526 21.6147842136620791600396843
22.5627068317464106440857956 42.0466914325570193057139329
6.6822643365735497161767833 38.5531755285625889190526922
40.1570293024580221139585789 23.6519131911464569769985398
33.4257269571475308701606869 9.3659370799840881155876024
22.2209778113994869668631613 11.1008173169948016321787914
39.3239128550961849636409086 16.4811977041961671481263180
31.0976487965717256776296275 1.1984320277266882700651139
22.7852507303962013471038929 21.7332084412996732532028749
28.1194015390171058843914709 14.4844488016466272783718687
25.3145772179743162327974084 13.2918087661241849470715669
3.4619311514506209590872987 14.7144497927246935755202762
15.7772442034109051487612019 25.4082381393503353837397960
40.8560970663435883170616023 15.1584739504183215909567908
2.9778175861244784540923223 39.0913366671410685384023554
39.6421980985526087145399527 7.7779258105944887015059696
7.2775406950147787450533565 23.5167472545078778617562672
30.6033185889417588494498634 32.9687259587587308097483932
36.9930030846285740872915197 30.5207752650659384039929826
23.8982402192039160400635389 10.6711814915324330744148325
9.6048466347932353961653732 11.5432630188392164779922894
0.8303920996224987315516198 37.0919189172100469011565590
20.2809770347313074282968190 8.0113650844722651752690602
18.9971550115903909026962029 23.1648030741814443529814777
35.4183764877027260031304111 32.0162241211443719262832501
7.0891770507746574158001545 11.6723420418855928226568196
25.4937810055932124112522210 7.0758130302358000739010663
29.8592728238291799271064122 6.2788395768753473818563282
23.6123040765530153874674168 25.7091247652734738376350202
4.2866072170934605826988289 42.3630145122648496502056184
1.3446131734202668711237746 14.2720711676289184389985181
22.8236413784974083336495916 28.9841576421627427337540080
8.6750671647885000129391760 20.6698623528655462587790883
15.4487490830833428010832758 12.5632858666804034109093116
32.9097502690303467893634006 23.3655373837208592697542180
1.3542407311027332179074160 6.0552483055794115487903089
17.5889410528836519094489194 1.9050335005411664948038255
27.5487403956358512042239749 7.0757969596266288330881859
41.5672728168438912926573790 27.1046459222412811611521720
5.4900651273418262841986283 12.4442430423688357319534484
30.2981506641854800904604820 17.8331731985734090119766899
6.2020685907910611271833222 19.7745883698023656524787577
44.7313537231573416012711453 0.3255673413870525609934885
13.8301048870453162990489330 34.7739586301779173623105488
11.3394735402891313001376765 10.4840993809236029649343804
10.5075563928874762298408443 13.2699381554809640066765108
28.9395063080675787909161461 7.8425107360664043558907903
45.4426303971655063045109864 3.3116978404754167340059029
18.0173036242597102879586712 24.7159213890811262306380179
18.7256573425031873313158383 4.0434832868649856638590016
1.7594313846580195780929340 48.8764196847792889146290176
22.9419850692049808371237979 5.7589340232699081191083954
39.0647307528006007837122897 5.9537224667593472217840579
10.2782967168108464992771630 36.3985798706652204123685072
21.2002645500546201016684245 8.5760587106022878654825157
13.2570169889196598131725453 43.3618668942597017921452146
18.5420421809897572269328727 30.8170840891606194659739059
19.2136241274617918500174311 23.3524441523498370148756196
22.4596749654255391563265483 10.3953355139426503506535321
15.0958424487572807069812482 2.0286795612658463446110250
26.9601272613679752802535731 37.9163755922272100955948357
10.8669211642439323797628970 18.9317200594691685089072169
20.4086991809924052387504017 19.8238492160266374347101059
44.3835243588078185213362887 13.1187943611870455219481362
21.0426968772976684813490369 43.7916077363022486190582210
35.7741688773016390931843926 9.7318467486034110458013200
26.2688329595527462037613111 30.9265002052142218940902315
39.5584137823217419313204220 14.6844100673679518290850428
10.7735309251678759753494853 28.5732572767693289874116541
2.5024066710949288690561159 24.2123514110558786199998220
42.0573268838940960281549881 13.6631349031354779516433214
8.1385113567220358878375553 37.8782870903174084741613767
33.2312790560639411578214451 21.4401980470798369896124211
1.9977731286611467706384269 43.8635258788711541160561821
26.5526011881673257026781077 3.9949180394765451749131107
10.7684562062872461883013799 47.2656360470614389632989470
10.1740592237932810819108207 20.3589911073890608655966277
18.1782399518533688023237672 1.0254717221074562071553460
46.7084610622632896291318409 10.4556044873089057267899137
20.6758537436187231429321067 7.8745839237694096423485501
35.7266194736421254672926266 33.4605538057213759831745758
13.4016624453589757417492522 28.7209930834686647424432574
25.6718701518004161388198438 16.2466945225513143096493234
22.9254466601435535911925550 9.6914341267385594299999472
38.2095835039828425114492060 14.7148811905554386289507026
31.5839773761341312750844020 34.5029328188756637515801519
18.3946365184614300888304588 10.1063023581171940984374349
11.5054070136958744721413896 14.4611759359049974794048553
39.4769212581092955425629098 16.7503041160761733311555804
2.6950641307332603167702683 3.0391823458349740723446411
25.5328815977940281112424728 0.2682486030365826383837218
17.7841890114185587521319927 14.6704676546502561026727942
34.4554278710121058252838701 11.5249073846813269989728284
26.9034064028714624437666297 16.7393764496152842156084352
27.7476281748998477673720358 31.3698761659574318313664118
21.3904237843930253635079752 41.6767293621281318891469284
11.9901905503878574489729747 43.6203545442421837275947976
18.5167346563793788139016671 14.2699172269932542871716854
22.2903999725190156595693948 40.3439966917647397569418886
39.5812652368764254803135428 29.9386613302605399827241696
12.8733241094189447239716801 37.9180369530630229023308710
26.2939685426874042150541700 9.3073744029218693842618525
12.8839362965184323040436851 0.0646954964035583048446272
15.6236333752765310112001518 36.9648763037960844074148152
12.9546030583128361871877869 26.3946634682382664278463426
16.9774546395706374876993262 12.8166311471198013701487527
16.4816378299608076050041087 10.1663963350837744535471435
17.0972043864462347736152513 40.4126911027722036399950977
11.1577234517077298732070105 37.9078515267643642567774870
43.5639413077049308949663914 16.4372448341819133311954495
40.4804526455411463554321727 2.1983979649055366482577285
24.2507142393904348757176691 41.7780188481864946568142665
3.8821199952639552225819899 35.8180002839685592110398022
41.6310091861037908049578493 19.4385975354844410517682295
6.9720960558846783364687152 33.6510011231095071605595270
16.9165062578485636985785478 3.0548021258619000308576347
17.8657733302567056075228684 12.1166886281643889863445972
27.4252355104545038689196054 33.8947851032589567679324206
23.0201104084252712642415036 2.7521840025533341188164236
39.8800562757126812717747194 28.3739512836331906239930510
28.4405608871722547959099330 15.9102010176819490494183760
10.1903108721192584826479823 27.2884144707890281924970941
2.6549410268928947000256606 1.9877847327416773831675840
3.4755964818058725346314457 10.9050552082810952244778561
20.7202995504466901814728368 31.6333556003747204227574576
6.5373142063596370948202858 8.1708948694331190853764381
10.7553806790505083909480480 34.9116282411563701191239574
31.7727884876823166842233554 34.3291408531731542874092326
40.8999326552774351551034754 6.5723290235479304292812151
19.4221023048659546245099340 27.5550710770144915800853956
1.3245352910445460757339693 15.2560023027914340840272261
12.1911284597002190160543920 17.9130228291901466378454473
17.8406216998567592176617784 29.1583987448316530360345007
0.8870117134854277937212466 5.0708194821093410081936158
11.7522323980619165098564158 38.4562743081274561366404820
4.0625951369922526755623980 35.2277634934846083781861363
15.9151206387902687107094004 46.3595614199784253008645196
32.1536375912074414542776895 32.7665010285396771724276288
4.5971278593459662823164998 25.0273133884727062537319352
15.9128010004478172380858222 16.8161459413311154461225190
29.2125003985255508180179680 35.9531614808231368508014724
2.0099188065827735385249943 43.1504371517942432000483217
1.9450728911288123429992824 20.7657576661241957036469008
1.1697460296573041848974248 17.9201477177533604514634792
15.0351007834423878375548397 19.1166352800834199381444819
15.4856872584205284938777688 21.5103112514531526933431452
42.0443100091963909253670621 4.5580693117358557803253277
11.8823377917881753018597981 16.0875743541977921752484177
20.8798145777704278548345424 44.4525965855530820594841333
5.9447303809208328995902141 11.6687694594655887808015534
18.3778282798344061409528717 42.8223706456907725529317985
41.3659426679653420795303875 17.2005461305914457548077044
16.8497925225275304252981591 5.9652738367802800377997662
4.9626657776245653790745742 3.7910352648839825591983270
38.2660924096289971274142442 14.6186925440592686511508187
5.3724085101167867576426394 32.8502241514487192632543776
3.6663376179573157405303018 12.8280149856145348941920097
7.8834738244163212979358551 40.7658047934754098227928811
28.0834524629673536013606472 7.1637767804596536576716504
29.3441377168615363873153187 17.2748829707718778094046418
7.8745315859836283290086453 18.5470146466040772112384535
0.0600578089314269752075592 39.4334425717510283443049171
0.9993617229327870956479557 10.2956921159646577340792550
23.3346852233017803418574764 26.0382884523814572036083751
10.4125214299935068015850489 3.0950601722625646289407354
10.7407681417574006171388100 15.7364513066005219753002037
37.8997900589897704587534498 5.5772675643634106941830860
30.1886286205973625272299128 1.6268687739488347028607944
7.1140649521690227382358618 15.6169804974047515207208745
1.2837807460666765451886884 46.4634469986464573684375742
8.6837082047942477196849243 25.5654691295502939281344296
34.1076849353528950458257704 0.8159830578518035006542835
26.7656702123275456021404754 28.5849418065687501221391045
12.6986382051211994410462954 20.4754630652260522268912102
30.3272048209442179940191200 13.7390191698133161386504866
14.2996181898493021311913748 37.5968206052656927038701495
1.5255745929171462526536412 16.1143607431832580125245755
39.0385236555738391548177866 9.7976359798270610241431965
36.4726122211897658048506389 7.1936470418501169282621927
36.0235278199865079055885243 16.4105284315483915887029734
1.3337736151291834762073851 21.6152966193754840351220336
8.8083368463194557641638012 19.0240164529410304105089779
37.3826793279476312490617515 9.5412413376791196677179774
45.9745660140224601254349821 19.5662791511899615636322167
30.2059018227723417935961071 8.3727829945029937778396747
23.9351147480323207813338727 26.6385112571728695184609159
13.3941338562806531671978803 21.0379936838101641038302272
5.4896620580573706236083178 34.7543322549624784754717558
24.9323252519853058112356525 38.6183784943026298612034390
6.6553147003728906645996630 44.8799151763792942728055489
12.2500989911156332547350563 29.2392728142795600593864440
22.0395124962884688708862350 39.0545757744972109358350291
29.7559827283201529432676877 2.3625181209702386355819319
4.4154804771983165930082425 0.0594319399020962597299247
4.0972067759604450703903816 20.7053832766994152852104566
33.1901375538184578996688703 15.2123229376255916915866420
15.6748679616832432012762435 38.2530850309330764772457677
18.7158657141687644242800599 14.7382621285279807442789876
33.9239634311194817946094606 10.4959375533616870017334275
4.0398306665094453790398884 18.2395111827573342540187227
2.2845421598579969993880220 18.8621543605133122153922794
31.3584939580423789555217804 12.7923749430439855988687958
29.2067347955523313875488403 36.8777255614045795949913702
28.2004816240553432222703695 1.6531292058750010417166114
40.9445520568457761699723823 21.5068281451321017437262408
1.4504481601564909293849272 44.2481208655768640703322738
33.2815599198278152962358559 24.1627351370433795240967156
3.0969213277472458241577481 12.6849942171742528552671714
15.6279383430660923792930706 29.9711118102970053814937015
21.4190403674413069439809741 25.1142332102319971033672591
27.4304021876535302473785689 1.0358744246154656253326924
32.7684647651063666332833592 33.7968595721256703899224941
19.4161448160446948634278289 5.2927611397436709057911652
16.6669447565320888103025944 29.3719756312493816363172183
15.1733392071369931740935617 35.5565715066168791514118243
1.7289537124108940262178801 33.0682736026594014201125802
30.2926499537221640273510109 5.9879344336136959418102630
35.8151762686032289028387222 0.8792888313177264538078748
23.9845484745277975407597603 39.7019071893659322720019998
26.3404858721567305111576902 29.5665149116143156569894234
45.0159290974073433238164056 17.6936747878216323970306660
17.4521485383321944318169162 31.2637571541871699176633763
22.4413495195021773129552335 17.4466567497483424134427131
15.3425527958857335782897424 34.5558399363328869381598727
4.5942196831527635105044317 29.5532256361794070957252783
31.0159596899710016807967181 35.2563504139338552339895670
23.7998397669371098215275535 29.1987607111692145880590270
10.0452368887082620234090864 25.7214543883065592844338705
10.1447711479012920579441142 28.3651832068243391605296007
20.3527572565905663212076596 7.0544505139876092623926682
32.4269407218608298171078392 4.5818681147457578536985004
0.7355682489328282330668494 41.2850934279088424208102011
36.5400703470386694126438286 21.9162784029010120045294117
20.0402769836454652361854081 40.5572101902826868178429469
0.0623532494610349626269909 29.1203728010525588110265332
24.6001478328829837751620073 25.2850296934827157218696027
43.6560896885149010250257284 16.8566257924990116332041192
44.9437300828504149627948651 9.2769136160625443318874114
6.0097155891429878541045110 18.2039368966608909855134367
8.2018369809192231117907440 22.6766370994119373497514148
29.1815015066486347777262386 5.6956096967281262677417749
14.5094647895028344992569924 4.3560798342291049608168307
15.2818415022178039746036919 6.5928233937436464868763280
39.0863679293809856087760790 10.0874100783629076967010261
40.0585274258688401199166916 8.4151280721634865579840359
1.0619799601331783910595897 4.0462573526995947659970017
29.9208192575282570782864323 14.1507800123642017852220506
21.7581555835989275229723861 14.2507075473431428374247435
21.1304606995727957188868193 3.6747286462825464720865403
32.9393438606202543602659964 21.7025257984368897073316696
35.4600059884042191955213616 14.2333402721334851697457801
2.1295649985139888563967995 45.7543981811268512573688569
12.3578810598499705698229567 37.3467907016198832059833246
21.4915020415104713157297701 9.3067362700224423879039552
11.8965609674689545086087734 32.2098096415873611897482913
15.4456252826003777673737241 39.9303476021621429664935858
11.9711543929867635269733687 6.2202461767420196916407701
39.0172933303736321821767060 3.2635595860319875889078227
16.4719037231358513220603004 20.1538181924850974248459956
28.6998276901748631962899657 36.9908081900662475468108407
41.9495891176910945539869828 25.4014167490101405002939838
29.5439474791633176998178770 39.1619096488978617513119375
0.3158537222696918193172821 40.4586237584291586637944886
7.9772065373084894597953824 22.5247458556389199354397326
42.7401415040730643088208471 15.1914549734978005558334658
28.2235659406658644283350275 14.5234405563174244431777796
39.8823623966467322721421006 14.8120616276917615814947927
30.2002433530499779327806060 5.8262596420482863618393147
35.7500200730809789398387967 11.5730749921663895360642486
5.8826737606734146003191637 16.3979922376333775846496177
10.2086583409490207481849869 44.9642446270119385761667074
10.1560018946880220287193047 10.4573240131064747796937812
24.6185497183841138391253025 2.4345450834703121562351941
4.1216909983354935207375682 37.1283134994607607580529337
23.9190571936251742227336637 36.4057509600899155078476841
20.8035168418541854661904030 24.6619887075371368408542610
23.3752263047948612008577433 30.6854818309836285139043354
19.1312826781944914247914895 34.3655935942770441106383802
40.3671730607397802188156848 16.7179944695613703316611246
22.1619411431953262456576815 14.4342774244347346211459190
0.8823195814618821770004370 48.3758360357334695754316373
8.6367515422665097975898013 14.9467897154257530694832572
31.7266241907485791459106087 20.3081588889541403799995503
3.3817787510818018704978230 37.3237668581124272398874800
11.2143965598119591325936279 21.2776246277463428728615686
40.2556351398008758673660564 5.7431558825465391734446086
11.1437019337855668618775917 29.4841975846544587219915580
3.0719433938694672841819609 40.3678481440968282261195007
24.7457391810652970683128035 39.6755389677656401814281166
14.1444961183637490342132968 10.0216380675812093743525447
5.5591254316007458652750051 47.5562416979698872104109205
21.0222376838938070584077160 1.4371926669292265286850232
25.7085472420072479833567655 22.3734351118794791831006015
29.3645066082536958258817944 17.6699109124473241874112625
3.8883987163486660562006484 47.0943771104650883676713243
23.1216647868312295530145183 24.1534390405467674890774785
45.7082625018620834975427261 10.5950336979581403968144716
24.3543136377521933182418432 43.3632033783713622940781288
34.1803679233084285567654972 3.8343772150465664604015148
38.3952181619637151959479276 15.0435109696909407242913270
31.2444975788322771257606892 0.8839519479835839103766164
29.0027712837019270189383825 32.2155126897784272455606599
0.0062624740605903473483686 14.5602184317893610518398204
35.3087540300778889025002148 24.4293243632209042495501548
27.8508034578911087089475483 32.4396785857986062464424042
22.3538868698690462290780044 44.6464303366920506443541651
15.9098760506260550394631957 37.6015404478821250505236689
8.3081439427041951486241340 18.6138320672371918581463871
33.4892743337702354170736004 27.9815743766764874066499908
2.1221393448969803564743554 25.6806644112032314655991588
49.9613122983895189848580512 0.6060308761046749661408796
11.8416307307953783995066556 40.6481953060093740799865515
29.2764781889028854524839809 13.8342988566350417751508045
11.6147119512978538298124187 4.3701792055222175666011084
20.1742480700102497212979210 16.2941619854992148123205687
18.9210891852933947801707667 16.1552587117066416285187488
40.1763695617706423736146597 29.6371275402328665295971236
8.8078580890324279904400516 8.7419469160745894913175276
27.7013901432063851823871505 25.7416585350258293460397539
9.4954173134272182242190419 11.7404024651570880202544911
41.3384844256608715979214905 21.9574521606991907129098714
15.5724061617727585889265359 25.7390785836008865637315668
34.0686352182801563295419095 4.4528748425888869671065078
40.0829684482783991149208052 16.8183126494401436851920318
41.2569647282222417840846229 15.6800147134569310365738197
10.8799346447218159766662279 43.4755911072705482077777999
3.6687803967128319700307638 12.1877007840156477673545491
23.0641324641709637377791517 26.6748157196104173595104627
43.9681656512255620085839452 8.9050777237702226965376879
6.5011370505793016087198404 45.5053317431000063157314327
16.6803274953472492127597766 5.9385751361721915821207651
4.0592954866584055518331605 21.6106945781942579938880989
12.2695970569408479819257774 2.7307486263492803604238981
4.2840745746069797435844695 3.8918768016480205062078369
27.7844174383415578238999397 5.0026140778578498937892184
18.1494700616597393507748781 21.0023031232509549523655190
9.0603493558301490186493263 46.1726116821466814861181359
39.7255840293269434118587618 9.5591826810080416622412830
0.2610878903112883222826286 44.0503329512222052702545633
4.1376426017935919068249523 42.4779932871107125165121794
17.1751987297742004467895950 4.5290781173173301205743089
34.7910035120675119351604192 26.5440402844650996794208113
24.0394298581746151797819426 0.7783393179730811356420828
14.5263911974117277045456692 5.7865325350989837655923792
26.4190858694710367494794226 42.1251931962515252530737835
14.2965776410387466466925006 4.7547731548151680706657050
12.0254418562900828775390205 19.5291768428929570618044886
11.7239836720547299311117520 5.1037443957739586998802144
13.4791710262947170248673133 24.4399662120039974690082911
26.9859012827851054889746557 3.0432107971314110123922424
41.2153151040121175582485242 11.8236120063621256846264583
3.6319853726681984955979605 29.2883711095841628625172831
25.7548487405456841954219393 35.6256616268612249976064378
13.6624674836563833157659283 27.1999445267454913847191199
19.4654671326079084562881715 16.6461884318711606498931324
8.3214340422751343243054504 10.9888004568316972406417721
18.8003885629435110773249535 20.6287515347473905828767176
19.2986416669038683894189703 37.9020108940467943626508199
13.1361979872231005418805636 32.2868441077860033398561280
2.3249900706593397368376720 41.6004137139444260890043775
31.8941107472838855479004862 10.8979676839303642606806613
2.5043539251171207180061689 47.9659067611334798053344084
27.3968149388090419450378973 5.5149370992468908905790239
32.3798927759563027720989495 21.4602549802553100264240619
12.5244483419113816058789021 28.2955507762403035368746090
13.1408708219298020617127341 41.0099684715966828600130969
4.9124065072081717641253532 16.6393588310348908796433341
38.2213033065208647914730485 22.3076662506622867936863279
33.4272038749496433327758985 33.0548338538034637863421339
23.6585857707350061881463754 21.3839032762677612428400069
13.3027841970615953956020915 8.3388208163030032024888555
31.2645627569361734802085336 33.2344266629890815003640524
8.6820160847931120750553557 17.3240467761834931314101087
35.1527996335466234254109964 16.1177131728953527067253418
3.2282880596193673290234166 1.2562468722822836201635773
10.1682730689501195120587778 22.8058374719119604200999451
37.7545693207757515068688057 5.6650238660343179102373324
18.4814486110357604030023651 38.2875444137861152880327842
29.8005343959273896387541651 20.6016540529431415437965192
40.1191410918113131126147190 4.2372771983122557154812437
12.8579779169263757496377346 2.0426462953320281293516144
13.8626690735480866518841844 13.8501410157909017917055509
5.6374823565457232849917874 43.0606408763227266308789402
3.0028383468632664030461703 29.5970093398405286472681884
17.9612604628336950231042152 39.3813804047832624935200280
29.8826595757376412633307275 39.3894231574997230734647090
12.6079175918776889757160515 7.4860145602597578814652901
29.9129074491895694299998186 25.2926465190224640273927327
18.9520997155448829175890456 26.5766423080878214990874676
35.5892900952717130216339420 21.1282377522261601389574395
23.8103326665644618469507783 26.0589343279331605851029431
13.5012370445890264365950786 29.0726090722146396588863642
38.4333425783306982295211023 6.1545250228326017608440730
3.0829479436162478526548164 1.8696074392642827337695800
18.6455015400033246459554901 12.8780927284180419904047122
3.7291820690627074765084688 0.3052885451195050079696655
42.0337452311058372204252243 24.8025051526350314982884557
7.6054430533475687320957842 25.6058047317846898164988521
36.7297050033328043721780485 3.6645286693037560629574497
5.1472626688998820718796265 27.8119702109963734763726482
40.9391761571967774697129669 22.9125261717256069206132365
3.8903939205963644802920007 21.2571125777370537052041031
33.1167568065632226201640858 10.5252277227121535227507042
35.4697920844704501820960236 7.1689503753644017433301103
2.1977110680367654186746663 4.8135294806855291390514931
23.8548381890389188269420381 39.0697670197144942693402955
3.1215043094726748343153256 10.7357445408291790004695259
13.6441193588693550054214874 9.0464361447437687044707231
41.3399902442176640319310644 25.8361221279043415685882002
1.8805089416575765224347947 29.3592180774683762942452628
20.3180323159549868255913760 32.1741754021421477425645151
31.8682349753717735881865961 2.1013328043152072876276702
14.0915008857562018453557266 40.9564354257878767711713000
41.7745231517396796119002707 14.6249518099980591031825002
10.5448343526247543264073500 34.8970839537590143089327927
43.1122435225865266285060780 19.2700404371448083849200407
5.2158428354494267189342711 46.4843520285686125483152980
5.6794498382451109864956289 0.4938112340333932205049492
29.2278103191814515479007610 4.3857843022600023199493295
31.4192079907531017891497762 13.3915409581495301640825027
22.3047452439842664917514584 28.6530685896111525755155555
0.3066626621096612081302730 13.9966409545886335763626803
12.4350615285265658000033456 32.4479466959275953038343403
37.9399833911876667188567450 22.6286910862383729860682411
45.9593240556428383705002326 5.9783385943261463120186482
32.6870948152873771743019552 6.8959286928167308222871038
30.8841016968810747761340541 16.1917343844539247557610052
40.7177390008186449687741987 13.6954638717062904621425009
34.3983350880194713947051014 21.6276337857919275694120714
15.6337535105866975626778086 12.6327254054783487065268676
29.7017835102538963851997890 9.9901980115516093290715789
10.0345360976404499341886849 23.6919413578784372826974937
38.1300708262845554190865012 13.8418820534825913953084791
8.4837953414014489070804747 26.8146455618047480650813416
28.7641511266618944867854704 30.4569139927628791606473823
8.7911377712003105679471651 11.6282370412618969778821228
49.3189319946501254238018007 7.1514297106995466040164085
14.9374503223320863178328835 19.1930346185240089710009070
37.1133366210586443918776098 16.3432017931611957517055250
0.2575845347749912304711993 4.6833375073172712066925467
5.4865557680107978664692419 38.3588021946007516881448683
36.6936393097070721480356639 26.4306041211531883098374143
22.8611995241826153065695323 37.4815362053840125618401688
34.5405450756868870577411537 22.4488473172776142345029746
12.0130180759021590348492520 32.3138886039431656141548423
19.6400502444704593575073989 8.5596977980928654760294785
6.8701245345007831435689945 26.9499793855292289669180974
37.5484621214420418192874552 32.4671063126148062382887105
5.2006664776484130584431695 43.6285808637900122147547031
32.0624480217489479252307727 31.2489908133470284028180683
12.6498884114017586096299984 8.3054393730303932620062777
10.2487927113785103083372865 41.6168505290728928689038175
33.8334960525865979590869563 25.3336642604185289978600424
31.7548941433161752611584508 13.2712734108970896317571719
34.0958115741606092747042901 22.2255626047876555297264780
7.8284879908839867235592502 9.7321516519516485081694938
23.7181322312925374552762827 34.2483605952010800558196433
18.2138482413122447739277135 44.6178857885763884394503756
3.1202013421503072467133966 45.8504563072652900865173946
37.2637731374641347099106829 19.7841151320852952157329601
36.8461707707926615748005604 28.2464103830838037975504462
20.5627034250952730368892337 18.9914514414137164170609472
10.5270880116644152494848352 22.9712955227751869228597631
12.1488294349604439313249231 32.7246992860169564711993892
16.3882237242459239610680867 19.1161220744183117396850224
0.2557443762411237618943854 36.5709528835935725407735013
44.2967175036611669776419790 3.2864598583944991383748563
7.9645936113924501089607053 40.7990839187029611107042020
36.4634745297890566068035423 33.5546572805538387485182860
42.3000058050988501428996575 22.4879858788777163963776360
28.5367488414268580468099157 9.3623696552380837391007895
8.9419912294412813742014041 11.0018540643200317449440223
13.7001629377871637969221136 16.9057840835047632959658602
39.0557550257062575766937523 13.0823545041410800157399028
9.7215657643540880794350783 26.6268878971865301088191735
8.8566236085344956698437577 27.3415474737028995470785409
1.0436116194315008870997015 1.7061285964978021433367643
46.5280301754943744147608537 3.1847147420585307422284408
14.9810157526881055727072808 5.0069119243013286350653010
8.9221414917691627192868983 15.4076406760039396920917761
1.5773493887699536728241147 0.1094024942451201437516965
24.7017173103531355919770900 23.2556479574188655365889422
19.8924731473714574455162740 12.0743327799554001637549963
35.7656573530348489855738956 33.0123878885685008188403183
26.5824263204903420205604678 1.8370114087022694191590077
41.8184414461079288843881973 10.2087195582228917265208122
30.8165503548369398732538435 18.9430785308988062376917356
33.0790812693952694470417844 24.1614234343248711112142348
34.0682647693462443490636818 3.0583223515060488668352429
5.1895859651750235445936153 29.4035405607906072674876735
13.6248697387602266878930783 4.7815190684358702207567277
36.0891926196785222779628491 30.8475311177368176500935121
0.2891778692798633761253477 19.2071959473505335051903778
0.3635699835857189055064858 21.3393490263183867369375680
24.9361870161125961957408151 12.1937105549318980115981795
10.9085312805134697605050859 6.3248672161602855037789445
8.0635786362461419414089562 15.8107147079780934773287571
48.8162635604636183030101238 5.5652863354325175150789164
18.4306962498689461868379150 46.2742848215406432719363476
16.0572288103963129217930340 37.2580917779021341194981233
49.3133398511941906390897475 6.6101825028226656244637455
37.3696641630335340144172226 30.5615477412726464768332055
4.7870636544531867378366315 10.6810121977373146693124153
39.7111688173081829441983520 6.5591974481067583321614264
21.4983638474458754324608460 3.7175733863411729610065203
35.8462386263502636425785380 4.5328993307544746196187408
45.9727847799062927153247959 12.4299259684205811146467898
36.9611516121186528080251799 26.2559187899791218219023345
22.1892912037313634528730566 44.5267936851061614762818083
37.0920601524863627623752199 13.0068856243273448422009134
40.6167799582301473028796021 8.7907443271155277934042076
23.6232329567764900155358538 8.6857852074449258172966949
32.4444617556352659079035144 15.5838667020454393730135913
32.1106128687512847386577108 7.6097661720439470926548351
18.2957234393220824211716496 39.4241867871975331563510280
26.8959373971089359687364336 8.5503538833662899101448004
19.9775819341180089959407154 21.7921137126622425963421863
31.7395814640548641694011408 25.2804068101489396336112677
27.9259756511724297238728564 4.9132355866704162813328538
9.8028417920452654328546521 21.4919587939333898440507220
40.2899876444890909141518805 0.4657205244740621132602210
31.8516446860171230102304842 13.9632636154918012536972927
9.6149548394944378653375763 15.5580411181640244624690903
24.4596226413859148192785594 25.9851276741331698890883576
8.7922400179680287441735911 47.8716671473476214633854589
23.2120910204333648773708323 6.5725817194704205247010564
20.9408438694466052138724600 8.3355298593107163513152093
13.0751136464245659418066157 45.2331891771195157103980868
30.2509397474249045995696528 37.1332821657023478513687790
8.7489930127496327788716440 29.2225105229317712699896816
33.6062194588919591500589032 3.4816682324413732609357205
49.5429574731717243140960839 5.9996137218572658280103672
36.6858408620894409637225067 13.7894554004662803083738533
36.7381455088786272474867575 7.8299849660431117972278178
32.3835119560222174485591893 20.9119141494547575536409127
20.2142705398617982861145556 13.3560198615184532102372637
26.4904627122906910959802909 9.9375744167647128004046582
44.8484495747176091601988372 21.3685884125276722045080523
46.0875772673417048240171930 11.4426929359660838428393901
45.8068032584477261784479378 7.0524304492751132339087659
8.7991954375414797411295885 1.0364167366215227691815638
15.8798613316434424890090605 6.4288415821029027312171718
23.1987299831606718626345658 13.5764106879691162868246946
35.5108040651953481395287406 21.7021380200962120957061770
24.3750496238269934489014279 2.5213004255684297886192063
12.5669428301248215179278518 40.8603958363642671814025627
33.9742953067801081251176308 26.9582502846104446270357585
40.9147987384037114824605973 22.9233340549737236352167799
14.2934826350012974790145913 21.7645664823105623416518569
23.6511565658473469434161798 15.3010716323326821528519328
26.8991854319083301985541495 17.3906245747474710802944504
1.4326159386482103313201522 42.3727224942218116527506740
35.2420106982710999677908252 3.3912655370739308808506328
2.2660524024476094926611129 34.7543523390864157427564305
34.0285283363246361281241766 15.4129575119102723014877023
43.7732873998520835230799553 12.0374129367547585561304046
11.7261229119336422891229500 7.1061973976399556250880593
32.2682463942979955074440516 15.3544871173502376886903964
2.0212130850472602928688836 37.3753220409514831049920956
3.0494568363355738844667808 8.5557473667311047451639001
13.6264753377369480571386579 11.7609170505554849517303740
13.9003969807507588797153537 41.9795064737251905996139304
26.6366273808838031766391848 38.4901296668633121378437735
42.0261252770433742059708039 21.0429274151258710661703688
24.9563413439097541469255485 23.7103569506294165848061738
17.3275102994683921982876293 18.6884292229661931349407977
3.9919421539234577129096038 32.8947472682148592465171242
20.7852389930061283257268566 19.2217023180471086110719367
32.3455551996571317861998415 15.4358368359455486138398676
15.8769452600168367589504649 12.4868975013983717651890543
33.4358000433157015891829725 27.3413107853923076635952154
22.7721456031992964833324636 14.5749574485379184354187309
16.9671104350494579563329812 1.9018841933292872185690762
9.7125006488669333337289108 28.5336175614968141558314606
22.2801314369832280386857789 30.7505405342857620154767766
32.2585621722778911913846744 16.9229183823973429298519191
10.4640908638729192269655139 42.2315380064781834724349541
39.7826995225392855832832625 5.3232338572856724423274277
39.5729236899771438843072800 4.0600136240221843058912142
16.1290145587749586675438791 19.8583707630516714898105700
33.8141095375188887135132370 29.2079782967714854818932852
31.3261557570388781929206646 37.3653845890249060647508889
22.1994025598631390327387786 33.0633713644743419685246399
2.4252859765032614693693719 35.4276444028131317340419567
8.5185690523092788420561884 26.8036188097995192137100025
14.0613066168754763580485116 2.6037772996579307170314232
20.4356069279982223514000058 35.1622804932267022246497012
18.7341016256793250106298572 15.0011145012202100651242181
15.0563185897943531732443914 5.8997686838225259508527004
36.1429733386928530168011981 28.2787106891127128262284920
4.2674579010422103663082266 9.0988352585829584453086317
0.9440540040346330737444960 18.6442688791345791672408881
6.4078313300890417300792832 45.9286370105311235582032256
10.6687547243053471329639068 17.3256362836293067695692681
10.0049427551242917940990674 37.9064786081045247149328505
37.6843565624837171127120056 30.2636625422566857542271660
24.5744884921850566416740469 31.9780317616244827775940758
22.6617561939282391148981015 19.6072641183556021819473646
26.8239658438013712211951886 34.7487389182769824272170039
26.1974470299917629214134749 38.4407826287495837706145743
47.9618903198255790474052639 12.6750572759661096055975620
2.7575384646176914833802569 17.8296377309286322093472942
0.4503894183303180651877850 24.9559040984664804780859368
36.7947245839172078901927766 27.5072398250656667498837094
29.8578375253053230641519184 35.6021001952478823351572654
6.3077162181016775717621236 7.4640951301478647445337547
38.7057296284901242826842679 3.8557092637051546338120650
11.4838902728234018442701270 1.0584253406603855290183998
9.4717707583361231715438784 9.2620493791346600756574221
8.9994278927445368146596405 39.3320517848140185932519039
0.8535231327743054378439257 47.6368712056304043677288428
38.8982515957782171600900465 22.9875188480953155301775536
19.3845839311487292379003592 34.8746025900833811702056813
9.8186333561233549659890315 5.0094349998799089015621583
2.8858646165635312944276086 33.6403297459294626114941476
5.4849421373829036044528334 24.8377819007567876864506891
28.8305427185435578117441877 24.9659729743151616480881161
12.6698036639829961165741622 36.7420205638737708062789161
15.0193292797437189849960017 27.5030861538597704241665955
24.6524492465883386278435744 25.2241302356371854972603747
41.9024199968761303088151663 21.5450040242603667897269928
46.5706751787311205269718448 7.9480949539570244845061566
36.0788467981146776947056111 1.8212121562767664655998300
2.0729847799603496395404256 41.0816593396865207585771362
15.4277529424505283572923851 43.4048895764833050480033710
23.9613533176610872300231126 31.8881411685631498511177897
10.0279851105893980666755117 21.3527402134198536646502752
6.2049594894152757246458718 26.6645547072272579659882485
27.3813039167385335612324764 7.1599019420100329443108179
5.8148297785569495395935882 1.7854284209699746964385676
44.1028994543143454331341734 9.2970027279031929851236864
19.5725285278704491401070192 33.1046239523377976857018869
39.6189269568144961964256048 16.5481306131719193485693607
27.7090897396017666422726849 24.4684765729845980555132898
16.7417700183384926653478128 17.6553996458041795005817009
21.2260441063802752171986613 45.2156505160989493387839703
48.5511033597901685660491890 7.0562286348283674130672630
15.7388879053289661284872032 37.7993043256551163333858363
3.2432453249488867984421947 15.8581638206381633305193843
8.8774465890096753778386073 41.2273082077799554194335072
29.0921603386399818360175646 34.4622432066002171521203578
5.7542191804136829276697265 33.5766133137896932108992934
7.4767901245050779159785361 38.0801471824112484151098958
2.4773253047880516449097659 41.3867473877116463961454938
19.4878986570113063033077645 39.2074202917516230224520805
26.9268962492309041617569450 26.5695739217465560242170621
11.4046178776988801185213651 24.2473646209989404589234986
13.1661774642382922744159023 12.3552325344440090775723380
7.4108892785944829183818203 16.8397957262080036356143909
36.3509277754477350856390740 15.6080123610978210249442514
21.7363435716093418693369331 26.1157302815172533997414357
15.2185761656709474073309970 35.0627286372534355889287415
2.0624148825373594402486039 37.4666043944776026971917230
11.0962149614702789119845997 16.3209685230026449150871326
40.5544398506061425914726638 25.6288393885397867613836147
41.2306642062107463538794252 21.8296204528317891060046741
9.2516090912501185317649250 11.9752966235788145488759352
36.9443574265802918509493682 6.3729470684355786055099539
24.0448194993219097694823682 30.3372156804975901927317592
17.7429246472807170616138812 6.0982476959302368147224918
10.4524509214444649370664284 13.7384959051125664291634618
15.3419536312770406756574772 42.5455574505229068039743591
25.7196635302797098763407854 37.8813794348780262483319078
17.0864974669159524502924012 38.6141373633164922008031970
5.3956626448477360947330649 33.7473973014660011026167179
31.0968412660711965407258182 12.1031592269444898926352736
29.7617125383189459308494604 5.4534820790453547008605916
18.1154369792291167007010939 12.4631835038876907027429718
11.9609743247725896724825369 36.7618700993588041451662926
4.5463834508477522801015722 19.9707385321088634903610374
28.4702468412666164717395965 6.3988315181248714601886551
37.6854067416977787608826350 28.5273573734546888905958287
36.1904794319925140179376998 29.7279195115051197882068430
15.7209498963288164666180760 14.3126424659151943335674332
14.6822749901925820557331856 31.3118316473560105033354693
16.6962051669252641119235950 41.1124887719527156522529411
27.0998033720491014093714220 15.0200085617910402220930071
42.2544936891787526576175989 24.9611250361667986495909360
12.3325678319909202267318373 1.3812207170987458134280796
27.2028356444315064911814480 21.4710440571027357050089238
22.0317975787796363371054635 41.8580923531839868531196037
21.3768556073164051258073710 9.5932290884740768904734750
40.9633881267557752912429914 0.0288648014712545870666986
0.7755094334999159569348247 5.4220462113995892639368410
28.1542489736534354524558471 16.5631598654826270573729816
9.0925751921452889453210696 39.9477793672587520690097879
22.0585486336590838800406240 42.7132348596602662380070235
39.0703468623060464794369034 0.0894206860411434157254550
44.1864176424138908883859231 20.3238897834586391099536090
23.8448742120653807179621759 13.7084635831583762888263704
15.0742376886446055101101991 27.6001332987043115350662893
7.2011232017828205582809842 19.6759707418146243550009567
21.6125180219697399751724404 35.2405883144710454219410907
39.5893260812617632832652253 21.2057836552089514493692846
18.8874245390952575362395508 9.0424108665765845316139680
24.5577976543068649204340122 13.1496986417986113115369567
42.5524511985226039426627945 4.6678578595917214650874448
2.9559203544230476737153623 9.8113472499095415629549585
29.3822799777939926295709343 15.6103050356655827901786833
17.6596034630868514759487353 26.9655039917026376052768074
14.7256574348008963788928309 18.5244436654084995009964285
11.6992383776643588082921721 45.3059358294537982026506653
40.2490262551929718117275095 15.4115503927666803688112702
6.4056385686461743471844072 45.7653558330739147191525309
27.4560281183822409493440368 15.9895753527916976251022996
22.0341014151037828138976866 28.8010134340602930749960046
39.8659343134237904383289721 19.7029764583369386534366816
26.6769707139770515437322516 37.0045839528781990708922416
28.2319475139078347371793852 1.8593384769732566175798058
29.3605161943822557739855714 2.2271256811004853300277304
25.8475173391541067379767607 34.3933983113348048510035768
17.7151227865872191290863844 13.1975158517100588575017436
5.0013765992222365256427842 17.3201106264582564323037726
23.7934298828713930296056095 10.0932004046725738326883159
24.0573026862296130319542223 3.4994553094916707313149036
11.3052891756157887973208640 28.1636367796437908564310467
30.8113221349843664889842343 21.3228147366669773835850148
23.8088835117866506010203437 39.7131850387522275829745592
2.9035326748881163775447943 8.0665666801841451016274051
25.6657352918048619704694806 14.1693342091646069253782397
13.8959806901446162242093198 2.0980278022771660548651367
28.7982847748091966409667979 37.1235611711618100027840518
36.2370205580555552592591735 20.9494234067446127048715749
15.0078491464176730937784415 37.8320560371541308743021551
14.3223182426520878968525351 1.8360828293394632894044104
28.9388346570396908759299088 8.3692203156876254477996335
5.1418888156097966010637413 25.6332007249954425805472405
14.5012576143703940262803789 45.3785580158918741794721002
38.2361303135126418583537989 26.0959448698084055450196811
28.4006594869344363725680889 29.6294201885085999288942533
28.7933298626782399659934737 33.7186025128415054665707486
12.0700323162872602069844885 29.4162254526950006543726568
42.3638539801605065093526995 8.7352089813374706089785433
3.9701775814401662960465376 2.9559583846579964526019100
36.1773324756031688322259070 32.8359652659955817478943959
27.7873305360054583072103324 19.3226359920891385903087230
24.4065433885177447863596079 12.3418248174409265624623395
46.0871490040010213733020211 9.2452526565263571285036087
48.0219358660570077013713348 2.2121653817713515801007659
28.3128413078066309074599737 17.6034944564696729420112779
15.7058445898537857584573277 25.0963432738588545193683058
47.6387649256818337664562095 1.0237560039512868899684126
23.8116033702440366092440987 23.6221833228468286139283865
33.9575730756867298185679424 19.5034158754151496553100922
16.4123624645865667539400940 9.8302776324491444321325940
17.1451181017219210342486823 38.1516044915283649596327041
2.4278633988172287450412364 15.5918401517166553486192279
33.6728314960612312847634479 3.1844024616663548414940559
28.0112989725417949525103525 19.2968165734889800870133219
36.1081234668511819523348300 30.5156258284609162427758207
16.1218686424473417072075876 38.8083154939205407835269552
12.2193051520114859511693976 26.8270121631542403900981225
11.3003981342935804596377987 21.3612031966004706578470572
41.0175553281226946497559432 9.5425444669853932646786569
19.6098750081620210259848366 17.8172052287743089744387004
25.1539841102175826311686283 18.3923104416742968319290193
6.6651266429768546371759142 27.3601185456693532232718779
34.8681699096101528130163615 27.8874654128796205990689546
4.5050184536203638475148566 32.7369028579757371285009289
11.5389525668198668675123512 43.6216984270521177726792807
15.7812284528389772607297182 44.2091939365479214123866649
32.3011964791804719097521236 6.2954512160272583059977514
37.3561276557374936851403982 32.6958671175462845298398864
19.0102432420259830734698916 6.3726487333765259356232872
46.6657367710264395623073362 10.0154386632473991827385668
19.2819365757782684143418536 1.9253368244710391366932937
31.4965715651346272375458785 32.1397881082366947506915066
14.7716276865163396226981247 8.1116592316827469198831798
32.3692222157889006612928715 3.5683964388613398783659635
48.3174463000851675465423413 1.1934751938713067725693897
31.6383736885512920285962413 9.6183839777576623961513476
8.1247079191678428928667089 17.9301177137299168507080457
8.5363629170020350413527243 11.2307839507860050102426855
21.8169299913757518312748073 2.5537356463442407618950700
37.2134413320225135254511094 24.5185599949939648624110961
44.7848580347420302641767989 0.5625751576475935781955464
14.2510256928399660350713388 5.8230805165320499836442013
2.7382646215344969306513439 18.0693637647387169504242562
37.4259238011965998963643904 4.3932024341049715527078741
28.1682137598644723348229373 35.4549253782684163596339470
15.6670865006691234477711562 15.7175825297833674244014760
19.8759667338748434634352298 25.0987239993171881478541730
38.4499164476853004627876980 16.0344605511385821962897015
25.0732548675015090556937679 11.8038930166836010496439294
18.9305416823663511641642462 37.4317324153209633262153383
15.1398434998826522651521754 37.0173626667143995589589390
16.1576233183189638586889910 30.4373324833717199895538410
5.0160540788942285736960664 20.1578570656111303856078394
20.9756162489260325553531467 7.2127333915645457931039521
12.0984601486004503408469676 14.8871509038071743815656753
1.5157608651235280247007486 3.8990343676043654339601756
0.0325916853828233853754447 24.7790019529044774450256637
43.1986773543715793187458218 18.4627807990265672351771246
3.0747390770097603740323219 9.0854818038620916531469757
11.7320846804390544515862445 3.9189525451333612173795644
22.1281320709109407172168265 30.7464757501135840682834742
6.6784407639710728639287817 14.9799342108745415088402427
1.7495631346046270939566988 35.1203506366043052849955158
17.6893251738448819496338629 15.2180082433273026858169191
27.9833410712609696884965160 13.5621761708613328775764139
42.5061809605514735839950361 1.3132327093289317273173978
26.8548292484000755270620578 6.8057436066366645461551248
11.9779742508854958593002952 25.9524205584975068293706260
20.0999284116882758174854282 11.9997032398724938535042805
21.4077186307470770097193749 14.7380318572991452962607096
7.2327243228934139784286816 45.4773317034874640224356829
26.7160587088447319060766056 31.5159040337662145944568575
21.3728122316677992538145878 31.5389108453331233059560792
35.5277253504739101939646386 18.8886402745484428656442739
14.2654184886917558679961575 16.1399453326983552072307610
37.7572522153763420784455630 6.0324045905806341418280399
24.6752470408153484533603368 34.9733067277707297635574350
33.5208075604795389868258142 34.1519466574498177346862785
44.4427566278650122200452486 18.9563019420023094260899550
6.4832941805245285161654790 17.3339809786666369887105888
15.0860011216117000962245955 18.3687933778659105119552326
14.6563913879939997653129449 43.5337821867332739682790600
37.4864669589629777716077662 9.2067798352397325805439554
36.7871643453147083361428431 33.2821955320078946622607738
13.4374705765932588545754275 9.7690523851185500447091957
2.1143587222143989003541894 17.4936984995682343658165091
0.6213582955033126135910498 3.4079192872791482882327570
26.9318074827963363362092307 40.2514315982623811307736204
40.1574023919825351029669377 0.9396984241741432928871390
13.6752585325405833637731050 29.3596202984332883293089175
31.5123778683996732063904028 34.9638390494979036186332220
0.2939280340430064163809515 5.2833328790455379805876131
13.1714759344180978990040825 12.2887030116707147482546832
8.4285994517445094021993027 40.0744146717335368184699901
15.5380621747016940721308854 9.0867278959537718449422144
0.8834330458140532315868041 39.9527163789092531450398711
27.4946021701854132488040014 40.3985996230467815961494986
22.6544185384405923074634290 0.8816579184463878448416623
13.0033653291876309631998437 12.3455453551344200566062106
14.7622353835420409968690512 44.0406222308552240298801630
31.9240157402956786763445833 13.1475175988988031840887688
22.1091303365577618874471386 28.9859682564012559599534600
1.2625208565242652813740782 34.5095065320679605275107033
13.2275183395058869434564172 6.8214924010831693833969523
16.9949966405340409353686598 29.0373912255945723860380233
30.6242981036928776975394607 13.7714329558021236105324049
1.4197788742262781352239400 17.2332303399072793305408251
13.7906334459723407160101867 36.3980552936393710729005115
14.1022617618257209617558700 5.7988113610418568770946207
23.2345470483951623510222124 4.4895237448878304404628440
1.4351875653824095618076578 19.5560792760760640121461399
36.5327867752464919412710698 14.1899785212795521098815010
7.3714233016551682686043050 43.4759947385659620874494462
31.3984826398625017025828054 10.8919827356754980402331439
49.1039377738565546014126614 9.0168339843441385596802621
3.4534423326952939695164617 29.8927037260724893185342237
22.4392945251831102558845100 25.4848594505068301828525157
11.9040660684775460725492038 1.8147206499407944356309492
24.2958204659171047813949007 3.7031213709414869165556623
3.0951496415771937005289655 35.9363332672692772790123145
5.8056802659534566981552923 17.3145625601549229639343090
1.0552706783231103451465860 19.6057747563178814198606630
19.2938931009204617716801071 38.6425373003669857096592993
8.2098926552303346256937658 38.5629052664551585892354915
12.0319729997598429623436915 37.2723976386420588689525970
27.0439431486465039008710907 40.8181961749018965711354882
0.9064107543142851053178493 3.1903635442474904078323011
23.2817782485605322271238398 36.1518851733191595186619609
7.8773271854908395902989663 48.8103238712132186532141377
4.6799900122841124602501640 33.0695886500712456760994996
8.7512882212215518875084128 23.1714253870820153805706577
0.7555221622993517103631697 14.1042258299516217031914927
11.6025897724293866411716975 9.5592839989570868441895657
29.3448518446202979246997181 33.8360705493011510576280414
9.2022684727441421411246462 15.2091503692855635362825340
5.0259317712785708605934073 37.7788301808096308777870747
8.5140979434861494802173299 42.7844613873860158026043690
13.3760161039156757855279660 24.6288894022403800570975754
22.8367993581145163326339144 26.0860229831459823241124106
28.9736868971607622836777509 17.4363260919637184688275770
10.2734890695290380580134664 40.3231375557293083495895085
2.6341899568782479838135678 21.0846162704252641095699184
24.0315173392977579539013831 7.9048196925060351571800765
19.5465908497820315355823229 11.4206298491465591446155820
37.2229905428059179895390423 7.2421664610930609864549332
14.3285996503065588090819572 39.1176588264332961551389494
13.0306832030848527271061593 8.3786213222010626191234871
26.5994889001208718510513564 17.1891590909022228142762906
15.9284711732981682996141403 2.4049544863488110802810648
19.8738775029225402537144812 42.9363365111513599429334742
9.8636641628867232834590313 12.9308982395572256088563126
1.6915155567731134503746150 34.5418409341655463539639363
4.0783150438025616179072756 27.3105720629117124671350898
41.8866213418120836912420437 4.9000971998168033864504644
8.2213059361360537511021265 34.0868028524890272508306580
21.0381304450120975886612552 23.1494506928059759669933549
19.7658136710573586820454050 27.9430243517240277574423905
10.2214350450149810705231625 9.3017345490257671562739073
5.2436323986915396090502463 43.2030591424657382513354314
36.6768008766946151973511008 2.0766023816063358416158762
15.1601707705449656709810654 33.3041922617545862291527510
17.6905012095657802675312436 27.3138457005664375431537900
19.4746027509288004952793964 37.2120927615407891633131615
24.1459584809728429590319061 28.9218375805399964943388028
11.7286608223967792014387942 33.6740035533818714801229248
38.5126722064994201567717063 2.7882036358069480112530772
20.7076777983473264058092658 14.7882412814990689342188233
10.8376058428029208066541387 30.5212434149731847484536388
38.8942329285903795127529642 11.8843866016112009619070123
7.2869038545873894520203919 20.3199663438205390586686811
1.5736612460915011777207846 45.5359593100063034542151438
12.0083763879500223007916825 33.2685872336852376822226722
38.1908346420781213220940391 6.0794859438480236400522767
26.0649009636291071225801730 11.0054957978369353853001859
28.0265308254481011571434282 15.0337476994330118892337408
21.7761907500520061794242522 40.1347420125923999259143895
36.0661139102983716327733393 28.4821949190960755441115773
46.4120412722557385128220001 8.5394628017475390365897233
17.2102931713402083497066909 30.2457568752464945466582082
35.9850625500765405023747972 28.3385827674405564647492847
30.0887903201320408342584606 9.2013421342284843684396886
19.2922048053905704573014080 41.2893549688883488310828551
35.6108355363581546028108395 27.7915165545612358075642769
8.0816003685348991491790196 28.6127198197461924235546749
17.4681042653887268688893971 28.6158231294070617866892611
43.0095330223225033570992077 14.4284465276671455647250931
1.2635702246461319674864455 38.6962968549625911564348358
29.8854557563157083239460316 28.9198812970817066279107412
44.5360957616864903157234513 12.4714142865150075166922411
14.9766785085723165653894305 4.0864533339887892969624950
2.1374438303176641808602393 37.0598345095095770371381932
3.0471284258895889678952904 35.5558013319364753662996461
21.6568474036417407063211465 27.4587137451005886422557379
31.3739438798453973002001707 27.1509787194552443164028969
25.0655086867333344710432719 16.7248400373604694843209515
16.0163638966827635857524751 6.9624771115628754427885200
45.0513298585518631750033652 16.1517082061295721009559912
26.4227876021639907287310210 4.6191227880333409911572656
46.5906843131755259379470928 5.4136988492176004030113891
7.2393869348731502956124660 26.2886149655547264999280201
26.5990569897516040747425438 9.5388766244220988269998746
13.3935208839875338893654252 7.3561945549441382872213600
17.2752425926790199842423994 19.0936113232695886369295221
4.8950121451406238378597901 19.5458142859008508534687616
8.6921562461640687606902109 28.2213823154052991699247143
7.2574661096788321738868171 8.9347179959337942792733032
35.3582728206290837704945013 25.6961581397290325835450580
8.2387341958910511810573453 34.3383642424832961684824666
42.3910411912473400623718570 3.7416075050666786867526576
3.1352376341936500714106089 37.7977550256246806642869607
18.5329883930112941647774261 10.1256279422319605739217439
23.8311935402507675400081614 27.5875735512768518081456713
19.8722542063560697509764706 26.6757101640792965853376455
12.8371668668363284002216237 25.6750296364580573308719960
20.8027004777177828837387246 11.8426201845014149636585765
24.0792275574814465549477766 25.2327327143737265373147982
18.4873333580911038790157951 3.9646570225950073060940119
49.8418012901263685952025422 3.4343622632968495679823398
29.7507115354622035149743282 13.3377345577769007003283628
12.9369445966110344478638968 23.7936013353215733664388107
24.5728597893435837308570338 23.5090314937315358089363549
18.2267223620220992097914137 0.5353428226506344349572748
7.0399131984153107712302295 33.6368789003792370170880092
46.0833918983355816583188050 17.0388083839339679173103899
25.3303607795275244753986450 6.6236562998825461849150556
7.4422342078192433308005209 31.9939548976984881863472180
4.6960494490898397031124910 0.9732006841874973848442648
7.0573505205662643473613557 48.8691498148869280861260499
12.3007101067455038495412813 11.9453978949974293140201644
16.1858978295682218496356130 15.1992339099962115542526789
39.0341806205321305695672426 28.4839032311878537260162464
6.8394505514575783451571290 44.8912231527964342174662865
20.1059173612200273470406574 9.6825661404294622233919540
10.3669927343402761872583896 5.0522729188095058531344184
15.4341830298240855331973324 25.6180794401510553840421048
9.0477612253640854295421198 17.0040588333726422481301014
15.7743791292439024876976699 17.1804820388391425580365822
22.4617313286017913685168593 28.0440836135130078588620061
9.2197724875572653919735112 28.0356165489129579544017286
9.0183321978526448877903254 9.0094219775285408429626580
15.8269760643303117177431939 37.1820767125656309353645557
23.4275425301373409001939894 22.5754346801696396381224855
32.3221994459093674872346155 36.1908195952904080869392818
33.1848339678225986069480765 16.6963108059249857306532366
19.2164766708318574006159726 43.0955568981232098248204597
28.6827127353046461397959388 39.4182951197028898639443718
4.3743481401173149826983129 22.0650193371556370192416709
26.2758339788310152891935096 41.8877135770969176919542059
37.7094513677363845496252706 13.4906366619342512254609832
4.8690307803702421831629751 38.8689148196834426419421820
4.9776919409753997977949407 14.0257827924415169511392589
46.5047670784853236399691825 5.7277080037155888737284562
25.8707579056169268615515346 30.7766776210324443787862481
41.4339508613082741389333810 12.5190940575862488257602075
34.0971930250812817954611733 28.2644905811222500305756007
30.8074204033349426523988338 32.8846901778347590893968095
19.5093124638322964468135419 36.1647166059483702785253414
11.0954029352673287696098083 0.9444753591603885485939917
23.5948905640781761270207217 38.8237187717659866058901575
28.8321124913870180787778956 8.1369090743355782783316151
27.8728806208438420086830062 41.4137963231600853013633709
28.7604270380087991416867455 36.4257853256641868713862992
29.7880611929815380205850397 34.7875180253375838605979304
24.7316564932935673357704408 17.2001502056734995229008452
42.2577864838976464232789141 24.4597522775950735695699486
20.4576657105701788209520060 15.6838743196495023581531697
18.9653733970068832751735909 25.3932001116854823367994204
10.4398645142071187412730645 6.2457368600509388262598435
32.3337960365132977937391210 18.1666076599115486695866043
20.0189012625827409641933325 20.0310656790636862937929752
2.0373383779507329284265454 10.6230528725846543490230073
2.4290237442198362054097505 29.2848056788843358672620135
24.5159751169889804367191032 5.9554146844008391847217128
4.5562247362562494302205803 21.7655878889757230080903495
31.1853443550566343696259035 17.8178084358469099951644875
18.6343495979897823564916365 13.2763328920262479488904777
7.0085744453359765587382433 33.1795100060893531654087585
15.4160363524885599126920783 30.6405911036120714285817449
32.9297523878770349900520810 7.2202082846069414561754742
29.3603368496089230382621785 34.9137597528180339078735246
6.8497579587374469808326961 23.1750041188068185332195061
4.7137075322396238006431846 2.4043629718716423345521421
33.0201516230995847991951174 3.4160776904973715093120630
37.2128150877610011148518890 22.0160485383755273663612112
27.8792338307591104250478249 15.8034275082925190420008534
1.9865909784229846731694039 13.9661539546307597061564654
12.3918724104517440580645491 24.1234636435791467470208310
35.9298411704378765914864016 23.0661334745792919234873305
4.0678753636362374574216716 39.9493728364529065590943902
38.3826095997480887554824278 23.5218043592179777721708167
33.6726620953005539358980594 8.2250730948551033971238759
0.2873454167371921220961682 20.2587618726189713163010352
41.1174004375943356523838547 1.3635913077301186010745510
19.0910369373828181186349208 1.0160259128018676398610473
4.8197886188919419897255096 32.8446287491455702460099175
34.9623043261478100987031019 27.1502721202905464068193259
40.3291914001893352129178833 19.2498395060035388316580909
41.2947473490936131993596126 20.7423200576629326430650933
23.1892338152074590224621655 3.9063326872706213752744223
35.2048673472178744276910727 31.0180159756357192598488381
9.0861592548022703946864438 24.6969979956344299481766414
20.7159921493355912521868394 25.1564637671646161419073069
23.4184487097775329048657506 43.0067001759902407466919560
8.4807020058527232400317253 5.4385378078970450962954825
7.4115083460507234411750143 25.1509352517241487543850247
40.7544831976660789302439592 23.8342631371551584212612850
8.2794664983575171404601315 8.3636376357764038187235823
16.3784513072134597507616861 5.8091593864549551953916890
39.6091525063925878175073575 4.6491975356327653560489384
4.1861955536928425743981801 13.7286476677873219860217506
24.6005468566921839176878018 36.9839572565145103816734647
2.7338878770345320262706902 7.9073293263783834574336194
41.1622027382944433461320448 15.8484404826325239899029626
20.7051930209402597372066604 10.6440115541842005698505474
13.8802660651308704132907833 33.1713462789977275209487390
20.9200285461262836807113770 43.1839368935865018299443094
36.9169849506544451611851805 1.2791489956815871914748574
4.9806534752947520576620092 27.2340428684217633669294969
26.5920717279062999848741970 5.7759606316080833431585702
25.5482596439833162244228981 41.1313314781276376336877343
14.1712182284907522384915686 10.0834802484306689834697362
16.2215346041256259613880167 12.4644219716421214966960354
45.5365203057737614280328582 10.1698239140043079222144919
6.4864639916707360469840386 48.2019271905673802747571522
24.6049838152955285080689117 28.3389267871781816609706670
26.1335357371002427684584503 10.6554356962868707880914325
36.7884852413995260905485454 26.9092429035699414370185924
18.4085478421787805952968928 11.7313838204286437348998150
32.4785727318971140272073037 3.0236258529899553822027780
15.4071889816547860627911553 20.1026995123434941228443694
10.9999962366513440486371196 28.9913794565497739810717696
34.6603972055364648378658432 34.8304014555451258186699953
26.7895103374191141602590931 27.2822677921267098644847176
7.9938065361019220152095875 34.8797800604214560314105748
25.2975071896918952640832457 43.0933420610131707088481599
23.5408356807626004322781405 28.2370156966230132573199131
28.1890388998740255907987579 23.7881921528599769515179682
13.2046290137882010676386468 25.8580311046340657088401923
18.6097149147195626141221165 19.1749448706603655356396284
26.1324345544090141772009009 36.9607340871299490569841400
15.2873492691261002231650385 10.8764402413542313053845538
31.3969679394835873733249100 37.1043178647315889146547346
44.9903493276920451977895343 5.4652051537192944311925790
31.0719619394715429298114799 29.4624028421313904269937869
10.6685221499076094564701431 48.6947906365447957926393362
17.3472383364573509176052512 10.3476239832216748540778759
23.2662563613443510541249286 27.0033574751030453759707608
6.9834929819007633607003408 25.1938648438809956322910260
17.9037306563656484316281803 46.0321238765311899614929750
0.5737823228844868273096835 35.6254231391845405334805012
6.3969736709628038350512399 18.5897479233315229355616339
0.9590514335471768414922503 18.6166651242324038599055018
37.2395977503899526817714537 31.6340379874139933593054890
2.1333400343211883370522362 10.0721824992383091235460548
10.3032877227605273940346213 5.0341098619331089835692966
35.6631091781092498556747779 33.4087210732506159078809787
24.9134963924951759017185913 39.3168881970728941901033245
12.0319318365852625307656258 47.1087318475011168640144505
36.0702692625502593501888553 10.8367742122424037106600616
33.1687803012026632416881235 9.4779751703910980609544213
16.6750506735545411083697164 16.0761526813596867165418873
6.4662685011084539901077154 8.3777903812146450576046941
22.5623757742569769400350596 5.4716724519311168605823061
1.3426371566700557245280315 19.1884685544607480079219006
5.7616348760607731898356791 13.5204868090967848391774909
18.1487013230849105192543329 31.1147013529851515167415580
19.0190905371769310530007417 28.7971212995095555992097108
6.7784787681811116960096654 45.8208710697354364318048442
29.0670689844450677693620984 26.0979980200304172035222409
36.8144262782117588243405919 15.6588000116902798210746409
23.8064373708400121497155795 7.9532093967323713257273829
31.4926375324969895163849652 19.4734121624013783821785810
26.8649012568175393934168748 4.7725339665049417340288978
32.6998452747648113287995385 16.6649368137548436578266783
30.0466921096265680692199340 34.5064674122012167528828785
1.0791588902330634779943784 33.4938116088574031205971820
11.9886224116619872007673476 27.9959449326254376010061628
0.8278598773111931258114457 46.9554538687843831628978610
6.4180196576027504983565417 3.7160494714985527567469883
46.5816345283519849953328234 17.0044501430374438435909140
13.5091662211113193947839294 18.7217100717425093540196252
42.7296528774060644152775826 9.0375198465277872854549077
44.3674659870136562151885100 15.8122725087568084356168089
4.2565578884417524985390869 29.2469094938652328249206804
5.6536893447243008565048441 30.8712778613608883696704927
4.8437039618886007388271345 24.4650471475038174029264118
21.4304544270529972939421872 26.6126966512227879015848860
32.0242785258843718855772768 13.4143797805407716586622974
45.1265998144087084969033004 10.1779167411709512295434850
9.1899908390418311341969760 24.4140137703395100833264707
7.6591860001681512304748326 47.4956510621217634540916916
4.5177278300291799829754012 13.4940777844867871006718807
24.3659601787019924945361250 37.3604066435298421522855675
39.0362181682035855919333300 25.9744811521695713083783722
49.5256252521479919143175457 1.7923290389326264325899355
5.5861635612141881850300896 6.8771197944606736950726352
31.7698098095769538384818888 18.3351897907632239508931855
9.1378694940001606648292524 38.5745945035151503366180525
6.9364862847754757061243032 44.5464382192462354686616468
23.3933341634279109909885395 19.4358410344959489695458926
27.2460593656329594599756905 38.8349359345989457849631767
37.0937921685905527912673706 2.4597931932197419528338978
36.0481610272685048842361363 14.3014015590123225748718830
33.5897410895201704709068214 31.2926396064473971565721451
10.2250343374894634151005277 44.1412355150732205915638914
14.3110625140587353320423910 2.4886722802938256270994040
14.5667455866059836848199968 15.5983948858558872000188125
26.2380466916808027489415374 41.5218605773534440479467772
43.4340720408258092314825620 11.5317555451177390580595638
8.5936460273327707332382029 45.0349780499214597706647975
40.7479838343450932641944285 15.0864778340058867082363935
33.0333358560497537769885434 23.8390168048394496032622263
37.5592950986885917019707148 25.9961410922780447299386476
37.0079665365398902551965656 26.9148734500153962679853187
23.5859427762862475836869949 1.6441725437892993737566641
20.8223337790904775841665587 29.0332639569192714327430657
29.4043294595941745723433261 13.9422167904405416169032938
35.9971914359244605586823362 5.4499732774947322088411036
44.2869183948220181001773876 4.7611825306718880005823987
20.5813726237499442504502139 38.2152731368278504384698802
25.6689485907772139235083786 6.7531532075051046784435318
41.0026883086745942305584006 16.4857378197543752881168351
7.5342291722278105213604762 37.7986162548359889172016457
42.4247835530808045277211094 20.5216407841635427792610810
33.6517893390338095724648858 32.5201026179391143362617658
0.4674619298490797675501854 2.5062879611373019612953504
16.6879509326614631510092863 39.4969909444894726167799170
9.9505914565928413365011858 1.4091592046257783246726395
7.2580106266445209096901645 10.8775586297438640328936653
11.5469246147342283532965505 23.9618140369556493249590293
4.6166631149156793300869177 28.8389740053868257761044937
39.1679467898886392687074933 30.8767217214595539110454840
36.0454911723711311017057449 27.6174322872803448594620889
20.3318708220946616242987487 40.2444409685816824675834689
28.1903071320985227907295187 3.2103868611049290667785186
9.9498738901236634602109592 8.3066244390026082502888359
18.9545885780039353910923836 37.1849912174065566294246219
2.0352026318559725342533294 32.7316047612592090386882925
33.6381577110182719773746947 10.7691385824801218947451345
5.4281185337237990808715364 23.4101586748967635761950074
24.3829438349019940479915017 7.5479831706234507224821717
9.8887055442372186874746437 16.8586328822764300849648660
15.6288178898630808266195092 35.0819048993280254794880844
24.8607329997709271294756484 7.5129191872467814362093693
11.8386555622161579488751548 31.1584055188837996667049067
30.5670262416266730858718578 28.3135463469998110478459916
18.9833000850603731244546135 1.0650436049978566477634451
22.8011070632480210318887182 8.6086884419347646540716469
25.4767761431968558437821658 2.1056774086824266021512803
8.3908574689635329532364468 39.0332359782729120018431086
2.1535913653325453060974454 48.6606827349469594695414534
30.3124668839431343932796203 39.4544592081788747990012106
45.4416817072955836313074533 8.7780159268958911799293167
22.2217553919446016823667551 37.8112891515296132737225886
30.3307178620590891200523840 32.5353277833829379432566274
26.9689634848450272736674922 18.3077854628323510505627907
44.9472062987249339100017900 19.1245560978513074397665406
24.4759223063453806455749012 37.1608561157267288094363346
21.5367254990683260626721953 20.4858354669215324557402903
5.9786068329576286004651555 37.3732024361963441575237939
39.3991944152428205767101722 20.7774752900803358783684443
41.6486026857455379411901322 25.4439362977686603815900897
2.7368445320959958789940258 37.2560019595116546287447323
4.3785402707040892099306810 14.6570251107727369268387367
9.4990184292826312591804025 42.8166865705433695564394140
37.4682294884499285721328479 25.1918990749179368783460288
24.9002994962341249679911220 17.7334453786578817301774439
3.3635349071802435579074407 29.4055544570780027037256270
23.7839432602117648011349968 29.1860247891868167030014709
7.2209601007526565345472692 19.4385630956441372554569057
34.5393881412807747253654368 14.5268946036636814886210988
28.8487335400775961912034817 28.7097644214229310125156537
32.8077503675776020352931891 33.4088538537123676427191255
13.4186021320198959250290738 18.7067131485611630835827209
14.6692120773499262521901916 38.9141904326651906934505755
10.5117842483757755045162134 45.1885205767526641699474512
30.0318417112577183690900625 23.5603158601484177544012750
0.9242010921245938072937459 33.3563465076934903229177099
29.8393323209328310854131917 15.8781058895868717558608652
31.7935875309779879582303414 37.5122352294560155498921322
20.8677264389724447822322544 8.9463955461521154883925181
30.9905839748437339417975217 25.4083392786336736639215922
16.6313195589499063969932374 6.2369230978175681653962340
40.4208714409999831667447004 11.3645568303454730160638145
36.5973919620421320551029464 6.8286822723461035170523319
25.6356402885748144914221511 22.1656027888889094832863602
16.1447839186107739504326059 10.6228975435785382694120237
47.3727804627740027485289913 8.7931604799308503231877294
6.3079724822835385601869717 33.2296476533043252911908382
9.1122000111263222744788779 25.4846583449186042294220418
1.4791660244433260130219783 22.8432061644623897981721747
15.8987045051476515701772496 45.3622221133180133323948652
42.8141482239514875273735497 15.7305025939259704955195451
6.6584228435963756514059469 27.6435418359492052052757989
8.3901537687973040500726464 0.7780229662011237926661056
9.7640246846107666997019427 6.2180239592905733575698307
36.6344707125528693327845844 22.4925666745950997146840894
18.6444072180454887483360922 40.0048257025036078206697378
33.8452687206264967253490601 10.7702267955963518584834925
40.1083346886231019313165426 28.5363187623314998083202252
23.5619865963939629937866309 20.3919785119382477056721539
42.2357886441191081564922785 21.9690272340242545254704590
23.7354801549919917129625190 20.2515920809199921295832485
12.4807560422203315788838894 1.3155715923432996001621608
36.5026165555023169639713764 34.0522977874029547099494755
9.8066646152642924794298664 45.0813634346136790215705011
6.4231529739601484463136083 3.4268215408898813234325967
21.1685179066549614710629214 14.8793094475391648770919342
28.7857429359445116635794409 37.3414113769916394396237158
27.8391747946096515863520250 10.5820766749807035884495297
34.3778978878099137655046387 32.3753013393746602479401775
14.4013183030820095408768303 32.8953192891225044146109431
19.2607781223776016226977574 43.2206250084440628854624140
35.3309055277056561154365402 18.8872209335396379582641064
27.8842098865437121011518128 32.6262293102218280585533093
6.0567266295322324794161137 9.1551112792316797211191229
9.2463213162159417564888657 32.1792719326788171261260470
17.5690507102150557999751803 36.7468156054629017073199580
19.5754965995614308317654199 0.5476612826910977857037381
11.2750601325814064683855357 2.9787613208636499937085815
46.3902658941403678034058957 15.9355963261798578140650721
17.0434355616897817190007461 7.2815729244805421175785529
34.1347167177608088132147414 5.4148974688557820633441845
4.3964534416564381300772308 44.6449459304784829993272303
14.3879120462126293611599793 26.6455997671369654758239267
6.6088976173602833629688460 5.1790416375280832060292837
47.1789187741135613774018207 3.4856309766805393886475283
42.5726283943072153070516764 3.6154268904552688459396693
13.1842615495743189839214089 19.5620869896955569489936593
41.8900443721172775985294150 21.1713056399940907849344293
38.1935241081623936327750749 4.0317138042299126070556431
19.3361704492994794965920280 16.7514928396139537977617326
4.7402305279203142931829879 47.0322252773794693055327722
9.3660292764826265490687684 10.4296450367244199442635958
44.4060192801673736163147461 1.7622291818612837662907534
37.4960266651906577298687298 21.7151556366356988431318609
38.3361360967899231497015494 10.9014067518096340426625256
10.9684540073994023739822761 38.0485612958961168499605819
16.9848287537804694977813750 28.4431994016979774689832292
27.9710723568381041875345653 29.3703781250519017474430805
10.8968719186820510354937573 8.3820154132427217653128886
7.9785218546866771362825626 19.8076548085402342919881598
17.5439307514045193394323358 30.4172729512348436867419635
23.5624146343560462480242099 31.3817242451507757715178028
15.8604464095908872367921925 37.6689028203436731584199008
4.6291418055687301510375814 12.5128352560055659408904013
32.9501276707543559039668430 3.5055793359997038313754306
37.2559679173712941001420087 15.8111623399356961679748929
30.0531368623194003859258605 32.2228019379863802981223971
1.9662722473520523017780379 36.3129973074282744431391174
15.5290869628573341863727291 28.2904128301446738765015187
6.1982372663390413682071065 29.5817824816248340886821898
1.7489259768126061901762387 14.9144647214584966235616004
33.2394679933374163763073930 6.4913609913405270631792324
5.0934510404030890749869308 34.4754515053685219965082524
37.1551434990930704595415079 11.4453183250533466514319640
35.6173072062697896761829124 28.7037876834086499276439780
10.8815355344648657738050408 20.7266057137240498038478737
22.0504221568545730037973100 12.2588287656079494105812625
23.6516069908870656914731875 14.6151115886476242012501576
22.1154613764866893998226911 29.0844695345320930502707466
0.5072037869296155459997726 18.2138064203648617001742464
26.5553941951392555422118404 30.9000168145708996852086132
0.8027338072174150385671514 2.3142209131261073166010027
11.0430624717506389095524440 13.7858902956977236137308101
2.7250499646936014597396410 5.6190837945276631581633232
22.3856400100655740657093022 29.9229530852112149121967257
24.6925211290549136751032001 17.5721199714541173853415510
25.1236421956509121244419376 28.2453996754322634836226008
24.2746438477724748868388244 6.3829198697619520619815048
41.5124175744551206001762064 19.5376351466616768153376053
15.4306905292290606443470563 17.1579075003673035983037880
2.7464579726290827871047453 19.3896098105295081346441046
19.8292303303611470889622736 43.0732123773637941265716683
10.7780673079980713210912186 31.9191676756187238773732515
12.4793759105640266018210213 4.2737778232886968740618244
2.7859246410029183019729997 25.8503118722899117130652122
30.6197745211316466403256359 15.8880271989651767360857582
4.4000073311404115339487560 39.1617151754862574594357112
23.6065209242760438916260237 43.9912737921024209391537079
7.3423658377845772677642872 24.7707420943364953273578054
8.5680313000576413683136331 4.6998765559568225647055420
15.4766024599011100301901985 6.6313480000813492143708189
4.8352160384442015592078213 10.0060324735417464839031343
29.0161861825825255344734606 4.9051951457314034314555010
17.0099928786256413015653268 17.4401875640460062383532270
37.3611065265673046692533341 0.3843424390955947533639414
36.7341548563174334554922338 0.3191660885656868196558441
30.3611120652884712841522842 23.2637674111265739718441351
30.4933358294662351239092876 34.6288387040540352328515243
42.7624208176969273947514167 8.2991183754782319313992474
37.6733492204462130752112961 0.8477962693387542749115215
38.2012368986877595839569003 3.1883380326334289117670979
24.5481314906117894615813013 20.1962679799915955562953831
6.2491178379382120508196549 22.4376586623373528426188659
13.2092841665615127420616375 35.8052344191045245794181672
23.3733986300108489869357893 29.8359554310333250924515205
16.7770869435652036926335046 37.6235212824112726186754256
23.9689113431038502088198522 12.7668041821917039793538801
24.0659071318392922218484051 17.6304314729301702222084346
3.0745045340219684634739055 6.0454463747748485477085844
18.5465571825095226120814830 41.9764840914041351105066591
21.7429874310145466950398240 16.9039195920574421970478550
27.5065227055073655485662325 30.8608361625443933630203514
23.1515413425451158705136673 29.7322406398243772490016586
26.8925054546752105823610859 13.1640856260609322027989496
22.1552902703920717834872782 19.4587541490885381595548098
20.5042482785655269126170430 36.7977689884990531101902819
45.1413444995039593782793728 19.8936928893833995263195142
20.3418326139225732883293135 13.4242260822423550772127990
35.2493512534602795120532808 3.6032258061601165215610447
15.2425314157506955957613533 20.3141634344083462031105113
6.8933263591232577851831510 23.8533446649860088512848113
20.9457963209467976273495799 45.3682004986026704660647045
23.6408697498681728903415862 17.4673775212470848044147172
7.5839577739056905700925708 7.1402790200114338663621920
6.1189638380346802619611332 18.7232016906517325274272832
34.2616724949695197987493086 18.9641186941932284542952748
4.2541797262595038645863579 24.9379621231704218170253043
44.7693231230009750245452840 2.4915270635355788752016064
11.0967253143614272894343751 41.1018574677302179306477434
4.9191993922714714394720761 10.0399938913863879928123855
12.4550877113129951715177375 17.8149035951222597641887848
1.0872245765417732733898950 43.6728513234499444193480867
9.5169510557113765716298724 27.4850439803758384844069348
9.2958151260655137978970717 29.0101330769441937735459562
8.5218902965361903010992354 3.5181509026479126476933200
32.0510125071835065364247310 34.6515886686940579348209467
10.1286011349046976963923178 1.8470081347972644530143297
29.0673333280385551189150528 2.3643462514401428995257072
21.0538255638847323380448987 23.0702498713280895491698577
33.6855873829412214610228031 32.5158607861798914814816162
12.3590280715700140632436016 28.2091195383008077915146966
22.0759951374358636862518309 20.8002509285803593642659487
11.0514765215494537664163941 43.3689389620456495871424684
17.8503691519458199610248694 21.8943901750941916543638067
35.1283253660416710881827978 0.0275132243347622911258650
19.6592467922688770794569929 5.8748630248428658162109729
33.0724623299936047748470923 11.9042948313268007192057413
31.9390332307378570960910009 19.2067216433680550822526580
22.0493926674273036062418910 26.1404721265244759371267127
7.6907456625939019401275018 37.4946987073278545129710816
23.2275964762503980254477253 3.2370915860506778125122913
36.2042780742970702596883247 1.1181453925909733611009241
4.0932437951930806748390467 44.5785302049440986885888841
6.8942936677926466444617228 32.5801889930404519074424935
22.7299104166155679365997701 24.5122657551812435231334400
18.3549529053062552569157458 16.7211155083621576942574838
16.7759454800096627886683784 28.2412402923763843103964070
20.3281163734925792789694080 7.9540986105116214519031777
20.9698127455297237759771710 14.0095308064695424401805521
47.0684746135627425351124874 6.9684071029468158344828082
10.5232567901260219376933154 23.7647021131986119721387226
28.3531706272808865887280090 12.5338627477843547717135162
25.3563601689095576655493265 39.7624823041084404108722534
4.4144708487741956167129317 35.9862813739530863593994693
34.4751884809587188420163762 35.7975052091953925319751303
25.3578512842165751102958892 26.5796797995678607171627447
40.8353653089051406441266542 13.3031176830195171892218628
8.2799821192229576195567360 34.0358912929476271653089509
31.1093458442174057963083393 9.3385545532953451528213615
2.4928051956507991649349119 43.5578457026577059444541152
8.1975987804890586197212520 1.3414075570550133556489858
27.6036157736879345367328018 20.5679458434381981239407890
19.5394847330127068657115713 43.2054225343111688853012891
27.4279001392122780185007953 11.7562874222009007537441510
15.2790207328528853840206858 10.5617955597072450267274063
23.1979128332989694354667555 4.7283020397033627216679031
26.0582631029105262341240027 10.7919842503356106989734201
6.7170385448450240357806560 10.0688327618977882209751854
35.3054320551221409200143622 15.2159938026128941069479589
0.4245260061697210607605927 18.1884517667141088074330517
2.8389526825078903210458514 26.5224498805536675425936478
22.3734686757263081601067674 0.9632753585001947081526984
6.9974333913943113436181197 43.1281338099969253282916103
13.0067809409704415059882508 24.9062973874803011883125115
15.1483372471584138835568405 26.6932178398624890689743830
43.5915562890235284625868424 10.0884201092585980727934728
20.7979347870012479891848537 23.4935290792090951334207029
0.8200934043915024866601992 46.6939765580965866356950140
3.2736162459382206756535633 44.5340705154416504645049952
5.1423098399825136350704865 5.9208656047590723044141267
14.7488204900693988297475506 15.7946919612795569751026827
45.7989660705427645642079518 15.1807347275839269036997181
8.6098245894465565727467839 10.3136279038445745916037061
44.5460046260713986886351315 19.1089892944139132848938466
15.3831717479270031274213608 45.2477405731355880190643839
30.2402109654718845827172880 31.7416074067422425189518903
44.3852652091811326953466728 22.0669035505812400982888060
47.1110016263744160869296189 9.0029731622251947243739564
23.1886135998206892058230216 22.4674920567074191953689050
33.2101564394314419950740263 11.6655693932396770504655575
7.9348349676644267647063138 26.3161242213957083201784236
1.5448007196589057519976606 45.8269963093430478313106772
26.8701678942303941393877184 13.3039121064395996839228670
5.4285455183215809297387026 21.5877486912255553579167589
47.6037894578741374263626868 12.0573309339335601213633035
1.8234109619312554198645127 15.1550378575544618729183725
19.5910141836039232142243149 0.4383642980785570315834697
22.4871268395631591249057679 32.2773779372085645059416844
2.6041686001706731603646225 16.4231028098190116831451987
47.9543088038733086592450923 8.2694780453641015116546359
43.4561633120029823479053988 11.6645561510297505130394173
5.8865987150962318549995769 29.8386989590268059352759139
26.0382467312281290178514379 29.7575151375864657281073288
2.4446824650019315750902902 28.6622317282746159783510501
9.6775971863641731993140190 46.1664825679678160852567381
17.2219217940922274584617825 35.7128185630617952967423316
15.9334708347695977584631691 43.6649116242956183721709548
26.2761201082022102476019806 21.8647092836683165177759556
15.0839608214737292462026550 37.7223292750626095159762140
33.2214233116836884845753548 33.5162204484025851825740829
35.1599706027063244289158669 22.4003675687883984615731127
18.0946383162498962900963387 0.2899382763643292619252071
10.3465835333917849403468268 25.7380692591061687562944230
27.3020164940474213753052538 28.6635638984192359907484242
13.0972592582050698454104358 22.1914803454695555281591681
22.6358840424223857947467694 12.3335620814916073658683415
33.1939371387407788428931446 5.1149327687982015417277996
11.6771644040849421113128281 15.1869625495018443067965260
5.3470859353229250896751482 1.7054829228906865148841400
35.6371325317493481535444689 28.8616490331812519447172656
14.9054074387358923528977310 9.7380095032443219245182764
19.5600369620913109681915115 24.0396537837303663346758917
45.4648280989820484331256650 17.5627277474204551880172575
2.7128119267419380373240964 35.9324456647488259137450331
36.3678535429397790449624098 21.4097928219607618158447254
33.3354367405942308075823888 7.0177387607291485305212163
13.3732795928976011665503624 14.6681761964529377141599223
18.8413270827155974281504833 40.7738199554828043201258149
2.0767541538356805839376101 29.5581983920625014527399268
42.6342338204242604440242780 8.2657187555222425228966725
13.3423699284185722515635228 33.7043196740897261382873975
31.9602349935586533319324801 31.5918245620051028165480936
21.7209998634858266313804257 31.9405410870017776667299201
43.5304459762452101599831126 11.6447530291199045326315049
24.4999063241603900254399721 16.3326234912632981391653866
38.2797333589664861981567009 21.9695701816496258897927451
3.5370871425947476998870666 6.0406137557114941688678467
35.0120622201975100760457461 9.3357109578766523343751422
10.7980770610813836043077305 36.4746697282230100444312107
5.2254243212855908992956673 18.7134962169691054686215239
9.8965026540157039900058042 27.4236984234267739499651942
15.8980021852303548496319134 16.2250894148048029168399447
35.5561470083642901963463989 22.6552512658674155872440595
14.1224443731061272570047330 22.5290160665867315259170460
17.5217558640412981663526531 20.2358116081597868963281927
21.4589985729356184857082345 0.1066782393325335943838848
0.1174310781140484886862464 35.1352559396099030642480845
2.6726733850527162032401237 1.6902121100118929713149495
4.3275187309617555319576519 45.4012398688975801074461272
19.4975703780226043222074001 15.5513584407940221069586984
1.9440979840660628018441167 47.2199161692219681414528147
27.1241848589384326960600878 21.2550839974377677354534098
34.6197094173909622195312026 10.7459629561715651414174911
25.2007242323979268853851652 42.7542219922504486072697764
47.6410625997716192109593886 11.3061555961627313407868512
9.9576352878291025340069612 13.2606749253037881085408869
5.9529254715842831098036789 31.2420018297445696911244075
33.4663329714065547892886899 15.0334479560394433574960345
40.8913737500663897652440249 2.0965573763628316433748723
5.2737910099307090989262867 31.1076699285493581849285993
1.7179060819622240325083983 33.2948764631070106093278409
12.6882836764078010990948760 7.8426690193456038111630469
15.0388534752461667929218227 2.8866738904968624315870702
30.2547991377369963979372264 10.1561375106478692883250698
49.3910017479157614361206209 0.1701362318326070357421763
31.3461233713212107644704224 29.0330940409373208756301760
22.3503388367466158046395168 8.6869070377560696373237221
34.5900850345023441974783051 7.4179523661113490483630539
23.4489809720593073256489623 32.9415435487167258896261442
48.1660468217952368329086651 10.1258053289913175627891084
1.8994650951696817366211689 4.1099917703362900898115825
5.4614385654142565045543755 36.0509734791753698057780942
12.6411631110987400623016845 3.8988453673615247923690942
14.2737110253104209271654846 6.2658737272571757559528058
11.9336630406494563045944509 7.2861297293032858133466994
2.3853553675443073126871818 7.9252810530937994345260918
5.4414878999638647346486299 18.9707725049494715935749840
34.3090769003539330137176287 1.1778124832078152285374387
22.2572082268613917031829929 30.7590097686211866113915467
8.0092628819354751845876338 18.3943390228638182098128665
7.3596122918536592828469096 3.2918242531454392055779945
18.7620719933709095345395116 27.5859503101772251628294574
26.7359513144526326002873210 7.4625000711034199007890606
43.2805144194075622987210139 20.6348508982123270525489202
4.2955784726957038183081085 1.0237214391196682005194651
47.8864169568265572518754917 12.0370707000064581186137812
7.0731896877993105762558242 37.8545900471846279295933009
21.1064467606082198229014351 26.0291741156266958453849850
32.0304771700278373061630327 34.1986627261991855022819835
18.4404720496489036346001084 40.6749184459676275688961250
22.7169567958368752581823523 27.0266511787176623894027946
20.0953670950491503525713033 19.0834017228379875716258143
0.1183563462741940784919087 42.8075459676830414668139203
4.5108980375472812698115534 36.1268847106258538880662481
24.1230889779946327273484765 36.2984376820787407550919501
16.3810683992891559750094749 25.3901673507247724322142289
3.5609266184366251693359986 0.9054289691132605354279874
2.5318426160511464029618870 49.6949672800732135390858033
27.9121056392467152906276506 9.7424000525297520328693721
18.0019144428540837658481574 11.1772571050397486540625468
2.2578608594774382825298539 44.2255815602151217624067474
28.8671340883960439443556266 39.6823458167805787918080533
0.2979241994088967668635996 16.1682170065658930688596892
37.9405328061137589519526180 25.8169705889015106935850488
17.7154677490191033660096785 0.8137582156046247070762035
21.4249275221130745809645991 16.6124194707514447024713984
7.6517146370430673120293665 39.4835568700853099910617066
46.5349359547256573947368561 1.8707580521225263741925663
10.5795345062486221702987392 19.2762405471371601242151467
38.0063472806090994965240902 26.5898019245299626886647560
7.5923009484276544141816392 4.0443746498691907495989168
17.6129104613212994325710694 27.7359943950361861044392303
25.9204966170395559231865956 1.0620052382361100975387851
23.1843130001105396240088718 0.6983056013705099273595153
31.2852312251698778016099028 2.0577432268520936060474497
24.8159562416467273577170321 9.6264383762986211878164381
4.5249054657689161555108169 0.1588411969691362720354130
42.7290863702665858911470866 9.4723375131114431782189154
21.1776127887211602028214927 15.1165047736238936428228669
5.1400874954742231450220718 22.0245204383402983565004573
14.9730435276017174351597522 10.5265363496519745583414659
4.0978864191751528283033776 22.9501051608819397071007540
48.2107723645062560058227043 5.6763921656065893589580104
30.9348344324109148129842873 37.2026345658385338225236209
20.2088790491097233836021361 42.4570513292957508281389027
39.8675491272644972488782057 19.1983990630768956246043969
35.1390959616925274892700832 24.8041112518663709261675998
5.5629719956895022179407598 16.2497182306393964412860497
1.7707062819645521791295280 42.4483756964034051581066783
19.2859366402019079583473553 19.8003193890936401282853255
36.5116344726441996498137916 12.4258017099911793552032228
34.2136936276411555963375401 17.3471371803507388586238107
23.8025888942845370112013637 21.6318460129893311368269090
25.9580134338452526632722469 25.5378452217157388451808810
2.8113288511586068100308676 6.2527138180667782739837427
30.6720628722233436264227975 26.1958882109841484968602352
23.4390428363052615973404703 14.2517111575363818763128535
0.0571927507751945481592332 13.0765717598022902633989567
17.1032968280437119186244792 2.9115696130832768700625011
45.8921448906549318268275372 8.5094675118443477914216748
10.2209763479489426105112857 8.6908942287125031859379383
31.3038753575820799627139424 7.9099549680744330612633347
7.4472675490499507339047546 28.0363729118598281573545977
24.3163444145877936265372016 9.0672704995023178181869309
37.2203703544322424603331685 26.6579074699966176053195630
19.5350312856458027624080768 3.2221968699692597211509904
19.6704124989666671734026457 17.1340267339728379419036497
16.9988975525988941688673653 34.3516736418510957833215155
0.1525727690221876941471514 13.7650543605956348639794698
1.2601060072233623594103235 22.9654552066916277671803114
25.8103476044677983379830282 40.9673767348672617417583435
12.0021591695994824740214063 3.3088026939663630076483849
21.4789710344208256480789038 33.7142967196783027754170118
11.6206837201020217255256629 11.6387159892041285771400382
27.1988401504312260794209993 41.3246064043118295625902953
8.8841215126988053702584281 42.6857398313254293091694418
1.5804146908111891443265371 37.7823012719589140356693293
19.9224600921778101856275795 16.5709258605420873713764052
29.0065931258449619343993716 25.5757219884734397755604597
21.0057701441376180997014881 31.1329025413894981235836177
4.8497063148533686749363125 36.2626577715929608129039978
37.5915013825070166703197590 17.4464616415184042999848326
9.3440616388369358484991024 47.8350134534277725716066986
17.8334367008646962557175559 18.6673119499367690327025421
15.5994646514696693184949733 23.5617635712513732951053944
26.9651847965844222108080424 17.1574709350198909948497777
42.2995874373395110495808868 12.1344510642578890568126937
39.7261776276092891630250910 12.9163002094111760327843992
43.5905690800757591511528187 10.0926848397808986858450265
31.6594694445960988523627100 7.3944570109431283419412163
28.0713525980653616924110249 24.0312122731061794465644653
35.4717794531506695359107279 12.3593228951685693749215086
14.7918242795950050753685867 41.4029218109251766502063136
7.7620864432709127871134353 39.0736485888787958066842565
34.1330709004567188667527445 9.5096514607210897022083539
1.2350249732943937477842043 40.3171764055388578995256383
5.8629246839288863766470770 47.1712424486633314263874909
2.7734661227923144934228702 33.0046646046543452267464258
26.2007673288289163430506520 0.1406818416543227444373339
32.3409292024167727813721531 30.8068871897870591265086868
23.7826420932528073000697301 20.8659036483982578625646635
21.9130589985962327041309991 17.8414642146893501861676850
35.0320337509545038344184258 30.9233990898798917340392073
12.1163827900441075214382178 5.1179359203806927571424117
11.6921358260723350851870442 35.9067397548799436311701972
24.7836801335915775560847937 25.8509032537708083168950055
8.9697407687012458337615539 16.1877654585893597165620173
35.9987245812833533662707808 16.4344707405168863519997491
18.1936488948783927180929751 16.9703017029718784948395038
19.6164901617841627875619436 25.3513966820888420822966553
13.7032771541469654109529271 30.9228102739164676453573951
3.5492492189054265100712468 41.3207312372627212659418781
39.2950678419338337732122251 10.6017754785610073198265120
20.6365126293205634336514084 29.6164539825397207471250626
0.8776716188164907471547800 0.4792624849954777808851376
13.9157196926914570193812863 15.1938390617526017354990560
20.9651254750626772821350199 44.7377191396128055915688868
36.9694544455569312397701433 9.9377783230403591941909343
2.2937220244734211055763440 35.3940509022977694902043884
0.7419751722328079959629240 3.1542784981339385388399413
43.9478555846256636843480657 6.9344062119900983239258308
2.1536369030491937225181444 8.6811202093868437434182002
13.4048396771458840883839784 18.9818406175485371458288009
44.0039490239560521454853724 2.0377610991176580323304890
0.5064959008810202436998877 12.6389660139740356735451358
25.4372273546150395374528764 16.7912913294250349502903751
30.2983899001054208868590292 24.7690849540549201074993528
0.7109952748691939011012982 19.7229431302509636225736110
40.3835990998162381360761958 23.3594718207694311061804978
12.6312694890959995676806595 46.0646397043744659533226635
35.6295957003223189928279690 23.5485012311096631116018012
18.9198977387346539976357679 14.9176898196679007882464052
7.6851130751740227688654318 14.2632057063546999473574387
17.5425198157028948300439310 8.6463864426517088680841419
21.8836301183563126951345114 32.1186352892361925088808303
3.6172263420501668179807615 44.9156506530894904453027652
31.6341879930772915201255234 22.0857001251634430271459690
35.3672800655528317968671203 2.3781296778664702996493370
7.8643894246428240971315795 4.7065251489359015387930718
36.1387827076244440512792106 10.1236546963586453799947509
20.6270821375507077606957795 8.9734877550892398152594565
19.7676813775552328686001100 39.8966010200800946751633322
32.5222384732329957666230013 33.1859006912598884264113217
8.1138490730112473078912148 42.3103468813527280770872782
36.8673243375851355782347103 9.7877676815146539389750429
1.1265568471666621572912052 14.0794484860061869471052443
18.0617636429105785568788223 35.0467215885827698411765313
36.0219901738780943867398557 21.5387145371544867255089429
17.0287426649248263440472684 22.1138400837974977760033160
1.9392556455149208514043195 28.4031562954073557947856381
28.0537042141642916049751850 40.4164530836660710802890993
22.9301974072148281423679713 41.6977942685960113475185662
32.7672321911222747842071530 22.1203185902255966361398991
29.3202495554388856232935234 17.7714086669229974683600527
20.0409933924359165240165297 43.1318743372501716508257204
42.9492990048304311061326834 24.0698507472246645051710124
11.3545682420376015432422812 37.9021606249157137790940050
39.9001892413602878143694513 7.2093618652164173336781581
22.1493032370157831707684722 20.8664411463651881971019146
14.5183802005950025747336001 24.2737849613728557641024476
24.5008784460853995289642389 34.8023987013847638629155494
2.7388492088439456821802322 45.7219717970607091446587571
20.8581961216537368895296508 18.5724434189642642414041594
44.7216686238258067686832408 4.8961572177284473468964167
28.9099592339208743111960879 34.8096862538724007689722396
3.6924278195775170496760893 25.5022739534577587283421207
25.2095052114687885278711045 10.5821003110407147475457022
17.9556877454677771325318841 17.4095743080426379138434526
16.2736286016863026039573434 32.4294466825195387179325583
10.6554753018648845959367665 16.4912354325365037673038351
4.4018572317634346853151629 43.3834490665642206919477538
23.8975370922152518488583488 21.2933726996499125629685515
46.4965095076748402670459779 0.2731366008120902966970391
1.3423698446619157187690982 30.0615708704675369009259767
27.8338694233821406861276988 13.9741086628848259844840707
20.7527642507369587734716254 43.8043693705700330576803412
45.0721334470132996576415450 16.5530295273893899468004598
45.4694347887104643565290574 18.2765013061911433661641868
22.1166596550402256802504357 27.5200538826346770947724136
24.0146444107314654511931198 36.7259697465720295782047799
15.1749160407950409531271912 14.7723364148946106708409740
37.2574334842615080430929265 18.4223682018851578674409070
22.3022999948856506410908989 5.3485899953280684597635431
31.7201668885697479183426238 14.8266993144557766521530744
16.4295121160256096708600938 43.2096185082600294617320666
12.6229598826355563415622847 10.6377104586171803584274779
5.7744355419794431360482817 22.7300658637744509023922120
23.3091851899073945750199369 4.9175080866839230751436287
20.9713307682665725699022914 41.0816660544330378926061545
5.9586778186639909715398088 15.8427951654170465175439934
15.7482815505770245984153832 12.3081935394173626808717415
0.8713969578860525734607143 43.5630654034101109549797049
8.8835831405339369915017619 25.0316190164603854192914144
3.3935938779946443636523762 12.8445911025317295160542128
33.4930504445759422222345806 33.8262556591339455786909539
26.2506557121305853807543919 26.7563651246425075636735467
7.7005611211642938089117050 43.8942064334145687300521128
48.2504213179255421640954282 4.6794062275759289737666706
21.1385915132834862599195218 25.0830609941159169189981113
42.5732070163951024541284162 2.2409918204149738929868740
40.2528442366538333682554993 20.5111806305654738838374965
44.1007982381451295561352752 14.4090108875805710805157413
15.9744205660260410261109889 6.8787998647819562099454634
1.5598661171971941309768461 29.7416680382324916672876856
19.5288196365564740554468848 37.1971128396122467737964986
11.9601579888939620375324240 21.7475198788435629158633774
8.2565587518324370703778539 34.8902455935400258231545042
9.7052931830597527289090957 9.1546318457300014466266797
33.1922720931565608151481817 17.0520694724675626686232934
33.2067887939796784388997395 37.2331730851941445586815654
1.3569429475395196767696226 0.8116069474337687989259195
22.0000150963309547018558258 18.1107519380397371150291164
16.6866233798842751911730877 22.5733604095158921954453174
16.5989369355754341912377310 0.6894146856498011048683869
33.9173223599857920151126442 35.1726490888702869111321813
27.6759492177340556644959398 39.2051251100848511540991780
9.1413027835711556701459445 31.8109506839873341292532576
21.4362328453962322629112418 35.8955139453101542004236308
21.9323181933489825497600217 41.5989593459463024353776682
11.4117894440504563916581723 3.1258697485113763819441506
3.3071985524443588522120033 43.2326547615886056564257013
13.0440963066469235446691006 25.7847154636796426356895008
23.1936185047870746955892521 4.2492423623980994967690595
18.1293616298074427613408368 18.4208101585045825239094430
31.4476460608041262349332632 0.2134414073949147100451943
6.0050063191200817888233258 45.8141888404381540070221596
12.8639395800281388179635121 3.3939738480703518072193146
12.1374380742393447315822328 18.9257125888037596714522631
31.8897010988391621744509810 13.6947787067442726371997367
45.3891032744489984112571099 6.7327040586530469011259607
11.5753187872871993245861740 47.6603818173194663838798864
2.4599612791863323499066487 12.7062421866145752852170886
39.9753185128404409007312685 23.1619064370132606850276999
10.1966216535996384425049873 8.2175973893433702911413973
46.7779121028757491029572751 17.5164762237052265086916789
18.5834461967605660342450526 29.5576644451503517915487128
20.6244727818001288419745051 39.9516097607190999028301761
13.0869914538126635843079824 37.9569579219388221249551435
3.9650454338533721574365072 45.2413352445247632940863254
33.4646462626708580310498489 1.0570953194056692791841662
31.8012380686673409615367133 30.3921249224193452049845570
32.8021150181112229304976164 23.9065106265762290765271283
20.5767489388120084365747008 1.2638841359471542498523854
23.1575916681292846048038385 10.5463713253511578413368586
0.1704171224158920618361604 13.3780027658984839536897132
16.3673963571629360615354607 37.2103256702696630718698824
0.4678689906797218288715286 49.1709375404573747117555839
33.3310976616397520835707645 20.1131282666380132327032833
2.9814909894130215621990385 7.6557632852674436479679906
39.9095340630220369537679164 23.5208224956629385068931705
9.7781022673465780224640024 10.4589060637005297666327202
18.6643804876298111753744189 38.1594143169543886542153553
38.9032735722031020168823352 19.6477811817600333881890305
20.6873998363450390328421324 4.8509265105947804124395330
34.3118934641004987186147486 30.9789277882275563764450869
4.2123768308323587623970043 32.0975993095288472785964871
6.6013811719693238296201847 10.8130368825029407925631296
7.5903236316681906832719955 17.3172453688956953801835258
16.4136428951907998966955224 0.7696277731167036291604721
6.7204392566673178063859419 27.5288157427348267123739996
35.7759645899001783132741026 32.9025889203601813799018807
27.3670418017460177546038906 21.0010719493431115250511364
2.6703449528438630127019140 29.4596208025972613166875181
1.2785769971043923138197521 43.1956622922079470547676489
11.1019772840061394232897833 31.9725835738279314903913915
25.0053349552226490228261367 0.8562848691412929483800598
5.1169342692355203834761966 20.4038472765388819697255264
43.0092465737984303316078268 2.0505387473071513903711205
16.4937383666697451111025962 16.5968850900356133294974366
21.0526113142132499853060948 8.4135341475898376065553137
25.3401184461783987866397559 14.0846866182265217027837129
28.9573111934445767080775413 35.1777504744975048067741474
15.4856487800962165433097435 28.5165685498712232490352256
18.3937567079988342907581443 16.0832121843538421396806437
0.3511867316613261693053580 29.8559318708946855020190663
11.9337079206945331880157833 6.2118125586299335136882283
18.0820295874124420862244102 2.9223630848922639336841171
27.1341192647889228367413277 22.1752017290533491466464481
35.6507400356879629060474845 10.4654065811030688947617526
36.3992388086570270549183830 14.2336015874534077737418559
35.2828649452032014817411213 30.0852030283751132624237225
26.8534362106824095793278494 2.9821072547463398846335750
30.5724040984804722134562118 32.5550012692245863020953929
33.9713276166596759758542606 25.8833711089103619325666411
43.2139487560510108826074717 22.5067686021205027434614856
1.0005435299119020093436216 46.9254612406180982745383951
39.0434416276336153734800433 3.8222592624737719606706154
37.2617618494852276335488695 21.2028560310220289943179031
15.4009549312732303122949060 14.4156368990374743618551146
34.7224397824069088189449513 30.9330272614421955891780518
25.8970157557243011886616786 19.5919517901552448002981190
40.4984562986639397956131914 20.5152391510605369691765614
31.1298941643900090887437774 21.8501645145723527065508061
19.7565605968076482955010009 42.2691177265940508275082932
19.8687991806647456587893260 32.7525696567218360843002007
12.4073965946675047202785137 23.9072480587505764805342525
13.5087762097901445814652129 20.8928926985663671567313728
42.7989901693239018750269514 18.5673487737510872963158680
25.3812268131362364993794995 36.0457116098452710800711680
7.1141170415782622627198295 8.3300263336153838046049668
13.4244620859376137634917821 36.4387680596260489430119591
31.4975391163484824952605865 2.6277423035939533491428833
22.1412652619199524995897613 1.1244432405847692391916268
10.2397739857048327792443942 38.9120422070299795651912431
6.9693602562924094606508504 7.8056401158400712368182190
29.7144397811934377877887636 33.0159365835626247352246419
39.1555263749193624836419753 31.0699976553425920623394780
41.0456270830462149341897004 18.0625717260722059451369896
8.9430227680175941495129300 38.4580595424511626310025214
29.0652176639241935330667223 29.4399918843179888201935587
19.2810142161610547567133420 43.6032394530061872470285939
8.8320879556592029796089556 41.5931992318876529166519885
10.0101865958454746706451672 46.8913229107087102188643958
22.2402356131138811486849426 9.2396926287177446925568580
14.1973831795281584700504820 26.7101911422148178831178041
19.7246941737182902354001191 14.4373279990891574821952986
43.2720808348897511694766566 15.2652225735089462333144285
18.8085209708274185299082748 23.2860374235279717665543474
23.8138208538581630919402026 39.2925175617489553107546363
32.1251422700052956182916406 18.8275126910571753866875023
17.6615295645662613083974576 22.2614099607359077139226215
9.4935202470683736418352626 17.2154893429871126008848059
14.0436733370957699448795729 27.1343921841073374132115564
28.4710148920085539807787969 36.4678119856268199899288393
2.0154597254163943773973635 42.8245014226111507239736457
4.7172280222567771829132530 6.9099753824478574961756829
26.8408755172723183584605572 3.3267704258471843626451806
45.1002713187305861991722079 21.4701077541983303216103874
3.1466901267106967979411341 19.1206260683708110355697753
10.6068372627493658370692306 23.2054951095974580239905284
39.0113507435763560686362221 22.0139617779641038981960670
33.9095922257113367971315033 34.4694002716318995128994341
29.3407881205578143885727801 21.0266058236828475061821199
39.9419590930591413801290499 2.5768010804852927528121117
9.5268807323702884105452588 44.9081122238643177318745561
35.2040801259777094137326692 0.4156230067516273743708697
34.0537025651963834248106096 1.3584335100170546442748086
9.2260911755441184799868696 29.5276013523033554579040662
5.0683678892732307171055600 40.5747661353578723999472874
0.7162095982154510865431491 48.5385109352504144382517347
37.0289891674987027386581921 32.5246669657548335287086108
1.7350080399478318578627345 42.7140462506341862331957737
12.1196453920786908793763376 20.9311775963576821214176601
12.3161628778107979007055830 29.1086264184216573771434622
6.6716092668541199404685544 43.7605944862547112109745991
23.2629456376018363620893594 39.6904945832372022242617402
1.7063520960827692533938817 21.4263473911022440466637136
5.2337166923662062798995511 6.2536556975937952012952250
1.9447047488204999330491766 29.9953016894298797160044986
19.5090180184153788534156222 4.3472078345926922803195644
10.9043993319511068987473413 44.1655303965586295049389057
45.2943891941912934457610269 17.4045484723139827508977118
10.3509805796529883073031832 38.2015340142205112232133401
30.9592263450320080443205541 8.2780616159265239185574046
6.1263511737472995477867120 48.5897913279726391247706596
46.9678648055214136699802303 0.7208852961899961353014909
18.9432411816812700150717028 5.1140603763208350323804813
34.4572894083246901572560482 34.8739904030346823186268341
1.3779079780314996944580642 40.1572081898639605137274340
23.5567743575700623950065918 19.1723337616089287121539189
17.5486538584621462493029455 8.0339745926833516912458467
5.1370876343513592141398678 28.5588923216043929937196304
5.5011056030345628668464842 29.8536067694384582283716066
47.9055034244680697141331732 6.6755330609830737050278063
29.3967836328509812333199176 30.6810872043893624828003663
27.4824152842645119246148913 24.0669244014108364054666347
12.1583096009930774528370560 37.2045092380802619523894001
0.4854926828048106776963190 36.4590770159495807756204183
38.5644391602123185203684170 22.7438790064114306323092556
34.8955942323501191149235655 0.5454385127336545543191598
1.9815257834358784859711410 11.1836289087924778117900847
25.8601648562846065761349449 29.9207599102326034707980469
35.0675789235335542002001765 5.7675738783083873056011984
8.6143868041265387623512454 17.7564731855425208448989511
12.8562843978752558021844341 17.8666155575405290961040305
15.1273242209265672342404987 38.3557565681472176285602499
22.1642911233658267419532311 18.4321512308977873699770020
20.0651218556799876798046362 40.2478680791506432266096157
30.1581812890705013324707939 4.7417403277233470355673561
11.8617253294451717578754274 34.0044037178833475795768016
13.2130375329816903300259327 26.2852741882601849838481958
24.0037422718597906664322612 34.2245578049758208330364360
21.7776775269973265726350297 25.2533712903864700285912400
35.7633407623254076227954837 24.4741385449578987210010879
16.4687265794876646017242370 15.2735406782473502136108370
13.8882797130495878651976686 27.5701956215782998812112707
27.3623336073403139887506770 24.9459956618414972370127345
8.0079729920786038959557318 33.0359254230623854667676608
8.1796374964220427400966728 14.0211814918403554890728512
19.0966181918432023874867130 45.4787771783165170384678767
29.2474708365987991627680441 4.8047320073343049050904648
24.0891274812347831144791996 18.7540378903536172280994714
28.1853909376217642695411597 26.7223452880436548709724884
20.5488136290494560087313115 38.3503097567489189341025050
9.9459413624795429985487670 41.4677977521608756563742679
5.8900276805508599738540933 4.4505700671200152010855622
37.9374147718540080796940772 15.8509482501304413312930598
7.2192538727341403055118574 47.5750183764653223610236639
6.7886587203981818274560607 13.5614937517207786578329592
14.4753625077095160304381357 22.2702465246884429602235891
22.4702174560041942686107121 16.7209248392510991457795458
21.8771058427465248234430561 38.7478030337884558866665905
5.6979869011847681957057562 47.2443959139486384297983556
23.6744789102799203124346620 40.3487180505987237843995535
21.1322709899771889935493148 11.2883622729857725203403521
37.1935611054836721306094985 15.2688903425446146952638062
18.9440168824568412280572373 17.6387137954327662536684461
8.9194108765879284808351185 9.5102108081054103020205839
23.5477650343977997676280028 30.0167080454335029987677287
8.2371042026688330077849996 14.3230623245999823038076604
24.8961279062552869017443375 35.7586746856672072670718822
10.9046375150856522914064864 30.2339028354691020759764713
35.6304746810427101860448361 34.2194283120506614321314811
38.2166138247595567028295408 2.6439417106276618224110807
29.9157314072542389919919329 30.2993236619074107932094840
1.4527371621283013387821839 2.6247961326113328282753181
5.2745328905266820575096476 24.3244589412951227565563735
17.6889882549036172957076779 12.6134727382224868399031877
35.4305745713546213538577638 25.5572765674216408538003576
36.5293693952281192169988972 26.6571786126546263888389642
19.8809644722027398614447875 34.4056281973605654618465626
32.4362239657453859612917528 11.7000587538697713504138192
11.5988777580672990308475360 10.7222215400266612366568337
24.9015557453668674681746775 34.0501471576906162650190242
45.7714445219247453578704675 4.6340982268792295066180380
34.1912717650084267019393750 25.1785014464987082849316523
38.6954356183427669084765243 3.5585477805826815113993640
30.4916046217060604040185346 15.5808230717620825245544358
24.9910622713449240660781153 16.6266895848139380884338863
4.6691992112359835562549569 14.6696482141117913383380393
19.9058640738855176788003993 3.2025888702725895742688802
18.7228974366758933799750747 33.8666962010721568559808950
33.3072529669848671228035682 23.9505093848393497179428395
37.1916754809253965784929082 14.2400588103256326096526994
21.2699276015057503598838059 39.5991184223424832258606693
7.1714712565381096696531435 36.7705044841194381240340589
21.0336991999528666316895247 38.7438188356014040737149600
13.8959565581266886098713199 27.1735605200101790745685708
3.5908226819815387596297258 3.4793666760729471809934077
44.9585955534898415371001829 20.7418583029034177492003280
14.0581157371269841664522830 11.0167772929084225276655120
14.7397779380944432194371357 27.7891875796264386580412791
8.0698251510716663243772215 18.6916538067430287452587094
17.3615304099119844345372668 30.6280469802712265875691801
45.8428419481713230567672507 1.3906265188697120733158760
15.6011492411418907795946369 38.0211012775224306161402958
24.8532255595507259445470277 15.3888654320614066924232663
36.5606844799631402749370970 23.5545399096773351336494693
8.3768462057698524024506327 34.2100635434206585985626174
2.2643693957007135915994548 18.5976512291153042031418299
31.4232281006156013442387868 11.9825179214004110364933987
49.0627759109922241600377325 7.3036990564891930428094086
29.4316161733022855097372694 32.6079740159889622645793292
9.9869668701589649111638019 17.3280262215391181724283852
25.1159974240819155742633564 10.7091864020340304056846060
15.5444572263746464473534751 12.6439649452776099339804309
23.5446780845092398494213128 36.0298228402087804700867938
17.9311293452040322490149830 16.5823581075057842232747270
32.1715039816805346885742578 8.9718633269078225940622220
33.5554680806437379883645920 22.8807902374218547128299668
40.5110483579417042305895896 22.9533213487832463906540484
20.3642575440026298406406313 44.8474861578832752590932344
41.8084715291647536826259238 22.5400024045034254929796356
25.0646699918728386931565026 34.8964513697096317277986157
38.1404344160032139657056783 19.2043553018204069793548528
32.0399057134306887441747286 2.3333327826247819897142282
2.9409489229329094749910185 14.2951327182611270671192886
25.0800135144615102334726601 12.4093884665775535556018679
8.3942538597928086761992276 16.2338073826614541835231514
33.5665640456314794863196125 16.3335782414791170195879717
4.5414206532611426454618310 20.6003761725394989541475911
11.9188911865448163375048681 15.4090892944166009241823812
11.8283104139249227315482676 0.7688125596237506034093662
47.2135414332804862239395698 0.9388851516063136676663254
4.2596534622235915747720082 35.7680772810304491673781262
29.8724117226533398667205976 22.6966741588340056895821650
1.3577789445590314559916815 33.4687381945855879704842487
25.6688474809550172869060588 6.2137161988192913800105498
37.0818681876178736166032976 19.5303623037600999087012064
0.4397262270966716041958749 25.9095858871808934666747990
2.6658687030368126009588634 33.7178460767909791267894107
9.9638602159373541809953233 15.3532240782599412210339843
17.4711125243662152591668984 43.0030257907619097507401696
26.9160695927853104460347555 41.6356241417891802485969656
5.0186947483214474277689575 44.8532351455630313206204216
42.1479030429137760243292644 16.4940676937236940540963360
35.0379850729806276905882005 14.6061494592375959997337553
2.0242854376307125099850027 43.0046772859301460743067673
6.9634350057683197131050079 16.3404581612768851152654985
1.8998927662507071195485044 46.3669106958480493066477755
15.6788246685460917450247903 43.2281674028982003100313075
4.8960289746441926894698667 36.7631459518829064964048972
33.4741018784801617199217808 29.8828463073571843522898703
26.6038107299899854711243961 4.9231346358666361747551732
3.1010046536004410315073728 40.3470416528690292614959934
2.8145202694224308550236258 43.0938333831304718292572526
39.4891145810289339051843122 25.5070545066726206234490366
15.2827425745129788243798798 29.9572658866120225228343885
36.8805831593647811644905888 14.8937096059101037037902758
36.5523035495647732104352879 4.5198567699070377677393295
12.3846238691259867189355529 11.4943939213981558491783794
12.7288899040821761780714091 1.7249237112854723979461897
40.5645367487497299635433270 23.1520702823599057763271607
3.0290489714409007143644374 3.5811816944428861872055479
11.5871268202906760331062643 16.6204239431640397456561735
34.9125166973429350093744967 35.3852536780189094875158139
26.2085159497198213210499914 6.9002675102695643427359886
16.7710047663929881789767418 37.6062946742380307057340231
21.7076823546703894388453549 18.2695519044319151221231146
28.0573892783932708606276873 7.7319406930409348205921015
26.8599972702681975032747198 7.0385045742107022295105562
30.1105293255546709447183360 14.5208823332093760507409341
0.3259311114860506954575442 44.1292847088026735850868108
36.7698331875239578996218610 27.5223430572627979133078169
17.1002271761626817921052414 36.9334838665895052849714445
6.0250319058759332590554120 9.7056164427189795737446697
17.6865760894054656398684049 2.9470368565172146989519795
17.8301654278185263851198401 11.9199496985778000372856121
7.3816271315994278512796109 37.2090255299710207696814498
7.7307600209333660084780330 15.4672347075596658624842087
15.7408954876744871886065163 18.3227784259404547366922970
35.1413795001351852652007099 4.1932620747430700727742050
0.7255487719287467195101714 13.1138697179571174614407519
41.1714522719831580154416058 23.9460125660998694787624942
23.4789170129870080895361346 25.9950082880784869698256684
30.8961146109369131797266323 20.1601116551434455079458858
41.2025212291197837503867705 19.7826248097650971075190243
28.5297069230889328406524983 11.0025371111690151077497352
26.4364473858227976835289260 15.2680794344482949587429219
28.0067864369427827697992065 27.4430303260313762771100528
5.0020495312718368723485386 35.3125969094132638960721342
30.3807427556260762180072982 31.9062763358006678084887355
15.3147183536914476514835827 13.6366932115929892438841316
16.9739601417963891576698083 27.0810759960660998932403279
4.4924994201159817519231353 48.5830983878164934777508774
19.4490391267608360761101798 18.4860725154297199867593959
1.3167132685450532945329325 25.1747148180160603456323414
19.2896849271413238446424460 30.4205203014612624787550820
17.6804817986114388134835547 17.7454378184639226322704840
33.9209244183282631601890777 5.1837135922098726213607842
18.4247533197571999972399194 41.1525025375868974979233133
39.7436760355153061375762252 22.5818558844043276387694112
27.4967610772047061130396523 36.4407482121747918688484446
2.4844854943477072985699234 13.6501769889029581214157501
27.0125262681374079561342796 2.5146420447424560086634416
20.5106269372939692680935388 22.8869871900857892286277633
44.9554958900986309392151226 14.9165474985106758897374752
8.9995254766919981846657701 2.1233325680099344341216593
12.9092913809699992449998836 10.5759253042565353499978861
23.1259405879037036144306997 10.3048955319667410609427214
35.5005581122439631814996788 13.3869478866240955144447137
28.2889822147607853100091638 7.2272737081798675985847574
43.7645047109741774904551813 19.2007324704845316263086469
25.7178531195986564879922057 37.4111217543493294887085961
1.0951501671933955657473386 47.2789662123792241208678003
27.9261977055532754869665585 19.4840314542537877649515560
31.4904480362402057465142523 20.5390282748930303318310116
27.5441125703977668819520420 33.6128228911118936915386754
46.1265215244735760047185891 11.8677719919231634130120035
35.5284671483892530195808498 31.5155203365869499625612643
41.0423067885841090041734860 0.1704507897979975973570974
3.2698625542737541287981802 48.9469917244784137544372537
25.3145450147041802387910093 3.8306410297123554797997927
26.6459106823367177366225708 33.3390978268598923016484922
34.6043643430555987178258793 33.9490495951368609410209533
28.2403097982352745290437291 38.7296385536929165390669531
36.8915557488025400471502503 14.0717132728390347456391782
8.9287740840664916217392590 11.1479591565318619804663127
36.7310375417408596842417797 1.1536382046480532405438283
12.9914553658340934831588934 6.1824014329013398562582687
25.4677770473643725086818385 25.1871461715244834556461565
7.2695360544055800082980779 42.7042602740487398329219931
31.8840867785505238304368496 24.8275051162588561765180260
16.5492895295307947315406948 40.2817702697853437670330397
26.0738441820648288574523017 38.5960444808714054293138233
33.7217680155488003314789950 29.2974804702641610079934886
27.6618055264143030405171024 13.4098663311322802705117317
44.7177904814002747436261562 9.2097347660824078912574030
14.5327515434805002805749470 42.2172847608117158594146789
0.8782902245303492210702908 11.7783108416060419725174810
13.2888245059724139002029698 8.6548912904476754982912269
3.4166173555353031289801283 47.9356519288708010792680143
41.4229092162633329961315883 19.0431770474678470274697870
42.1092273208876899976663667 8.6204973428338656263847650
18.4325739637092506598059712 21.8801329308664814642738540
7.9041845912718293517969813 2.6502577133367584958524119
1.4564455668420345151696727 16.6546920208938773630476387
4.2148742352100811023064881 9.0407320047307139456092814
21.7924433436395974618466511 20.6176966005967359479670325
6.1673345972367085135404664 47.8326664944128650694165542
37.4036231283474519018997371 15.3937967010270593487601157
4.4740841516845341299005857 7.9989106135551535237795791
42.9196445410838338967929427 8.4500954117106072601366540
22.0490727216061302297240046 38.3189038480659626127031042
6.8069492431641962330606138 43.0367917252318702170549457
8.7075132057959864722548121 47.2247733056590595905096824
25.6896852531964136612928850 33.8310518842039955231992141
14.6593476428882522457304310 30.1762079573452476382699230
2.3397938367822356818300397 35.8472504496698583914681906
17.8982842770363778082847808 23.5616514688251932508003456
6.8606303010342204796677903 22.3031780666462666629353623
10.4719564816947722944906293 46.0579865761139285841443198
16.8773014662910595368042884 36.0507516595136980196500874
21.9689216364531199604964426 38.8570004263244947878569151
22.7990578272728946748118370 22.9935417495579952929021754
47.1631047064749284793482695 16.1598748276737109868949164
2.2811501880820435031512366 24.0165849741259687187260914
0.9601320710114445331314731 28.4706541267708718310712431
48.1653658071765214275569305 9.8284045836987602353657481
1.3213770656566328666434388 44.1107012260104142923691666
15.5871944714116674344152019 18.4807837634228475771067586
44.9939917583533899302906028 12.8662623029855575152253196
49.0424740335362671161324774 8.2665434535796751399486510
21.1091774923260489372825158 15.9813211468099639136958385
15.4594656984831307436444327 38.6782228174643966083767525
30.9054518535443799527106916 36.8897417411432991663025821
27.1798805985947156818251700 32.8900302621650769430977440
22.3820865982988606975092020 40.6391707531815975460204098
20.4962773224414956460486846 15.4078751267515948128505556
37.3964798944728431918631442 9.4606179239142940313038774
27.5562956284509819275435801 6.3364478406606727925663624
1.2059114919394576857640647 29.2240616183583959962626210
47.0422163667327415852562207 7.7800950704668241640951584
44.9578724884171698408471240 6.4257062892123036123019708
16.9496453816119354116725892 40.1834483517480265091250770
8.3841344753046587665200232 32.3760141014919851458444071
3.1285694862109897350345645 18.2266851887541390022939927
30.2902010943365241513988334 39.7618374533251975911278351
28.2863022305417260599144958 22.4696485536033734598288856
41.3549405136352444253511005 5.2696200160628570683808154
32.7053279429003724198994740 27.8003871222567707270222982
12.2250276658208352478446842 37.9282045260504676654161492
36.6558445616242871021282950 5.9455075034885941454397417
5.5351391945127538563348593 3.3707913161999071504593953
26.6785749231801939736350906 6.2252421694469772023397438
26.2475904423780576046293026 16.1419947952285018166869587
45.6726309875500366778179015 19.8874527950435161152348751
15.6127447799357327340774046 40.2584425982499915239896673
24.8840129085280122940035331 26.3777539143917872372269051
20.9520941899187330973468041 0.0987373119629428530050855
44.3231365173815628821495792 15.2957369636626852292172126
48.7289405723392789305920270 11.0901014737209193456432126
31.3206304126209586339365224 35.1996890690245029400955782
46.8770929882136141124333720 12.5713226422033260386881294
1.1973153636457747378492862 13.0983371433162379950107562
1.0773740357053211099161583 5.2762927503302950707266316
4.6887316053638442315102063 13.7301054596409487330908315
19.8556189356304418019299981 13.6291744681412689521287668
32.6773192242001114650332030 5.0192437995899168493516104
4.8621389693188754799072166 19.6941515339714694509841329
21.0581538862236972428607293 4.5884806749208170851535063
14.4811985923808183893708880 41.2467560824851752860772859
0.4485153897831339095988371 34.6092304731718599282123880
22.1990643320431356510273892 34.1789634538821298583969751
36.1443319352544497272947538 2.9304042305022228736100698
15.5988969956817172056523008 40.9411090777730629009647370
0.4175721507807638960295892 30.2873840649682442491748832
23.7383222821564607038791656 39.7993976741919309570809748
10.4279122824651660668065227 11.1919008854265739781950774
19.7048073722589214358588972 20.5844739165753385930603906
46.3163473029090703123435078 14.1702495573051813552898533
20.4928542147109588618892387 2.6538511892348616738405070
37.5322391812484806310288335 15.6630463844539635675860294
8.8658049489744018802194585 11.8278274677449114062865494
11.9757624973211778073463496 43.0416207014530951050898874
21.3073720816559910856485497 42.3437822469116100232350636
14.3664559732013333590507074 30.8723977489612511890574500
25.0660624234774991472522447 31.2440796725128282695316405
12.1686709474785484600661628 3.8630878027805070464049979
10.1374693080477615635883976 32.8972904055697213034757565
18.4073833106034179499586425 17.7951746171966166772498540
2.8821974689411231475233111 22.8077385496683862585155021
8.1203917966188256463162159 44.0801456108008527184170354
30.3020023904191973532901764 14.3801478132538418458257693
38.7884324654958332290575035 27.9635031222783107928997516
5.3888709852012425225692889 10.9297790236059296915370332
15.7733148059733876926238191 19.9675371548836916385570847
9.6469805133211085054203273 14.4026305574920167721052065
8.0796714649957542741146531 33.7300890751526679379299085
45.0946249275084239182732369 20.3586542445058453542836980
1.0536182584830210760871200 49.4913112431403579778782241
8.4224730370151729799238014 39.9507440223677487470832241
14.3263796823037048975552553 18.3508813193937798821811916
47.2339852101170787066721376 16.0764001309509918561714273
28.7863387476366522239313416 29.8889059938016583274733815
34.1267403269279988933179602 17.6029995926383597474713987
5.0328549393669941400476623 21.4515820199650834455849198
14.2559721113025867689365558 30.3276649144269408686413166
8.3198205328414726626771037 40.2837508966246765751371946
32.1889459490895602020039705 20.9373293112228330446630876
7.8501736613752992420635667 20.3193202023652732393868000
0.8851339810848464398236371 45.0856577842170213434900892
0.1105369878758184368766292 4.8977322889589771010949262
48.1295966088740448249450310 11.8971395834065948245268263
23.5682106043729380627500973 25.2891172030168540158546022
10.5428256030474109966904953 39.5455285500614847282329391
34.5793415589947575269374117 25.9185095510212163135601152
4.9594899717114252696848819 5.5139331897016857288189774
28.2156651796426026200592937 23.2997046863324853003459684
43.5751447157690940598870270 5.2637214021812361546721062
38.2673674882975966168763944 26.0980571214714006659235437
44.2440795653853020174643943 12.7067471609320512418019760
18.5666739386118183380323757 11.3920419090377607762692741
23.7611093990672068682658057 18.9581032839669918098685049
7.4389338696976086784819711 28.9251147427674997146704241
25.3105424207914932385428641 39.5079288544124304266248484
28.3275472017039604034466356 40.5160470620621394608691235
5.0947051240217058874703909 2.1316612534047182497159637
35.7041659082266975935410564 10.0106211993972900779682331
8.2158185883283696007693913 22.2598365879823573361719517
10.4894329290243306878400268 46.3677883538507802605571342
13.9537710963036385819483719 3.8460723071675540519208042
0.5674746896455459141401282 28.0031778995993897775562645
38.6137173374847708667160671 27.9817946776261657635741840
12.8211658610127523970809827 45.1953283643829843950666681
26.2492682280036964562225672 37.7422298956264066879513287
11.8929877899562551672544106 13.9841639516973423327375567
12.3786131295403556556070010 4.4463397293921572466850271
11.9697373430852926521071179 12.5389548183869551362802764
7.5250378827351639286836235 47.9048411422415707529135381
42.8888473925563384450441267 16.8239938581186295260735037
14.6895138101748386625037132 5.3120790676234003139170854
23.7645754956645532827857183 11.5864123658214345317089464
31.5608606751873532194750513 20.0102991842054297321992784
14.0786564516967218821655644 35.8788438012583993656329143
36.4945707005712772531537452 29.6504015045497229400069230
28.6996148448030845416140246 38.4815814092918798487064052
36.0389063156822967839344361 32.1900175764082903214611450
19.8227954587899426076003298 9.5946224625556178664274310
45.0254029445459206122720105 14.4814740161792764160598587
43.1241704178027065594118101 21.0429543024811498825134618
4.3185094262194570898239798 14.0659331839609452732466336
41.4539978102969435843805410 21.3557033493138831460269389
32.3546287591169367207647640 2.7709200384932134561772392
11.0697451396509187949097931 16.8955835218312261861302697
24.3497997338069576855397163 15.9870964506846774899542647
4.3515885273937281641206267 12.4725168786518498881173406
5.4386694370919015711654799 8.8837421593629369865663544
13.0983367924433312215929106 1.5599914332217806875253584
9.6937433125905909109522748 40.0378738270353861365434932
25.6401004919233399917445132 40.3681216650474399870961687
18.0772347125816521614059214 14.4469230338585576535676786
41.1548881580322151641348094 22.6445397546485749740281281
39.9726275229760808855643585 17.4123246268100315409998002
15.4572932842074404066238565 22.1826978595029229806999578
30.0158070114907158475436177 35.3914019141506286492186377
32.0522703966513428548977233 8.4351622639963464174212652
0.9432251307038034380135978 2.6665195204252289367628923
4.6417579230325008022595620 38.3269367858163823329215234
35.7824800384218999571822329 12.5345172344186541057746380
45.0726343407907688913604791 16.0921606250176576536905606
38.8537480054835366473783696 2.7177685564418648409970636
29.4583842179463354261999180 35.2165245200012641983416424
0.9525612876571563007738715 45.7612568336279083488423912
37.9275423959065559934965185 20.7123520587766850130279351
9.8808463700737942340448517 5.9471736994138252696800286
21.7090356778587125995572761 16.9327425403405194144642684
32.7003209014048059004490214 27.2247867382859031001778838
21.7370509221545555522715516 31.0080734197992343778436317
32.7345871265810662310718481 17.8450779110732137422345066
23.2285276075813921959835919 8.4814801293069763461429736
22.4723505109452431398021502 11.5105804594390056150642684
33.6797480693087264874755091 1.7817322997283039090737731
6.9402418254308344394189162 0.9127121148207023676743091
34.1328000567623018611562752 2.1099668919410567009711618
35.0290623538600304733960839 31.1683299297441662145234459
37.1111663450272549063625714 3.8420479580187983706997405
33.2738156685905282907431810 35.0763907899980418551180682
41.4161366989575541975862954 4.4948438163368107966550788
28.0869459974268536434351533 41.2022264512201773021632096
44.1522789646411988353085710 21.8306267026052714510694645
8.3761372586730681866586208 38.1292581179318097994031732
25.8342281734623010964337754 11.2513401282463547276974262
21.6359218262142109749891597 0.6220021944877058917921234
38.6852775757746782559410046 25.2279467829878068468139438
10.9340921907562260887670188 45.8633364242511658154157497
9.6607218947760956052450286 34.2150617779917761929656971
31.5871416281846309155075705 24.3362380774228452620240458
25.0923287791127381501798741 11.1747499498159082386650649
2.7054261192150899364705822 37.0159515548833186817128278
29.1775306121279443211435893 25.3016147187948600847427258
8.5495824240064486697099750 24.2157932014443833571285319
19.3401837125107067215017820 41.1637861957125559237765358
9.5833348774663663698512864 16.4972631859450161551016687
21.7769546137099387352347348 4.7711893435932107220827600
45.9130777111856374122959640 10.7930206655332885360529448
14.0123799635416395378661188 37.2042095435091430812759713
11.7573506465575558502604064 45.8068194243378201327254682
7.5770297110837007804943358 42.1377339300223268410783469
29.9115974839460551099651817 13.7585004981790085124015272
13.3644122511558893060929580 7.6087111379756279386485149
1.3466291437814939068146751 31.0915839086579556748706188
18.8699091730478218920059155 14.8804075146121474274215132
27.5404742525713679042442398 5.5697646219076039501934296
8.5352838931726284306407617 3.9558727056046557302658034
29.3943269170489363917242461 36.9116992983749309601061232
13.0387079331026847327100223 23.3771703898321516903867033
30.5931576930030535056516973 2.3576900498259063974783286
6.0324049709709785194361008 37.6976138537468260778553142
45.3376911362546818175854017 14.2826384969155351907540453
0.0975909195290212571204602 1.8682815666878159555049647
23.1996327939681520055204180 27.9423878404304859637600133
17.8868657306780506073933745 14.9853273014871172267337884
1.6405863480611675118781046 3.6480784578398696668208999
3.2775047676422831481441507 15.8511186513154996177271214
38.1375185340667125722174069 23.6543797226585078536598284
4.8468538173381062103778257 6.7088007924930240663792445
31.7091944697511545293799707 34.5040140574905110262898337
3.2321928428883364847995861 10.9111378612123407346824486
37.8152688981884448390487971 21.5059396018332963482902725
44.2778645361603256481776029 13.2465358534764004933629628
3.8569403353479046791410878 29.0538123358977864895685118
12.9494522271668049074932469 11.4809270974222580902330402
30.8669872873657248097359681 2.5940500769265680321983255
48.3235051075693526861177393 11.6978140743781136436253200
1.8967332299164428651457223 30.9822917656930398078490259
7.6177236944767596883917293 4.8446140934657888614766364
46.4836643269670938695713540 17.2414892262196084380525082
28.8066627483924157246075302 10.6619032681965706166564816
20.4635365586349491993307324 33.1774572792040665198470687
12.8438644039276132806047422 41.8095102479510177675056910
33.8966486382114818003582295 35.0359417041648203561552966
3.3024122189306274126964116 44.6272794772015840589070352
5.3845424791989839461948984 29.0689989901561911271903252
3.9438878423650976234538172 47.1958234241849495340554829
10.4107876381243539182867190 22.8389032301001077753045421
40.9980179536668852785563595 27.6796409635458917118174182
6.3281244190624887263298288 17.6339116856375641645839855
28.9304607607712664956196016 35.9378413398672852483762502
28.3659193979809574264421043 12.1397947555651713254203089
6.8614386918776690682229334 2.4332404479631809525613381
20.5081659595392997004541035 24.8578987240674370481356123
1.0084523798737190674302235 30.5611358394534647933046616
4.7051721727101602342437797 1.1667711108670586517582760
15.9972388727846936939297510 3.0965058448299920315607846
1.1586392895930703070283754 4.5997342310845814084944657
17.4028666708671295302693146 0.3744751474023768876348936
42.4695524086248489586143550 8.7371115485077383980218025
13.2195847415715063295250617 16.6656106776922462167764622
25.6239066091050400896215602 9.9957696095829982982914800
47.2429410679678904439886434 3.8215859598487273985987246
26.2065050997619622448685371 11.1229083632002590227845834
7.3533894866902152817331096 5.6060380891529636673642883
13.2700066852425417594204893 28.9293436250050140890837104
19.0418459163153602170690683 6.8489491237199331104924037
15.5135347982024687554433215 32.0129698413777456741561936
26.0385798899054796973184424 31.6858384348120088814395478
17.7411555296998049286295042 9.1242205404627322610037764
26.9383717554259108055018454 7.5381779739186002286241294
13.4546253919315504121627301 28.3632342225422306203891530
5.2043942262735686570496813 21.3638545383910143923636838
1.2605954336008515723262241 41.9274480400701788409474520
9.4548146100482979841531322 16.1742536362460092011236710
43.5889887615424500403692043 6.0000048955085017874250159
43.2156328513076559898470452 18.6791080424354983491409773
41.7290594062635166915049127 24.8532814949762784803715081
15.1878837828970959060170271 26.2169446388630763296701499
38.0157881314339185145446444 15.5499148790573132901878678
1.2826823120884676157469452 39.4569984424342063126059213
17.5033009677403901318019994 1.4609774921942919140330210
6.9482773519223747964312528 21.4877044339492577399576500
29.3805888297075393245668059 30.5578304206902844185482506
10.4939350400440966559226062 9.3208007904543643623095546
34.1009135871777653633262202 8.6387321129801722104210955
23.6672152412750799843546056 11.8896140695632571706472075
37.1195412103672420939462254 8.9799588157100152604538312
11.6642333492224931237566298 21.9076621385050080101478360
1.9825248647810734738944431 37.3238475396163409301348458
17.9513332990172508122005398 37.5266522992338663318421298
20.4322262346512467180754325 0.1553418682433576496651427
18.0937685736387880143223885 36.7507216092909035368105540
30.9409162679648427910647904 28.0385395571664635282404067
4.9145567009742360239566931 20.5754011487725126598493727
46.7141832953376036165764553 13.7762505439470426511164484
17.5319035558673448742564876 5.9692845222661273817398551
23.8134196439177817957738827 2.9019036618521136673069574
27.1482489098931520931438800 15.3613990614945382012437552
44.0849478566368499524249311 16.0629191767128682572158361
11.8524750545921671590551219 38.9103949489114078835823606
5.5463088878576008715316151 25.5095758044008207800215128
1.4030408099641397830657972 16.3257917567747742785500564
38.4675976219977000233883962 31.8942617596343949969754168
17.9584838947095149119882756 17.9998015601133495530740504
6.4885771229765709523060450 37.8073850843877469721255379
31.2947368254478286832456149 38.1986838389225075379445698
39.3695471912157646353970112 28.1165210144967063549216467
16.1442785678581619324983708 36.5494496473393647722885354
24.3565057260780947423366760 34.1651961624037069254811591
16.6071458652285566645906499 15.3526123578699808856458737
26.2791011350656206771777305 13.7988710963249746182964326
30.3913457774688631303507888 25.8914291191955161885822176
1.1986574372113309503175523 5.5734388260945292446288331
29.2378726310578035739024967 1.7739233382649405732579855
5.4497777514255653560624060 38.2465674598396726342545173
22.2005285605849117374607491 6.2158291185210060385570326
5.1823622810394982782948610 14.5651337511215147874128237
4.5072949432588822786197538 29.7100032361908858338770306
28.1015466755694664991839677 38.7272910805905796388714608
39.5989562806758231553260521 23.9044485709485626368729811
37.6184705344860017088001310 5.1817636617283572246938248
8.4258252610905712217236448 41.2250587467085122079094729
32.5929188242715386229061174 6.5727956391817009265281973
6.9424437077081911467030084 45.7526226064179073285489224
6.1490057882152120203663101 36.3688015724534951184559312
10.1723918580851767226737146 19.0137435526400851327509426
3.7409957271259444372277926 7.2460300144027437134905547
14.1806264984205599925528177 5.0901701457115014248242341
6.2275342325550704037753859 4.9717016586230041297805090
17.1633245170457612374845142 22.6367023111268547417504926
11.0154814320717354545469253 38.7447953771817309392756011
20.2524260602148952952240881 14.8269767206780416609826123
31.4813504496477914125433509 27.4030030081825302391012882
34.4221434773771139346862553 34.4255143523355974640871299
1.3359163161033138379105230 6.1004366725972125986988829
0.8793399770724617630667754 3.4244358958406861117706747
5.9448772236297935020110829 36.9142036998763894259486613
22.2814966523748892377864728 25.1899763185717704299255048
25.4583672769962482645415053 22.2232206394475288121234206
9.9270511209156517277134535 24.5958056595576332542202715
22.8690431048324260939777005 27.8927744670428307095981306
4.5710394225519515183764757 11.8366210802524181173065134
25.9812313561580263828301555 20.4444519911341952613855422
31.3466681652591267247878872 26.2275884315948883212510214
12.7795020693200835232291719 5.8038200230747768376459123
26.6477616300320600965934062 38.3587903890228410768107697
46.7296861596859454422596131 12.1588005747793970568311777
36.1869236153902935955529001 7.1768070375277808994390076
22.0596365142876573330329884 27.7735924370166182394737400
23.2931284999423916675774030 13.4510283876427644159488930
40.8554042694540468106853434 9.0739154712547352241325132
5.2065078395131442885592323 7.6086973994954070953484513
3.7554858753430489869260733 25.2961721578601463534757088
27.4809302519639965361878045 20.9832903160274183404598675
20.1576760346187161292978781 9.6782279826091238994566181
33.7461862404668083808225569 6.6102128727998357318167056
20.6493145830712294575263872 11.5371490087179621708497676
36.5094520383079792640329635 2.7495293892754334801927889
34.2034784213362049132649683 30.3417544628056831780061487
19.7703720592940616550484246 41.6789201951908140345560094
23.3043702976530893147592015 17.7174017573081087857828866
8.4851584449137547512681014 3.0003476739719334027135423
36.0136521549512920445564600 9.7732726587449794070552580
19.8935960347677778480001125 32.1752208509199163529382283
10.7156390229598950376227175 15.4329219634396877251784810
27.4266301791489782195972334 12.5411306115594891722967017
38.7394453503022624887070679 26.4055936110314402296370089
16.8568315797782888790556355 31.7229763592729331033326556
44.9383656263147124540367766 10.1510243244539760816444523
5.2031239702598330205520726 8.1503068009804116983735690
9.6116165132030084564597124 4.2563867309166400471022205
18.0666812905236203830453990 24.7001017638924672254005450
21.9670345646395827970243846 21.0582381132878696273615253
44.7360328887620863759494005 3.8970965314701837777315156
31.2130826942439048204309116 2.1779505784777715439421954
38.9591138089775667078792569 22.0609938855694684651638566
40.2759414493041433964039400 19.7825311922469733571674566
31.1093103437909380833002228 1.4868792599609915062654311
14.3308934576797184711104857 11.4728153783032978417534937
38.7971933256089047777341704 14.3797701669855576178866300
17.2120875818748114607004339 15.3539584822244099189595402
5.4747492032780889868869081 27.9558065732542571166045974
13.1622542443011870430161129 27.8882603116145519743778744
35.2064881517866329432350876 15.7163351967978665407232729
29.3966378583555324681837457 36.1363761689616333533268955
6.7177690014463630713303580 9.8423360866821822826131709
13.2412861064283653731755790 28.6734780284448077597434607
18.3549641284829187757671643 11.0722758203589421783276167
38.6441454167859010942469739 24.4566969357332723727129408
22.3252057362329155523616145 34.1918877635452138112687078
46.7019487893317251702297568 5.5161562050613658863655560
16.9830307627126954749722593 6.4479970620925565837904639
17.8932085130554732737133608 40.9674637866236374015562818
2.1508416042133169745623988 13.5784343866877776777889356
46.7340760191033173407376222 13.7450405106959299469637969
36.3864851749594775971742186 11.0237786902882876676412392
10.6679891595984869009496306 43.2341763803901920610175994
31.4753288751971032449787160 14.2233495421501701720208291
28.8741946127796406200991138 25.4122192156318213095437564
35.6968463268728423802505820 32.3223631920010585895217729
37.6950911485313004354487766 0.2830252708102324443216597
9.1914502851565256469785686 33.5487293597759976828204884
28.4175100050344960616084569 34.3648821489869846406877576
15.2972733553533084053737582 14.4046321678687003348551896
17.2014433635570795152170168 3.6892202713226689049870947
20.7071227505084031605043833 10.1101467543936919945465955
17.2517970877178006557717143 38.1297193438951450657430187
3.0541570240789805146580527 35.7794930773518509562653789
27.4257478751212287983941855 8.4456114929757101309803548
30.6134452445979687101541595 12.8963936918815414911640657
34.9752024248140979027444926 9.6039166668228669267680184
20.9637245911037957598449442 43.2957532705962974942418375
24.8867934326119215507169382 24.4570544555656605938105083
0.3608620305192063272162689 16.0583242773002175851559458
4.3926171586401120978677079 49.0326923031727931270179254
44.5656498134469724121425808 12.6056676421843612336741116
3.6502157719480055052782428 1.6358254241275339297337175
13.2640706026846831975892562 24.0013422759435682576629324
22.0977058000882634382750745 4.8157448409094019415869929
15.0008195850381040670961379 41.1822220354504091844089816
16.4515302322406365030157770 21.9054137833018883324756351
25.5489586725485658703541435 34.6518500335610569390704838
19.1849885166407226826885674 25.4251099430536111718308498
16.5872005187899471160286637 40.4643643092221888577397063
8.1946531730228449346470376 24.8162781128409064144418568
23.3323192437668177033929014 14.1457724676649820641242493
18.8151794493934470558491749 45.5575352964481881493187794
1.9357661211823748604499378 12.3795318782287782921993383
30.3429629688806727901456363 26.4159913361042762751643754
19.9368073789396996929127674 25.2195105332172444518738070
15.0154165772204351968102842 16.1101603037503556199936584
15.8402728827789458677968396 26.1071973792496153461573457
23.3304657887958566335746590 20.6806519741962227899294187
48.6010525928731823557521974 3.9290821911452702959731053
26.0879233979179505950467975 18.7861718501765316619975283
19.1861533358075551673330366 27.4388687845341143035989113
25.9262824132717744502919783 31.4535829473730177633421216
29.5174203408363112384513947 29.4486314864100736479680373
16.9657201634431573489572620 6.9759830372312608060731466
28.5239605003563425988060343 30.6330487770008152934044420
20.3426619803266921862133237 7.2578304991347725858198903
8.5882050871094947705373816 32.2760396173654892132238200
23.1019836389662741914517640 34.3409136737060999215960942
9.7805369557855493692667555 23.4486907279812349590856371
42.9963201202082972764669550 12.3213820702294250721871048
18.9920261217518323825434792 44.4331288994000067240629988
2.1768029103603820680863282 48.5825228769507869660218863
19.1145957771048626083491857 33.3336500893299255489530895
34.8003508986787297317085973 28.8346246261127964755423245
13.3781655568824436296408538 38.8526020535644981261708038
3.4538272718570359555183186 26.6752896362190711312024697
36.9192731933002800834654711 26.9159296120059605843041290
15.6284094647738061203555819 40.5123785724976720344641845
8.2713737482024827385482014 32.9254366154428818028395548
1.9962252341481921570023714 7.2467292494303935735611718
17.2786007109670872359804503 39.2549354536594247536991665
21.5651779715361635381568184 18.0261781599975150948715256
32.6991383799963973172139243 15.8198087600908306569792568
18.0058981120378488913930949 11.0357434357143256709073659
29.2612512661646936051356957 1.8108490655974382782305447
18.5400738659023213062997124 25.8411621458262932056104542
9.9852817483600192681493110 24.9057051376962277896020203
26.1205742103190466774983226 10.1101732390308481334619153
9.2598019315753838832520037 31.8709282605322430802016948
3.1249052280483019776503151 35.6333406701605286046143745
7.2469297888744182960904319 43.2490694539792911260565946
33.4274401869567366909436470 14.2339819638578216227998230
8.7996123205345289633766868 40.3802776489748386462074101
21.3264186226575774308675440 11.1213249539415976001092561
29.0317448157851576756087603 39.6882576204994368510464977
22.6081497902633876030321215 33.4196284099780729913204266
1.1546542119274288684627029 19.4593621080157262225245595
14.2524398219175512540690995 10.7873981627924905243209384
18.4125912314180245661016334 32.8173198805860451045186140
33.8751397952914487616782976 0.6891326791421394239460484
4.2134140463290380948478132 15.0248840952001078131395056
10.5171732881246645168624755 30.2884312242736836071813095
25.5454265423471759128019445 10.7671343805835547248120810
14.4150606007874506092968595 33.5813345160019711729781694
11.0988253489127817170141883 18.1332864057878672546001190
18.1323945373844498071561625 22.6432389101168688010098006
25.0510865302989491222318959 15.9669365769227804759102953
29.1030262793699818050296689 38.4969331425543589855334349
12.7764885248597021582249466 46.3655188795955172787862390
48.1276463395747905907673079 3.1192399415263424931446833
32.8213600518210236473305050 13.5925834317368474234360384
6.8565318304238510500113194 30.1577182700943831644967545
23.6430673213574592365436480 44.0227823704699407697889895
12.2623967317737951496773354 23.7830533446103876708837154
26.2266252044631851087019601 23.8990403653497433455768492
16.7207517027073820982846292 12.9002504819250770371119026
11.3386750163233876694992230 33.1124515684689801611129210
44.1031905327656504354082229 16.1061660500123462159381623
0.3625474166534469196084404 20.8774653483289946989754278
12.1024238772594110437813348 25.0904630546178099835661482
21.9142658323279077401260163 42.4884096316873883648591322
12.3147686788691898446615604 44.4842272315249103346553899
11.6135314102552409734275537 23.1111637133013038975395779
49.8409024768700847438816399 1.1766224080500301656332006
31.6270947089262654158357739 19.5761814527912523298711276
48.7100645818339738675859733 5.6417735184570687036339638
9.6983596172801667420666127 23.8315299704804789454338182
13.0751361971128806986099062 1.7437928279897575534451874
12.2191471759362458731371395 38.1535377428202490815006591
8.6887665147309503798824958 43.8634852292027767618249624
12.5873234744487372438302556 31.3856541711271611602142825
29.4258530531335301461699271 24.0856632064677036219303109
42.0919432706754230281056501 8.7902395700141171712680820
29.9796272363590467381152261 14.2204764606872025005766388
9.1516918737120015155484148 40.7951778504351383456891522
23.3136260291250253418153299 19.8487994945312524569210388
46.4297383467838564758985997 16.9935104392585313211263875
43.7136107037914649216810716 19.8272600032724710029719441
39.4234242785301737724266491 27.2909072431642998974705195
16.4443388993235542356142898 19.1202436742891484728448014
28.0810107320331612391868496 40.2051841964122634455700661
3.7174489467942336057504663 13.5897230776781630239381068
30.6938679297868876849994677 7.6083159443335420415612231
16.9565271313316462782183474 29.2399758489027102446918882
24.9420412825624929579986695 32.6556974609171125465891104
39.7568551799386090005976490 20.6855617811406947958626947
9.8096352357962334273409267 14.6550693120375577364621020
28.9335941439706844376648590 21.6297741530508199716941530
2.7736344595226962780546339 1.5188653281144581127428738
7.5200525789174710411503710 12.0809274979331240492255204
12.6104924138477441928479593 15.4264539373210619263987710
28.3399404160155980847357833 31.2545641021705124237400099
13.8681858334400804945421659 15.2043882379124961606107362
16.4382800109445372860283204 29.1681838701311889395987385
7.3465145052385936269855199 2.0071683099129833292446060
1.4889476615848394601134558 39.1571581560901970212204304
21.9846367549588802991660408 21.1819674901202478771154411
37.3749760932989015798837681 18.7112576281054816902408803
20.7897890625679643461103360 32.1758398605837395825259333
30.6989804700805017853364513 4.9570755589980604640311287
32.7074285804676052421638979 16.5446098670718389797785128
1.4229811358605366707751063 6.7063495798373839973054065
20.8288765058964136846737010 28.3312178259621660956141694
12.6908437383553325520865094 8.5406372835197285158781487
38.5385676246507379118971556 21.0541873611930693433293109
35.6119416287759503460272555 26.0823621136708880092307030
20.0680817659248046002695539 14.7740344603685142516005014
5.1201456789824396428748432 34.9110886141638019837012264
36.0364147931171174247124995 28.8509412126954669818008613
13.5630485779767022449954556 13.9119988956096512149125548
23.3448786560728470472834789 42.5207789266992899792879993
40.5379696121848006849305523 7.1883947944990945910290612
5.7904565948418584907684742 25.1091738697881581470978917
12.2409029598772004613323207 7.7240076855781023279353701
4.7272621214705846513708891 37.9098007490795106574601564
30.7580724025681047989465485 19.9359219018930331813812557
24.5100566446625150204392164 24.9651181306124585280753475
10.9452720601284310801747645 11.0318185051138296078242818
19.5816481200133704195056551 14.6136599421218514920343946
20.9039907360686929489472437 14.4056645562207321851199973
0.5958872613388997280673948 14.8372813672779699637809137
15.8981310877318823578228389 42.6585211642093035543345339
17.4082861577737982879706763 7.6779927747466112929336915
20.2566335294379709651768395 4.3782185936804676042229112
43.0543083199028610659351049 13.6501478048680218982868893
11.1889063264647610962533957 36.2395967860791305049798010
18.7348741642635667765042198 3.5361688377691357514080744
25.5391682383207994934484693 31.4523589845777079972023517
25.3362327855376564957997202 25.0015061193730239540948835
25.4516258840601809359550579 40.8376632516827266764169056
9.8278568649957801457654588 23.5247365435015088081737958
35.8829984066790212159079448 11.5719672202383473891033105
26.6374693525864441289912961 36.6052622786672288729267894
0.5627566966303402639472745 36.4236640784586320176253584
36.4546267049267342337389876 11.4699691283125341851181195
16.4719111407799960655827284 26.9940019887798009444809649
28.7050338419713328227468927 13.8932009317968371353274839
18.1643176781010488570323548 39.0647867431658421082897001
2.4234913528714421335813598 13.7159283193868196573463461
43.2260736528994341761777837 5.5232740792136476237839557
11.8950019877505602679949475 47.2705926312692870608770625
15.8138445249682176488919862 35.2551034793564707059641148
24.0372596534917217113346442 31.5469514906055389313570537
43.6129706789383742535030241 18.8655450108938449058961335
37.4769751487606661172175612 19.8991540950658364349592886
25.1167411171007520163704096 39.3401743216338642050523798
29.1947160446952765591304851 16.0987128389077176753528493
24.3743304467064120264816342 42.1709854671996110889873768
21.2802787867195595311378197 30.6944577205640417769806358
8.5129407382261663289381734 41.6776899550280897552517038
39.6480331535535279315213258 2.7447162065904538668007733
21.2318280494050043299734159 25.3517154780598405368519011
3.8142021406960970926957423 6.5537670106519128803966057
43.1847344253267117423987508 25.0215649513375162054974939
36.1329063314728960978621777 32.2864225339538957354164956
1.9011547717342657488706119 18.2177279190878254782480660
22.4622782419047707274574217 13.2456051648556821335025577
33.7202848328253896703174614 33.6666361668807948968398309
11.4042254280884733323464643 8.5990489233019413705230130
42.0306813053080914781936046 7.7085555723251361606267386
5.4150442527645786442366276 3.0294051793382320864762099
0.4177220928135447402997639 21.4901258314877130994308754
7.7929591192257345872301225 31.7847414361997990285437123
12.8803178752747061842585779 23.8662399935951133983179662
13.4341246580506469726457596 19.0531964423808843368588584
7.6479129935670420957123262 20.8328929062391237726038350
33.0309813951220085295456447 27.0269174726808926746778373
38.5187078119207000082783414 3.3629077447767191279558921
33.9370984272203749710108942 23.3082249504580754015473328
4.4607123269921781821688896 28.2772354648720925282011323
10.8960323683176781180850979 30.8994575782257616390531806
18.7571918486192341278670952 6.5702171923074322539882559
7.2229568104254554652349355 40.4824516910071607757764217
19.0848591518066437157502345 19.1642414709192754889985021
4.9792940584048285768197012 31.7680126964205044775887013
41.5179138707629996964615718 6.3452996635230169197360505
24.5681823258977133936989575 20.0724790995394293799514031
10.8027004137041351979102439 44.4668602868670783584813262
27.9733951377296188917149702 3.9356275825393992829592575
1.8248945873026034008921000 41.5592319436395944183692031
21.3657342599430567325128355 43.9830126245746781933502170
34.3950358650021524601776925 27.5405429838486596583102004
32.2812878023934498213374187 21.6545251118338745008849727
2.3916682396537681549632841 5.0279143818716171347451429
42.2699542402436073110837506 1.1184670436411984937004323
21.9113232393890255234204750 13.4868051776175079771337665
1.0165911619431512555255626 0.9831288875112324856051291
10.1212227854522971523472287 28.5580260054374424068626955
38.0086743391853523831881487 19.5663148031956420410766813
33.3368661102168882892270455 14.4101824398399868482979947
12.1214683019250379349290296 41.0922134498182822990176721
15.5790556378982250790168233 18.3655390727109213070798383
9.5189656192047466156213346 28.4673373103351201860163294
4.8056246706949626100453144 7.5103909035687305010754157
10.2772107868006294576571519 31.4225864378422672644107198
15.0950665247384526163792289 38.8090062564570258371873266
20.6303019961549004874785942 39.8671624215650332797061990
1.2456629538398111721920057 31.9131371664622009542841276
24.4845455544834640107277940 26.6084014737906425759560831
39.2878130597358031196618737 17.0577766717486623240094094
12.6817135156021769009940663 35.1379302507730679069596766
18.9702725079733338288601211 33.6099503268486119761041161
39.6881751952170042295788496 12.9749277328916829775447354
32.1227628344191716067833846 36.4366314014297758082389759
37.7368008041083826978419484 0.9663669443047609882710960
7.4144561495588906885438452 23.1306255861415981027777914
31.5632411174633324809936674 28.1204873741703140254555253
21.6808256880818939491142172 29.2906435143205460743738983
32.5934912511027338126987024 2.6766262466563290704212539
0.7721362412883845334577008 45.1652942603597906152503195
27.7397679288214450372273983 13.6200321312076645709526705
32.2056885248283884436130017 34.1070905625463319295368685
36.4509647070561926836910181 9.8654534576441973649238220
33.2868023823594461995142001 35.6298861513442040475574698
26.0954564873433627240314986 32.9625112926362029753511693
12.8141622111431954779002072 8.3544746589184009156130349
16.5340889582053913206381180 43.3834519410587077536916425
23.8354327775132344661120846 39.8920060201119459451918520
5.0832933696312982280616467 40.4494762452897835002657282
6.6839790162485029990823633 31.3739449943794874066648124
3.1855604112381600171683721 7.7364206753738621161170384
0.9165065448828564371195095 38.7189877934998048763157868
26.1207587682543176115288720 32.2754699635910055359057706
1.7684519797527676158964441 16.7741639909507417692001196
36.7435154387988278193482471 13.4504302235561291926342350
19.1169508245649306187218794 18.0843078709461872318984542
21.5377981401342354867478487 15.0871883157475789083376164
18.9981121894811758298822827 14.2503239695063341209444515
16.6570589322276031172732231 43.9037855740059916567331925
11.3801926503838683372577584 10.9768490579104250630476190
27.6392482087970807789540944 29.6660067830590802916166915
42.5366123452098123315095003 24.8321688580225345839929410
25.4381826830450887476522960 30.4532241607358377568748524
1.0512174079488606351294390 29.1186356473174285075058657
37.6986691727668401851709127 30.7214964251788868735627197
1.8400197463393362151021133 33.8395379302537363238632568
46.1326536988467719610430350 8.3832131490425107474701886
9.2084141007171568569908763 34.9743493113126185487582096
15.7548402459601568586451357 7.9236991881490619935094864
20.0179012703623218132937258 22.4339837908924803280806384
25.8166660162845929209621929 3.8078544882408790598018440
4.7396446215260271606211824 46.8245210211662432415062747
1.2575042094701296830117133 13.8354140943870886443849944
8.6564064520014846586878288 34.1696740888429760872877646
23.3343642277281239227400059 44.0341622616772632844047890
11.7836258273824124982425247 12.9671185064472266698098971
13.8966212552849327756179776 26.4174926457293259003685630
22.1516076937757801860941646 25.7061525044307955275307201
29.5799397617066299123125362 27.3043433118946686452255100
44.0991450456268792723319734 11.2145176554661622264326542
13.7093689264121321089103284 28.6452998524980615059434546
8.6509819429187532237619967 45.6635578051392495036042217
22.6915452619101095277545516 0.3062247976321623682104785
19.4033599067407035153979307 12.2274128224039036645473168
9.2334722578556092196993732 28.3503613744765313170393186
30.1137455385715773233796157 14.3060242428901406644139244
20.8359711306762333361353437 10.5053465931223119527784500
20.0132574369875586077193947 7.7116487705848077352095718
25.6166815891407221718067505 42.8343976771073409352448324
11.5309794645094784655575837 2.2442175895088027886167888
33.3470397780427684650496460 4.2396860781941517828400147
28.9948236300299370970342826 2.0736930012558709031219786
46.1069071136326119754622617 19.2003415702652134367240217
16.4268578616550323029816047 21.4163101582177843562877787
16.8610636341014946546172369 23.2960196842031385330264101
17.6785197963639405642405298 7.3123141213687105555448257
8.3166847113314723257250132 1.3537929724685916066776897
33.2130346778859149379733092 9.0771321178854535034675800
39.3888738370343291732600827 2.1252335989703631828987758
47.2804884095676864304364474 10.3708927172512813208778523
43.6448476881796050023147382 10.3502304455313162228160501
32.2083332636752735997901198 36.7712288124292753902279897
17.4403153762489169357440884 30.3946607083707318507796343
31.2546115487241085988107116 29.5321732511910064093448733
14.9900565202384721420939023 45.3849997853922664070353385
32.6495956953349102419433532 0.0624574348504562566109744
20.1343660217634370910726205 6.4503724622426249399914880
27.7186996404376537922728508 23.1554246396649241490882884
23.2763878945248135269758447 40.8987746342554707878518114
4.2874267920567955176281056 44.6835313231032980707407283
41.1627644888395378202115171 3.4823583440436888374147946
46.3534055551360952210616487 12.9946832759047339554040408
12.7462332817782403102055731 45.2496799671167697635869627
14.0942752221304431866239253 25.0868771664159077806995266
38.9002387595478744145995621 16.1947962151479154956423547
8.8940030621441333543149270 18.5848516144350955957695314
10.2984328449822306644027417 19.2468771736453703227017639
24.0224003936521562659122958 0.6513672750919619798740579
20.9094655610876602248894451 36.8821670994220335330006617
40.3369101260109158405805537 22.2583395940963674021815159
40.2019681238051890508402585 8.7636612766897539283750446
9.1580166123874809176403314 21.4156655681590930118193521
6.6263028007193033524568196 31.1141786199343452371459432
8.1600067529965231068601607 26.8218994441305580690250245
19.0266339122208778732481112 38.2294023229545984931855934
6.2889988641820721541739402 4.9948466729536960194326289
36.8506025768220298768612108 12.6504185592856006349877053
36.5606618316519326247603569 14.6396040394400541647894937
5.0815145619079590187725645 26.5175076083163849693710512
13.4819994107437996066068301 5.4530442771633388035258247
11.7925162636556226020818221 4.8925004007580453580662964
32.1932259443463219694823347 23.5392481463675229687583166
1.8096922344256867574257575 45.4337431213482493669997770
0.4891927117785818622609470 0.5105785842969888357439268
19.0175994687800924498284910 46.0579082291527341292478769
32.9250012065035872798513724 12.6073111943719911482476345
14.7049744802505810056320382 24.5104819523235641131192556
34.5666159394194055274881107 26.0988325887706381275071873
19.2278367287611584495774179 33.5304383319410751962935708
24.5244877154253148956680732 35.4901324637701629825498916
19.1919911801063014392065073 27.3800561457189480145444498
2.5106381825253977973548682 48.0332873736167007240700520
20.9811226044239874489890368 6.5415972253058192916435907
14.0124584038053574303887473 38.9827014133400536273078267
0.6441401183841584466605244 40.9949397305068377916270000
21.8151299094563114735093010 37.5446415222404895393262335
8.2847630488257451774875825 25.3152661693455544719612007
38.1236832004000381560350636 16.8992538070630770718635827
47.5391014809491838292670687 4.5314269699527451210024107
19.5206832443493806357677426 33.3308104562996988493475539
46.0212414210523373853552648 14.6984808080704938499598982
11.7673077959560100877443888 0.1745486615042007672733355
40.7433984316456392042996654 13.7650094166395566455188237
5.7138598811673233643355292 33.1263008085476779412787279
25.1340990652413464805953901 4.2162855902599948371057669
19.6722538525382725228458484 27.9911133819520136406581892
29.8661506840919784490963922 18.1387166942733919448229365
24.0498288791390586855824319 7.7527885876069733167109218
8.7495810348032405954056897 15.7303792616520042213535513
4.3613380992733338856030813 4.6881478201766274106985432
0.7146944264291999475790528 48.4354127873070886343551232
44.3039528716740555767491776 15.3837498661569573879946378
21.2236726432564178332139291 8.7496125361006208528526159
3.5202212535175281768322026 38.1065354280113410917943856
32.3617206068466644639247773 9.4455830611135888261893205
22.0542769269288070314726006 7.0433563895585785953049724
29.5580330711050993527114009 19.8071371219431216586853383
20.7547416363091277339435635 39.9091555862819065860501035
33.7428325080397160598749873 3.3047321123471059985571302
25.7877978422903579810569291 9.4334236862957002033892080
16.8970342140323114446786954 4.0608170076748677633855445
8.1492415163367426581783690 19.5087124820787091132293639
48.6003849402946924058669384 2.8288838179000684565843358
6.6279793934033176333473351 46.7447311379648539488997923
18.7887825291403915197684589 21.4588362003317596667050254
6.4292549346298503375419949 16.7082219576332453886480117
16.6426667297330866434519377 36.8309875529157567982324879
15.0901868572830658617495404 6.8034006652762578611535418
4.7530680073244043819198018 18.2457760733203457720009941
14.9101500310760467927751028 24.1389193223475304952918045
18.3514789078490209133888376 42.2992106533298385447752686
3.0673502925486826961861759 4.7530371535263124512439420
32.1739561410761770804720862 37.3943384248485742885803522
16.3739594817704073645142164 33.2925434728159658627253158
23.5640739784904987357282937 11.1010998345311244447026269
15.1598889251729284661301447 5.8887832169658947038601520
10.7146342920029225744862310 44.9966288958254630502436488
29.3165489898118354948781762 36.6679690646749980014201950
16.5908803073420054834444564 17.0511785700417565496926232
47.0690109547391574623677368 12.8844172449763977867288245
3.4903676018306962305289076 47.7055272898653813252890886
31.1437873826919181027551124 12.3921147292009722386970956
5.5221201087885507451570684 0.0786734015606576105905752
35.3870043478403535124331919 32.7453801823391251460168898
26.3027733179935777898079854 29.2175309665660338246228280
31.5857216800019004653990178 35.4449176322002181974438312
1.3399823963152361020404880 36.2657475750544163179884737
4.0589245870993831551124725 5.3408923595444330923702872
37.8964755204742027611334859 21.5605459839517863481891149
30.0637476613406934487587965 37.3252069861003180121573362
0.9324662945280491410162950 34.7365874347145552977877458
21.6194034580191981515625830 24.9720122160667608677786125
20.8678763265312613358798634 3.4686795211717311397064055
33.1932872853591734213664298 28.7437937508536446785671387
37.2362913970676028422777335 4.5780566829899812985077779
20.5369415436463600112668350 23.8166755033705798612611106
15.5637129751338684611884017 30.6719878460403943340539172
30.4083788557458545183532885 12.1379774001037106661951871
20.8624527447923248337667994 39.5949247438520482870833072
32.3121470617431138347278135 12.3460581668922107527706517
36.7456993246511046402736254 17.1392409733434622814713154
24.6628081266955893097246077 26.1772018234531323400081128
11.7230389217780730736523775 26.6377618886887040569806907
36.6840667003553132330340397 10.5251722230034051504967488
37.8835778572452729979044974 4.9834254016725935260787311
18.8723669984752958359937327 27.7908935422173958047530156
30.1652850504167741876310360 10.8883230034336450684504681
40.8327222250288154141486653 5.9320144717994262300155569
13.2075097910950715073021044 26.7593289362444180967157546
16.9755317832164796047343706 3.3662027088407982697706009
24.4641827376978148385856976 6.3248528027558277219840704
1.2591746859821138265318308 35.4318286165162783154371727
25.1806854400788315927504295 1.7126239423183185548176103
32.7613065583432936985139000 0.4436131087475802297936803
14.9177481376889352233973655 35.5100097226187521208733711
14.1727909889826092338331344 44.4537062074987551117932602
0.0055767358018847145788113 25.2289510067306959360289534
9.9320251916282179624009129 16.4880221856007477978546682
34.6243205089577754866953275 35.8141931263705279512159175
21.9307031996998375980058940 44.5762745994623837979888580
7.7046213100670554540628539 11.3198414506767986860314491
46.9650509079294724907930611 0.8854339137355377222210944
41.2431389755414915530899656 24.9900677759018958331564046
20.4737054254042443461577435 40.2408671148345511151878476
14.3624063971885640078884381 21.9481498646696189485303017
27.1051180085358144543771994 28.9017746469545963744801771
19.3628585134250983195361559 9.4382048181357662037238254
25.8775053468482233063391932 3.9185095411191247977974221
33.1793034763973687632851368 21.4856654730805459370421728
15.6055285458505600525510383 22.7918292114661850941775066
21.2477166855488377232813324 26.6277024102840970944660206
12.1453132117068958005246089 10.8393434759462220700954887
27.8597049444151999136275204 36.0255026392433178871308183
2.7062187354489331681883061 44.6953731403587811804723366
8.6770521356291832023419870 28.4026190031055592244254708
39.7404424030461975325423990 1.3027807222122089831741394
22.3984250223719492973858565 40.4018632802644653300854685
40.4609765284333113121584297 22.4590600508028533913210107
8.5953786696252479110003564 2.1492941924620983175989949
4.2046036725953740400982773 45.4127879341975380187543225
8.4244321170582344001552509 32.2649801410922569129441177
7.7478997929134745958703379 12.6281451052389850764795397
34.4064698868142985881363242 26.7711566789285529238540807
27.2606150188795636854941574 5.5998989984139861848019060
17.0246715378749360769348121 33.7143969103329958850916092
11.1964193759127904932017341 0.8001207150703192782369503
36.3946139916087509744845794 32.8166432226362320010263528
7.9536920581176318625907677 37.9899826618101592075088040
41.3673037496309888321881891 9.3672931247914907785512029
10.8301565784089862623025304 42.7107446491763306437362657
31.7227910402215896865313775 38.2839983363602818939756981
29.2932440003323997160983390 32.6635248547518194518879517
11.9502368404488826358511171 0.8317688724509392075606005
25.5728096058084629897645501 15.6215046927327203538100023
43.4990124210309418617323705 10.5752502757616019412726621
33.1712185850194069907639779 5.4009496928654214886207366
1.5423871076244506765321788 23.4972560527869696448654383
24.0556332944661556704989662 25.9388994909608948472774187
28.1993870766636114185925379 38.9396272260084341411624004
35.4496922525037702721976791 34.4792592612250613916468670
13.5444211798980471061527332 0.2205785609010845586082285
13.1286771831251267918658491 32.5213443052603482932993448
3.2186771576467826020305960 48.4988671759953876613530311
9.0419708225425656124524919 0.4927105075893139931825606
7.0974052168344157905216153 29.7678826789553781218794222
1.2360766115360463706291707 16.4003693437194750853881029
3.1765578928529404145743741 25.0680968554326773632820584
18.7511721356465567673290423 9.1320065450782582811379166
20.2669165343163086131561057 15.7242517847767951060321295
31.1387553879974230649366093 0.9369700563312866921915857
27.8440499482410886540095545 16.8139490447620730336467192
11.2085257185602603418880332 3.1414886942933917829253604
46.5928443046641619643075301 13.4203896963286563719845265
27.6260828879252320417361156 35.2036865153279745410438307
18.9226258307607647400885863 33.4728880090891690907295062
38.2480734151922545297935616 6.7885845377415391684907478
17.3674921081615940669831672 37.6944321866365928280428333
36.9281648969304219495187056 17.2281930957693807372018334
40.3993158082129773927947207 23.8620049917913022222067080
34.8989140812006081301818610 26.6658169939152232538684562
7.8447725843545683041243800 47.2542013274984782862577698
35.3120343542009577775818677 24.5063304019131217374950346
29.0312783005516306282651873 19.2141843500035157080127289
43.2674167963957590803463220 7.6766297140718040643236821
29.8852894389500918602943387 23.6298428930489951253889316
13.4726130812048973915693955 12.2469872525509995683472759
23.1606847220339983626205168 28.9410207699476441946619021
31.9928409403171396517858104 21.8965323411623220320338538
40.6329976184586797950401797 7.8396112491839323369853923
2.8492412066768994544381286 3.2220838825478094507648887
15.1426182308437108400118484 8.1670749424086763920316355
1.0665874350537430338952235 39.1326256625259618865972330
4.0131246005265744385604036 7.4427703807553019479902556
27.1412426259670099842739942 31.2546468340052021162138888
9.1858224852204644423327165 22.2400689133378840416723380
25.5046698462302306957703052 0.7154131916552982571749732
25.3274957127697435729349291 32.7111290071075085625933740
0.3360995099559660713840573 38.0905111165419695456649267
38.0101563775848006382891501 14.6706513881132594530834327
3.7990218341902649762356268 48.8064281944842347100459490
7.5188578154547906445190594 25.4944460059632284881925075
3.8795504875776054377492316 37.4426105929372446571094070
31.8676179766498045858062018 5.7840232100421428741574911
27.1657360777569453124395713 5.4334872185047695118421502
41.8164541028668556014547256 26.9515151014340883687575263
18.0700658188680048252957844 20.1115071862299316393044613
4.3138320254849803699742084 13.1107152076421884144573430
20.0799831238545880546934900 4.6145723253314536644990666
8.5860210192498119514694558 30.5250756437555846445169508
24.0543955636106150852630389 15.4559391196183856938994369
2.1397544586510716181500544 17.0123910975701137459402768
28.5369417708844888059664930 9.0079384081568883690699735
7.5417059774676311222431148 38.8087963089481686981799969
36.5484228897755227913864248 9.1494690703959770148140523
3.4400326895003491855690167 24.1591840734568060902699239
1.2499337255877412324570231 47.6281184352440942529073979
43.1273416043397878156356562 19.0140055259953686800115189
6.2010315860995919865532085 27.0656093090141825924841959
19.2700361331216068998804350 25.2124117733347292639911656
30.0730533993417240013891973 20.8952496812156130434525381
35.4925414710712690742223223 12.3604004758861318625009432
31.8278839572775423726037113 22.3827121413396828167483518
18.5164577377898942799080943 12.0888706190711111741669331
12.4576455713739857649298555 19.8823305177744723996700825
5.8143798161543640830524438 23.7632697109109280783716575
23.5287542231413137206682929 27.0997735176331278996883305
33.6553781508076654320108974 2.8836646001464883317752148
48.1846078787868600148345315 3.5698128196799415068378977
17.5990684903800149228116427 16.5913467889413155558291615
2.6846334758907044387471627 35.0398736170684125153021742
34.6175000786029690472851608 26.9931229817508042974455384
35.5473589428911554145729439 10.9947838625984912011990736
35.1239833681548450624151251 32.3234557613133596978443798
4.8154619365340861759778785 43.0791286627038382650805624
8.0738193918485250364380060 15.7896624545241850883242740
28.1000609627766080065837452 24.1326868352497826445020748
11.0703618103577604161295670 45.6776432118358362375413018
2.0225223484713346339729606 12.3656541820452830110764603
8.2590917311804229767460617 3.7798682220346205884627585
12.5536247183792998535438542 33.9618389730311312605093681
2.3661159445383040295055986 15.1294909146673408275328701
8.5806942797558850014154944 27.0716029388243767870250624
12.3063669224326582721890487 26.1161508107618214339075198
15.7287230262248089316626821 23.7930088884173177935053931
46.2218863370411257672042989 18.8291588618730098959134304
21.1175644968539568403136313 31.0330222460077724328491066
33.4830413304443528250702123 21.8033470656171334332370621
12.2013643759049155512169271 46.0339734040675490617070301
0.6649387708558987695842449 20.3238248474791930969314875
34.0904511256720756955588066 0.9171379657191752472788263
16.1507879201267911568750121 46.7028055855222312299449799
18.6657601920569372699017753 14.4079629529167851856372828
13.0091935652444631382953009 10.9663523006513909006613831
31.5716273237906439109944583 15.3372862047911208646933771
23.0109178498727514918758106 30.7489456682080009725864221
35.9214191841423678158971431 33.5730791527546467040406691
11.2957392778513265497612985 14.0323296058354755202172304
10.3096805291713759763511696 0.4587890434879815500306850
17.8357463828439100532992889 28.3264214288863247985348339
4.6238130935596427181701329 7.5578007697892120802284677
17.4782559176065063940729434 12.7479633698349298782460099
16.4261175512948699602563618 34.6869235042694817705846006
46.9083700546647178508002045 9.8287750414095028889734537
36.0171277078482647393404904 30.6229735929832392764219098
31.0815191535816274208779496 7.4792491003802270034475233
6.6060309933645590304366805 11.1740930063565721800765218
6.2128195810217350285532959 18.8653352171031647644538609
29.5051142825343957955596452 25.8736976710825931849679671
42.5203030951045887392539149 24.6378534921457622338427176
18.7132340840919385861683537 36.2396863964629217150571122
26.7165212786145004735212728 8.2902045070877845482003117
30.7832434249219664655764897 4.6788806612264134499675281
20.8911709062562082205981576 17.0604507022995778684372558
44.3664145615409145428216600 3.8886062996259083338892341
47.5620009979585838431191787 5.2303021968320983991862440
42.1756496270114430492922615 4.2678540907075917507842172
13.5165464029923937953234254 43.4143176076251759485191114
4.2621939243318451349788561 12.5432732152093659793893904
29.3080367585136514684641355 23.5698744451813450299354820
40.1324427344743141754358141 21.6884079674866830064118761
22.2162527468152459618058986 6.8875332223971187758799503
8.1917584562008705934883748 3.9868651087366285884730219
35.5805945853944243867950593 20.4333376850136984509454550
38.1420437479665854945949145 30.9545553792685432516366023
41.1929228768580510623040142 21.0628370563232679193366730
9.2787772213284166780113933 7.1347244709909370667016782
1.1891039069842109004949260 17.6234511914776467006129944
21.9584743968215088046298915 14.4680821868046587025922487
11.8829879151095820171152027 43.4199792515998288011879460
7.3173592229500701734625730 2.9927001190075067767640761
37.0759882117552584718971507 8.5656930905668754924696333
3.7364818653086382726130132 36.0074812125233175016021998
44.8961054358983941688188847 19.1007779079464368846486446
31.7249787738085668246514986 25.8365191502531138424086153
0.4378036028887507833180256 42.1166039467250686471368620
13.4785771225770887885523139 18.3256093691517261270057175
9.5290536540835901379602400 6.7228815590932567361809994
20.9405725786341667873743526 41.2127701092629152408594925
18.5953547948276154719491596 34.5429121536456681371930508
2.1136806577488040824586383 2.9210193558171748171830591
5.6855561592320078047314118 32.1430311445610085591307099
36.1932854326891694280393259 33.9565323551726930710682135
26.8303595786404084175909186 14.3398676730595699620129149
38.5729288452472975962173862 28.4978799263995949065869752
30.6127088469304717818456917 18.7846228882313425267246368
7.8929499131025508303956431 38.9576865543791554760085432
22.2521454675865181842629732 42.8467270872510024906616296
29.6499713291999112507157234 39.2285508294357369835386063
0.5720825411194429193204861 34.6218532370256910385505490
5.6168018290873851371140528 1.2047975816545303653065263
5.3350481525731285266464839 19.6096216488163291722760707
23.7223396859825381572698139 17.9930708836167789086288692
43.9489330347143304671257939 16.2170060464376540577008822
3.2418556078985689629620687 45.9455152568510934518418049
22.5703632208021861920918933 27.6238792366506693021760587
0.2407976629960198603893808 20.6383627375210084819327070
1.8099166884468024181947265 19.0058991258209554970019767
24.1983604725508153829826091 14.8472000875751074668767625
2.9986679133217609330651747 42.8019624637190498536522731
23.4850837784692250531451067 21.4464645085916589485941741
30.6039251873434732713381682 23.3430881232000611755628058
34.6285896532935813473530832 7.6720778556925974130970657
5.4760518630608377593871420 24.8397434767967748387043778
16.3010009858799054750921620 45.0475012276856744828208223
12.8289280241307255496847762 33.7552752284983349399002997
21.6416489719409656698973042 26.8540319091060615302210091
21.0610770060863343389252137 34.6400207180033523669219371
44.7499270038836107605191295 9.7951025082481093923006525
23.4927438339983773448128616 33.5125496963470569903539854
15.1982388231141238662325705 16.6136551269004802079506790
45.0154744175706030901943261 2.1464069886781892634256573
10.3892499682468156705409492 22.9578632519945884353462596
30.4123489930919801849859636 18.8172534850965224217341347
17.3588706609386023214717469 19.3046525318847687308350398
37.6843833794456299240137787 15.3911419105588771955878004
16.1060493605651364335374142 36.6004805159036041830021889
29.8691452806111596177273462 21.2446266195888717195332550
26.2529681435766285208340138 22.6667523843260508490266490
20.4181205034479927245703207 33.7431527143904662161906642
18.6687756461707779480193625 9.8476807357337114419924909
26.1272287744712434727511800 18.4490627557727681138925187
5.3787563291456905784939060 27.8131080670908690070792256
41.6478230312769605532720464 24.7378017769452660965397190
43.0871839256821876184724355 3.8722837388851695041764505
31.3735992119482102196887720 5.0196884851594767740349006
9.8845177371727820616302316 41.5787963883457870366530206
29.9585668773440405252326068 8.8308703226638168488373409
22.4699731776054740840728616 0.7747937775244157274553730
26.6464306136955044109105778 41.4664651923637086881410261
6.0909755100036436284892426 32.0140596822167471481282468
25.3708965286958661247006006 21.0313482527917845878825943
13.9110924225482567056758056 42.7665933599032467348764214
5.4167076298600254967046319 26.2708827117136698814231565
7.1892269175586151095951565 26.8013995218132341012748599
8.5926046236831284367036842 11.3210929587676879363054476
13.6571450357366096625059359 16.7326743072604768483329334
6.5396967624838627830569419 0.4820438307437235572470344
29.8408726195923315696044804 21.7605680371920599136438110
20.2767515523224387115256522 3.9816261106976847842079242
19.3467448083567156564587128 39.8585431911443856973227389
30.0795220333604021807337592 34.1060457139872211284080793
19.1037863867466832189935995 27.6684901230542774548549288
32.0578665326260516816083970 19.5651014149258763936320302
24.4517263196022812478097615 9.4927909484655290054218692
44.1680320998834332225666199 6.1388061073523604435780588
23.7771804387283682109822878 3.4125782605169721440386830
4.4520276586204009484238544 36.7107538703154249277290958
22.0711769906235545937214559 13.2424750801566310630232674
18.2652486672272200638376161 41.1628557212003241884557014
24.5417234634111827557555976 10.3539272474483333440122264
44.3557171614212485346590905 9.4905402952624640527963227
0.0950169063109641084920644 45.6014360715483947517551704
13.0479366910564749555901015 13.5370361640272723040596697
0.2667642503892691957659162 15.7298708460913388165058470
7.5552276784811020565048861 24.2057541656175847639385100
1.1756403343863465090326593 43.6533832572478162023499303
39.9069356876005242447675704 6.3589687863454459011770248
30.8216804017150052825370158 19.3138296879344245343052145
2.2250763213394341038930462 44.0005572165195945644952337
23.0096595568986894679870372 37.0682555170272452552208223
27.6617336968786904716101937 29.8048400244484784238350575
23.8983023093152983372142438 40.2476228705817491608047870
1.4513127530009684856628238 15.6809977773411073792251752
3.9580254430583913617528159 30.0138973575925728153130254
26.3138533077930427005421489 6.1709905279419401466517078
33.3251833202314907387930653 32.3872221203511807913197591
3.8618581793722083437596406 29.4802654567833898988783810
27.6284182016688153918424241 35.2444393865712566948652499
8.6052955257927237908751884 27.5853020449980161059899135
33.3786121372661936239338037 22.0650912481672267789581957
17.9044296931358552022466561 44.1750087420880439367686078
16.0930978623049017826101526 43.7551391403830117051717078
21.0983606933891822349253985 44.1005575480815247415351572
34.7665226842663310479421257 11.5016911993147610893949538
13.1477616612890306116890530 4.9635031276245117209014532
23.6641277252362892160314826 40.0875174961446467467543005
41.1647269992808784408207906 25.6215778412391278187729368
18.0239155109843457535053569 38.2575282742220280844294840
30.6673301865747425143369530 17.6356133782639261079800721
7.4626926674660823911204820 34.2754754620697853832431339
27.3293375093084365818531475 38.1589741909070053034214998
35.4901008018441233514598412 17.0573369866149713919456782
28.7349547521042040073680358 2.4088120297200492897147321
16.1666350813960957779965407 27.2972509631459601972490404
24.0425729273877587626663087 14.4898132158851935979248595
22.7793869425474266015293137 5.7965102019835869412086202
29.6328867859915624736284693 22.3022873429746359442832464
25.1990695407601076699847751 23.9480039727726823410925598
7.4189856819021975773104124 12.6869480747629051066377974
40.7843483215998536275177214 0.3700432169560771533368829
39.3675084822233239781197799 21.0404200505140732912781610
18.3679309598504163779755668 8.0696413956363985185958607
21.1109996690136371160925035 30.9083434201010860991067583
8.8613355187917242175482739 3.4607416579976327115559878
23.0167703017565514227251134 5.9353420184668068345419102
23.5886647393808558346392529 38.3285128306994230642573439
45.0391685321019504417091398 13.9990463224077317403323250
32.3346704883177570176501102 32.8248242099163831140279580
26.0875985958383788916181189 25.9410331232665335029169780
40.1483769548434733869843512 24.8617744316811286385288120
19.5834330766680731954851741 5.5667898228389083664189365
9.2549131499000062936959266 7.5727526427190227903296819
7.5744990020915436518568754 36.8324173095836082866177697
41.3479866129654053394816247 27.7099982507042686271279886
5.4901379918004745005644418 35.6280561472414468993981087
34.0261799525404306229569279 7.5643293051886429912681179
39.6989605043940567070638137 12.7668529744240723234453849
35.3038978374754443675951673 9.5202309573400918974231022
2.1328120910526129418629647 15.0980499596557098120034925
1.7976827833038054103298527 21.8921980762693877878964857
12.3391269441143491374646930 13.7566691556143518318981478
1.2288936598427041994970579 39.9686104383527249492893194
39.2395970318658728931425083 14.8746100714197875817755190
3.5956590576432648299863535 22.9362428471009163390115031
17.6620831394135068075474533 5.2010402013871343899643080
19.3377014951834816423357059 34.4899014333642092900154740
9.6799161549707952680986436 40.2529405538618434817969352
7.3799171822954917549521562 25.7495014006574459246900009
32.3247755750248884978763662 20.7149434955607443278517169
47.6695287448882972142633054 1.0564228510726011771616505
12.9984343688214738104314167 31.3773916054129759741752655
3.6010634149575978841660544 36.8447057564781472796689147
13.7877843529361259745948250 3.1459501961934702514673379
16.5121063900473604206517150 0.5918974267194674086381156
9.1957064973679668711524673 20.5776330517935069503091592
15.5054823998550369464733629 41.3228752091113050631479071
43.9350319732023922501305367 11.4766269223009731549467965
28.4843354039624523528685770 40.0142804083063724952560655
13.7119360460860646712595179 32.5266476887496916754375845
45.1215516466871399209527177 5.2958074922852937688367951
30.0521151615267442143937058 0.9329385394196064060583472
2.6426030884613913083246729 19.7741409147617413266628395
39.4094984774757903882163445 16.0278329712357983291885994
2.1785959178905567440829008 42.4647350142038517647104811
12.4854857056431317852314214 44.1883768280096596212623188
40.2146374658980399157122934 29.5344364003511953675732257
22.8918657314772401107198232 10.9755402296204993030460008
7.5384354034038585511916205 12.8129618616737989723408455
9.5644424871730740607679450 7.4176438246628249001591319
20.4431953978741435547138571 1.7537850279716261171514533
35.5763357346392613466221284 17.1704494902209688386307628
46.1457606775246112978522946 12.7502459385151989652615064
22.8633077735993169022409155 37.1856041721749230864644107
10.0639061609992790721926291 5.9764364618559070546162956
4.5013179730575294223279476 34.7021344661308874772310866
12.5253482486500841241444473 16.9444873410215120147660770
14.5331418887809800914343001 15.5012188824156536549891905
13.3221205271964164838222815 1.4216556048677450802172198
26.5663416778335936540427031 12.1749533821120547239290365
25.5113054871161451198814327 30.0028880667018065246521699
11.5166108713608431616287788 36.5016119375248035196341412
38.6314613615974697289785115 24.0335222775897284868148882
18.5909779915530670818457188 22.9646584411262143210248646
6.2090821624977946717444243 38.2288804269671453547877297
14.3502375759388915322953242 42.1315876927764435546153337
0.5893431745180198494378737 8.4352044801918716023330713
36.4165401476497303817857213 22.5462991125952942575370540
37.3326626525717925978837965 25.6470719433870510318533463
25.7549189020643431647445815 14.9894680475355364899067528
21.2581341916060319256030389 25.4084972143507645016425691
19.4194438026078793754009426 32.7625579342845943491214729
10.7585490972574216796627419 24.4592236451180419928931921
13.6109896725012733554158430 20.8384490818070162706575035
35.8919076872832127165013232 7.2986959497940603470389385
23.6834220083135699612452478 9.1430586772769006709513749
24.1851536476302602646328795 32.1415361026898762114216003
6.9977685544876411795216287 25.0106224484282667534711439
0.5678172170148963905640809 37.4990344356766266064721817
32.5054470526933811235049330 16.7897561597703729874053974
0.4474733417936455284419459 16.1183053578341177698508320
10.0251496396988145897407168 4.4717306159524779690323858
27.2675636153137059386740669 9.5120962192789102640082840
2.1884447886374001628929444 4.6055085937479049423334263
20.7609361526192900429023546 41.4063223441404579762292267
16.4641280456725485001935340 15.3600940002233914951034699
19.6559333840107275287593427 44.6950140709602259474324032
27.7386965848074510889714100 25.4472928182152894685275636
0.0818494687769546248055540 2.1197407068933998112307869
13.3741040967648268557857588 8.2239491492164684234101132
14.3321393384802993053175024 19.4187997049865440085721054
32.2976680664850442201760427 25.1666572565200288500789803
35.5027570571175140930363720 30.2498634929695600132190858
21.3115639018521376246294781 38.4618934018760039945833702
14.3443194416220904544124350 9.1236231704681073549761836
47.3134245582804202491541729 12.7255591848809229460640060
2.7924738794455922812149503 29.1667977267408306025960451
0.9819967891491793390984418 15.9698366399315651301181199
4.3246733128369461620324898 18.6894943949063510559255361
29.7643094792192246515631385 35.5399195444398918212933145
6.5839912230626809077585194 40.9102806098251247765995458
25.5943067586688950884754111 27.9003846128177185970500963
0.7290080737584742097696674 22.4492438008142037957107718
11.0585088885684928855324190 0.4575818631148269198484230
38.9711801056308891473473702 12.2779119224108787300072578
20.0854504063696565731923395 29.1388860798292184412085272
35.0620946667340842412623282 30.5883886071328916959140814
20.9314451057086866191479893 13.6335837470088497947160233
18.8377473316257617577312941 9.4148433587514610691282104
33.7137398195105258890641789 25.8531187167496365335730708
19.2388859196943924689287317 7.5076806384518548228135489
32.3513721695192644059021851 17.3461442040948801556443241
27.1486206031071336651699472 19.8104113876654982990366653
0.2517385883284621444832565 11.5298147289167831217089912
24.7224581430451557179302615 6.6932849457781394276571061
44.0838381094732151099371931 9.9807423340028685225232837
28.8358564671620071433579875 29.4192688863137971837679210
2.6781495916630066381741744 44.0831885730226559663729773
33.8525435602123436347355585 18.6816833958807304831490209
0.8493205255485825381183640 47.8620795060649436420679807
48.8569389026950794487013602 3.0821293059052740010239354
26.1314576401212759363520750 1.2833244338620676370972538
26.1382470611855064584153876 5.3190262801030824570404186
20.1303391934151856172703377 31.7611310245408681060690103
2.9369967767655792858825548 22.5027564963332569505684780
47.6761054728855073734745668 13.3037200413379329104332059
0.0304283334764871069222820 18.7216204992121834136482210
19.5050327093288600976089393 41.0189431727343661385988910
0.2814586152321979800468840 47.2643711589174914469552277
5.6480780216034031957219882 18.8175241374066154511863752
26.8993273177589692126365569 8.6270614841941435512037231
30.3041047800224167405663337 20.7523789836592593269206192
25.5764860652618602878348606 29.9556899528865114031704864
25.1641447520090562156263068 30.8911932255770119297296189
26.9326110255776385708168364 21.5321727502111086767341727
1.1257569630394516193358859 49.1806127580794604190386258
10.6403967718096912533223331 9.6323391000557025221228717
28.4229345320067867467953204 24.6198455029526158571463153
44.2099709434735707026188623 4.5253142628134232978538362
37.9273830219821491280746390 21.4712276571196604046739215
1.5051893643862860043611806 4.9228452115964816645991004
26.0539630599637778797899701 3.8328851887374471634276431
25.3234119342941465581562126 9.6552994778022701537563982
39.5947927379818066438382953 23.5425654514596855498331346
42.5061642873323092386079029 19.7920690575370466862172676
48.0906593800423968041936216 3.7132843134804847665074700
12.3785246875110515320647656 14.8920155305008805923029479
31.6008921415741611709800875 12.3241071017983459282032807
40.1346946753690776988742527 7.3284570896540700740737141
32.8349416351146497069923174 9.7655828202219704435322376
5.1601451659691317572621339 1.9679689698075530558430097
33.7905254204752587893353698 7.0142990960049126775605371
31.3097368841727268542470509 7.3620904805546845320155675
22.8383139725157074958711949 36.8362785157892110837091534
45.6779470828185454982634706 16.7040459260392579108487353
2.1968709931339828094024993 11.0078952502068490593542515
21.0180438781997869435251064 0.8612964263646167163491460
5.2915049203048286841648123 43.6978257545886347802421388
12.1157660365520633366207262 24.3147735615105308810104556
1.9900996295825109351048107 10.0766811731013675436830928
27.6106283348938198229043711 13.8979567905630837224431837
27.7276218132070714569906582 15.8170474041068548267321729
7.4906765672952150951774040 24.3595928653205198211031350
32.4216640153233720519691896 33.0807451922940448099993424
29.9183532205720969859682348 27.3110259889496504465444179
26.7232778245692964823686636 13.1858417369117125657618787
34.9063148504390652961232646 29.5558654679915806143943576
29.5933895578128788933348769 27.4450595641461791352531556
17.8927798259234330968027084 6.6594616975418815907963987
8.5879844644410626883620720 45.3017275922068887458109410
23.9761598238801449805359948 3.1054404035105254662780011
18.2358401669446930869370578 40.0056762648208029034983842
32.3898432449003154143191026 20.1220787835349011234411988
7.1153484242442688390953194 19.0360662113159451057517161
0.8858740405033800361949792 22.1633758074974268074021561
40.1971756897151308409063800 16.7387892802966754825331202
26.1043669141367899692551945 11.7286839846642848112206100
11.0467133615658294462424327 15.8262479415496006651268080
37.2291857182589958022212724 29.9580995851769679444896155
28.4376144465260067000123686 0.5496222254743358008942211
31.3769759532800796274829176 16.4007737630662913280929865
41.7060486763144978806284107 20.3372934238773699999282507
4.6200881510666872224273676 32.4523463785960043716368219
24.2902282238043988258316806 5.0975300720541316044266107
1.5482679180567701592587823 9.3596402951137045522764720
27.3743283506941092943228485 32.5522064897048833836558498
25.0231978401289556169271626 28.4840230630043826077611273
4.0658905120996911825126957 36.4687336542361683221186936
26.0485408786377384180418320 18.8672604819549432808833532
31.2783044479455825107495496 34.3899356042087928316798856
5.1452345013377630966247249 21.9095084820779021583676344
36.9695081342771851106870956 3.7088365169703886040256210
3.1169631171649824441333944 39.6015724552224460773535046
14.2378892610205743050610802 5.5930769162344803681563756
7.8960654726602326453043956 37.0897849825455706540595540
14.8779982117506904633129277 35.9185908578154448837040928
18.4299838004672349871424826 46.0199489038668457050065398
1.1261113993396659008453432 19.9932957042173829674192039
26.4694429054878581422393778 2.2064886750487740700211067
44.5826483619992817120418941 21.4333260375127677782652595
14.3340390216018689428777111 28.8450225398975019718107835
27.7767238234906866677802012 1.7186080511637691503560880
13.6572014331561565637144160 45.9834845244920235722855087
17.5720144184655045533298173 39.3855850442422705397532169
37.8616705322013157516951598 5.1472229902189525840557582
35.1063798120343990176576766 3.8134100872032625777833536
24.9337434063127172621155721 9.1546949565868711811135933
37.1300671084977359814737776 19.2836230132839553897862858
40.2425439984268420535793901 0.7332479353395792229349618
17.8251679787376750316627985 11.9692684208261044750486799
29.8719173594326887607368857 7.1880841168717537005692490
34.8245253777933607910559463 0.5024263243762033095024036
17.6901359794788357784332233 21.2145961316153358322728846
2.2587432671635529473277484 46.1074622903174244788144832
20.6888953881544858012373359 18.3294737408906546133528453
39.2625841010124632157787503 25.4548519876058864048791484
10.8946615120050246084038275 13.9393812824973114385670678
1.1871375944267519672090083 32.5820610817041263577690662
8.1094531068559168986767013 48.4740834911574673379866346
32.9579741833984498644196099 0.8785998670847166827031604
23.0519635952273360107140586 29.2763893676169294298404680
14.3196551979085435948377293 39.3757218983095067924110678
46.8638464640405457775954869 13.5749730973889754707942708
12.4627660314929667152190957 2.4858525387208810405601224
35.3821034951644142425739857 24.1372482329173998467192329
24.1679121068683816714534867 3.9258151248733938493768749
11.0428283718509736603177845 6.7864527958163220543220154
6.1355163716826245564949131 24.4510825701606611313174651
1.1935168592406075151681775 46.9156212524859190515488663
37.0884882486651577572244682 3.6666114368209919676790214
13.3540497577459462512142470 14.7366670271009867260505625
16.6799899627571976303744634 16.3026971646509811750070734
18.1334243271204507677697737 15.8486252455093475626807142
19.6906416841069965104845048 26.8100471851152843927789938
35.3607801127425904047350827 13.6240680348517092769417413
27.6098435161818603282601964 10.9405914379411174195927703
31.6277475143003137351342587 0.4307982958071280767640315
5.6591694047819132294748224 28.1331441834712162329252631
24.6777233475297204178739763 21.4361836711385389674243420
3.3475123161607918392954229 41.8305410112414373351386585
26.5960450003168563176773374 33.9064948105981717420200103
4.3683576759563495849551236 13.6351549758304265588133599
16.7365003193373827811046778 5.4671342640198332879024650
9.2210823230120343955073787 17.7192449272601619898746719
3.3997593545027374414543769 14.4548136041759850167810989
9.3025192278999016211557122 39.5785691506723448680220816
40.9321966591899439144722115 22.6948292933302231172050349
16.1759301360018343370397352 6.1105878796714541063347564
6.0729622620667334417034790 26.6105078749638542859798205
22.1029644925234087453961726 36.2623628662315579684250336
0.5312158586679336175832650 15.6913291250773173620830801
40.8068594118535198954801090 19.5652811107129713103076067
20.1778402268422062340402237 32.9219495744105115605434736
0.1684847218896183269269837 32.3414843954090916424651582
12.7005962521445640928269618 20.0048707778883553613350627
9.5036423717575895060238892 41.2574936426067183233417071
10.0248079174107013771570617 46.4758348630664161012441314
1.9428191667783402128447085 5.8928307022345988891242299
26.1613140820570917567929497 26.6568123656967152107311669
28.2964481053739835714285717 22.5568398633291958637346621
47.0881458334203801971186944 13.0845910127345932285614691
7.6681527056621425819004033 30.8820244492268732177137649
18.8566138399095447789788724 12.8618861172275900673858582
30.1679968898707352104621128 15.1621886168438640564660469
43.6340858425182466889073033 13.4002445010435802127496733
26.4872327728967064610212660 35.4108246166957632810108886
2.8651585198291967158097250 11.0132132757088730851964646
36.6182706035218707076530194 10.5641969882829244223769708
16.3672194234370046192483428 38.1918070840470501830758884
12.5269176448741949553942759 23.8448387354274122555940282
10.2722135382673171416952244 25.4751178412237701867036512
6.6622494593386973248551954 15.8465905525933632983783129
13.6610918103860582195411452 42.1944850726751134070704431
6.8235263541727330160036049 34.7769965364162833726025113
24.4940737028965302021076620 36.6475149694637912088957209
22.8753844698426584141296070 33.1921193260822277015541783
6.1621972784758530387786775 1.0135702743987661535516575
19.8495150726957182591387526 26.2963258151937548332966206
46.6108123323991100775160420 15.3600837795199226553238833
8.3047124005300399588066818 35.3274928624220739670833513
32.4497925887955034187288328 0.1046945278055179624014003
17.3584441710290193689208400 30.7194468693898956499675872
25.9148442738711355110217007 25.6499677633522264676988507
22.3596154346996909795952770 37.5172973122043980369793966
2.6822903232072602155351535 41.8067616375871510951618104
18.7202122227991311702560747 38.7046980912312764227148566
37.1481673034795266742490593 0.1169016368346994030214390
35.8981074870843636766190134 28.3165301342826528203954780
1.8776697818101593340198244 43.7832657095205381008061121
37.2805190091864310081008638 5.6269798654064125268606680
5.3588758411651240650135078 16.5614748654513491669702153
8.1097690662753288043053589 15.1073374785792013696922057
1.7858741780056649193470531 2.9682744853420464372111905
16.2839942188347422349469064 33.7169324269121002878697592
5.6091000389101253731853184 49.0003877204405233676010242
0.7922399146135741676738672 12.5248694970324172520582289
6.3143311849717180956079785 41.8644147419558901254201691
30.0441417886884376327335678 23.0293192296512561794758636
5.0299130962524581125852406 31.9170796634677717509970794
2.1026500087648332602396677 46.5948372992184751830143320
40.6456554589598050954704885 8.1811180355456915874413520
1.7113990456466812109428994 44.0519138438565416746721605
15.8455992012800245699693942 22.9110668881305884811000193
5.1652582415267017040679290 49.5310014768361057139858696
34.2359613744563153770834220 34.3714845295738607100429133
12.5151113052539475223908530 2.0909301798732625204679093
17.2807134207578880793510210 12.6046397675474331737293312
30.3864813417256330411304421 28.5772943377948216140353495
0.7211374689130201761367045 9.6426117183535769941979688
6.3007012341194485765408584 3.1306810694105616060752611
19.7568961099662939730249836 7.7243158985115776300808706
7.2052733874937760231401636 22.5296257272834864497776925
35.9551257906312431062437928 18.8342488403409395253947776
24.1489921381815920408084537 28.7632783025517391982721630
33.8788515197168743496135757 0.4726729365826155926458609
15.4770138689894418792129999 16.7619223748085788348505343
21.5058396767571355899787193 26.2773449914107293131687991
1.2159522106683645432518554 7.5512555394034121650379152
41.4470361134347599095715969 12.2532933292088797479717205
4.8151474813058123984190539 30.9081600023889207742128193
12.7472693569627656650833267 17.8046938738366989858641564
3.9071274407401152030072823 37.5863586313148403338807495
28.8366873968656722812258520 7.3787166889269096846104077
1.6839514809361120777215606 21.0752059873647041647427503
38.4119209822743930597547612 6.0847618237288652823063243
45.6929503705550474937819917 7.9154460666467400248297510
13.0021516497440480210215216 7.9021549261614790483987525
0.8692060067801697104082141 35.7735164740311386622145097
30.9332835973984992252118702 33.3261453799103049297432136
5.8608383121019205961043711 21.3342582312907778862453272
18.1659604801749202297635507 32.5422476149500617378129514
39.3094736370420634790717045 15.1084506941875084436656975
1.5065607371279610519446787 29.5758393751613489965829153
39.9285903732558232219875914 4.3252365027524679385822378
12.1758054742934164584669223 37.3530421927340005498774698
21.9013910244850044798662193 41.0283934756481500464656088
1.2846226278039570287919426 28.0062447447731566825357784
25.5767751431092606012296841 7.2683267179474163956882311
13.8928251638123246747117764 7.7774937459147502722794056
23.9085906236513696253385722 10.1429430832796164536332098
16.8141957034099543965435413 0.5318109132297201037339615
4.0602201207408503742378342 15.5085335403168005144789083
39.9705651472245653578961904 2.9755540343735752525930967
10.4374528280737626882798547 42.6855898221136803030446214
6.7615817983339950962489623 22.0744424977039548533055850
4.7838753651357707654427515 17.1351841685710251935028386
10.9025825334580702793280285 7.6245455012830112861525756
27.1916161409629677319496054 21.1214585585968045038349750
12.7614014296681137016548765 34.6936108462475353174488984
40.7484499043855346365997717 17.9461369210697407164110096
42.8336514869225778398392770 24.4699468797309659481024553
41.2442542236153498936089681 9.8189354584795683631115885
32.3261847371320644881439841 7.1075861120924844373587559
22.0804520401400373214457584 22.7146128671187276231067986
44.0574111215854493756816351 22.9007538143092301940739180
21.1182484890895962496460366 42.2908924090408026607383781
10.4298887075677907196698168 3.4230719460376347924749325
1.4622033942074441734171869 29.4510095112878639947413148
7.4162885449051338960382508 10.8857091738990019636924300
32.6971882754434395983541481 21.9634669139506313119499210
14.9458172227255031122450054 37.2709343529898875661983802
21.8346297861912086834368644 41.0517836652680860413896313
40.9748504612319209437939677 27.5056654105964547104757142
47.7889950797660220411502540 10.0105918539364562712167451
23.9729152477921698305361503 7.8612552764920239914101609
15.3306875475443458700594056 2.6400794153905162191475150
45.0259288273159522744157579 12.5962587000060583397574537
12.0733906611523776722657936 13.9546851610202425501149173
16.5317942531862526284594005 6.6105808194377286295023799
25.4669397351636438035885576 36.4065238731404170844987494
11.5400866645997178659019610 11.0601265713158888248144729
45.7580716492395928573254063 13.5903965704851970862884846
10.5214568137639838341359980 19.9949730311420884696169017
16.0199671918865521924233723 20.0589294622339827262586191
35.4838769247132827683140818 33.0740756241470824616890558
20.2652543381070459982331088 2.0783326518710985684532827
46.0055381419947456857709373 9.0272066701425775512531848
4.0614072364940480127146315 9.2738865239636062713275735
19.1869199588673772323265234 9.7397177829758847266265768
1.9171603366660281096930052 23.4909449840468231801641778
14.4901037309509160233264257 18.6020669245727191977317105
11.0450256897569502898628539 43.9204668407863010556759638
5.4545198845635092218737226 47.4841890825662229928307937
11.2124335507586249923955696 48.1744884131614036267896597
6.4000398951692000497215299 21.6110964400291966037347194
8.4164019736717946351801230 40.6406714735075891792626908
36.4513540152579968953756479 23.2335703337720934844474123
36.3736874262624838083556679 8.8856549008249519415963505
9.4723573378793538670025849 3.5741357645622753151337859
2.0521622027991047586322754 25.3532765198781107372456410
21.7907220288070599576769640 43.6424613589020976613726780
19.9225411069278500685096744 12.7903227419314964877590965
11.2070017970919946731471479 9.9951543619884531454343924
37.8170435306351987606969838 5.3731944504216912559770583
30.6511816243441382920168550 7.4501721477740520757069472
10.4983996833103132168533293 28.0674830380187442121295912
27.9966903929928859100331093 2.2771313178865744763010322
1.9816704428271748080345092 5.6633013566315848048982810
32.0914216752898153497745748 14.4962289875242734170474700
7.4962239186166738430148215 42.5594481515204715048693896
24.8554678678421101478093517 37.9434542058398840614448682
38.9427665990073334270130591 29.9075396784028158434490160
9.4722271412783761074395351 26.6603997153836626920802698
23.1534721941171010317436320 15.5214923688492736184598056
4.4151608168148170848301158 25.8748208682043462222007868
13.0688429401633714221377166 32.3219019274135847608470120
21.7710934682384328870263386 8.8045152732689290075287840
22.7623745522998105602720986 32.0214663115356726907243690
35.8720688006705440573132746 2.2791840557442821153051975
20.7460926232153140689584199 1.0486376251933403880217829
43.6373109713178812770631706 19.6286803222351162952705024
28.1008816075750784480896337 19.2831650119229305624752169
1.0181120478018605242250170 31.6774911863001029242368693
17.0267185670888654639685297 32.2426868427113451692260496
31.1153337509334177571527087 0.5796598727044398535375380
5.5945467953040354848408421 33.6779014511764575666420911
6.4529005410962407475431864 46.3234290031159053808981469
31.5374821001684980886950578 9.1316604613592362306205859
3.7634644919043936742934903 31.1100680651485364756462944
23.4364455963274653959174187 1.3164413433127033601574662
7.7109187025306314170791497 27.9202745825137494072909425
36.0344212756632131344063567 6.5207732155036929649364238
35.3287916790678945475308288 13.0910839313260495307787610
3.7827898543953778645128915 33.8997124016927818528075044
26.3456621973390519903745317 18.0112765617459784420905253
1.5273932494770533722183598 13.5892262421909779534914131
12.0214627464880200587346042 4.9984431010866483177355243
1.3501652880345339771679568 47.8662412739394717548293285
9.9894566374692319312843978 1.1003436227478696894278000
17.4421813693859128885777151 40.6604268186826460008948482
22.5885498895745817071372129 35.3377618686611242573145709
25.2525647096234995438183338 31.7381155014956396854086280
34.9509570001285848057456235 31.8108567123735709672657279
15.0097236985802207948403182 3.0345006990078775012154055
29.7689319212105978305829758 8.7069335744754998559300914
13.5089453164785533591735748 25.4461862847144966393332685
15.2609178716734303201213869 31.1304414635263162974060204
23.4731240472390208479342266 0.1115681985568009616611083
4.3522744689982298577998174 27.9831682792800675450873285
6.5523278151408567047000207 46.7233025395565488505654029
14.1838027697189707556450762 8.0820627929825225931021460
42.7078437320265696602748343 1.0198449690020765003839452
11.2206452321065284405794240 23.1753558888575652979317350
13.3029721001135934344900585 2.0077184323503456395860549
16.0040894413542293881892302 21.7225486799577473037213246
16.5770104886856848652996376 5.2633376538091104542714065
37.3496308881154892716805633 12.6097213498764265166884680
1.5534983641454476160307661 13.0608821613471966213291720
10.8387461891077904837687684 1.8765876073611242114367118
32.7022283232267229074995974 23.5173183568099005121126271
26.3955571121296074657201800 27.8078148141903465339444810
3.7231303648688420308436696 45.3446612104026156347367716
48.5121107349182374225271177 0.2740657640616758970238886
40.8742696484894605365845444 17.2567111786276724538961157
15.4770927470189527200446681 41.4422441489378483679194405
20.5387578347365028020804974 16.2529820834839390113734807
28.8515651488474596992768112 40.1321216541290109331941371
35.5679314325358706285531639 35.0203120147497659303057309
3.3853268876704128955797540 19.6606093970562305057616739
8.9281662796114068750822199 37.0848735589540578612642370
31.4079552019893271579477270 21.0841255457709595636568083
23.1407436346933935857310521 12.7281571342200669593707980
39.1784307651595200174723090 1.5970481456743960211602902
14.9711735695105063340470729 26.2747780571328526753754358
9.4141549005746913738170994 24.9474184537796520036278144
8.9539083731270795445906383 47.8416923284037348409968078
10.0526099027264127873652722 41.1514888447988824602394135
5.8217117626613970824135926 22.6408408004758058500914147
10.8142777554902658508214939 34.2717288246027708004084295
21.3892847572647762160079289 40.7369426635411693752306858
41.0804676668689048927418647 17.5611837947029776464432831
16.5551421844868478273473323 17.4907766337411112722658424
22.6753662541600005258346630 44.2868802834394947905311917
22.7841470067872794395205307 17.2302827943451425812270668
18.9519413770623857426849983 37.2400848285874703644270335
8.3443620552215263540942985 17.8008882332140714097963513
22.0033966532255349684591875 4.7802233965394678874961324
15.9700555464350526723188399 46.9143616160742297188234002
2.0443344065056326586687641 36.2052578617302111693746557
15.2052533884954181382777881 10.7377963005287358079434334
33.1160252244546109393683226 3.2138564581023115683481237
27.5988495189636650404262641 19.8318810310469307938615541
19.8654893477926795399391447 15.3252188556227665925392078
14.2818143529689676787348282 13.9294572323306835692143701
43.7940912987897431183051374 17.2938592371184897055120357
23.3579906861211889004052549 32.6864539390108175587122404
7.4806121853014154414455900 40.5652615094876466115822234
3.6762629076485850404087309 39.2426437824192366314182516
2.2596207840685570460370036 41.9212847359453596158480409
15.8238929076152864255379220 8.0376870583721183055294025
45.3421337652554099999019392 7.2174029687752128458811779
3.4883618635557669725707852 7.3028303765656324195793833
7.8319525135816381089068938 20.1410158588141293567263885
36.8623470071032888616853701 12.5764610732870000891823490
35.7442096484183777472902601 8.0219372105442555797022193
22.3682831600532569605567884 33.6252867418506615900552143
18.0806441618265817666810795 35.9665164659215550292494090
34.6648963919632894169643421 0.9192160434035730268894855
39.6453588212768205302736268 27.4817307302907724173637583
23.6284331003595320420962465 32.9878333514317674169083568
40.1673148977308922723569707 28.3211372283410596674090735
27.9934782832825159960792419 38.4755139485282270492850080
41.8192450101690281718449987 20.5584714115483994277572877
28.1644967587324891040130640 22.0966314701437493889866251
25.0260547084974282466881430 27.7073381205646260057548572
2.3682270146959456899734470 30.8203098752570028250227909
7.6632757797391156933560836 29.0993849475150221494755280
3.5990356070452284139157907 24.4140726364779332817273634
11.0075939533893454020559533 25.5897025257681790349116100
15.4814234569816457992163172 21.6754591126835988747112621
15.6880931108626740638787975 34.8766932857016005531032702
6.9712458260817197973148294 42.8124016101916221400233130
3.4347888189434473942223489 43.3555328161154199619859224
27.4011276362561089103120355 8.0733019429228401443286965
12.2278161084417765587449219 47.0157475024925218650121030
23.3056497498429448664652585 29.5778073855660484346591003
36.2578305221166258476909207 30.9736940940125513966384281
41.4117741107437490340180154 16.2500758459994202550406152
3.3874025284947773228755525 20.4945237590422478523166832
32.9627522978539740642985971 29.9992826739294310195543800
13.2629535206778785129380851 27.6060512190414199264101149
47.0074920726073057415930545 5.7267520501381328050671339
7.7216085900352488519550712 25.8045879793166598086377191
26.2555161152443117721761117 29.5997951601382917987735995
27.1272623429165322529939801 17.1642546525790817192508933
10.1225613870674704553136537 27.1022831319623455921682353
23.4297696346093914719768727 32.8031384911434305646471180
2.5528616268508001037402060 32.4265770243199226002076494
2.1140994604655154616682736 27.4505115338723590866453889
17.9824298250192303280316538 33.1682410988020112909285769
25.6069447128052083671884388 38.5199218908260168966064464
10.1131967162675458323309791 43.9001509357094958960943120
5.4004334331397799579123982 24.9065316480281149923005284
34.3658211939349679437097746 5.1952221960653592819581837
26.3873883771294859366071290 34.4848623983702697690204990
24.2420865799993257586564485 0.5667788350111475660980345
29.7544764121598020709330855 13.8986018519211475524046747
6.3197666771833516535247265 42.5095348027470526250405268
4.5994723662037853462244420 48.1128346073324571054589602
28.0446684159456656130870702 39.3572937768802852768626507
16.4602725979621745454021874 9.4899644889101437028905742
42.1214770075686606953415615 18.0216862335594075546941429
21.7717565191364044203292386 2.4475739154194046492684696
29.5108539606551420075258060 28.7247192938918851009964640
9.7741617020754098700416430 43.8687333190927946887405552
16.7454796940959669839931522 2.3640875226225529911027787
44.3563566509983558869148649 2.8308346206435157860517370
0.5043440921953899599935032 6.2245993474815395536823989
15.9806366500340051518365124 2.2625764649155903275819118
7.0103716123562573833057239 36.1988216639253262884729104
33.0658335156869983076094524 37.0358023257613578251264002
8.4915466151262782072313694 16.2909065457738553441888152
37.6781952151284024574156584 18.7177350480947656259876323
22.4263087210905366737931580 23.9282401598266005318471794
36.2648741233042567403255029 25.5119365164798361312432145
6.5741269884984065401525689 9.3957891812820530143526759
9.5122283791846836190453050 45.6346087006586868885992406
7.1888514196859084235910421 13.9398857694631019867305641
16.3335333301000165887031380 22.9284907692266536265596674
19.5570665525728175305818639 24.3930553202799417207263952
6.6104474419200297937764305 29.7708243859254413883183231
45.3683213187928624470165686 15.4988844990458931531496406
19.2113272709011268663560157 5.9097296461285486470172029
1.6603094013200054953326618 34.0256281748315177954730626
2.7496731488603078713620558 20.4068443806100662680971825
26.6800978114768100151290993 25.2422736846352716308769019
12.4528713257205181165202012 35.4108174961415950870786691
27.7172361203925758848322424 34.9321459668083533646678063
25.0564058670187568424054704 34.0099474422885284793249983
21.7012069311966693474891183 36.2085296267244416922010737
23.5180509970947032918604643 39.4068684025773967906725583
27.0020497183101159021549291 16.7448293813316769327831403
4.4856838612427851802659003 32.8995234053167709037550306
31.2035486843665009486854857 35.1046798803573995467190465
18.7717716550205463006921952 41.9299485920477510432944294
32.1103942353653316981418673 2.2186892638260264198676705
2.0635323517610721516345080 41.3550702361056983223560499
19.2847258948673520543445043 26.1361693283432912396355350
10.4143004584631240776760405 43.0876124421028318788282666
29.0171925300760050900036369 0.0503753163889859872233029
26.1041144009865861358414760 36.1811444172265607633924453
16.7292787516207248763856266 41.8942863938577108809689220
6.1629881693153038362602790 2.4530749733507126980812337
30.9718352126334864221575236 33.5819210820565838709779462
10.3918625777727623043724442 31.0887309513380754807742292
28.2276859426634803936061457 31.5942676180720881776379866
29.1797469855037591161767781 5.0539455737061793839381661
18.6646889019274356775420220 13.2713747665517612495329121
5.9389319722996032565359260 16.7698863153092825162214442
22.9400785714886701858040420 40.7829963971987513530959489
1.6729243448201159558850544 10.9179358917566550148168940
36.9921274883047107353383580 11.1616532775844194433207923
18.6736994370749592185581169 0.8904770259733550229853644
4.7428452074815224092792962 9.4871186003901919518951245
26.8727571680715013662966696 10.3612220411427214075680512
30.5848825058680259527688871 23.9492163149913525812544374
13.2884467968686973703502095 39.8172975191284178244631151
18.6930529446220356411128798 37.3104512383535431628318489
37.6863666246214202256802275 11.4559054916938234018041401
9.6434418967754503986454653 11.9584291770916092781428663
12.6601153269226563869608500 9.4984988239730830211849007
5.1389204772445911855962774 8.0368834960173600345687429
12.8220758463802133337308605 35.0299068081785386852849368
28.4560377804590445352020939 28.6138762462740705536720157
29.6214021982174628368348675 31.3699303762606024131693068
40.5460903168884540924243044 25.1200031850062539039064874
11.6712545711725837157438303 11.7805694571562655422080377
31.5382535656008031353426048 6.0281474792732325390906561
32.7905549225251701207096270 10.3334170472724236478600144
30.7473920303216158591035207 15.0531685479740371268861413
12.3200738214204184991592380 37.0569262221619143033099319
12.7498286904171725444213549 6.1596971001028229901700859
35.6262310073631884733030207 10.6429161516002602139433904
13.8624066137665864709212598 21.2446153854241475534098504
9.6397533360488525663148700 25.3786358108574271278975135
32.2712542866879696304318122 12.6714697949339461949568347
3.4090254835418279609785150 43.3056410326941402967461472
0.4110245789911222330554103 29.5606335993575274841103012
2.8524634370917742775645980 42.6305460009610313399181867
28.6491756063334210161465861 24.1707413431501942891863344
31.8002861932154734168045784 2.5964972616179155347149455
18.9118070301062486971660798 23.2452910254103695397556911
9.0969512901594247136351792 2.3969725122468088476750170
40.9842906608648588602302971 10.2365970432436926409296684
22.7720110897771197597966253 39.5213298223512194926659519
29.7059444130273148998880506 34.1475748264811809554086419
28.9666596771735847392245857 17.9981284345569085490108851
39.8253656055846257584766257 7.9649390695420335291770401
23.8336560694743441254093641 28.9992558242795043927052413
21.2180621531021824901415693 44.2017402198951073802025333
6.1658313674292777825670563 2.5460800357461668916944775
37.2744453236790601676708064 10.3978712154007871943830799
23.8031239695365326672367815 0.9546147342647607884770848
24.6635841823179083398229038 27.6443052956973015823013215
31.0099599609388799318658344 26.1224497936347375078463703
39.5544128917875637572825332 20.3334311119886940258589636
44.7357952163838063952978713 1.7912638995334396953909421
26.5333913420282502383005574 15.8265329080876172100183343
4.9576234673810314070415497 40.1549744061140310350072967
39.0415334501598289775142909 17.3999616626029139293342651
1.3141351357326329939270389 27.0605441343117299529910212
10.8329689854254946687739354 19.8908718501932269795041648
17.2997389986597201252344648 27.4448361368446137793016548
7.4842008373891094010670248 37.7092394225291177990848929
43.9160290533480638137172734 10.0191013661649696915462926
33.1382098419511657976269757 10.3372650382396063980723171
14.1627510416817586130646903 13.9074254602116153605005590
3.4943247866704158208726661 27.8709471364943167222349542
33.0907381459275142884931306 15.2480506609093378261627732
45.0767654112118771739759865 5.6643817017016540164954923
32.0298585640378162774980922 31.2983731265338032404085904
32.7057741918076195599487623 29.5183389524968130378534674
15.2304555711505860083198216 20.5434472057444165677150922
16.9808031200751814778550974 20.6555640299955251997187469
21.7901514763316332615755419 8.6422970695598252742817535
10.8544616457616004321458092 46.8314067948069478940825663
13.2705013089079502108042085 41.9570470244305012649981538
42.6186549969757223101332393 10.3995310590793609576114441
7.3283084645286485537990433 47.5478274482516999192366906
19.5886121824810235522048641 16.5615902848837566347167027
23.2687921286902100979241704 12.9252973997430527605875242
4.4833424083020618665528233 21.7347565169228493012381830
24.0818972772294695609024060 22.6177413445500313618526969
11.5868857156779186573307568 41.4396438137662931187153948
6.3997201123388446695526063 46.4816478030171138355557889
14.6498593377621978585683033 3.0629432550704783829626577
5.1337928654376141300442905 2.3757463700449699262125675
18.3137062805185636686867173 23.2939511949109852205369408
36.6910134314201282874852488 19.5772708357254878878414559
40.1368032494740350096463704 21.1195886539726560122269457
28.4575697849065627967645565 27.7158207877229038276838602
46.3527900794539241808721001 2.3278427459942111010837490
6.0832107336474981749604201 44.6933389575005446025116042
45.3697839776403739439710501 11.4927238643520365609270635
15.1099906344199176708191391 21.4869305166592460384240694
38.7351031864574618445586806 17.9190340457987016432078003
42.1236761860341128824449353 0.7719485566684954792433533
15.0788495627126060268444902 13.3838819430343844468624885
17.8347132323027820244753843 5.1887381820172862735572745
16.7653909587887416704658723 10.2918252025073141199793482
3.3072499977876975645747081 44.5035065747872644469160131
10.0247991229547465589691916 47.6025566807540889270398119
4.1941747228070174982757501 33.5247505344121342043722903
12.9069519625815568254284075 47.7693478188221876684637475
17.4031133530616388704885540 6.6806920016183713370000213
15.4274049270302200235888865 24.4845906075115679396525614
40.1897465633997367849124011 9.4225405899735474090307860
5.5478440812143491309524995 38.3173775988197672786813635
8.3381871556744716396916352 36.9726200715738465292255785
5.5957990718882242777021421 19.5623882168577486745206493
27.9354285149557000487598508 31.6561500136355806191094515
43.8368947713160043808229599 20.6960541362011216589774164
12.2932444168751351539337118 31.7470650880828402640679632
35.3541387879547840939301030 12.7116037761578703910198739
3.0391897107572075692753782 2.9602915231489484156883099
31.3612675412073080708083635 27.6852108211011628838606970
35.3409108292173766168984791 24.2903277409199639125550293
11.2966150717883153187902907 36.6454156467060020647580648
24.1913896524390217960959436 19.9819084845233495585800732
29.7222603168085707085758978 26.4591617716787559228894872
39.7341558972308994506523973 27.4444321335776764848046956
39.0993405605256193476984925 12.4996627047307219184469343
18.5471573338633570783030356 42.3674752001215985603332415
35.3218949982354325856917217 15.2270723953631589035008139
16.1011369194888611722061498 34.1284835569919916432050928
25.1344250945670791646414227 38.3504977173125704088562254
21.4045444240246500603335613 32.9294014218290226970928961
13.6574771889266071144276365 14.6107260885265172231389886
18.8213822944419134211073484 44.0426562383159226125043880
31.7234915660180718715474448 12.6538564422384791774101431
26.2685298902957142053039258 24.0408888646539155581871876
4.5673955743206227133044085 45.6687956669285991036855696
10.8986975569374611980411242 4.9717594031092669848004270
6.4366532173031199505266175 23.4428986125901545882855983
6.7478897400830289352570322 18.3838511758467570607818523
7.5577322551373304341107431 34.2181338351415184488686375
28.2440823510185839590197989 1.3310943425920414680582882
29.7181449322293704437244038 13.9761175505578010001854300
23.3175420006931528223540516 13.4459003062610411392460134
6.2153332927898942487994872 38.0771536759188124414880688
12.7575250093029444021104681 47.6890506891991917783103310
4.4725674027301954437171011 32.4499020156923628532360514
37.9084117984971647723074960 1.7182301695526572715719993
38.0993385010003873808232650 29.3843564807226900599500381
13.8560657252500657240567527 24.6781166748508256208679072
21.1277665995763044716165762 9.1168787703812273773369729
40.2592962847144929713274256 13.2169990035398664583369551
18.5785257596693986496784081 32.8913116278037868370278232
29.3508336422823574528352081 22.4059939414225978805742366
8.8884461995616414940065484 34.8639573794699647546608670
13.2656055088552307276122771 46.5136937953053751561177940
15.7844129368795458241459100 4.2839594113471279402837150
24.4184849797650645390105998 22.9942947552863194058795329
37.1172108805841587414371220 31.6830026425249811614232963
29.9985904406399910916631791 24.2916564189176474757318033
36.0486733169390651381756130 34.5107686394928830679006696
21.2992838439382688414594915 21.7218900590015472667976894
0.0333804742080221331820544 27.5408584787029042162134165
11.8508415394495936372845643 12.9637014315686854904499704
10.6848477164657145302634326 23.2343286814131431162959608
19.5104770100428765420076129 12.5634902332348862428859472
14.3202935286583350650289781 12.9394433131053288939346054
19.9695767004418928261399240 15.6274120187946758003501456
38.0014173736301058547050179 11.8064506772850217045754557
1.8286789305067484665517587 14.0055679416837893047885225
13.6090400978381164366002407 24.0892928002345953096420426
14.9175771318161887704764027 38.9739129741461126869123298
40.3490936407140845674924669 7.3451100994393692095854955
0.7678430860589499531952245 24.3394826772302510245538847
5.9676303674775136854453941 15.4882984151636294255859728
14.7147047579313503606929020 31.6777124156229513520713218
1.4632382492995353016111382 24.3384250481781756349740654
18.5444261178577510940432836 18.7377762810669531894048927
8.1320503491324028666269123 30.8118444290369537858680381
18.4186448772261199348590088 25.8215708446762008629511616
20.8042487644240137038438971 30.8736656934022316163134258
45.2711290980159960054616405 17.4935665371807298573730116
7.7226374073433178024971906 1.9649100423942258794306256
22.7442418614297683196605779 33.3796264531043808304221845
18.6427726625501204924425193 16.8358851104559956010789943
27.7116833435270828428377616 24.8306787315224961548183105
2.7581584707683061321616987 26.6156450579378037919177074
18.7829328403502100024174329 24.3967504785963983611497242
7.8418916671266098746206170 14.4915401210861725050487434
3.3992944915097923143537651 23.6102688879222886013254006
10.7518490548997872653728889 47.1210965693780364019529656
41.4173383384725116955187064 26.3078711597212868103421723
21.3335095682581479289312912 6.4328352614564948730073503
3.1635584821075225349790164 47.1486150139140942721998133
15.9840069814609090321669278 32.4886367952951962459860447
22.5331114263953001382460421 44.0653933313394306118454783
6.2316920797774678747401358 13.4968890423993179156805412
36.5107461204709076014522090 3.7370332787544948265790488
2.5960702851760249666284367 36.3009699467442064160850945
40.5001289593613393741842634 12.4394354484076564869943446
29.9686755417264160736833375 19.6692268855369326150110613
19.0619994967635086263689386 17.3821798168523082357410675
1.7131472393613473877696664 31.1217789744781234014313306
20.4316434218830254945256198 45.0616016923613589907998335
6.6331724064796874280539059 46.4758111691008193891026261
25.7071192959032404558480138 19.6505475116140029314244030
2.9504137117519122661624553 49.8075803360242175091326491
5.8754438932054300922994994 0.6922131592183282010036820
4.3144336009227267876912717 40.7048604309513503715184331
0.4238899765718798436251416 34.4647692185478284127501531
42.8613580442773662821533942 7.6748932631183805282511030
19.2046479644439224095394723 33.9216965460423265591512308
35.1094211532073209204331502 4.9323976205004311850345551
26.8820585234737653480116064 14.7768376028340882233120219
2.7546819842951447760453841 42.6487013537973951255494068
2.7601058638747483367686639 48.9068687979531585673719913
23.2569964624275226938105127 9.6753354229522035212475409
13.3669428263186776052376179 32.8454690859778655569422590
40.1226225583422678175847366 14.5662335228021170056947375
19.2687933922555645954855841 37.4127465071273308083341635
38.1488550792203424606495956 7.1529613548966052386702285
30.8978654976270554726863229 33.4413203640428586424663313
15.8472294492708132115063775 28.9372652263852307214854221
26.5280725844912988912565570 34.9250821753072062495910064
38.7825179579507971502586243 9.9456674407112532933662549
28.0983473004346697929822079 17.9717244298969737010299263
29.9758159976309100547151541 33.4805981917315032994338284
46.8458054344261118578074372 4.3555152622729914245228681
44.7192509993663203128975899 9.9593468689304301166850888
36.5232507303569917676930314 19.1455518616590800902910880
24.2305717648714183222968430 21.5262489056364857390856051
4.4186015707575053464119694 18.3160028433853248971784697
28.7303971688208509202515349 20.4343896048257539790410112
4.2422876305182872036365602 3.0826929233953122230958205
37.2423836242976801987136981 18.0832757535974102699684220
0.0085389476433268032018471 31.8904362950144215257847961
0.3641444366536479456276145 47.0570653444225546020737840
40.8566804862559585709201596 9.2861003464313031676274435
10.5696437001717137551935793 26.3302607668708895295268446
29.0535547403349328359895546 16.5798358541440799582289739
40.6624009119056816972715752 16.6754056046457828141875300
7.5977689768098978111318520 19.0072067010127787081944703
22.2817627884656299489878620 35.1642296522837018471396505
1.1637891217518719810053286 25.5469292651796412824107958
42.1898551286609726128246364 2.1251174608946739483916766
10.3639813664629162814563048 29.7083808080415157218709379
41.4545902775282659162280733 4.0021175547775916175698017
19.3360637647342515557064578 40.0014579495064289900876567
47.9456649666121022411745098 10.8955592288502989387962772
24.6329532828492463865722473 31.0599036148692279766686378
18.5124241795129453386900463 2.1886413588764269209763441
13.3760670792297043261685111 46.1582151896273750062699878
21.9353047220348735212058865 19.5663590571029484030854072
11.6618152057867558127012732 13.8745113826066251916261300
10.7547006103792089457697558 10.9241207784017598044410732
23.1326179781133952143409471 12.3240409557362691834985037
21.2122199474975526867526129 41.6298177379986486428166692
22.3615366521500530988622701 31.4557097925726323158808838
32.1479973255009527435458401 35.5458333417516544437378859
33.2748885411108546385672356 20.4763715676544983874877771
37.0070581574017056203719663 6.4790158615863780612912246
27.5096474287348427625564327 40.2022300170861473840833407
2.1097622199856181760780199 36.3118286977552447813306004
2.8855716382687871752986172 17.6117425691048183585767333
23.6561864576819969185165075 7.0274349715513479531405984
14.0836576246903836791908159 23.7413265827859842422065670
12.8867527044948151367100262 33.7110012419268788436923652
8.0246318533349389273876012 43.0535165069990800074466890
4.6789749483411907440906313 27.0204958028677843764709957
9.7015887799451776409702841 1.3708300933528704696243214
10.9814530040419301322422821 10.9730437855691831022496016
8.9610868785214686840634120 43.2515771036801658122437264
20.8587380232715017454499259 42.7599467735464760120899271
27.9704915536029587330446567 37.1369304365590445051323682
29.3573735277240114404831981 24.3442933673107347328001434
29.4186359992015141340357211 8.4583601215888609198123004
36.6436417985077743243978776 19.7798765350710398786071735
0.8934717822216563007391276 43.7344453283035665525502064
22.9846839823585946829814524 28.2348065732901427423013873
19.4779228541700197108973769 19.9777506563427013120394576
46.2526018619234937883242949 7.0849714891727938168825608
37.8011418809583332700047071 6.5630535953668610722660454
12.4209275026539419371898205 8.4687992049531384087093707
45.5457429154135431181122145 10.6810721504471191214178000
28.5648969334878575197672666 26.9081151918750339285091392
12.9934100998747611190905306 30.7110939885975496371150444
33.3379483851152685913454913 3.5469983748784344597559393
12.8479231987871799129029340 20.5044109761306286266321673
30.0056662873746094057576470 10.7312623046271133441207018
6.0507148879808821143396978 10.2415257332277645948151572
32.9407337926101646806993180 10.0701567616592124282125318
37.2847781952972769587470279 25.2951638644125950844246958
15.9478906655643341195420460 0.4059351169903634990394959
23.6385232508357049391250407 25.9464875950426048458179676
19.1042624639710719676516576 5.0524405694382933680685809
34.8790336448804638345590994 10.8836120841978112945467552
1.1546394565741411645308500 31.0188137704413540647095054
14.7697119866185580387459384 29.2208077888400629280561524
28.3778468987331596388241466 9.1486504683510995763320701
13.2252101906676040536424900 8.9774058286713181223953301
33.8981947220082620200768784 9.3761609728508398505634042
26.0095494326510010639475962 13.8925641373536220457037131
38.3126903537470099766826036 30.5554865426473091782905226
27.5988611207919048677199531 4.6155026633337566161590126
27.3651845693130289642195302 32.0101026784893661558538824
19.0867884580124529545123858 24.7122339410884221343265815
0.1743502250115776620949802 5.7852918680943325626357577
28.9559801667557910896964028 13.5849627376171065019782847
4.6345580570912802988969297 9.1389754138771101664756212
4.4025866497186774540081614 25.7898668238461222045151988
24.2848116072938533888911875 10.4760643945255380991330067
1.4099022425279382948364211 37.8353297285290575894037881
24.1702669284859480279003650 10.6206495378455293289033660
33.0436808036383905168498178 19.7386716611645306089543915
1.9303936403286907846172939 46.3170981430548879026799924
22.1022183290697472772597928 42.7491747865866214156650567
11.3355024132617464516965469 20.0999100753942957126930138
2.4659465837331799563422291 11.5939254545720906534475783
41.1792814266372547877233454 0.5165086502741440400540122
1.2452348522485829040967128 22.4042270601497308138853193
22.9309124388199865060572235 11.0532011075149998201594695
16.6748898762543299765984507 13.3771464675688909016683354
15.7147738941787422457913424 27.7226600717686954220372246
3.3533223206476516647337291 31.5476659899563132171621089
3.6218315344896513504475517 33.9320252318628387736946289
5.8017181797134599785408977 42.4716383738982023333270772
21.1898232838469076227691447 1.7295632972919656007795984
1.4865602611470489209620150 4.3920540285814355763191657
20.2034829838288822395734048 45.1754277823922416176434678
37.4119187174104720572992637 20.4168640560168294280254474
1.4628499410277918883833303 44.8091516327862983319627748
13.6712425698384349370669272 1.8966092366740665624150316
31.7539917257194623225699832 2.2768419977986885113160124
22.8838462387570698442660146 30.7949603234185691902284624
2.8199118182368900080405610 49.8853495260619369453374276
14.3313070688764547467638025 45.3609263320048586412659345
21.3935911791810598651071947 25.8324264531628222439574071
6.7129442879568405599006110 9.2971167028701767765019646
4.5605966848621223355683495 0.8372322724457171889017801
17.2234829783962299697699439 10.1415794673657875566344973
25.0734871058769592034518683 24.4094294147041025915849005
16.5307882264687955359715794 1.4943361775854365866552956
41.4971789874042864842748387 22.1016772233994078079139710
37.6466225678559179618979057 5.2184106041400660934341362
3.0688619112442502846414848 49.4831495215261564628681387
12.8405812410347240083104568 20.1151553161388029840140154
45.6323832074310482924469658 8.2271260358745491524321510
35.9923213884157095041060097 32.8945709969440558032331410
24.3696612006736804382679386 26.2415627005020383546742770
4.0438358778890796187613234 47.4725962150027882457101939
9.0462631532766900032219853 33.4015736599590241136713672
45.7148106213111049906132776 5.2111505310882531539010233
12.8510298936684991440260260 34.4942173512030651433588621
4.0347169279607500558912393 4.6605857261965440263845896
32.8028340217181436773427793 14.3169158740145803741513458
13.2242170967111118993310780 21.8430785874851791806093541
28.7568484404711899240345013 18.6291080777306590818490098
20.9046268370705781339523707 37.1348431638377672618937532
2.0042729239023108020522160 46.9146340713269560705225137
41.1207450227873836632081398 20.2505389748250062179347235
18.2413067294543259942446977 13.7023621613926232163208037
4.8373647246624908398829306 21.8540591772007193900643471
34.2256514335156336087751695 35.9945104696742507898381529
1.1813896815216319693132487 6.0086869131611622843802151
34.7960131280575807594614362 17.8951800882819978926729109
18.8308223870790419776303333 11.2427811606507209176533615
21.6747675389992301470927852 10.8491682690584745232142914
8.0629447529984194057542135 29.4955746156960850871641314
29.0382673783154019373516419 15.9930931237663827197487899
45.2602648886657834193531785 18.7885183611642799389497655
43.0132434119872461392014636 24.3590002089809869949687454
26.6106856459074322120809662 40.0108911354733031181621722
4.6533746395771257468512345 16.1662025368897458661052476
28.3786030287476206719091785 20.8483785973095848010196897
20.4032515780904745795876523 23.2531143084350866633670617
0.6904323287902023223917634 11.5118766150163952301140698
43.6532289792838276895069272 4.8883125597914284062906892
26.3509042551828142012802549 36.2716121082891524674950406
42.2068122950276582187648832 20.5811806243544275075797681
30.6221445113795118951581331 24.9556459648751555750299874
36.4648538541781350947617788 31.7933079970208511533555981
22.5441275522495381191782832 18.6349755274296845243469021
4.2554944164950867622349418 42.7362933262956152346984534
33.8984815478674466897528961 33.3300607372517435017957465
34.5043376013096070470134760 24.4836820493742728363626438
47.4910456213539712357864442 6.8993177771773780027563808
31.0399870012217937053031126 29.5130345265271235974775491
33.6023107842948996803793475 20.3072575685555996230319281
27.1127603032946197915995073 41.2480087851049051898565203
8.1071707795189864136819195 8.5891665458130167860000163
20.8663907001737537649110165 45.2724390678004257459446092
11.9661184886335204358935124 0.9011150403711130237702904
28.4987104869693679679817458 17.4305335712909881551481929
19.5815808254440471348097207 39.4406096856603121864062327
32.8702469776608950760687011 18.9353337342539276597145167
10.8574541244275192741719972 35.6035909696754022633747748
8.0474497500583914823200755 15.9761870457341958493845333
17.9588263995781387187853235 1.2167803210996252088646412
28.1971718572320710584928151 8.9676919691590475877776682
28.4978265001682942785984410 27.0069229044388858842446264
7.7122579251348321435176679 9.0289023527887914488535099
3.0901276148734287017977707 4.4666666904747498410767705
0.2325290004475444203035202 5.7832456513579695845133354
26.5121715373206745996797136 4.7015699905120520966763514
37.4758285681162551442713541 26.0204203104631181448054261
28.4260656523983541598486116 1.3995683354300824902016910
6.2781117041860624588025178 3.0141853675183904627008366
13.7302409700814651064586691 30.4217107162548698773722167
38.3788521951724736477332812 15.7341572440695088124921128
6.9529131230104514600720221 20.9560730840458048514033147
31.7815090717848884580598298 30.3469221029094619063660432
17.3857122582721166376510660 1.1122091856151244313432869
26.8954099355393880405995470 15.0876414458751362137443980
37.3410959613704697504391380 23.4124443918981256269343502
