5000 20000 3 7
1 4998 1
1 2 1
4999 5000 1
5000 1 1
2 3 73530174
2 4 22051192
3 5 887215003
4 6 484090362
5 7 289109891
7 8 297559559
6 9 63945224
9 10 637933394
9 11 645036766
3 12 831405154
5 13 692690503
3 14 906622729
8 15 763166566
15 16 853268501
10 17 335120399
4 18 275114937
16 19 935748216
12 20 655857827
11 21 739635774
12 22 534573009
2 23 168035014
21 24 706477910
22 25 662388629
24 26 425200855
24 27 634001070
17 28 737195963
28 29 483754206
19 30 641546976
14 31 100939788
5 32 962770723
19 33 88991342
7 34 280862043
3 35 139624081
23 36 380139952
33 37 163816620
13 38 760165453
33 39 903584270
8 40 524315487
34 41 974214893
8 42 686879756
31 43 34041661
41 44 295621976
33 45 821903076
39 46 515296293
33 47 434852979
25 48 764240574
21 49 787923355
35 50 804847001
7 51 785380963
31 52 893324275
19 53 908578106
29 54 816482493
42 55 217927491
30 56 505403948
7 57 373037768
51 58 969682198
17 59 731292150
21 60 504428469
13 61 215900856
29 62 847259316
48 63 652557873
12 64 457423325
37 65 740746517
46 66 964126323
3 67 166052153
46 68 217030332
36 69 254055362
3 70 471418166
64 71 233017358
29 72 109679317
47 73 376063993
4 74 542908499
47 75 733602030
17 76 720174831
64 77 382396108
70 78 889703232
17 79 762547476
3 80 56200326
17 81 867636523
66 82 381512102
8 83 141219292
83 84 486888535
43 85 886969743
53 86 548092860
19 87 749519947
67 88 881515378
43 89 747701264
27 90 81220588
17 91 784429252
84 92 126903608
92 93 144290495
30 94 226792786
14 95 951925841
81 96 632323961
33 97 978464836
72 98 230446840
55 99 211302272
35 100 7698271
56 101 68666753
4 102 118727295
99 103 953389124
87 104 130907392
38 105 129407303
97 106 612577539
53 107 112995744
75 108 718229274
42 109 861148390
56 110 658084727
92 111 396708880
91 112 605418606
55 113 815462903
76 114 945485256
102 115 303079960
3 116 961813035
82 117 560572979
23 118 271088343
4 119 490963222
79 120 938621721
27 121 978843088
58 122 465563884
39 123 849103964
58 124 709371656
119 125 612043987
94 126 414916524
25 127 195974561
93 128 562753636
33 129 127228877
69 130 949686075
102 131 918460178
20 132 316438904
73 133 993187525
68 134 54655244
82 135 792344358
4 136 533342727
47 137 795690425
133 138 48378
87 139 894797793
77 140 286035002
60 141 742235267
49 142 507195400
83 143 455652588
50 144 695234478
31 145 462134134
54 146 30576698
142 147 388559513
147 148 680608385
115 149 615335239
81 150 596907094
113 151 612357696
147 152 34410373
103 153 735668903
112 154 372573672
18 155 865023446
10 156 634542854
120 157 596875091
50 158 108209146
80 159 131109179
42 160 453369655
120 161 352962099
31 162 787092242
53 163 160684570
75 164 576535969
37 165 63915437
25 166 559143828
122 167 549250614
131 168 821051650
5 169 380015317
30 170 46837665
4 171 967269379
5 172 103705197
148 173 950606067
132 174 9746895
126 175 729419806
117 176 237122942
7 177 587674570
131 178 22445883
38 179 980451367
82 180 416804015
120 181 118991287
67 182 751265001
155 183 361442072
127 184 753315065
134 185 936890472
39 186 894553692
161 187 986461571
64 188 876790450
121 189 738420780
52 190 986090574
113 191 550854795
158 192 254191777
43 193 901621764
120 194 269020774
149 195 240569042
190 196 269550152
172 197 352896047
24 198 543038999
137 199 171990477
45 200 644206337
125 201 597278001
21 202 121190421
33 203 924193991
109 204 984393538
110 205 723237357
77 206 427850963
85 207 876322729
88 208 712000949
116 209 851979739
9 210 51029663
10 211 499924580
161 212 456160131
180 213 43146751
77 214 535537559
100 215 197166614
213 216 235667581
174 217 259294201
10 218 345545985
158 219 503081376
74 220 687764479
175 221 478021688
192 222 509952514
98 223 505940437
14 224 884397585
83 225 494075792
119 226 561199198
182 227 823542565
165 228 390540718
139 229 819424279
70 230 9964663
3 231 741244146
160 232 589993099
225 233 342645238
28 234 279311810
6 235 656161267
84 236 144597930
57 237 720977305
4 238 361911933
194 239 276639587
173 240 355869352
116 241 935392400
207 242 221126088
25 243 678107917
173 244 127515587
85 245 4185580
80 246 192630712
147 247 965407858
128 248 157381041
81 249 327603030
185 250 569178736
245 251 858296198
155 252 38220295
119 253 883573524
51 254 412369507
201 255 461602791
76 256 307524065
217 257 184558283
239 258 574261005
63 259 624768180
152 260 397486879
254 261 506014614
77 262 542445514
65 263 308316529
214 264 748623828
191 265 267752493
252 266 473070407
213 267 612740047
148 268 896266063
256 269 353559796
55 270 14143682
253 271 622018938
250 272 945328966
106 273 813353608
228 274 700984607
55 275 327615264
48 276 237980683
150 277 65883208
19 278 259747018
253 279 507455701
192 280 322571898
268 281 878372989
115 282 771529966
162 283 640452669
102 284 597839374
284 285 479674737
71 286 704387853
80 287 928480410
36 288 766003516
205 289 65106015
87 290 337144228
28 291 652451325
94 292 9063899
158 293 152795219
106 294 804743335
168 295 207382765
77 296 844205474
22 297 214895381
133 298 437700835
166 299 483512809
243 300 452080807
290 301 926199900
231 302 651304234
265 303 618097670
252 304 854911619
153 305 649686392
57 306 439156784
72 307 680612216
209 308 726070927
147 309 19485731
169 310 187674087
306 311 490927555
161 312 515334348
159 313 363782354
135 314 923751797
311 315 518800025
192 316 20536830
18 317 472112458
25 318 32591882
196 319 692060045
224 320 242360438
32 321 137276496
255 322 809298646
129 323 148611483
231 324 629721641
149 325 98904221
139 326 939344912
203 327 560936149
187 328 830173385
165 329 561439772
171 330 677953041
4 331 571303499
300 332 693143072
312 333 474682477
164 334 269350249
307 335 525898517
25 336 352936865
64 337 275457223
12 338 156200191
249 339 145201658
324 340 410860321
93 341 71709271
177 342 445152019
275 343 602982953
124 344 935560676
27 345 158642088
23 346 894728381
200 347 639163493
307 348 787661492
44 349 125363756
116 350 804774160
280 351 585013824
86 352 325215137
268 353 11739242
198 354 371620492
78 355 957964810
79 356 151244601
261 357 69705388
144 358 513748160
235 359 451469987
214 360 775769596
32 361 806107539
48 362 420763390
298 363 487435308
347 364 469811543
9 365 225685268
83 366 581233707
312 367 425883658
162 368 550112425
6 369 630998678
98 370 46840503
101 371 481786999
45 372 957177809
303 373 364530994
168 374 409235944
121 375 620141819
172 376 46989628
323 377 44650399
8 378 469652582
306 379 61031353
13 380 125809722
345 381 859806105
34 382 556565524
330 383 345758538
330 384 86991883
75 385 70031923
313 386 465098324
169 387 208402739
243 388 386715163
24 389 245605024
80 390 520512686
153 391 529347787
185 392 262955717
129 393 375381008
55 394 290128264
319 395 815579177
71 396 668097636
43 397 583041453
72 398 562418711
43 399 769151859
213 400 846969395
268 401 422398489
314 402 524050406
111 403 291866291
292 404 948398040
72 405 787378787
227 406 800021050
314 407 389560025
45 408 806491247
337 409 711342563
166 410 662526291
380 411 14003724
231 412 587343125
103 413 269987963
231 414 771881890
320 415 165072545
166 416 610779616
106 417 266490653
121 418 88207602
200 419 78847288
262 420 559173183
56 421 652252159
274 422 336592623
49 423 666027146
132 424 160046276
388 425 457114819
136 426 177908991
87 427 786996696
227 428 337348189
271 429 672180165
8 430 145476629
349 431 22659898
322 432 717253807
422 433 90158902
247 434 444686287
402 435 388465033
10 436 641038525
19 437 874024780
95 438 840005353
10 439 59125907
178 440 597202947
358 441 803014277
303 442 752782306
178 443 437246429
113 444 109656805
381 445 754491341
208 446 829725005
89 447 311686707
202 448 357457930
224 449 603212439
273 450 175801897
75 451 413090729
201 452 155099927
145 453 792670508
198 454 222481151
404 455 761365299
274 456 936571653
67 457 422714609
398 458 53911181
209 459 625559855
140 460 949013232
456 461 620636344
339 462 164086220
303 463 177778142
299 464 321645751
106 465 401404525
322 466 984434605
64 467 934284111
238 468 749025130
152 469 817629796
227 470 618599455
420 471 577329070
303 472 629466908
387 473 62012908
284 474 455474768
226 475 476931517
259 476 226415864
186 477 199415628
327 478 819013718
88 479 93966373
399 480 858298644
24 481 710376760
168 482 108776586
346 483 996196139
247 484 861307182
339 485 934800129
294 486 395861393
475 487 171654492
96 488 800634089
256 489 398624286
3 490 439542967
432 491 724997870
300 492 69134455
261 493 136703319
284 494 15604598
400 495 825790610
88 496 347050764
245 497 7290491
120 498 485577620
90 499 425987392
373 500 591248934
466 501 191787392
457 502 752176021
18 503 917065254
383 504 394684549
309 505 80143056
125 506 81133807
472 507 761957498
57 508 805383593
128 509 455601523
231 510 519055071
202 511 257298377
225 512 191688120
183 513 186778466
186 514 357091587
395 515 706065090
27 516 232374088
72 517 607686517
263 518 289607360
66 519 79406686
394 520 653660665
165 521 192913518
185 522 824068822
446 523 275442179
58 524 554508085
91 525 663653831
151 526 987063512
160 527 92799470
188 528 776403115
16 529 712228448
43 530 21670736
158 531 236813248
511 532 731521740
297 533 458894561
465 534 778628014
6 535 528012656
418 536 731365565
158 537 362435962
123 538 532514491
136 539 985652549
316 540 131939546
433 541 806454216
86 542 66299283
389 543 803926518
271 544 415306425
106 545 134265875
366 546 28697880
41 547 596096048
348 548 625225455
410 549 142895931
509 550 790406903
230 551 25525276
67 552 604038119
469 553 167047760
265 554 469307217
446 555 384894168
8 556 91230672
38 557 989671390
114 558 832750343
103 559 404515854
501 560 606285435
166 561 747276290
427 562 241353307
26 563 133850254
294 564 936112488
384 565 530919231
98 566 286659731
438 567 984995870
559 568 145032429
256 569 150337202
516 570 38580190
292 571 983960569
144 572 364539531
502 573 229407489
94 574 78034080
78 575 936744232
6 576 368562238
127 577 183120490
269 578 636703430
384 579 276821357
513 580 864790989
50 581 203946586
166 582 23044961
354 583 348999564
46 584 65458331
461 585 732965020
486 586 114360971
145 587 924324740
488 588 680855499
508 589 389639472
226 590 198997021
587 591 756945201
501 592 216361574
141 593 954747900
397 594 431286979
558 595 211389559
595 596 478243771
385 597 597474314
28 598 505015421
446 599 560712652
294 600 461360589
490 601 998917280
590 602 379039151
169 603 71683193
602 604 558875230
103 605 631487417
456 606 229962346
265 607 586777274
385 608 698223925
264 609 531762563
61 610 883201238
535 611 539730495
403 612 916637267
355 613 675069517
279 614 212871934
95 615 728133110
31 616 355107177
50 617 720317174
79 618 722287146
112 619 162137229
32 620 459918694
42 621 452099610
446 622 127417946
427 623 819480158
108 624 222201830
293 625 841389744
560 626 757292452
611 627 208013057
463 628 904219105
615 629 320188852
482 630 293771935
191 631 327696569
423 632 700038531
595 633 891807680
324 634 940417497
534 635 829819749
468 636 88825053
71 637 235867073
628 638 737755304
178 639 22563752
628 640 844754876
466 641 5294625
67 642 279925155
296 643 892591616
208 644 756754448
254 645 599282385
346 646 855467400
83 647 906287270
186 648 49408830
514 649 283831114
61 650 802586015
118 651 973395491
338 652 802902535
137 653 356280088
582 654 79142198
538 655 278266400
536 656 124744920
487 657 530207479
78 658 51609620
24 659 714922201
431 660 695554943
587 661 234385441
209 662 704594569
559 663 401025751
334 664 54248691
662 665 620838503
302 666 853080203
399 667 558154998
217 668 239280381
363 669 890386932
493 670 581779798
498 671 540298037
312 672 6735362
571 673 630367289
19 674 171345417
38 675 962279349
527 676 686412197
614 677 617618044
250 678 699590159
479 679 732102728
590 680 853077586
154 681 96098806
433 682 631144280
504 683 114412392
469 684 26266045
151 685 18463283
195 686 529006925
51 687 525028782
291 688 820664528
647 689 862156982
499 690 53167743
580 691 601422086
170 692 452379415
374 693 131519010
550 694 764621926
470 695 940068854
311 696 147452857
407 697 253443353
244 698 682092193
402 699 474711142
608 700 780416296
577 701 345626550
581 702 258273840
173 703 169900958
261 704 738551947
631 705 119410282
641 706 331846248
330 707 247216205
624 708 318218008
314 709 332189449
521 710 580265440
343 711 680400405
94 712 611332696
534 713 178425458
382 714 423944002
33 715 329908086
704 716 69130402
703 717 432264079
142 718 503479249
545 719 849198072
243 720 165152534
589 721 780805611
708 722 226414091
347 723 722173527
654 724 111322290
387 725 668345092
607 726 362928033
448 727 103951686
411 728 371602992
650 729 113551205
521 730 227127171
442 731 360008032
710 732 782594397
586 733 643689426
416 734 210468015
567 735 139480628
561 736 36189371
240 737 861484162
726 738 918884603
720 739 961384110
111 740 189986641
312 741 717447448
70 742 407782882
603 743 755679338
741 744 661720520
28 745 952103272
719 746 969341882
666 747 851669144
343 748 861224182
381 749 4097491
307 750 45959809
146 751 455243281
593 752 662756552
351 753 510297362
690 754 878596806
77 755 893021445
367 756 591527853
134 757 378691577
381 758 963332942
83 759 777104683
702 760 121704751
576 761 365196346
204 762 413828085
759 763 141166926
385 764 625252474
102 765 761607214
444 766 604209498
31 767 231795343
468 768 936568374
276 769 728327378
332 770 950198550
454 771 335586450
83 772 904040889
141 773 629188744
192 774 959939256
272 775 328304703
353 776 916101685
637 777 768384689
589 778 782410805
192 779 471167945
75 780 682246397
774 781 869942055
651 782 799197895
385 783 364283806
355 784 454232654
280 785 999698334
742 786 587594118
695 787 237391941
204 788 109271365
392 789 621202319
391 790 196652024
8 791 30941618
345 792 88187238
576 793 339694559
250 794 556685179
101 795 676550033
548 796 953367147
632 797 647288124
672 798 283808886
681 799 166474963
449 800 132212472
441 801 706663122
523 802 278438842
27 803 328296776
398 804 517795241
81 805 871113354
101 806 972105137
599 807 165988928
107 808 681494288
728 809 9695880
302 810 747327762
561 811 723458632
544 812 759865791
139 813 447332778
317 814 613083125
12 815 202459686
129 816 982439165
458 817 654099728
744 818 346985290
712 819 274543859
595 820 209973006
330 821 753506417
540 822 553539749
482 823 476178018
326 824 155634327
10 825 194274464
601 826 20376224
604 827 490385850
379 828 781228673
47 829 797700848
69 830 812359098
524 831 28710415
644 832 795960138
404 833 461582881
417 834 571471880
291 835 723795244
323 836 697413079
323 837 143732207
517 838 801721749
624 839 345692816
247 840 399169752
66 841 871985066
563 842 667272507
531 843 568768332
104 844 222498672
563 845 755667392
22 846 360939438
715 847 314279282
514 848 686557197
23 849 742267848
765 850 369142996
74 851 521690596
152 852 500692735
680 853 458013580
7 854 860549403
389 855 957637759
355 856 789603742
174 857 294468049
541 858 611947824
207 859 736924741
476 860 864104261
299 861 75590423
76 862 126400534
151 863 827092265
608 864 736940393
305 865 750866146
785 866 279129951
812 867 307977839
245 868 313563784
319 869 530937085
737 870 713142557
828 871 823927016
209 872 50402082
494 873 916486291
498 874 418067357
208 875 86855006
36 876 695658902
781 877 667897598
242 878 264126093
48 879 723532300
651 880 697391209
359 881 400376146
752 882 564843874
290 883 49135433
593 884 135108602
442 885 634126486
648 886 534287513
346 887 814848516
587 888 190749013
284 889 353864316
775 890 900167622
769 891 928370564
484 892 27356809
605 893 301444099
776 894 287552312
164 895 318869013
277 896 753369740
228 897 241713490
764 898 80111616
385 899 331890344
727 900 536019805
790 901 973667845
239 902 118671998
631 903 243117480
745 904 475604719
304 905 130474551
447 906 93307919
94 907 53395012
448 908 735292020
426 909 354029719
697 910 885850982
632 911 259408892
497 912 555045097
280 913 866785090
705 914 113887740
468 915 854610242
706 916 9031891
171 917 318693838
528 918 426035332
860 919 115680189
163 920 839230788
729 921 163768690
563 922 744511667
79 923 471851942
464 924 140739834
553 925 810998853
263 926 578267478
154 927 294338925
269 928 704581640
365 929 492023943
542 930 377537077
269 931 347648811
254 932 373985526
687 933 381482814
505 934 482850882
883 935 303623473
174 936 756039479
20 937 353180072
424 938 299075370
6 939 58578214
527 940 730504968
732 941 983689458
636 942 92875116
788 943 366213901
245 944 612518244
432 945 35107878
294 946 860128155
442 947 424528971
248 948 490407304
772 949 221317371
615 950 537588505
225 951 248034059
700 952 924864389
227 953 73923148
741 954 156424800
731 955 245327337
835 956 823842624
860 957 729437215
847 958 289410830
378 959 856695800
237 960 237148596
681 961 961352682
138 962 288815738
609 963 172555386
113 964 100533099
508 965 658275208
386 966 286196593
807 967 942173569
210 968 216863215
807 969 956593790
706 970 556874845
355 971 273360046
187 972 457033813
300 973 969351615
956 974 438878824
942 975 899502723
405 976 87557504
189 977 45722887
792 978 979659626
297 979 611837391
88 980 332210031
400 981 887326870
18 982 990155402
251 983 812625484
693 984 964411522
754 985 669413293
499 986 716677279
493 987 518516152
776 988 446256371
308 989 393456338
945 990 624334865
817 991 57017543
958 992 762898336
849 993 778645583
439 994 219172172
868 995 348130568
607 996 159241733
947 997 224870710
318 998 246783939
476 999 361621385
322 1000 37889742
914 1001 842391085
721 1002 553372313
748 1003 614673363
27 1004 93289433
55 1005 263609078
266 1006 470585713
878 1007 614909034
850 1008 536416364
316 1009 945977531
536 1010 774039908
82 1011 505774720
775 1012 898785542
293 1013 481834855
664 1014 321531247
783 1015 972562334
603 1016 189501386
361 1017 425194190
182 1018 482249986
161 1019 566942425
61 1020 382296559
300 1021 365818328
10 1022 450986979
194 1023 911910314
659 1024 328435160
62 1025 846149216
809 1026 239259193
1026 1027 473311242
53 1028 109677669
558 1029 665251211
876 1030 187417041
713 1031 857900791
457 1032 732747641
667 1033 631271279
101 1034 277590161
43 1035 863760484
441 1036 411034666
809 1037 191226393
604 1038 682404837
841 1039 611416411
602 1040 640438246
373 1041 526851998
867 1042 745023377
467 1043 444949211
388 1044 429630882
272 1045 727027637
203 1046 183739602
694 1047 774626717
126 1048 66082448
217 1049 157075526
422 1050 312748585
241 1051 575158274
43 1052 234981652
471 1053 980995949
293 1054 983606261
400 1055 939683170
685 1056 648884216
580 1057 444743049
93 1058 36864492
930 1059 448117768
660 1060 216037991
933 1061 659161269
819 1062 338523989
126 1063 548573491
934 1064 992582970
592 1065 187705878
857 1066 651573030
33 1067 256191460
588 1068 266162095
756 1069 487826050
1048 1070 805808619
791 1071 22683800
985 1072 54250687
876 1073 563210884
938 1074 761233401
417 1075 100283943
353 1076 534013259
172 1077 297947797
854 1078 501741611
924 1079 402693200
682 1080 4020094
961 1081 395806068
395 1082 105555800
113 1083 871357438
440 1084 800945401
728 1085 899347295
920 1086 247493598
641 1087 156918896
967 1088 432069136
887 1089 941670002
478 1090 318954175
325 1091 809828544
774 1092 508018525
368 1093 610573223
401 1094 201600830
3 1095 339395880
442 1096 145405313
473 1097 42939102
500 1098 268675600
900 1099 674561695
220 1100 252564619
753 1101 258890507
251 1102 213709537
756 1103 62057698
790 1104 984472132
994 1105 960016045
279 1106 65013017
616 1107 542571932
815 1108 157837310
89 1109 492425890
97 1110 650120228
890 1111 814346447
27 1112 30319042
736 1113 382583348
130 1114 981766698
31 1115 879628187
164 1116 883691366
915 1117 868805474
239 1118 925737216
450 1119 496586091
611 1120 367679239
439 1121 64897461
370 1122 370256272
375 1123 553233332
868 1124 782391042
505 1125 381906162
576 1126 351386179
382 1127 494748009
922 1128 547861650
312 1129 539536181
213 1130 371003683
1055 1131 629442856
1015 1132 513408748
220 1133 352910097
910 1134 744354642
1089 1135 681937907
992 1136 639436379
316 1137 996170065
638 1138 410665022
447 1139 722753423
245 1140 749009638
1089 1141 444246001
428 1142 809178510
459 1143 788448609
445 1144 781328514
873 1145 319778572
132 1146 14555615
29 1147 613481498
1009 1148 531672639
877 1149 552899482
373 1150 176562007
765 1151 43967221
623 1152 465762385
390 1153 226724997
696 1154 858064896
977 1155 231723811
535 1156 392571984
116 1157 190985339
563 1158 453148223
464 1159 291049151
373 1160 565970347
988 1161 596988409
1052 1162 176397891
16 1163 811091169
928 1164 6648739
425 1165 300662231
594 1166 301071839
51 1167 586526642
541 1168 576420966
219 1169 936320863
764 1170 880797047
592 1171 168301769
1140 1172 807678769
163 1173 905528041
324 1174 258507834
175 1175 270542298
75 1176 744850204
702 1177 445173874
164 1178 24742144
732 1179 536349073
1081 1180 866481579
1043 1181 727977579
723 1182 441106843
173 1183 669649912
452 1184 841459190
422 1185 768390040
773 1186 773147530
446 1187 436803310
857 1188 409089667
86 1189 533282934
357 1190 853801059
782 1191 243382086
876 1192 151553498
1071 1193 971000180
992 1194 277484983
950 1195 30457072
1112 1196 647589319
456 1197 258500727
109 1198 530151713
813 1199 320536731
705 1200 477545235
1011 1201 717943289
238 1202 511729085
676 1203 848556387
832 1204 69373629
544 1205 959076281
1043 1206 732812408
385 1207 331724973
1074 1208 760647644
833 1209 155622194
837 1210 208408444
578 1211 424184915
78 1212 118580806
401 1213 389898717
1087 1214 350760897
524 1215 515403484
534 1216 867853129
862 1217 983183095
144 1218 777018446
576 1219 156593672
839 1220 272224005
231 1221 580004995
1110 1222 148809539
502 1223 12924461
35 1224 423491285
754 1225 840363884
180 1226 109828982
275 1227 266643427
625 1228 143044415
191 1229 747345929
989 1230 219498755
142 1231 299627070
1067 1232 232317912
716 1233 808384228
359 1234 589394754
1046 1235 340451289
83 1236 151772148
538 1237 203183136
1222 1238 807366225
1070 1239 364926904
373 1240 600031723
709 1241 510139190
1218 1242 54019519
317 1243 885542798
428 1244 25571629
439 1245 863089147
1177 1246 338118325
40 1247 774598510
1104 1248 32098622
859 1249 935245439
584 1250 677112402
812 1251 304891016
656 1252 108697532
869 1253 465619199
881 1254 603325982
768 1255 24136552
1095 1256 928973184
306 1257 43001123
170 1258 281082737
835 1259 843844133
919 1260 756064204
147 1261 445251331
1084 1262 314010067
1074 1263 617751448
422 1264 884411875
329 1265 529936403
607 1266 448175623
859 1267 813327356
1262 1268 125364723
44 1269 829801551
88 1270 53670939
705 1271 396008286
190 1272 368395549
863 1273 222480742
583 1274 877466664
404 1275 81629194
926 1276 123130331
213 1277 6745625
362 1278 568496151
163 1279 224539624
144 1280 408121728
630 1281 33807507
872 1282 567005385
472 1283 282963330
728 1284 69541954
687 1285 522490194
1187 1286 687231471
1213 1287 63964175
568 1288 986689865
878 1289 88156684
686 1290 421603223
1107 1291 666468792
456 1292 680943378
50 1293 722941542
680 1294 20280528
713 1295 917233885
851 1296 464930413
23 1297 33456786
86 1298 544199733
932 1299 610141364
1256 1300 304956755
665 1301 749533084
51 1302 527642213
621 1303 297168489
324 1304 556956476
487 1305 781839641
100 1306 289255986
168 1307 141148461
845 1308 392488429
776 1309 18050579
826 1310 544374933
197 1311 926507409
462 1312 281247615
653 1313 303716361
810 1314 790994428
932 1315 15685994
920 1316 447125847
568 1317 802281560
550 1318 460033535
1229 1319 460483233
170 1320 224797522
727 1321 18909763
576 1322 266584708
246 1323 602649045
355 1324 549956479
1275 1325 595365156
1095 1326 510426270
1234 1327 31235439
187 1328 377385217
14 1329 334633721
1066 1330 659079512
1309 1331 864298743
432 1332 197868818
352 1333 851052461
1261 1334 380556870
605 1335 40205874
1142 1336 810644109
892 1337 553988496
53 1338 589738896
391 1339 305591349
728 1340 579727710
104 1341 472203966
395 1342 579363976
656 1343 821284844
486 1344 419816970
1320 1345 822327610
1166 1346 791564118
906 1347 980355978
1108 1348 417161280
686 1349 439476059
9 1350 98209085
699 1351 31684586
758 1352 18188767
487 1353 20155659
64 1354 327499215
501 1355 623670285
476 1356 139243453
310 1357 454631449
372 1358 876373406
211 1359 96945494
1295 1360 559904707
856 1361 240504178
638 1362 260170646
712 1363 567605758
1082 1364 151945126
1211 1365 633824043
225 1366 9788889
894 1367 340360569
1264 1368 192309901
96 1369 968007854
843 1370 786823663
1089 1371 805696714
978 1372 761722062
1043 1373 213317864
1139 1374 241267283
378 1375 419123269
501 1376 29279235
933 1377 611047604
1205 1378 304443100
502 1379 495713640
828 1380 645112863
698 1381 577996875
1209 1382 601379115
450 1383 120419775
632 1384 727267478
33 1385 948053078
924 1386 835061012
1336 1387 873924927
1153 1388 607637585
1148 1389 70280702
127 1390 677418829
577 1391 618174470
934 1392 156373547
1238 1393 564505935
640 1394 903701319
185 1395 528569991
636 1396 103881818
91 1397 871907933
1384 1398 568713829
913 1399 472732952
1250 1400 384340814
570 1401 82867891
834 1402 824960671
53 1403 506519118
821 1404 396905936
994 1405 310632795
838 1406 195953617
514 1407 947352543
234 1408 234095973
174 1409 521728115
334 1410 920775184
471 1411 111926348
497 1412 235304593
129 1413 856275724
378 1414 219093362
474 1415 96278347
10 1416 282583219
255 1417 172412317
27 1418 888446771
153 1419 52914852
1251 1420 317860402
505 1421 536915252
592 1422 243618003
1223 1423 951525151
501 1424 510970529
524 1425 39538980
10 1426 451614420
46 1427 570690244
408 1428 346639113
290 1429 817131776
1059 1430 745253336
407 1431 614175945
48 1432 102590681
259 1433 142948164
791 1434 198782960
1220 1435 588718886
1273 1436 943693372
1305 1437 37384143
391 1438 833866758
1412 1439 184959458
130 1440 636930730
494 1441 328071461
1380 1442 447196187
1343 1443 865326160
650 1444 26748440
195 1445 379037697
1351 1446 541260900
720 1447 609792514
793 1448 20115940
417 1449 139553891
304 1450 617530843
143 1451 75897967
99 1452 329066913
272 1453 32786530
1380 1454 611277456
1108 1455 933988286
755 1456 595837506
1279 1457 715322235
317 1458 18597480
956 1459 524268571
694 1460 818643783
774 1461 610082418
1375 1462 934599775
143 1463 183408642
228 1464 482298268
1391 1465 291095195
1277 1466 579956582
135 1467 218115958
380 1468 669956563
1037 1469 557469971
971 1470 707431633
806 1471 683142893
1045 1472 486073421
854 1473 984191836
1402 1474 662017590
461 1475 777514851
127 1476 667843253
705 1477 275504332
759 1478 588057690
179 1479 857827091
1422 1480 831651283
1278 1481 343057524
911 1482 369570851
1163 1483 34760880
899 1484 91740192
1342 1485 945739328
521 1486 170887744
373 1487 662059537
1083 1488 752487227
953 1489 564121463
97 1490 948086221
1333 1491 533181315
3 1492 921632452
340 1493 522383334
1433 1494 558271810
1206 1495 134365039
1305 1496 327542124
522 1497 358819980
1324 1498 657192775
520 1499 901025026
255 1500 528099719
1104 1501 919820605
818 1502 993160658
736 1503 612377390
1164 1504 73911355
1132 1505 744668189
313 1506 713227709
138 1507 980791950
130 1508 675501574
542 1509 704472819
73 1510 432322270
909 1511 728426963
615 1512 680472429
153 1513 769616881
1171 1514 696228335
1407 1515 817587988
1246 1516 790759352
475 1517 806568546
410 1518 360583389
1296 1519 163089198
139 1520 511235752
308 1521 344135895
1077 1522 716149493
1219 1523 856350201
1051 1524 660660865
152 1525 803226585
318 1526 981901653
210 1527 69358441
46 1528 731773563
1427 1529 889675314
849 1530 84439285
661 1531 223744842
245 1532 237551980
646 1533 77740810
686 1534 601228862
1522 1535 178956060
1444 1536 806375346
164 1537 463023738
1328 1538 279766327
977 1539 977871667
341 1540 940863780
799 1541 540874645
1243 1542 66739370
1284 1543 907791970
514 1544 785446040
124 1545 676335240
910 1546 49658240
1385 1547 208385081
859 1548 162925811
1519 1549 986062887
262 1550 481845514
1324 1551 358455306
16 1552 128424207
216 1553 127602471
1359 1554 332277862
846 1555 172742810
803 1556 854375480
1392 1557 773908334
1290 1558 131847616
775 1559 939218357
1383 1560 543489178
1346 1561 876808537
805 1562 98454684
1295 1563 666817484
1430 1564 686056599
1383 1565 948591490
993 1566 366656559
1513 1567 11427687
1411 1568 993179567
573 1569 28329479
418 1570 658964232
1024 1571 785617160
85 1572 864358574
366 1573 883145292
114 1574 967404770
375 1575 314127303
1440 1576 324237337
771 1577 922203386
568 1578 528692160
341 1579 175418960
20 1580 773716332
1560 1581 478230264
768 1582 203804322
871 1583 622121751
49 1584 377774744
603 1585 573139310
819 1586 611488507
853 1587 683323708
878 1588 925300961
1370 1589 756127473
900 1590 702119558
208 1591 687183494
1438 1592 742525708
1365 1593 373892768
964 1594 769412863
785 1595 19447578
301 1596 890626960
990 1597 843530357
697 1598 991608280
1069 1599 799762400
1556 1600 856210208
556 1601 31845464
941 1602 680780110
152 1603 156323845
914 1604 965605108
1013 1605 883243199
427 1606 154798372
998 1607 863422579
1603 1608 941603449
333 1609 964450270
987 1610 63525454
54 1611 629094570
899 1612 399948391
377 1613 720429040
793 1614 935135444
1557 1615 987513165
107 1616 1126284
219 1617 16305993
870 1618 757614708
292 1619 221313260
374 1620 693953199
997 1621 454731043
938 1622 674221574
736 1623 344126614
1476 1624 561274755
1021 1625 466054070
21 1626 621609479
1014 1627 451890520
909 1628 876637000
272 1629 958707604
828 1630 397014534
449 1631 70145149
624 1632 362999792
226 1633 703864517
1406 1634 576218984
143 1635 700828191
1369 1636 206819146
4 1637 960146731
389 1638 34575957
1217 1639 942461119
1015 1640 10748750
593 1641 54510630
1141 1642 907008994
639 1643 727132848
152 1644 64086595
120 1645 368208848
323 1646 239456771
71 1647 193178473
1631 1648 22271028
1265 1649 723050687
1099 1650 792784200
850 1651 622814122
1476 1652 742890500
1072 1653 425002850
1496 1654 381545777
1492 1655 249321077
969 1656 404395898
607 1657 358793641
555 1658 464976445
1014 1659 212239305
404 1660 552875540
9 1661 366631487
159 1662 833535603
470 1663 47777064
1616 1664 770637244
937 1665 465130049
1025 1666 267397102
1170 1667 813926056
421 1668 7833052
1001 1669 845784496
1610 1670 950234890
532 1671 85558387
171 1672 720896172
136 1673 95453436
126 1674 835006070
832 1675 625512721
580 1676 807864383
310 1677 969783644
977 1678 898673689
421 1679 93476729
540 1680 933322011
193 1681 382623086
531 1682 424029945
280 1683 901740571
1280 1684 807991131
1075 1685 905145217
363 1686 862922103
381 1687 263628907
348 1688 138665301
1675 1689 128080783
122 1690 611870342
1547 1691 28987431
869 1692 566437800
863 1693 514030868
138 1694 518513524
90 1695 422891086
1076 1696 544112549
738 1697 689888913
1170 1698 590028837
982 1699 14853066
1370 1700 121285663
543 1701 626323259
290 1702 960724116
308 1703 461504508
109 1704 481651926
977 1705 504656961
1660 1706 329311161
882 1707 576846473
950 1708 207751326
851 1709 905304454
1634 1710 389790813
1446 1711 355557534
473 1712 7583887
1148 1713 607961470
122 1714 258751676
130 1715 664013001
829 1716 711084969
356 1717 969042339
1086 1718 989073707
1469 1719 110540659
1298 1720 302407561
542 1721 19325421
1440 1722 73788808
1500 1723 393113774
591 1724 966269449
1138 1725 136642165
1624 1726 127883997
1268 1727 634978790
1638 1728 504437080
1716 1729 426712006
1692 1730 695477407
1250 1731 222714108
1445 1732 465180449
1322 1733 936740158
550 1734 810093332
41 1735 146288281
902 1736 763155840
437 1737 613603949
722 1738 651788743
16 1739 154876513
361 1740 136076239
671 1741 581731780
1381 1742 463872752
915 1743 511143799
372 1744 907539711
1196 1745 157979553
1407 1746 520540457
192 1747 6851691
1617 1748 887494502
703 1749 85602638
24 1750 694507791
1559 1751 574926969
1013 1752 471141869
550 1753 918410572
1129 1754 67483749
1688 1755 628339790
1597 1756 902077523
1446 1757 626211839
1486 1758 467762838
353 1759 311885210
984 1760 884545379
1258 1761 928501484
614 1762 448888782
1013 1763 573351339
1258 1764 709080295
1203 1765 195695888
1157 1766 295105693
197 1767 643274176
201 1768 332357390
1033 1769 283903968
1230 1770 326452309
1623 1771 708829300
1195 1772 383066386
461 1773 938067569
255 1774 9565531
504 1775 748495183
1116 1776 441793320
401 1777 244802983
520 1778 559841105
16 1779 295610496
126 1780 355280200
1498 1781 884765750
1299 1782 974540986
171 1783 641822265
532 1784 39990498
165 1785 1912579
1738 1786 916747496
1111 1787 449626278
1354 1788 867080608
778 1789 437017850
1003 1790 418847644
1545 1791 634346810
1658 1792 878180446
391 1793 592200109
366 1794 528311507
417 1795 300850452
992 1796 669553536
573 1797 597495145
663 1798 347507067
564 1799 326971492
1222 1800 425126780
1368 1801 928698774
384 1802 103616581
1481 1803 52457159
863 1804 675867421
989 1805 935651936
1075 1806 136679526
711 1807 656761896
1346 1808 431308194
637 1809 331404213
1395 1810 344581440
1029 1811 697110153
1071 1812 854449324
977 1813 561083888
1237 1814 491722005
1263 1815 313468776
987 1816 601778745
1579 1817 944660015
376 1818 168513004
25 1819 505082819
1033 1820 850849879
1179 1821 746897446
1092 1822 529680216
535 1823 529382691
1518 1824 705282630
1534 1825 410873232
1187 1826 845011080
587 1827 91006168
441 1828 289218636
1015 1829 796574859
258 1830 508909692
1560 1831 174832104
85 1832 753619572
1584 1833 215102635
587 1834 952234689
1495 1835 822634134
1313 1836 252910523
368 1837 951434621
654 1838 773198930
1353 1839 733038499
1404 1840 61025040
929 1841 244395265
852 1842 738588268
965 1843 264115992
670 1844 241771632
1395 1845 844373894
838 1846 952341045
64 1847 744062308
1122 1848 20695604
1563 1849 29713837
1679 1850 490625531
1160 1851 585500801
321 1852 306304378
1524 1853 306371760
835 1854 198940833
150 1855 407088816
1747 1856 38938618
286 1857 734045220
1419 1858 556601666
963 1859 163133196
1693 1860 927492858
707 1861 223207768
1260 1862 167123211
1483 1863 845342276
832 1864 546981185
1727 1865 993153694
16 1866 464673097
1737 1867 662107799
1270 1868 460932187
633 1869 631975904
829 1870 45198183
400 1871 200636445
1436 1872 921883831
686 1873 819004857
1814 1874 366475799
294 1875 81010165
1847 1876 87428450
1028 1877 463512416
424 1878 596765725
1563 1879 645385823
1069 1880 232351768
464 1881 731029240
68 1882 183891163
884 1883 984417509
660 1884 504513970
83 1885 187099547
1040 1886 851265360
604 1887 928513128
1734 1888 346380931
1122 1889 946275052
435 1890 13438295
1580 1891 962602295
167 1892 472557285
1731 1893 209780836
446 1894 487419064
29 1895 253925760
867 1896 765384348
1242 1897 612304187
1319 1898 944626653
536 1899 235112974
1628 1900 351917252
455 1901 369124117
411 1902 774390331
960 1903 347908343
695 1904 698750000
1544 1905 484754312
1488 1906 700345302
1852 1907 331244902
697 1908 306747931
141 1909 486671008
1431 1910 184869254
99 1911 365677783
445 1912 782968138
1375 1913 768025436
106 1914 721160555
1143 1915 99716754
1097 1916 509684497
764 1917 184221879
357 1918 942672772
452 1919 275122425
1354 1920 87374830
871 1921 716745606
1333 1922 541150539
1524 1923 281681356
277 1924 905207583
1127 1925 134860756
987 1926 756423200
1320 1927 261119514
386 1928 319865914
1561 1929 879879774
507 1930 685656532
539 1931 149195652
1723 1932 528078666
668 1933 534244113
35 1934 485445570
473 1935 918014050
1648 1936 749177511
1550 1937 448407941
1637 1938 414704986
945 1939 238813589
1199 1940 795101320
1015 1941 28976550
1577 1942 482113389
1627 1943 836766686
1928 1944 675658153
591 1945 757764107
1003 1946 827344026
1263 1947 56384645
1527 1948 46724709
444 1949 724411948
1853 1950 939799569
152 1951 723816112
869 1952 885514167
1951 1953 452019081
1765 1954 513830474
1198 1955 935504640
887 1956 433200008
1781 1957 24836255
419 1958 57167905
1684 1959 230050595
481 1960 41776401
1700 1961 149106210
1387 1962 116886268
402 1963 726196987
110 1964 154660991
243 1965 938990313
706 1966 725171743
1283 1967 973926468
699 1968 403254492
890 1969 443050218
137 1970 567755379
498 1971 900818280
344 1972 59212681
849 1973 355558436
685 1974 932571512
1032 1975 655400873
1910 1976 119966737
1099 1977 889767623
1745 1978 370484678
1740 1979 466713525
1966 1980 4153705
1199 1981 266541074
464 1982 365047381
1113 1983 914567346
1735 1984 647060619
382 1985 745356445
538 1986 458096745
1611 1987 452209496
485 1988 916124515
8 1989 809509616
1602 1990 339126255
827 1991 135561421
480 1992 627651087
1547 1993 663464231
1530 1994 245006009
1877 1995 706939493
1504 1996 866122940
515 1997 475041512
1732 1998 613998443
1694 1999 573663954
1051 2000 335842838
164 2001 769587779
1464 2002 780732510
1463 2003 922928187
723 2004 557136648
1579 2005 558249431
910 2006 473581865
1612 2007 137932094
1922 2008 750809409
1892 2009 642505685
788 2010 915448411
939 2011 413493909
1042 2012 624104573
575 2013 165147296
705 2014 702543545
1411 2015 506733995
1466 2016 166797517
1609 2017 413367024
1465 2018 507401649
924 2019 506305418
1446 2020 907434052
1356 2021 191249639
433 2022 193856856
1363 2023 27522177
1529 2024 497345637
1832 2025 419610590
1960 2026 891276435
880 2027 267709044
1143 2028 396589807
145 2029 478746057
1859 2030 970975002
240 2031 699638808
723 2032 918756663
496 2033 749714230
602 2034 923593231
1215 2035 120228293
606 2036 91290871
1680 2037 256838819
1615 2038 50632633
572 2039 456659501
194 2040 409550218
619 2041 928048945
508 2042 876962029
521 2043 691727559
730 2044 959228046
1447 2045 693870179
1331 2046 746672463
1931 2047 795684640
1521 2048 649825398
1254 2049 398680844
1293 2050 826408081
741 2051 856552046
1241 2052 324845702
282 2053 946841573
1948 2054 19002646
1857 2055 753486034
538 2056 962921466
1031 2057 758453348
1770 2058 365774237
464 2059 807441246
1143 2060 107989343
1584 2061 218672584
1493 2062 92212299
1072 2063 577096401
439 2064 230428881
638 2065 966763168
975 2066 492522551
1176 2067 243217590
946 2068 269291079
234 2069 26030355
222 2070 250999211
1932 2071 546957901
1929 2072 792802282
942 2073 598433279
2039 2074 874269256
395 2075 392681002
958 2076 472123661
471 2077 100817541
589 2078 525790720
376 2079 2686361
1214 2080 98724444
1536 2081 29899736
324 2082 386273968
348 2083 511150722
756 2084 568085168
441 2085 962056765
296 2086 871550730
730 2087 495192993
1144 2088 76415487
1063 2089 128464809
1151 2090 1433432
1127 2091 173747097
1545 2092 161927518
1001 2093 401186904
1672 2094 369879141
1569 2095 571847498
731 2096 203646173
583 2097 449037110
1301 2098 445880317
298 2099 492525632
323 2100 749496265
704 2101 514452364
446 2102 343696298
2046 2103 43672217
1283 2104 670122349
115 2105 169085865
1862 2106 864400891
121 2107 970366104
1774 2108 614893460
1653 2109 142567527
2092 2110 711371732
278 2111 179094810
1961 2112 556867125
1445 2113 663778149
1625 2114 493854563
113 2115 391590797
1569 2116 185409211
1064 2117 925131852
609 2118 639623307
1717 2119 669053742
2060 2120 422027746
1351 2121 512311929
1172 2122 23510905
351 2123 121513245
1002 2124 843667243
1158 2125 603761446
1161 2126 689889921
60 2127 486228914
174 2128 335283160
1756 2129 109095471
26 2130 433149539
1797 2131 258943071
1762 2132 344451294
532 2133 419888750
1124 2134 473654854
1799 2135 722275275
240 2136 842992927
648 2137 43390202
921 2138 461363667
351 2139 687842137
285 2140 982295473
566 2141 596164708
23 2142 532011975
700 2143 954910570
280 2144 925427152
2141 2145 934109591
413 2146 326173749
1786 2147 571737371
805 2148 674088726
638 2149 473387964
253 2150 196855119
152 2151 74904890
1664 2152 681907164
518 2153 499509924
997 2154 117981652
590 2155 446840035
1575 2156 66274006
690 2157 915792051
966 2158 633994974
870 2159 869992349
1655 2160 211996606
1956 2161 512790686
1881 2162 917503994
1109 2163 549861108
440 2164 573016887
1457 2165 494940721
1276 2166 631052319
846 2167 797806927
37 2168 568735405
309 2169 844306853
838 2170 262427578
1901 2171 862221090
110 2172 606691619
920 2173 69114236
911 2174 442569777
838 2175 899669877
493 2176 974064953
1230 2177 419607267
1822 2178 994996913
1568 2179 331517040
1754 2180 312488232
1159 2181 960608921
1174 2182 313944358
993 2183 866965713
1706 2184 284510018
1095 2185 654765048
1899 2186 170670272
1243 2187 877139349
294 2188 88670220
2088 2189 778574073
998 2190 162164657
1257 2191 407192818
998 2192 446434357
1830 2193 756565164
1307 2194 208822798
1821 2195 159600769
1835 2196 565283394
850 2197 601886579
371 2198 829306536
1249 2199 663617812
1747 2200 822627372
41 2201 930331370
1949 2202 868621377
1346 2203 847394955
976 2204 262137058
1842 2205 58359599
1048 2206 253980230
959 2207 289523282
1639 2208 886703601
337 2209 156810624
1286 2210 392460059
87 2211 695139814
1403 2212 148555944
1529 2213 350698256
1641 2214 761200983
1269 2215 400480359
756 2216 839293022
1283 2217 673895701
1116 2218 343612280
2128 2219 351346658
1116 2220 310993113
1641 2221 31219017
1695 2222 447903187
879 2223 578214574
778 2224 980941167
250 2225 829223818
1669 2226 371471643
288 2227 647914672
1455 2228 90399529
1979 2229 69670884
2177 2230 630114567
727 2231 653237949
786 2232 123617044
1929 2233 202595919
1438 2234 247174766
1301 2235 209693232
1289 2236 220582628
925 2237 292578770
1511 2238 296848961
189 2239 837636407
1976 2240 281390164
1201 2241 234305520
1287 2242 376657613
226 2243 807547828
2236 2244 583332268
450 2245 561898503
1766 2246 410542815
1248 2247 453991585
782 2248 928249438
2107 2249 97238036
2190 2250 765505782
100 2251 431920753
1970 2252 473571110
710 2253 942164715
2172 2254 801050497
1232 2255 320967721
1453 2256 601097094
1001 2257 352664245
183 2258 129759296
717 2259 389704973
171 2260 143877129
1696 2261 6846497
1193 2262 200920015
803 2263 548263760
2231 2264 737503003
442 2265 257643985
418 2266 529165368
1635 2267 184441502
2237 2268 632369949
101 2269 200218614
661 2270 974808704
174 2271 574811940
2224 2272 880598511
642 2273 959021538
829 2274 293968034
1992 2275 362379638
825 2276 395134411
1802 2277 210803266
1029 2278 277482351
117 2279 368077117
819 2280 281150347
1300 2281 357766707
1428 2282 72392809
1022 2283 607826761
1413 2284 946462169
2058 2285 948122203
179 2286 83014054
74 2287 779924361
285 2288 432326955
1698 2289 670919261
1725 2290 158925371
851 2291 184519295
1048 2292 656887763
2038 2293 494773136
1126 2294 850271867
1090 2295 170274158
905 2296 26178597
291 2297 152719937
430 2298 423170227
1381 2299 22698053
2170 2300 118976377
918 2301 596698543
284 2302 340441163
354 2303 974387577
1899 2304 683473593
1685 2305 389519749
154 2306 319436097
419 2307 432181998
2236 2308 457793309
1521 2309 798398331
1032 2310 942773105
2144 2311 288078324
544 2312 395887276
1997 2313 914717451
203 2314 705852974
277 2315 330071880
999 2316 307247388
77 2317 461689263
1976 2318 556723999
541 2319 167646948
233 2320 130338078
329 2321 957818551
1364 2322 618451158
1770 2323 215598352
2108 2324 940586739
1824 2325 74184198
2322 2326 267424441
738 2327 202545352
1487 2328 694310415
1926 2329 344153531
677 2330 738586680
1916 2331 67153625
1487 2332 917709018
180 2333 447725810
2171 2334 614496289
1462 2335 12369235
1917 2336 283457452
81 2337 332271
98 2338 6264696
79 2339 358909035
2199 2340 449363164
2158 2341 204777134
2338 2342 455659900
1837 2343 528723141
2001 2344 394889724
2082 2345 696797876
2285 2346 274221844
1449 2347 503268396
1322 2348 819320806
1632 2349 201325447
2091 2350 676526694
2060 2351 721153927
1494 2352 357056317
1324 2353 747957566
942 2354 252400377
37 2355 102303279
2158 2356 706657547
1051 2357 472707330
17 2358 386036844
1414 2359 114341642
903 2360 502306269
887 2361 528764360
1644 2362 333958311
2189 2363 43121988
178 2364 529407342
1357 2365 984837404
2169 2366 371694715
1312 2367 506202127
131 2368 705238451
1807 2369 298907874
1629 2370 649417212
1729 2371 295152213
1210 2372 42868788
127 2373 971002041
144 2374 277822827
547 2375 216009115
1444 2376 116731545
377 2377 565015486
1986 2378 137028900
654 2379 576571985
438 2380 575758695
1836 2381 822998024
1344 2382 974203768
1278 2383 902328090
227 2384 481209976
430 2385 536863676
1942 2386 921481283
1310 2387 622649383
1828 2388 162355842
1791 2389 596978974
1583 2390 548635124
1231 2391 574840256
807 2392 971942190
1792 2393 754775837
496 2394 201984578
5 2395 890400102
752 2396 854421526
593 2397 966026949
210 2398 828117950
1749 2399 647016114
1320 2400 633172407
554 2401 19355944
1307 2402 592418446
2302 2403 62463576
827 2404 420282540
1951 2405 931837658
66 2406 453124067
1971 2407 125579045
2349 2408 475547062
418 2409 5067160
1145 2410 44149710
1885 2411 296737828
903 2412 672420032
118 2413 658372340
1300 2414 779701802
1295 2415 244920356
1799 2416 492213070
1846 2417 812322750
34 2418 572811338
2052 2419 92590202
1823 2420 668559510
1514 2421 124241023
957 2422 167047765
1489 2423 243991855
1969 2424 863935758
2342 2425 569650422
827 2426 891756967
383 2427 727829053
2298 2428 151354254
1113 2429 971734904
563 2430 140146544
370 2431 903760387
1487 2432 851110486
784 2433 447707212
1406 2434 758112697
1518 2435 583164880
1426 2436 169292361
890 2437 157495100
1179 2438 631817230
119 2439 149904765
1717 2440 751679616
786 2441 269476267
1956 2442 778891626
1664 2443 822457449
1325 2444 242256567
1772 2445 717679774
637 2446 743809940
1317 2447 623322676
2428 2448 54501220
1542 2449 350117902
426 2450 771351295
2384 2451 876469833
922 2452 714811955
1625 2453 298134077
1584 2454 325251976
280 2455 226776811
422 2456 372387664
2401 2457 361824528
1875 2458 380028947
684 2459 363722802
2342 2460 616584077
1599 2461 705790545
130 2462 684194744
1208 2463 378595527
828 2464 878328626
106 2465 950808963
1599 2466 801302175
2146 2467 667430880
893 2468 242435228
642 2469 426094837
1561 2470 312326940
32 2471 357274139
1233 2472 597116155
591 2473 298397413
297 2474 57522816
649 2475 655111085
1000 2476 734066332
2445 2477 262619431
1881 2478 676160662
721 2479 119774560
2417 2480 436274422
1339 2481 697617472
212 2482 130653996
293 2483 760845216
857 2484 613769091
1250 2485 752221117
962 2486 785887463
1725 2487 329466888
1525 2488 503204133
2469 2489 13896349
1317 2490 30544655
1704 2491 461635364
450 2492 93967783
1194 2493 309529641
1854 2494 429250004
201 2495 419871120
300 2496 653261877
132 2497 489316542
2081 2498 849847436
448 2499 555383701
968 2500 582357767
1406 2501 782516024
1834 2502 808523533
1057 2503 338187851
113 2504 272101753
1118 2505 598742416
280 2506 937642464
367 2507 211623859
1481 2508 136049766
1348 2509 856577062
2330 2510 2728186
1764 2511 61864809
1737 2512 104895022
437 2513 234074715
1255 2514 97397267
1864 2515 964675109
1228 2516 267145181
498 2517 836537604
1267 2518 864653918
1017 2519 70684884
207 2520 124620166
1897 2521 698324978
1322 2522 988969059
1370 2523 832046119
888 2524 140518672
2317 2525 641026865
985 2526 498257936
2473 2527 596588081
1934 2528 946418979
1305 2529 236208334
1647 2530 849663801
1659 2531 742140360
1408 2532 967561646
850 2533 415656375
2104 2534 72846438
1639 2535 328459946
1590 2536 341978606
1383 2537 528746455
1957 2538 228270846
2326 2539 348332016
570 2540 677403802
1816 2541 24488333
1416 2542 241647422
2033 2543 392724711
543 2544 264840582
1026 2545 743680179
476 2546 506783607
748 2547 164835537
904 2548 931290293
938 2549 40462657
1257 2550 251102170
1938 2551 703488625
1369 2552 47882624
1043 2553 527268372
760 2554 696046801
1272 2555 650658296
2244 2556 435136206
2355 2557 322611447
2092 2558 564375395
299 2559 706971355
1719 2560 628197927
282 2561 580317798
1226 2562 439214510
913 2563 125310119
432 2564 424874140
486 2565 246698356
2158 2566 401121633
1799 2567 646824584
1423 2568 524367147
773 2569 8575594
2089 2570 818331918
1754 2571 669383672
610 2572 946703591
192 2573 181423064
2513 2574 969045134
2363 2575 880630186
2080 2576 424513713
1598 2577 364007382
601 2578 395344611
722 2579 899313323
790 2580 214297066
504 2581 186307278
504 2582 490859836
447 2583 35788019
1965 2584 560247287
148 2585 113934875
2148 2586 465357245
538 2587 763247263
1586 2588 642795413
5 2589 36767411
2366 2590 182996477
304 2591 809177211
1344 2592 191280886
414 2593 980176967
1614 2594 586963212
1706 2595 790256035
1354 2596 7123621
320 2597 257169858
2440 2598 806113688
1705 2599 219034152
319 2600 50471004
2475 2601 781191630
1761 2602 943840362
1335 2603 588804060
1922 2604 748660375
1167 2605 445667642
1805 2606 796367634
138 2607 366823753
1730 2608 893159140
1527 2609 956499302
1181 2610 251593809
613 2611 355997385
1129 2612 338235363
357 2613 607898745
281 2614 419371252
289 2615 287697289
279 2616 446750834
1334 2617 555510932
1861 2618 961124569
1331 2619 459119669
1732 2620 757473969
1758 2621 80513386
2114 2622 511189304
2582 2623 522879768
1944 2624 870597422
1271 2625 569757902
1778 2626 89674026
1875 2627 27445119
522 2628 547775081
329 2629 708099724
653 2630 55036194
1858 2631 206714860
1651 2632 934730743
1062 2633 963013528
400 2634 59897859
1544 2635 281480040
748 2636 692653602
2132 2637 615658091
1275 2638 941895733
553 2639 926682258
1992 2640 743187106
718 2641 827785215
2617 2642 397239637
434 2643 834158871
823 2644 47667900
131 2645 807703274
112 2646 463341936
2384 2647 995022677
247 2648 988747544
1138 2649 816044237
2435 2650 857249831
1397 2651 478657326
182 2652 701808147
840 2653 615791242
1718 2654 792663152
2155 2655 378568321
2247 2656 321810527
426 2657 518950061
871 2658 909004093
1625 2659 2490880
1850 2660 225508509
1940 2661 859156588
1967 2662 620284095
41 2663 9404692
1475 2664 903135372
745 2665 454071811
2388 2666 585889170
899 2667 42669455
776 2668 463731611
1273 2669 105830280
1862 2670 951878342
1725 2671 491344554
969 2672 657542851
2573 2673 703419453
2212 2674 796210576
49 2675 381670752
1330 2676 440895920
2264 2677 705877647
491 2678 417462483
1305 2679 350519630
992 2680 735018321
925 2681 517948427
766 2682 956157001
1997 2683 643567931
408 2684 571439719
81 2685 103930348
837 2686 11975457
2566 2687 120029119
157 2688 16741249
2569 2689 963478833
341 2690 489863067
2342 2691 441882033
2592 2692 288294714
2283 2693 439708501
2051 2694 709108565
212 2695 111591598
2015 2696 500923714
2430 2697 757452069
2082 2698 298436731
597 2699 249496816
1509 2700 801736567
386 2701 82218666
1337 2702 150398014
851 2703 600445093
2431 2704 30727340
1030 2705 568843366
1261 2706 463838942
866 2707 776683439
503 2708 267580479
531 2709 870002268
1301 2710 265783256
268 2711 686285245
1104 2712 486691898
198 2713 655243527
1786 2714 234039406
233 2715 596968850
630 2716 69811699
481 2717 518052974
602 2718 146436956
2321 2719 524221103
1593 2720 234678797
2402 2721 548421157
1290 2722 881311499
1057 2723 187529866
248 2724 5447949
700 2725 679141907
468 2726 532865277
2636 2727 614921240
819 2728 851130098
1009 2729 877956837
163 2730 509185218
634 2731 7754332
1074 2732 208733514
1432 2733 576636802
2459 2734 296700440
264 2735 95806524
2071 2736 74984233
2513 2737 891555476
2262 2738 361610279
969 2739 912048515
1112 2740 763464485
1587 2741 12225676
2144 2742 534558962
2056 2743 837396077
230 2744 966296501
1085 2745 331980086
2350 2746 230591484
718 2747 28561266
1006 2748 873507646
1451 2749 969935633
1461 2750 148685823
1792 2751 416955095
1652 2752 512903296
2262 2753 424224408
896 2754 81250347
1566 2755 336336279
1159 2756 389431912
2388 2757 702535757
1575 2758 875866770
1510 2759 459532917
581 2760 786810352
1300 2761 365334129
875 2762 109281897
1985 2763 837714903
884 2764 510932063
2274 2765 648371115
122 2766 910279033
2411 2767 197131876
794 2768 221665123
1534 2769 200553739
2479 2770 779817451
770 2771 489068909
634 2772 866576853
2035 2773 510686740
1762 2774 689462563
1161 2775 273661814
129 2776 38981832
1627 2777 969550629
385 2778 151294029
957 2779 438284291
1077 2780 120886444
1413 2781 924583694
2322 2782 430743393
2778 2783 898072708
1760 2784 428128849
1196 2785 993625939
1535 2786 728333901
1358 2787 178405347
1022 2788 468063182
170 2789 559032784
1687 2790 445364203
882 2791 451249014
1128 2792 367382018
1368 2793 532838075
1678 2794 53421174
2313 2795 820151052
2568 2796 302395221
2761 2797 977858031
1054 2798 62183105
1242 2799 536658147
194 2800 988821235
893 2801 13007908
2150 2802 667786435
2794 2803 703197564
1844 2804 758857141
2364 2805 238782210
1459 2806 974016648
2785 2807 803049446
1144 2808 858420657
1907 2809 667310710
2254 2810 100748429
840 2811 993981964
873 2812 572529920
340 2813 11506948
2028 2814 890356188
1646 2815 194121319
2474 2816 422032749
1304 2817 141898727
410 2818 511872471
1063 2819 435428497
2592 2820 743906975
909 2821 78869223
909 2822 893660709
856 2823 218652923
1290 2824 850931980
2359 2825 243723387
1941 2826 897563003
447 2827 222629511
1032 2828 435842303
384 2829 543962725
434 2830 747685931
2557 2831 83515478
660 2832 813985735
1625 2833 475452019
966 2834 630762709
1807 2835 380975120
103 2836 216708229
2193 2837 68636059
1717 2838 893171840
1599 2839 619671117
2218 2840 635532436
754 2841 517247988
579 2842 591595696
1689 2843 869363605
2004 2844 232343005
1440 2845 164536404
1274 2846 512799894
1667 2847 390230431
2187 2848 791189751
1838 2849 896899859
1307 2850 311383045
525 2851 418189693
1764 2852 725951749
2781 2853 945000728
2155 2854 186406518
1024 2855 282621780
2525 2856 31485014
118 2857 785087556
1247 2858 639503843
1850 2859 264179832
940 2860 196333413
1807 2861 407444329
505 2862 173736120
368 2863 158995070
2112 2864 326460969
848 2865 771697116
596 2866 950173382
2333 2867 207265059
2211 2868 433965274
2398 2869 312120825
1039 2870 440281226
2723 2871 362469023
2332 2872 27598586
336 2873 567083926
2461 2874 772504475
1481 2875 467752210
2468 2876 777393028
2123 2877 813944358
608 2878 710319920
1551 2879 519607586
930 2880 599165888
1592 2881 312586998
1024 2882 38859276
2371 2883 714042528
1470 2884 18024741
2561 2885 831444540
102 2886 922654981
1626 2887 503902166
711 2888 751915241
1732 2889 967836054
170 2890 587773100
2509 2891 253367609
2731 2892 182488476
1932 2893 805037837
2181 2894 663344624
126 2895 136963119
1359 2896 983998755
2412 2897 153942207
637 2898 485442460
1397 2899 100097970
1569 2900 210269515
1114 2901 240313574
2850 2902 15065975
886 2903 935710146
462 2904 423288867
1219 2905 355051949
2427 2906 551712849
259 2907 596945435
1779 2908 306470977
1660 2909 614651935
1534 2910 922262065
2804 2911 743795160
1275 2912 168741416
136 2913 466411807
1639 2914 138484574
2809 2915 333653747
2077 2916 111651876
668 2917 421394205
785 2918 827871641
1904 2919 758233094
925 2920 483835560
1942 2921 949110237
2754 2922 622457776
2304 2923 100287983
2725 2924 38885504
2345 2925 904906639
1174 2926 260978402
1607 2927 133552557
1190 2928 172839721
1280 2929 81988898
1021 2930 661256291
1026 2931 498931053
490 2932 220796750
2878 2933 123265784
1530 2934 930728433
2004 2935 432379770
609 2936 29658698
433 2937 357480404
1181 2938 7265511
1329 2939 169788980
1179 2940 648489466
1114 2941 515055121
121 2942 176679514
577 2943 40991135
114 2944 22201949
995 2945 9181447
1342 2946 368750258
916 2947 614794181
1700 2948 760603201
2489 2949 126694695
9 2950 388921610
752 2951 222893823
1453 2952 191594401
2879 2953 386429793
845 2954 232048642
786 2955 512452830
2297 2956 713640392
1102 2957 826404541
1219 2958 554471278
2503 2959 327428765
1835 2960 106423525
2121 2961 69823426
1347 2962 595696788
936 2963 525340172
1405 2964 992919682
1440 2965 894881883
339 2966 430976228
514 2967 740379496
168 2968 307454201
751 2969 964963648
427 2970 115041113
10 2971 45537505
146 2972 477618472
1760 2973 807075356
2257 2974 945568037
809 2975 138083973
661 2976 875638961
1992 2977 61288789
2889 2978 824721095
1884 2979 540307498
2069 2980 849977382
2373 2981 371199298
2698 2982 620375055
2432 2983 308905668
839 2984 628321025
166 2985 494514871
1774 2986 122445005
771 2987 192873928
1825 2988 362969722
2039 2989 128149216
1880 2990 51024990
2555 2991 252744526
518 2992 70762634
1462 2993 138970436
856 2994 306774170
2522 2995 774653465
2760 2996 998532762
2625 2997 173785948
287 2998 924092204
2201 2999 622638018
2970 3000 596997263
2960 3001 53632501
1284 3002 66468045
1828 3003 578713378
718 3004 869364107
360 3005 547875501
1563 3006 200107307
2747 3007 429997920
2758 3008 529625983
74 3009 541449695
764 3010 608105947
2579 3011 9243781
424 3012 331538332
2398 3013 640377073
1476 3014 956317764
1517 3015 706503293
1251 3016 34051144
1740 3017 163450
1709 3018 62523717
2552 3019 914714479
1868 3020 871498060
2276 3021 250637227
2323 3022 367236977
528 3023 381499891
2651 3024 103699220
73 3025 903856600
1044 3026 473884075
1508 3027 388589847
2909 3028 872356161
1202 3029 970675099
1850 3030 448901116
2812 3031 31240207
2389 3032 154433134
2339 3033 463006175
1516 3034 631698866
269 3035 975617835
333 3036 120170199
1752 3037 822886319
1528 3038 822380787
544 3039 811347202
1693 3040 487865258
821 3041 617045625
1671 3042 477542176
2499 3043 307533053
2214 3044 517717477
938 3045 537612473
363 3046 762113681
200 3047 142699309
1749 3048 682527140
1957 3049 24872842
2493 3050 651870612
2683 3051 257359054
1041 3052 608340359
730 3053 449757398
199 3054 714357757
205 3055 435105049
636 3056 757738145
2207 3057 151875747
676 3058 197352297
381 3059 351615113
1810 3060 165211199
1562 3061 971969597
1187 3062 462916448
955 3063 275371678
2789 3064 891913769
646 3065 760517646
74 3066 366251018
1058 3067 5398103
2238 3068 412341414
1845 3069 660965582
1783 3070 290397922
1894 3071 371456546
733 3072 912511835
1076 3073 313473321
2183 3074 768965430
2092 3075 937947110
2820 3076 444921403
1376 3077 469556125
2095 3078 459701753
1100 3079 247014838
3056 3080 784686651
1682 3081 897604177
1551 3082 670701531
1293 3083 482411587
397 3084 335273217
2122 3085 64357535
2000 3086 530041165
1935 3087 446393733
681 3088 667346315
2038 3089 61479798
2716 3090 213733759
719 3091 209585391
1666 3092 351237671
2320 3093 386781798
525 3094 886376186
2446 3095 457035441
2866 3096 548604518
147 3097 977106043
1166 3098 427098637
596 3099 723960327
2336 3100 330655378
385 3101 391778986
339 3102 455033483
527 3103 957989725
852 3104 648840431
1624 3105 212769565
389 3106 893364906
277 3107 974023787
1013 3108 567834145
2657 3109 842716965
1209 3110 783592223
138 3111 374801904
2233 3112 718515634
3078 3113 985934280
571 3114 654715500
150 3115 503177516
379 3116 350829877
239 3117 279645915
1802 3118 987709097
26 3119 258226059
871 3120 37379764
1718 3121 985111730
769 3122 290625299
1945 3123 473278504
3056 3124 498092785
2784 3125 564319528
2297 3126 134458643
3086 3127 891759589
393 3128 956366839
225 3129 203477942
1642 3130 783734534
1570 3131 682829531
683 3132 168514825
1281 3133 759702336
917 3134 467834433
2509 3135 356410023
521 3136 632125506
1536 3137 882456792
1021 3138 292386919
2548 3139 325585535
2921 3140 217361212
2955 3141 166122025
3057 3142 775484182
100 3143 649788135
2128 3144 750710209
717 3145 64511542
90 3146 688873006
476 3147 700542830
1312 3148 420041846
2115 3149 107889413
1207 3150 640780541
2064 3151 199803292
1886 3152 264739263
2707 3153 134045029
868 3154 530208763
1990 3155 50406453
2536 3156 934276068
2028 3157 876419628
3119 3158 213053667
2396 3159 446191850
3105 3160 66620287
349 3161 647234688
2896 3162 223699566
415 3163 532819945
1394 3164 593375757
182 3165 206221588
645 3166 573551994
615 3167 381817295
556 3168 666506432
1073 3169 470931556
2431 3170 448912236
1494 3171 542173196
2998 3172 494300382
2847 3173 351631818
1502 3174 175387667
1043 3175 363604344
756 3176 752308085
19 3177 728516167
766 3178 293740907
465 3179 818137417
489 3180 161812402
355 3181 461380720
1069 3182 913391320
1086 3183 637756036
1347 3184 916441376
2497 3185 335471537
968 3186 146213751
1523 3187 2282733
1079 3188 503702699
1032 3189 520404512
1567 3190 742619126
335 3191 545707180
1391 3192 954223453
2908 3193 170724841
1013 3194 48812318
1317 3195 27918307
537 3196 684876460
2166 3197 216977450
478 3198 312829409
1938 3199 980767278
1996 3200 457743563
1899 3201 298017426
1953 3202 732855192
1297 3203 835879328
2765 3204 939379377
492 3205 725258901
486 3206 968345486
437 3207 79087248
236 3208 602148410
3041 3209 450632673
1651 3210 916200784
28 3211 534007037
1195 3212 931943367
2620 3213 606248832
1908 3214 289323783
715 3215 886996610
857 3216 244450152
380 3217 159914552
3060 3218 948832365
2621 3219 748348616
667 3220 866823487
1126 3221 834351376
3203 3222 587379108
1189 3223 672353791
213 3224 583418906
540 3225 383213549
1427 3226 71394572
510 3227 781959711
1077 3228 914250663
925 3229 609406911
2913 3230 246130759
1275 3231 210006276
2942 3232 292887639
1597 3233 678445738
1351 3234 446618721
2288 3235 987790066
243 3236 330991108
1940 3237 772555588
160 3238 18015608
2376 3239 975687344
73 3240 656917070
2865 3241 459306877
2100 3242 26635732
348 3243 73821595
2187 3244 929797813
2698 3245 910668076
787 3246 792964669
467 3247 568673511
1256 3248 894571589
1793 3249 661247526
406 3250 16772705
2769 3251 96529555
783 3252 140949304
1962 3253 97628723
698 3254 897609409
1460 3255 539754904
898 3256 670919614
992 3257 407882282
284 3258 322420277
424 3259 724657412
1721 3260 900396662
2311 3261 37386894
1294 3262 292309858
1507 3263 730854836
2613 3264 664693248
1777 3265 726698721
35 3266 47931666
3166 3267 847852656
3219 3268 694661606
1551 3269 471975129
1498 3270 907232814
902 3271 801639801
1705 3272 494718390
2488 3273 600111317
1419 3274 73347670
2803 3275 68669088
2533 3276 831280991
2733 3277 366251958
1022 3278 309303198
2138 3279 768851697
2262 3280 238979010
1187 3281 927128747
2202 3282 559651331
2786 3283 177920160
1236 3284 611849911
1214 3285 566082509
1615 3286 7688443
2276 3287 973816105
2204 3288 946718947
1738 3289 800695494
2521 3290 948462811
229 3291 935578336
923 3292 859131421
2431 3293 932336337
699 3294 582091247
2576 3295 983037464
2848 3296 635169192
771 3297 697840163
287 3298 691752327
2012 3299 570806764
2186 3300 280959019
248 3301 217619975
1236 3302 222412548
1015 3303 387023197
2268 3304 100074081
470 3305 662439242
124 3306 218331919
260 3307 110353003
791 3308 5842199
2117 3309 236120920
1614 3310 679957468
526 3311 825144228
2540 3312 765305669
169 3313 905727884
693 3314 248096955
2821 3315 902298021
3178 3316 693564664
1326 3317 430102040
2314 3318 194818743
1126 3319 181089564
2509 3320 782002542
297 3321 208517540
2692 3322 24572785
1604 3323 701675528
3079 3324 677515306
2643 3325 917908348
167 3326 372951040
3050 3327 305103014
1582 3328 131468793
742 3329 993555073
2194 3330 90561999
754 3331 463609654
2697 3332 801575653
1956 3333 728612393
2408 3334 494457911
1923 3335 90642238
324 3336 256089333
2398 3337 68078269
1196 3338 601504178
1625 3339 458669586
1646 3340 17472208
3238 3341 557998831
2866 3342 210374058
3322 3343 999042422
2154 3344 235383988
1993 3345 708406335
1293 3346 706800709
2539 3347 909647957
2769 3348 915195704
3017 3349 12274874
2768 3350 774567520
1871 3351 388774127
1950 3352 426585910
348 3353 629980454
801 3354 483342415
726 3355 31919374
1667 3356 265310260
3190 3357 65261452
2087 3358 79103888
163 3359 694359685
60 3360 252416512
3045 3361 640679270
2085 3362 412011966
1984 3363 265365166
2775 3364 245024265
1867 3365 121032850
2494 3366 772395976
3316 3367 266405541
1157 3368 686402698
1638 3369 144566397
2806 3370 500730340
290 3371 184855792
832 3372 485969305
3276 3373 841808544
1716 3374 787286557
628 3375 754849025
1535 3376 539221717
2220 3377 832336739
1420 3378 668642434
1827 3379 131373091
2945 3380 291561287
3162 3381 41033248
1308 3382 232251803
1710 3383 39984501
829 3384 660471346
1109 3385 227065606
1484 3386 214497247
142 3387 935586660
1347 3388 747193235
63 3389 119572518
94 3390 508248203
861 3391 707721754
2108 3392 169298336
621 3393 309016895
2245 3394 129631169
3387 3395 347539643
2115 3396 68964552
37 3397 466927882
899 3398 132011582
2917 3399 921946366
2523 3400 410172274
2584 3401 5530931
2105 3402 884285337
117 3403 483200731
2465 3404 64517723
2326 3405 729672299
2935 3406 316519480
2036 3407 173753651
547 3408 924077057
2650 3409 371289042
596 3410 58920496
2885 3411 706288779
978 3412 277684445
59 3413 707816947
2980 3414 77023210
346 3415 475731722
1270 3416 750325021
757 3417 626162634
1993 3418 363729839
623 3419 65080416
1515 3420 597691483
1796 3421 311005867
1041 3422 182700270
2488 3423 965635773
3309 3424 125611835
878 3425 783737053
1325 3426 68331187
1484 3427 394126314
386 3428 311233632
442 3429 645949952
769 3430 325854105
1103 3431 924373436
2012 3432 550658451
2307 3433 222890366
3149 3434 307023860
2934 3435 114535558
748 3436 365848614
3023 3437 910507307
3307 3438 244485589
2434 3439 622306356
2129 3440 705858471
2751 3441 763213385
1430 3442 488259778
2650 3443 520154417
628 3444 321788297
83 3445 829023619
421 3446 804627816
162 3447 214691920
2611 3448 280610247
1373 3449 991417713
1093 3450 678440386
2842 3451 837400572
184 3452 18084589
1759 3453 706967638
1838 3454 26450876
966 3455 984489920
1656 3456 583033794
3156 3457 153564705
2154 3458 267300582
1531 3459 51217723
2010 3460 615836744
3037 3461 550868910
1063 3462 719730869
2673 3463 38133317
510 3464 596858083
2257 3465 278447705
2473 3466 537239304
1227 3467 995762700
524 3468 555849972
503 3469 472056675
497 3470 443823410
1332 3471 591931193
1826 3472 788168563
3033 3473 685792140
1822 3474 878089033
2671 3475 23337988
332 3476 166494274
3023 3477 890820361
508 3478 469259702
1425 3479 835142531
1330 3480 878636975
766 3481 310993430
2252 3482 935038351
1145 3483 175161784
1850 3484 624756613
445 3485 209420354
1051 3486 454322400
2188 3487 852123013
1338 3488 211838024
2995 3489 269957290
2209 3490 404273474
890 3491 254904290
1715 3492 628645655
176 3493 326784407
2157 3494 436982555
145 3495 659932598
1042 3496 281318136
1655 3497 955270214
1373 3498 580362064
1132 3499 352874322
1725 3500 974962227
1425 3501 301998454
251 3502 52660148
395 3503 448518647
1557 3504 183759802
2721 3505 402255137
496 3506 295221093
698 3507 269471664
1715 3508 90965666
1685 3509 948172629
1419 3510 803846631
322 3511 395546867
1827 3512 897093385
3468 3513 721117994
2663 3514 263654407
3151 3515 830624565
1593 3516 444777439
428 3517 337080701
1306 3518 858914191
2845 3519 328181414
1387 3520 238164689
1787 3521 560160485
2787 3522 138618955
904 3523 569302990
839 3524 974575723
1831 3525 787249326
1906 3526 485704557
906 3527 404513063
3388 3528 780798050
2049 3529 907911230
2529 3530 389691884
2224 3531 304233729
3223 3532 786467509
3499 3533 210302579
1522 3534 686122210
2956 3535 749043889
1731 3536 646741581
2991 3537 817660883
1171 3538 360729322
3257 3539 482697845
2217 3540 317178610
2944 3541 410256824
2437 3542 815539280
2475 3543 431490489
309 3544 357760078
3441 3545 123548182
915 3546 707909035
1591 3547 160010963
828 3548 203742226
124 3549 877304998
521 3550 356895086
1518 3551 367568097
1736 3552 882281956
3382 3553 538346882
124 3554 280696652
650 3555 425664540
2149 3556 871169678
781 3557 418072261
223 3558 880013782
1794 3559 120992449
208 3560 583533743
2356 3561 771531184
3179 3562 484366391
495 3563 839184772
946 3564 208995730
2848 3565 353552243
1963 3566 294090244
1657 3567 387684570
3452 3568 951862437
1595 3569 881063778
662 3570 890335647
1592 3571 149929663
2147 3572 308572041
963 3573 450911740
2995 3574 401704533
3163 3575 273611078
3268 3576 982704143
2012 3577 957214620
32 3578 718692669
478 3579 104636729
1441 3580 422527749
3457 3581 528202542
962 3582 954564392
1104 3583 39352406
2472 3584 636417609
2927 3585 494643502
1805 3586 969849663
1656 3587 749353053
146 3588 500027580
433 3589 342833084
278 3590 275709316
485 3591 533774344
1186 3592 971389444
2424 3593 153677527
3153 3594 697872176
1151 3595 756844352
2550 3596 767165845
2264 3597 307682398
368 3598 332107521
3233 3599 680676386
788 3600 313704503
1802 3601 477263283
2213 3602 273706508
3512 3603 862766943
372 3604 756562685
1346 3605 503526103
2336 3606 722302105
2179 3607 662458696
3349 3608 172054685
1606 3609 614003239
2919 3610 498966514
2118 3611 446452683
3405 3612 901498540
900 3613 56669991
668 3614 589002017
2435 3615 765328577
2370 3616 54340784
3090 3617 265233889
2038 3618 61619059
2590 3619 744238618
1322 3620 564208057
1505 3621 284376014
22 3622 528657204
1267 3623 709217453
1544 3624 24062058
45 3625 198746204
3016 3626 975072020
431 3627 421356623
1861 3628 432635844
3420 3629 388055178
3185 3630 316835822
2662 3631 122677166
2492 3632 433246361
2797 3633 249179635
1897 3634 239568620
1604 3635 639136153
3071 3636 796083160
3573 3637 375520895
1145 3638 552262653
3305 3639 873835499
870 3640 879421508
1139 3641 299348220
3553 3642 870689129
464 3643 868186957
3221 3644 143978946
280 3645 636181520
1484 3646 700657885
2634 3647 970451258
1383 3648 104254259
325 3649 960578249
3626 3650 317649518
3202 3651 42210716
3119 3652 383327123
2150 3653 323486403
26 3654 512695745
3261 3655 230282491
2473 3656 938904015
2674 3657 644733979
2154 3658 678414080
2424 3659 161788773
32 3660 950981588
591 3661 577075502
3213 3662 622760311
1936 3663 525973100
3326 3664 541483821
127 3665 762174689
1612 3666 388774707
3475 3667 459241711
158 3668 424709424
2508 3669 47540556
3651 3670 891481006
2569 3671 350440018
1363 3672 559617561
2710 3673 654406977
2894 3674 58451616
2803 3675 190115302
3430 3676 300879500
1689 3677 867074922
1844 3678 682586820
3006 3679 802115297
2775 3680 325107618
2505 3681 981660502
2062 3682 836893936
3393 3683 878051197
1665 3684 606375615
903 3685 501369061
2752 3686 775987412
2743 3687 715875420
2636 3688 127441071
3382 3689 210735779
344 3690 301597807
2245 3691 248387536
2209 3692 660565856
3649 3693 924144429
14 3694 196812658
3381 3695 38415142
1013 3696 71108600
1379 3697 319520719
1298 3698 864807915
2866 3699 58585717
1843 3700 698923780
454 3701 262144617
1993 3702 813545321
1397 3703 870984897
1065 3704 943671851
538 3705 510142855
704 3706 874021228
1397 3707 835126216
1943 3708 168270506
121 3709 814799205
1373 3710 718768687
276 3711 159785126
511 3712 73539590
1188 3713 414311348
1761 3714 664591106
1991 3715 584795150
1687 3716 145678674
1040 3717 426662812
1201 3718 361311130
3500 3719 184389890
153 3720 972603232
2223 3721 422777678
1873 3722 627405181
1709 3723 488075631
2413 3724 911147890
1532 3725 266698998
419 3726 653140874
1392 3727 422998963
1626 3728 906511692
1915 3729 777853732
1057 3730 837949787
29 3731 620898699
2962 3732 226280669
3079 3733 255115916
869 3734 491425421
2825 3735 666734925
2292 3736 74676071
1702 3737 671878139
1884 3738 614797190
265 3739 440029858
2550 3740 900421976
3675 3741 745491184
2761 3742 576110255
458 3743 801862253
729 3744 301043817
32 3745 577456911
2717 3746 525403146
720 3747 219019185
2295 3748 176981667
3555 3749 722443440
3042 3750 949519720
1949 3751 68291300
1316 3752 701342931
651 3753 169567188
3145 3754 163713064
3488 3755 521526675
1531 3756 174906134
542 3757 306140087
1900 3758 104555179
1365 3759 288884750
3167 3760 128100978
2347 3761 592834574
255 3762 630653654
74 3763 474580461
1321 3764 58816975
3004 3765 361951466
2645 3766 521726
2519 3767 24445674
684 3768 842432207
3257 3769 560463078
2148 3770 30443235
911 3771 386853672
1840 3772 215822146
1840 3773 757968793
822 3774 897473815
78 3775 661251734
843 3776 75141009
3054 3777 448465814
2451 3778 19134109
610 3779 480071057
512 3780 788424019
1616 3781 366080322
1905 3782 36910935
2368 3783 986774324
2423 3784 104978102
356 3785 458928874
1444 3786 847085833
1242 3787 851530133
754 3788 433573921
2652 3789 216898846
212 3790 445426954
3462 3791 29575000
1008 3792 477268708
2168 3793 60702143
3135 3794 929074138
1341 3795 725715710
1788 3796 139876083
1803 3797 496175883
88 3798 489834001
1804 3799 552541390
2080 3800 643523151
3674 3801 98511195
3221 3802 954072412
2122 3803 517935910
1735 3804 393386395
2880 3805 375550869
192 3806 573724669
2333 3807 781415405
2738 3808 607779387
1254 3809 557275050
3357 3810 612610844
2435 3811 587661180
2588 3812 893669369
919 3813 963026924
1496 3814 53870503
394 3815 165691419
2292 3816 970091804
549 3817 619685500
277 3818 345737437
951 3819 813741151
850 3820 213816640
1093 3821 91287270
2299 3822 710890883
1258 3823 155421481
1529 3824 983729200
1579 3825 166332371
210 3826 64043048
8 3827 77422461
1115 3828 596177145
2741 3829 515329599
2743 3830 564264074
2928 3831 774092999
2551 3832 300213722
591 3833 758842399
1567 3834 925178528
1990 3835 83499937
2268 3836 182247934
1836 3837 819034681
2366 3838 390230118
2256 3839 889415667
2731 3840 665636121
1213 3841 28748425
2399 3842 339908022
2136 3843 561741114
381 3844 696522577
1210 3845 548514985
988 3846 565702388
3592 3847 129622501
537 3848 517393270
1253 3849 854501268
335 3850 751516727
2467 3851 498877177
3264 3852 974922476
2081 3853 12683881
3843 3854 475266506
2919 3855 446553658
1898 3856 799017842
3539 3857 910292874
497 3858 383812089
1820 3859 62658066
2231 3860 437502002
1376 3861 191726527
1623 3862 165313989
2682 3863 199428612
152 3864 473726176
18 3865 18863804
3226 3866 870032624
1013 3867 681246958
3328 3868 918383898
2722 3869 549076504
388 3870 560083951
796 3871 617688215
1171 3872 397035569
1473 3873 314175418
539 3874 479332049
1424 3875 406346941
1520 3876 44423678
2536 3877 450392527
2964 3878 843480924
550 3879 566868110
2279 3880 90038374
1833 3881 735575967
3784 3882 270095365
3544 3883 137289940
3354 3884 233967485
3596 3885 769737170
838 3886 709349172
3592 3887 877627223
3034 3888 638277145
3706 3889 597683904
3299 3890 712432304
1289 3891 443100251
432 3892 154398383
2029 3893 18809040
2661 3894 869748178
2940 3895 371108251
869 3896 659227058
1012 3897 821295428
3590 3898 29960948
2381 3899 332514431
2150 3900 208605164
1182 3901 399274040
2338 3902 665834527
3364 3903 386837147
751 3904 142602535
1282 3905 26305013
3430 3906 768094713
2203 3907 101197772
17 3908 859357659
161 3909 289232473
2956 3910 923269710
1119 3911 803732087
2944 3912 516977314
1597 3913 591893742
1599 3914 866220387
2337 3915 548648119
3094 3916 490858381
559 3917 785251137
1348 3918 728994572
1026 3919 278039403
3892 3920 622166351
3685 3921 430783070
702 3922 596057869
3399 3923 581038234
1892 3924 697437838
81 3925 599050294
2194 3926 451276981
783 3927 684710246
1940 3928 395297146
3544 3929 484228578
844 3930 920147038
2413 3931 303349257
262 3932 215388543
3607 3933 735488201
1658 3934 966625637
2978 3935 490610561
1171 3936 327374133
1566 3937 133104028
2583 3938 354118727
2895 3939 938704703
946 3940 948831141
557 3941 385164609
1334 3942 579656798
669 3943 5032573
2026 3944 96344666
1716 3945 791926280
701 3946 662808547
1331 3947 550007915
163 3948 67447267
518 3949 941955126
719 3950 275215010
3064 3951 428737580
2957 3952 730994531
2734 3953 499724417
3267 3954 221677537
2911 3955 776502789
2560 3956 994020522
313 3957 730287252
3127 3958 897161423
3882 3959 181735233
3811 3960 400099856
3579 3961 363111741
2096 3962 53088625
1883 3963 712820070
3778 3964 585189177
2647 3965 15727261
673 3966 40665179
11 3967 974902986
1431 3968 476661187
2642 3969 222870731
152 3970 925246058
135 3971 822004786
609 3972 764801898
87 3973 425638409
2203 3974 588833107
2160 3975 294033762
1211 3976 894469758
2912 3977 226044832
3186 3978 87484195
2207 3979 871710048
530 3980 933173422
2996 3981 52296998
3705 3982 973424054
2061 3983 699804568
1052 3984 230032713
136 3985 914656403
2964 3986 770776799
912 3987 845140790
59 3988 392876912
2741 3989 349406672
2573 3990 107458447
3712 3991 878923843
697 3992 55933593
2996 3993 433748799
3560 3994 346920767
3651 3995 917890026
1335 3996 57965298
889 3997 127271214
3435 3998 405535104
2576 3999 810591853
2142 4000 744082194
2078 4001 279817780
2320 4002 38904063
191 4003 964836792
727 4004 231299146
2119 4005 92944955
2748 4006 137401631
3256 4007 76354233
2364 4008 841785500
1182 4009 21716983
1745 4010 987173222
1392 4011 857859820
3794 4012 102729758
2112 4013 275590285
2351 4014 826434603
2964 4015 585369792
2876 4016 245970496
1227 4017 793422604
3537 4018 316328366
2920 4019 104885209
3336 4020 950091233
3906 4021 13235571
3716 4022 301678260
642 4023 122735097
3224 4024 225147930
61 4025 49383795
3097 4026 862735156
3708 4027 950916295
1734 4028 410672920
2915 4029 359038929
794 4030 724953715
4008 4031 675922691
3017 4032 978856626
2281 4033 993904740
3254 4034 552250057
1735 4035 86784991
3991 4036 684708743
742 4037 810429483
3029 4038 639207012
3523 4039 664689312
641 4040 13093940
3182 4041 711721235
1569 4042 518076848
2411 4043 917010450
868 4044 335032157
3232 4045 47756339
4030 4046 990945524
1755 4047 253717868
2932 4048 901161759
775 4049 845686740
2901 4050 277631144
1743 4051 611556983
1474 4052 513399696
3800 4053 170547789
474 4054 875356062
2412 4055 666484634
1522 4056 235322259
3541 4057 801125814
1155 4058 129099389
1392 4059 998909584
2486 4060 313647911
4015 4061 160092908
1638 4062 769729552
257 4063 754976557
3481 4064 286518139
3647 4065 637790915
3504 4066 411411851
3906 4067 885258062
1539 4068 458386447
1989 4069 765062242
3287 4070 991545557
2616 4071 938318101
1600 4072 739745180
3143 4073 508353860
2592 4074 645281611
2007 4075 506655800
3553 4076 316264443
1587 4077 607204142
3266 4078 413227381
2189 4079 783593677
691 4080 22451906
608 4081 26609282
639 4082 826726999
2685 4083 196306605
1420 4084 315579651
779 4085 538909064
3579 4086 532535630
1510 4087 15090789
3422 4088 554875883
2457 4089 579482647
4060 4090 237620854
1725 4091 114052191
3357 4092 117943832
989 4093 891809589
3890 4094 554114251
3028 4095 333268659
3480 4096 318311524
2700 4097 623028426
3809 4098 52776449
965 4099 187859643
665 4100 147840175
1745 4101 207511004
2990 4102 665198254
3401 4103 52998129
2705 4104 145795801
2252 4105 619393809
165 4106 910900651
2151 4107 49950786
3595 4108 470348223
2680 4109 633940237
2778 4110 653187929
1120 4111 463576017
1987 4112 802922706
3136 4113 704618779
1053 4114 613064202
2347 4115 317029073
176 4116 857339454
3761 4117 594773661
3152 4118 794716255
2709 4119 1044877
3498 4120 364273935
2674 4121 132774666
1321 4122 735043799
105 4123 970729471
2758 4124 914252996
2893 4125 250202856
2942 4126 253669049
2756 4127 26182938
2775 4128 461922275
605 4129 944505412
618 4130 709542116
3380 4131 958819110
708 4132 841077442
3065 4133 662694599
1823 4134 994618442
1193 4135 149397157
1749 4136 980792516
751 4137 536436505
2933 4138 928252307
3099 4139 15678164
4095 4140 279258667
1583 4141 416107420
4127 4142 239498597
441 4143 605461400
272 4144 891998324
1503 4145 711386869
3910 4146 704605105
1457 4147 685802449
2998 4148 527888857
1944 4149 631410484
1830 4150 242094070
1877 4151 942453501
757 4152 160248004
3655 4153 246458029
2604 4154 564418347
2619 4155 765032263
1791 4156 909280281
2414 4157 641042556
1192 4158 634499987
1172 4159 80917667
2650 4160 878681815
3192 4161 525121369
932 4162 376540998
1508 4163 265710811
633 4164 766336653
1218 4165 665650350
2281 4166 674032495
1842 4167 367827651
781 4168 841177341
1760 4169 792937157
1366 4170 129232074
1906 4171 848596880
1758 4172 77192641
2560 4173 957169286
3853 4174 857986229
2967 4175 446860553
2929 4176 538697305
422 4177 853959744
700 4178 167201971
2874 4179 642362839
3766 4180 493476010
2097 4181 700136118
1110 4182 695178182
3616 4183 865711521
1918 4184 341014671
1583 4185 344170105
485 4186 332467472
1376 4187 489749025
3022 4188 91317015
129 4189 521157352
616 4190 788877324
2125 4191 67913203
752 4192 532173862
185 4193 468009769
878 4194 325157423
3854 4195 890260879
1448 4196 273957718
1120 4197 323924551
3104 4198 699714840
2295 4199 373343997
1003 4200 295654666
1049 4201 109991621
750 4202 769584800
63 4203 686670840
1134 4204 17025745
2382 4205 133011867
249 4206 651144424
2005 4207 992533941
3831 4208 61895093
1680 4209 719818371
3041 4210 802221901
1647 4211 9623226
1779 4212 661490860
1888 4213 411304735
1774 4214 425742074
3827 4215 446810558
3907 4216 938380722
167 4217 228540464
4143 4218 325160516
2522 4219 230325826
519 4220 893337454
3026 4221 418000270
3847 4222 521960074
1929 4223 441831319
2632 4224 475912854
1951 4225 686083872
1916 4226 63833472
671 4227 939415562
228 4228 218376261
2778 4229 8068242
4141 4230 818630333
1616 4231 83958964
2124 4232 512221362
2950 4233 100936129
603 4234 23273386
3343 4235 106303379
3164 4236 215760628
723 4237 420154902
1469 4238 461540923
228 4239 930010469
3247 4240 975045327
474 4241 233412303
1014 4242 630830130
2251 4243 37962026
1345 4244 520340480
3437 4245 24118609
3741 4246 536610958
3445 4247 73299322
2371 4248 876340726
514 4249 787555644
1376 4250 460523368
78 4251 191902117
4236 4252 996940029
2983 4253 725511384
1223 4254 714802213
2771 4255 131574436
3707 4256 761397145
3466 4257 617244475
61 4258 683686827
941 4259 652548756
3804 4260 788499003
2627 4261 167568582
3994 4262 466936568
180 4263 463414033
4241 4264 368608159
4255 4265 640415717
3998 4266 606044137
1154 4267 778573192
605 4268 869799162
1663 4269 943804475
2541 4270 953168344
3153 4271 651907165
3221 4272 981267571
4078 4273 494494456
2470 4274 837665182
2120 4275 835248768
2766 4276 694201319
3683 4277 838097852
1479 4278 250433178
701 4279 949678145
1653 4280 919968599
654 4281 27831414
3440 4282 439878045
3599 4283 995049237
2405 4284 771621479
336 4285 642584303
3777 4286 581087128
4268 4287 829264577
3370 4288 418251935
3835 4289 606235839
2736 4290 962540861
1793 4291 16067626
601 4292 136819124
2644 4293 777403909
1794 4294 523347420
1512 4295 491205243
1591 4296 711387681
1183 4297 398001669
3735 4298 331047828
478 4299 252028714
336 4300 565101634
2560 4301 918531166
2319 4302 954410339
2687 4303 662427125
2133 4304 485217563
1890 4305 783302560
3887 4306 958127376
3162 4307 588733207
3756 4308 670556536
1536 4309 235634407
3840 4310 728915523
1677 4311 971894020
1029 4312 507346706
67 4313 245231186
1791 4314 963471902
1843 4315 424257748
3117 4316 276172593
870 4317 718702700
1077 4318 317100512
579 4319 718796380
2132 4320 78244699
3983 4321 382504292
3282 4322 678130011
2873 4323 265584226
4094 4324 319024106
794 4325 596649641
3281 4326 157740579
3926 4327 554652697
286 4328 256342884
3170 4329 595033580
1834 4330 541235568
1232 4331 834154801
4131 4332 973151093
838 4333 21517228
2405 4334 408107832
518 4335 60506849
1487 4336 671377152
963 4337 836735368
965 4338 905995080
735 4339 560161722
1590 4340 589826412
2241 4341 640414382
1733 4342 558436692
155 4343 759231876
1398 4344 511645527
1203 4345 408441547
2346 4346 887609242
2835 4347 88579142
3502 4348 268330774
974 4349 347459543
411 4350 59924889
1045 4351 462342815
3584 4352 688625050
380 4353 261082393
2873 4354 464580420
2626 4355 418945965
3347 4356 648988648
1125 4357 849694225
2057 4358 414050437
3086 4359 248694607
2945 4360 22485148
1940 4361 728276382
2625 4362 639877201
2175 4363 610277357
661 4364 926124084
4258 4365 298857632
4001 4366 101116296
973 4367 824974532
291 4368 471431957
2082 4369 350056164
2846 4370 773817688
4075 4371 106420301
1405 4372 994088350
2496 4373 549948648
1097 4374 533324780
4028 4375 486592830
2927 4376 736606104
262 4377 951207194
510 4378 644249653
3939 4379 219736173
1080 4380 840117921
1439 4381 324198090
20 4382 218108587
2391 4383 33340471
2873 4384 961566924
853 4385 3811123
3588 4386 452954588
3236 4387 51439830
4348 4388 404590246
2965 4389 824651568
2792 4390 161881448
81 4391 339216459
2740 4392 450645868
2527 4393 212830992
4376 4394 351377284
3672 4395 97790378
4305 4396 568805272
3065 4397 916097084
2542 4398 329941438
133 4399 57890420
1950 4400 653199883
2539 4401 574934252
1870 4402 729593756
2738 4403 601553747
1447 4404 464742792
3718 4405 938960542
1513 4406 143351766
1199 4407 62427182
4072 4408 161656682
1250 4409 352673567
1880 4410 865389277
2360 4411 633192559
836 4412 311027264
3955 4413 298936584
1845 4414 713827128
4185 4415 612215412
1019 4416 342689043
2285 4417 448356284
3114 4418 73090828
559 4419 626208609
3851 4420 650939682
892 4421 675780118
1556 4422 525807791
2477 4423 539550277
1690 4424 81013734
3409 4425 349320616
2888 4426 155762910
4183 4427 607459729
2437 4428 707594809
2609 4429 395087366
2182 4430 185762937
218 4431 887728125
1058 4432 643972959
1460 4433 180370759
2342 4434 68351901
908 4435 960633179
3228 4436 238257647
897 4437 306196821
2581 4438 833777856
681 4439 803204803
3494 4440 506095804
4350 4441 329732554
2487 4442 675059417
1460 4443 937457775
4382 4444 363139387
3042 4445 368292663
4290 4446 874798042
1722 4447 50947597
3309 4448 484328720
2629 4449 322180366
981 4450 729571252
1914 4451 186081082
2270 4452 9507019
2094 4453 522033703
875 4454 100402885
3363 4455 195036158
3154 4456 184256464
4011 4457 537958675
701 4458 509228014
3093 4459 886765064
3426 4460 365255591
644 4461 267639470
3899 4462 846646818
1884 4463 389760392
4261 4464 733085006
4447 4465 520501106
864 4466 542793948
4433 4467 826189020
3479 4468 662800431
851 4469 767214021
4452 4470 28285397
3192 4471 141118579
1215 4472 319380323
3161 4473 344054734
3569 4474 415236431
1960 4475 141412647
757 4476 707913194
1992 4477 815327436
3138 4478 783102716
3561 4479 599433783
977 4480 372369232
2368 4481 736768658
3488 4482 967933898
1276 4483 613595793
3260 4484 11852177
592 4485 594005197
1872 4486 259370937
569 4487 322868441
3169 4488 281363784
1490 4489 486124008
1472 4490 291233849
3143 4491 319214334
675 4492 483974424
2785 4493 180504670
1855 4494 923520135
3052 4495 110870472
1218 4496 766223844
1095 4497 991143343
4228 4498 384044037
306 4499 907916595
602 4500 234452804
3454 4501 529190961
2196 4502 117648259
257 4503 156776308
3892 4504 901124522
491 4505 212116805
1664 4506 187238856
2896 4507 836512229
329 4508 218183898
744 4509 503949716
1436 4510 526588320
3961 4511 724176538
1032 4512 132509334
3408 4513 757777793
3850 4514 584548742
460 4515 716925935
3740 4516 772154031
836 4517 132052980
3540 4518 868320244
2040 4519 637951131
1582 4520 231450703
905 4521 540373540
1553 4522 381512697
4139 4523 77612240
3518 4524 777300017
3527 4525 553030789
1798 4526 9057767
2668 4527 864473061
3597 4528 16888917
1919 4529 182243205
3277 4530 404507173
2999 4531 143485063
3455 4532 692579706
2557 4533 834763671
3689 4534 413867132
811 4535 272780929
1300 4536 579367712
1204 4537 241033533
1858 4538 656356137
3066 4539 279218358
3762 4540 509272139
222 4541 797254447
1070 4542 254123113
3899 4543 202506786
1646 4544 734263461
2476 4545 419246044
2751 4546 83459902
3759 4547 859630180
3202 4548 139450821
1351 4549 129237436
64 4550 3566544
2221 4551 925220136
1597 4552 681165089
4315 4553 917917916
3317 4554 774339657
3897 4555 203282705
1026 4556 484794075
492 4557 507805097
1588 4558 186212467
2782 4559 223867385
4031 4560 131618703
2328 4561 265031310
273 4562 657637952
1442 4563 609662795
1362 4564 735356528
1944 4565 710756168
2633 4566 448874982
2188 4567 172986013
3923 4568 684050228
2928 4569 529032255
3783 4570 734685052
4329 4571 724822037
728 4572 415820789
1978 4573 539944164
2145 4574 479362737
3172 4575 975306261
22 4576 174047157
2714 4577 825544269
2499 4578 565499829
4368 4579 33992711
4322 4580 300259317
4185 4581 769251279
2714 4582 276151540
570 4583 765054454
955 4584 851047240
1902 4585 159009662
398 4586 871319713
476 4587 255548722
1191 4588 50999146
1612 4589 347716669
38 4590 533252864
3873 4591 201610633
3378 4592 408193800
1562 4593 407695978
3702 4594 678362433
1700 4595 229018859
752 4596 694156515
3917 4597 741816975
1641 4598 143940237
2623 4599 683106610
297 4600 704796323
2788 4601 831969331
2026 4602 941037539
739 4603 722279070
1107 4604 902199670
31 4605 227805766
898 4606 313257858
3578 4607 794950835
2866 4608 440552671
1694 4609 791089603
514 4610 574062409
10 4611 656501799
1160 4612 279499124
4245 4613 255229797
4150 4614 203329509
364 4615 497864988
1556 4616 840915635
1374 4617 499460989
3722 4618 273957895
3319 4619 635861425
3930 4620 298608498
1546 4621 572676064
6 4622 315919557
2721 4623 380169900
788 4624 826815525
1410 4625 966274331
758 4626 839574392
1285 4627 514975616
4380 4628 968866347
3535 4629 689923766
2908 4630 64186110
282 4631 631740278
1124 4632 401622946
4186 4633 365082095
980 4634 100090867
4296 4635 738242358
1274 4636 174745800
1965 4637 132842618
2021 4638 964757118
4082 4639 760337582
3829 4640 300587183
150 4641 580347726
2754 4642 687790490
3612 4643 139129786
2922 4644 953836160
3835 4645 890175624
2211 4646 323732593
1166 4647 922894576
4306 4648 305454267
3818 4649 738302320
3842 4650 229956151
3136 4651 83578048
2232 4652 448972791
2821 4653 855236024
2244 4654 875690392
859 4655 782410215
372 4656 547676974
296 4657 559257741
2245 4658 249283000
3729 4659 346553116
4599 4660 221452829
3383 4661 512157462
991 4662 546822268
4645 4663 735492032
763 4664 222780357
1105 4665 391269934
3375 4666 821351751
4394 4667 853298872
204 4668 233492000
444 4669 805103364
3546 4670 971466555
3873 4671 748168346
2527 4672 144834031
4527 4673 793750398
4023 4674 770506706
2553 4675 627370443
3030 4676 354037684
2792 4677 769316095
1872 4678 816646398
2158 4679 119982574
224 4680 288998925
766 4681 154620738
1583 4682 730518213
206 4683 347455918
3108 4684 803696264
1302 4685 12632085
453 4686 74271407
4681 4687 963603771
1499 4688 542692153
1950 4689 50676881
3069 4690 212201689
1250 4691 58262393
2214 4692 321281968
1759 4693 43993617
4129 4694 49977500
927 4695 764319984
1691 4696 304406693
4121 4697 415446819
1756 4698 911657569
2347 4699 707930454
1891 4700 862746590
2361 4701 224034077
1348 4702 995947
2380 4703 928317913
2787 4704 754266538
2373 4705 649364692
987 4706 260353974
504 4707 971687895
231 4708 680197748
2581 4709 946476058
4622 4710 560346572
398 4711 224945031
1359 4712 862285920
4313 4713 567810700
2548 4714 36324245
2136 4715 476764611
1886 4716 747047280
3649 4717 269437383
2832 4718 39396611
2475 4719 162544050
744 4720 827492468
2557 4721 830754209
3100 4722 47171173
3177 4723 544869564
1982 4724 234237225
604 4725 643632120
4631 4726 721132567
3894 4727 40163499
3648 4728 994720418
1029 4729 873888033
4295 4730 687183512
108 4731 504853243
2457 4732 262141284
3862 4733 712615744
3599 4734 226374345
2235 4735 427282334
1154 4736 217881519
4031 4737 928231837
3952 4738 589992952
1770 4739 43153298
1071 4740 77869005
465 4741 715812973
4272 4742 722498982
3412 4743 794588303
2483 4744 601315713
1792 4745 555030011
1112 4746 725700964
3994 4747 26610372
2873 4748 252618188
2458 4749 649145272
3061 4750 252147811
164 4751 744184416
1749 4752 918798729
2296 4753 851426342
1762 4754 359088569
1493 4755 765525768
1972 4756 968632334
4218 4757 801650213
4343 4758 659324778
2182 4759 879242948
3546 4760 186407502
4535 4761 777024083
4424 4762 865026499
1705 4763 138335010
1517 4764 674537087
3666 4765 779645230
846 4766 860974017
2612 4767 735827876
192 4768 279229498
2535 4769 928537713
1646 4770 597491378
1030 4771 88385869
4027 4772 78271700
4338 4773 244481566
1202 4774 724673621
4068 4775 243342041
4266 4776 710752640
220 4777 814190773
4533 4778 480231494
4022 4779 855727286
1777 4780 271137870
2743 4781 558529509
2718 4782 566609231
2865 4783 113394976
2960 4784 378547148
2672 4785 480994128
2520 4786 883686373
1164 4787 710667787
1020 4788 512880397
4604 4789 857709834
1525 4790 659875229
1150 4791 612518904
2441 4792 743116467
3963 4793 749801107
2965 4794 83482
3662 4795 857467077
3352 4796 333214155
1806 4797 575255552
1410 4798 417648503
4776 4799 375781974
942 4800 817361358
406 4801 531882517
3256 4802 796344738
32 4803 722662737
4590 4804 289851102
3666 4805 944527297
1991 4806 898866171
3642 4807 177405324
551 4808 217461793
3202 4809 276617412
4118 4810 653508141
2110 4811 468504988
887 4812 385294914
3256 4813 119987891
2126 4814 749473619
1284 4815 223300528
4249 4816 347770699
1142 4817 259599610
1408 4818 523812384
2710 4819 274099657
311 4820 213361620
3683 4821 617758349
4737 4822 237517478
557 4823 904640092
782 4824 760783924
141 4825 51395618
187 4826 311940037
803 4827 14621426
4201 4828 613314436
268 4829 540609351
2242 4830 430415560
791 4831 135747834
3064 4832 364348211
3328 4833 501648158
4369 4834 195487515
2146 4835 315101408
3666 4836 375586141
2236 4837 334937659
930 4838 567483473
785 4839 746121413
2125 4840 723145357
3711 4841 521647779
61 4842 268684573
353 4843 989503533
1670 4844 864623252
3982 4845 556959184
3023 4846 620599883
3681 4847 395456257
3269 4848 117601349
3594 4849 16434362
2113 4850 668367618
714 4851 35729220
757 4852 235504096
841 4853 382020634
4088 4854 215449509
222 4855 288816983
2950 4856 95684364
684 4857 896365939
1580 4858 791867957
486 4859 60620624
1702 4860 658972058
2307 4861 404098441
2290 4862 741945186
4051 4863 677277359
2447 4864 729049214
4501 4865 310374667
2004 4866 696506777
452 4867 573473789
2330 4868 504923933
3025 4869 287675602
4680 4870 310000565
619 4871 304734754
2529 4872 223504282
3095 4873 604781646
1827 4874 5602761
3647 4875 722433209
1050 4876 455245209
3239 4877 37155442
172 4878 644386387
3883 4879 189290626
2317 4880 429015086
1704 4881 204716066
4229 4882 27650504
1572 4883 690201660
192 4884 618968622
2673 4885 657235825
473 4886 835891118
4446 4887 358176220
167 4888 477208128
2726 4889 714373842
660 4890 649587310
4703 4891 286236869
2304 4892 262240235
2031 4893 600197909
1263 4894 25618677
1692 4895 484189912
1101 4896 827784017
107 4897 352143268
1591 4898 123372467
2434 4899 303739987
1710 4900 86206101
2468 4901 434363927
3564 4902 85248317
945 4903 510334969
3108 4904 102441808
2185 4905 962967952
509 4906 356767354
465 4907 835943599
1954 4908 573493138
3251 4909 829403257
4565 4910 365110551
2092 4911 177536792
2950 4912 152484286
1471 4913 428582345
11 4914 309220723
1768 4915 471906659
2459 4916 923763592
1911 4917 612938887
2642 4918 76206645
4138 4919 11063436
2058 4920 103119017
2672 4921 353961579
4822 4922 533809277
3677 4923 89439367
2768 4924 930809430
3185 4925 488929022
797 4926 239347879
2213 4927 6303897
472 4928 11725565
669 4929 774116087
4216 4930 570087561
4444 4931 607729565
4458 4932 539796161
538 4933 753818392
2123 4934 21749099
170 4935 937829577
1681 4936 640067312
3932 4937 47197448
4010 4938 419734099
2296 4939 125307008
2569 4940 577744669
640 4941 781620052
2786 4942 552784340
604 4943 132508206
3107 4944 28501641
2279 4945 533223521
1148 4946 119694836
3032 4947 360068920
4751 4948 372498215
4872 4949 503015025
3174 4950 231949287
1064 4951 673240868
2393 4952 134818106
3605 4953 732545725
2804 4954 156019977
1167 4955 70983560
651 4956 677074724
923 4957 639035864
3489 4958 389182559
1149 4959 678650083
3585 4960 352137712
1172 4961 886684722
3877 4962 546155184
3237 4963 899162955
2372 4964 762713714
1582 4965 869318341
4306 4966 747592829
3083 4967 608801862
450 4968 932266944
1252 4969 907215385
3480 4970 388272267
2629 4971 371477901
1469 4972 564159224
697 4973 367968038
994 4974 244031949
1665 4975 466457991
3189 4976 629426549
4205 4977 970257786
2859 4978 842249824
1475 4979 311281596
298 4980 673974359
1816 4981 358508639
3217 4982 775581929
1383 4983 961474499
2022 4984 869728174
376 4985 880029055
2854 4986 974305419
329 4987 393496506
4313 4988 3879654
3295 4989 636716537
2975 4990 943172449
1090 4991 416550899
1370 4992 652207072
1830 4993 619529886
2877 4994 427477088
2104 4995 666441380
2499 4996 640637095
407 4997 596965349
1130 4998 773482497
254 4922 583517180
1862 2778 560467449
1260 721 613728270
3998 3924 651821629
3869 2670 321397578
1235 2293 383394447
4627 1060 234797588
4258 4958 694821832
138 3230 722096518
776 2139 604296062
692 1549 558231210
4562 3654 325694410
3005 411 407993577
2264 3593 526499419
4495 4331 125156261
3113 4103 310829482
4106 3089 301509392
1836 125 444722710
2832 425 39617648
4180 4093 618165981
1138 3606 692749657
4625 4895 229738489
1510 4036 773578865
1002 3532 606663575
3358 3412 539682725
2997 4859 689578763
4748 4039 781005949
1055 614 134144889
4929 4308 978223299
3684 1989 108209633
3411 3197 73900886
2684 3856 259173371
1549 2799 300756041
4843 3611 149927582
1445 4970 308882546
3418 3386 289875617
2822 550 407626902
4456 546 791092504
3156 318 377507520
259 371 448982980
854 4569 944662241
2835 2457 539276244
1455 1721 69134880
114 3793 632729536
1232 1408 217967132
1637 1996 812754449
1275 3798 845118201
2778 1510 17248581
2085 808 379457004
3073 2190 932467610
1667 1362 339879827
3463 3333 343157500
4654 3053 473542403
594 1065 23190850
1163 2597 981212987
2941 3632 606426101
1012 2489 851998274
41 640 135060937
789 2141 409668168
4067 933 146790080
49 2807 30485400
4263 1050 987444735
1318 2574 468223082
1611 399 354761980
330 4712 938215841
2768 3029 502593303
4807 654 144403404
1336 2238 453467624
2396 3507 21778989
2991 4269 282956222
2503 4596 633483897
4402 1350 166179469
516 3555 533878058
2006 4748 146700686
2233 3620 741009145
555 2459 393342265
1979 3654 529323634
2147 1198 531510014
3256 3928 406379844
971 3881 843089978
2593 4037 692948489
4511 2821 915991760
2568 4879 774595236
345 3870 743436685
3308 2559 582674114
2521 3541 498713750
4111 707 891790090
587 2141 303143450
1523 4989 424551318
3670 2496 280555594
277 4631 169332392
2970 3173 58487249
1139 4516 503855338
602 3229 120021028
4895 3555 546996748
4483 2255 763258713
4044 3039 762287364
2541 4511 25777957
624 2471 788066982
973 116 198204458
2803 3638 794928426
1110 1864 716703527
3974 310 64523997
2134 1861 210021114
3576 772 472382230
4666 2369 550055303
4460 4543 146143056
711 883 609250254
3938 2605 63022459
2901 3318 644829649
1630 1592 152154566
3717 1668 165640579
894 4339 233315670
2008 4303 102439598
4050 3275 827169679
1604 3916 529313874
1679 3563 810256793
2739 291 494317975
622 2516 937756887
4770 4675 237461430
4667 1360 205335478
137 850 917434248
3340 1641 435208618
3245 2194 464089755
4357 1936 232650614
4243 2372 824248556
4787 2801 747939259
59 2705 176460319
4163 898 296333528
4837 2334 885812211
4130 2685 531178447
4017 4743 660192851
1853 2335 366866486
3055 1699 531680899
1144 1407 167972693
2138 2730 167126005
3200 1234 77689687
3317 1751 664532372
3652 1349 130226145
2149 2131 71953351
451 2626 902943646
2056 2811 488957970
2060 4316 37108347
4607 4666 544759214
4369 324 597399230
2161 4026 305649974
3967 323 584219267
21 4586 43928127
3975 4182 400347219
3642 533 8137518
1278 421 653410889
4192 3824 58932607
2698 4984 993391470
2005 4836 744453781
1656 604 769570062
231 1198 759929507
3058 3617 514535896
1256 3217 437335082
170 1528 884231554
2422 3734 252023091
716 4305 972671124
1598 1728 517789359
1313 4193 278257091
3148 354 587400156
2195 3319 989802063
854 3176 774612816
1665 4199 90393058
638 1693 989857558
4853 4928 692597798
478 4944 507863593
4593 495 56373140
1620 704 926164451
4813 2634 757136305
4855 2842 989226102
2178 2401 602761457
2703 4730 493606456
4687 4756 413528020
4487 3498 769203181
2871 3054 106418897
3876 1306 103378799
2905 2385 662887935
1821 907 923591835
529 300 730483271
1681 1239 135391731
498 4397 368732160
4902 2384 652977196
2719 1560 359872709
3733 3443 861540250
2680 4117 76761438
2834 1291 106371209
866 4211 394400105
3236 1777 349166376
2497 1135 904354195
159 4369 488178024
2352 4466 798267417
4552 2336 505048
991 3149 492162365
180 110 554442547
4109 4730 332910642
1917 1572 594372468
1418 2246 268515877
3871 1341 423236841
993 3200 472166787
2630 4126 717307966
3898 2520 763253106
194 3624 524654353
410 709 938533282
4443 4004 963997802
2292 4532 182738376
4800 4255 414419797
828 309 654981677
753 4177 434261048
3901 1414 899195069
3398 375 721288919
4603 1623 112299207
3430 3387 221917297
1971 1293 486458964
2158 3124 805918490
496 4508 69617076
2348 406 886771824
419 4922 466294332
1435 3929 676230278
4463 1387 374135842
2723 2176 430878761
298 1791 766041097
3570 4608 141254706
3448 3337 897403176
2071 3188 45930348
3467 2507 978494994
1795 3284 563840011
2197 4988 532084661
3710 1051 948080406
2952 2318 390892636
2594 218 72471561
3072 240 181237135
3450 3869 277212217
4345 4597 941989242
4073 3494 347231215
4221 4821 344362244
1798 2801 394503257
1044 3460 682262136
1677 9 816421798
4579 1726 991892662
1168 1568 259656691
217 91 621453783
4444 504 325795362
3355 2426 426060933
852 4512 768022391
1818 1961 84888476
1928 2952 973779233
96 266 866111644
2167 3087 430923196
4086 1166 255828070
2659 4606 874396915
1995 1271 418142347
2615 3706 252631988
4186 4047 507250414
4714 1298 343392010
4215 576 65312467
310 2524 898395814
2205 3821 716537996
2718 1952 559832357
3526 598 324433356
4135 2965 473205043
2234 2521 464768589
4719 3275 126755574
1377 2308 322316979
88 4988 655878228
4275 4506 475991324
211 4812 214110996
851 904 261417431
4118 505 923882926
2363 4786 711374227
3940 2601 882457455
2634 4848 264245963
2373 514 91553473
3924 1257 54447230
1423 2522 185348146
731 271 291725071
3538 2196 45412672
53 4615 56213463
4766 3888 90316481
691 1191 176157820
578 3530 302187676
318 3229 255791765
2833 765 829371953
2129 1350 459131608
7 3466 74665300
1949 4948 678412828
3945 2310 983071680
4498 2763 779940339
2877 4162 89280580
4682 2128 514300961
3244 2481 42439879
1085 3577 80949208
2966 584 466312493
4138 2247 313896970
2177 4944 896894004
2455 183 25770722
4958 3764 93898993
4343 3121 25840359
1159 1363 981337723
646 2899 99529831
471 4576 869181245
4392 2468 566274633
3402 3002 750407286
725 1327 464453694
1857 1147 168798172
836 2688 73847512
1225 518 665170606
207 4205 284204832
1349 4481 840961878
4735 4166 976569073
4828 4119 28232238
3247 3506 407796941
4532 3992 92700140
750 3267 62101183
1200 974 302315289
4127 3966 757742285
4042 237 703948273
4584 1048 589852900
3822 4511 365386580
2199 3255 918354015
127 3620 735586043
4879 4617 996128618
3465 1646 95855637
3493 2825 204817114
880 3672 618478418
3359 4007 858314631
4510 42 157892542
2962 3544 3241397
1150 996 951978771
4514 445 916731992
868 3137 794945964
4354 4994 999427578
3012 4840 965755077
3748 4960 422364000
618 4563 456761909
4593 2605 66584271
3221 550 642010249
4239 2772 617716688
844 408 845175157
1548 4736 351825703
4012 1917 377401966
4161 3353 133880702
2403 2846 183445968
133 2428 577866933
1812 1466 905966938
2728 4474 357212518
1155 782 872340929
2357 967 257637784
3138 693 668619053
1571 58 124822910
4233 1829 933057832
4100 4451 557585990
1489 1630 442206508
2117 4441 646162863
935 3140 551040673
4031 4455 391282875
1994 2730 499826716
190 3748 374529654
1644 2828 774212345
2114 3111 991100671
1251 1694 802111339
343 4989 942886481
4517 1268 393685402
4320 4232 508274736
3975 3259 694539920
1531 911 896994030
3591 3030 351529372
914 3644 603720918
2995 2214 900356776
3296 471 816336530
4921 1082 101966648
896 4183 382384796
1639 3296 601604033
4575 2479 259601054
4511 2175 416569550
4185 2685 346188826
730 4945 108720318
1434 3239 135242607
3591 2519 205918035
2986 1585 317081985
2867 3083 995496738
1458 4561 685251432
4377 2470 925520595
4154 483 915954492
4424 766 32802348
1779 2922 45637438
199 4692 969726618
1390 3539 536251027
1195 4001 355900319
4024 358 831116300
4831 4688 352483550
2534 4955 460596752
213 4951 236284406
1785 315 652655301
4661 2368 819783317
2974 4133 389595433
2192 950 595335138
3794 346 756097210
963 3979 805781625
4312 2030 742083047
1496 138 663550014
4115 950 190922814
1975 1899 157695095
30 2199 692719500
158 4110 336584979
2961 4230 727766695
667 3968 679645849
4229 818 891656486
4672 4030 916792466
1092 2781 175256970
1370 1060 844173981
2029 2877 937225687
271 4420 800194427
3387 1807 851849179
2765 355 991777549
840 3532 922579894
2210 4480 438126718
1261 3782 39449385
4071 42 13796530
1535 3232 871950356
4505 4461 583190668
4480 1445 243766766
1892 3361 318240482
1348 3614 339335893
2640 1516 357552401
3511 4577 27928923
2728 3119 624889623
190 3602 577820832
290 2165 523733490
910 2930 368922405
3417 4916 17393097
4502 2393 658938906
1855 3642 159408151
2242 2902 858496985
2911 1281 482248450
2450 3791 133802397
2119 289 262596570
4567 4968 58603177
3915 3467 531919809
865 1393 358217964
4766 2243 343678929
2517 1202 123230327
2424 3772 297930604
772 2552 812619247
3891 1885 849468493
1041 27 290609342
2619 2802 958781331
78 1922 396085965
2612 4229 888052573
3011 1702 975814507
4538 1153 266686322
2320 848 335368219
1402 999 615279470
1880 4815 749062288
1226 2680 806974437
962 3294 875090302
253 2868 996331068
1004 3172 795982160
4651 4802 265804079
2707 2405 69128826
3235 839 17462276
17 1899 224512146
1856 1671 443011530
800 3024 329843043
992 3772 443868328
696 2359 55951737
3297 1236 324899614
2469 882 695274466
3529 1541 14752042
3157 2908 451683655
3242 2250 79335992
527 3631 792544775
3217 1466 62366707
2652 4306 795451318
530 849 731719949
464 3621 796765118
4659 2627 88377199
316 1345 312102043
3076 1173 934928555
988 4498 496147676
2226 1042 73726476
751 3118 987632390
1776 4947 198649757
292 3022 910791092
1982 390 620938515
216 3189 796808693
2103 953 925674540
1004 4484 130403513
4916 4671 279002624
2185 3607 211564691
1754 4161 925082390
1214 2104 55134049
2637 1744 810408488
411 2531 94338121
2947 3237 15341535
1064 4110 72334277
2176 813 92091946
3059 186 326183988
372 3535 691161898
874 4355 921624915
4383 4109 494294950
2926 888 895787253
2980 2108 888378906
2042 5 586513125
4734 1412 607619573
1787 3632 88140001
2619 3382 369598993
1368 3974 613920839
3467 1203 176185321
4907 2761 791924753
4736 2735 832546971
3373 1557 325999199
1583 3417 854129085
4018 1059 496825577
1610 2987 367504256
3121 1127 30852737
1869 2045 611617204
959 4374 180774653
1095 1034 634284334
156 47 209792717
4480 1090 146537547
4994 2840 40521469
1300 3089 544671463
4621 3969 759484303
2853 3468 727111853
522 4618 172489950
1027 337 717979766
2369 4198 278018194
3891 450 144850466
1275 2540 140229805
2805 95 481709906
4186 4168 861016979
4936 3666 731820678
432 1762 160419715
3659 97 657477931
343 2670 714703935
1504 4048 894328826
1613 272 198839549
2315 753 623069788
2680 1027 535108948
2373 1671 782569038
961 4929 361667702
4422 4990 305698736
2512 2131 456266221
1441 1438 793266594
215 1837 25609263
4413 894 897351332
3703 3746 946516693
1460 1667 910035487
2737 4778 530017104
3190 1450 559010994
3108 694 802341154
4516 1333 258348163
2515 2952 298823372
670 4992 124623365
2103 3298 264246706
3322 117 592560626
4991 4044 414348923
271 3894 421582954
346 267 116379471
4192 3300 128651325
3403 537 783672212
2704 44 444454182
4219 4739 619382588
4216 698 754862737
1329 1002 414103559
2285 1217 585390386
3587 2070 625718556
2716 3100 525456236
3246 4490 744587498
3149 1041 510787814
4172 2954 333227863
2554 2023 214560030
3020 2958 33719376
4650 3362 640319489
4305 403 190888772
4121 3724 219941392
4996 1460 90688871
3827 574 953568370
2060 3160 588595516
4429 3900 466466740
3726 3043 173607833
2340 2067 817964398
2525 4228 72816662
392 3890 673980370
1540 3735 62349204
1263 3845 828498170
1800 1504 243975506
1346 2987 944095534
1103 2207 706197939
2998 2942 532667517
2814 1454 687655387
1629 2411 986027073
2796 4071 894036745
3785 624 779502103
2728 518 595145721
927 4434 986596996
4655 4346 724188481
2183 676 552498545
1249 1078 334618983
547 610 468408522
3280 3066 151013798
2104 1296 282472545
1169 4890 983439988
2234 1493 946066978
4947 3922 543140965
3838 205 524159685
2705 4247 948811589
4537 551 714992814
4429 1059 737814686
4452 3488 765558819
3425 1704 510145459
1773 316 500124172
1324 539 135440896
3406 4833 681732585
4266 4388 783425428
4486 1063 726028944
3806 3515 727453114
4454 4067 304144312
1956 2338 352322739
741 1751 9233080
766 479 65218148
3740 3403 429214505
3343 2507 109228245
84 1532 169074720
4206 46 140848219
4631 2249 884186059
1313 1113 788728881
2872 2379 321115114
1182 4127 738354089
955 2574 972467187
652 3238 138398902
3654 3058 553272906
4005 2437 501772084
1571 240 669398264
4931 918 884249105
1498 4279 721771975
4173 4582 541398897
1307 329 816355795
4229 1422 384322261
9 1852 659915835
1184 3238 547927856
1194 761 818254609
130 468 149688814
2058 4601 81587192
3007 3546 94302432
678 2097 990090450
2579 1584 251743788
2310 1911 441999228
797 2538 386391355
1337 4764 827792398
2768 1543 590781780
3836 3350 169738619
4057 1556 382039862
144 1594 351186633
1128 1207 639513810
1301 655 652685939
4377 2049 10276784
4550 3033 789117300
2367 2698 255918927
3143 1623 219852817
4014 448 495024517
2830 2646 74116172
3853 3360 408138664
251 928 88706834
1741 2844 507605682
2714 417 505162632
4835 2227 751536155
3616 4284 284580557
1557 3881 571301883
4011 2593 298631920
1411 669 816999055
758 4133 74259829
3846 2760 895982206
3343 3269 348644900
4338 3219 921056876
3947 1535 34893012
2651 1967 40842718
72 1449 540324123
1033 3771 737869958
1534 4111 625507901
4227 1504 619514922
1683 3411 302385477
1042 1291 312340474
2356 2008 482273196
1737 1241 737334960
3860 1135 213442471
4066 3805 979156056
3032 4505 589027542
1578 4100 501140085
750 88 897135906
2333 2599 762537045
4643 3730 127624135
561 1141 401235585
4700 4948 321161625
3115 4603 227126920
1470 3554 568119781
1294 3313 123106478
2755 3674 826484832
3852 936 702573367
2022 83 772312302
1364 226 414529710
1017 4782 586919420
3142 1256 44789882
4327 2892 601557563
4962 3847 447876829
1322 3665 395061983
1800 1274 916703795
353 3087 553875036
2047 1410 216816459
1927 2466 881941654
4374 63 589191913
3277 1474 676937175
200 3883 674648671
389 2812 970753757
3921 1419 654111428
3923 2890 387497180
3717 4994 609326013
2466 1583 71442805
1146 1198 413440602
1475 237 984453204
1680 1229 359560339
168 1046 404572241
4603 1075 275345721
3396 4234 420673069
2913 3263 628351616
1779 2368 229005264
2626 580 53521037
3273 600 240518998
1425 3819 244021445
3378 3564 30102911
53 953 681821438
4787 4345 194877241
1366 1296 846354366
813 2859 755696986
3055 1426 170590336
2141 2941 887090198
2760 3114 555520586
2249 3640 534496357
3004 2782 653599403
4517 2855 638894889
1114 1781 140026487
2439 2125 527953446
4667 3778 965615834
3212 4878 700223734
1551 4572 130575032
1398 465 439617132
325 3247 764818028
2867 2308 104084071
3162 3755 449024284
2638 3723 910229214
1909 3560 582835217
2940 4260 164022868
998 3632 788888578
3881 4602 671760752
2112 814 256733979
3422 4948 125988262
2121 2905 574407243
3287 4409 402889625
2991 2564 978838342
3531 3649 780037842
4088 568 890459148
3337 407 41987499
4782 688 748710165
1238 4671 321171338
634 1232 584924092
2850 468 853959586
458 4948 672867376
877 2333 613188697
2041 4630 352617309
3456 2393 28769570
3356 3566 893918277
4448 4803 53185671
1298 753 251101192
2185 4415 878053989
4343 3610 348405117
4593 4217 753511664
2460 310 558664337
4760 2508 247742624
891 1945 320228186
3993 699 542868339
1928 4126 401584614
1144 265 983360057
251 4538 67859377
2516 1694 509348016
4690 4287 884933732
3824 4339 522594529
4586 546 909442232
4461 2000 31815908
2723 4610 561838616
4286 3010 299375919
1232 2854 16857937
4433 4376 355837978
4978 4143 37299903
48 1639 640953012
2897 2576 820477535
2244 4310 976053595
4637 2081 149085939
4794 3635 757665179
3672 1054 361662149
3272 1095 198208128
4489 3784 244866311
693 1071 306863771
2491 3150 718451800
3726 3068 604244865
2354 4957 641976546
739 3536 425089630
3660 3760 695916845
81 3983 304703882
4518 222 317704972
4839 1993 641678837
2149 3378 138541113
3684 2379 394897056
4775 394 477477206
1468 3305 240449063
1365 3359 356849738
4783 3851 921447037
3449 3305 935193980
3125 3913 912103514
625 3656 996228244
698 4609 916429164
4587 3577 650386852
2344 4668 598580558
4625 7 996827798
2292 3878 74162143
1254 187 485505419
2319 4210 496621312
176 4481 542909141
2763 1622 270353933
1193 2017 83759359
3999 3336 957917875
143 3862 467061615
4084 4675 652415236
2536 1833 46520745
943 3870 265734377
1558 4943 247641075
910 3330 100298196
3411 3615 405375976
1660 2846 152009360
1029 2805 297000618
4224 70 432572603
852 2388 42380850
2603 357 954089462
4806 907 234015925
4041 1985 101245924
2576 1861 721957163
4747 2885 947292216
250 2247 589865850
2697 2369 691078343
4660 857 904499184
3706 3360 713853115
4955 2909 604904950
1267 4170 487921980
1291 1053 591776918
4545 401 535284717
4734 184 80718560
511 3017 189889776
696 2774 676877083
538 1014 898911522
4191 4179 145181440
21 596 404377780
1614 532 968635204
429 2488 176757415
4276 1601 652905965
3879 4258 977114134
683 3269 900258874
3868 163 237637529
2014 1073 407547664
38 3928 592199567
4378 1899 636818044
2425 1887 633693580
2466 891 513450184
1285 1480 409666464
4938 576 838875330
4823 3490 883308066
424 887 749585979
1676 4477 468631749
4372 3639 123111730
3560 2723 253571902
3573 4866 570413733
2852 4724 598827388
2610 1771 516346580
4855 3894 783337105
1090 3245 104835833
2828 2298 798411977
4831 355 737205831
1556 876 107563143
3293 3161 602578931
3290 4043 638667228
2592 2742 936470908
3761 1722 829341974
284 4579 38544093
2859 3880 904871606
1437 1540 150887092
4167 4460 46021203
1819 4138 470745308
4373 3596 194078712
2960 4525 3376612
4307 3376 460576023
14 1461 695889580
3240 4780 135869517
412 2743 642470497
2596 4137 542193523
1951 1837 84404903
3248 1960 171061429
254 3529 268130585
588 4086 61592411
2553 3307 719442912
1737 1476 554340630
3002 1112 959948405
1865 2144 147979284
4444 2600 943962107
2673 2390 189963945
4948 4112 473991843
3832 150 636903094
1167 2354 850444634
2971 3710 10232967
377 1494 453174607
1844 2435 609208452
1470 626 738483029
4678 4729 38705838
1991 3858 304080216
3709 3390 219455717
1648 2549 843264457
73 3433 820594612
159 4486 505857732
4315 4148 153819774
2981 4778 791452783
2780 30 132527709
1868 2696 429977205
3334 4896 425246127
4093 3689 3708561
850 4004 990999938
2900 1436 782372805
1725 1743 163481546
757 4401 496179311
374 3874 816690682
3684 1655 116724005
3706 1981 462680119
2938 1348 708841832
2992 3127 200954679
3735 3953 878477384
1066 1390 656486326
3580 200 892019153
2405 1815 108392561
4852 3951 640319529
1760 2827 612620555
2478 4692 636606270
3163 1206 60786634
4466 421 157893278
1855 840 275020582
428 524 925669046
4499 1523 211446866
1053 741 965507109
3034 857 402683218
1237 4396 922590920
433 3789 544972813
436 3667 367020533
1787 2242 724421412
2791 790 89945474
3343 617 846631700
4733 1920 10113432
1828 2570 29382791
3783 2883 583295638
2327 1614 240062114
2200 1250 968692998
4179 1327 592971249
4586 2918 329420202
4978 3606 278151378
4416 3902 372144678
4687 3304 371605069
2077 4942 150361100
409 587 384947461
4775 2610 511385520
4423 3742 921738994
4732 3544 768098831
2824 2049 903743218
2817 616 82168823
826 21 986478558
1927 4836 529471518
1584 1238 159350326
3537 3508 542860744
1672 3531 87938551
1466 541 618264078
2153 3517 946662710
3342 2743 727975891
282 1112 752253228
1513 198 625952952
4568 3910 502785919
408 3615 757238032
1188 2830 301771809
3854 2112 969663923
2030 3954 835572832
1715 4071 509333778
847 3249 952500395
1251 2940 707283381
2455 3374 251240755
176 3258 90659234
4490 679 161170018
2185 1905 66886134
1497 2309 747967626
4117 4833 844347871
4834 2100 744007114
3582 3479 103470704
3164 2043 142510015
4267 4140 415681991
4868 3653 278642579
3056 4673 817557097
1625 2196 777024329
3118 1610 836995079
4576 1508 134648400
918 104 429991027
1738 4382 489220077
1165 2784 814239666
3077 532 278956169
1474 4652 49599036
1983 3419 350905999
3422 4796 363626031
847 2792 252904883
1294 3805 837600269
1956 2656 353856244
1914 2444 443440911
3706 2880 550038945
3793 697 202901702
2546 642 671004764
2801 3777 290244088
4856 3438 583792672
1813 1678 9229323
1815 94 199313960
2057 4834 416262606
964 4252 221549819
544 552 852087215
1912 3496 969170174
4323 1348 602021691
695 217 896258040
2449 3757 310007312
3416 961 288140461
558 1013 42921828
4298 3181 120097696
3996 282 578117765
1788 2752 525489441
1105 4853 898046775
2015 127 366570202
3704 4015 172546831
3727 4655 782229813
3150 2612 126136389
3972 2048 282891944
2592 342 437669757
449 1030 484354648
3246 3644 960239790
2720 2016 536435706
1395 2522 903857215
2541 4991 932208422
2607 1140 176251202
1198 887 131781510
1969 83 851391371
4088 2722 438088647
478 3117 382869371
1144 1795 885032291
2972 4209 471113410
2419 1443 554283825
1871 3320 494564090
3333 2394 333421669
2422 2615 822141209
3043 3372 343256214
1453 366 519657968
318 2493 134535734
4525 528 360541829
2311 270 998686817
2576 4743 719807548
538 2212 352922843
4391 752 339714788
1050 2470 585133291
3965 2 650684013
4165 3788 407979454
3995 1882 124496683
3066 2185 877088700
3666 814 889012608
1954 3506 612080780
4605 758 128333042
3086 3707 238848291
2364 1515 125118942
4078 2943 213696848
681 1755 881663460
1695 242 40781551
642 3083 632901380
218 2704 16742572
3196 3971 20964730
419 3816 241800262
4644 1583 348797054
401 3268 43182988
2221 4723 470647447
1343 2664 514262628
4717 3946 439730536
3110 1935 268878647
3771 465 528367705
4726 2445 648046512
4657 4378 316142833
630 2274 67726908
425 4635 856548446
223 2748 441189000
2784 502 778701556
1208 1623 896392093
1558 4041 97119845
69 4602 879775796
3757 1430 20018913
2037 3604 702167445
3670 1890 130435218
3205 2582 510924982
2937 1314 925385034
2789 2484 862707853
4605 2097 880995574
4535 4524 599962005
3241 1696 993405459
1284 951 834390097
188 2158 283646029
1018 2815 210144825
231 2569 95159902
1947 2221 223358475
1830 2880 523948461
1421 4106 153102007
2165 3490 386097310
1550 4063 660171680
1561 4548 845746498
1519 390 635282022
4642 3702 8631423
1691 1295 537829402
2574 1867 876643916
2410 4843 899625860
2443 420 992624390
282 3557 759829569
4397 4938 792806830
2644 3462 541104335
4452 1488 553460698
215 3047 921695189
3188 4887 569624330
570 2385 487339076
4317 2364 785772182
4950 2577 814939000
3006 2035 504623787
1222 2047 809991627
2521 2853 733964031
2749 760 416184818
40 3882 874277011
2163 3848 381621369
4552 1628 550388480
2764 1704 191578902
1223 87 354205911
4771 853 453460770
4236 2967 430246092
470 604 941023324
2460 795 917573880
2008 2052 345255455
4055 3011 315976053
1356 118 314419242
1987 2715 281149421
1931 4261 822331973
137 2147 877948107
1743 889 489146813
1780 3762 516656899
3833 3866 946328091
3863 1386 125020317
4460 770 62524449
2463 429 925080952
409 4311 846861896
2167 4370 586005712
2686 3013 257762552
547 262 445951808
3087 1452 206060628
193 3928 726804949
2734 1632 355477753
289 4361 510651875
3168 126 147203965
2879 4257 417648005
3817 2358 879879083
1603 3840 734817082
748 3033 526715453
1458 4899 702005101
2743 2204 868284033
4826 3258 748092611
1987 3088 99136289
1575 4563 698568694
4696 4365 292482139
2123 4701 906820990
3684 1660 35004245
3592 903 969323497
2846 4310 766696948
454 1789 734905120
4767 2285 978150136
4552 3158 600044725
3309 44 744041429
2027 4051 313292087
882 1907 399699210
3531 2085 83305096
2219 1416 160431501
2578 1658 36319821
300 4260 744622648
220 2991 670145462
646 3210 246449918
4933 3722 257727559
2267 2515 663250747
1577 1631 104922284
2520 851 753959942
4515 4544 524451573
3516 2456 480091854
1896 2900 904146398
3887 881 296976802
3847 2096 610778594
4725 3734 482577050
227 995 805841643
2186 2651 555641471
271 1572 482014716
4695 1726 611608326
4376 1899 610479209
2425 4887 991281151
3094 4993 353947630
1291 4777 175740236
1952 2614 993897765
2797 1714 650942407
4589 1724 955365866
2476 4882 44233071
277 421 969733743
3948 3011 926542570
4092 2022 203609988
1754 3059 635024951
1925 864 155903048
4708 2888 976861904
2519 3161 515912277
1064 2297 224589553
708 2510 91792621
4260 171 840234109
3494 2091 517096263
1662 427 76437246
1998 218 747564211
1807 276 536975808
4499 2269 933370388
3528 1674 541309199
2929 520 87726514
1048 1701 888272609
407 2600 623771940
2316 597 319668075
2905 593 994364689
3791 2301 952994098
4080 1544 479329835
2927 4837 533940392
1806 1863 333815335
697 1565 711531922
3326 2875 917060619
3272 4154 836467054
680 1363 160552434
2522 1000 402770747
1378 4573 888523667
765 1798 139000991
2640 3323 363522953
1772 4319 130384136
2884 3561 346565766
1099 2221 447665688
2209 1093 271802563
4201 2372 860108185
3634 3922 959800837
3925 4430 900461842
1475 4036 838107139
477 2447 138752786
3660 2575 345585779
4814 3080 505616881
4456 3547 905983560
1771 2889 739065630
362 1994 748794586
2758 1686 386041442
4025 962 842708701
1758 3755 272348049
4759 2811 563015335
3780 3191 842264718
4439 2238 524659272
4058 1989 211115976
2416 1285 947929326
700 2706 69729741
4183 3918 308555813
419 887 715894143
1149 1134 528819253
4525 848 235949390
1460 2653 312129678
3034 197 141836823
3938 2812 203278879
1875 895 166455388
3428 2153 823855271
1150 1626 498019489
4895 4479 260842974
896 4487 430425812
2210 1203 708439512
2846 2708 893465942
4734 29 17474423
2918 643 201248005
3811 4565 668348734
4785 4760 389907819
4924 445 150780406
3809 4327 386966896
675 1983 331810298
2678 1821 121133172
2329 3262 764277889
4057 1161 307536001
1412 2634 31298534
4893 4900 801124593
2088 2246 962179481
4295 3832 546836254
348 3402 821048835
1591 158 146814453
2989 2068 226487232
1966 880 484132247
888 3815 309323644
3935 2017 107917786
4269 3450 116802697
2774 2113 656807171
1519 2318 941827307
2152 1124 23557314
4051 2101 815050997
2069 2415 679308082
2156 1541 67682410
3417 4045 639016372
1177 3290 443473232
1574 4159 405469694
1478 4873 787345679
3672 1910 175405250
915 1127 427986531
3040 2529 79512049
1045 2105 756895609
3826 2395 111010148
2757 3125 141008426
270 1791 678652816
170 3198 210960444
4784 177 666165005
2949 3580 259475044
716 2340 153888706
4170 3452 8048428
375 33 178658004
4167 2892 215362166
357 3800 869189361
2442 2176 961747969
4620 2483 104458816
2411 991 575523193
1797 4618 608255076
159 4930 738680042
372 4041 271785569
1533 4751 565212195
4538 1647 67745448
4328 3219 138511011
693 4617 497905928
4734 2824 951503698
3867 933 515249347
2050 1760 430130217
1583 4784 571678700
1909 3683 513841209
4694 3735 609415301
3475 4803 186105093
2828 874 461773943
3100 3025 954200579
2566 3102 452945660
3509 339 318871182
2136 879 183342958
2189 1873 836930591
418 4378 309376187
4542 3242 379121717
2811 2685 214148275
3290 2976 185883670
4999 1314 930121271
4500 632 814757552
1640 40 457213936
1871 3403 559043392
2351 845 955155748
1389 2362 687690938
3540 4429 470844062
1645 4901 421501760
1179 1609 761053581
2546 3243 586250923
4568 2050 680598642
3715 1677 73878358
2855 1418 764557314
4963 3036 336089829
1627 2992 581566415
2875 3055 145443137
29 305 727344135
1849 572 49090836
4250 1170 380053083
2248 3844 273404926
723 708 43106362
4057 4606 973392993
2906 274 836750638
848 4661 349356620
2025 3616 693417181
2190 2882 719246569
638 552 153338131
289 1112 247079166
4594 1520 987004657
1910 3710 659580257
2722 3253 896818636
2812 3584 58589481
4353 1627 390267628
4829 3696 386478996
3607 59 668473484
453 3832 691244808
2509 1725 302792248
2670 3003 314234549
143 2280 320794741
4961 1358 868113654
2447 1900 597719107
4536 305 921839146
2749 101 46064137
1680 160 80917081
429 3788 239250211
309 3892 183038503
1250 2634 279379392
19 2105 921022004
4744 2983 840278772
2671 4528 450269952
4610 432 805302400
1109 382 175505987
563 2111 725258152
3125 3863 109862081
2216 4537 967956657
3490 3063 361004525
1883 271 350709484
3608 310 15938973
2023 4142 211594996
3749 3330 965684108
531 97 752431466
2008 2359 682358451
4297 2806 144067296
1701 3506 192098870
4440 4273 145321422
2675 3594 641638442
1677 2246 921296570
2579 2608 502912184
686 3051 134572404
634 423 17479709
246 2522 711986037
1652 4907 493582688
3245 787 991870429
768 800 849832736
2097 2985 862602524
1736 3351 623150376
771 4576 706560699
2357 3417 682987866
4283 885 44763993
1663 1175 13683454
4239 422 900710487
4622 1814 462686939
3804 2711 538269402
880 1299 433903935
2919 2464 961484996
4544 534 331595023
1986 2987 379094077
2561 853 23377135
2672 196 634521669
2326 3510 191651294
1945 2705 174767699
726 3460 95724940
3617 1644 532866429
1854 1441 552019198
3697 4663 672539488
1034 3480 339451445
948 1461 712234150
937 2757 78752721
4784 226 369942466
4174 1889 824823861
1290 2785 955568584
1796 2279 223930776
2155 3782 94405410
2132 1207 688923588
3307 1397 281113144
4336 1336 977927997
4085 819 264672091
3174 28 390982817
4362 2023 790339626
2358 862 333099261
2056 2818 454913959
972 165 979002745
4055 1973 432184959
1014 1554 346604809
4590 3805 703286974
3512 1182 854139144
3723 4686 989544961
169 2851 898851563
3471 1374 103104686
1964 62 121205068
3115 4641 7122047
3111 2223 153357391
3877 1627 830456187
829 335 715240392
4246 741 755303742
23 1203 950046247
4813 1327 173733672
4561 910 792154943
1411 1250 203233085
4775 444 43802300
599 1137 834959550
3638 277 257010084
2679 2381 965111143
92 2800 433414262
2805 793 439540736
4810 1842 402335591
3950 1931 695721242
3605 2243 138925394
4478 3233 869577034
3927 820 508135603
1357 2366 840206257
2376 1633 401115529
1440 2671 341139046
751 664 254425252
167 850 915032514
2595 793 651819870
4750 849 504670732
2980 2256 888898006
4512 2191 830607583
1846 4707 832636677
495 3297 705983075
2686 3297 95499021
810 3111 35272099
1736 463 197665603
3225 3275 254685983
4940 2154 879533418
1933 4211 63205194
2416 1389 328914004
3926 1234 972254654
3959 201 140503312
3826 583 89639064
630 4685 85570934
3377 1753 528074266
1180 3912 476645244
3378 435 8577856
1704 4313 650620937
4030 2306 746487955
3595 3062 544914533
4007 829 736653449
2226 4295 121856689
3259 664 92156896
4793 4228 591216874
4567 1566 315612834
1104 901 814258856
1342 3800 999054928
4811 3102 627363065
1002 3953 944792334
4190 2116 911062064
2520 3404 485615191
3193 2257 614427835
3096 2899 97893337
3696 3483 373211834
2533 318 225317335
826 4391 774077435
4700 3560 937881289
127 2888 825703672
1112 457 944647357
4255 1725 256877611
676 1843 107934884
3720 4142 616785554
4722 3678 497022778
4901 4675 505534356
4484 2086 839313264
1014 3395 247313181
2099 55 274423914
3783 951 614792347
4841 4754 440784648
2679 1275 816536814
350 4934 443007062
1340 4244 45827887
1113 4357 330462709
2526 3185 376528400
2373 90 973662733
1197 3857 100712737
954 72 414137665
2541 4838 766614780
74 531 38083374
13 4480 685692537
2628 101 364742894
1959 2324 983986681
752 770 885279494
2625 2048 597375430
153 4801 439531555
183 897 866723013
4007 1872 609867829
3696 1141 139310312
1736 1143 88352299
1202 2294 619224632
3323 4597 406425934
2748 3054 786786986
2907 3474 953622421
1456 910 408964534
795 3430 126554667
1050 1513 605175343
504 4910 111914127
69 1699 256482487
2576 4175 134543172
3571 250 400218789
915 2993 443303613
4141 1980 834315994
4968 4775 549176770
938 149 921404965
647 4653 733332226
752 3809 737752902
2009 4829 225448588
4032 3336 587722624
3478 3005 400776744
829 3947 50561158
4401 942 850448517
1761 4319 139931937
1111 3065 746082576
2115 2625 873494357
214 747 879416406
2348 4677 622931512
2984 2353 809848309
2841 1576 419113984
2143 2577 726400302
2439 199 905313089
4635 4529 47103272
3954 4353 607440447
3420 1806 580357057
2003 4292 924577035
4175 3624 906168049
1321 1165 474866734
125 3278 290690664
2049 1870 531175490
1940 3395 451726171
3628 4840 486320237
4973 3238 191692781
2544 3303 831581289
3877 640 182467836
2949 22 255935456
446 2328 236551369
3886 1649 828751001
195 3504 202220256
1354 4701 243385041
3317 2482 289642600
1515 1112 978146125
2285 883 398386367
960 3485 525070872
1854 1246 515277353
3568 1349 4370578
4295 2578 128406501
4460 4659 268232618
2744 776 868724654
451 1528 784560759
3000 4131 374043418
2050 3991 352513794
1021 4095 461410622
3981 343 512132607
2228 2722 215034520
229 4873 116267314
2686 3868 476504315
3958 3360 614917555
4987 3161 482206452
1360 4768 603530445
2675 4396 739042055
2184 4866 382984948
178 2987 323320728
2238 2871 889299996
2815 3838 273741445
1096 1387 14230905
806 3364 591315793
2265 1195 144084587
2997 2411 49924934
2465 4975 815202900
1307 4670 324441779
1825 1987 574741280
1158 2182 961359907
1436 3516 772874652
343 2124 900696043
810 2350 599851118
4202 2193 331872335
1417 4410 11626021
331 2138 392914409
1047 435 946861583
811 3339 375087549
1763 436 175846797
3156 4715 120360413
4193 3729 123433554
87 1252 188798652
3224 3805 927860278
2422 2363 835325002
2118 4411 343399488
3852 4494 274509217
847 2889 947017953
2471 199 830823148
845 2364 783429086
4351 1253 917481548
4666 1146 590536127
3416 4477 584159568
3583 1811 217796376
3831 4916 343217763
3998 3963 734566156
3070 1736 127335530
692 2228 91004430
11 1317 97229651
3260 4506 605607850
888 631 952569924
4986 4356 220070201
1951 4220 148054096
298 982 636891548
4284 60 590439318
1485 2611 230236139
2056 1748 876192201
2616 296 617390864
967 3140 220993132
939 1965 574934723
1518 3092 200944689
2345 277 215047571
732 2360 118972080
240 698 896455087
4316 1148 333417756
2875 3885 214637326
3746 4217 159841087
2885 2190 248355757
2114 1266 628922043
2278 2685 886569184
82 2909 276655761
3486 4633 602435468
3106 1217 359125496
4985 2615 190302918
3656 3178 618207883
3579 3332 764895000
99 3787 39216631
2372 2483 441667291
1396 1664 690937378
692 2272 566154711
982 1630 937489398
390 3920 847215504
406 1749 327924905
729 835 817020358
2847 3992 158473653
3676 4399 682083073
2927 2941 508169419
2266 4341 547075594
4821 2058 585436976
1755 2471 703749979
3186 2770 364016580
1722 81 7734185
3439 3025 626790494
3777 458 153126664
4202 3409 238261442
3025 2329 511267913
2188 3250 264009866
1673 1017 814447247
3596 1936 940434076
4119 4729 511138441
2703 2125 709992221
2773 69 10207971
11 3468 939604966
1740 265 229526353
248 2310 364922233
2133 4052 579254959
1706 3478 539102687
4479 169 36276636
2774 4055 425919561
1238 389 399517053
2484 3960 220341572
4441 2783 431419869
12 4331 718101256
1316 958 900743164
3899 2308 341512278
50 4697 312159067
2057 525 47147759
1023 855 208716362
2684 719 645699785
4107 1804 183063792
2936 4078 508265328
2118 2026 951277291
2 4441 943370006
237 2971 452954870
3743 4077 842904935
2062 701 269039043
776 88 114223224
3870 4611 139942998
361 3998 763880352
1751 3831 391780215
3083 4080 265501020
749 4168 793720193
4839 2272 964747260
2472 2961 94423355
3394 1725 538129290
3978 3727 766553487
2671 4526 71713620
3861 1213 694044190
1402 3440 286978045
1692 1253 539844646
4187 3613 41696929
160 3556 733015831
3992 3928 210483554
2368 171 32364784
1123 4814 289073876
3234 4567 750001865
4074 1333 573915513
4763 865 296968037
3928 403 425709107
265 1097 410013523
561 2979 791155854
4835 4983 10175625
2593 2462 610639121
2324 1750 671221129
1196 780 135017497
4614 3737 477696863
4078 81 646314065
48 2545 15269786
2090 4941 714590256
1513 3004 594646530
3161 4787 434019435
562 33 453700868
4091 3898 782457566
1545 2495 178249498
386 1840 407694416
3369 4093 184019225
280 2028 690165668
545 3237 852027739
2305 460 313273499
1553 3839 982550434
2307 71 332591055
3116 3898 987261255
1565 2282 963756899
820 4125 922292161
3580 936 831082566
2978 3650 614089265
3534 3121 108993364
4383 918 346265588
1627 1250 189396297
4954 4117 675796101
2133 530 662648506
3389 4129 238116455
1208 3125 143963990
3336 1438 141357466
2681 3206 369933187
1890 2183 199628703
3015 103 443286997
1394 2572 214200467
3359 663 443533387
4869 143 32476393
3689 4899 508727237
3832 4289 935084878
714 350 474723576
3178 2653 181337106
4939 1957 766033083
3147 3490 783531129
1972 4189 768751572
1370 3527 923107437
3289 2770 256750714
2413 1781 683711421
405 3275 682130278
3172 4486 795561109
3541 1934 470758940
1296 2695 294561340
3705 3555 570262069
693 3683 686953317
206 3554 712696888
4340 2406 42264021
1721 452 327644643
4504 1103 462766068
3184 3595 344628914
4330 3080 41635815
1188 1110 384479847
1131 4035 614338961
732 3143 371733439
3185 2666 254851966
817 3453 750974122
4869 1407 539944131
363 3805 902167464
872 3471 465825371
3303 1296 547418995
2823 2635 908735968
1573 225 282822936
502 4638 546855288
1868 2916 292267847
2082 2982 316689577
4291 128 501891282
2917 2706 903236563
3165 1852 311990224
3648 2542 820337132
3933 916 859541159
4074 3117 403708218
4216 2922 706530283
2976 1499 977584270
2049 3391 625174143
2908 652 417250117
3268 528 888612519
2078 1315 754841929
2337 4816 982664908
4245 1146 926437600
3815 4674 810118100
2447 4849 57000418
4526 3184 989916812
1446 4392 185956592
4149 3771 971727950
248 1051 279178916
228 3573 833927330
1393 3331 433576108
391 2900 430934525
6 3965 902667992
2330 1278 64080228
1475 2523 864956413
3465 4816 683543044
1844 4039 305807158
3197 832 586703849
4556 3173 381737556
212 995 519510966
856 3669 279464713
1848 1267 540889950
4456 3227 300138126
95 3905 398376533
1585 3706 337760004
1968 864 249625141
289 2800 58246769
503 1645 174886540
676 3996 925762931
4033 823 345949652
2267 4882 582173331
1122 1520 850488145
637 3038 920157756
1751 1219 306505624
2383 166 833558228
3030 1682 775722550
583 3355 193168928
4800 2863 128080890
3992 2212 781823142
1197 3402 787641171
2140 4572 502764880
4094 3271 368689996
1810 4981 692838328
2701 694 397020222
2284 592 48846201
647 4131 629324531
4124 2992 94960643
935 884 57881880
2529 4301 989587040
748 571 407013414
1875 3924 842544883
3887 3627 910617531
1610 663 341440251
3503 2211 581217547
2243 4971 975358430
496 2474 363015002
4560 1938 425259660
953 1071 960736498
4322 1156 436122717
4688 3630 277705247
914 4738 662442806
2992 734 494555592
2100 3107 69212227
4259 548 677157986
999 550 487176913
2621 3604 214363466
2639 4939 347070569
4136 4944 696232314
3908 2855 15337791
927 3225 620278284
4200 4524 497320858
4270 1750 337574557
1054 418 436438811
324 2242 535567733
2557 3416 63909835
737 3959 976824169
1068 3781 88556781
3873 545 426853186
1512 3202 528877105
4658 2297 519896243
3240 2267 411268854
4022 4946 264001953
4537 4068 971438866
316 4747 529850809
226 2856 759294183
4070 4551 406640182
1571 4745 130705755
2744 4637 71616038
1750 3649 288230636
1787 694 33197545
4388 1444 536263328
451 4924 664700680
4930 1330 695698500
437 2279 594440669
2269 339 578856488
3910 1075 911807392
3708 724 483112966
4088 1361 159516580
4008 2022 615923287
2304 944 695425808
2825 1263 134774222
796 2263 975027896
4227 595 698366555
3948 1939 985686102
2184 1698 197783802
2637 3263 586855609
2565 291 527887515
2311 1666 985829511
603 2371 71101230
4229 3270 44751842
2224 4701 207016137
3405 1231 474894278
4464 2056 477956545
407 4642 403871657
588 2415 264627901
990 712 890997056
4824 411 772774546
815 119 425722130
4820 4454 389415865
4770 4980 642251430
479 978 371127001
4966 471 227478563
870 3778 547972688
3062 511 48370868
1663 4798 578121869
1520 3274 2205325
3875 2155 900801720
1684 4458 951296530
576 556 888906737
3764 4024 547910214
18 116 691560992
1275 297 999761
4132 950 36782574
4256 2865 208244173
934 2989 58210735
83 1840 353441220
4296 2316 781330202
2331 414 866442124
2768 2091 878727812
3503 1649 684430622
685 1841 835565063
2500 2861 803749170
435 1515 562504944
304 2968 407405827
3754 280 990434787
2006 4692 38086472
3262 107 673094436
3774 1542 68183239
4345 48 686557947
4516 516 54797865
560 4343 723922750
2295 2725 584884884
1662 4164 804454478
2482 853 991668840
1491 3946 191269919
4061 3340 875533244
4598 3789 7151542
2375 3807 970505393
4839 4854 223434553
4078 109 399382684
309 2462 236171773
2106 1063 626792122
4101 1922 122068364
656 809 726971998
2917 261 311037286
2866 1563 83058583
1605 3829 216033742
1496 2878 828096964
4047 2218 788200422
3599 1836 794845370
1086 229 257341216
3711 22 587461380
959 4322 281891162
2101 4363 200549574
1187 256 162626647
2772 2512 600529545
170 3502 484493321
1132 1682 629917837
3498 2788 390708062
4368 228 490398851
3823 1750 585034992
4077 3473 662609789
3592 4638 929219073
1654 2060 59114323
3921 2000 210785428
1368 3678 213776161
760 4032 546996778
4071 826 89640034
2366 1733 770859543
1982 1169 168588013
3719 507 354730587
2785 4884 748426410
1750 3541 416226865
2819 3917 643638113
1860 4953 152395030
3083 340 514400997
3678 3297 901726924
2593 2717 804791035
3296 1844 232955519
523 2596 631153465
58 369 668656929
85 2557 14661272
2908 1269 30094977
2533 2752 663361019
4148 2251 402210896
486 1103 574128516
1087 2227 386566427
1240 1602 310661054
3665 50 93954842
1882 746 748439568
4930 2810 245628748
4186 686 364266452
1925 3916 362791000
571 1379 245090318
1757 2373 38905219
2852 968 988642630
4733 2440 700425367
358 3983 44222646
4084 304 59363232
369 4168 839870871
280 3911 474642783
674 2529 48054943
671 3430 245453744
2396 4324 950161520
980 3117 414778213
3846 2594 389142415
953 290 610092763
1989 4013 490261970
1983 3451 824285263
3958 1465 946035841
4542 4397 773945614
4265 4336 295454485
1565 1637 427289725
598 693 731822632
4032 450 857408399
2119 4793 129913415
1492 2228 972465470
3124 2161 481840324
3038 3283 180629790
3608 4286 492035977
575 2575 705945566
1302 4556 834835231
111 3655 921689123
1310 3115 215759039
3389 1751 541231494
1505 1027 466544151
1194 201 473571662
1461 1967 429115265
1596 1025 672441637
3419 3738 155799815
1744 3828 515366774
3242 1750 433393075
2567 583 112241878
2217 345 698249136
422 3032 137211571
2499 3375 889954046
1006 3039 548784797
2108 384 79610361
3495 4575 762534123
1911 4668 527247960
1523 2343 907031786
3153 2504 338550221
3489 443 61612792
4211 833 485245148
3347 3276 794266950
3890 3579 618633871
784 1903 835565060
175 4603 167612615
1903 3374 527010690
1909 149 657202387
1392 256 185705196
3223 718 879764156
4281 4244 324911484
4640 4904 663640255
3546 2069 686784699
81 936 732302783
812 2265 658768111
1395 2034 131222473
2705 2860 625166032
4656 2079 706755618
2116 168 124144992
4903 3227 327051359
2756 3557 441905247
3685 1004 758984234
1417 1764 210642583
4101 3919 259069810
4798 3019 886439766
2998 1994 509907014
2973 670 392405882
1949 2376 105114289
494 1918 585660346
2534 4684 166019333
312 2316 25302329
1349 1154 711622956
1199 4835 201324919
1494 1155 616032974
1654 3209 88472502
1226 1159 800044484
1057 4668 306573884
3860 965 812765204
2338 2973 314578367
1475 796 232022651
4459 4414 933416285
4014 2083 126837585
678 4224 834385505
2585 3081 564161521
3630 823 934191250
1609 3910 400360015
4575 3461 994262873
1787 3745 212956836
1478 2368 467514506
2609 3946 852772187
2296 3304 725142961
196 4080 127395729
4226 3270 483740231
844 3896 266206260
1835 1069 434424046
3173 4350 861572457
2973 2093 706793754
3150 4269 357793973
2336 2466 187387982
2245 292 494916595
2706 795 568162341
680 3074 981390849
1101 3137 841376520
3614 2799 917035058
3387 4720 456465455
632 2335 695882388
762 4263 578403388
3498 668 999245879
262 2197 800552962
4687 3147 491391082
3306 207 713496109
4126 322 514890269
1134 4798 798369979
1403 1410 224689555
1022 2027 100662432
3710 968 114205974
4153 154 600440406
4802 87 139341348
2771 4070 711347751
3128 3271 985244201
4688 1045 863650842
4666 548 676041523
858 3192 306649944
2921 1530 451670066
3874 3618 868321616
1773 2304 460302537
3113 4315 289565577
227 92 98224294
1254 4705 689387604
2627 3338 141639818
781 3642 185612733
4002 3288 74626302
3941 4556 777240561
1994 3824 399434606
952 776 513937041
3719 4175 430326390
3785 4250 111621338
3801 628 894972540
292 3620 168171185
2145 3967 635955796
4244 1758 183352503
3033 3416 436786599
1551 4270 718745051
2085 1202 570436983
2471 3493 423668637
2493 3424 822346558
1398 1785 183760132
3926 253 551314716
228 616 870631499
3494 728 398239896
4949 1365 918260059
111 751 31304037
4159 3898 182132104
578 4931 543502945
71 247 101384470
3856 1719 377024138
338 4293 721617443
4702 3323 269489983
2809 3295 100858451
2609 4722 643309014
1724 2031 517223369
3472 3748 471637611
2856 3690 528964387
3449 548 427709344
1718 3827 734677909
3730 4287 751600554
4288 4227 290865441
2401 3899 144669125
2713 4631 8566712
807 1977 510886558
3872 3939 539718873
4063 147 117068010
2770 46 197439014
95 4481 419458034
3386 597 800129048
1409 2876 859436689
918 1656 959356852
4172 1057 323113714
3589 195 154072196
3369 3948 724355327
2335 4225 863170624
3279 4261 93312482
2902 1163 981141657
4310 1492 932042867
2435 1118 290247237
4418 73 340632786
2513 254 967752644
2019 1754 497777344
4623 2517 567516528
2188 2608 47287878
2691 4358 398375952
780 2540 521959758
4433 830 161027471
2537 4006 186322113
1965 4828 938828830
4768 1798 635808007
4774 3594 748808173
97 4921 491399910
2162 2389 982211881
2556 257 717363582
2152 4341 450920804
3079 380 414698963
1778 846 390158975
4682 4314 429085557
1144 969 699851416
2758 3819 730392090
2936 2291 85922358
3542 42 671754000
619 2631 394971391
1179 1587 691528462
2183 2721 487331491
2532 2407 561031719
1225 1900 569196671
1847 2404 238636635
4878 3055 399759030
808 425 368895523
3200 4914 781505530
3025 3080 391407536
2221 1001 491039986
2227 599 964045644
4899 4409 200497782
1462 975 66573539
1542 3542 304896303
2996 4547 565399053
2482 1261 644053293
4789 2316 19947357
4429 2600 168642926
2893 4967 202875774
3564 1919 984585958
798 1949 730368161
2517 888 462767342
2368 89 744492822
767 3109 361149683
1799 482 702371997
2253 4438 116097525
1454 1342 528502608
1955 2784 685634184
4658 372 609882987
165 4473 140656082
3977 3830 193928564
2260 943 718783697
1150 1269 951438232
4846 4203 438640202
2377 1840 533869147
1315 1740 225867012
1281 2843 970365723
1986 774 771076272
4677 3038 937317977
1654 1733 613929253
1029 1444 367588534
3133 4572 792437960
1487 4273 319704249
3069 3340 92598719
3932 302 514334720
1382 3413 999979359
736 832 903122341
275 3734 755997554
4317 3197 751148435
385 1798 384879904
3829 1262 233283882
2489 2619 591751692
3133 2388 129430342
1181 3034 925183870
1737 971 77828966
1438 1935 110510671
4016 4763 440428745
2943 670 658477544
1000 3586 454565362
3363 1603 712990548
1891 3782 525054668
223 4845 746642709
4507 972 44686563
2477 627 321379207
2375 1119 681118450
59 816 485243175
1898 485 947969768
2241 1755 801815202
1990 2384 932710471
543 2049 922532812
1968 1403 984261743
3885 1674 312927827
1587 3692 530056291
4786 4603 216828332
2883 4970 847056756
4236 2235 649754053
2701 2152 294087767
3972 4219 915925163
4137 1536 560151546
4571 69 936576874
2533 1088 393043196
3120 2431 63068898
3936 1680 916120063
1414 281 270262710
4615 1018 668405633
1246 4892 48448590
732 4773 207205924
418 2388 229329180
4705 610 185811530
1528 2861 122522915
676 2825 777775445
66 4665 829487805
2648 637 936950305
3393 2882 519473385
2154 636 157392396
1480 4571 772064934
110 2121 224458417
4742 4737 131452482
1453 4779 425453228
3748 4060 254866932
3975 2373 403523874
1368 2713 147897060
2222 3943 335397371
2294 30 991330738
712 1568 221250242
827 2069 196583242
771 4348 110139265
183 3009 127121516
1339 4105 840211235
1122 3821 630365902
141 4797 424920694
2396 2292 219660925
2419 1265 681958570
2665 2033 76724030
1200 58 183835445
4498 2650 769702658
363 1165 390929238
2706 4369 167110454
3867 4549 426289962
909 3921 564546193
4612 62 241854966
3663 2189 72734732
3464 876 475076181
123 4909 233861089
51 1806 393718418
3071 3 667363950
661 401 94618491
420 3450 856239629
367 4845 661729629
4163 4576 811420962
3487 2696 768117221
86 1831 607777825
4784 1266 464795832
452 4310 182901225
4915 1360 537349988
4246 3920 687050293
1273 2444 7594498
2718 1112 748129966
670 4682 46810813
4675 632 35229491
795 1160 187483687
237 1058 463490247
3318 1739 705105098
3416 3231 923158392
1439 191 69674520
3961 524 380714535
3810 2002 521394297
1607 4056 504483856
4264 2478 766294762
948 366 725267265
3568 1834 237245640
1592 1474 716337268
2624 1754 164659262
4886 4515 270572281
2030 2180 984226857
4090 4722 144030738
4546 3205 710353472
2486 3030 716521680
1162 3300 838631736
926 2470 319488492
2243 1133 669583
3484 4169 584168561
737 2314 806877232
4961 1803 255793033
1642 2239 6104808
39 1797 425716546
411 3526 463856999
2687 4622 711220195
1804 4946 732277737
2259 979 236732882
774 343 252356541
412 2372 415493194
4789 2271 350013330
3222 3899 255858778
450 4602 516624718
4859 430 32020870
2857 392 168678003
130 1028 514626730
1212 830 608594745
3838 704 402156934
4170 3899 218679882
4543 2670 93768344
599 2536 432254302
516 1900 762820929
478 3367 579606062
4662 2066 200814693
1327 2383 97159057
1371 755 410490883
3250 4352 515597781
2653 3961 789460340
3571 2664 117592715
2648 2020 418254457
270 2200 713826012
3273 4130 464406536
2472 2975 351595677
4421 2449 534957557
4397 3616 721327762
4436 3751 519496184
3112 1609 425353424
1515 2047 545802883
4747 2062 748025175
1499 4384 22624331
2616 2327 928300799
2685 4242 371169560
3999 2134 240077511
616 2609 380003840
3414 997 193192403
2216 3553 702860309
1995 4707 345259115
3112 1272 86179733
3207 4460 365139239
4826 2783 970642548
4693 3315 768979130
595 1080 527090490
3171 1019 345627573
1214 3881 89169496
4310 1061 25616940
2832 4582 860134393
709 2528 21466713
4114 4422 201344523
2581 230 861786281
1253 1857 798112301
433 3245 987346218
1053 2825 207995286
2036 3484 416112837
2869 682 795068942
110 2708 98976390
440 1694 778650956
1939 4330 203385040
4274 4799 381286564
1039 4479 833780602
2978 2296 748666721
523 1290 555892459
1082 1003 328934350
932 729 438447517
4178 4801 134078353
4299 944 867371404
3925 2444 900354918
435 4967 826220993
2953 2951 501625369
758 2501 85863435
4560 2896 830348282
4254 1037 433128231
1949 2125 801044316
3114 1276 42963556
3223 2762 818423465
4488 3738 847391180
986 3258 761846487
4119 2196 303024465
209 2127 294211771
2138 4252 871923787
4441 4349 400618112
555 1378 644440107
3248 1322 896425300
2823 147 802722053
4785 2700 366076444
4203 2628 556426679
4414 893 867412347
3635 1498 673744923
461 1578 151800455
3991 4627 159797650
4580 2821 597360755
2155 2579 509668477
3360 174 765370115
4639 2506 20763537
1380 4409 824505993
1840 4269 752855519
2619 681 905089282
3985 3118 518714384
2624 1773 80308814
72 4652 58680282
460 767 189811309
1092 391 292183047
3199 1503 102360505
3181 4135 851939828
3635 1680 411788114
3588 4645 903082254
1207 935 990076030
950 1001 911047280
3296 2294 898438153
3334 4888 940446795
3084 2402 184064559
3649 3100 538794735
2678 4872 305049498
3354 4042 373224152
515 1124 233895920
3497 934 152698995
2073 1750 988331841
3147 1944 783866179
3429 4073 604366939
2677 1411 637667855
2005 4108 349880448
1706 3463 759654966
3089 1439 41551313
2930 1959 374075773
427 3464 896474507
1279 1651 95111287
4791 4159 888124735
4628 2355 833391872
2995 3603 750990962
3843 3311 466527063
231 639 668094800
192 3299 497464261
3930 4083 10740992
584 1850 229333666
443 516 898534709
473 3061 670512972
2580 2928 380673140
1454 4924 815059773
486 1937 277657742
1634 4527 407032536
77 3379 218640901
2478 585 694293015
2292 4117 230588221
345 3699 150508988
3070 4685 482220966
2169 1602 950066129
1219 2178 658092817
2065 2055 202430464
1051 1798 370957453
2909 4843 725320802
3963 4318 545273372
1221 2975 224814802
1401 4606 426089442
72 2824 118829612
1693 1008 600096822
1791 1162 149457425
212 1643 125984317
459 2266 989281768
4695 4998 411472050
3794 4956 87820830
1801 547 347233026
3902 4043 273112574
216 1378 117754533
3357 2498 715045303
1464 3383 934902876
1123 3715 222759359
4637 2247 529915388
3360 4715 800144617
417 292 335386252
2195 787 585390799
3766 4431 20387243
3712 4929 939863867
3927 2511 896054699
3260 184 378124154
4104 2099 558153566
4372 2427 252596052
1917 2895 83299920
4316 466 98808683
440 4332 26521269
54 2197 230029183
2150 2569 388526226
2125 2613 340550837
1108 4345 593684621
2281 3456 52377702
661 2243 881738385
294 1074 253181601
1599 2438 98730002
3803 3125 712637283
2268 3693 98758771
1200 1402 880965682
3518 3510 675152269
840 4644 760662027
4726 1074 423250172
3083 1636 480795155
4497 1617 296621414
3250 3635 532867974
4844 840 856396269
698 688 323338775
2682 3661 577951240
4721 4529 984116104
3558 4635 249712302
2611 3832 269682443
2797 2605 537318030
2401 3079 504904489
4398 2062 443430461
2492 1341 968163635
425 1990 43470644
161 2359 684353010
4011 1305 653772310
4902 1298 951766302
3787 1654 99879332
824 4232 639946136
1186 2479 962386324
4960 1575 349522186
4725 1124 7828429
3028 26 632654633
3424 2158 507851082
508 4723 777158365
771 4991 784380251
1209 2358 568954992
3906 2807 33773375
314 2224 676789213
3788 1737 756681454
4339 3947 401738929
1151 4295 593461013
3360 1056 195262596
1706 3758 392161333
847 1756 481435823
2103 4063 695837177
2068 2203 369573828
1730 2419 776521504
3136 2693 624187168
4793 3919 208515654
3563 3106 997789339
1689 1723 911848462
854 4286 374980691
3226 1535 924758068
3611 2584 727481964
999 4191 33323224
2036 3775 246868574
2450 4560 614540074
1355 2326 572596152
2018 4977 425375332
3204 2600 829156291
1258 4870 896040346
2779 3229 276323605
2254 374 266138373
62 4733 573180945
3057 43 280865821
3829 1778 491923918
4950 74 504153923
2342 78 763843709
3056 3508 898250177
1478 4206 695968062
3235 3248 914502571
1220 3874 704630103
723 1202 943677319
2628 4689 78397306
3359 2098 666842762
84 984 208818258
3643 1761 983990411
1602 1753 365403816
1796 4405 214409091
2140 3389 44102615
393 4782 452332916
4459 455 14753472
3807 2743 402156891
4426 2497 39715404
663 911 824990255
4793 3032 771937513
2571 3030 80842165
3741 3651 497364849
161 4297 188699118
297 4400 134405996
1586 3935 27811041
198 4432 136464109
2387 1786 653129747
2856 2774 432989737
1303 2140 94985951
251 833 188283213
4314 4261 145538046
1916 3146 860651600
802 1126 671769873
4816 2646 830620111
1689 1395 882001460
4251 180 514556472
102 137 759392302
3329 2892 568703074
4382 2232 90466713
1356 4688 766576907
1933 3725 316157055
2488 2934 500927326
2338 4728 57361551
864 3825 994512538
4302 3443 793875188
1134 3904 268001719
2646 1671 611292133
556 4133 379124418
2338 550 930799069
2964 1340 770240657
3875 4884 65733899
1649 437 122837622
278 687 262408202
3650 4100 205838368
1117 4834 487284713
3799 4006 148552953
3365 497 483424715
971 24 400694759
1062 3683 374795643
2710 4491 822429116
3261 4679 439050799
4102 1900 622978288
2639 4350 844970812
555 2326 967404150
3106 2485 88788148
271 2892 72392500
3334 2511 715791755
3776 4741 676959757
4991 2927 598887601
3291 4393 203757888
219 4624 190669594
4925 489 838895455
1430 1589 33892816
1277 3646 893567631
3997 1222 162676035
4183 4457 253391517
4012 4833 140088854
2450 4195 20309673
2134 2586 713143621
4929 3305 722031584
4769 2400 793615689
1632 969 60044391
3898 2435 322503761
3838 4622 11164837
1572 3840 642469373
3569 4225 275094304
70 3258 7227934
1120 3355 298287564
3944 1600 488343204
989 804 2237286
3036 3454 836479136
1308 835 414488689
772 1952 279307480
144 2058 37415220
4971 3871 354883533
2050 2253 369188564
1616 4826 643158169
1493 1452 529238390
1278 2688 990245666
3943 719 711212133
2683 4317 200683296
1664 3433 827981731
4257 3953 856773433
120 4250 669330390
2505 1751 773448464
2140 2606 517780992
3156 816 939327548
383 1756 798239063
3593 3218 492756123
2459 2653 155345489
1526 1940 653019002
4977 1096 451441371
3918 3363 50544960
3358 3121 78512724
1077 2327 820329189
4680 239 351321890
3505 4405 885024466
1156 1916 910976773
400 3082 654980621
1044 2378 315542424
2690 3834 177883697
3992 2230 166709276
3594 2171 387770566
1553 1769 707316016
1069 3400 571908470
4197 2329 566868289
3500 1386 816703364
2710 4379 242829836
715 1261 791093918
4727 2824 643462436
513 3484 163876714
2432 4798 353742924
2091 4316 969096544
3404 1907 525516126
858 4394 385924003
1589 4990 5533851
4429 879 905160346
3356 4213 658216079
3398 4366 408889111
1437 2518 882337693
2388 4437 414335138
1684 1302 887328030
1795 709 196732791
1260 4975 986638724
981 1036 786100502
3876 4757 938275553
508 2317 453082002
4115 4264 622696647
3355 4133 943123969
457 3494 597507100
4616 4396 25603857
4093 1095 60878234
3786 4949 325704749
2152 200 705595055
1227 1738 271461766
3396 4360 452452630
4244 402 377118790
3539 3358 550337294
2160 1488 366468029
2243 3227 734485438
394 1416 834083329
2382 2967 80040280
4287 2734 257494554
4048 548 183796647
293 590 843932139
3248 4186 928050807
129 4737 719399016
543 595 37373853
2613 200 524898432
1664 1905 2141770
4104 4262 469842368
1501 40 452795351
115 3286 862187165
2627 3248 16674453
1832 2973 711917933
1375 1947 945437105
509 4815 479021152
1648 2608 753558299
411 3505 719074367
3472 3578 277723855
2045 4097 801558538
1011 1739 414209584
4935 922 641925665
4491 3822 273917672
3072 4295 669326835
3560 2224 56265272
1581 3271 62718120
3779 476 259686543
4007 1999 111696873
3540 4985 536653995
518 2213 437508705
98 4511 983692318
4620 1896 13542987
4630 1971 417531820
3182 2162 925452719
3488 2160 572574258
4934 4376 217613372
1915 3255 599613239
1862 1520 582697182
2544 2909 111238789
1296 2289 710041334
1669 2735 997289691
4178 2729 249221672
1298 2127 306536096
2373 2352 267973007
2761 3429 371106488
64 3909 32064962
2882 1589 362133197
1528 1389 489409805
2536 817 182507978
1728 2976 286666716
4752 73 917413627
309 3569 740285680
2654 1752 136064362
558 3258 246767842
3319 2538 52688853
2804 2353 731898125
4082 712 515261070
1851 4885 229505963
4965 4241 437152359
673 445 161828450
447 4396 614247073
4375 3551 353558749
4343 4894 612095480
3628 4423 307607133
3218 2350 464972843
1930 950 13711973
2084 3429 424969552
2681 2916 505277383
2069 7 570567505
4385 3850 585461842
3560 1347 794398014
3243 4476 857293239
4927 2896 799329264
4587 4105 800816584
1479 1625 33629438
160 4407 538505539
1273 4251 970653449
2172 2843 981792856
2760 484 449053723
2877 667 357469832
3113 4318 369925166
3374 698 20669774
752 827 377928716
2961 4283 740333504
4731 3822 952629354
1659 2259 728177833
1365 2184 431872237
3217 4625 444390674
2717 3121 627608581
2397 529 915979633
157 1939 196668089
3386 232 729255439
3749 523 753896856
109 3257 767045463
288 525 765321373
731 163 199220720
2582 660 628492346
2458 3318 850488615
3372 4872 524335322
344 4289 954672679
3258 2865 644795333
2242 1091 950178889
1500 4632 925709928
4771 456 277683888
3165 3480 916207832
1472 1278 519161781
3975 919 446171660
788 1703 520387183
947 1979 468468913
3398 855 884957300
3482 3071 143413239
920 1023 739261223
4847 2448 394249514
1100 1701 285206490
3989 3240 885211315
1277 4446 329087299
4850 2643 339679834
4475 1214 533077496
2908 1239 413673542
3324 609 716017328
2569 315 150103207
939 2917 240037780
4974 1954 216285657
1719 4831 447673884
1767 4035 357846666
4040 1570 254610451
2134 1799 75941202
2918 3108 698268910
3418 2088 74593380
909 48 960376550
281 1742 109419290
1079 518 473959429
43 3281 48679805
4004 1341 278132591
1871 4506 162743685
2540 3337 777773560
383 4798 592887389
684 1846 14180964
4462 1393 488257523
1765 1100 271668364
771 4006 859914422
1377 2922 427951041
2394 4031 634810528
2994 4384 237404590
4950 2323 850616508
156 2909 684476937
4224 334 767027312
2850 124 85995213
1488 3088 695975704
2735 1324 584308371
1260 1412 141116544
2011 2630 916307959
1496 1393 263522701
3466 1277 936889330
1383 3398 954050494
4127 194 646827918
4679 2310 898712183
4238 1888 805808893
1868 2998 606969255
4565 106 716033524
4656 1483 972125932
2481 1293 191956098
2683 1298 692804898
4332 2595 814154403
2059 1418 74173542
2424 4664 502933721
2171 1021 348805082
4560 1181 636954724
3982 4412 443202726
4304 2985 36527574
1240 1130 243675844
2566 2055 148774425
77 4894 294879956
1077 886 96676687
2671 3778 291498843
595 2728 251765540
3103 424 569017513
1701 2244 793442595
351 4350 852255370
3956 3285 685522469
2443 3944 919230745
2355 2845 122026369
2552 3494 963583985
4978 193 890373015
3724 3351 235288566
3418 905 388880722
2586 2004 544686245
4052 4975 158965386
3353 2225 546841950
2316 2283 904303831
1402 4217 206078031
2441 1376 705292387
4569 2457 584218495
975 1363 549713701
123 2755 422990695
366 3265 313657017
3644 4771 780319994
1125 1784 320409754
4672 3435 957336241
1712 3792 8207106
277 1294 984687096
4911 753 434199966
4694 2536 668083119
3022 2000 724043562
3152 4834 626862397
3781 1031 214093103
1735 2633 671114736
2066 2392 491063793
1079 4153 825899538
374 4432 529959971
264 1902 296492295
662 4367 379607033
4944 1513 809912783
3059 4111 634822958
2938 4235 933010261
2438 4508 393707237
109 904 875860143
2409 2758 903179263
4240 1570 546276839
4916 3076 572378434
4353 4976 436834978
495 4343 711362210
4526 880 701588062
2896 2670 874305149
157 1841 952690027
4512 1728 432233304
4620 36 445364214
351 1763 987599286
3797 3304 255505345
3303 4293 752533925
2846 2769 839499967
4719 3164 776545291
3062 3990 679148794
594 1883 106481741
2725 1404 431095780
2762 3907 601884559
3876 970 337726692
2389 1611 898098816
3742 3216 106271839
3076 259 623532285
1942 551 249433293
537 4629 161992091
4536 2614 603563320
3516 808 266252376
1888 1048 261478525
3422 2537 41109234
1300 1656 577919844
300 2964 122934531
4719 1330 474655177
2688 2472 670406541
4214 1352 949141997
3979 1663 262004607
2456 3307 337178880
3847 736 40463391
75 3519 37358534
1574 1753 267740565
1196 4967 197932674
585 825 229265823
1643 2021 308472436
1298 2969 279541526
4240 1081 686194549
68 4844 861694681
2184 2290 618731318
4825 3750 891092297
3240 1814 713639453
4442 1733 114422024
1487 2731 438184583
3782 3032 438507185
3422 264 846175969
3295 1194 574716246
941 4609 439921256
1287 299 307452789
4098 4852 565651435
2894 2325 701497785
655 3944 118380562
288 1277 70755287
506 807 554063912
810 3277 150811149
1979 2380 660086204
1814 4914 456046356
1523 1405 246594004
1155 1321 170550104
1547 3411 451805049
4172 785 669288264
315 2340 921317500
2157 1996 988093589
2585 4752 782105440
2556 553 859970417
3159 3693 191038445
2067 1268 989516516
4798 289 679539685
1913 1242 258885729
2175 1026 225881492
2748 2150 485949151
3495 1853 636874756
1276 177 95558992
709 3393 686963909
868 2405 924043854
4347 152 71383319
6 3434 864742015
1080 739 349687126
1179 1971 138988949
1947 2788 112587848
1090 4411 163991167
4977 2366 33492354
4952 2278 21881643
2977 962 817598982
1286 3014 527354379
4534 4091 939674799
4032 3139 877108656
2797 2047 556954770
1606 970 233805349
2405 4072 957160836
4667 463 315925356
494 1888 217534086
4290 508 956704649
4959 3917 952741852
1806 582 865691727
4947 1571 896447971
205 109 727125751
3340 2331 952888239
3182 3213 48144312
2544 4516 820016108
2911 2852 848616134
1298 3253 344514074
3754 3016 368217557
2232 2541 878103521
496 3782 557316742
1836 339 492494228
3725 2864 529079113
4338 4448 603224900
2165 2982 705350521
3242 309 18017935
2676 3914 177588336
4781 1560 366709245
4295 1870 86854306
1895 1481 572550410
1757 1170 101538478
1905 3895 742304382
4341 4092 3221866
104 3688 584061120
974 804 920755855
4856 3783 105336277
4353 379 576119513
582 874 310216995
1583 833 771735269
1821 2088 458076086
2411 2868 599655823
699 1292 686952076
4587 1685 4122694
1652 4417 649748835
4993 1142 488242879
2571 3259 148044302
300 1926 941476801
1898 3084 64182608
118 1238 374914985
3376 690 447596098
3213 2749 633511992
2216 4456 106844306
4917 1141 752935001
3249 3604 588487132
2475 3001 251085656
380 4056 742909750
1856 1850 715102163
687 822 896630505
1315 1548 299959657
1926 2172 986231457
2701 1542 280949951
4010 2089 819643572
1364 1327 785236511
4710 1091 366768682
2738 655 969554111
1812 1944 741548521
1371 3404 547014624
4824 670 814127089
4093 1890 126780081
4172 828 119801637
4767 2989 892659409
1347 2812 339213809
4937 594 260156433
2420 4177 275786098
3858 4754 331348869
1315 2933 924870764
3148 4035 471340179
4585 1407 317449537
4244 4643 697843814
837 1414 212943643
3482 3900 777069873
1770 1703 173784646
4437 1446 711508558
2138 2364 20038331
3255 2447 650156797
66 1010 722441063
2574 3131 113787315
4695 4584 4382515
1178 973 595197932
3751 2289 313809289
2394 896 329003246
1308 538 677348530
1294 3345 381908501
3152 468 899306373
2042 4031 410547900
196 3559 12158257
4698 1742 716606084
1524 1430 392933937
1262 1663 690705942
485 4752 894559045
1744 683 74704923
631 3412 252275927
954 3940 997747263
2338 3066 875274741
482 1186 496034667
1520 1389 867776678
4214 352 745090727
1462 2196 916121407
1065 2327 488124722
3675 1637 962120150
2849 4840 109480005
1717 2685 198259789
3307 390 400514919
2404 2 284846343
1729 67 727132637
442 2612 9949208
4925 4584 601365348
1694 859 390382480
1062 1161 542718919
4337 1869 146861521
3714 4152 746863605
4904 262 43213643
1450 4462 885082396
4590 4083 42714328
4943 181 732931847
913 1680 865160405
21 2166 441634691
4803 4144 93078205
2560 470 765603182
492 2436 193254478
4849 4834 323667909
3087 154 369039809
3565 2268 922366404
3153 4486 851437497
1377 2690 257745271
2169 541 795053681
523 2527 994167222
2927 2855 599260722
4016 1805 786926704
4971 200 394510337
63 4137 153325971
3538 759 824484089
2756 3438 769469080
4262 3005 737911536
959 1193 510502284
1541 3166 911351404
4382 2996 888211566
3878 2491 798175369
436 886 350798597
2710 137 277155626
548 759 845003623
1626 4813 908585083
3552 4070 233245942
675 4854 759098032
4765 4830 944956193
2275 3938 24251092
339 2772 560395214
2201 3256 443352934
2483 2328 566872267
3719 2022 616321429
3409 2708 862434725
2387 75 16395170
1070 2183 857051815
750 3549 934686230
812 1513 295574803
1152 1403 842808363
4870 3482 693769067
2148 3206 300356809
736 1090 533967484
4340 4080 666787888
20 3523 249666156
3863 2775 305763264
4366 2142 515306851
822 160 594664442
3006 1187 52498517
2292 4715 305416017
558 237 798437324
1902 3855 432572551
1266 4440 594279175
2581 2244 846732887
1614 712 777758734
3491 4953 595365754
3404 1485 648957522
1003 335 819159385
1960 4802 754035706
367 1063 71924666
4915 1040 67171894
3975 4922 878236914
965 4343 586089712
3554 2120 21641068
1034 4272 394351567
1886 2333 468036033
2643 3362 573006860
4726 645 695805591
2098 1524 853310810
332 3220 170838345
784 710 323246630
4015 3254 241270858
2719 3183 133669132
196 624 709317555
4487 988 740733534
581 2258 577653671
3147 2190 197243848
3167 4118 626840476
1118 3063 435363636
1421 3458 986424540
3947 364 413298180
3889 1912 257374210
4428 1886 17195114
4988 712 763304691
3150 2247 206315748
4704 434 204571020
1508 1116 95450973
508 2743 234771979
2684 160 85254621
2775 3639 488729060
4191 4345 818176394
3501 3603 648113801
4187 342 623077671
3580 959 26756790
2484 172 14842814
1634 1256 797421747
2201 824 755235381
4865 4602 781584266
2087 3002 982811210
1921 276 519129342
4388 662 418707601
4730 79 134775419
3810 1601 407043104
1904 3823 153754201
3194 4848 183526182
2709 1659 625514247
2949 4901 970328635
2491 4127 591255790
412 3117 998267466
15 2997 609484067
3245 256 443539410
629 3856 383608364
198 2217 93210730
1255 2708 517705690
3364 2415 819997806
3327 330 306767313
4559 4812 293006514
4383 2839 667904324
4653 2725 487589435
23 1202 359656564
3848 2369 246084036
3442 4310 695538742
1838 3453 380884858
1634 1011 229049125
3935 3616 390738433
2791 2377 479352145
2588 2250 629739946
2769 1205 568595537
4502 4456 899049369
3694 2718 487434040
2719 3673 535307644
2489 227 542070402
79 2366 692510474
818 1167 246461370
102 2511 480904915
3699 3688 799103026
756 1930 403612228
1254 4613 164789880
4700 1643 772767846
2574 3191 131602165
124 3483 45000810
738 725 368408415
1478 1298 283273463
3059 4291 878653799
345 2584 211898056
490 4676 580840653
2106 445 581280682
4113 2464 219103160
509 805 4226963
2533 982 373609285
4372 2648 470178534
4137 4215 403004292
4892 2339 738831105
470 1098 491559443
4699 515 673151811
192 4493 379295547
4882 3740 506683611
754 4766 130776193
4469 1111 11296414
578 77 905109506
634 4585 33591251
4655 1295 567947219
711 3337 896902540
688 224 167574017
3534 3256 93540745
3665 3332 584014119
1813 4045 962204062
3889 3208 890075857
3578 4334 170221924
407 674 804661272
202 2232 988929611
2365 3599 571600237
233 4594 653028481
4695 2572 874585103
1956 960 203627569
4194 2013 170113620
4822 4001 790423153
403 369 148877838
1166 61 246917728
2722 1876 278773249
3003 4350 957548670
2308 4172 50786030
1223 3033 454807466
2799 3884 102635721
2629 1582 240966577
3583 2733 83778985
1815 3785 989462568
3881 48 266089646
3065 4711 548754589
3584 2412 655116197
131 2294 500426739
3191 4776 392871670
4502 4326 330355676
3679 2309 721017756
1901 2513 856007794
2991 2553 964207700
1086 1069 183070814
2566 2625 512065468
3248 665 849719256
22 3135 575750135
1957 3321 486416276
1445 84 763202738
2789 4128 542793202
3449 1778 417108467
928 1705 946904737
901 3706 328659499
1976 4616 770831354
3771 3830 489721631
2988 849 97754897
2158 1501 748932951
164 1364 296828837
2430 2337 817152679
747 2127 17670574
2467 2550 928818858
3156 1544 312009244
1603 4376 530608852
2429 791 578650484
518 3020 619923864
2196 4764 226511236
1581 1294 630853496
4020 2248 345815711
3731 2428 550304948
1056 148 77640299
1232 1326 451257769
889 468 758390268
3729 1179 147265662
325 3723 316560016
246 1292 567225161
791 3785 216680609
441 1963 153441134
3997 943 200848538
2432 4248 381205027
1543 1693 669279799
3892 148 321565799
665 4073 676508874
4429 3318 966474203
1853 1173 535802602
4231 1499 786125812
1854 1472 813274672
2541 3294 697482082
1831 4901 595432160
845 4059 732276889
1094 553 640186043
1019 4740 95049200
2173 3461 42725167
2729 1202 270972482
423 4082 694258729
2131 3754 247981042
1217 3989 182636715
662 3567 689902606
2220 2327 151637343
2971 1450 592468375
4424 1004 149615384
91 3291 520557951
2659 4496 248102340
2250 1351 532000915
3148 2625 176104555
2304 1226 2566082
823 4446 465242850
1597 4793 433007117
3710 401 430459117
4608 654 706332463
347 991 315302455
3683 4033 116719209
735 3178 510663351
4006 2945 350240884
1193 3119 464124971
1988 1744 577820274
668 2161 879826338
1226 1289 500161034
4142 2155 670889565
2467 4792 432719176
2846 389 828871865
361 260 942647873
4449 3292 966135171
4983 269 314105834
90 1054 635841660
579 397 580844259
766 1677 440409804
1722 4258 487094992
2208 227 260102578
4355 1341 671920093
3981 1578 184452839
2346 1431 616218976
725 1187 474355631
3819 2914 11613569
4737 2119 148083291
2710 2881 168903903
723 552 188240959
1237 4537 639107675
4756 3616 338908072
1745 1274 621072013
3632 2102 411681892
516 1687 637571232
3435 4230 303392323
3378 1965 270147907
279 2375 356219116
4059 669 947944152
2726 4290 396594189
2181 4228 18097735
4410 4486 766319707
1662 971 809296194
4389 1202 300208102
345 2278 835457158
3783 1539 350124764
3393 718 397395537
4531 4786 192145300
450 1685 99535542
3564 1792 362224702
1338 2432 71378742
2519 3088 476934215
4190 463 763671981
3448 2921 167236120
2694 3438 170550326
4846 1758 764394847
3632 4294 429081133
1629 4937 773817619
1803 3283 410954768
4236 4687 10865897
3136 3901 226603610
223 2119 559827841
2433 1388 222937110
1197 2056 476652099
1186 3891 632762901
1648 4040 45711601
288 1182 528457648
2264 3134 340567094
68 4109 432426318
112 3607 397036973
1382 1944 5657581
4384 3378 746994806
3305 4913 385177631
358 3435 229374731
1443 2015 703594165
4755 148 32017136
3028 4610 644301549
2006 1992 522128063
1605 3525 381384401
947 2593 379658301
2505 2788 553797986
342 4043 415106963
4702 2478 702425676
68 2754 744506039
1652 1816 620292598
1619 3480 991251044
638 1725 941150179
2472 592 9195210
142 4397 608205631
53 2691 403314404
695 2523 660991381
4940 4716 390914825
3957 3181 643224858
2496 81 974491634
279 2060 850616657
2870 2262 368761513
2779 541 469166219
1273 2118 674242704
576 2213 185814560
2574 37 208045695
1953 1214 193771041
1327 3708 986542234
3240 1448 293116454
3585 3825 66646255
2835 1830 512368819
4163 2666 126127419
901 372 645571992
1196 618 96003309
361 827 104834222
3308 2057 825374305
4160 3257 642231239
2925 4893 714148209
2823 1010 720077864
390 1874 945991167
4937 1099 542605420
298 2552 322838345
3973 1776 635199586
2446 822 496327758
1133 4079 805425301
2579 4694 252723812
4900 484 454213785
1469 4896 587117886
1641 927 923606651
1882 3818 523499520
1147 3591 789525205
5 961 56538623
791 699 42685274
485 892 58286278
3360 2660 698947881
3956 2007 729860271
3798 278 640578490
4406 4599 389464502
434 4988 538913932
295 4399 289477293
325 2580 992385826
3333 134 460853928
629 2462 145477469
4208 3181 838301011
1141 2664 292947394
687 3967 626432321
4934 805 460524398
4846 1392 906372439
386 1308 374613835
2745 1353 515572129
4953 2934 31450594
4679 658 520027204
3133 2841 974143255
491 428 542817392
1833 984 194393791
4581 4632 817705604
992 4700 845600355
4632 1259 832565728
1035 802 139242885
592 800 241894116
3147 3197 870433304
4301 2134 394382373
4356 3885 980720383
3509 3309 163738381
2268 3981 905241450
2072 3468 662727348
4089 4906 568531088
1503 3446 645918089
4892 2534 12016236
3107 2006 802157994
4614 985 278059106
1988 1363 906610893
4253 2191 370912846
563 3564 654505087
4501 29 337712445
4200 1315 78960031
4158 931 156519683
62 851 464162911
94 4050 689972439
1601 4030 411123301
2031 723 971501504
4014 1833 71746340
361 4373 801236525
537 2787 166165911
3419 4561 924291378
2269 828 41863088
1725 3567 360789163
4837 1839 240489692
1581 4496 174283706
929 2590 521127421
3260 2726 503734669
3804 4485 636451
2888 932 989760460
1763 3340 748049480
408 1252 857395476
1307 1404 117914002
1908 2568 187026638
846 822 238547666
1061 1027 852235264
4927 2551 960325588
4711 1904 783121119
879 1402 700687581
2888 2167 748434338
798 4168 824405051
1596 2039 798564885
1523 4601 405686956
1840 2976 317267968
1309 2594 114378482
4521 3729 93904720
1849 1005 299048031
998 448 125335036
4786 2217 840184741
179 2164 582929720
3482 807 783182049
48 3959 381832865
3477 3087 833068238
706 429 90183334
4814 1034 57158015
1276 1115 788021778
4966 2324 898929527
1464 3638 928027648
4129 1354 557668323
113 2639 361232940
1184 316 152445170
923 868 88542482
1644 663 707715903
4040 1240 639773491
3887 4286 515935830
2887 3850 510960399
89 3302 223309845
2762 2389 143423789
3211 1146 803565584
3457 766 319011043
1634 156 128029466
3363 2593 828589902
3003 2567 161742052
212 102 422871923
2849 1866 475261636
3883 2084 466729859
4955 1320 139398793
4053 3005 95435050
4328 2565 714967506
533 4650 819301679
3387 3546 925659153
2498 1021 609733795
4743 133 269387876
2126 3640 215680944
4530 3863 900883584
4071 2469 717847859
1286 406 133202018
4612 647 566456798
813 2557 602651305
2065 4199 432693832
782 425 116928741
3087 1362 449210350
3688 692 600268672
2314 1568 189739452
3823 897 41921201
4162 3325 695585809
1755 4585 628411715
1869 4471 61515151
3962 3270 435715994
848 39 74848453
2956 307 145646445
4276 2373 637595136
2491 3175 150470863
1963 4663 299669021
443 1806 313758358
4004 1241 75951873
500 3417 737121929
2740 2275 739195938
4402 570 561249546
1287 4580 360911319
3455 4293 158120471
707 3962 480884407
3290 2550 659040870
837 735 821663877
2056 4858 549760924
157 3828 580364830
3035 4508 470223070
2989 3529 377717639
3692 498 886973314
1192 1371 890455622
116 858 335325376
1452 4450 100322359
2280 614 211771752
996 3704 690962441
1285 3603 144429754
2589 4613 432916610
4071 4331 435356222
729 4685 623378134
1982 4701 469690514
3447 4089 662187542
4097 1832 391550788
4328 4546 373890257
307 3215 279299333
2927 3950 452087506
2488 2537 34212951
4473 403 432053177
3928 4742 138470819
354 3635 629012413
2730 3328 892774319
4473 4185 686753245
4706 1993 890522693
2142 2740 133404590
2646 1263 236365057
504 3798 569238087
4534 2804 346645840
4345 2746 136119841
4022 299 780542763
1523 2740 970225152
2088 2006 419615785
3189 3351 372050062
3467 2832 275590962
476 2017 373946821
837 1431 571690313
1997 3983 699452498
2934 2464 771115169
1338 4757 731756916
3344 3853 820352177
4586 2514 81986506
4809 844 620957615
1841 3754 903516304
1983 2906 553693494
4203 2874 621513174
3751 2094 401646340
3447 1843 947400754
1852 2654 775162092
1498 2708 479380704
3577 4675 438398531
4409 3138 272160271
1224 2435 967890611
4252 3670 27637319
1738 1967 18190903
4166 4090 811182566
225 732 73187441
331 2830 597423563
4350 4093 296469246
1327 1678 798842641
1330 4882 385210213
2405 2527 373688171
2230 2434 749271662
1121 4215 640140405
689 2921 154024208
2586 1105 622802712
298 1775 844073970
4837 20 785844502
1320 4159 705936351
3777 3577 738487502
4681 1805 605872332
3505 1298 944275840
1144 200 759644341
1155 1081 366123851
3969 3254 803970806
97 999 376432049
1240 1848 394888206
1702 4288 161874204
2900 283 774339209
2055 3809 364601842
1022 1849 875568256
2482 2641 35393123
2152 1228 261022233
2373 1290 880360442
1726 3222 532712470
2623 716 339117417
3072 654 784339983
3047 4522 208334452
3476 101 393687648
2882 2061 190838741
1469 2333 817699220
3067 2163 646109318
3689 2340 618826045
229 4615 244308044
4763 1004 434662842
3270 938 741256768
1720 153 919562860
4213 459 631673962
88 162 56847760
2775 474 344236011
3046 880 62914246
4845 2420 316054844
4358 707 741580905
3545 1236 939190364
4170 1667 755334730
4635 1530 524543725
1802 98 218998843
477 1567 68158365
3009 1763 571231925
1546 511 48748232
2894 1023 545653288
4288 2125 260464075
2727 980 4303369
4307 3762 85490544
1447 4681 897650532
262 2288 936179229
734 4183 906115150
2245 4649 280753497
3109 1390 783658441
469 4317 108450297
1735 3795 807960370
4784 4038 402641281
2939 3357 551256449
4554 68 457598208
1181 285 97981263
1694 2310 59858012
572 1566 894294356
3062 2336 51474889
3537 4347 350584512
516 898 813158927
2585 2311 798626068
2206 1193 613340421
3615 3620 599789735
2494 785 300185087
1982 1186 147332486
1296 2469 540891838
2219 465 252461828
3688 2667 746215764
298 3018 851361664
4910 4263 306146638
3222 2755 984452919
2437 1916 267551628
1911 1148 469405181
4663 1288 666696527
2069 1622 266977010
4454 674 226901320
2478 1187 618801419
4708 3826 981968668
1006 968 879810733
3212 1001 590206434
2572 2275 937662511
3072 2906 289312809
2951 4051 935243875
3053 3624 222210235
1980 4483 544825836
3165 2124 390182630
1815 1555 278917933
1511 4569 52957764
2183 3655 961586510
2620 676 397142488
4304 1525 597530993
1516 2173 1295112
1482 4362 381486935
1723 670 257843205
631 3381 714405499
312 2842 943159297
2106 297 27683011
4804 1797 616696185
1382 2100 413171457
604 1740 841040148
1645 501 761221218
4827 478 759444798
4686 1658 797586704
2076 26 244307857
2207 4152 53811466
4868 3754 863391115
374 2008 519175360
79 4366 881401799
80 1014 245788734
2625 4837 696463341
2251 1195 785278245
3002 4437 45932160
3441 3267 827343296
1854 955 580861468
3252 3042 970424291
519 942 227201895
872 3952 523796881
2425 177 872878180
950 3224 968914917
2253 2389 441448893
1034 4082 599714189
1878 4809 382604339
1893 4794 785432984
689 143 860742649
887 4301 368304189
3345 527 103985686
1142 4676 65470208
4071 4126 340187042
830 4583 798800859
894 258 226106635
3799 4865 175228010
2138 3202 792424293
2288 675 306443025
146 49 766667364
2969 2405 510828492
4917 3772 210852356
1769 2862 49856909
2882 3728 956968354
1607 1726 828333143
4823 1317 180710309
3815 2494 944691685
2299 1387 522204742
3764 1076 204073888
3453 2229 231709706
696 4253 624601778
1820 2692 913115498
3972 838 306467195
134 3035 963762715
1151 1773 720216597
3957 4734 965005756
1923 2507 515642402
2517 4312 864113248
2130 4116 860990202
2380 3780 896163075
856 3775 876564242
1948 3603 477384092
1747 3594 959120450
1598 4940 324362505
1662 235 46326282
2727 3481 874719660
1840 3416 282799226
3260 1522 809674689
2782 4167 514870261
4911 508 11033104
1392 3304 370345469
2556 1526 305780662
4661 2833 35420856
3679 237 554125568
1009 4407 522942545
758 1533 794923009
922 798 241251302
3739 3074 748051636
2318 2714 219610800
2622 514 351575883
4329 4923 201900521
4455 3788 626769806
2927 3440 320825374
3356 761 921521873
2882 1165 505734945
4015 1171 893734073
1204 375 164291766
3728 1018 138991067
2348 1821 101231798
1408 1074 767431832
2143 1459 282499546
2961 4639 278148970
4514 1025 808211300
1901 2695 650589995
3845 926 612833137
4326 1432 128996854
1616 4755 470162540
510 2355 350746695
1975 2191 444635582
2188 4004 437021948
2615 1605 348970047
3781 4191 993791505
4160 4606 309597525
2181 1812 644395430
3640 3837 152866648
2109 675 293275831
4802 1461 299241043
4953 3576 124977350
2502 2703 594765627
4328 3204 142704931
1431 3113 470986758
232 4045 221198478
4635 4101 19074322
1945 3883 366319443
2515 3918 594682083
2655 2496 840927217
3533 2711 645018180
2022 1475 612567555
2984 3423 495537000
1590 1452 203644478
265 1757 292960127
1019 768 756079426
4469 4535 530916396
4738 2671 66359006
4836 2720 776993602
2353 3419 365963848
2550 3465 393506554
1144 506 498177008
137 3002 747053540
4579 2466 147564810
2183 98 161773107
4366 1984 371037662
1371 2759 94846511
1842 3907 817155728
1429 3026 198029342
1758 4463 293595597
1945 182 187161566
2291 1916 475056198
950 3562 33143790
327 561 600049010
2026 3502 838536525
2068 3597 817995220
2726 3765 75876866
3044 330 522334537
4497 465 375137760
1297 3571 500916313
1837 2052 746307728
4697 760 852337791
3744 1002 31212296
1571 2709 385566477
1264 3074 591757571
1467 2748 981586033
1426 4789 724742812
4293 3979 62528616
2938 1735 924941839
2104 2866 612445196
1597 2407 989516160
71 857 376731451
3506 1666 767008671
370 1767 350694164
4985 4327 452551682
167 4587 693833122
4448 3316 489077406
2179 3877 460364987
4046 3215 631949182
3898 4896 180560005
2630 392 712321960
3820 2385 47090868
2302 4250 553061669
956 3583 966298749
3903 2946 969355599
1873 1012 380571311
4924 4007 632354222
3069 1347 18850043
1408 3257 16638369
4263 2069 478948055
739 4044 711484850
3839 4378 601477404
3344 3448 936972063
1895 4244 808748527
1613 4482 301354619
3097 851 91068723
3181 4319 9602434
3362 316 940267586
1150 224 954048784
3056 2106 805791311
3001 2395 157292649
4485 2472 190095522
1031 3444 320066114
2128 1124 122669341
3531 3525 513708977
2083 1775 736897231
2457 1156 476912811
3235 1179 180752696
2986 2829 513832467
395 4490 315333220
4821 4314 910635851
3032 1473 11601615
1331 4795 568235206
2371 2351 27013017
4496 1546 189677564
4630 2670 205414287
3117 361 879531287
4026 4235 591726148
4928 2583 444588430
4396 453 734622951
1023 4280 606998238
2744 4593 714876169
767 3532 775900375
4082 4026 420921894
4054 3967 341427971
944 1789 781633458
71 3755 225932622
2964 2852 32624659
3645 3210 60735724
4265 4042 753679305
1299 848 284623346
1083 3388 342358319
1718 124 703751510
4098 2707 952038332
702 4592 307422257
2603 1486 730634615
2840 492 323737517
3870 3769 65756226
389 1493 618586533
1477 1066 305441517
2905 1486 372206350
3633 4685 281378902
1273 52 768386345
1120 4353 347794934
4610 2608 513692643
2418 2608 159801483
2082 1419 252205238
1508 4359 962293629
2910 4647 650780572
214 3293 804111556
3133 465 952157728
1024 1903 359818221
524 865 556714892
187 4375 200041335
4596 2860 441220252
3139 1389 929066611
229 3059 8550089
1103 294 530851061
2456 3553 232421250
1482 4769 651671299
3985 924 661975494
2467 3168 160285123
1050 333 999109783
3486 4685 96395941
4544 2599 161607715
3217 4068 698146434
657 2115 766132086
2268 4882 181112284
2794 52 178816175
2936 850 404669345
2140 2542 215041620
1567 1253 241404038
1331 2442 665539243
171 4794 263521539
4655 3452 532069023
4909 107 738790945
4551 4170 513330094
1475 3683 773201622
356 2789 81839440
85 2263 285181016
3861 4308 885603915
4235 3552 697562208
3721 513 739174349
856 207 494190827
2201 2106 851600939
658 1523 260647635
3260 85 576174683
694 1489 814295353
3733 2311 449103417
1082 2362 236855698
2854 3191 904819912
385 1333 817924639
4888 197 543451290
3682 227 403658195
1379 851 215014759
4167 903 210372953
3426 3820 562802350
4950 4481 243483132
3981 4082 938514024
1155 4232 740188564
3439 180 53280144
3309 1691 905126975
3177 4185 723164368
2474 4956 813441384
2343 3388 242533235
1929 4557 418168713
2906 2069 710212035
4684 421 72392188
4829 3545 557153125
1648 4015 823580876
346 90 594757202
3496 4766 977214413
2258 3080 464140731
2602 4731 493045043
2986 4029 345702749
3164 4532 911439032
140 2001 797444566
4396 4088 78876433
4679 4527 13476467
3376 2676 669531395
1565 4942 600268517
3243 556 505217300
4068 544 561202971
1407 297 862583257
2122 1363 998931453
4093 2701 129375922
1054 1611 364821389
4174 4248 477320783
1804 2292 212290193
1907 2264 142537800
3107 2024 796492171
3983 2945 2450701
1690 1827 807417567
3760 3508 410878930
53 3716 122659135
1939 2528 135625784
4673 2841 670487552
3762 1088 746138165
4534 4348 973874193
541 3994 742164061
636 530 345377621
3978 1955 491219631
4364 212 292382333
3734 177 764317147
2577 1203 754004687
827 3151 460859918
4809 1076 800505228
620 2526 449019396
3589 4439 141945679
3654 3826 63607221
700 3690 237577178
2308 4015 695672338
2972 1426 687932784
2069 2689 193085414
4922 2934 906575285
3247 4721 860544813
1864 3639 363141535
3702 3722 880134394
208 3041 570177187
2368 4664 641825854
4675 3246 439375325
3948 2849 568795651
3756 1778 118754165
1069 4231 212848896
874 4973 521507240
4264 505 816586560
1831 4468 185803718
3428 2297 136213928
3799 1930 753635343
1070 1642 347028682
174 4865 335626561
2249 800 757818057
4251 3593 130118767
1541 76 368369402
2514 4370 456770605
1024 705 899109741
2495 3539 717843092
3225 56 89325631
2743 440 929034953
2716 837 904607358
4180 2608 256812995
2301 2458 396811538
4281 3527 165914427
389 2380 851050592
905 878 897309951
3777 1982 322229132
2538 4560 910345894
471 514 996535679
2730 3463 284159774
4448 4144 836626655
3173 1418 485640723
2176 3557 723851099
131 1531 181249408
2688 635 999275566
2967 138 390080988
867 1182 892639881
2361 173 623583272
3110 3455 640247086
3781 3040 681476635
400 2577 49219053
2936 2510 348836416
402 216 650832874
3019 4424 703361095
3586 1323 101848815
2890 745 559627260
799 4437 989374259
3834 3127 760779404
2917 559 877855415
2922 3569 8072206
1231 1256 186540046
1231 1266 295002293
2732 4082 187932724
4258 3237 886492136
4892 2914 106912959
2541 2585 478767852
4495 3234 566815257
1530 3326 403988180
78 3288 889902467
4394 4918 825631517
267 207 266776948
434 1653 682536090
706 2812 328830496
2879 3731 765681115
329 4913 22853743
1647 3253 508376701
3236 525 354802433
692 2938 459477672
3108 2213 974414061
954 522 123123011
1431 3207 69245616
4722 2884 851956705
898 2604 35694296
2654 1373 782567910
4871 809 695146288
2919 3105 414426614
2011 568 972842631
645 65 869670606
2228 3648 699561283
4809 244 504430722
698 4821 674199776
2702 3060 487862474
2807 1414 372554737
1543 1755 499641289
4770 521 537182635
4396 4192 272334272
877 4764 991331957
600 3082 896595653
4999 3862 917276220
2354 4103 396703094
4613 2701 726149783
3372 3920 693363809
187 3152 601399423
1226 2330 976940886
4112 2634 423757178
197 2593 423563892
4664 4054 451098004
1060 1306 74973718
1566 4665 911347298
3854 2423 669324814
2432 4706 138375643
4146 475 426916443
3528 1043 271971403
1722 4518 73331789
4481 31 579175099
2951 1997 547311058
4789 1472 394880850
1067 4964 995207408
1071 1061 493890450
3442 4668 148622180
479 1674 623287171
3826 4905 802445012
4846 4071 276415802
3243 3970 238011782
3281 4940 312718987
1203 2658 21526137
2158 2464 10670079
1788 4554 623412036
834 1600 330706693
1344 3938 592906061
2004 206 245378980
1881 25 19599699
978 205 993144384
4885 2444 976700032
3131 1665 872769658
3535 651 443957809
4260 1854 84404484
4253 3986 135047758
1967 3500 400972358
1254 2856 850532719
1577 4052 748581774
4846 87 805790409
1307 290 327222593
355 3835 478130528
3020 391 414165737
2948 2424 762194772
880 4415 26291342
2325 388 220964609
4893 3614 540296844
3680 1688 367019323
476 4488 633904131
245 3830 58427732
4398 2076 205258076
3037 1366 598500382
2734 2877 752961849
1791 1115 197794730
1317 2422 789354186
2891 4737 668100840
3597 2391 653395162
369 4461 972846596
3011 3113 142507092
4705 587 93285208
4782 4662 834863484
4819 1972 658919437
39 1494 391143760
4445 2873 393169415
806 1584 807226453
2725 1595 17025858
2059 1488 38321212
412 4312 794684324
2632 4584 628081129
1198 3427 631633784
1034 2196 5551730
2058 2367 158135226
4452 4982 522481288
4599 4530 907393496
3962 742 575284844
4868 1531 574033541
1138 4278 985711039
1234 4060 352824115
4040 2621 939215622
2212 2130 111136141
4996 1698 265090625
3850 4898 738933300
946 759 591984100
4661 4273 659006103
683 2693 306313495
1193 2528 997321484
2674 2983 546373077
2617 4526 280933472
3737 4217 817307246
1702 234 99377714
1587 1606 915208837
468 3150 617171984
2982 1591 507362633
1362 178 839200032
3087 4317 581505335
4095 3143 267669717
4643 1564 866666764
3634 2340 572651218
4917 245 336138749
3733 1554 705141466
3598 2249 600419815
3082 2099 564034532
3874 3770 767741944
1473 3517 10262070
909 2780 182203614
3183 4518 557791294
900 2310 706540037
3053 213 489081056
1263 1564 106935325
3642 46 146731873
2163 1965 701945092
822 3172 188797994
498 1702 824215289
2227 3305 134438023
511 894 197951694
4712 1665 426634985
2342 1009 249056031
3671 1101 702563526
4018 2330 752677806
1494 1981 396068222
3343 884 32985724
3274 201 293210680
4648 1811 522239967
863 4806 591960802
4626 2888 739982354
1606 2772 904005480
3096 4464 217159701
436 4628 908528122
3400 761 679397496
3269 801 417622143
2554 4101 270834812
2847 3232 954586881
2394 4826 299567773
3174 2946 602031264
2540 4451 152924566
866 1254 494622466
1181 4641 514356723
3742 516 958966423
671 1314 255602259
159 3824 32157692
1209 3459 294579917
2367 4981 109023751
2532 1520 608717358
2868 4750 531202302
1415 2922 147919841
251 4681 589434587
4931 1901 662381863
3760 3499 194082088
1837 669 86889306
3824 2395 863979499
2186 183 761405164
3910 3399 274097702
1458 4168 918454189
3141 3781 238606718
1734 4449 50313533
4600 1185 611503041
136 3794 551557316
841 3433 844358470
1969 2657 465250418
3731 1471 37679101
2643 3882 553023295
4870 2731 822196459
1342 1741 190182336
3651 1013 190233202
275 2051 651454685
4675 581 621580955
4944 4645 782700200
4336 4257 242569959
4713 3047 783525286
2375 921 175472713
4378 2156 410383277
820 1841 859339317
539 2781 822116898
4746 4232 819478020
1865 2876 951405195
1538 73 76361253
596 1380 281269582
1107 3703 133198130
2126 258 699695729
2299 545 389425157
2562 2839 970437149
3436 369 97133878
236 588 982933539
2316 275 592518075
969 3268 518587849
2469 300 100981638
2921 2786 126419988
2151 1261 603201772
2341 888 174009877
4287 2427 620200572
895 170 681428339
1673 224 311737371
1470 4551 585525761
2977 4780 149572952
1404 2489 967123880
4976 1594 181170799
392 4608 544902633
3828 393 156510355
4699 3305 314204263
1820 3969 812571060
236 1003 108352888
2009 443 552791186
1669 4993 291739905
1101 2224 620262521
1327 2183 175411369
1935 1965 117424917
3321 2235 290345840
2300 4864 267290313
893 4549 949497522
698 4781 6667826
1339 2160 493443934
2793 4442 301320813
1292 980 501662489
3956 2255 585562015
2771 1204 828765687
132 1690 726574615
137 1998 24520186
3114 58 70835862
3426 3753 77633367
2687 4496 488365313
4058 221 776815029
4424 4610 553997252
4808 235 602773627
612 2145 199298303
496 4393 611025498
2511 4061 347364389
3945 1201 662659750
2598 510 527688215
4074 2032 831016304
3376 3350 876461629
1836 2311 260148667
3597 898 184500412
3667 2694 661128939
1172 2142 493438629
777 4158 550198608
271 653 973083542
1493 2056 536891589
4648 4997 380462797
3278 945 34870175
4906 2152 686954290
1087 3419 579779347
1738 2310 842639518
4006 2824 267498941
2233 752 589145637
725 4187 705429213
2431 1828 204797879
3446 2884 456077086
1141 1177 853280801
2871 2021 540037405
4 4202 875299719
3541 3901 583457852
1568 2578 733665296
336 1287 327598433
3482 1572 42097982
2358 2147 649896996
1161 2452 71815198
1165 4982 183905537
4408 2055 947642164
3378 1612 607360441
197 2876 700440459
3947 1846 239458920
1537 1187 886927884
454 2564 865062982
2701 327 122941323
3958 4442 920147
3793 4274 878940986
4130 4679 49929817
2707 3947 66404030
4688 4782 121439305
3972 733 41213268
2975 2614 875594524
3101 4574 953493577
1126 1116 931045931
2335 2996 81350195
2611 4374 474265812
3288 4833 857473655
1042 2297 859494074
2902 4535 982438826
138 1423 577828406
2116 169 592440016
4185 2452 838919684
2841 2225 888591751
4995 4677 394176189
3684 3028 220952839
1121 982 999249570
3929 83 633564411
346 4919 55248910
86 467 27101147
1931 1935 337568473
2816 664 187187937
4159 2730 280697206
1711 4687 245996801
717 1821 762086590
3308 694 863117868
3809 3255 837571595
3149 1869 895303218
742 1510 680752843
3602 3593 251396953
4936 681 110242571
2423 3888 909388537
1686 258 769314498
2950 4594 1704241
2512 838 423644648
1536 964 800526766
750 3336 525005378
1756 311 176963127
1047 347 647232536
1062 4174 246504396
4694 3904 718890396
1461 3336 692291693
2381 565 165101659
3639 4713 246922893
478 3738 361626272
2019 42 26768498
4503 81 945180494
3306 2292 993326794
4049 1443 609890640
3556 2961 93601042
3151 1731 750442501
752 3409 275318784
3669 3667 632490846
1068 2613 647210725
2464 2714 857442426
1527 4689 612385658
803 801 685847439
4334 2971 866255577
47 2277 110436125
2248 2149 464039167
472 1707 894613040
4889 1207 666932645
2695 1032 454944961
2199 2987 653137494
1581 2810 598688317
3555 3660 322841137
3784 2470 333232241
1764 3687 260741990
3047 4123 98551371
2053 4315 301813203
553 2228 698338633
4072 3238 639109507
4224 1234 432767564
368 706 350184219
2925 3990 382804616
1083 847 202436341
4072 2393 664935637
3030 4837 292257820
3581 599 928367006
1362 2876 24010506
3527 4418 716717592
2032 60 747630833
4626 1066 396201143
19 2347 421542330
1713 556 567500531
4077 2599 593637217
2377 4629 384369515
2207 3932 189636725
4333 3691 919071952
3878 349 282743761
3883 2846 768164589
3971 4566 424453612
249 2536 60284539
3554 4692 349136328
1762 1016 99056829
2591 2668 39446987
801 4242 252579455
3930 1044 22281831
3408 3193 995312851
862 2169 551942190
4461 766 15835688
858 2343 357191307
1605 4125 137666583
3637 4163 383670127
4023 1665 469970544
1698 1803 76449562
4800 4173 416574362
4195 4820 976392201
1584 3798 238956521
3892 3989 684792332
4590 715 364686811
3355 307 186977514
3946 1558 815503402
1782 2542 415584
849 1896 696356519
3046 2300 810590649
377 204 877937673
2792 4367 829714753
1131 855 978180381
4950 667 728232133
2537 495 299820038
3086 1038 965347821
1811 1288 190952140
4727 1273 721354722
3257 4425 944192393
4259 4373 772172842
1601 2918 638086933
371 2202 305657621
4189 1061 163824317
3820 2214 672632086
1746 2998 537003124
4272 1310 539389902
281 4897 554082195
4405 1565 111086852
1956 4458 165736612
2573 4352 945534381
2991 1999 906344364
3707 4758 675507105
4332 3962 489811988
4304 4025 582018146
993 1215 4051181
3256 3978 579717780
1373 2174 854709746
4285 3064 483350503
3 4819 98193779
4048 440 776950666
3751 1444 294442193
2034 1304 587908834
245 1583 754859782
397 2573 117012583
2621 1508 539725367
4613 1065 915718313
534 341 396974895
3508 1213 626469898
1458 2051 985444901
2250 4833 172445838
2660 238 236092370
3060 2809 205228311
4853 3271 165903540
4833 1908 317336733
3113 959 508809702
2930 613 400584292
1617 1542 911804893
4114 3546 407220284
76 4517 673246507
2958 3393 550288886
3561 2577 965124709
4138 2113 526753303
4111 3961 24357434
1315 2009 786897599
4069 439 986600325
2033 1104 426443384
519 1693 272324846
82 1833 63543733
3583 450 459232836
2373 3090 879726541
3168 157 718091709
2741 176 183451825
3616 2372 202683626
447 436 5276634
212 1869 663241451
2021 731 431024812
924 1278 683868170
2927 4528 436298502
1623 3687 973372963
3702 1384 605604317
452 2085 351507170
3664 321 277751250
433 164 492564650
3567 3350 729356354
4177 3011 64013714
561 3522 131365316
3109 4258 721856651
2095 2289 294287529
1916 3561 569493403
4430 1762 187946371
1803 4990 433031226
3927 3258 734210324
1868 3665 834742972
3118 2585 200165935
1772 1734 397910628
4450 4591 773054787
484 587 414393015
2844 3033 170370192
1215 2920 869271217
1906 2883 23883821
1790 3713 629835549
815 3993 57745762
685 2387 44326747
1508 2896 725435508
1813 1529 818895962
2673 4009 83638944
4537 2940 307974091
4107 1371 291854160
1181 884 451786905
4784 4346 825975377
1013 1241 70165972
641 702 472741567
1341 2516 819956508
3174 2327 89237981
4133 2169 981308961
2110 922 729316765
2220 16 688654090
1090 1888 940567790
4655 4453 719068996
3171 4423 769244329
3553 4610 838438888
3918 289 115850795
3921 2217 721648378
4280 3257 129131006
3287 618 788960694
54 3606 859081780
1316 3862 529630954
557 3418 321464638
2742 3550 474417782
2123 403 792601179
3184 3219 316909778
4464 1412 536611386
3867 4052 115302258
1079 847 922631152
3498 3630 622782616
1383 753 162507287
2642 3759 995879278
2309 3469 205422774
2686 4875 249077986
1883 1279 18495974
68 3056 916048367
456 414 715156540
439 2545 453213063
4143 1449 555876944
4207 2417 388316554
3064 1185 404226034
1784 488 882159748
272 3396 522008854
3459 3426 583753863
977 1788 919041815
2196 1038 67735866
3552 995 772289237
3659 905 595257480
972 4918 223716435
1770 4526 379363558
1974 1513 107889810
4928 3977 831206957
1995 4068 639224791
2631 2003 444073972
4223 1902 192266227
2630 875 780857536
3515 1048 991185710
3299 398 691219539
1263 67 107359917
3113 4894 656239205
1946 4584 928549169
2980 1525 445257208
2460 327 278640681
1046 2362 5830506
4246 2373 578024755
3490 2000 263944305
4491 3648 216693733
1073 488 265980471
3447 602 811208096
4194 520 722118221
1346 3498 117947097
2295 204 568049300
2683 782 446033613
3931 4510 110749486
1654 770 829602992
687 3988 97695077
453 4641 899232706
4762 3210 508653742
4833 147 115137104
2370 347 193998924
3203 4289 430613748
4447 1122 959155273
770 4364 929870845
54 2621 511441144
4998 4398 762284628
911 675 71856508
3123 752 989168883
2789 4440 865745066
4532 3392 320988600
1569 1696 697093611
4468 2327 263341905
2122 2859 776115314
2023 2656 892202544
4191 4902 314275669
2649 1115 886842550
2558 4835 469619925
3357 4460 9964053
1478 4563 934685432
4433 1765 490394758
3983 2038 363438068
882 3333 359080523
2384 3829 668881765
1626 1037 267220358
462 2988 994028995
4154 1134 261307136
1792 1461 877064246
4773 2820 888897785
2686 2658 15306793
2431 1744 165077507
3827 3546 436686016
2803 4716 666913906
2429 429 861271956
642 4512 747631660
3581 3114 809051363
4760 2685 489026633
4231 7 192810114
3802 3083 239416455
1845 4830 787215281
4491 1518 87523564
835 1548 403839844
2037 2107 892173024
4797 3632 722649444
1741 2432 875086274
3055 4103 895109784
1310 3918 587688556
3635 4472 708092925
4919 97 146369436
2285 4640 954722814
3722 1196 948701581
3388 537 300874526
1690 3001 852952655
4043 606 269625895
2930 430 927075870
3371 766 783368774
4406 3754 394672926
96 259 118215164
2617 3675 193992143
4917 3356 84659749
1327 1374 390089234
209 2813 428254121
30 3927 390835327
4648 3307 187086964
439 3717 510923520
706 3268 879983423
649 3851 715751604
3027 1951 655816978
884 682 148896037
1232 1777 908353382
3687 1646 745635762
3867 2823 755695778
4280 4233 690822810
4288 3420 939190804
675 4736 243865393
745 2212 133963664
2337 1069 853744721
3709 4676 673899414
1331 587 980282945
4305 2038 4979513
2061 753 610452000
4431 1386 652735885
1211 1641 181781239
4186 2558 93013902
2291 3082 2581651
754 4735 413012092
416 2938 448610417
4439 812 303936382
1707 3298 230001035
3487 3268 961763951
4196 2287 377850881
2957 4670 131910940
3345 3264 526255406
3204 266 410441771
2595 482 981942974
2235 4094 668163442
51 2417 798989495
2342 968 487111972
1234 3258 965518760
632 4332 203699853
3004 4937 909816004
363 4290 144769500
1341 4663 680648865
4431 4173 677760235
1924 3333 848022459
1603 2407 946874813
1360 1627 941047042
3192 3468 675358297
252 3965 872690515
1149 270 109471814
1132 2829 190826088
2802 2327 3806513
596 4987 307264335
225 4380 157010229
830 363 597992218
3186 3297 361148176
2844 4242 90351906
840 442 153923668
285 4646 956662328
1791 247 160099604
1827 546 67854905
3784 1920 213774969
3596 92 167704276
275 1217 450396028
1912 3827 497696733
4517 4289 146868078
3989 122 782599515
2372 248 351995198
1769 4647 884934632
572 68 341812933
4448 2309 694216533
4533 4771 675297562
3604 3448 118540813
2854 243 235038513
3334 43 414953006
869 1336 712411780
846 4362 147376315
3278 3025 614890736
161 4200 189808607
4727 4931 707240573
2410 2209 35525648
3954 1296 432647540
1019 3597 357298890
3270 4948 585193442
4329 2174 163196268
1421 3318 149434915
3825 4573 698107636
2195 387 222037094
224 967 690188337
2569 3807 107204183
2621 4901 148732239
736 4072 989218446
2143 4883 224629381
1716 4932 79282075
4871 484 760749582
931 4179 469797223
4365 3401 308048792
936 889 551820493
2418 3294 50537186
719 1777 584335419
895 4006 828333827
300 952 593081533
789 1821 77493224
3479 2785 305067001
3836 4812 409973562
2445 3513 678804840
1906 4443 323337673
1305 820 344302322
4200 4454 37554226
1272 3954 992350618
1048 4527 821873202
3094 4428 819272901
4783 3978 774189279
1427 1052 164534321
3940 4325 367858413
4417 4195 818454156
4324 62 630557149
3057 488 150048641
2428 290 466597630
466 1099 58058176
3486 315 968443738
4861 3176 494359764
286 1041 473093893
4389 4727 175064742
2871 4218 164603113
4224 4616 610033906
1717 2290 632272584
1237 1339 459936120
2740 4041 994425287
4014 4231 761982985
4913 2812 69418892
3418 3379 211989705
755 4711 281193564
2987 1820 470351027
3757 1402 717818933
1348 4191 820185796
2116 3235 244058704
2686 182 121501209
2648 3974 226142303
2948 4849 738293827
3848 4799 330569091
3284 4666 587093054
4346 4357 267593085
617 4802 421304093
818 1660 430436097
1971 265 662494490
2808 1820 381982493
848 4530 73415163
928 168 202661142
3984 2578 602156922
1927 4457 923915836
3877 3427 18955517
1030 2421 554594815
3573 233 951883060
2166 4552 749266663
3605 2323 836069880
2800 4250 732881660
3346 3833 434753331
224 2046 880255149
114 1671 572407934
4320 2322 571535538
2629 1660 877243211
319 1566 406125306
2751 3726 562568031
4086 859 715589728
830 3156 305039520
4688 2686 684598316
2190 3227 371290037
4549 2208 761696295
2579 1049 199051930
4176 4777 771297561
741 37 14220203
1138 3820 280667645
2409 4267 84985841
2831 4379 411461339
4011 147 198557107
469 4673 310976864
497 2042 994016875
1009 3477 114598146
1267 2356 977415218
1518 898 484140405
4590 4351 142411632
2715 1801 870901226
3455 720 223600058
1078 2072 337683240
1421 244 737421303
4849 1337 34857389
912 2636 654041285
684 840 973054371
1625 314 170082423
772 1514 336018817
157 268 417146549
417 1879 624394151
1347 651 767908515
3510 314 680522641
2842 3926 221781498
1641 4567 294395796
3892 2972 86961300
4450 1344 79375385
1098 4429 71466190
4387 580 217181629
2985 1103 993378716
4485 4323 110011877
470 493 178189985
3814 4834 70052080
757 4756 353095493
3805 945 857738066
2593 995 466164709
4170 1418 241333366
1143 1883 814968816
4263 189 608635052
2989 1273 920285707
811 3142 838620874
2374 2619 317714166
3819 4667 77119251
4350 397 50382501
2301 2003 826028546
734 1898 145119400
5 1077 328511004
4110 119 693305783
2492 1502 906282426
4294 4146 876534745
4151 3308 413815556
2658 1438 949757330
1880 1117 131151152
3274 397 856610109
3706 3337 687166113
3822 3781 341355100
4081 2433 56786474
1329 2149 352558980
4479 1037 2308355
1856 2555 685853063
1103 2313 610770535
1045 1619 873434761
2729 4030 176047866
3735 2836 872770973
2719 1749 946383332
2879 935 18361909
3489 4384 13288679
3176 3189 957072833
3445 1234 622120279
3014 151 676956219
314 3846 988240205
1927 4471 989682234
1946 1732 381360908
4442 2911 584554502
3013 4115 95453910
1182 4555 892182409
2278 4133 879348633
2163 756 526521408
3319 4509 838127978
948 554 895706589
2328 4064 909818232
4619 1838 426565728
419 1662 44768189
1040 1281 336886888
3163 1848 139432686
105 1451 216601965
4532 4523 56613380
1551 3793 926935124
3650 1621 152321492
4106 3656 951282016
3392 3722 754581664
633 846 68305077
1748 758 44835506
4424 3855 349126309
4673 1456 267240911
4320 239 934611447
2563 4303 952001718
4223 2144 802730075
1316 2411 557808019
2463 327 284001656
1783 1051 927082553
4855 2378 270691504
3090 726 543260052
4608 4583 238508270
1594 2646 925306686
1966 2728 87161946
2132 3551 155247862
1466 4065 709490611
234 4271 231486063
4799 4519 30048783
2570 1462 15649675
366 672 749795663
4984 3659 131066995
2361 2274 457960908
2645 3411 81479135
1048 157 390549743
4084 1971 894624876
3483 2947 464671754
4969 58 543551807
477 3305 634642602
1672 4918 54294363
2890 436 977156369
2047 1823 403039104
1397 3329 970391409
3816 3325 535953144
4598 3893 963264472
3028 2256 564080066
2205 1597 994034214
3157 973 776330804
608 3090 531695988
1981 2765 543821713
2526 1328 958338069
2426 963 649514879
1653 1131 359461239
4156 1834 638871958
592 2336 790229960
4677 3685 245615668
3790 1736 693128061
2031 4117 441511674
4515 834 722133734
4232 4778 837426008
442 4112 504080061
2611 1350 971778060
587 2948 492963724
3203 3361 631762284
4814 1102 515070377
184 2693 190424742
1694 3228 336579044
4067 439 189250213
2007 4511 65508678
1918 4182 20949981
893 821 974551854
62 860 783482663
3789 1650 565646113
4892 2372 570538775
2759 1119 78513909
2241 1642 892730718
4987 1352 365474429
3460 2146 252187510
2932 3570 588245149
2926 891 385416541
4523 1716 869113272
1505 2440 190480556
3569 3018 563219661
2416 615 617552198
2012 1826 435092526
1874 3531 613877932
981 1189 731222779
692 3351 701696455
3831 869 815875954
2896 2176 850337397
255 1925 473105788
2484 1250 491116770
2025 4090 338599565
4395 3531 774034596
3701 68 775637885
1719 2162 487771440
3814 604 918785706
3951 1578 269371529
879 1577 40255634
4496 3399 271830802
2525 1686 579972559
2487 4771 731627390
3078 1585 97904339
393 3770 148482305
1255 4794 953157072
2458 4685 44262688
1131 410 430164111
4454 3901 96641026
3269 480 517394982
777 4502 107614088
3627 3742 623945639
321 3183 521256303
2786 2973 196492761
2579 1186 689713193
900 3702 323960393
1746 27 597046251
2023 4372 828523625
4148 3447 187669459
3940 1877 416796801
3583 427 423341991
1109 3890 910452220
1101 1554 768742588
2829 4406 29088931
1622 458 614012050
3620 3264 857629182
3934 3590 678005973
1562 1008 403623796
481 3910 440430140
4745 1876 91262072
19 4272 154881584
4765 1357 258088528
752 4890 465855928
3017 3262 306552193
224 4801 842249552
4759 1948 238938209
2599 4561 784788672
4750 522 550040767
1409 221 45898401
3179 624 581403884
2820 4562 421168685
3873 188 558909050
1994 2165 462866617
2612 4016 342756778
3708 1141 895516325
112 3730 26201446
528 1268 154928228
688 3114 826883614
3224 1703 366835405
1324 2626 486381748
83 196 88995296
1712 226 974502808
3639 2348 375790306
251 2699 361133719
3436 4509 740716204
3959 4860 486558725
4689 1342 996163867
213 2088 908065370
2145 2340 707345137
675 2821 572094981
2727 1109 516459545
4248 3297 9511574
201 2555 514914059
4737 307 961496951
1463 2776 747337162
3160 1608 238922611
198 959 287532139
3919 1868 409161803
1717 2327 407259388
197 3688 553690038
3248 2267 86684954
706 3886 699453412
1996 4660 192929358
3434 2240 117704023
4494 4203 894159045
2081 3747 330642959
766 682 472298001
889 4212 429027543
306 1669 65141313
1751 3422 754129922
3479 1198 669451665
2626 1095 113647761
2692 334 384991152
2964 1876 551714898
560 528 317330325
1994 1809 810107511
3462 2866 498158110
4933 2187 532822350
1328 493 908274134
4758 1920 524339796
982 686 490570922
4070 2233 532524370
999 2196 423140422
2605 2883 406576985
672 2975 529401713
4327 4917 592503405
3824 325 52735016
1154 3431 953312979
665 2751 538066301
1438 4519 575683067
4587 1589 203057072
1001 1354 308793878
3313 2991 357163902
186 4332 931476315
4866 4726 64731904
3925 3807 358224680
1131 166 382334934
1013 2049 879897511
4052 3118 577531371
2125 1214 399656059
1649 3224 813424861
2395 1734 324377945
759 664 161051246
1169 3179 57142576
3359 4825 602488751
2000 2873 488302475
2836 2606 824452542
3648 3323 880388432
4534 3087 863563841
2607 2436 158279420
2775 3953 341814360
1529 3602 272664371
637 1433 711340804
3752 3211 265181540
2098 1048 402937643
1365 373 204801997
281 776 639138986
3372 3704 433930282
216 1181 884105469
3651 4330 184083398
585 2188 963386896
4805 1540 149045599
2996 131 428578018
3719 40 16001420
1797 4816 600121393
2479 3635 620231883
1648 1932 90758273
3228 1698 214646826
2063 5 224918201
32 4125 301145093
304 4556 77011817
1719 4479 616299126
3949 3229 122623202
1438 3253 221218907
20 4178 863993115
2448 3014 472496851
2269 1153 308200410
4158 899 550641399
2230 3850 107470749
3686 2231 17023565
4621 981 984957417
2459 4821 286793136
4031 4172 543011351
862 1672 862857658
2940 1679 943147011
945 2702 230180748
94 4738 487621228
4941 529 239309976
2809 4678 608550858
3548 4541 153877972
2651 3332 727547115
2544 3820 730133253
4395 1637 776102510
3436 4055 891769182
1655 3589 569186186
3878 4562 34072753
1144 755 915595245
767 3637 297719490
2303 3642 409618129
4947 2170 61089521
3474 690 348232191
191 3180 883980608
93 4062 763988807
4621 4099 263077708
2553 4597 742320861
429 3054 337351639
175 3841 386250042
4900 3222 388503801
45 2790 236001174
4416 1521 142855118
4391 1697 174964286
1906 2712 551978164
4077 4961 224971237
327 3055 925385510
4079 4760 471452090
3843 4022 107113381
2698 475 892252675
2149 3241 38110941
3631 3760 70912017
808 765 844795545
4938 4914 461938496
2914 3291 494045502
1603 2581 848229709
1756 4020 876015884
2234 1379 485174796
2481 1703 915244939
1395 3876 313831774
1454 3939 789105336
2700 2982 271361242
2296 1829 203361270
2891 16 319921139
2602 2461 789312529
3933 4255 461639766
2572 864 418812062
3425 3049 525954475
3975 1910 651443360
1198 2000 183350230
3047 115 577543245
3910 2190 669008175
2528 224 524056947
1280 4675 254500352
2996 2727 339044740
2316 2914 854773681
212 2053 973092221
1145 3130 527538707
3969 3931 835975988
1710 925 578678942
1334 1388 290447315
995 2957 508137351
1196 2384 102674963
1569 2452 418869099
2417 3556 341148002
4699 3499 561042363
1420 3958 891840308
2071 3854 521694797
2206 2506 400691827
2528 3047 379808093
2878 3715 835478239
101 883 980682009
2829 3139 55201218
412 728 537522186
1368 727 993638465
4632 559 685631345
3297 2390 219839315
2974 2513 434501477
1683 2716 176510787
3913 4062 223532992
4185 3945 329528267
4641 4610 436805291
4866 2742 76621352
3058 1367 294061133
1151 3348 136932024
2854 2787 614279618
1028 1836 444897947
3341 4631 154462058
1519 4052 472708574
1440 4083 612899346
2292 1063 928046972
3122 3590 840656061
2174 1693 616294278
2968 3477 585521597
635 3582 774689224
4969 1617 376753552
541 3906 437378205
1589 2941 988490410
1808 2600 734309163
2188 1168 398737992
617 4095 921075601
1624 1718 128536061
3328 3383 957031132
4634 3635 187753450
3985 377 691118765
3949 3178 489665552
1814 3149 700982269
1499 3088 450499370
210 1818 835787121
4488 4684 146803127
3901 4148 505399428
1761 2703 251038993
4274 2204 704444736
4213 3706 750007672
4718 1981 748457202
2722 1619 615820744
4161 414 229002122
4945 1788 157764637
1532 553 222514504
2468 2260 579293874
2759 2154 509114795
88 1414 508077321
4595 2590 232186464
30 1240 403253041
4757 359 399032736
2222 1594 418540404
4683 75 632496544
2951 2052 617567944
1227 142 968112555
3224 3653 368331084
4019 703 29559714
4703 2793 493805542
3226 4880 510264081
2728 1774 184758190
1406 678 125862660
693 1839 114494739
2632 2725 473968375
66 1607 11545889
2506 3845 561560457
3795 4490 71475298
2335 827 551798822
3221 1171 203248906
2213 464 225243213
1512 317 870539457
798 4259 159160760
2923 4423 807628199
4452 1267 884885308
3615 842 554293229
4956 1651 722213119
4368 2067 445976212
2400 4520 462563082
4452 4682 328497562
4123 3032 608362945
1731 4545 120945219
1649 37 402351977
1593 1071 852813609
3754 4859 154604249
4149 1408 317036604
4409 1611 404968790
1388 27 66253873
230 4589 166715790
4972 1062 613384592
3320 577 971174992
4914 1280 385854307
4370 820 123677702
1798 4778 152297207
3923 3183 971123699
2278 2644 726931722
995 3889 822102818
3822 4286 16375559
2690 2876 242654216
3291 219 945685581
2957 4858 140670744
3858 2684 112217762
4113 2888 969272383
133 2549 104718951
4194 4989 765219606
3829 4785 734482541
4563 1136 71005127
4076 776 367683413
4240 4341 600872739
3426 4058 163037980
953 665 788744259
3001 780 8477962
1790 4727 447515269
3677 2490 823546488
341 3236 753263864
3914 3190 718092343
2860 1630 900654806
4474 3058 403886513
4303 4814 155049943
3282 286 521442848
939 2014 443164123
3186 4936 429123875
2821 895 484956977
3538 1443 488391331
4615 134 801868160
664 3856 780373203
1413 3966 849604443
2851 13 740929505
1949 2218 921547186
2853 547 63210595
2542 1358 552251771
2164 1712 347503648
2022 4230 907732697
2580 291 776798824
4746 807 605997717
42 4471 419977095
419 3527 858498502
2066 2676 4534970
3228 4970 584423877
2702 1791 918132614
3874 4471 770626211
4062 4831 576472893
2746 2689 797455121
940 1788 990732813
4995 3527 393261070
1582 282 598537037
4753 2397 261463490
1480 5 50189794
1085 4238 396610466
2723 1248 987563180
858 2485 604731645
1667 307 821989318
4284 4943 428910834
3045 2902 959768099
2960 969 217406215
3092 1779 283297396
1719 2483 494965793
876 2973 146508466
1077 1602 537670944
3531 3355 486732252
3559 1605 135096208
1728 80 124172116
3248 2053 85907289
1104 4574 880361385
1974 3972 927134329
1768 1051 469132343
2859 4842 297959926
3016 4673 512317211
2956 1540 964244862
4823 3368 442123691
4965 902 535987610
182 352 938945140
4254 2632 154289252
3795 4721 87505690
3044 4716 91224998
355 911 117165026
1419 2650 53995855
7 139 972524325
3222 2072 781664708
1660 4454 887606058
70 3626 367102640
909 4760 612321413
2009 189 410312971
1041 922 437739010
3664 554 462069149
221 1515 828297139
598 4607 499794163
1692 771 281976809
833 768 764107215
1366 3349 799542931
2233 1410 534657225
3949 120 931589810
3537 359 572317757
4262 4883 846174928
3509 1229 684921770
1023 1384 85543885
4485 873 117179579
4593 1168 293881586
4943 3334 46500362
1029 1867 713668087
3428 1244 392295437
4746 2551 727281676
4977 1759 243865830
4267 420 973000721
1590 2163 722876156
3119 3247 262666027
1003 2491 893061892
1618 1034 658016886
3856 2128 809830236
4125 3244 107451178
4057 3623 231069785
3779 2289 498326259
1597 4361 312121394
2652 2417 589579764
70 4744 880108950
4003 269 625584025
674 3430 449508598
2279 3434 4237363
4611 4177 683444240
3692 2500 848298798
3915 3384 164570479
3457 576 100118104
1366 2564 335414994
1232 3646 622788471
4625 3845 230064676
1866 2679 247656036
322 941 601542713
1574 4925 195838464
2427 4925 854264087
4629 4878 937387293
1462 4299 286783696
4634 1721 141253271
502 115 57337701
4267 1243 870346952
801 4675 617603283
3367 1020 875979082
1239 1048 433619888
2977 1109 837415136
1282 3975 801641295
4004 4139 657579883
2649 2422 708455396
3824 4836 838411155
3577 4181 873418062
2767 800 481829516
1899 3597 125395748
2746 4300 426167605
70 4764 427999360
787 2228 121403503
1938 4629 769253293
2203 4548 168218850
2977 3591 764966959
2326 2164 135386655
4459 2412 526209509
3777 3928 275396173
3374 2964 211561986
4334 4298 630205441
1858 2332 430130469
4941 3594 937080336
636 975 338951470
2919 3748 842256919
2287 1634 968600452
4124 2061 337644568
2018 3604 746184412
1524 3324 822668917
1927 239 534781361
4957 3826 205020807
1053 1576 429822592
3902 2211 604932539
3882 2830 176806280
3239 688 288017011
464 4711 893318118
1545 1793 810302263
3793 200 765338875
2111 1192 839228157
4902 2142 432306140
2841 485 468951643
1523 2267 638651228
2743 3648 479333338
1557 3912 667005676
2011 3475 808642227
937 1938 641557473
3467 3109 883282425
636 875 359371252
1341 2647 334562649
1297 3400 180997528
3811 604 899567479
3855 3176 100576186
2291 2312 949011389
397 2330 687288190
2465 2945 747325923
4060 4110 344511810
3060 4941 62379518
1761 4252 351065016
4093 1236 702752522
1147 820 990362346
2866 864 808351132
3974 4558 545453730
1154 130 428637229
3451 2093 115327546
518 2463 931833351
23 2025 530783820
4575 178 687260430
3501 1210 773292178
1182 2343 636170993
2947 4729 696649409
4266 3528 320115495
3126 1092 859166216
356 1003 442221990
4358 4944 254244135
1228 4637 253219061
1145 1093 917300654
3263 2570 296180030
3067 2752 178235558
2151 240 111767667
3394 2665 985646144
4432 1284 959077879
1729 4263 929975712
4352 4286 842493734
2567 1537 831680880
3282 260 903613689
1677 572 578331538
1972 1473 107323339
4623 4465 294735046
4978 3921 629727114
2446 372 37516951
4955 3843 479564626
1825 1913 243503230
649 3611 276814473
1909 564 724989844
89 10 582808834
3975 1968 695737032
3499 96 828649036
1756 2804 150817796
4975 4711 92983645
4211 2438 907317202
4750 4838 123461150
1957 1638 709887429
1837 1881 871700073
206 1641 120735082
4431 220 131949804
1635 533 564969757
2164 3181 374495127
1706 1875 974462712
4091 2927 34082823
2582 1741 810436839
3380 3003 822794581
1960 3147 906014797
3309 1339 767997753
149 2754 490284849
121 4837 790613238
2328 2596 764083559
3852 3018 858599515
4258 813 752525775
3039 1327 94656338
3910 1432 989884045
1378 3149 456809545
3212 4160 907523656
1471 1039 664582542
4394 3155 613963048
959 1031 603067483
475 3107 92431584
2379 2742 679898729
576 1942 46352773
1665 2423 816342899
2953 2677 495491680
199 4963 827100991
4508 2945 843688953
1524 4555 136902620
136 503 275499314
2429 1977 687441987
2305 3245 78454849
4412 1439 752617413
3340 2946 470411894
1982 3349 110141943
4461 1922 150003068
4259 2749 65666595
1609 3132 386231048
440 4389 807613952
780 2111 946397265
2857 2723 802557690
2464 606 353655166
1515 2924 624262312
837 322 480462384
2039 838 37947529
4159 4678 146591348
1237 507 159199990
1983 2069 482548169
2145 1682 753381213
196 4394 332163946
704 94 821544848
1763 1606 268492984
906 418 884211713
2460 2298 344887180
893 648 997952484
1832 2972 547038398
2420 2962 48111703
1631 1043 416233026
1382 2787 703179578
957 4369 932384048
496 3919 239432805
4589 2045 596092762
4738 234 53934013
4747 1189 766775665
1908 1268 488096455
2649 2236 730722552
2230 2202 736312873
2667 3510 257227589
1525 2446 874447858
1926 2661 56317698
3063 3844 768642144
162 1600 864065322
3245 2806 165058224
2181 4196 597316023
1772 545 898460000
4741 3457 839328941
501 2339 658542580
4043 3487 342361282
3387 4755 849659456
2663 628 9187488
3674 4344 402249710
45 4820 522135500
2813 43 514592899
2017 2 499562980
4906 1531 971902312
662 2609 881094530
4215 198 338148973
418 3490 322484609
1100 370 944345253
1280 3191 269991229
1035 2383 869639931
3217 1190 697778136
4918 4048 575225942
4809 3128 341506509
3070 4453 610069932
1367 264 916663504
3799 2920 453469490
1489 4241 559002191
3190 1602 14875422
745 948 425260129
3151 403 342867298
2368 335 942854041
910 452 459071297
1927 1790 377272682
3546 1123 399505974
2361 2661 312880985
4790 2567 81822245
51 3737 761598302
1137 1846 721586707
2281 3547 300230169
3147 454 521619579
145 932 965196788
2534 3201 796139668
3098 2146 61400758
4852 2319 894274681
274 4932 917033082
2644 3535 963438393
383 3769 2205729
1591 4472 563324228
3814 291 249819770
1824 1320 253545422
3725 4882 254779551
2226 1659 918402910
1657 3825 819014532
3939 424 592321074
978 2850 336517733
2079 2580 282824831
414 3411 974702304
3215 1561 104866524
3768 3719 787500044
4394 1300 915590536
1020 4521 591124719
2295 2135 157934888
3492 3131 966865955
1623 2311 670722219
1484 1802 380155296
4108 1461 628413023
4426 734 625667568
1840 208 527536468
572 3186 483956806
1269 4639 380518823
4763 4929 69729641
66 424 49704782
2005 1500 616387144
882 1124 319211930
4585 922 866212918
426 1112 927537972
2317 3863 434999937
1931 4596 376455848
3142 1305 192048791
2594 936 866047946
307 2364 384854158
1149 4604 993178759
562 4358 384037697
708 979 762084119
2239 1369 922417662
4986 1109 445382277
1965 4920 120559146
3183 1469 139405738
1145 3102 130831189
1096 4262 802232467
855 759 274415252
4296 559 105516979
1528 2870 682927697
941 683 565108646
1595 4094 4192889
4368 2851 136400440
3953 775 471760766
73 4022 264157515
1141 1287 854039896
3918 4064 855006530
3168 545 271522656
4331 1959 682605386
77 4769 326593664
2894 1053 405998528
559 3498 662502244
4491 2899 7527847
1418 2994 536291657
3426 2856 469074379
756 1428 533788275
4680 4569 134795530
4282 1468 83569675
4827 3156 177959933
2193 447 151863194
1793 4448 664066254
4091 261 395596945
4523 1562 681239702
4207 1877 827007438
625 4328 886183753
548 3481 47209403
2216 3832 707468755
724 1728 293503064
545 4423 973880896
1801 2284 19695198
4243 1911 810229574
1764 1846 729674460
4123 1280 236031555
1550 3961 673197419
3120 2536 534692232
941 3271 370306594
680 608 80905665
4575 4642 419201272
896 4512 588576580
175 458 348254775
1505 172 675993992
4601 1661 326370945
185 4589 216654962
1196 1840 117338768
383 4921 869031080
586 4584 562846698
2280 1943 353923136
1161 274 519786362
1205 2450 617301853
3693 1512 104828713
4657 332 835863487
656 2831 727100406
1851 3683 758806134
1132 4133 907478492
3685 2153 285881868
1554 1174 255139076
3651 3221 194570705
742 1049 597565837
1258 4112 292898540
2819 4042 336094584
1287 1262 334539387
3338 1897 43945794
275 3583 906735699
3649 3446 493774482
4772 4893 464257170
4033 2470 448304884
4801 3739 105482962
1434 1835 163615482
2023 2901 675726519
1169 1672 878140828
3633 473 422305325
625 1471 251609610
1497 2388 178663191
3150 424 163511488
4096 3320 826156073
1799 2452 341509941
3766 1540 409305854
2938 353 606358039
1713 866 459475895
1557 1472 821221576
2649 4396 363317738
2847 705 753905093
1727 1167 264178440
1937 3660 94620351
894 1331 567149169
2883 1076 992737713
3961 4846 21524080
363 347 497765651
2705 4080 184647216
3618 29 981736430
1705 3959 342261595
3625 573 615311508
525 4665 730672555
2023 3418 531402540
4040 3444 618638162
1552 4984 550266746
1129 3291 311878533
4158 2107 935259918
1376 2357 204547453
4931 3192 901818109
2170 394 736076656
1054 137 708994006
4780 3161 188092100
1125 1238 874021252
1387 1269 464139409
3202 1932 144131917
3516 3429 83932061
4295 288 272537286
4726 1600 700696232
3870 3399 473843865
2108 3090 584200898
1119 4744 539217834
231 2630 842222009
3140 4444 445885301
3852 249 52426434
3644 4843 879634427
457 3018 998023016
2140 182 470096543
1652 4351 675595414
837 2436 447690228
141 2835 499358461
698 1680 451877011
318 4989 384736125
3466 268 568223696
3315 3241 976509166
529 2278 282787435
1186 3246 622690613
2483 4902 289965981
1273 608 472959169
4143 2288 664276426
3775 1766 144845680
1821 3698 991998440
3919 1396 209828212
877 3051 789035312
513 2607 519693510
1117 4008 938435654
2215 3726 150158564
3168 4693 749429624
4103 1961 93423201
4581 638 211000337
3376 747 473253674
3260 4451 251406674
3203 3577 147597053
4846 1345 510948069
170 4661 855560331
4630 3392 284379065
2026 9 330284789
3328 91 657027301
996 1381 751683068
372 547 512094902
4177 976 227707291
981 1500 526570348
1221 444 814308775
765 3274 734234093
2240 3834 276314725
3826 3946 646383748
1770 2684 88610785
351 3745 46482307
4238 2083 254495040
1201 2693 761035133
4776 1522 632512129
285 2192 103468746
3541 2465 394902742
3121 4617 273370907
2486 2791 879751421
1613 3929 204369065
1349 369 919442554
2217 655 938204494
1347 48 453788134
3975 1120 867144575
2315 4343 348006888
540 3706 878800501
1377 5 463262363
2158 2857 564615379
3013 3427 260833116
3181 3064 822084063
1359 2422 42359007
3256 333 761429481
637 1094 487480127
4790 1519 116799168
4512 566 964657704
2848 3155 213613444
1938 1477 431931232
2648 4132 612055765
2884 3781 666044588
4426 3600 4993476
4918 2536 124597622
1707 4087 602317778
4181 3420 251932667
3189 381 607972048
4175 2102 747328907
1438 44 49618989
1189 1380 931867456
3753 4663 78310107
3021 4170 332658311
1740 3330 83105696
1030 2021 339886516
1273 4997 333985107
3471 4407 457673097
118 3710 165996466
314 3921 331331283
576 2533 547554077
343 2215 560083733
2180 3852 184451846
1163 3444 636339209
3379 1130 760938272
3335 3448 18261749
2602 234 690213444
609 3027 865843999
3532 2693 420436545
1149 2838 820692201
718 120 60941211
1160 1571 630309913
792 4672 852937133
4631 1742 390106742
2602 4641 839574613
4675 3256 337399521
4838 3256 874447630
3665 3975 422502633
4238 1751 603180722
4498 3279 408666221
509 1894 750758215
727 1153 954810220
2324 4517 647800886
2965 3242 627279072
2356 2709 836671127
672 2842 902500248
3619 424 407216543
2722 2803 254531446
4213 701 430899097
2733 2828 268814926
3889 4485 522730210
1068 3579 161072199
229 2300 261834904
1703 3878 701137186
1621 3575 688142571
796 248 612914513
1716 1212 406268686
2495 3941 164923658
2880 724 31660410
1750 2773 575311501
3474 31 651055765
2553 3366 238615568
4457 4368 810097358
4183 2632 285305157
3259 3624 754273817
1626 1717 233317743
1396 4880 251137272
4153 2177 747788493
3954 1870 68263894
3298 456 462364279
999 368 955932215
4896 5 64544673
2336 4476 593353202
878 4187 157155980
276 4661 919517326
2223 1832 446926262
1530 3544 121973699
2942 958 272075623
4375 1983 237749113
788 4800 644737485
3255 1083 13972425
2305 38 880615291
3185 49 305972165
3418 4795 748149571
1191 179 728952474
3247 1478 887184147
2659 2378 576705271
1579 4965 822313724
3519 4978 47533581
4037 898 338287973
16 1122 373434389
4920 3745 446523492
178 1194 215111978
2772 1903 92550593
316 1037 721108506
4597 3137 146676925
4816 4755 43523353
2025 4666 94339626
3689 3943 388408941
4591 3715 225387849
4988 445 57662066
927 2105 775772523
3520 4446 102260330
2121 685 75561031
4656 338 116005023
3334 4999 297851040
1410 917 320207590
2960 1859 265825678
754 110 236428259
515 847 609465722
1955 1584 603645013
2368 852 724769012
4300 3325 847696956
182 1878 797736645
743 1756 303129734
1946 1436 90010531
2062 1175 980978015
2380 3603 504131864
1281 476 414121544
113 2386 3648027
736 3089 446114596
2303 2609 23935384
1613 2654 27695979
142 2163 854141581
4063 1401 930543527
838 4391 167614252
2414 4865 706223178
119 3746 856185888
1125 1428 271826326
2527 2685 31464593
2481 1033 862853901
1172 2826 445174103
2903 1333 515543401
292 1041 662170400
1411 1624 54212872
181 287 369858932
3468 535 24780713
1217 451 512867541
3911 672 878581216
1676 4716 662464713
3173 2585 210577269
4859 547 367786107
864 749 56151917
4626 3671 407550786
4163 109 318429663
2540 446 917900947
4812 4989 166032661
1416 4492 144104592
3013 1468 103257647
3837 4981 223165746
1527 1871 533178989
3183 3209 79089481
3760 2667 436868299
4947 1156 689252833
2455 4578 913775694
1619 671 653190364
1598 1490 275924950
3209 4422 819875816
1136 1583 114791176
399 1082 542051382
56 422 210847743
3503 4282 660486377
4167 4442 628712535
4174 2435 635297430
2413 1276 874811612
40 1567 236213353
3573 2704 737072936
1522 4815 348257293
4497 508 892555373
4208 1712 105940068
1399 2418 276358889
3471 1512 540934353
4394 2374 672910102
4192 1524 897762061
4543 4070 800386288
4719 4140 7453906
2495 1822 667966183
1067 633 479494133
3097 1327 946098272
1888 166 922827575
4024 2266 653410005
429 1417 469738317
2085 2358 738281629
1778 3745 93659723
3017 1208 695817289
3457 4314 53509113
2564 1360 60939465
1552 294 535600031
820 233 573128720
4981 1295 136504465
282 3114 941768465
74 1498 805699609
324 4692 183457122
4542 1681 953558497
3994 2260 857277315
1437 2474 314950438
1124 4227 653228754
2280 403 883687435
1051 2630 275799440
3467 480 15015136
4552 4081 385337250
3661 1163 463661557
2824 1603 48129714
4006 1552 578754610
1726 1826 610862628
2904 3346 157764981
2849 941 231883022
4394 3571 860411205
782 589 701172593
590 1272 970771951
3470 4609 447192955
292 2196 652538500
4705 3803 455323458
2038 2095 308035916
3342 2961 34892514
3287 4715 359464236
4485 4871 900765734
3638 2549 435141807
2442 2136 186456072
2225 3269 536778403
3072 3455 961153769
3316 215 779739217
900 1591 278676381
2454 2842 69749670
4306 4699 41940783
3930 4639 523656828
4880 1702 657971233
1593 820 964434366
2026 4643 749801076
580 2809 130240902
3557 4646 691884862
4109 2544 1682546
1035 679 109340930
1151 1078 985097311
1854 3411 113701325
1953 228 597740907
4380 1021 474067716
2019 3274 827698691
274 1779 984076439
1650 270 600267511
3572 2014 695762936
2808 4365 893247308
2125 4042 478614130
4726 48 441153418
955 895 982471756
1769 2611 585221675
783 2561 180878632
4661 3011 626322131
1632 656 643393358
4393 348 231815410
2203 113 327891590
3634 1842 357319175
1796 1098 943189202
752 4118 777757607
2661 690 862084025
3421 3112 394626657
313 1787 757574218
1188 79 939505109
1218 3638 904789902
392 1315 523674861
34 4692 30207902
1888 165 792797576
3365 378 520056978
1660 2691 968016663
3179 2934 806689928
236 4309 892427702
3939 1848 19298396
396 881 396703298
3766 2441 782361942
2613 4253 996830596
3190 1018 298272994
4274 2682 565978238
484 3020 374513920
4605 1453 813825243
2526 1692 179423272
1953 3430 963834391
3915 1772 372064436
3602 385 91339777
953 2631 575065482
2567 2014 355300852
4104 3988 242776622
1603 1577 276949770
4463 570 515669132
1650 1478 75889805
4412 2099 85211891
4073 3757 657032224
2222 1746 152701880
3969 415 616137113
1380 4248 796691548
1718 488 645904849
3081 4632 916880656
3518 349 464168719
2516 3222 175042390
4760 1033 889536296
377 1815 35225917
1294 3336 835705729
336 3573 504038244
4458 4648 21855015
2921 111 133565338
4828 1112 808826549
786 2168 699466766
1518 4356 330798427
1127 1977 227385274
2942 1818 653032835
2744 4871 261129939
3170 3714 743670156
4344 1070 429700
1476 4902 97538260
4528 4849 646381337
3464 4988 816523731
4106 4753 973793272
2369 2640 531315388
1805 4437 612244861
785 2099 604909210
1945 1528 299698880
4014 1495 729923942
121 1324 75761974
1853 517 70455859
699 1762 408320733
804 3325 908624216
3394 4213 627902711
1016 1143 704152726
4087 3914 960227698
881 496 373977052
1640 3201 989243936
1797 2965 767844042
1098 4855 843584154
3818 888 859503968
3559 1447 467144439
2376 1764 618735716
3227 513 633431573
4671 3770 9061382
441 3532 621051065
3267 1018 400626984
916 4642 315379256
1936 2570 48979036
2177 4118 455652391
4839 3284 830887763
2771 673 503317482
2082 3258 35331080
3552 838 276614245
3041 775 731214889
1806 728 472178167
4781 3427 263548979
4336 2914 349725747
1423 4406 642255197
3725 413 630864586
690 526 289120851
241 408 810113667
1912 378 803243055
3723 4772 107108257
3230 4937 769218240
2606 945 523752373
1249 2292 75802268
2508 1946 617777673
521 924 423025643
4891 4599 320544957
2769 1965 367597763
2168 1783 288024360
1952 453 97572944
1139 2037 844067352
2782 3526 177727509
4100 1432 202695866
859 2393 445159237
3511 19 838757641
859 2626 806648967
1017 74 530519721
2987 1164 254160037
3810 2263 240310201
431 4416 516684745
17 1802 527388323
712 1198 640043162
565 3035 527539033
3053 2160 140116947
1710 3467 62871356
1741 4979 687596704
1623 190 575290325
965 1907 745325800
1759 2288 397620437
4105 4901 862478636
2459 2194 937572715
4379 3799 653260148
469 345 302408370
2415 1819 35275283
3751 4606 149857322
1373 4109 871144347
2064 1638 833947664
641 3432 779522832
460 684 729515398
4994 412 645540780
4113 1684 847208751
996 823 127330702
3853 255 16417655
204 250 735127892
3631 4282 595108816
3816 3915 727904183
697 3650 257933147
4736 3095 599739493
4786 2736 22861496
2512 515 701621604
3354 4279 907663204
3395 3551 284714309
1352 1866 896549626
1355 504 794832330
1461 137 136361778
208 3634 198191769
4820 1748 470652401
1966 1176 337827444
2857 80 172560770
3879 1862 940511752
4918 1534 648474299
4466 1046 878633760
930 1759 747261167
983 4365 138450
3851 3410 815932429
1433 3364 288050649
4410 645 631042529
1061 3990 92704879
3608 4842 819886170
470 405 978002938
4156 1270 224020813
3418 585 393249202
2220 3778 591412308
3069 4820 887578244
3302 1197 107352380
3700 2059 495254988
126 341 990633366
4714 3628 8197343
3183 4773 708716412
529 4997 417371231
78 4983 107479438
2508 483 405580275
2607 1184 301093223
1417 48 637807936
4257 489 31245018
4613 4908 701793035
1185 1305 481213025
2156 4977 503635531
2083 2103 825613242
4722 1502 90154724
4447 863 187301027
2991 1596 649387028
3638 1052 549242132
3748 4291 127461229
1204 170 875723093
659 4781 205924055
4456 4696 356593194
4496 3065 312971087
421 3490 313098095
2718 322 258320064
3403 2386 109575293
840 3744 730696995
3804 4544 653616034
2867 4295 844067250
1837 3001 192275918
4772 734 177630369
2246 3065 783964591
3334 97 328076887
1304 862 507835016
2089 911 824397058
2733 2354 231740295
2240 1114 437493025
882 770 520793919
4455 3880 247644113
2705 1469 117261461
4541 2221 628442152
1541 136 376953845
1365 745 511454655
181 4715 961680787
99 4649 559061054
1939 4620 813625915
4884 1090 323392108
4394 1572 845334210
2185 626 881303734
1326 3062 674917751
2776 4177 354506595
1767 2884 758152460
4368 385 492964353
1880 4436 493895711
2135 1110 42481835
1651 4787 785802650
1212 3726 266886482
3799 2378 536195355
1379 2216 641877385
2018 896 415923029
846 190 21918510
4300 760 281894810
2981 2331 675527526
792 1475 142210215
3206 4112 204013924
3569 736 185535704
1148 2601 692178646
3373 472 203582795
2753 2739 268603134
3911 3589 339764146
278 4505 949641321
1235 1177 810181247
3212 4171 432260818
3588 1826 589912970
3942 1944 273455137
1450 3642 443268324
1072 165 637383440
2049 4968 345913381
605 1764 327319445
815 2325 136362670
1030 1864 759192596
2055 1385 169984546
4203 3408 781940186
1786 313 67410168
69 800 63011904
3873 457 310969004
4444 1521 414467857
3086 3545 837480804
4831 3424 960873580
3366 2355 310235151
377 2731 234875833
2016 22 447441725
4308 4059 732542798
2739 1301 168575679
3536 2936 196594616
4691 987 924708735
1112 770 572152164
167 717 965159892
4644 1654 175224834
2487 4848 913180136
1781 2391 68310364
3326 925 34832867
4712 4143 526696324
2627 3743 835010024
1215 214 616402696
801 2831 659513505
667 706 189569863
1527 1091 707583701
3952 2481 70814595
3688 887 534606962
521 1422 863037091
4608 3835 234043282
4607 1350 526476493
4856 283 667050401
3755 1542 787558187
948 1189 935158334
2752 3220 570834492
2306 3357 377336291
4472 2428 809833346
2586 1071 779407412
4518 743 851356891
1868 3949 525182521
3220 4939 533841782
3884 1206 882389751
1214 3194 423507762
312 1778 467501092
1514 4547 263638155
1930 902 605623361
1624 11 941389724
747 2256 254925634
2159 3483 828006023
2475 4871 575522680
879 4320 819247742
1925 3683 794690435
1781 1307 420661345
1838 1780 326262052
300 3854 96438129
2841 569 793272927
964 3376 747068422
3269 2978 741679549
2111 387 125363787
4873 755 239560391
4194 4130 653669658
3019 4434 279377882
1299 1599 216548663
4033 4515 433384976
2301 3884 935470678
2891 3355 191310814
2981 4431 632473271
4467 1224 371081824
113 2548 530624658
1767 1603 425511105
1797 4021 299951166
1671 2227 540817836
2466 4575 40147508
3447 4194 527280913
1001 3011 963043593
4643 2239 303943869
611 4129 441240797
43 260 409743792
202 510 18363695
4289 1800 806129947
1062 3265 785177928
4465 3339 888201366
2105 4340 508130881
1314 2914 968252568
3682 46 937885401
402 3900 597853361
1212 4159 164821610
59 3107 184377597
620 136 272717338
3628 2074 37075553
4223 4334 334010152
4285 376 860893422
552 1382 613202969
3499 1182 620189718
2382 4229 54800483
1719 2237 208592188
1394 4886 179045546
728 895 48063501
1459 2428 830873790
757 768 359280467
2073 802 957663398
2009 1421 551519180
1544 3465 895965919
1267 4741 322398665
133 4529 845765741
2036 1723 509149064
2050 833 178810777
2326 1607 279168096
1085 2869 606188486
404 168 491428655
1408 1193 279838936
2056 4031 863792015
3941 3354 726323083
1900 1723 762642585
679 1329 801697973
4684 4823 71992152
1263 3848 441043006
674 1943 982346448
4777 2912 789301988
216 4836 884845278
4884 2009 255479771
1071 4511 597941363
2928 3687 210748795
3468 4645 293328701
2942 1554 189871205
4846 1671 221884536
4384 1987 73981806
3943 1643 45640191
2815 2367 148821949
3248 398 497047914
4552 3788 174000586
3555 2872 892146063
483 4586 424179439
1207 3396 144843727
230 2795 486419097
1417 127 201368234
4901 2129 287455962
3575 2684 317885028
3002 2083 304575857
156 4764 605628540
531 4524 357490831
479 4515 746780300
503 257 984110383
4613 4057 493932788
2687 752 884018113
1761 3730 593035338
2899 4712 642087493
219 3121 747657395
3090 2099 327098067
1157 1635 173985951
2346 4125 357846076
402 3599 584962643
1379 2974 947131357
4899 3540 323120433
4833 1290 165930277
1871 1375 960233816
4203 940 613446827
3457 701 566026391
865 4239 168349322
2569 1946 292735978
3445 2410 696361486
4019 878 684790882
331 3454 279209814
4006 304 87366027
4063 1671 679468457
3355 689 704900018
2576 424 568037880
717 4662 624434829
3247 3255 540211297
2621 860 196173072
2168 3186 716209920
519 622 256067933
769 2963 144077795
4700 392 658945870
428 874 889149784
4712 4546 610046804
3798 1687 913385368
2562 4766 41164922
111 3664 845456539
719 582 173901748
2752 217 549423343
2386 2954 519366965
4435 1481 64086006
2216 754 161628228
1824 3073 380596060
2733 4324 453471171
1805 2511 106619159
2036 3453 841303607
3236 1232 374612682
4721 1234 194116737
191 1881 102486730
148 4222 213621093
3422 4552 525708523
2623 1859 470405225
3591 1208 418242041
1002 4533 676130125
2156 31 795902270
3485 3380 244522220
1030 3594 150692932
4020 413 830236954
3722 4006 43507788
3628 4251 894009117
3285 1764 433433807
755 1222 442011729
3659 4746 772405530
3046 4044 777372402
2088 4969 698434746
4415 4511 485128074
4514 4447 333003522
3157 4538 929073807
608 2654 493981109
89 1388 691696405
2574 3060 839934485
1657 142 861512615
2975 796 75195271
557 2270 224267839
3639 4381 122350555
4922 4927 634950210
235 3609 308903842
3261 4995 924547455
3852 1460 654350927
4457 1642 493628501
249 2210 80828184
1402 1804 536390472
1629 516 976501316
1151 1884 103951789
574 373 736236724
2988 1192 241689199
1611 4621 928381122
2319 3347 20808786
4166 2736 328118118
556 1485 119023755
2533 2473 372590992
1887 3705 426095547
4136 1021 367519993
4221 856 344570812
2631 208 464862693
4535 4826 30986802
4502 4074 197409136
1228 4640 606119804
741 4358 173419788
746 1267 803055667
1913 2417 145799824
345 1040 795474483
3236 3828 235848504
4848 4697 169849686
1201 3445 116686124
1685 1736 13053972
3685 622 519132716
50 2962 408100843
4921 3373 764809858
4164 4287 995593586
4277 3010 918134623
2697 623 105796164
4679 3470 59848097
3366 4429 898867904
4184 2633 887326091
4404 3331 186933605
3436 4818 710852043
1244 4788 884651971
2753 2957 884588998
2393 2018 240527523
2632 1157 755891521
236 4500 989151632
43 458 635177462
2347 1412 88463843
3205 2073 305962659
3923 2354 217088012
3934 2129 211306322
4976 4554 954841908
589 3571 312785312
559 4093 367086855
2101 891 699087429
2831 3553 579369658
4401 2540 987981513
713 4635 159002477
1261 4739 694818214
678 827 588374801
2674 2396 374953559
4197 1024 64213210
570 1739 270565259
3783 3241 141333541
3006 3123 550610229
2348 305 706819211
3441 393 866780712
4629 4184 816887026
1602 2698 977970370
2680 3432 786741764
1861 2866 550884703
4694 3716 998572631
3803 430 243436166
1271 3304 509977742
14 302 339140610
2601 2048 592579024
3820 4542 72597104
825 2472 701938159
1087 2081 682854489
2473 3270 244591867
3810 3643 116358834
4285 2634 158039461
812 2206 519445263
485 1135 85667594
4783 3286 486257631
573 2537 445178413
26 2424 71147090
4868 4311 461885037
4333 700 345657681
2299 2042 568425102
1411 2175 115684970
3431 4489 326257133
1331 4042 193659011
3222 2115 190508278
2971 3626 377305868
2723 4387 449388413
1863 1340 106462026
4307 2398 292119991
3690 506 80685679
4589 324 42560864
1569 873 226588289
4664 1725 269252376
259 4112 76823772
2415 2656 166667828
1544 2536 731721967
1326 283 869224784
1002 2131 149585598
101 3251 213551249
265 2265 390992766
443 1133 853428430
172 3591 635167109
416 4013 985315225
347 2161 494510696
4673 3813 869561660
31 1630 347712570
1496 4369 223705068
2985 3308 849782971
4281 2333 573894680
1084 2173 662407437
4766 4262 502159622
654 2171 979624689
2536 3734 30178500
2892 4647 115886332
4431 2010 497735138
3049 2299 362780479
1394 2164 572194619
4067 752 274402588
4386 1066 578831529
4384 4404 923680378
4899 3977 464221380
4927 2291 717311605
3087 2932 730087240
872 2484 316626729
417 2973 827826530
1708 2018 418073727
513 1839 971162364
4725 3323 81468482
2248 1552 84119153
1685 2295 798051722
250 4348 385372432
3437 2569 730008103
2293 4833 339955287
4408 1726 450385652
3333 3153 85482241
4662 2488 338972664
615 4066 764586167
2956 4361 375094636
1977 3634 564017085
293 235 143356276
4256 3059 145988759
2686 4741 379975439
641 4577 663733938
4484 1445 835535853
3648 4756 364116508
2365 2086 890064746
3828 1524 92976999
4463 3409 981994670
882 4812 872713985
1051 4784 356697612
2426 164 10550810
1045 3022 633792625
947 2337 637907690
4863 88 603938561
2572 2126 208989527
3966 3396 248532493
695 2464 486167045
1504 990 688716634
2349 3614 422259953
2492 1943 294657084
3641 4989 736252106
744 2049 59297883
3385 1321 197678235
335 143 736643868
175 1698 335728678
3484 1000 568261792
3045 4476 692074435
1384 3370 295490334
1513 888 810949495
4974 4840 650612180
786 3960 206863503
3644 644 397602184
262 3514 320607520
3051 1317 979707971
394 1916 288180424
815 813 796077340
3464 4611 397149577
4331 2831 170036111
3037 878 603283706
4334 3831 389532775
1394 3339 670149888
2708 2133 510446406
303 4579 25520408
4100 4881 826577605
2498 1051 315291953
3624 3360 666640132
534 11 692306385
1007 2543 134589350
872 2444 504346298
2073 2012 782251967
3197 2066 633013456
2438 2652 486255546
1164 3355 939033146
4989 1590 23330512
2815 118 451342420
825 4656 380952191
3477 819 518223673
4356 2613 483276175
1226 2453 8378546
2666 3809 646657492
3953 533 915059727
2524 4080 563847744
2834 4032 207384295
2899 2168 597108086
2525 4024 730071274
2774 2981 3412640
486 4781 386958139
1799 3473 477936792
2754 3039 568269565
3355 228 687372631
2967 2858 774654669
3588 2526 480520004
2665 2242 520011304
3625 3309 735895239
3924 1237 166876071
1467 2684 680969477
4076 1717 515524240
3910 2266 492869426
4172 2893 902708760
565 2033 579445776
1922 3267 576228795
3187 1466 451820643
3788 4751 116219630
2049 4811 623167886
1438 1376 123201636
449 1613 983847278
4161 4836 832250213
4354 1311 619325434
2748 1402 279904671
1699 2342 99049475
4956 2090 725132700
29 822 746815205
4821 2728 819635593
542 1270 188267176
936 4621 186925422
1897 1710 85201423
606 4866 705049330
743 2801 489831995
4345 2328 96308645
2843 2300 852199046
4436 1735 214486421
4099 2923 744407524
3838 3364 735100035
2556 2512 596457458
2441 523 527111396
574 3317 860925586
4719 4106 190979331
4220 3262 114008410
3445 541 464786841
1363 3785 550726513
2664 4681 438507739
4467 2309 872933160
4553 2831 309087542
3142 294 225451265
274 3234 621236691
635 719 655478473
4331 2267 147792729
2969 2589 17935003
725 3453 41184584
4865 2912 896649587
2954 2671 203414353
2636 3964 538234789
4788 2193 764641676
317 3631 701626662
4182 1397 497993944
3520 4530 876098231
2803 4368 314779695
1276 574 415521325
3746 1532 767501117
2162 3681 35936408
1639 338 651410939
2350 2611 285796300
2513 488 660766198
3068 1743 345903440
682 171 201374280
2223 1330 448243016
2285 1653 486156870
2591 3300 117360931
1236 1736 246306807
2092 4158 754889729
2531 3613 496012201
4662 1598 40235970
3244 1255 892038091
3776 1332 351359650
2532 699 227555937
2819 93 356414475
2033 295 179058756
3318 691 680755318
3681 1255 293717528
1492 2254 363409960
4806 187 12851434
948 3808 173986353
1868 1052 463827695
2181 3869 206128842
1401 4474 817161543
3448 2411 536222514
4040 918 862164282
1197 710 354525478
1238 1850 354155542
2889 600 318184996
183 1949 764160683
3215 9 66994069
4445 2651 84080708
779 3794 384443807
121 1944 466029004
4221 2362 831271442
2927 375 842333435
2836 4367 567495262
1867 1377 387182219
383 964 788113124
1220 3435 633463421
863 2143 522149703
3321 3023 378267387
1455 4111 103345932
1439 4761 623991638
720 475 591622716
2907 500 528195481
4916 1604 281305913
4916 1149 573092546
759 1199 533689720
3619 3381 87847636
4125 4199 316691515
2392 4191 881552996
2191 3130 574048647
1136 3608 826077094
1015 3200 732354766
958 1436 925980076
4979 827 25921066
3610 543 779946365
2648 1929 824313679
2690 2158 625184905
4798 2254 162252351
3804 1273 827139005
1734 4030 609632601
1965 1809 285388280
4254 1474 194766824
2748 2828 419166937
4251 3550 792427295
2868 3834 531333509
3826 4890 914687506
2107 170 176795794
4510 2369 996541859
1761 96 711610170
3585 142 781592062
1665 4659 133846793
423 4231 324371895
2055 3115 114387354
3265 1131 508295067
4134 2518 261832305
2235 1412 148907400
575 1977 427438319
886 4971 5351862
4133 2911 939330787
509 3957 878532713
2773 4877 887836685
3453 3619 941158708
3492 304 492348851
3504 4284 425743650
946 187 165348605
1873 3695 243743074
649 4253 675047042
736 1616 194078696
3728 859 703538237
827 2030 745106808
4234 2510 214246546
1805 3184 292618244
2649 3269 430523056
2557 4790 543500800
3652 1079 858487651
3957 673 840634167
2577 3995 138646359
2934 887 103983245
4647 832 893009588
2721 4456 741942447
2414 3552 116242933
761 1863 436799422
2331 1268 386091821
3008 3761 766795660
1158 1245 87610412
3149 2700 415102844
645 212 51335158
4471 3145 742968559
1471 125 233794850
680 1366 940526122
1643 2986 233499589
3823 4511 329878461
2248 651 569244243
4924 4471 818854851
4282 4982 375962846
4415 3414 768098950
161 2860 339081204
2124 511 217534205
4381 1110 977490065
3336 342 343464631
272 2915 636130332
4564 1499 920512164
3317 438 69644102
4987 4969 197845057
4171 3247 334089802
799 4759 291720375
4012 1245 419008575
4014 3328 585847222
1531 3197 647273155
717 2627 459266373
1401 2669 509625135
1763 323 871465955
4881 814 227699748
527 300 839344497
304 1430 914561833
1448 4826 152527310
109 4139 699454640
180 558 542571580
1151 1512 512556514
3089 2060 938417019
4311 1581 863710338
4475 1213 711128426
3794 2851 292992497
1575 2507 687792079
276 4506 67357166
1286 3362 104169742
1211 276 943363869
2842 3566 524215529
3461 2278 844639552
4861 943 933852345
3750 4993 389165798
4384 2221 731269649
1599 2094 204259160
3627 3416 407866098
1698 4040 791970509
3846 3085 674962620
3696 3660 278653975
1683 164 389167472
1466 1779 165276721
3060 2784 501638187
712 3558 736086711
2926 3872 974284348
1379 1710 187266570
2394 2654 457837583
360 4027 211784256
2187 2014 339205414
2346 3558 480655680
1797 653 286003740
612 3010 462777686
882 2505 323641960
32 2706 269866052
919 3311 723683659
417 2420 807976800
252 3188 573039093
2732 1088 33981611
3453 3129 485404081
2439 4425 958845160
2255 545 669951029
3308 3154 418702749
2387 4514 544647657
4893 3545 957454892
1857 4488 373930114
1490 4669 877589381
3376 3732 228622568
116 2298 1674155
4322 4106 21006706
3577 3992 625356800
1634 3763 249820309
922 3629 806799184
2818 380 87760536
4533 3 465382621
419 372 1428916
4135 1521 222461274
2270 354 548839939
2555 1498 713402238
1804 4308 23316681
753 1155 880978066
3827 2517 483511449
2238 29 514336429
1838 3950 887177969
1980 1830 737737166
3917 831 829781772
1189 2305 575183180
3638 1492 56907909
2113 954 210333656
4935 4580 139207547
4432 1916 38476384
465 1709 30019820
2498 2238 874027372
422 1012 351412423
2078 637 126475892
3059 2307 573721130
3321 491 651323792
19 2154 833117709
1377 2604 238488822
4790 4795 603426395
3330 2299 944890884
3855 2049 872172929
4365 4470 620317114
1676 3759 423412030
2427 2281 977801773
2856 953 964415583
1396 1926 807312044
381 2117 754068447
3944 526 821940928
448 4356 966098391
3366 182 540585975
2393 856 171809300
1592 166 683605014
2276 4567 275603021
328 4857 389091500
3301 367 940909300
931 2022 74101668
1375 2706 779784309
3341 89 491093686
2939 556 657619980
2433 4286 521974133
4655 4301 810166541
3863 487 614231838
241 1780 721354575
3987 4026 456111051
987 849 202029303
2498 2815 484956820
1465 2099 600376890
2855 4375 166317689
3498 1372 252602448
1894 2295 21048438
4909 2404 902884254
246 2882 694361959
1116 4503 833637465
4432 238 786476543
3218 2706 229106587
4969 495 840874617
1929 3018 952646683
2440 349 242072872
1291 4301 240055834
4162 2147 932553203
12 4038 598649058
4019 1149 280342887
2533 2003 253444608
1585 3672 657131830
679 4750 27225198
2796 3699 809755589
2280 465 753386232
3745 2996 178435003
2673 3108 540800521
4478 1637 831423790
4288 4821 295252215
649 2720 585271251
4411 2336 293443045
3840 4473 871110390
265 3914 716806988
4505 1365 38749729
645 3777 710016474
4644 3313 247781126
1245 1892 480853440
3631 4409 875472568
2794 3525 256045797
327 2926 429469204
1499 4856 485805930
4586 4875 263500701
2229 4102 364466872
641 2584 486039032
4725 2397 400707857
4896 1520 409167856
4257 1625 509187581
1730 4488 510687993
2689 1014 242947305
4623 1846 13847842
1956 4313 605825289
4955 2068 536527930
255 2003 319487845
3925 3388 867641837
186 2820 595415254
1390 1451 119658516
1530 2047 997514607
3576 1638 357915928
1817 4183 626775350
927 1227 185924493
3422 3742 681292648
960 3128 234413535
2946 1440 146579837
4703 4001 995385077
4967 1436 548994398
4123 4527 784102523
218 3927 981122747
2527 500 169980193
827 3635 364582090
2293 3371 669251679
4810 2017 829925629
736 1660 87285042
988 2860 754476892
834 3288 821917988
1590 943 951814309
4487 4221 366784570
1248 4203 944061647
2272 2390 929945529
2656 897 331042600
3537 3340 499829694
1904 800 685574820
1642 1440 251285390
1443 1871 126489140
1753 677 884769158
1896 3807 841424422
1491 702 965909436
3675 1561 36028939
3972 3724 902740434
1658 782 167030597
1874 185 767288454
44 4839 824879729
1408 734 115548728
1213 3601 984664714
2734 1139 391991756
2093 3662 121793568
1794 3825 258509942
1832 1443 738111869
4064 4934 666406450
4480 2056 901151244
3618 3052 753729994
7 1397 370705913
4201 193 996214663
614 415 16101265
3285 68 939240729
3551 1206 461612650
4801 493 122904928
1376 1658 570108192
2925 3399 7678848
2030 4510 389495145
902 1564 403778329
1273 234 778214052
4054 4624 224761444
877 2703 404355433
376 257 390860473
1496 1592 583403828
371 4221 559317051
2257 3175 286905090
3187 1962 361258253
4185 4181 458969207
514 329 212856727
1234 4413 615172495
4609 3899 675160842
1626 4466 553986045
922 2176 184185147
2881 114 423128496
643 3163 831453183
3654 4947 647803209
4723 4307 857332328
4846 2182 2253923
1988 919 11269684
1108 4896 88984475
1036 257 541650519
3464 2635 403868560
4852 1136 96195867
2466 4922 226402291
619 4278 10411381
1368 969 379446118
4574 2256 120841814
4582 1710 315861531
3512 1619 326408191
3739 136 329939131
1330 2789 85665641
424 2282 994975759
4266 1193 693990956
1712 2488 544931760
404 3479 851933908
2696 4132 394482958
2927 3661 344222161
378 4754 932258196
455 2847 367258594
289 2532 81092097
1491 4908 739616040
3030 3839 536192931
3153 4905 716317291
4531 896 442849778
4852 2166 576721894
562 4996 996235916
3577 4002 997181884
808 2802 683566280
4269 4007 557606105
516 3969 602671353
866 4639 261901728
3407 3596 313957001
2842 3408 997607701
4797 518 254308189
2205 4634 649924813
4205 65 12028116
3923 2399 343965682
1828 4643 540542230
3626 322 584972563
3599 3816 108108462
3363 1764 618160840
711 556 76408481
3726 2607 534328158
3471 4504 996989323
3619 4837 261683818
267 850 293548129
4596 274 458878448
1411 3404 15308175
2878 2691 972956908
1487 1119 365724851
2972 694 181043184
4939 501 893991409
1243 2639 496978463
377 1840 508818708
2149 2364 856835275
2525 125 188534348
2270 2438 428443185
3159 4053 223904888
1715 190 742190417
4594 4250 903676737
3647 4157 850493291
1905 3331 41211658
4566 2981 738274155
1958 2755 439165471
47 1555 581908786
1377 1537 657719651
4496 2016 171029353
4742 3086 617514266
1010 116 578048229
60 1592 176379536
1636 3658 601884185
564 1118 330414716
2216 3368 745747628
1056 3605 894028008
1190 2652 574703399
2707 2827 856680433
1728 3013 176958548
813 4633 869120531
3630 2739 402081204
1739 1272 264180144
1612 2269 929937580
4063 180 171432701
2937 1616 350310277
3059 805 394978920
4951 3285 505176655
554 3046 156115916
4251 483 285496023
240 4866 806709625
3768 4167 916548543
1248 1796 982781386
4113 1107 913913108
970 3331 417112507
3795 3720 819981489
592 4883 715743077
4636 4303 444650228
2243 1763 228913471
3808 4959 295153471
2994 704 322457083
2324 1875 141095290
2146 408 968528071
4368 2381 408521050
2586 4856 745152748
2395 3971 899683414
1435 1206 599067190
2714 1090 668127852
510 4533 167507492
2382 2059 3837872
335 360 24942841
4256 4036 961463433
4297 250 304778504
4775 3801 250806516
4629 28 803190962
3131 4552 676173909
4743 913 184268644
4523 258 329011081
285 744 439227974
477 288 962047738
2986 2216 702380464
3351 1770 405074935
537 2617 671725312
4426 3767 913676451
3718 74 669159182
107 213 161481218
3962 600 3896692
3796 4609 792287262
2321 2562 475752458
1830 4560 324575317
989 3626 159682392
2660 1498 463157278
97 2483 838623911
888 4418 650381354
1462 3231 815866519
4177 3169 580491038
668 3742 145209057
1270 1967 569193606
198 3757 603519468
2945 1946 748088063
119 4874 680142233
4702 4578 846502728
1685 424 444704977
3230 3714 794330708
3337 497 633428533
3514 3394 713322362
4059 3935 12846583
4023 365 828664183
978 4161 714043773
6 1752 884400927
186 4519 231085722
1993 2896 907829526
3869 1445 16607755
982 3073 338100861
4847 3210 517527058
4963 3017 249335724
4503 4795 393589912
1459 715 773358250
1405 830 20558694
3617 501 757181987
3008 2554 267478448
4097 2459 54904494
4698 4502 592820515
3759 3019 506047845
4611 3898 258290893
3001 4957 558211749
2629 3122 431928411
3685 796 683485200
3329 3236 498685016
146 3650 444278758
3775 1322 623226118
1245 2763 540571049
4142 628 847789036
810 4188 197644681
4970 4642 299645016
230 2243 416995670
136 4484 497581199
4938 3030 679347048
3129 132 714212428
2172 4329 918061912
276 1375 221581072
790 2206 687472923
1800 1128 666481447
2378 3849 844986015
145 2205 222565673
4295 1456 330289744
2501 3360 633270419
1180 934 663094175
2415 2067 792995908
3630 3081 660142703
527 2779 494598841
2350 2307 289563992
3596 2012 147210393
3579 1310 784054560
2401 3247 354970576
4501 4889 430005414
394 4737 706061707
529 696 462212084
4066 1293 891686839
1655 3909 673167408
3388 2805 430154180
3830 3943 385919609
3648 4133 994947035
3327 910 511379750
3201 1897 699609740
2235 3785 332164059
3189 4709 108176187
258 4079 518818890
3037 1495 57154900
4749 2920 367879626
2963 3843 199445456
4786 4246 847737481
4183 754 526467130
327 3009 277119467
2044 1162 169781430
2122 1603 336173483
2683 2038 563317707
2634 4132 983691888
4824 4253 224614765
2739 2862 711963339
3063 2164 736610408
322 3535 288532984
1139 3781 186094547
784 3105 357629214
3343 1479 813276902
864 4836 49804317
994 4253 620715700
3589 1831 704219065
2623 1743 250795162
1657 2768 358747489
2011 1583 632226292
1158 4903 420785341
2774 739 226273555
4060 1584 634685781
3550 1318 406812027
2243 4943 189467779
2175 3872 930878620
2969 3852 516911109
4782 3658 769627627
1016 1428 534843672
4953 154 677374168
3001 1983 246425325
7 3827 579608902
3411 3275 30998356
4378 4975 293794777
1172 4823 759288665
797 3676 48992241
3614 2280 843607466
2082 1471 686402008
3016 125 116681332
2227 1104 533909006
3597 4570 273439835
2896 1015 651950157
3990 1083 209708951
2695 2216 118944427
1231 4238 395572718
3607 4791 501713401
1137 733 321898199
4737 3666 972805837
3936 3665 95151848
4166 355 119731371
16 887 827931130
3829 2024 402081614
1721 840 313622795
4531 4543 812054533
4468 2882 672683945
680 2742 145724464
989 130 595013065
2296 1146 751782043
4334 2463 281955451
4364 136 744230436
3895 943 910054773
3046 4196 606783483
2972 1001 986542954
2859 321 52245499
2244 2490 660752660
28 2234 121920857
2782 4966 377202690
2164 2844 48751293
2837 4560 729383868
2695 1402 319066012
1439 3576 648783311
645 4230 889781048
4717 3392 412511079
269 3315 739893541
682 3224 537305417
4047 4216 293031633
1672 1901 419101298
1318 3770 988888185
4480 2237 390068772
4045 447 857465316
1700 810 868436493
1420 994 920701235
1719 4696 661207851
4615 2976 776060089
462 3058 7886353
3257 4261 371569368
4479 323 115058143
1887 1312 201279065
3262 4686 591983668
3277 301 584832434
575 2253 397227098
11 2542 439828437
2844 4825 980453352
3412 4328 270915882
3924 3608 131138585
4371 1167 308437325
426 367 313243775
3538 2590 875207496
622 4251 994491456
3653 2888 17622099
89 3815 103746452
342 1712 861140560
4740 2960 759124580
4139 2832 521228244
4027 314 572697836
248 2373 41735301
3734 4354 152551722
524 2823 820924204
813 4498 156433916
4713 4101 453918236
1301 4827 936947249
2024 3443 276692822
3577 2813 190839103
374 3566 737535919
4529 3887 946344527
2065 1879 158161269
913 628 651288518
2019 2392 547399411
1683 4143 626889073
1734 3350 62396578
2750 3440 525497357
2492 3123 98555758
4193 2564 583760318
4027 1935 398095279
468 4268 168296028
1888 580 61156195
936 2002 449333746
4639 4625 884899375
1205 1473 320102660
4305 3362 397532415
513 4268 265691665
726 4292 869317805
4339 3883 696320020
3891 3898 13246820
2523 1719 665879245
3648 2515 339876317
3986 433 942840340
4075 3782 421500801
3443 368 592422296
3057 3311 205596107
2641 1823 122138554
635 4067 390290946
3703 1844 900668374
3865 3479 117523602
291 4915 145647471
2898 454 56405327
2358 3655 75705017
3455 3695 489813855
4814 2513 527255723
2032 1200 357280161
3618 3487 534637889
3682 1004 303915086
1459 3339 519422621
4907 4967 963031323
688 3330 566431246
334 1175 687873256
2329 414 355866596
4327 4178 99457462
1732 3402 511816520
3124 1249 138314108
1659 4806 582036410
4184 473 584558075
4101 4251 589623722
4840 4630 641592314
3012 4757 532297908
1860 1813 291555449
2499 4768 277928640
3514 4249 373550454
1503 28 367815712
2139 566 708074989
749 3596 44489377
3171 1869 112247537
2847 920 604708151
4938 2262 944168778
4059 3135 615030661
439 3740 300253781
2917 807 410536411
3275 3585 283229868
3527 4087 217742485
3021 1123 114245470
1646 3089 38732196
4997 2402 995603928
4200 3640 100083864
989 1000 775265369
4694 1101 32611691
3820 4336 828664741
4358 3482 360191486
3113 1690 705185222
418 1856 393325325
3687 4877 658117934
716 4134 839031682
895 1723 753029003
248 4844 976970824
1957 466 195356344
2766 1636 979986918
2285 1986 20172301
3655 1461 209701636
1046 2110 842595492
265 2178 225500402
871 1685 220412546
4114 2232 421892139
4758 1106 641959551
3019 3318 749894662
493 3956 801923889
935 3006 119683698
1258 2092 117608259
2594 883 494612531
2421 3406 463903558
1407 788 118322065
346 2287 52520378
712 505 146709291
412 2083 691862465
2676 3588 584353904
1754 454 124590959
1028 4528 993012308
4800 2660 263170169
3181 3180 752433601
833 2830 632942577
2394 1536 755518652
666 1159 984109903
4254 4930 59922233
1851 3198 240494591
3210 1512 995212325
773 4263 654987516
4389 2964 803935325
1160 4553 14782163
2309 4027 595899114
4732 3232 583855382
3108 647 558641030
4435 4305 842120159
4489 2990 989250651
1429 4938 978037642
1167 2998 843197701
2081 3118 6354993
1852 142 998645477
1102 4155 85928514
1686 2335 808333036
2166 1312 532081414
404 2133 740304580
1402 300 592493236
73 982 304772918
1682 3717 654582246
292 4151 778126185
1489 4205 257605544
3716 1557 678448562
1448 2582 599991506
4015 200 811720081
892 3308 617264045
2848 3378 208834429
2556 4282 454892098
4712 3853 186559579
4082 397 356442332
2645 2463 717782795
2733 4257 400333867
601 2517 770247027
3065 4846 327466669
3963 2271 866392049
4391 89 548415059
3761 864 354754724
2587 1621 702406460
1261 3066 91581541
3838 3374 744666151
3701 1849 194783365
4767 800 432668004
2066 7 26578685
4525 2054 271516192
3203 3723 642385340
1235 26 584165339
527 1537 794121244
1362 2511 114703511
989 935 16519380
3788 4959 33809149
2177 3002 440975938
323 2061 411489390
1014 3016 784204755
2273 434 588103350
3675 4005 242025664
23 422 485584630
3582 380 654349868
3408 4534 314183280
2440 1543 483773064
1381 2471 412182975
1586 1756 977291837
1387 2938 171801129
4066 589 349798008
2294 1393 761546112
2658 1270 474492355
2542 2272 772324551
4415 1157 419244316
1510 573 94237158
3378 3460 603691115
798 4046 997043328
4855 959 759869816
427 111 410737396
3135 107 807262883
935 3318 111215000
1330 2633 407734531
1126 2277 78810053
1206 1919 281660265
4671 2724 317708115
2773 760 180900668
3070 4445 530714498
1777 1446 423063490
638 56 982415856
2887 420 929924585
1740 3151 723304194
883 762 758412503
3442 1679 234720507
4204 3797 982896586
577 4274 773010126
2218 4498 324669477
1028 3299 603843242
2310 2100 94316613
819 4193 828903820
2601 3373 778051004
3644 3991 105169542
840 3279 69681727
310 3424 675370960
1390 2958 565626840
3912 3136 212432161
1498 1043 727151838
909 3208 491867138
1014 2188 551571136
2305 3998 852374495
2472 3000 400624581
4298 2331 227803732
4022 1767 425117118
3282 4314 902512428
4008 69 963624353
1085 999 662146522
2015 3744 215159257
797 1289 315464555
1838 3296 743917029
2750 1863 644743920
4500 3506 728910097
350 3440 122746841
432 3659 436193366
867 1986 767449976
2955 2931 813133519
486 4575 748116912
1463 4140 570190239
2167 4857 232905602
1188 377 778887932
2075 1980 674843251
441 2432 758203877
542 1216 821376506
4424 4731 37720892
198 1110 655983596
2878 4394 278192838
1260 2597 203660819
3947 2543 183317326
4147 1982 484577868
1327 75 700854
1071 1978 709607074
230 2972 891422245
2749 1573 820470459
4285 2315 970356400
2643 3891 399410702
3230 1619 105528237
3034 3130 771852757
3059 2295 982720634
4133 4369 844051318
3408 4920 210338473
4018 3330 128173940
294 299 354481297
2592 2126 562824403
3304 2629 7116224
3459 2051 878392711
1138 2285 483999891
492 3565 486859839
863 4597 191825074
4916 3029 527143424
1139 139 647390179
3412 2218 461628752
2324 1755 485637595
1459 3219 611181657
4923 4288 297613238
1597 2693 46490300
1218 3037 806450478
1144 4542 419416095
4886 4638 578350891
957 4808 263212950
2881 194 223350873
1563 4372 730838997
1130 2027 560937396
946 1785 920569460
4603 3240 898393519
102 4860 791754148
1610 904 954664495
4492 4671 395840372
1485 3673 533654215
4074 1248 434713923
591 487 773210185
3195 4257 860926953
2205 3377 759502362
3417 773 133720302
2679 1701 574287204
843 1017 537347833
219 3677 537842526
4628 847 270201350
1209 4122 215239608
1764 4682 704934010
935 765 600613949
1531 2813 460272138
3194 3421 708557786
1780 938 645041059
4341 467 910424562
3473 320 296888393
947 2926 145263069
232 2149 686095881
4967 801 775917707
3487 1756 534539921
3892 4906 176468424
758 347 45779754
796 2968 896582976
980 4457 552202810
3114 2158 484838259
4752 3694 39803240
856 2814 761120243
2595 3164 130336686
4793 4925 762698842
2123 1325 503880343
1079 3103 776347725
4181 2666 149490932
1630 3575 361678230
3708 1850 927163541
4664 3637 787617605
603 3177 625794826
1513 3915 517265606
3054 620 527399154
2725 523 644860039
3622 4283 174831520
4777 634 926895719
1757 1772 200430509
2162 1090 598219877
3951 3699 533363490
3131 138 329350705
2422 1681 299741355
1210 2483 286765448
1902 1178 18917788
3230 3532 143198019
2056 3732 577460786
1443 4144 367015057
4246 2837 937022521
2874 3747 267610750
3679 4486 317997667
4539 3970 174233362
4350 3667 159707596
3585 3098 127285958
3119 4382 456622447
2474 2186 166173825
3611 905 269760577
1019 2126 764580027
3540 459 11537012
3896 3483 23543651
723 1794 110705016
442 2837 112501847
1196 1559 894998765
816 4385 884128523
1411 1959 81689739
2028 4430 805543518
3204 1365 38485169
4907 3563 584497792
1997 1722 801616423
2599 334 177148347
3852 2652 237276955
68 185 750403136
4627 1813 519158856
1814 2758 762172259
611 4057 489967330
864 3763 949468476
1044 152 409612447
4924 555 37737639
2999 4074 635185140
192 3260 803611992
4256 3551 665915349
3688 3676 780373850
4010 488 995873911
1121 218 166883419
4936 4423 90732616
1956 1606 258670624
1993 2219 480046390
122 2628 578064321
578 285 97123377
2926 3668 659967580
2264 1589 166167243
4425 74 932316603
2584 311 109503023
4668 1273 840933697
1469 4015 128172985
3440 2370 18003612
1874 19 247603627
3145 3977 938048947
82 4441 304898090
1772 1580 592717230
4370 3375 262467683
2698 4529 206565290
514 665 694695535
2388 302 600759109
168 1450 862797048
2435 4002 156548829
2937 1034 46891564
4928 3226 200208630
3246 2113 564705433
740 919 729525897
3564 1091 948357179
4547 4229 405374346
3594 2066 41500583
4472 384 377923582
4273 1144 568582442
538 1608 229146348
3024 2276 420311887
3860 1558 747011259
3311 3135 587473930
1698 4762 258263684
2635 2361 3743165
1415 1223 797301279
176 2583 94348679
2410 4238 365955172
3353 3644 336985203
648 1228 12037780
3809 327 114451786
2899 4780 948484539
67 4555 141933926
3837 4132 648883878
680 2360 900834016
2388 2561 79043009
1080 4218 994648105
3484 2064 689127283
833 1607 38087074
3250 3155 468090903
3591 4693 244312476
3769 3264 325529714
3254 3269 947252998
3092 2380 228915902
3746 4676 628985651
966 585 898320998
2812 248 699368399
3778 3924 61614595
1231 2526 691073212
4078 4508 274217573
1791 1336 140253271
3645 758 148235096
1350 4246 48583242
1786 4034 807528002
4612 3537 801277524
668 3050 619112585
3677 4480 530541648
4534 3580 607975467
1396 3835 125382916
4937 2945 300189155
104 4278 252173106
4498 3919 165387278
4348 2222 784283250
3390 1345 362629602
4106 1159 456553387
4195 296 564479091
1618 2393 805493503
4390 1064 887609631
1923 2950 117265380
1006 4691 174734739
4347 575 559946545
601 3269 177454839
308 2837 273768128
2407 4910 848603365
687 1526 757803002
2652 51 455945285
3257 4395 894903827
3059 654 590528214
4338 3080 331263983
1662 4631 23640126
2307 3614 425630020
2245 3426 273999041
1108 1453 945861482
1766 391 93929353
1241 2392 785335441
299 4085 531307950
3523 781 895102900
655 226 37044065
751 4039 775029792
2409 1790 276744423
1966 1738 269056031
4349 1466 54482200
1107 712 453014360
178 404 968471322
3505 2256 496320794
2406 4256 957937574
2813 2199 200599759
1829 531 218442066
3991 1995 922932412
1034 4403 987034885
4622 3834 231565471
4714 1323 423111739
1522 1457 102195573
947 2225 868254961
1073 2389 620456373
2306 4562 96321863
4217 2644 344482189
4066 2436 497723620
2834 598 528542314
850 646 888735510
1222 4342 728639443
4689 715 552634708
3638 3669 733832036
477 4568 486320504
901 2311 954923385
32 2982 214849935
1938 1869 129449596
2090 3462 279893757
3969 458 487525387
3596 2902 166951150
4624 2107 542085389
1276 1256 118194868
3169 1057 60921047
3085 3208 360203928
970 405 787431153
4829 170 663295523
4014 4394 561612490
3704 3728 987738200
747 2355 113087344
479 3057 414423262
3925 4945 427884633
4387 2260 815125088
1486 3582 261786135
3897 560 368223006
449 1804 454827671
256 972 135436033
1426 638 883391097
1821 2413 721885825
2139 2089 840913129
1367 2474 481797178
4788 670 879420182
1645 819 185320702
2147 1795 741386531
2363 4450 968252892
1554 2389 971947011
1089 1794 743872768
4903 1204 479428792
1946 4583 66167231
2466 4493 144834598
2063 2722 361725764
3455 17 517846616
192 2041 875191252
695 1983 944741051
457 3556 371996047
2582 2838 821029004
4309 1369 716315713
988 632 599889680
274 2556 76295776
2229 719 647086872
547 2968 620489745
1519 1068 416393350
2730 791 587020111
4650 3025 991358771
2969 541 909572638
1059 3119 368931619
2955 2720 463308073
3982 3378 730362107
834 4462 394010689
4768 551 994528330
3734 116 304788682
3964 2637 394927562
412 4685 110477325
1129 1647 729597547
2382 2598 872958111
715 1799 116853178
4651 349 978648896
1117 780 747780020
1442 2234 274686033
3236 4914 673595815
3277 1046 737355808
2391 1634 287905704
3333 2741 836302745
295 4565 279463297
58 4904 279850252
3845 1791 141765765
389 2107 431087401
1613 3011 147439404
589 3620 566768641
1742 2832 239011902
571 4429 377927564
1950 2143 129404064
1347 3330 417120947
3756 989 388077149
1699 774 795103727
2104 789 468008679
2028 1344 381465869
3815 4550 997501496
4235 1837 583509592
1391 1951 577930021
1299 1187 772086723
4125 354 347070572
218 3822 409422063
2420 930 18218814
3272 444 302129108
324 2583 204056598
1941 4891 171300576
2092 2177 154667584
4022 2171 967688948
4695 4946 846735234
1853 2026 248904298
3015 2141 113914786
3323 4523 961629195
1282 4433 673870622
1455 4743 699756121
819 903 139115955
4160 3041 56269812
4189 684 503658407
2741 4323 354139722
893 2673 538712205
1691 4735 99390248
53 1791 438478397
775 860 902577909
4318 4463 362767545
1545 2943 122811999
594 2119 649612050
3800 2214 460315449
1250 3426 896977248
1260 4275 15934605
1913 3443 632407709
1553 4915 794733151
2544 2335 168240675
370 4385 464763249
4849 4920 578489037
408 1212 571599264
495 1894 605229217
865 3876 929429229
454 1454 777641471
1097 536 535245733
4041 3993 749206422
4452 2344 268823717
4107 4990 256349678
3283 4020 414941922
2312 2749 803871692
3114 2892 560486521
629 363 869485746
927 3804 172765010
2454 1672 277281151
3675 423 129195749
2518 2855 440984032
3156 4366 675158187
492 2906 712108222
878 400 73157744
3968 1406 609471493
1861 3966 710009074
1491 4609 463628276
1326 2345 515520857
1513 2815 591429017
766 4213 955199302
434 4823 190898537
762 3263 225846212
4949 2304 389299691
3001 4348 444951838
1372 4253 607496624
3888 3792 790300575
4950 3115 40869809
3 2851 397616138
4227 2843 373987775
490 2373 753710828
1477 4846 749986502
1131 110 824238207
3780 4031 651144143
34 1560 284940581
2551 4265 313693723
2675 2056 116682713
1672 1520 479114471
4823 289 588954412
3512 2507 892267257
3190 929 356922642
2108 2880 510395408
4075 4368 921238542
86 376 4711067
1094 2915 18904743
1901 4473 159020303
4035 2726 301009897
3825 2887 845185357
3980 999 431214426
4443 4373 596986504
2273 988 728941118
1797 2919 783012596
279 602 705175225
524 1961 387484920
4850 4556 395752130
1771 1974 728502761
1722 1375 672900496
1221 2963 667964746
4741 1810 159866742
3977 399 584127737
585 166 341689657
1074 1247 878175484
3647 1777 25229320
3991 3013 281666956
2026 400 568059925
2650 1169 32897119
1819 2879 975549873
3677 122 511989109
434 3289 155135061
3049 4950 602233964
2973 728 208725841
2988 4949 174928216
4268 3940 717357500
4204 2574 375701800
2708 2847 819110082
1833 937 937555556
840 4226 530247515
4167 1482 43136545
3883 1766 241289811
2145 1756 195225412
3553 621 218153401
388 2648 362637236
304 1237 673796822
4010 4731 624685665
3614 2855 365317010
2465 4744 814786643
4266 3120 181632133
2039 1853 653090775
4778 2220 635268047
877 2112 998980141
4826 3410 121456061
1110 3411 35793532
2125 1939 484048638
2572 1504 410094578
3729 458 420068000
2001 649 465293475
2673 3612 997309523
3064 327 158544203
2052 1775 199361479
177 2509 638102112
2857 844 65260212
580 3322 871503148
3800 4125 973066617
3302 225 412811702
4443 4483 639771916
4934 3267 154300386
1672 2486 694883307
4204 1171 714714467
1212 3716 104276552
3107 4681 85578432
2295 4515 650555925
3484 1567 611846561
3337 1458 720367529
848 4255 884145110
312 1739 675512366
1789 204 849654458
2075 583 162879175
3779 4754 977805924
319 2753 859757842
3274 806 631496244
3111 3977 778321513
2343 2041 111899283
1674 1072 923156747
4589 1920 685775800
4214 4823 113067255
512 244 10840663
773 1494 963258352
952 426 695026259
4878 416 412091759
3177 1565 629269745
996 3949 347147247
4546 3045 705515996
2490 3008 499478276
736 2150 13989996
2200 1595 751141664
3592 2781 716350558
4306 3943 256520147
3181 2870 860161848
417 1468 200336412
4708 4019 297784317
1028 1793 497992710
1549 2460 233324271
2030 3054 467112284
100 10 977551787
2705 2799 2925802
3190 1956 934159939
3111 3758 179445365
4083 2647 810842419
2140 4463 919769583
4684 3517 560081166
4666 2748 829320826
1585 2442 491262780
2940 2419 245787236
1524 89 518503175
521 4947 734082975
4686 136 646824080
3660 2790 605509352
1203 3902 433969699
4578 3323 666392418
3960 678 808354303
3122 3855 429034786
4951 2226 193702542
526 1537 900633380
1838 3024 506285653
84 2067 166466441
3217 3429 831187840
1945 4751 847211740
4639 4019 915719820
4688 3087 151064564
3891 1043 336625286
742 1712 199589530
2688 67 211683853
897 1498 529592450
3068 4995 466034407
3513 4588 29394742
368 898 776462390
301 4995 988080966
2883 2784 837685159
3328 4424 826531173
3397 1877 623915313
2102 2648 689133448
3745 392 76704257
323 1607 429420217
1469 2076 326405142
4624 2615 823620369
2340 4085 568569471
3466 3657 324193715
4337 4241 811392127
3842 4173 728090208
568 2992 498547704
3920 4212 65458519
4905 4459 294732351
1157 2158 836323333
4673 282 874813183
191 2648 785520199
1430 3522 392438449
1461 4726 380167898
3889 2302 749908663
952 1570 354286505
1318 349 72509313
3500 173 661104287
400 3336 132346414
142 3312 66713510
3643 3906 829141617
786 89 275938643
1988 3249 117873417
3557 1950 746817861
4542 677 961908820
3049 2474 916782319
2845 3206 117506836
1820 1271 582989866
1527 3385 123391320
1468 362 629973502
467 2270 741130343
761 292 383373072
4205 2669 525666248
3493 2894 288507794
559 3403 506836141
1691 4883 88262070
1905 4687 272704955
3898 2491 556864617
336 2817 958386367
4139 3553 331540470
3501 947 439388168
1125 3769 908944363
1172 2957 464495450
3696 1126 137105355
2442 3260 686843258
743 3218 962979770
1269 4642 122379704
2488 756 870885250
1457 3283 405350695
662 1764 471637134
4670 1294 973956804
645 4213 930079038
4490 1198 497510193
28 3239 406070906
3312 2011 740960550
2172 4012 426784284
1318 1152 36951160
4152 2281 783371873
3926 4508 120941022
2787 2805 217283647
1811 1020 57620494
955 2514 657827604
144 1920 631216894
2958 1698 354575732
1248 2366 819739641
139 4268 715828104
3809 4457 14247861
2104 4119 714407349
744 4649 651047854
3839 116 269878261
3261 2088 26062615
2793 3169 39302876
1669 2565 477906514
4328 1472 53197789
4027 4015 855731774
2078 2731 465954584
2161 2564 481874071
1830 535 605044179
452 2807 922907089
1100 4052 949188270
2210 3375 265711945
2708 3672 787103618
1335 3289 683083595
1172 3406 939074842
2174 3493 915569699
1940 3424 871614018
1630 3583 854303906
239 40 803138047
4519 3887 925056549
770 1158 624969923
4278 4451 529580507
4251 4725 715714325
4118 4253 938641982
4645 455 138577152
2987 1259 259073496
2745 4613 179427129
3262 4316 322474077
3514 4805 907347448
4474 179 132079337
2037 2076 613741569
2443 1475 719320524
1053 3129 502631825
263 2483 905557037
4973 4899 729244341
769 4249 488600051
3982 2487 23568001
2267 982 692119484
4428 1210 689382669
155 3172 680526364
4211 1206 63760003
4795 1578 97750344
2561 4390 272208395
2674 4498 160319081
1697 4614 727372908
288 2806 614103504
4624 4693 792199951
4938 776 174624612
1102 1545 528060636
3667 2255 584968198
4153 3504 468114930
3000 4883 95112467
474 3732 504350381
939 4313 507102929
2718 4517 701600991
856 464 975791006
4169 3119 115430656
1950 3609 758320051
3785 785 88382544
3588 4691 654679125
4224 1692 171138223
4714 3031 275033783
4571 3606 828224664
1402 2798 115391901
1014 2575 586455289
432 2905 268335703
1422 2075 900840684
4944 2873 379508614
559 4657 858894230
1290 4528 10945099
2572 2523 711356155
4242 1484 945440305
944 4668 337391370
1621 4895 743794920
1540 2176 886829191
2129 1219 47518459
635 401 40739781
3492 4422 200327458
4130 3502 553524929
4134 1750 90430574
4410 2283 590106719
1221 1666 671926384
3323 113 728976311
968 3772 747809260
4595 539 137766602
1169 43 691086896
1200 1855 834648571
4545 2521 883496658
4489 3737 154515520
2537 3871 168376297
1859 912 381036525
1387 2221 135322834
792 2488 466313556
4231 4725 497408242
2140 3900 946430654
4457 2402 790518226
14 565 906676798
1887 2590 918247550
507 3676 957633300
4345 3301 503463684
1677 1011 352726793
4847 3180 80626555
1907 612 487344459
1233 3632 388796240
4865 1755 939650603
3392 4411 15981924
4826 739 466286265
1025 1753 248827161
1279 741 95390792
2614 4781 872157925
2271 4840 916452078
3149 3666 639963793
1051 543 23031908
1722 1585 956970194
4148 2228 257698403
3203 3586 880207325
4989 4699 167084090
4140 637 509273865
457 1754 678375710
899 3376 831659525
3326 4618 109994012
1864 1445 568239590
2855 2902 749757306
3278 2467 807652308
4358 4058 750976552
464 3795 691199343
498 2784 598987467
3592 1496 689186822
3750 3768 758384112
2141 3901 719249019
4372 1367 612275037
1443 4836 959932620
3234 2347 603017400
4424 3499 885319381
3231 2102 263463731
3145 2911 657609403
330 2584 55195493
447 3232 284599318
3779 1318 782752506
2940 4891 585818941
4446 1951 133670501
855 4686 51018929
3673 1663 624815355
4011 4005 400992073
1886 4961 278812548
3238 1815 768121329
1651 1116 630472662
1257 2276 996693657
2484 4052 160417033
3240 364 199858740
2140 1145 943071416
3122 1096 798195704
4621 554 213653545
2512 1277 59915136
3064 1304 620209014
3904 1076 895932363
2698 4913 977435999
221 4053 295270659
2705 2446 127182190
2928 2453 787094849
1092 1961 516040099
4928 4952 287542843
3189 395 806204577
4829 3744 637414540
642 1530 523344283
4774 1942 871379200
2632 3577 717739225
1937 153 661480065
3806 1426 134040338
3066 638 649889584
3751 2012 356371164
3857 3734 118068135
2950 3658 307850471
208 2410 736754311
1711 3473 174354925
1418 4573 607319459
3221 298 467824017
1650 2734 293206472
461 3977 75538414
4919 1144 762963799
3712 2098 678174198
4620 4559 234908624
2930 2897 300646251
1453 1008 640920218
1383 4785 899457119
4555 2165 86227936
1553 3427 70925889
713 2028 155336376
2133 3173 234485862
1119 893 344202172
4877 2976 400620247
3707 1303 119927478
3552 2495 299089872
1728 4807 348071161
787 3022 491913887
4973 883 917625248
4480 744 459352668
4890 3538 662337621
562 714 131502348
4098 430 696670785
81 1806 474261022
47 4044 161342723
183 2862 468618663
4553 4422 644831693
1121 4350 801468164
1057 4653 311660206
4999 4971 352102301
4901 1025 597264276
2413 3518 411228262
382 4380 153011214
936 4137 432610219
2524 4659 417810284
3993 1759 917558045
4831 690 434366265
4525 1335 812926478
3105 4462 138533758
1783 1426 797491387
4839 2223 404150426
1347 1199 237411152
4391 3065 790308511
3569 151 694435698
3930 3412 534665961
3613 1033 295994787
3925 4230 772224942
2836 1160 323833658
4491 2502 14470916
263 2065 10157650
1967 3615 457076991
3810 870 718346298
2028 1712 77067985
4558 826 615283543
4033 1654 468239336
1667 1180 790391568
3016 4808 102069106
87 744 624340829
3700 747 185631053
2792 2543 624263629
1650 1240 620831590
2538 3605 697073286
2965 1255 323985602
3837 3599 644796465
799 3173 28701226
1912 4117 35353542
3445 4145 405257498
125 4771 832410665
2232 1142 803698340
4815 2119 611892791
1374 1992 478603544
3854 1959 267382663
4407 4807 198742531
1938 3230 739808763
2102 4574 995762073
4309 2231 851927502
2564 3635 993963434
4423 1755 102454594
3025 1749 598053662
772 569 693641523
1940 3059 468524798
2865 4052 504481273
1458 3895 787573886
1543 3813 745623565
4194 3750 961499368
4430 2006 542658548
2615 4491 872712156
2424 4139 355979893
818 3562 328711352
4374 1750 413986118
4796 632 104881736
881 1799 994332330
3009 4460 418711376
448 4526 406621044
2046 1256 960055325
2007 2473 916424489
475 1967 522191569
3063 1290 353217424
4952 823 209586453
577 4836 223998188
664 146 851511564
1967 3581 307818677
3431 2260 978979437
2568 89 380580972
4523 4849 909872748
490 3956 922816398
2418 3479 89722115
3860 4891 328403916
374 593 198143363
1000 2782 365953845
1811 2408 519267395
4175 3418 798336222
1454 1508 859879820
1524 4573 628875295
3768 2225 933018646
1174 3903 540656686
833 349 128445052
696 4926 94695934
2261 3061 428623205
482 2100 625813212
3309 1129 380716503
1404 4019 58656540
2247 533 546714144
2604 2704 275299890
2970 2357 30311521
4885 3775 251683517
1365 4904 245068270
4896 140 681292965
318 2839 348678368
3912 4870 54682313
3037 2604 180132077
2728 915 870688677
4096 1307 907535557
3671 4489 236205072
1591 2551 59009053
3304 935 151540241
779 249 99159097
4514 1168 933738238
725 4653 673633977
2672 4510 554360892
1999 1441 295772148
3059 1697 441670407
3107 2146 120137249
2658 4629 278805392
3014 3091 31513863
3379 529 219376409
3462 2214 166910712
3108 4414 941245754
622 750 38422349
419 1324 98023299
4967 2637 797725216
2098 659 12939906
3497 2654 135185196
2284 3153 126316210
1318 2317 980314436
1478 1123 112502037
720 1144 877346559
779 4590 411768430
2523 138 903933473
1305 2511 240650617
3229 4423 902389292
834 508 182380664
2570 3643 859686428
1990 1463 91451610
2292 4450 740312796
1049 4241 721650321
1829 229 930333155
2794 1318 764157725
2949 498 660547259
3365 4825 615630663
1466 294 96011305
4589 876 808562636
3183 3622 361632423
1012 3526 624174166
4274 3531 997280381
3958 3577 978752622
1574 23 555765400
631 4739 381761092
2965 2817 311543888
3761 2455 780091809
2040 2907 707978600
4371 2072 998672519
1401 4125 538637524
2547 1902 901268043
216 3557 948428076
1950 1130 534449672
4340 1434 367725336
1153 4759 410168099
784 3426 918857794
553 2684 896966561
3592 4890 644970453
4033 1136 117378672
3159 594 678184775
200 4940 883020781
3352 1646 962458561
4003 1576 848682041
3805 3348 854624675
4755 3195 423493705
4006 190 226024250
3688 4550 404775216
4152 1151 722308657
2612 4071 125138031
3315 4608 602030261
3463 4310 249858444
4744 854 583938256
4245 4973 275504818
3001 4935 888646284
2353 1392 342038313
269 1571 566616978
4929 1399 822529451
1262 1789 534754187
3913 2055 649761434
2429 2930 501149500
4480 211 553808881
3833 2494 867328574
402 1312 3860374
2158 976 522036951
1613 56 223059741
3177 4919 191539019
3240 3982 416745377
1574 395 375172222
3030 1360 949855596
4588 3243 978750884
194 3696 135726776
1313 3781 644271844
4834 3934 600659578
1146 3484 273411554
1238 748 179546004
4446 2935 64052654
1012 163 380038294
246 2585 580806300
3113 1334 448572310
4334 4661 373001089
449 645 561898015
4829 147 466792191
4666 4572 20334698
3257 1731 384441050
4031 73 351478647
3337 1807 460747944
1545 3536 33901797
4973 111 162033369
3404 4872 449914608
1717 4374 915308493
599 3300 63523798
1530 2941 419274314
1592 2525 224106479
868 4248 34263967
2207 4627 472902018
2929 4209 582267632
1243 4108 824329255
3892 3958 685817526
1656 1118 450797572
4983 2155 621393350
1657 3991 968446658
3599 4006 336974004
3182 2940 308381082
3039 3453 64707857
636 1275 37831823
801 2691 140159413
4973 1607 697618797
2481 251 431123502
3268 2480 492144373
1225 4952 23387859
4738 4220 338501535
1987 2239 110018088
4255 4403 184665261
2274 2788 760884698
2682 88 909261929
3449 1301 37361476
2673 350 584281454
3205 1686 880816271
1066 4296 951348027
4691 4842 767369721
122 1544 155891250
3895 143 422042334
2680 1658 870723896
4249 1901 889219054
4458 4506 470870264
1754 4858 377422262
1100 1158 212791604
1852 3153 810903782
3744 4676 116609149
1662 4475 911469140
2800 1118 440662050
75 4614 4433493
7 3285 574351104
2506 63 936184032
3158 3775 180908479
320 3876 720311411
2774 4 624601463
3004 139 983287070
4070 1503 429037356
2840 861 726361764
4013 2681 217722815
251 900 372072107
3947 1786 102648182
2533 488 104098210
657 4518 884204324
4793 1212 810185642
2962 3701 955745519
4642 1634 373468906
4256 3490 678349977
3938 1915 420289183
3781 2697 888206716
1981 2547 747890715
1533 1229 997252336
2982 4839 409732735
1891 3169 147114775
4017 1094 966684839
3841 1557 750244519
677 4942 342901379
3502 1588 130672192
2207 4832 479235939
208 305 823562387
4807 3618 271538018
973 3363 516425231
273 2856 739088791
3632 369 338008469
2127 4506 652885634
4072 1033 130450527
3440 4916 127357449
1049 2779 377362723
727 639 894723610
3228 4948 952576104
2754 634 695923599
3312 3084 471831283
32 1208 560322696
1473 31 713179680
3333 3987 743239245
1435 1571 844885688
392 2875 616391315
3339 2092 48578662
4193 3552 135960446
2017 354 522112830
1003 1365 74949828
1678 2800 171050126
2658 857 979655681
2627 2072 88153079
2029 2881 403041908
569 1610 492927654
1742 4794 422609585
2318 1141 194999674
568 3034 976185020
4157 1443 45121507
937 1873 43591878
4375 2599 450027528
1471 4218 945808966
2402 2898 774177485
1295 1292 423365852
2516 1658 527716258
1905 2798 246586071
3479 3470 388552408
2446 3768 779087666
3510 2811 11371654
15 2341 807716785
566 3292 981129213
815 751 325587078
496 754 957479106
4349 3136 674787549
3951 3970 41150288
292 1326 714299798
2998 441 557990248
1973 2437 359741490
36 1974 949703364
4551 340 299547382
1738 2350 416416038
4346 1261 322950178
4535 2313 473350648
1362 172 797407798
2211 3485 903162438
395 2220 334015641
4240 2970 63596146
2329 779 408226511
586 176 104786709
533 2483 150139827
1233 4722 868187720
186 1985 8918980
4122 4099 629396943
4902 1371 447129087
712 1972 186856237
1694 2692 47119051
1006 3800 398432045
4629 4599 453262631
1078 1806 717186008
1443 1095 681871040
1649 3460 278523052
4468 1411 407148507
2841 1847 523351482
1055 4764 458665470
3736 3486 186399905
1253 3502 338436834
1704 4744 315350379
4683 1233 85393194
600 4137 988847694
2681 956 64438182
4383 788 206862080
2880 663 999702596
1788 2295 471341
947 4705 434950173
4579 686 990537425
1875 1662 801560618
857 580 32498403
9 2716 258801879
1897 1783 282478422
4147 4897 19315586
238 3301 821805398
2503 2893 609538671
377 2953 589892881
1000 2781 770822941
163 4045 664939443
4987 4788 922158647
3567 248 29095051
3509 1587 352873108
2117 334 989277381
681 2965 219970181
1919 4931 928863400
1117 1961 299922468
1369 3817 59893002
818 737 890949942
3464 1449 689610318
3681 4763 235698484
4790 3311 126878650
2095 4847 738095274
1323 837 186637615
744 610 765269381
4982 2311 713175503
4519 3865 902599303
468 370 265489947
3140 4619 189634597
4769 356 806182243
4684 403 881209683
650 2596 965823115
1383 3914 540761943
110 1014 685829527
809 4758 178686178
1957 84 156622202
3042 1254 130988145
155 1775 642285331
1513 2070 507575468
2152 1163 746313700
4309 1176 17108329
533 1248 402592696
3810 783 179736301
3287 4505 505820411
4899 934 696830366
3946 3636 311705883
2641 3184 783542903
3492 3925 802436387
2832 496 292223206
467 1292 912483126
249 4407 567561744
3226 2981 44981991
4667 2322 175322280
839 4727 727196591
779 2184 717038105
3535 1093 991801829
2623 1082 544937868
1951 1661 468598198
1397 4198 303640252
4536 2642 597218009
2989 1872 434787650
3608 1948 483988241
4464 803 310450871
3701 3020 2378119
1207 249 894548187
3497 3299 511692980
652 4025 789254078
3734 2493 196474627
579 456 464179391
3923 2799 269282730
1263 3859 835438711
1603 842 558180907
660 1347 884611610
1702 1718 844165718
276 3187 41752040
2496 1495 391471705
213 2117 529975
925 1274 219276072
512 2514 68496112
1005 4579 302775401
2935 2993 570203809
2818 2127 137914261
895 2906 267907714
920 4209 104899490
3939 1109 556085585
2196 4567 123931249
2259 1249 626622908
4089 2306 10383939
1908 1042 329703032
509 1221 420940144
3784 2643 52895851
4413 835 251358836
4153 291 883438001
188 3014 685570967
194 1364 771650810
2571 1170 376605704
2714 531 298415995
4460 3689 148063528
469 2450 840700278
3361 4678 282784624
4999 4262 203333840
2400 4709 303292371
2675 4820 153113133
2194 545 100323474
4191 4074 996817559
3369 1862 163828374
2181 2300 51075364
963 1679 75063438
1149 2722 830135499
4786 3648 340566031
1830 4261 448875445
640 2347 416763900
3319 2874 143314443
1518 1577 175011602
2844 2266 124866109
4938 3943 830637670
2316 3946 401467390
3672 3928 5766381
1050 3384 682028052
1778 2052 515443276
37 4595 76934313
329 2059 905881312
2637 4257 269722349
1528 2235 391439268
2353 1997 173610371
765 3926 347713680
3758 1910 66227166
225 1083 758848004
2267 945 713840906
194 1719 77690923
1322 65 637226400
3348 2684 889187197
4002 603 713183582
3417 3090 400328764
3687 45 607895091
4583 3428 978542343
1100 171 260776223
3403 4609 87214036
2735 3474 716976139
3965 2080 702038863
4503 1566 85846028
4791 3922 414346285
3015 51 149344283
1642 66 873853212
582 1236 80564925
2804 3995 816792238
699 2086 188477580
630 3702 65594672
1414 3096 507350020
444 2907 622589982
4966 1097 967956553
4930 4135 345291264
4122 4687 647603612
894 2183 266252937
2863 3840 743588481
3492 4076 121388695
1270 2277 605750763
631 3518 789550430
1379 1011 412561105
296 2819 596888117
4996 4373 484145345
2862 4341 757866770
289 25 85870552
3243 518 6238663
2452 1013 442580305
3743 3758 426620674
1972 1538 711999421
4430 3384 612014138
2956 4120 447978682
108 2152 176222356
709 3615 26184536
2863 3971 945586247
2654 3025 606900229
3257 4285 34799894
4109 824 704437647
3812 3884 560887430
962 2909 866731875
2955 3241 562669873
4114 1125 529774717
3117 486 258611371
4637 2285 977053585
439 1904 979241394
1751 4547 8832805
779 4273 225665562
4226 3795 595447841
1328 830 632180032
1522 3479 198793715
1999 4364 300241380
1335 2497 62857699
392 301 976581020
4220 341 324430839
2942 1992 837311170
1054 4745 200622007
4355 3138 723655293
4855 1290 118733261
760 2218 218505313
4445 2265 481581357
1877 1776 708023735
661 528 880715707
799 2907 40265789
725 2170 713016124
1406 198 514054736
27 2086 958596513
3678 1711 767251149
4471 692 593501006
3588 1035 527762378
2039 4581 9058212
4569 2385 80388254
1528 659 227138893
27 4444 909058466
1183 315 226171416
2123 3309 35980943
991 1507 592532097
3791 1974 888692327
3556 168 829734341
2322 3450 416858163
4063 2233 149672226
1217 1327 975332920
4548 4094 677341397
2685 3762 554284137
4828 1910 305031348
1783 4130 623792175
3291 299 93002538
755 568 970212751
877 3882 667052235
2180 3180 236660473
249 2697 508908747
4825 729 838225864
3525 3724 276218822
2734 652 516409869
3937 4629 522787465
431 56 110418855
4417 4093 627420795
4057 3662 370864413
4886 115 971615992
64 2832 978363933
338 278 663463902
4135 4372 952553469
1013 4108 183845733
4900 2572 866217009
3665 4439 183278452
2584 2236 683322310
4460 131 925421670
2149 168 442640740
3156 4894 516989261
4984 1186 899402041
4091 2095 124442452
1633 3546 460467622
3268 3251 137887080
2547 4939 626814214
83 3012 73606011
3326 3199 286787026
1331 1185 3171235
127 4883 77389674
3730 2559 897927402
2708 3562 700404390
707 2363 959755477
3620 2088 867147244
512 4668 651872331
966 100 329992501
3071 4856 595755466
2681 3285 82922996
4773 2589 161748768
3350 3154 355271008
1888 2811 284017366
1779 1672 585733137
1856 1155 631259512
948 638 88895103
563 1828 560285150
2912 813 384822085
2767 1536 129783919
4914 450 187426487
363 2219 943889745
3787 2773 724823103
716 3716 991725928
3399 631 922876808
4838 4199 382956953
2096 586 696038518
96 444 373567900
4045 1335 55402144
3094 4865 232120020
3680 3884 570964351
1284 3315 211502027
3006 1899 216768551
4813 4218 200014926
157 1523 490180016
3455 3023 402890081
2987 4790 412164292
3784 258 650497217
3019 3412 33534780
2136 4921 488775894
1308 3285 35167607
1620 4956 233868735
3167 1510 357318596
1077 121 296603147
4977 201 755590559
3682 2576 667055967
47 3767 603002396
4729 566 73520711
561 3664 788931651
4506 3475 143503472
2149 1098 292544785
3381 1283 237519570
1198 1713 949086403
2582 268 994713828
1310 2374 701503445
1826 839 80470924
617 3602 91066185
2498 3470 978231975
4440 2294 910470617
1150 1237 643216155
1325 2154 498474044
515 3805 757138073
3513 3863 743213296
1390 3585 548662342
149 4414 484482494
1482 4697 833075538
3227 2259 679376617
2052 1077 880990484
1106 4517 830899550
2063 3785 822006125
1336 152 908042459
3285 698 481363100
876 2825 857070026
920 2914 869754192
3774 4205 887122224
745 3167 412714678
3739 2416 414472286
353 732 790837657
3109 3286 980159103
1922 800 658584734
2643 3074 40203098
1455 1236 946417778
933 1383 394226593
1386 1405 1335762
4912 1051 274115367
1438 3044 284387569
3586 4889 672199088
768 2412 366477692
4505 2550 130735744
4712 2681 127314590
3887 1083 753449224
4997 3234 220832045
4829 3913 98479113
3379 4599 507408334
2454 2593 112361048
2479 2448 580939470
1026 4458 449561338
4458 3442 18386789
3552 4725 840313677
3802 2109 413069694
2340 1675 898860901
3004 1333 568763825
1389 235 25997337
2574 227 659673964
3156 1927 983898821
4281 1325 116034610
3569 2082 312507630
4350 2082 88576605
3149 74 500416003
870 4761 620957555
3293 1773 47075298
4463 3712 148590681
2239 469 477523479
25 519 170327489
1689 4825 62829837
3863 545 207419031
3168 3789 63707531
2999 690 169456390
3262 3354 578540088
3635 3065 348180304
4355 817 730586291
2601 842 834312037
2315 1314 970129691
2623 2031 824466038
4612 4765 727126412
3601 3553 651675619
336 2951 855379116
1170 646 286667020
4603 1162 918555265
108 2221 691933535
2381 1189 942281750
3841 3691 599105281
1495 3592 789651343
3943 4170 799872709
2053 2688 131086107
1200 4650 127549392
1815 212 634584727
3356 2921 8367753
1591 1399 406617230
1753 4175 177125951
622 3250 307016679
1983 2639 67161866
4711 2138 203436867
3312 1244 656951867
4307 2849 40132213
1789 2602 610238092
3808 4550 314512786
4868 2821 573301024
4355 3965 415867239
4459 4200 798288671
2535 2258 545102702
4673 3008 638315418
1449 1583 975109758
329 3698 954172588
3212 3341 415267852
1286 1832 400611019
374 4183 5527899
2243 3507 520581769
4715 3252 959800695
693 4233 646983120
57 3917 182736064
3428 251 813042802
755 2561 111905717
1887 3335 128121929
2309 3474 512845742
4241 4479 363201089
4428 1845 766977321
4256 2712 407074763
3275 3119 85118524
1224 4045 218457928
393 938 57712812
2357 1013 461319412
3972 323 395391843
2099 3501 155260967
2803 4031 622014883
1013 803 588304011
2073 3158 549989273
157 4015 488986892
1868 1276 353905206
3846 3440 377571238
301 1601 706494229
3152 344 201128287
1859 1380 655779406
3053 2057 796874386
4071 2610 522874776
775 3485 877481547
3450 2649 207913865
935 408 424741315
2544 1378 506203296
243 4308 890271721
2902 1910 799729087
262 283 49860325
1139 4110 258346516
25 2011 656599546
3815 821 655751011
3176 565 301125492
4810 232 476334089
3866 3185 487430541
3743 1484 275692858
1623 4713 249307388
2442 4101 127999637
4023 810 617891438
1612 2561 682607195
2608 3780 801748754
2099 740 355720979
1323 3708 37405209
3787 420 122188590
4909 2787 321579423
222 3900 317124262
2293 4812 891484600
3151 956 539300168
3832 2125 262291577
1070 4675 422368880
4888 4686 837217472
4343 1097 282457582
58 3568 588172810
4813 2222 550701280
548 3621 284650637
2426 4971 827538695
2285 930 586795283
4136 3942 313102913
2047 4214 174673481
799 3842 147294430
3297 2621 142552367
2354 1768 557551320
2178 4292 213084715
2683 4418 204533518
1649 3649 47612402
1142 4867 422378105
2338 3951 665314219
4871 4685 214152949
2471 3208 769128377
3913 2282 356886404
813 3968 804312459
3203 4630 773625375
220 4964 591122195
3120 3521 436257471
2694 1417 4151126
4031 1782 16650094
3721 2865 213853462
1568 4013 563986919
1734 1904 499222002
4620 4490 116818725
3542 2953 195073725
2326 3346 759967663
3283 4507 100434430
3215 4383 865983220
1741 4822 232219450
1708 1158 509555576
847 1367 491963695
3969 4791 272449097
2144 838 748199976
3244 182 638347524
1314 4080 801826416
2872 3059 328891616
3233 4230 910658555
2193 1159 810121575
3344 4643 786750387
861 4078 260243718
690 909 525935616
3801 959 413638271
1849 358 913420844
3233 1029 55011694
2997 1635 239243723
3542 3981 88101277
3790 732 655389022
1367 3015 506833594
382 594 153713921
1048 1178 297751585
307 2501 444458252
331 1346 798904230
3247 3414 122898671
2681 3503 838896376
3662 1381 338573413
1673 1686 336235825
942 4033 451571896
35 686 949786362
4853 3994 209027893
870 337 456418023
4585 1689 396681506
1790 3852 639545736
1834 1761 220602085
766 2376 579953975
678 2833 310973549
4182 3526 333625599
2295 437 461422702
2192 2769 729586186
2619 4328 751713234
45 1249 338763574
975 283 371220271
2846 1943 83505818
4624 2419 286835760
2626 505 302088780
3544 2395 821874343
4597 4868 631603185
596 2345 624364757
149 2133 459621077
4534 3660 133563520
950 2720 560738463
1600 4964 291212491
4085 2716 806408116
112 4170 861146554
3516 3784 851652363
3318 4804 361932636
4355 3513 603589794
3028 1078 320700981
1150 4385 526575767
3612 1970 222661896
1711 3333 352720771
1265 4973 690679223
3628 2887 654552366
3984 4068 26278765
917 4166 438967683
4052 4398 371153813
4440 1981 13917162
1375 2053 761789499
871 2692 370111361
4278 2404 863812122
275 2936 278387153
4864 232 33035750
1497 4826 667288017
4683 3591 819924665
93 2354 14516844
3753 1903 996782649
15 4751 477999327
4074 4080 809722560
3931 4165 65996585
42 3459 441962473
2058 3849 278681329
3404 2384 969093971
935 3527 546652262
4677 3626 240048746
4670 4437 497275087
4907 2665 450358560
3504 4246 99801595
1913 1050 102658387
3760 1241 26039531
3323 533 759684632
3300 4160 179107898
340 3456 269501830
2941 1110 829381830
1793 1837 49517888
3194 3521 523613700
2905 4907 922770155
3890 730 883898630
2455 2091 4071240
3507 4711 789606759
4121 3060 48973259
2712 4642 989805200
1110 727 813487849
305 3201 60765291
3140 2546 438496846
2272 3892 462223835
4198 4050 579258473
2269 2170 309763729
3366 1175 601657722
4801 4802 4423255
2237 1340 23513676
2430 1410 905289866
4307 1282 253953804
3452 1552 670758500
4421 2881 649577341
1002 1430 902008835
900 4187 374256998
2174 4611 393777263
264 1402 153205349
1820 2354 100620123
4934 3719 970324042
251 609 659512496
954 3624 392138294
115 3935 949338631
4515 2441 992689679
2258 3144 989013585
2681 1020 77749205
4971 3944 665411906
1333 3161 134058996
3811 2473 499698085
118 1590 334773407
2855 1757 612592869
3238 4345 75035655
2377 2138 712245492
4136 1287 291478346
3474 91 342555386
4152 3232 444322802
2203 3910 552482184
4066 642 34926447
964 1723 553896011
1861 4338 577417130
1271 2365 369159010
2646 1832 803466628
529 4158 356777824
282 4192 773232572
4018 412 814187239
3938 510 308203431
3058 231 876764182
2780 3568 6654971
4515 2068 924789954
2689 3016 728207331
3206 1078 676481507
3575 4131 936527446
4579 2102 848317856
1613 1845 265384907
3303 3821 82463134
852 1834 365936148
4493 4567 792065674
3001 4577 471007524
2067 1388 348174508
3575 4712 996885653
2092 1645 55833051
2423 3731 959941637
1960 4165 116418924
1589 3827 93490486
4109 4575 111551338
3701 76 103562261
3005 2167 448953556
5 4487 333048698
3075 1601 180808055
3136 2310 746449119
4073 1722 67638680
4008 1765 509490955
4906 4389 760315167
2137 4467 767583474
2837 2320 660276708
4048 2615 209215468
1079 4316 751661191
470 4023 143135839
469 2087 128877978
3361 4897 708946679
6 1288 28993498
3341 3739 673764888
731 2469 896188199
2670 2877 149963650
3093 1874 194439661
3194 4885 539762432
1364 1252 723285506
1255 839 502454229
1870 364 37240955
3534 3221 678223334
2318 3770 326168713
2541 814 888464815
3214 1368 872269689
3833 2607 549643333
1692 2928 3022944
3262 1722 902125055
4500 4151 241795961
3261 2816 349827970
3248 4544 209019367
1881 4860 599135112
975 1434 121684833
2529 2682 302596207
1805 2151 562577367
2741 3017 986130997
747 146 435040557
2513 2923 653509384
2697 2999 652793916
1049 3316 486454808
2833 4947 254923313
4669 4125 533254531
4313 2181 776934009
1196 2041 158406780
4982 2985 443196003
199 2408 490247512
2898 1955 197075796
4093 1739 695390007
1968 4462 567333524
4494 3868 114946593
4211 118 200735727
2290 404 745775992
1029 1606 240787529
4442 4159 498878064
2710 4734 658077428
4954 1111 119528709
363 2573 518223734
2519 2541 101770078
3716 830 96416069
2512 4218 574556049
116 4783 734223165
1458 2378 404297149
4072 2569 43033723
1754 4708 150791511
4451 562 653373451
2737 3195 256459010
3132 2933 59237672
4653 768 767650913
2939 3175 660608156
1454 3929 293693721
828 2584 947547462
3953 3208 330579308
3623 141 921988458
220 4949 695106505
976 29 620144609
1448 3760 356934864
1673 3595 793658106
540 4325 129996046
3837 1643 504910638
3625 2627 969741348
2398 3019 248343427
556 4415 678902138
2356 2904 19406555
3078 3355 796242080
3749 4576 815868384
2741 4214 620660340
188 4809 98323927
3688 3990 666612507
934 4201 664008215
4252 1897 901503267
711 3282 720564743
2568 1123 335465200
1707 105 972098479
1254 3971 692771353
2245 2785 722929355
790 1695 320803229
3070 4972 30469684
3701 1230 817804169
641 788 130597303
209 3504 3740612
3978 164 245964051
567 1798 271940736
209 2345 670285091
607 1909 143666064
2707 772 324691020
4375 1623 185379942
1953 4968 748996533
4120 305 331957931
4843 3686 958391315
2611 1405 63262654
4659 2812 493743646
3202 3330 306633614
3015 2051 434836354
1155 3585 771144425
2191 2112 418698042
4146 3872 731846626
2726 534 591745294
3475 14 102642865
4593 1355 949326834
2854 2933 213119621
4462 4635 915528521
810 1755 146220266
4629 2128 573362191
2892 862 99168255
1129 3183 921389106
2448 4001 564211020
3104 4417 375962042
730 3701 748544930
1522 385 148008475
2022 4222 121557352
2759 1759 571076542
3362 1042 402244006
1341 1021 430035163
1169 52 465755485
2839 4999 364231205
2235 1268 491601962
4539 1363 654539345
2818 2482 568914279
3199 123 95020077
216 1764 233571427
1380 103 447291194
2904 1497 462938765
3163 194 154020107
452 443 991854009
1510 4168 213750950
1543 2791 758309392
1036 2410 644089074
1209 4740 341386373
574 4854 286385375
4927 2330 77933595
3111 2739 158434045
426 4382 176572577
4945 21 961944060
2334 1938 852211968
1007 38 735685338
2631 4581 230296705
4541 1326 362591852
199 1379 395364043
186 219 674229521
860 819 112685101
4067 661 404018358
1422 76 378734912
2326 3193 197846620
3684 2788 829457645
3871 4271 94055184
2509 4841 909624800
4386 2694 613076958
3362 3936 98668707
4643 2284 873319612
2660 4286 760947174
4300 667 935360330
3147 4361 320309528
1974 4128 471850821
2903 3126 968088286
1161 1272 651345230
3765 1036 827660025
1926 4173 429534655
882 1127 730833516
848 480 677880716
1556 628 441755919
1809 3785 839680174
4685 987 995600209
2048 4506 558245632
4633 2452 590956188
1776 3966 907295860
1929 1355 477667725
3596 4083 957800077
4521 3082 310732312
667 1086 426892229
4520 4332 231652732
1062 3299 138650220
3396 682 617500596
2534 857 419347081
3046 1303 811593103
2035 3252 561059404
4660 4455 106672051
1716 76 644078269
3854 1288 978498186
2349 287 286299788
4945 1615 245170206
4431 4972 427421320
3492 1517 375755603
234 772 937161089
1450 1722 4291190
818 1471 64748069
4868 24 913286026
4259 1154 366855966
3648 492 909197092
329 2699 927515857
713 3001 404606677
2436 2868 638876420
1399 34 66884904
1954 2458 598862171
3694 4427 503770405
2494 3955 225311395
3613 2595 340413849
3507 3228 12573210
521 4077 805018821
4525 549 546316772
612 1324 809570453
3683 2558 176677649
976 2398 84542016
4894 3138 423367114
2829 4286 934036936
1867 2115 723729073
2114 4641 103210603
2162 3743 746113560
3036 3645 636734404
2917 99 31175515
1271 3204 816195086
2475 701 515533262
1503 4812 442247798
1755 2381 273268931
1025 1867 770014363
3849 4984 510545505
1706 225 761821472
1676 830 811154843
1127 3495 458236883
4419 2808 939225328
1467 1228 694373082
2567 4321 590746566
3806 2000 739249502
4464 1732 229095405
1508 3535 915326598
19 1094 679808045
2924 620 652925786
2942 3519 881910531
353 2805 428067148
2120 37 65815345
493 3999 165118203
1884 4126 854979363
4050 4924 611549876
152 2286 140005903
4659 3645 649596370
4560 2860 76096152
952 565 676404770
2563 4020 46938416
4768 609 498977202
4235 1010 390952488
3008 1273 546444352
1053 4957 749013296
4602 4183 662873315
4705 2935 920084879
1704 51 290125848
2649 1013 229848736
238 594 47110298
748 3281 11497154
3920 1379 576306808
1309 1760 500176615
1772 267 517566993
631 4830 37533627
854 2831 477684760
4091 3480 959235760
1800 4850 759412462
3846 701 474005159
1057 3505 686527224
3436 1367 853558321
449 111 664532810
1943 3560 656860626
124 2530 909131109
910 3112 647561369
1958 3261 601404797
4517 3800 79127141
1190 3467 415879325
4583 2030 230415439
523 1668 910303756
2020 3637 578952177
3475 2500 443822375
1401 575 979506040
841 4827 126511137
577 2995 596195594
2855 97 958906860
3447 2843 748739758
2344 4315 147309988
650 2947 625822149
3379 3071 606980123
1169 2115 12144220
3402 3504 107319675
2445 1225 914205290
808 3872 943444379
4484 313 25997010
1509 1543 68296677
3911 1107 159185086
4305 3686 238806327
4382 1799 957231593
2574 3311 303553268
1549 867 681479969
1055 3018 227957355
1191 3412 609687204
4053 641 94601850
4322 1073 5173957
1958 4221 58080389
4789 4694 275527168
4752 4024 779757997
2127 3403 900919042
4044 1801 884790327
1974 2926 605917173
2349 3595 456981967
2253 3879 766447533
2083 1702 144547897
2092 4951 37236791
2404 135 910802161
3115 2562 85395453
839 2639 302928619
4624 2085 364073268
4496 9 497931373
4848 4651 203759787
1964 3235 437416340
4970 2963 407299135
1697 529 673570186
3330 228 865886895
3590 509 639703766
1708 2535 733963539
189 3865 611706678
3205 3638 188750941
365 1947 429617146
2855 2771 905515727
3869 3060 611924170
3948 2675 769939079
1676 2238 928001933
355 421 703212045
590 4200 73096559
828 111 252942632
947 4781 582912501
836 4482 701854924
1217 2014 565567735
723 204 300697733
4792 3480 740111111
4987 1358 205060372
4990 3180 196000088
46 4779 121203103
479 3881 753169160
2970 466 137350887
56 1630 924786627
4122 2633 280094369
4300 955 139036028
2235 1586 686925389
3172 3299 352429415
2156 1603 340386566
1450 2768 906333721
3251 4655 553705458
4177 2027 856930694
4582 1559 715196828
695 4894 564254864
1374 4940 785405648
4109 1577 369734554
1334 2055 76781082
3808 1595 714843256
3723 4954 330657306
3651 822 167524592
1046 4587 200893869
3315 4936 966002473
4952 4338 888462034
3491 3764 861691053
3266 2968 130453620
4017 2048 529107459
2789 1544 908084138
4233 1027 314235446
1779 2718 692079948
1419 4221 942381672
2500 3497 170225103
688 1546 796691472
2779 1012 652136058
2456 2235 597106776
2191 4522 969256956
2309 1123 403583403
4810 2300 326413206
530 2137 901000829
1790 3899 276931019
2920 2881 600991950
1298 3086 581932017
4353 3286 293864681
4309 2299 222527808
2598 2960 534544665
2781 2046 133477681
1338 4025 195962527
3736 471 975907992
4922 1103 314112015
4652 1726 415050869
2355 186 206057062
4747 1065 430338882
3584 983 690077092
4783 778 163746133
96 2592 342847083
4931 4803 699240170
3649 383 390187725
491 4098 498452657
4635 1271 589679754
1624 4695 884279518
2551 62 186347525
2155 3996 548838941
4676 1896 33845034
2751 3954 777259157
3419 3449 17139160
2936 1864 808789265
3462 2544 457527155
3319 3659 572563500
4477 53 820292582
4588 2561 416820618
28 815 247786485
3601 572 207806580
123 4184 696966075
327 3526 842970072
1893 3515 547570630
4337 4423 79755660
1717 1983 620915459
3593 2689 264396352
4318 82 600795511
4251 3534 557035769
1541 778 37783937
688 1890 244654979
2634 3122 118713466
1582 1048 941994771
4277 3302 541496591
3318 398 101267376
2426 4576 555629893
2203 2262 109567769
1026 1500 984002716
4440 4285 452317706
4569 3042 374453961
4158 719 546961923
1839 4072 268913010
1303 4615 208451436
4817 2044 371686395
619 130 974221361
3080 4485 296708487
2390 3815 772891074
3757 141 935371713
4556 2637 838156692
2183 2494 807634043
1401 1636 880088725
1667 2036 109452754
4340 411 47016252
3531 2903 338645798
326 3208 680259409
1832 3286 937787826
3798 4261 505086359
3606 2271 80623572
2804 2501 533445304
630 1808 245483785
2367 799 876632530
3392 2682 425444695
2213 3422 169489002
3575 4750 913346182
3966 4328 593861701
651 1560 473947560
1355 1300 186813758
2504 3834 329031425
4447 1441 74273816
2753 3186 422551799
2126 2851 577682990
2102 2008 884032790
859 973 453969287
2332 822 96324107
3034 1069 912608939
3398 2997 62889253
1815 3378 491542119
4760 1985 504582485
1415 1417 728120317
2652 3974 23237798
431 3363 146930309
4969 3713 83516963
4072 2248 911956886
1439 334 63095506
3851 1322 919628146
3755 1208 578359454
788 1184 751787637
4921 3694 877294945
2633 3033 309655815
2739 3911 710975981
3967 4987 411572526
2390 4349 38433640
2851 1911 830514220
4534 2948 269898348
3861 3876 86307307
2083 3952 875241715
2962 133 164105067
3365 2620 406042980
1075 1302 408762998
1509 2532 430110296
2497 1290 84065482
4348 294 85809391
4741 2281 824945635
1365 4818 668041976
4850 281 346053722
62 2863 883807151
4346 3317 831901746
3335 4241 849299818
128 4664 187012748
91 549 489872367
1396 845 2100378
4580 3532 223567487
900 4452 500719620
1843 4411 17151030
3761 3075 424541173
2686 363 464665363
1187 1620 25936118
4153 2005 743662410
4526 309 349164124
302 1781 388172007
2618 1266 731565311
1560 4633 480151423
596 355 565025407
285 320 356373509
2887 3699 681207019
4924 4398 477919820
3528 2987 714515218
3866 3243 78318080
1506 1274 954534843
3062 3991 119161187
1784 1142 25245008
4401 3527 798715138
1256 864 7123092
3357 703 237551517
4107 3160 893779999
399 3663 46990066
2157 4135 314989870
3359 2944 879424513
4599 431 66652880
436 466 566556065
472 535 852262977
865 1365 401831702
4795 1326 639953201
924 78 541274940
2559 2999 617510277
25 2096 27133189
228 1974 590161755
3700 4653 272642710
4538 4063 235207990
711 3576 604630215
882 381 661513501
1501 482 617832556
1327 2617 228444186
1278 74 196503217
2652 3929 49433017
473 95 535838154
2185 3434 830956835
1727 3116 334616748
4438 1210 380652848
4091 4078 333435645
1578 3807 290704667
4966 541 87059216
2058 902 909592202
3703 2222 302213688
1297 4419 208053943
747 485 441704502
2655 2148 442419804
4711 1108 275179305
2063 1715 555267993
4859 666 373379043
1425 3756 589522522
2771 4772 108173935
4229 980 361425544
58 1488 618524130
3632 4164 198246898
4484 1671 995667181
2382 2817 193517544
80 1034 339419349
778 511 662595115
1931 4518 185224102
2875 3906 489804308
4832 1374 520976037
80 1933 928597456
710 2946 106038705
572 4514 637660891
961 4151 609529439
3914 1536 274118067
1666 4561 253735375
3930 2286 849919595
1768 4257 782545063
4216 951 873663808
1100 3384 851765643
3430 1802 796368218
2805 3660 522629039
211 3992 798846691
4885 4986 364922397
4952 243 12535925
2306 859 114699752
2691 3948 980811636
2258 4544 523502768
4267 3724 112683041
4137 913 461914508
3205 4544 373019518
604 2592 980195900
4202 4197 331535149
722 4239 29901361
469 1022 879131162
1806 3253 476416779
825 375 122646748
3889 680 936521621
2747 700 225124287
2425 3875 474777238
1938 1223 553336867
2218 4191 712411779
3067 4833 615258635
1881 45 143330385
3576 1737 418475040
184 3283 600589066
1756 62 26474603
1426 3335 348272045
2414 1721 697544105
1539 2598 323671485
1666 3637 817561710
285 2360 708698532
2150 3380 458144975
428 2903 997717174
4662 4635 943922781
4982 1006 764327586
4523 1613 860653821
2790 2789 590103361
1512 3878 580800222
596 2637 359875594
1581 3505 343029057
346 585 659776593
4067 3901 267735854
3146 2239 986923872
754 2226 841094520
1564 348 80628205
2539 2228 458286261
287 1203 798797016
4064 2160 254118992
3082 2212 246378655
4558 1201 360800420
2868 3534 734454422
330 1194 630224103
275 3489 132039370
4504 3463 338240020
3564 4606 124589468
94 110 988219065
3715 289 709675643
2025 4648 33079503
885 1956 39020690
2997 1455 942499690
4875 2152 21069433
1581 712 689437493
1879 4628 318759575
863 2682 235057598
4697 3677 807563175
2488 2447 926207535
795 2204 327744993
1805 335 78562550
1736 1782 723452896
4448 2467 237414064
2579 4759 567813806
2880 4371 343986297
3929 1526 772520617
2481 1554 588381095
352 351 890064965
1167 38 341149320
2108 3720 380119960
221 1986 516102417
1219 733 958077940
1437 4433 876090167
1547 702 197002421
2522 3825 472813373
2698 1127 618799809
3767 4284 791269200
3520 862 560059902
956 657 430706321
3025 2587 93064699
3890 3328 716802940
2978 4507 114089889
4772 4144 450103488
4136 1625 195347708
3904 3066 942560292
3209 2062 735534998
3149 134 239276746
2448 4622 677512730
2465 1726 988184828
1180 2438 363049689
4277 455 724530725
4373 457 10571006
870 858 606484852
933 4938 74885979
3528 1173 262438142
2953 4625 759032335
670 782 738099626
1480 3509 757622300
2675 3323 790263368
4894 4461 459216870
4536 3027 64634662
1276 2180 201773547
312 3075 999773345
69 1114 309661569
4993 1152 995903378
2435 3553 399492249
4666 3324 453613810
17 477 110634808
1843 832 480449792
4888 3971 733275266
3050 4293 886390048
3403 3895 554587065
1373 2797 892653130
3410 4199 197578211
2928 2392 77569477
2514 318 95745719
1467 4867 943581027
4947 3416 625201471
543 698 349524010
854 505 867063421
1437 1806 617697379
1001 238 42146585
2700 623 78028761
3201 3754 376786639
1490 1452 550637892
2798 565 158703445
4758 1515 84144231
834 1522 447444218
1689 3533 268402652
1708 2383 548391613
3289 2827 186795745
3121 3155 568693015
1842 2228 237003175
39 1126 327808061
3138 2494 418550737
4214 3858 703716455
1701 322 370672335
3314 1073 597225133
3673 3379 901289068
3253 1970 348814357
84 2422 453566702
1763 4582 893464114
4438 4580 232552730
4568 659 360162215
4688 1837 326505541
4242 3612 424643641
4580 2257 188462745
4874 1699 494909564
512 2263 305808430
1685 915 834005762
154 435 538633381
4568 3316 796978369
21 2971 825651759
858 3319 281859902
3466 570 226153186
2885 2187 673134264
2258 3425 905513728
514 4124 839841699
2138 4890 156725839
906 765 96480489
265 1117 611154143
3050 1564 492501156
3243 2427 386851597
173 1577 600499530
293 4116 78464938
2832 4985 640921730
694 3053 386987281
1771 436 408738856
2066 917 999036701
950 4975 227655973
366 44 747301589
2360 3580 435571546
2031 2122 557696158
2847 4693 488617153
1989 3670 289074845
1246 815 676903463
42 4728 622439776
3251 1163 978234792
740 1620 694571742
826 807 333883737
4723 3565 207486368
3252 3744 912268887
2223 294 90906169
249 4232 320064081
1087 2836 277051516
4729 2519 799739128
1364 2211 228331242
596 3687 638092294
622 3260 624873706
38 3949 989339587
3587 810 111964100
4553 233 951650582
2916 4259 603746371
3514 3980 344465397
2565 2523 499909212
1335 815 649984395
4897 852 845404447
2982 1098 859834763
2516 4003 350974558
1818 749 384257370
2939 1499 926722540
3396 3071 60751111
1893 2263 934976355
1867 1679 132393095
3901 710 650841555
1990 798 93622893
3253 2128 352302294
4609 578 28420646
4757 1719 977116852
3771 601 398255090
3838 2210 284018238
1508 3874 377946803
3926 2452 575759587
620 3872 399802379
2837 619 647417222
1621 2892 745899702
1361 414 874462837
2492 583 572854073
4406 3072 911004689
3660 891 569448197
286 32 783952170
1137 1013 990674670
1410 1970 906943183
3101 820 923508658
347 3440 827106113
1639 4983 172791444
208 2750 50443363
433 162 875021538
220 2289 335660446
606 4091 18496234
4574 691 576105372
1996 1485 907516198
274 1816 261631205
1727 2458 412630385
1825 1385 862523179
569 3422 222331379
47 3106 355244856
1445 579 572469128
4662 2353 372129895
3746 1243 689064799
3451 3014 635693622
2903 364 359817497
1105 4711 432219534
3192 4929 621384813
3365 1749 39386963
3540 3551 433831418
3558 2664 8702147
2992 1274 975162474
877 3724 398085755
950 692 15589291
3159 789 127414748
3106 405 704061563
1327 39 850399260
2125 391 996340709
2985 4109 569861091
1739 3404 706745251
1326 3567 772796554
2341 1144 60537589
1386 3161 681136061
3320 4030 397512800
1919 759 450714729
2766 3195 449038424
1599 2754 13002749
723 96 220326855
1066 2947 126421333
664 4633 503932603
899 1182 442161738
1218 4487 223397316
4309 861 569630267
1486 3649 21368374
2659 2586 289264173
1236 2450 288115923
3699 4590 245730742
2255 250 595130594
4949 499 652140413
1171 701 418491970
4976 954 454443494
3084 4390 89253923
779 1886 494897680
2518 2848 614304368
2786 2499 584552449
4871 3769 719394161
2747 2200 160812340
4538 508 887622350
1596 4720 116111559
4939 3459 214963732
3494 4652 546518406
3652 918 816507562
451 3870 465488406
4901 1686 42123204
1419 604 8588812
4030 2909 224948112
1584 3835 668439760
507 1081 649739886
2014 2724 859065717
2823 4965 568809842
4170 46 602281055
4470 4780 820008852
632 4708 374515262
4341 3511 888091436
4475 4045 288066835
4142 1666 95152932
2793 993 872839858
4230 2356 735525100
3482 3763 717254493
1009 1966 13475578
1636 3759 916692211
2306 1013 834152537
777 2371 970005594
1505 3802 680354781
259 3727 761520340
2493 1956 314225658
2420 100 513495609
676 1139 89720518
3835 3912 24047172
4392 3987 395184537
1087 1737 273173576
3625 241 163783524
3866 1270 671620592
1832 65 867164902
2790 3922 823361183
1371 972 40977346
1316 4516 46156561
3806 4543 918235319
4313 3060 164187892
2335 170 831197140
1963 3752 308293316
1905 1202 971027871
2033 3990 93703974
4733 1469 460678874
3598 1916 206442484
1935 1615 564971744
1287 3294 151989604
2772 2728 167392652
333 1966 790473912
4104 2933 839815462
2283 4160 753114909
3343 713 20903009
1377 2375 140812789
3963 1410 40898820
2352 407 557315378
3646 3425 393379619
1480 203 450833882
291 4484 347272855
3163 1998 900297976
1829 1170 144408594
3005 770 407707905
1749 3775 454371247
2319 103 153196894
403 2087 92822794
2873 3026 104325335
4789 2445 676421737
1463 1345 331644299
4990 3543 304790850
625 1947 868294906
4621 304 410818917
2878 4106 479402792
3452 3781 170883311
1452 2545 99728245
4336 4435 790724104
4753 4627 61171404
4270 4986 736220492
25 2249 75963698
4644 4028 570400860
1574 4853 859302235
856 2830 272743591
2759 818 716638478
891 2353 219342243
1154 2807 264328042
2865 710 945515293
3407 4590 375885188
3315 3283 233979640
2079 1598 397322263
1196 3343 20745023
552 3320 943401907
2266 4471 342538784
3627 176 44470014
2599 3412 410528542
2042 1276 550748725
1952 3123 158081272
2744 4509 333989469
4450 3332 379588472
1215 1398 192379081
932 2254 801367981
1844 3805 71804438
1916 2651 12799554
4457 472 931160256
167 1021 494870623
4999 908 178238511
4602 2818 385428826
2943 2351 520139548
4196 2912 416628052
1447 712 278276358
2874 3159 47370113
4026 660 227433826
703 856 857065256
3257 349 751885550
867 2175 22159673
2637 3996 563064553
1884 2689 928356998
2283 3302 510902548
3268 2958 183954036
4635 4098 602148660
712 1532 971976484
1315 4658 988004657
82 2286 969317180
355 655 754945723
70 1642 967297574
708 3159 70501726
917 167 615958014
1926 3060 2363834
2529 144 642415577
2289 928 562002041
1473 529 304423942
3223 4087 781047526
1633 3674 612654832
4212 3049 925913965
2993 3675 305658103
1048 3590 985418165
3541 3549 453605284
543 4254 830441610
2733 454 36200485
3538 919 291351313
1125 150 931269264
2008 2629 193544001
4545 4902 129829023
4489 728 471247133
864 3254 526673388
898 145 777640869
1658 358 783768823
2723 583 213834550
527 3435 513657840
4138 1558 431100814
42 1050 206703395
3429 675 83582704
2384 1623 236739218
1776 1811 896521666
2230 4711 806968925
3698 1201 682723126
2043 3109 905291004
4755 4420 773061734
723 2467 281691675
3606 3362 901750431
557 1959 303519149
4924 1137 149969877
4078 1156 901028767
2918 2639 531003602
4658 3618 176516201
3099 1912 705767900
3664 2416 414349656
1769 3845 93299607
1458 1109 668446368
4420 1706 712749900
2228 875 709703112
2044 1007 383693971
2748 2073 138060178
4835 2893 136527998
400 1895 635102500
960 866 954332276
406 4794 828035575
3091 4261 954302182
1971 2620 753274861
3403 1052 835610401
1780 3164 555052743
2442 547 214553737
3617 3830 685196379
2142 562 608698203
392 3015 953786791
1309 3893 362111539
667 1394 308030605
2772 4853 991510625
978 3151 731437382
206 1030 178916399
1638 211 314969246
1673 1982 124125547
1334 2594 1165426
3509 3390 125070846
200 1767 648779209
4845 4629 247591182
1431 4 903196750
4178 559 854194835
3266 2730 437813982
586 4049 560050521
4082 2458 191142556
4819 768 934419353
4532 4140 119035936
1037 4569 278560513
2547 4316 724828347
1995 1344 215291541
981 3174 862931712
1872 3370 59898999
4374 87 74219617
3374 4922 705722912
2026 3220 324041541
2229 1114 555023723
2923 4096 751112466
252 2751 484447101
47 2340 831939700
1748 4442 41237712
2586 384 320453534
1150 2647 580428818
2617 2618 922289524
3050 2708 121456929
1189 3529 974081262
849 4166 71834184
3460 4434 96076779
2348 2913 705925968
4854 387 329915786
3495 2064 659464380
4072 4719 513294147
3560 3050 99674657
4890 1527 751046395
4652 3221 122351179
69 379 63721207
2070 2677 782032157
2163 2233 416164670
4978 4797 880954828
3704 2841 166600339
2691 1966 44852242
3819 2836 738686733
3628 3151 844345758
3476 3277 87332245
3378 2201 309717818
1122 2347 267917815
3916 4989 944170080
166 3097 659350832
4953 1687 6568985
1590 604 193259874
3124 4515 513001555
2197 482 292491390
1433 4233 462695249
1960 211 115021123
3663 4196 834689858
2693 555 682657895
1885 2555 73085287
2763 3104 178472946
3003 1507 24001490
3290 304 353753716
1054 493 94032532
1348 427 182258948
2823 2758 65248061
2387 3677 188148016
1511 3619 148303847
1624 2827 12277722
3566 480 328479030
191 26 551606041
4156 2891 762763006
3394 3161 822020260
1558 3973 700816387
2363 3575 918415631
446 4957 10172282
4497 1305 985767398
2771 3513 856611594
483 4941 863476190
624 2918 902725647
182 867 491934076
1901 1732 523204278
381 4385 564710938
4817 3682 946660694
2355 1767 66789958
1265 1211 203817537
3530 1939 939285489
2060 1758 592252685
2375 4770 901822305
2362 2931 995310976
920 3972 742516356
93 4841 598921938
2192 345 430524593
3574 2525 886456162
1227 2655 841547770
52 4019 468842325
3730 3185 736891941
1803 709 742044241
1363 1332 786064060
2616 2458 645106146
2388 3243 126582945
1633 3300 896808416
477 4224 165586182
4199 152 584835024
2660 2403 31397376
1881 860 139417732
927 4486 970069041
4229 181 420271158
2151 2431 643314787
936 1953 410005175
3821 2082 833866024
3915 3498 813289569
115 2875 347335391
994 427 692465885
4263 3057 956306276
2797 119 715326713
4259 1629 472526288
4837 4587 256371471
1331 1643 489173563
2153 517 455455982
224 2552 213293777
383 4103 354769858
1636 2964 834655254
4926 247 487792662
4685 115 153940606
3941 2369 318329166
4987 131 540232118
1157 509 721880496
1736 3526 921959556
2163 2798 602539322
1229 4843 47975137
2613 3523 528391717
3114 3091 445134478
3745 4368 217132601
4455 76 763811237
2592 2552 943146676
1922 3112 228668353
1207 3225 752575827
3239 660 54742848
672 1602 116030736
1141 4582 466234700
628 1940 321340637
3678 4199 764084844
4788 2413 912196642
192 2794 644891116
4153 4934 58831819
3197 3385 621791391
1072 3301 165809749
846 124 317133262
2937 3529 392998055
2436 1791 147067501
4984 3060 43549380
607 2084 146610682
2720 3676 612373905
4485 1293 570462343
2079 3102 114125233
4512 4366 59993935
1545 221 41448539
3864 865 154709270
465 649 472713106
2524 4364 399689458
4641 4769 79506748
4858 4841 353020406
982 3862 758775174
957 1406 260969442
4543 3451 124261633
2492 3598 657180636
4388 3924 776780749
4714 1026 498420218
3987 805 11564179
4875 2533 450399602
1892 778 440133620
4832 72 325174590
1033 2959 272956175
3580 10 735084460
2691 4827 178484562
3158 978 922820760
2117 2543 261576478
2571 917 387509304
3156 1783 660839528
59 979 748405579
2756 382 78119834
4837 1673 487814903
894 2732 766780418
3984 2961 365813447
773 2001 101605974
1139 2357 525235020
4721 241 571847695
4433 54 860058934
1724 2214 128333483
1997 2870 873725931
227 3430 383442749
2926 3591 772505823
82 1190 470060356
1567 2802 869665146
2317 1277 90530525
1248 838 538527515
1939 4535 253891137
3612 3151 370979176
4198 481 801434879
4924 2983 368300105
2452 332 872812852
1968 3604 190777263
2238 4522 836001693
970 1686 828474347
4611 3693 38812899
1527 1504 795769741
3687 2756 576265225
4036 1963 729534290
340 3584 528958904
2349 3890 774053141
4393 2870 935735143
3510 3701 210034539
3242 4081 495966766
2260 702 668893463
3534 1598 179773423
4608 1815 173609635
24 458 267252156
4218 3695 325000506
4461 1944 506716809
3915 2727 147679124
3662 2467 940172934
3611 1444 116960965
393 1925 590404822
4892 4797 686533137
3063 2112 513354718
1087 4795 64604220
2668 1775 736944810
813 4417 729749347
1267 1993 801714033
4982 4390 282822441
3223 1846 283772585
1889 3387 699982929
4104 377 488370203
3453 3306 311940545
740 898 177865837
1576 3041 926582649
2740 1961 877298415
2377 1565 494089158
3878 2479 32742617
4637 492 9528876
59 3624 873854536
1410 2906 164945005
4857 3769 991613672
1338 463 993251712
1462 941 987474243
4335 4788 166746023
1085 813 309684463
2198 998 419685704
4293 1229 880844416
3791 4439 615885923
992 1245 32238872
714 3059 753537952
2925 1462 886856313
646 3365 694381659
1172 1534 27737715
4422 21 246770890
1207 2238 516780309
953 463 582938458
3546 2747 222773178
3367 2710 235707089
3679 426 272575815
1272 3224 220205824
3667 1507 923657665
3072 168 114880578
2592 4821 679852225
1499 1400 813947930
3162 1703 557983525
2085 4401 942512327
759 3177 328639123
513 3224 422614797
594 1297 701853336
4835 2112 287640918
1459 3315 217224458
4528 2848 978875638
2243 190 949135490
696 3445 104905461
3990 4154 405416589
4826 3596 156128475
1283 4460 133380882
901 4857 855839547
1298 1021 328890418
1281 1400 170387940
3390 4532 844755028
319 2036 821107226
4960 2801 368496691
1357 4789 993642968
4979 340 412451377
866 3296 62856988
3467 4721 931339552
2409 301 724866696
834 4763 531762205
2282 2208 262206070
3088 1267 535226533
15 237 928561704
2749 9 744354447
4668 2690 960590403
3296 2194 116629917
213 4606 879456343
1930 1763 408689935
3802 69 814047324
3168 1771 48376488
1980 141 213875987
4984 3641 158324479
2093 3109 558938634
1416 1170 138167509
3844 1759 158116365
1455 2343 926672547
2206 2548 924887348
1452 1184 863742508
3126 3433 526452230
595 4662 562998748
4911 4564 16875941
2483 1322 872815696
4047 3405 653765500
1938 4406 193334007
2336 4136 57323994
3097 323 481516219
1975 422 181392895
4850 3769 837854046
636 1480 349078641
366 2342 171327844
3144 816 567602546
235 707 885630127
3817 1703 650733985
1256 488 781207866
2000 3993 290850631
3887 4442 466868318
4585 4302 287573624
1954 2691 554573542
4705 3270 507802116
4002 481 520635007
4217 3391 569000702
883 4845 920712952
1442 4485 713989027
3732 1015 96115777
1439 1011 129143938
1168 695 499974532
3838 2548 591198486
2465 1365 895817556
3729 3167 743065880
2936 2462 657147566
1210 3092 352065213
149 1875 507875426
975 4095 60186573
1105 4794 476066472
4112 3733 632609637
1548 2698 882066887
3748 1552 116982939
4919 3067 721955252
1418 3712 564420584
1526 4249 837130383
4938 801 291165009
1337 2539 780873014
4571 195 738662722
433 1665 112997535
689 2428 664416775
3401 3495 57515606
2691 2370 102489854
2423 610 413156551
4163 1752 551126311
3683 4104 103113643
1942 2096 148680365
287 4385 344130789
814 638 1688467
3512 4668 253069489
531 3410 439195459
2957 2232 988837195
585 4772 676966442
534 3925 987387389
4575 4741 406187482
387 3139 804186687
4024 452 20840326
3339 3844 534014993
3092 2201 921559307
3798 1014 833226355
355 1137 815599580
3961 4307 183105088
4106 4858 302424856
633 2826 497256819
1676 2954 230453303
4123 2682 818768939
4531 2460 479962885
901 1492 527299524
4787 410 577948233
3753 1938 604866237
3078 226 66516875
3382 3463 240395832
2090 3579 364211260
4620 1101 357088942
4684 3110 409770460
839 2332 187372408
1272 582 299133760
2463 4456 308940686
3937 2211 186879415
815 2692 125791512
2611 855 335276511
4999 3655 328492025
605 113 303443397
3443 360 635276804
2629 1982 421418017
951 4506 679844287
3373 744 154685496
2391 3486 466655100
3824 4121 592545751
3248 169 270512834
2 3742 114564911
1718 4426 511608789
989 2246 453625135
2819 2742 448391087
1772 956 382276575
3456 1504 204746069
2014 4244 225127221
2781 4352 432478807
2714 3172 756235740
4054 3171 660308527
1350 4626 970174141
4090 291 859187546
885 4392 205098751
1315 3677 783651259
1511 2776 615422246
1730 4101 469747882
2985 3550 215795400
1200 100 266252075
1714 1931 407047165
1110 3302 628260763
2067 2421 347910418
575 2970 145078833
1126 322 334162896
3370 2181 121055809
4053 2793 138182160
656 1069 735549055
3388 675 842011864
1064 951 20057652
2057 4566 70138442
4559 4081 162254131
3711 3720 933276822
355 3928 152843055
1340 636 459910291
3429 2454 857857010
4557 4461 741373720
556 1024 421561012
4012 1318 812374535
802 3931 183048983
2776 2181 102671332
317 626 102114451
1513 1828 445297538
2069 2129 468818584
3858 2335 860780184
3720 1544 306066025
1113 630 536895193
3714 4630 205717184
604 469 889241054
4395 2335 886364193
2777 1946 277194538
541 4383 838889951
4419 2317 539773696
2042 1067 459388093
3951 2663 215264971
3299 995 534873796
2697 1076 471549953
3996 3934 942951426
3684 3838 258785367
4025 2603 601356607
4671 2072 651061611
2683 3917 486146047
2724 3867 28550345
872 3855 631993324
4643 2737 248099554
2801 2349 78820256
777 1355 276498201
1574 3765 980706449
4877 364 339069540
3391 4776 697625041
4888 4986 949921971
1697 709 756892478
2264 4835 298680214
2797 384 623092266
3438 2102 88122590
2465 192 73723094
2434 1604 795714439
2225 2736 881450628
1551 2306 29005252
2023 1103 509047330
855 2234 579338532
2089 4671 356037715
4565 706 754290356
2969 4045 225329678
4121 4408 378289605
1092 4319 453002967
1372 1005 765562406
2537 1235 314686324
1053 4681 293867280
493 3807 733289156
3760 2863 493247424
3312 4588 45410217
3230 882 840939326
3472 2222 838886666
2577 1505 324121804
686 275 593616835
4377 4034 923097607
4157 1830 174680467
4257 1038 551371474
4761 621 108250376
2855 4521 220227391
133 2274 774271402
1691 4979 609634230
3439 1046 510496701
2751 1086 136191107
3528 1382 830212480
1032 4019 828496821
1193 1525 369235466
2521 3467 584857377
1566 81 593513504
1075 4510 342156500
37 585 965645287
3649 4448 902440305
3822 569 533209381
3569 2365 945597799
4776 2163 800803325
3742 1675 162223729
251 1378 520028572
2412 3058 178752980
1888 1397 54775117
2659 9 273107741
4650 896 825096179
1942 2913 19455286
711 2657 568720625
302 1449 890662499
1996 3452 619352334
4379 2015 871225407
210 1340 517382938
4522 4370 482775829
2741 4286 905058021
244 874 154897425
2082 4796 892022276
1097 2619 511812215
4356 1980 785510768
3737 4158 781533537
4523 1863 966981102
222 2035 318882776
4600 4738 671159044
2446 3722 771909921
2760 3861 265718285
37 499 923872117
1126 2615 843548563
2446 3155 774949418
2837 2467 897059633
1258 2976 527914785
3222 1466 689666414
172 1471 666937759
4281 4726 433976472
2684 1297 887902330
3793 1197 189006252
3674 1078 236284242
987 97 468371011
3761 3099 346315374
1209 90 909345051
1514 657 382795196
1633 3565 551225622
2409 972 645852908
2204 2622 537999782
2153 2043 256560918
3466 2666 835183035
364 3917 67131191
4292 2434 163012650
391 404 434293722
3308 832 10693563
881 2017 503725948
1602 3716 409559074
20 1016 209314360
2895 649 694859198
3496 121 932056699
291 3938 787882873
1798 589 823691920
451 2564 607170994
90 1562 643783442
3038 3343 644613931
1330 34 796751930
1859 173 837298141
4238 1355 508204549
3957 683 465972083
2070 3433 613975975
4540 2324 750429762
217 715 541522586
2336 1782 649518494
4786 4156 604061736
4075 1767 83077578
2152 2144 567122321
4103 988 655816125
2708 4482 570433154
2304 2731 906211445
1041 2462 436605356
241 4903 290162367
1153 4365 584987167
2301 2356 13750350
2184 2377 931768743
2093 4236 893374315
2068 4098 708518174
3343 1707 972999788
4506 3466 603345566
4808 790 370868673
4377 2744 558443252
4940 984 409915325
2297 640 837489332
1679 1829 277437789
2807 3517 421410587
3727 2514 299533542
683 2384 309618882
3589 49 143479968
167 101 878250538
1440 4795 744584789
1837 792 444850030
2996 1605 417765424
3826 773 213753485
4723 2919 180283834
3866 1366 594872515
320 352 280907812
1126 3429 274855883
2659 632 816457858
1161 2829 613978701
2839 2074 442359318
2165 4545 467289814
243 3766 397272575
189 1637 81434113
1675 4990 694042389
1026 4973 175399578
3701 3554 667645732
4210 2700 71557263
48 1016 254551100
415 1257 254906877
914 1803 82463146
1112 808 812938450
2561 1438 791389151
863 3541 857303846
4463 3002 894942731
3503 2812 803331916
4552 2309 541118744
2457 3430 950166659
4370 4374 672457608
3521 934 469112085
4379 2606 89234186
1433 826 631165292
2107 4090 188651101
644 3053 538514989
230 3219 878326081
3390 3753 553357490
1256 1088 932520740
3916 3628 358720102
1879 1689 742803365
1362 594 996261146
613 1613 283504859
1980 1707 273743086
299 4711 87865559
1080 250 401460682
1231 1887 373787321
3089 3397 595314209
183 4294 736014062
4087 1865 804305885
3262 4456 86487899
792 2681 968052736
4903 4102 460670528
382 459 734416805
433 429 422897014
1465 2495 967044460
1806 1815 113621479
4373 351 707974149
582 1389 801255855
84 4375 238079956
1959 755 861504988
1543 1030 757578833
4028 2542 705375210
1433 1249 860897971
2009 4499 855195145
4099 59 625490707
144 243 263826784
1353 933 515568323
1616 4766 644889097
3926 1235 254790167
4294 1033 554511149
2386 2688 491314191
4502 2382 99757918
3535 1695 877001378
647 2796 412991328
3175 3030 903343953
472 4145 299990123
1143 4076 768830244
1233 3594 375327167
1874 1451 109833212
3994 4187 363960425
3373 254 700932562
245 205 839398367
3577 4481 80334205
2066 3885 50748290
610 1891 811734013
1672 1942 616016652
4148 3418 453258356
2989 4837 520154847
1792 4679 139673559
328 2250 325551091
340 3401 954747007
3465 2126 507143754
4307 3154 126951515
3528 3979 178971815
2619 2431 56231303
4612 338 278041755
2852 975 803014285
3729 3404 742342289
2881 1700 814912379
4558 934 204289161
1104 4012 756269683
4591 1166 656648051
563 954 364004708
1558 2975 741827975
1760 1838 20650710
3359 4190 585946170
4979 1245 376722937
1061 3593 921982975
4074 2662 289186851
1373 2930 201686178
2908 2047 216551326
567 4981 562873397
2406 570 681014130
4917 4978 998339368
3285 2098 57626313
2189 260 964135671
3984 1735 585545403
4045 3484 486000584
4082 4778 100705596
3368 842 827838121
1425 3390 535432773
2142 479 907155913
3798 1032 920642504
4385 4553 104502687
3230 4275 273752121
605 2129 882905781
1128 1716 572281059
4602 276 889130830
3923 974 410240452
653 1717 562086895
2235 1149 803675407
1935 194 428496913
3060 1714 170533741
3834 1030 278876336
4192 402 508851390
465 4711 185296424
1320 338 255378512
2589 4123 276117319
1114 831 392758483
3591 953 718670022
2593 124 229131959
2226 984 88204499
62 2302 358209597
2623 278 633762959
1371 2811 324078805
1077 611 27837000
3070 2723 705594864
2593 2590 543999334
2312 3139 146018951
690 4031 226235757
45 4771 174711222
3497 1652 70465599
1995 4469 242887014
1332 779 564824485
1779 3867 578383535
17 1810 881694034
3062 439 41054125
2877 246 618255850
2170 4559 661353837
1686 1530 781801448
4297 2352 742045399
1037 3747 123735689
4591 1029 737369581
3353 4398 257884798
3128 4399 789974219
786 2999 127576583
2836 2037 514169964
4583 3010 413221355
1958 4098 43950135
2051 959 560407431
582 3308 389644140
4411 1888 974913086
4811 2343 586308553
4938 3849 558158132
4714 3705 271505005
86 721 789837036
3018 1473 617107802
3598 817 976315364
4404 2266 272158306
4363 4709 599592462
4025 613 591403630
1594 3226 630102438
4169 4691 147760307
3725 2729 541799519
1780 2168 137848550
3829 1822 976019355
980 635 841539679
1241 441 784646714
1592 2440 467732440
4500 3766 753038782
4996 4794 709710730
4747 4751 877707984
195 3217 816606795
3947 1734 462513790
4007 3973 867644082
583 4265 102177277
1830 418 990173819
1859 1966 33339431
1611 3946 868796631
1257 1446 575168823
3605 2783 755874626
4853 3908 722814577
349 4319 980523411
3724 578 957398983
1240 3399 366276305
2399 762 376111542
542 4430 662921979
2834 4850 414565127
2493 3204 289325696
4742 4847 922015524
4369 144 478620354
3068 3525 472463331
2403 2585 375941622
4988 1281 761952647
1050 4187 24516108
3903 799 74260485
4308 4522 94784682
4739 1952 462711119
628 2300 813005982
27 3861 608965541
3859 1262 338158525
4914 3816 356483744
2538 2070 664474808
682 4524 669642162
440 956 380239209
4527 1395 374221054
4859 930 478593565
4148 1815 325100451
2263 1910 572851381
781 368 2546228
1880 2284 723986994
3872 4753 39381452
1301 3796 268707658
1211 4886 234285768
2113 1471 710197003
310 2450 788955056
1834 4710 481535415
1002 217 235297002
2780 1888 238705703
86 2267 300586818
1142 311 264076528
1091 2657 533333590
2450 1898 724736439
4195 4750 990008450
3850 127 31560613
2116 1617 91647259
1027 689 379285955
3570 243 598304593
1243 3449 219873585
948 2667 915593452
1441 4865 491110321
500 2990 595072239
74 127 620955364
4008 3118 744064699
2545 472 939752702
4975 2899 207407998
516 1371 989595398
1206 4255 176570756
1346 3015 506450154
2665 129 532402749
1448 3033 414546372
1370 3370 501030915
1209 3609 642371072
1300 907 636165930
4943 4339 533304521
2972 2744 282073906
2216 4713 125139943
1185 3059 159844423
1670 2762 449757331
4459 600 418591519
1899 2356 22679573
3406 1687 49074907
836 3791 409766102
4963 1120 711153635
679 598 874374727
115 4998 610427967
1525 37 867077201
649 4756 889085463
2631 583 855326714
108 3926 567543610
3629 4590 796527782
1721 3497 68030960
1634 1441 548412940
3889 4844 669647543
1451 3111 92587109
839 339 898309516
1737 2955 342672925
4081 3715 314813612
60 4467 595608877
4211 2033 202812130
173 2299 917767302
483 1228 303505073
2808 3799 506490598
4236 3586 176945379
1136 2984 645551676
1255 1693 846735414
774 1088 397816038
2761 3216 256494481
4122 312 213983984
2924 4368 650479689
1141 1466 651541642
2334 1078 88679924
4422 3162 164333143
3705 180 733968601
1512 332 329087296
940 1419 877235778
4060 1247 49378102
1335 4702 341771652
549 4900 124812664
29 1732 63655751
1041 1966 110007153
429 4187 959780276
4770 224 3739601
4899 4994 627909823
355 3193 915388122
4234 2688 969916055
1505 1009 129503894
2446 467 597725171
3076 1827 227335907
1765 185 483265698
3997 1624 427945518
4260 2197 506562129
4063 2853 385292582
398 4194 701897853
4136 4117 703935377
4631 315 652133087
3324 4632 458903054
3875 3416 415341902
3160 2849 240205443
2366 1591 302447012
964 4407 165930887
414 1918 340998469
3356 1780 98417052
3183 3509 881973311
1335 2553 867704716
195 3987 371810358
1236 953 466245823
3498 4699 536141739
2531 3641 820430916
3883 1826 986292984
2598 3107 373181936
20 1176 291057941
1006 106 943518146
4939 3321 820988339
2787 684 608205448
1264 4738 39510549
1261 1184 1174303
1392 3937 695803660
3817 4778 882998482
974 924 13634294
3904 1603 760000085
1827 4716 126759207
3830 1627 592834844
241 3813 476073793
1562 4013 363129584
3606 2519 394938318
3255 2403 948127316
1548 1506 26838795
4865 3741 761254767
1086 384 459415745
3172 4836 40687126
3030 2587 950658129
3653 4382 704296038
2768 3562 125090513
3119 3629 500720879
2374 1219 368820741
676 4844 785315167
2441 622 329055721
3507 3001 87574301
3959 4752 808766584
17 179 493693237
2225 577 114428076
2027 4628 875266549
2873 514 907585204
3522 1047 497026188
3877 2917 695856731
645 3740 399574020
3041 192 726602449
4066 1856 825683778
2502 4920 984722516
4343 3553 916867465
4386 613 679031411
4467 2250 433698238
1207 3578 63881160
3858 4659 724650582
2451 3981 627495090
3691 3182 960173820
3074 1327 433116743
4758 4859 886837041
814 1427 10866710
4993 3499 882201176
1290 571 447410483
325 427 679773851
362 250 997312547
4345 2679 123487065
3263 667 714804368
2648 4624 166882259
1613 3359 713015249
2746 3414 660623431
4271 2166 18582331
4514 3379 936284918
3293 4877 550934714
3334 3083 480341396
347 3055 595231094
3124 4415 497930069
1609 3743 566823854
3777 277 437018894
3781 3935 503246821
2329 189 995813934
21 1665 762682970
939 3448 428155061
2114 4307 941903703
3376 788 493930775
2642 2876 99502638
352 3489 194871331
3645 1209 722307690
412 1377 60666956
424 596 278201452
3615 1271 25592666
387 4327 963552264
4737 3750 797862791
4981 976 554056223
3388 2927 661326796
3528 3881 393213597
2872 4866 47542064
4801 1158 428629264
1816 1661 886522148
4793 2769 508117118
4192 3533 942997500
3869 2420 274471913
1872 4769 94890689
2891 4657 330484638
2948 3698 466985124
4170 3264 967583617
4187 2232 965443267
1495 76 9616094
1919 471 739164070
128 3488 179691849
4915 4545 325398152
204 4432 813016110
1358 2129 13417627
4258 4405 414052049
1891 82 177009985
3549 3387 668735954
3569 2254 746270559
1734 1148 752444705
1165 58 128433644
2185 3734 414733473
2315 262 999180840
4332 4481 710536570
818 1720 939549430
4517 2297 268308750
3495 3574 40920642
3091 1170 456431287
1506 162 897410571
541 865 134047787
838 1397 120663839
1911 2109 342522347
2514 4327 893686305
725 4410 760156825
704 2221 982746942
700 2081 807122896
2476 1686 872198004
318 1841 661483855
1360 464 622197887
3508 709 746663763
283 1363 401059852
1669 201 769436141
240 4500 294714261
3972 4248 500057212
4289 3132 754665516
1072 2001 363359430
2047 3638 266955350
1130 3516 511387999
337 3991 498822203
1569 1401 868616477
1655 2716 763665042
3280 3863 970881618
3471 1643 19242997
1407 956 897910830
1605 3157 400567495
1757 2786 674482629
607 3532 163757855
4227 742 667176627
3239 1367 659405313
549 1487 346028214
2120 4723 944041907
723 1073 647807058
1500 2258 477981662
2786 2766 582835331
4105 1144 791002535
2102 1200 389883170
2924 4077 246791617
1122 3873 229890111
1927 2399 184385506
619 97 78612997
3811 51 95348619
763 4232 122148853
3446 807 492377590
1545 2853 71349351
429 1208 281761749
1446 882 28269993
2167 1361 395919485
3112 4264 970824242
549 2718 42678886
3621 579 176864633
1674 3238 511416044
1261 4101 958772747
1249 2797 296820294
4732 3043 997889353
2708 4240 692181931
1746 1605 779434030
3511 4391 445711538
3270 2287 335203757
283 1913 972286695
3772 4235 220532913
4474 1650 845866632
3919 1170 136061892
1425 3762 326705956
1740 2547 284684380
1026 2572 762706230
1508 2664 284586633
2093 2895 883063868
901 2124 419250719
2293 3448 901155019
1109 816 388549425
676 1316 85189833
4413 582 204132067
3236 3529 632401381
151 2357 267638585
1345 2845 914924513
2546 2643 438374544
963 2392 717698192
2715 2779 317357293
3058 3791 630825615
2745 471 14428655
4583 2493 524090451
1010 3115 303146759
2974 2332 459867334
1059 4062 847464875
3797 2327 1238392
4197 4218 578800401
1848 2099 735045451
4007 3645 8826046
149 1612 488878853
4520 1277 606774786
710 1277 718102491
3222 2320 6639088
4386 3439 558486230
950 4702 481649175
3152 749 534639273
4014 990 65403781
2219 168 995964712
4858 4177 294503060
1058 463 851202518
2203 2895 341691225
931 2688 275408574
1398 2811 753202517
987 78 856163312
1250 2274 317724728
4103 385 800388361
4476 3634 68648811
2003 660 877872997
3454 3176 365105519
1303 4200 233079799
3310 264 904023165
4672 3235 374059613
1528 1934 928894394
1257 1846 736515422
4949 2480 836039584
3411 3943 504682553
1320 3911 303726356
3611 4986 898266097
2549 1428 338768714
147 4037 350354201
1347 3353 371368078
399 2760 801960560
1221 3574 904234586
2027 2603 791839466
3701 231 830981523
4164 3616 66780421
1508 3794 386632800
4181 786 235043969
1669 434 677926202
1884 1828 21993121
1974 1296 634998778
3172 3936 324398137
2933 25 791763083
1757 3876 489872863
647 4291 57523110
3717 4720 264749979
529 2125 31551748
3877 4223 336478799
1253 763 196667305
4873 3346 562577440
3802 2519 322037224
448 3265 171622505
2950 181 640086390
4257 1828 874606367
421 1253 743770965
839 157 885373473
776 2344 527524611
2207 123 150022515
1995 4878 757282652
1260 3900 719429040
1928 4179 296867602
3449 259 677898884
4273 3075 688224268
1841 337 691118190
4046 1780 275448328
1221 1215 20395683
1668 477 261921910
2967 4312 104300505
2214 1553 845108357
3865 468 829041518
2868 4526 776292056
746 2758 633436881
1071 2984 763129719
2413 1470 550108511
2904 1578 239834342
2782 785 991043261
4673 1747 45072040
1076 24 8154394
4796 122 176263461
3065 381 728509485
1270 4426 204379617
3646 4185 526047554
2601 1189 347166230
28 2264 347091914
1520 2478 604448691
1414 590 114380875
3872 4710 88469112
377 2810 442541659
650 4070 522501584
308 4983 283159300
4874 1030 310269439
3313 619 241148598
10 347 771805389
2584 3522 690815725
1671 1630 846537748
1850 4219 980091498
1206 3048 728959290
2386 1649 419877085
2556 3418 447694651
1388 218 525150567
2813 1719 225979226
4879 535 556905119
2124 2435 889614511
4937 3518 201075914
3648 1005 717783
4218 2897 827045235
945 3185 994198146
1951 2911 317471288
828 3282 686094664
1237 1337 211552487
3676 4310 115919350
1001 3558 563528934
1774 3716 901959394
779 2774 630574707
4161 2759 980029200
2324 2047 463575728
271 120 796599954
1346 4220 871248705
2842 2188 607729683
2951 75 940275194
160 3020 832856175
1830 4579 906662335
3285 1527 585720033
4627 432 815267112
843 3886 436414197
932 293 245324409
1032 637 870817410
540 492 489022286
1375 33 962076526
4556 1888 714576870
282 3815 843916560
2948 1106 765793352
1289 2725 351826845
1233 1993 419385340
3590 2904 539687615
4641 1185 398567244
4793 4554 909689472
4344 496 408426696
1737 805 666226664
1924 4868 553212959
319 866 303072647
2583 2554 313720624
1474 1845 268560637
3003 4033 135213034
1713 1264 511162470
4286 4724 715211442
859 1363 414687440
2931 721 31582085
2561 3146 723479431
668 2762 907048871
2068 857 779990530
4282 3565 144430723
473 2067 637037607
3456 4353 746278325
895 1959 920161493
4143 4677 960014588
970 3701 446030632
4892 463 909038772
3136 2903 604241638
2102 2158 381554360
4770 208 140488700
2588 773 753373542
12 4277 781734656
3000 1462 334405607
2621 1038 984021485
4992 1718 601364020
3161 1672 795860135
2566 3476 96652361
2408 3253 993805521
1522 4440 210089472
789 1714 231496850
2046 1304 122868822
407 263 587787568
4887 497 194562823
307 1585 726894991
242 1848 424990833
3307 4766 984134495
3805 2999 542281636
1291 3954 530799493
358 3123 424722884
4419 2257 761900861
4506 1476 384807333
3182 3646 599948585
757 403 372118996
3943 5 614936303
473 439 877534341
2487 4220 629589470
3681 3975 349491539
4037 308 316708618
4225 3338 754035965
697 4307 456014053
2767 850 651368960
3684 1826 959123040
4691 697 659343199
4818 3524 987410648
2567 4451 16886613
4201 1409 201980429
1818 3825 435808384
2732 2084 997113902
2259 3460 37855331
702 2845 912452254
1779 4763 777507849
577 4811 612095022
3903 4769 372078789
3223 4557 313999907
4396 3018 571327746
2152 1443 378054231
295 2130 365604263
973 531 329632746
2881 4423 515352919
626 3206 597044773
2605 3437 545343545
1984 147 727695473
4983 1104 21138660
360 3719 704172649
3876 3715 182488284
4688 785 938390409
3850 1192 304552397
3877 3911 921139725
1241 4389 107662130
252 448 718819104
4324 4095 585343180
3187 16 877131668
4671 3400 839817289
4152 2972 309901423
4663 148 913013468
4777 1229 840413894
2920 2616 755643039
4068 1748 576068641
1558 2529 690413391
842 2500 223530595
867 1909 559876894
2813 2609 399253310
3778 2338 628288205
479 3611 553998112
977 860 518264626
3282 3322 302431261
4814 804 841274538
537 4556 783887341
817 3078 784468059
1604 2641 224121657
1514 1389 353577069
1113 1946 148794749
277 42 718742776
1301 3144 130277302
4871 4165 431999286
2514 1305 546649387
1868 3819 664272501
1023 3342 414867585
1780 4146 700412513
1366 3382 21109767
223 3275 725984191
4424 1591 409759460
830 3348 410210525
883 1503 921508679
2051 436 176638138
2289 4309 591723698
2192 3302 948026509
2680 4444 91242905
1288 2206 836904797
2477 4168 12757992
3905 3780 946195007
3978 3779 195981994
4346 692 789252829
4878 1502 850765148
2248 4852 85212068
4996 3578 755825167
275 472 498718153
483 3587 132837804
414 1275 702079004
4694 4304 163870202
764 4604 462695242
879 2006 998398703
3532 4964 786876375
1902 883 975905649
4397 460 247867339
2066 3829 926247156
4982 1772 73922719
179 2865 168440225
3272 277 918977968
3092 4015 830413603
2879 748 371058550
1388 2135 20546193
3567 3620 186476379
1939 3656 553520352
4797 1196 752660000
2176 2508 499985070
4134 1054 187081384
1814 2005 844398467
1794 980 168463842
3009 2547 600744085
3220 3236 528782742
3919 629 283903165
3011 1515 741869401
2886 504 413577645
103 618 828047157
3237 4700 239570194
4647 1868 898590119
3846 2658 464864442
4066 2188 99833619
2006 306 961873349
245 1151 73361273
3263 796 192838320
4977 507 56875583
1604 4449 231974977
2148 316 517009506
284 863 83740912
3982 987 562413688
3672 2330 559197049
591 2128 665352402
1410 767 266484220
3121 407 225208165
2188 4623 345775183
2481 241 686418626
195 1393 372221642
4849 2503 428040107
1156 4409 2068805
158 3646 956450632
4896 3967 426952718
2049 4056 991490992
266 135 884614843
137 3230 440214036
418 4591 4097260
3478 1317 317482397
273 2633 345664127
3581 1664 222887367
1307 70 954802594
1445 1893 348229165
4609 4103 329694999
2098 2959 435711455
4805 4975 407981183
2538 4556 674039635
1113 2657 603716624
1306 3361 126799911
587 418 449212781
4428 1819 993539871
4003 1747 472679134
3775 3947 440378124
2161 3809 830833296
48 40 66563778
3106 2088 505772688
821 4875 663721270
2220 2967 380984031
2927 3175 222691612
3118 1030 971794834
2410 2644 895867606
4495 1247 118034355
3293 331 322762430
1666 1527 982068417
2749 674 660708915
3236 2231 709920967
1019 3369 551083022
298 2526 782270967
3309 3034 39566293
1742 1137 655497779
22 4329 651590854
26 1948 397893883
1863 3870 626171767
3757 406 30258771
4268 116 120008128
801 1409 711357892
91 4930 896184448
583 242 187345759
1182 3952 457691351
4685 1716 548899587
599 3001 124829286
4153 1797 237404306
379 4332 218719447
392 1462 27269931
1222 3073 571203413
4869 4685 935770762
4178 4474 707788564
3756 1430 356192468
3412 3274 57948888
3000 2002 199246133
4115 2634 430585024
2633 4038 245089943
4225 1491 627544072
1013 223 848149823
2098 2779 251592614
3585 1804 429368457
2578 2662 517030413
536 2603 825331386
2731 1996 615988252
4446 4927 149227279
4529 2214 695058435
3040 1094 356832866
446 4285 249986812
2674 3425 700373826
4360 3362 797637003
2543 2459 476333645
4080 1207 15211151
2994 3008 73105617
4752 984 833346254
1304 2117 86429239
2646 3332 687352088
1274 4997 491784203
2725 456 913250185
1409 3474 470947158
1649 1164 599911
1550 776 410053328
910 2046 789864895
4714 2977 438725899
2264 2724 825728761
3194 4285 242112192
3365 2047 713299929
3345 3939 6791425
2456 2832 383297790
3566 1129 366640088
4779 3313 795755684
2635 3960 862002494
4571 3800 478577180
625 4417 939839660
1300 4928 575211566
4416 1153 157082572
3124 648 42147157
3054 4891 293876362
2119 186 943581972
4588 1716 604485667
2747 4471 384158817
1296 4744 21894655
1573 4186 715538342
4856 4807 943181061
667 764 970645431
3961 342 465255367
4269 3078 6412697
137 3167 935261480
1829 4537 422475214
1758 3179 420477289
40 4664 866761360
3232 4895 515883171
3467 4530 853911784
539 3818 359954894
2226 2853 755322192
4018 3450 402546041
4808 1383 240194716
1654 648 72090044
1591 3954 523560266
2710 2824 135304105
3651 4317 892344130
183 4025 627315685
1796 4021 814960572
1641 3427 96287566
3816 1490 853604051
4770 921 71353073
3817 4644 424591836
1237 2556 854411605
4581 218 434515448
4650 2611 234845876
1455 4569 663667545
3785 377 510423426
938 2091 175783798
1713 4580 138058830
534 1476 340819315
163 1591 687418797
4219 1100 604183469
2035 4038 90322123
2961 4019 162802959
2939 1129 492163664
885 3144 473396415
3525 3337 567066359
796 3631 875834125
4112 102 453427856
4850 2642 487898500
3905 3684 986422552
274 676 380926712
4359 3314 15304221
3019 1967 961756017
4315 3865 760359933
2950 620 611333876
1313 1820 755971573
514 4929 824061793
4328 3614 219824952
655 3512 668976881
3640 2536 204491720
2755 1393 981364540
1677 2200 487015680
1057 4162 8664229
2589 4234 994201136
2117 2709 169187183
2534 1389 286062839
2828 1418 831591311
1293 2351 513293885
3006 2154 636912212
4281 3934 139324531
1210 4894 103678760
3737 2954 421700893
243 348 273582575
3623 4829 479777868
4180 4041 95635480
2309 4411 779554564
4125 4220 170671946
4307 118 98749979
2316 386 599107350
3065 4017 432737120
3538 322 289664826
4015 3351 430290716
764 1613 302821817
2640 4180 176038610
2141 4773 710090141
104 3148 41295380
2710 928 41782723
3232 963 214479439
1489 1415 296615161
3743 812 954873589
4700 3258 468798654
3494 190 578598220
3776 3722 435802958
283 1021 236288181
2129 827 485889603
1228 2202 597342416
1432 1762 550476956
1983 1540 495481938
2323 3083 787071409
4779 3735 191224623
585 2199 311233041
3245 2752 763416175
2991 30 4459412
3822 4596 239433474
1756 2836 571284788
2053 2104 846233236
3756 4854 752084357
661 3556 126947459
2198 289 779152347
2270 1874 254745836
3815 4506 888024090
4983 656 2508628
3238 3090 505080123
2669 4379 296379776
2 190 345380142
3394 235 361661006
4659 3902 791168115
2503 90 295111659
1654 4481 577798039
3802 4559 960596358
3033 3136 992259972
4829 2353 792462149
1610 565 828456312
4066 2412 153957467
3003 3869 712337025
304 4932 741465879
3499 4367 689024837
3576 2750 870553401
2346 521 476549060
812 85 543414084
2307 854 719931692
3218 1438 925641598
2832 859 979956701
3570 2738 220794743
3167 2854 666253294
1348 2125 834721761
1393 1014 250824492
804 3732 713402822
4163 1496 391622604
467 737 17230339
1024 4545 513990169
2663 625 998821083
1504 1249 201088008
637 4228 877211378
776 1977 219295640
1538 1291 183412904
570 3569 450581772
3589 383 487906648
2048 16 241217831
3189 1250 96650811
4894 1216 798772770
2864 4419 591514022
2889 3607 684869334
1535 2454 854636274
3348 2598 530320913
89 2765 777626760
4159 852 45053162
3194 4240 878776970
2748 1405 345606005
463 2491 914459843
966 3905 350969022
4383 4307 691155327
2938 2160 693822034
3564 2573 212160295
3458 2669 206106670
4857 3059 358832926
2860 2673 466392480
1432 3358 799734116
2649 4950 474473124
4458 3715 209613584
3965 3161 116003320
1314 1202 317444013
4547 1549 345944003
1864 1872 787985774
2176 4417 462733326
4923 90 712706454
4606 4199 888189213
1422 1546 334432045
3818 783 472369190
2668 3260 76561173
4751 3727 878215992
353 2431 184139311
3840 600 12951302
3829 1427 431867963
901 267 321225769
900 3719 731428353
4500 947 678118653
3522 2 624552930
4012 2730 540324920
3269 1043 800890648
115 4064 566226229
49 230 95968862
2273 4036 300345095
4231 1963 919604616
784 2340 252783447
2329 4761 776339817
2310 3227 299278989
2475 2031 628753231
3074 622 309022979
1019 1074 285136575
3160 1630 428964318
4140 2683 833304094
572 2876 395650496
3939 3521 897138670
2841 503 679341825
4728 784 592217198
503 4564 283011715
984 1879 184267595
1882 1970 689819621
4915 1659 144213205
2711 2277 74242529
3224 1736 704510642
42 2626 704486461
3852 1663 65413042
3196 2388 574724086
2524 4913 540458304
4830 1043 994994974
2847 4998 801050657
1134 1409 431522100
1849 3874 308178585
4088 1061 717355857
2405 2450 25488906
3326 3298 483209385
4028 55 432504981
2582 1585 556016213
475 210 533198725
1680 436 913739528
3251 4842 887346409
4904 4230 745713968
3972 3193 591948692
400 1406 177571561
3517 4225 926959555
949 579 237732153
720 14 458726416
2091 2422 66065358
1826 671 715432457
4242 1168 576285293
3548 369 889990458
2639 4993 797361316
69 4238 459792774
3016 4854 491798717
4742 127 621745084
2494 2202 853254331
4744 4664 116126878
3680 4214 932593410
427 1952 954092649
1891 618 346582938
4960 4608 234137228
3495 3435 255508793
3596 2794 217301378
3739 2425 730754383
2753 830 446296740
4445 4859 158268182
347 3502 740355226
2657 4027 896466783
3613 2672 350315984
2578 4185 760896441
256 58 772589759
2682 707 963126471
662 1186 126542814
3461 1823 66150633
1126 512 947068035
316 3491 178101151
2909 1462 696318668
1503 4269 850812712
3798 4225 472587976
1720 3886 619151585
161 3018 628780342
201 1505 395969733
2603 3395 980994930
988 1994 311272275
1103 4813 312987683
2581 781 46129528
36 349 736355119
1251 3083 578028491
1473 912 680351987
3992 2410 64229768
3024 722 507086665
1499 795 304355757
2921 2316 413491893
629 1746 484087528
449 2277 904483103
537 1071 785776044
4532 2471 617706638
4476 1767 637245731
133 1978 837661767
4157 775 512778711
839 2656 831274366
3820 1242 1038104
3285 3257 300426265
3406 1941 833486229
4697 3171 585604917
4170 1672 376970808
3819 1633 858232233
1235 1627 969186831
1294 798 156005582
3513 622 215902334
900 4568 852747751
3976 1320 126912769
4456 2005 200868323
4137 2594 204335955
163 4529 487524268
1615 312 432427384
1389 4723 205888014
830 2653 892471225
2770 1837 256077283
2578 3057 862444066
4440 4675 728388546
4084 3144 136723574
996 1796 945860566
486 1708 888462418
3775 4667 730144251
561 3896 552047716
4544 441 245929653
364 1657 575327877
964 413 610294284
2012 4097 855528785
1014 2447 683209839
3301 237 505173512
1398 63 829655246
3533 2266 523444790
3116 2712 500047693
237 3902 768011771
534 2348 619535172
4421 123 293116494
3858 4389 66497664
1695 4066 202781994
2470 897 833057419
1626 3036 78201397
4184 1571 539019796
2569 3643 831940177
4069 4602 110102635
4046 1791 800010897
449 4897 490183958
3072 1372 4716729
3587 4967 355581482
1544 1339 585017659
4737 2981 718536512
1629 4472 378253986
2230 4275 114411591
3219 1922 779181120
491 4045 218157163
4486 300 426054023
267 3227 358788746
1010 4069 865853122
3352 2518 430743590
2737 3124 114954344
2461 967 972282853
2479 3388 157771525
4274 2231 616479820
2864 1679 661795149
3579 589 158120210
3079 3009 515548314
2128 2024 474062732
2716 3570 98628426
100 4343 236000706
2009 907 209479652
4186 4373 843951705
1870 3299 353954770
1266 2772 280182035
3976 1749 289027856
2345 2186 63788013
4570 2826 901211038
3999 1146 603531121
1440 1852 481529991
1688 3570 783990207
85 3836 393618504
3228 4620 210315149
1424 4436 849184032
226 32 436273923
4622 3820 834243200
1573 4337 192207345
2368 2899 392877275
2779 3339 85873899
67 53 379827648
834 1036 966426513
2841 2861 323600560
1880 4856 956823911
840 2664 591439542
3993 4338 920157630
1623 3124 911635229
1865 1853 193545512
645 2399 664756750
2859 2461 832455445
1766 1821 264265720
1728 2034 477223489
577 4989 437487805
4034 2254 668284943
3583 4392 811930721
2706 3985 914994721
1427 4197 640735375
4818 1483 901572454
3441 4006 383719495
3590 1997 397954607
3649 1103 936539179
1254 3349 365875461
1665 850 39968360
4231 1255 447000534
1894 4826 115093769
1301 4693 72651702
3434 2099 973457512
1588 4595 478717087
791 515 178861306
754 1703 769986721
1791 3723 950177162
4523 4662 723738545
2957 3822 426418225
3433 3506 956566026
4138 3149 103094429
4800 2319 804733487
585 2892 627025529
231 3205 353144612
3630 675 703091913
1307 1894 348456173
1688 276 191098109
1115 2226 343379120
1042 3556 650222584
2576 2347 658873185
4426 4396 828597728
4628 3523 589233964
4073 4767 922322167
3688 479 339036739
1261 3554 224031166
383 270 905021073
4311 3233 898177489
384 3184 408047686
3055 3785 4560920
3703 4992 485058638
3059 4371 419048016
1135 3663 859429280
2325 2367 738040622
105 233 946244878
2517 1002 584756861
3133 1020 194774594
3235 391 344160815
4833 2003 707504971
4951 94 17634108
2955 2077 197971156
56 1180 1218554
1354 998 208610619
1658 4192 278921474
4139 457 520519667
4829 3088 866314400
3033 3830 936926128
2138 4056 755599577
276 2147 954037879
4683 3207 217640143
3620 4532 917200718
3496 3606 22187571
3151 2811 742660394
1103 3846 787104083
21 2308 838464027
2521 3304 425787516
2495 4910 686934332
2507 972 786481278
4810 4485 447474411
3910 3736 871319287
4346 951 995153650
70 225 342906789
1061 4517 811834027
3111 2694 285488578
1674 2512 257292643
3929 1719 452453915
2299 1622 130630664
4461 3554 152902371
4520 505 283095789
3903 1758 812119388
3935 4857 492654366
3017 4317 235284410
4289 3474 134333236
1294 2352 639759136
2719 1047 186237782
3077 4551 114273179
1075 2157 210917493
949 603 597984577
3001 2048 945693540
798 1009 966317671
2173 3528 998099044
4146 1187 625789896
4620 1854 300875247
3013 3020 971660982
2323 3511 454014090
3256 774 699226446
1499 1299 744551215
2655 4987 458083910
4169 2725 473862943
4062 2219 175530755
4781 882 17763334
3143 3978 810090287
2579 2919 654556808
4615 3709 353972122
2102 4904 58245477
2371 4071 153705175
1110 4341 625032509
1318 4009 879809773
2880 77 903845287
3009 464 747024998
219 1519 821425102
3167 1038 979058851
1040 3548 144165925
2678 1823 974750882
296 2930 747722397
1451 4307 897986067
3068 4214 733423847
3000 474 732846726
4850 4826 103067274
4575 901 816501118
3176 3620 671230428
306 1466 823151235
295 1848 521648481
1776 352 195883061
3797 328 584890016
1190 1497 150813645
1891 1546 217927149
1173 459 510883684
1574 4020 202947465
1175 4614 60526912
1254 3198 747338810
1678 1015 305775813
3596 2168 816658075
3084 2045 76508238
3936 3475 27573068
3171 4042 312343569
2504 2830 724613491
712 4736 404456701
3335 70 796852767
4282 2600 136020541
42 2999 570605514
1909 417 568623537
4854 1218 7090427
403 3977 271841140
4593 253 472155637
3553 1107 347918638
3673 4401 44608777
1066 486 685219449
3896 3530 419658858
1282 1881 953448819
1132 4995 421684709
3542 1223 841287710
4558 3053 728476662
3932 64 877248605
4135 2989 580781857
3891 4692 583114909
2358 626 181680600
4363 1141 380224646
270 4064 510801962
3384 947 149861626
4099 2470 884146986
4 4463 857516083
2494 3480 451861160
17 384 4140516
3397 941 500002806
3128 3686 593015728
1311 775 2627866
3068 1261 993453916
1893 1264 845545076
3114 1695 139977444
3869 3278 367649350
4683 2433 31653778
2457 4557 247469539
3454 4634 26447974
1809 4096 568062902
4193 812 461473725
1376 2174 767498214
4130 4125 971153331
1722 311 38109605
4908 1749 585343748
2963 1134 940468494
1893 204 888573461
1506 3337 40814183
4208 1643 463994618
2702 2631 28302296
3007 3092 563739434
1857 38 660698020
1954 1909 684051724
2578 3009 104044994
3162 3649 157209904
4090 380 608627670
2490 1145 521542910
3577 4267 296717601
810 586 535375535
803 2165 734934440
713 982 644745633
228 2992 620570390
2071 3579 52726009
3378 2247 704675578
1874 4566 288883168
2785 4481 83585845
4888 2843 192848783
345 3714 605849462
662 2418 179797743
3131 2516 973046155
32 2681 585160062
2892 669 887930004
2904 4591 243778563
2032 2797 195644613
3564 1166 691491891
3231 4901 920237295
3203 1307 503646831
4819 2373 52491462
263 3026 865367352
1569 987 445208182
404 4933 441098510
651 1180 977462147
1136 3041 720677157
518 2680 60778118
3724 999 928934136
3627 1345 50265458
732 4771 19215753
903 3602 393647710
2057 2278 898295747
4557 4966 850358733
3711 1777 371165892
4781 2093 392446184
3674 1252 91751161
4661 631 220596949
49 3303 921051295
554 3349 50733650
3225 3016 717695282
4568 2251 601833340
4221 1574 229011374
3674 943 51905711
1929 4201 916619328
516 4362 58172299
50 3259 903847315
4599 2393 919967729
4061 3266 191685603
845 3397 81239337
2183 3402 282098899
4110 66 788578973
2609 1745 587279763
3727 577 421164564
3595 2497 442699161
132 1563 1962617
987 3184 645976732
1542 2752 561977415
468 475 879043340
3023 4164 853420789
801 3381 568655702
2934 3588 917643717
3213 4427 679481598
1736 650 527029044
4442 4741 435616647
663 1295 458771808
2569 292 498154972
1695 4677 237319858
1879 3442 611710295
3771 4976 897122385
3960 3756 229655960
3708 631 535343009
3066 2102 890050661
2302 46 681826838
1116 580 984794292
1139 3388 404803891
4255 4571 511136226
271 1681 8361801
3635 2891 224839689
3175 4986 691476081
1171 3654 287236470
2407 4423 980616101
3380 1780 792641577
525 4735 679020592
2819 1236 452515578
980 2736 895195737
772 3288 553915319
981 583 611661811
3604 1397 840655207
1213 4691 688637098
2553 3461 707819019
4334 748 480328616
103 4852 233706095
2068 570 893348698
981 354 337554866
4912 1514 438797222
3736 22 907740438
4005 28 636264413
2151 2896 317936150
3662 1422 8921366
389 3358 822060995
2551 791 722488794
1865 1843 507152477
4203 3615 279632075
611 400 884722716
347 1805 719067933
2196 73 566642188
1985 1055 92190278
397 321 909408353
4581 1010 168207506
913 1050 528719448
2014 82 629167843
174 2093 543653706
4631 3231 309263430
4288 4156 626295679
3125 1785 601223284
1206 1149 610269165
1993 3232 570404746
4592 4793 459788211
300 390 750373986
4422 613 866058232
3899 3549 263363864
658 217 884283173
1128 1900 158761921
3779 3784 232585628
2932 2384 183627546
4422 3329 358045472
886 3181 384521769
4192 2631 2645915
4579 4974 343202862
1626 773 949253486
4712 3523 675845697
1399 3623 205378142
3831 3132 812937901
1571 3340 805249516
1463 3733 974922349
3923 4946 880094081
762 2749 689814964
1652 3822 726449837
2843 3485 798931611
2044 1430 988018845
2818 329 209454884
1015 3662 467232572
167 873 534274545
1779 2918 645908354
162 1411 392109202
3075 3430 161868987
1791 3648 437189902
413 4692 125842548
2180 2608 953310736
3126 1438 267949604
3805 4694 340587547
4559 2160 173310431
1424 3364 306588082
327 1700 50957846
1992 3541 528406152
1137 1704 162046381
645 950 834280497
4594 4056 394257095
1182 99 605829355
4292 1456 758970666
3080 3338 693917737
2759 846 344662691
4910 1480 523780560
2950 2025 288259408
383 1161 744787215
2299 3191 85580963
2865 921 566543768
871 4547 638965293
815 4711 571445972
2274 3047 98503207
893 495 472657509
650 112 82981155
3542 4991 347595226
1040 4729 734790826
4758 4484 860659892
4960 3986 617836971
1879 4762 75803568
4328 2975 383960757
4864 930 979388407
1987 30 618629502
4661 3560 900646408
4317 1668 954406013
4439 1222 737217902
1502 2374 31042394
2106 2762 522994592
2921 2351 575549755
2218 469 859306381
3438 4500 720269886
2478 1640 295590383
3855 1334 812789336
1198 4111 198866686
3736 2964 918374664
4103 4328 645536653
1932 3963 784881125
2160 4205 959347779
92 1423 945893951
2028 4103 963800336
4190 1703 199869981
3398 3042 277641363
4735 697 960857914
462 3977 176448777
4346 2879 987705311
1897 344 477676588
1011 4369 784908428
2709 975 761788709
597 2069 610202081
2436 2217 319535293
483 1393 228290849
4739 3155 395452631
2779 1625 26977028
1944 3834 517324012
1160 4816 495860762
1411 3988 759991694
924 4661 65166131
3230 3957 125353224
2373 3855 511824364
2215 3304 411129661
2554 4178 862139880
4623 2075 384138312
4861 2680 316828240
4352 3656 155360789
1144 1718 304125835
1478 338 92162480
960 3460 800325174
1201 2295 552110723
2037 703 490896069
3609 3610 842972528
3132 2003 648470263
3090 3278 201731261
4726 737 964195189
2876 2578 569069086
4994 3098 510122573
2382 4539 861035179
3590 3837 391996138
3965 2819 757072403
2996 2189 416664388
631 1548 553227449
1059 4307 954849398
3101 1109 360051024
2654 3600 473877753
3232 3582 37715426
406 4412 216517443
927 944 446314033
4794 2545 742211042
4155 3856 910261894
4927 1755 937746851
4884 2439 264791313
3622 3650 313490530
1204 4623 990300249
502 716 296484774
1805 2271 990753479
1074 482 48104824
4903 3475 873293258
3057 2918 735508643
4084 1033 235805323
135 917 603953832
4078 4929 29152926
2777 1124 375983926
1480 3402 807088711
2623 576 370902833
2287 3473 5925119
1909 3520 822140685
2332 3716 468444972
3727 3681 339046835
4140 4993 450895359
697 2561 292944613
416 4172 364320597
1447 1533 14994389
4338 3671 780201870
3262 2436 534590274
3719 3858 194176216
3289 1235 30703689
3157 2690 266642918
1083 3169 539357227
296 4673 708590812
2533 879 592551740
2920 965 609322034
2457 1081 603578626
2525 2306 777851390
1700 3365 203913020
4346 996 702877265
839 3768 248957508
1530 440 929151616
1463 4222 36535488
4127 420 824038200
2040 2303 648715076
3894 4398 671288056
96 489 196106137
4501 2621 255773520
2262 4134 457641122
3107 1988 216432405
3695 452 793100356
1528 2488 665212906
2299 3349 447546750
3170 2866 963741848
759 1709 357067369
423 1260 755947553
3524 4532 815382717
4709 1510 148713857
1594 2748 843633881
1393 3475 858118648
3649 1022 685916111
1092 4952 149349806
2182 1362 491007070
2705 2004 278809219
2343 1165 138976939
2886 472 436880745
3340 2900 187211879
382 828 195311315
677 1517 275733053
2090 538 293525317
3878 4016 195078776
1813 2820 491320656
3202 1126 510211517
1771 384 540967743
2262 1675 783592548
4189 343 385417924
3587 1435 303638459
3460 2495 772584858
4028 3910 782662936
3564 4796 719612935
2349 194 901122538
1780 1443 365354352
3390 3046 270371805
1712 2896 929141415
352 2046 385212001
2474 4895 273721800
2738 1452 122079560
1975 4749 649329346
1999 3204 799510434
2027 1713 528194085
1110 2635 701870722
3864 2208 397936611
1211 960 495004778
4307 384 286282430
3607 2869 645210397
2834 3756 188539180
4608 1045 329317896
3513 2262 486398753
27 4054 293115772
4159 4694 835992463
3772 329 126051826
4630 1818 701990108
1187 3268 282881146
3283 499 572502244
142 942 166971303
1996 2600 717549955
546 1315 295227994
4212 4284 914045474
1910 2567 572068816
2064 2229 166809329
4452 4256 879697199
4811 624 109931782
3860 1028 833525187
4046 1452 456066279
3558 808 346737315
3278 28 361967085
511 1930 832383697
1086 2928 922120497
2758 3804 147265057
3037 4274 447154470
2692 2461 501038588
435 1376 925918950
4206 2691 76259882
4288 4427 353507714
4804 2869 809514409
2979 1810 406895565
3887 2524 204392886
3034 192 852882619
2040 3871 273427469
3207 600 517441878
143 3282 934449000
2880 4443 297021774
1767 1765 435902169
1581 2973 42381778
3374 4802 104065004
46 1106 342289515
1334 1368 461259364
282 447 273639425
3183 2247 922289177
4193 275 97116020
2839 1079 15273081
2103 3627 169929756
1068 755 440198278
15 1260 921831168
3865 4896 64965744
876 3195 201263503
2407 273 994421629
4237 1235 358491186
1397 3654 865997381
3058 4417 229871942
3050 1834 120573963
4251 1757 550595999
804 2265 360652703
1377 1902 756719441
2867 3026 193631225
1894 1646 646947659
407 1454 78166061
2606 2137 633699260
3835 2008 442223761
325 2872 210502698
4411 4551 77320151
217 849 502611239
4069 2496 574991950
1654 4918 680379154
1718 3167 499518787
933 1689 75344805
3068 2026 273801959
3687 3686 799269057
84 2331 731295390
788 3979 316412195
4032 2213 260496240
446 4227 79289626
4037 2557 194632533
2713 684 591009749
3606 4411 100671544
461 3331 903304360
2053 1318 81366263
1110 3447 363917142
3417 4964 905059753
189 2980 190365364
2182 3298 144195326
2209 1078 641651107
4408 2226 365327463
204 1497 321190431
877 4431 699947226
1925 4800 624087757
2800 3363 100446078
3222 647 475718780
3866 4363 723061479
4670 4144 114266197
712 1154 351687568
2053 1833 148021547
3655 2156 684153050
3954 3740 477139812
125 1708 75215768
1859 3207 390211316
4125 228 609336795
2675 2956 431957738
1697 50 316024347
3522 2973 215045637
2517 3579 52901940
1397 3494 470145544
3945 1111 809216016
4757 1023 753123194
3902 4927 514611278
740 2431 61988620
1989 3809 639402970
4746 3737 957411365
911 457 425489638
1095 309 920329681
272 2324 575111718
2082 4568 348435944
3689 4128 384205345
713 157 583095581
3068 330 125625204
3609 3304 961993137
3905 409 723481233
3118 2863 49538194
3216 2624 188333971
2658 2412 240919658
4673 568 619891258
1913 3364 878671980
1621 2566 996754040
2113 2976 850402706
2461 2632 55575477
4824 2020 142112863
4400 2648 863709878
2669 974 163345325
678 735 719846719
3192 1914 222486354
4930 4429 657009200
4015 727 507001544
1617 4834 46616396
818 4846 299947821
723 2822 610225120
3111 4473 382686918
1997 913 142895021
1495 2133 999966419
2656 1465 235421484
661 1698 91259919
2182 3113 568347744
4918 2303 973075033
1901 2751 982965717
2270 4189 317512
4787 3349 24334973
3612 4503 929376990
3595 4894 212553425
2540 1214 481711280
1839 1466 642427295
111 3798 398078935
3667 4334 294095175
4461 1833 562750331
3422 4909 499201411
1399 3346 954101185
4023 3692 346937318
1431 1320 658523515
1824 1549 647710442
1296 3690 670213779
206 2284 836318075
4873 1012 58178086
4905 2170 613942713
4959 1858 799054857
684 2200 771610206
161 2763 784206279
4961 1374 294806000
1621 4989 288478612
2088 2626 704622733
2742 3257 192414204
2635 1782 792492701
225 4687 562873788
3923 4941 564502564
884 2120 587871694
1747 1729 407622592
1598 3711 706800528
1046 3892 853303482
2491 4144 118904899
3424 2284 686024825
590 3001 776576927
663 2307 883511683
3713 4896 781968649
1997 2739 947454643
95 3247 159532234
1929 1592 505470412
2427 1049 944129548
1458 3876 150998643
3179 3133 71705099
534 784 45809032
2818 4536 659240920
2295 2486 926259882
4107 3588 747118919
2578 1653 464158400
2229 479 802622369
3213 3752 175175151
4346 3738 278182294
3110 1658 124348373
3742 3038 722712433
964 4658 416666616
2832 3276 820557778
3243 597 809636248
422 3171 208173701
1087 4971 440079515
2592 2229 681847457
3920 345 846138672
529 4309 968867737
4365 4798 1069672
1040 546 196394240
3425 386 992391916
1907 3299 971898566
4055 3546 436936341
4925 3677 217492762
2211 2532 171553224
3883 2228 445221979
3409 3727 369598719
2583 96 753229391
1615 2542 637521314
3149 1755 77626298
3560 3894 136737744
4246 3274 376514155
3172 4374 225182975
481 1837 658314323
3611 2449 567547039
3812 2396 508291260
4292 2267 687256289
55 8 19273140
541 2135 919222426
976 3121 297806033
2938 1118 813489448
4318 3481 528937327
4523 2233 396547804
3751 2338 272745128
2047 2077 627000885
4054 2396 186098065
61 444 426395027
2366 4563 277051953
1489 1485 792212932
2778 1541 233422413
985 2876 615462988
4781 4738 706942294
1840 3628 711289318
1908 4250 815850687
495 3127 572722922
1729 3057 660361493
4785 4451 665430036
953 3492 656139695
1274 4786 995172303
3716 95 804450032
2898 1876 167260882
3201 499 277215747
1966 3128 584109487
858 32 618202826
3359 189 114745803
2964 4194 296435184
518 899 718830412
3302 3842 10006140
1333 1263 358921692
3668 2380 444714130
2199 3697 105208149
3630 2734 963516271
868 520 292609475
2644 946 457220624
2458 4325 393498572
4005 2005 858932141
435 2740 588134577
2659 2170 642088677
4069 2926 889238563
2910 4209 987981741
4723 3742 123084949
3188 2948 338154082
2265 3487 487689678
2966 4066 50625095
2721 2635 85428434
2653 2254 44256422
86 36 89177971
1845 1195 190363109
4438 2212 774457892
3286 1133 763192953
1002 959 974444324
328 60 7832031
836 3311 216454676
575 4359 441561786
2666 3127 260752801
469 1199 654056747
964 306 681721047
1889 4267 973125381
14 8 674307186
1139 4523 346291625
4865 2584 911679863
3104 162 698633239
635 2627 279797525
1514 2231 435981265
4729 4153 377129532
773 2361 852164341
4519 963 651004720
907 4251 739037450
3969 1949 773443279
2175 19 467649094
280 3615 162707061
2758 4082 148925917
3920 4901 902986091
300 3174 790131739
4824 113 199590365
3116 3204 236516237
1335 2520 340038048
4295 3057 401571264
3552 1797 501465600
318 3477 488694821
2318 312 465613995
1566 4987 404652011
4889 5 161461806
4956 3698 255493486
4744 529 164859710
2754 2812 140591698
3433 3488 928200278
4305 1066 575229233
3581 3780 805570382
2200 1409 989802652
2588 671 750947829
2192 1677 792123055
1007 4718 702817053
4791 739 855775659
1891 2690 248022546
879 4988 686463762
3374 647 75456988
615 4992 826802942
569 2736 306530954
1168 837 396324155
3120 2462 239124438
4085 3785 920578602
708 476 540116752
1855 473 186586617
1680 1589 918595072
1662 1244 381411925
2546 621 741328940
3415 2998 748772315
1572 230 230316994
3328 602 398921707
708 260 457005409
1814 191 962441175
3199 3909 252339322
496 1408 787007694
1193 2380 150506968
587 1560 544125826
1647 851 700308067
4899 268 422998098
3619 997 592610642
3400 3125 109060172
4212 4441 516303855
4306 4252 934474962
1586 4873 461288505
586 1937 629432471
1684 531 501877512
3521 1666 635241585
1204 4736 35876921
1063 3336 218119394
4334 3815 13861245
2752 2538 210983638
2601 1451 260798827
201 1058 330714944
4409 1560 149474069
1230 4938 736385227
87 2446 569981055
215 4676 270545241
3717 1948 284837865
2951 4314 517255482
1106 3738 665602071
818 2074 805693142
1533 4309 128418907
907 3244 521052799
3996 2850 38511262
1474 391 190300037
4060 983 594834655
3074 574 951483961
3285 2948 81400702
775 4578 299052479
4064 1982 829476835
4541 3380 56485961
3927 2131 452075212
713 2376 242394655
4183 3302 91525707
2227 4224 150804641
2139 1712 666929382
4841 4585 141298963
4381 2251 940885806
4561 869 419693520
3723 1221 138331637
831 2465 956652031
2102 4796 58306900
1328 2988 490114550
3672 4151 145438653
3393 3195 705207598
3643 1278 128010646
550 3660 764080925
211 2718 895106927
484 4457 588386962
614 453 677963943
999 1751 834514176
2022 1649 197483473
4111 3842 226167182
2236 3071 959822607
3820 3261 895227841
2274 1476 494074171
4997 4659 68831645
902 275 993017884
4118 1235 36825944
3600 704 95575594
2722 2805 319583682
2155 1973 943445686
1424 905 703065558
4362 4189 633588988
1840 251 915765955
166 2147 183774891
2350 1532 785288637
2424 4178 48020250
1588 2867 383119004
4225 1072 506672410
1366 4637 588466895
1526 3139 346449170
909 170 734424138
2970 197 269749046
1792 2236 934292048
3985 3193 297851654
1984 1400 857681723
4345 4212 504652370
545 3761 139337395
312 3396 704229000
4241 2900 681614930
2351 383 389097615
2180 2753 208492616
3576 3046 955461584
4439 191 31151661
3125 3368 896321708
3142 3518 3778159
3537 3495 486394596
2218 4276 958267165
814 2277 364540284
3548 4815 160438875
194 4713 658365586
3931 4916 673583529
1197 2281 61960480
4525 2318 525598492
2616 641 703118878
4138 2854 42242390
3057 56 109893384
601 1119 700154520
3111 2499 249758905
102 3701 513479550
2746 4754 936893176
1676 2269 825287147
1393 2705 116372619
1593 2511 830474755
326 1866 980564571
4528 4507 554678243
1669 3793 992931153
4815 1020 597434079
2014 1758 898273253
1791 3663 73475164
127 4392 63209365
3571 4430 118032235
4543 3913 323589667
3465 2073 929948705
1283 3832 752108724
3043 4370 532025115
2690 4611 158551904
1198 857 598143902
197 2822 17612290
3324 3353 537650143
1142 4426 787499341
3578 1774 932000262
4002 2413 571128323
2243 4429 999968077
2717 1265 626498275
3326 3879 456005313
359 3329 258702785
4009 2889 435986089
4034 553 327639716
3375 2414 122815906
2264 2313 906809110
3121 410 813885800
1073 1863 462701061
2915 304 651987622
4877 2759 734220645
4759 30 149681993
3930 1173 751111185
1846 2779 833756903
3608 32 753282
61 3594 978636083
4416 4826 565199109
478 2591 208385027
2619 333 795249961
2611 1615 323930369
1642 3000 686907686
3232 2312 947060599
3782 2665 431540341
2586 2326 506315420
3223 2619 466691626
1062 3595 927171830
683 2991 520995153
2922 2491 266701580
4702 4610 242936467
1468 3321 389406887
3011 2186 963758014
3842 3642 942840770
2201 1014 292310592
1566 2921 160072277
4786 3184 871653358
2838 4809 775342056
4674 1704 453193026
3045 3057 404875504
506 4825 680205150
160 4237 747157883
253 3300 860318913
4848 1637 88212597
1677 2145 250129067
4551 1126 574515872
4680 1711 459178822
2062 4710 890950927
4900 2640 788255041
2992 3124 868682424
3545 1226 314007659
3594 1687 88652060
1372 1043 86907261
2691 4678 382899272
2623 4238 459472046
2308 1894 57555577
2938 1205 33115473
4258 2859 334357572
222 3528 178501963
1449 3027 39390162
3404 308 211394002
503 1649 446800919
2255 4647 275135745
1053 1223 765658313
2870 808 810029168
4299 1041 695531291
3874 1929 552793528
4130 4647 673247019
4118 330 307488667
3497 692 829325085
593 2861 451821376
1032 295 554591645
254 813 269544642
891 2088 638313987
3478 699 960756056
1775 3622 909546102
2510 2586 700117934
1928 1004 985120085
59 281 581251333
591 675 408217704
1361 3870 106435973
4450 2907 876112140
4154 1360 112144450
1372 3093 495597254
1722 4706 733557321
2323 2860 460014298
1705 4637 493996191
4741 3852 66050781
2290 3985 723936125
3631 1789 421809115
3362 2512 217592127
3099 3842 257981038
1645 3207 201794747
4858 3413 254294728
2773 4212 748176195
4607 2250 914828073
4451 890 979395999
364 2460 774444940
1046 2878 388755804
666 2252 471239792
4236 2029 89757998
3560 2949 794394416
1240 2632 75516623
804 685 790154919
53 819 13394795
3570 1101 349471238
4090 4645 551058443
1363 3676 578789602
3938 2715 667140366
2125 1122 121553146
3657 3332 414152425
1063 3681 495805191
4986 3591 40796094
3121 1783 864043402
3673 4369 492839622
1413 202 836153306
2411 3373 496674320
1946 1780 749180439
2933 3523 32155323
2700 1835 510353539
2659 3590 651988711
1163 3860 180066948
3840 4170 976304506
3887 3034 837168475
1894 3063 668570778
2833 691 430065576
2143 849 350885142
2284 2260 619501258
1258 2795 399729784
1668 1469 467075398
2830 4332 437582421
914 4467 491103194
2261 3137 795584357
4843 3730 538951673
373 2221 378642724
1980 1165 948778621
1261 4427 958386559
919 3278 851425982
4845 3961 533932860
330 4679 212830164
4307 589 302279245
3343 2443 115761824
1814 862 841561753
1834 34 229410531
1998 3578 817044409
2827 755 955031215
2587 437 53628510
4367 1517 812980155
4591 4135 205198155
1450 3581 350574010
391 4281 45016537
3604 450 423317878
686 1424 363082963
2561 1428 718462665
4036 4486 518904047
2551 4714 67328922
2671 641 883747281
2445 3759 398138443
1797 4485 247686647
3062 1738 950355551
3778 83 730544353
1532 3802 975921249
861 224 918981840
3546 578 140464584
4929 2404 237398697
4175 4214 168016048
3661 1904 375675625
1393 1758 695151954
1045 4901 25069456
2810 2193 402234559
2570 3639 600760938
3728 2038 681272321
4211 3967 833916685
2994 109 922400744
4782 401 7264597
76 1640 942285717
223 4237 950005725
1834 3792 89974504
3326 4145 110842731
1004 4756 810798532
3266 4135 841347664
2841 3014 783912759
4443 4015 65600312
3890 1938 395983106
4834 4216 629455042
139 251 651902001
3984 2329 729466352
4641 1757 472740151
133 3726 288598543
4009 117 930671297
3372 2783 466501219
3128 4544 134337378
988 1034 422766991
4782 2635 52086003
3549 1737 849929933
3074 1526 932612955
863 3161 390970880
1920 3725 963158219
4697 528 890685361
3638 4936 66877332
1270 541 299923629
196 1794 681710333
1178 3109 45261194
974 1970 611113589
787 415 423967609
2668 1032 264378614
146 4713 126472832
1991 580 145065179
168 4003 352997583
3849 285 410634574
1071 817 796024098
47 848 341183244
1023 897 584277729
3903 3493 140826065
594 1317 51229217
1347 2839 486660340
1190 1727 849134129
3035 480 215284960
1110 3240 415516884
2937 3543 679398847
4257 1600 826919016
4210 2904 53813584
1119 1991 572891662
765 4409 99193987
3469 2758 627584651
4009 3567 948543274
4291 25 875626307
3061 3850 864170034
3741 3590 539911575
372 2522 644611349
4289 2399 16835338
4559 2247 137065641
2411 3243 836988435
2238 23 318267911
3745 376 927831096
2597 567 768104245
2796 2672 208948051
3755 4247 817909259
1090 2453 179729566
1190 2615 846759477
926 2356 168452433
1936 2798 75078452
3124 863 799779472
2598 2422 139807729
358 4031 761538614
131 4755 152958801
3975 3684 633022706
4223 4040 657815653
1810 3515 783802043
3355 331 627855815
807 1503 579346041
1949 3676 694782175
3167 4746 920642849
1972 2704 647664875
4545 2553 855859989
1616 2460 318562217
721 2794 777919682
969 616 67675954
2502 413 391369336
3504 1138 367107286
169 2855 483032771
2529 4564 76321082
1249 3675 160936951
4983 4680 955766650
1922 3759 854131194
3098 4457 794626869
1714 2129 442516416
1231 1804 992454329
375 3270 115864604
1288 1181 650004066
4120 4289 466992508
3466 1662 872993933
3439 1173 733650882
4751 4826 424833957
2972 1192 15272763
962 128 2066947
2551 4453 309274081
3331 30 120653189
1781 4859 19696749
1319 2353 315139564
2280 1725 88204375
4528 1958 847111336
2290 2066 129306614
4639 1615 602113170
4193 588 698216041
4362 1766 90075336
1623 2747 840895804
2892 1441 810832215
3405 2787 201816355
3866 2794 721580401
3299 4113 961503973
443 2108 355604505
4601 4072 118130721
957 4622 592797335
4411 3184 218941872
611 194 848157901
294 3490 928805522
352 3360 331492861
422 1009 239469238
3631 3464 412250900
889 3148 751412054
1862 1444 629364386
1340 4342 478529861
4443 4882 821841835
3499 2577 906705053
1856 2242 962354445
2520 1040 500737075
3684 2480 368147747
3321 4643 460158239
4360 4499 888574663
1712 2083 489578787
1022 4087 792697051
1588 4116 620539534
1208 4303 150813893
1264 3713 188124836
4360 1290 825890713
1942 598 155694299
1316 4390 784893746
1427 1307 307388580
1305 1432 823326697
592 4733 762019775
3132 1948 315849810
4943 1871 923792898
742 3424 192250217
4264 4523 799208214
4145 3481 641064768
1498 3924 270544041
1171 3822 892819024
1215 3745 225929903
1287 4098 623191424
4548 2110 847696025
382 1597 573128753
4767 4328 697621343
4092 2717 696983956
2876 51 315267734
2200 3551 309390484
2078 2128 812923261
2251 3260 705471678
959 3416 128768414
3832 4464 341137137
3670 601 535696395
2711 4444 684387470
4057 2425 894979545
3328 1863 209197701
2974 1168 542335839
4893 2579 243936298
778 1685 454995366
713 1949 310957688
2160 4470 639825596
3507 3447 779215386
2585 126 320033516
4171 593 882202339
3177 4232 254426415
2918 4049 166888307
3730 415 724063280
1629 1911 880632374
2399 911 585727647
2529 2863 761347256
4351 754 258371655
1830 3925 941221284
989 4597 890442355
1519 215 84643464
918 878 784042601
874 4926 93560406
872 544 559353371
1034 2529 752597070
2970 1656 196163419
4408 4002 620418024
906 2235 435626856
1265 1257 551290297
2166 1576 878328329
2291 69 828891365
2329 4290 702377000
880 3817 39331435
753 507 421298508
3628 4825 227351707
394 1724 843354338
1978 2995 254298208
1891 4039 242213034
3640 2469 113707189
4586 1594 729244854
77 4026 451944640
2672 1961 580558697
334 3157 632899491
3589 4093 491303782
3839 3471 158234080
3902 842 238395637
3264 4172 831745858
4693 3354 879002311
3667 2969 405260773
2271 4956 18492902
4446 3803 150027939
2398 449 778904376
2941 4034 585411324
4752 3111 695865446
1057 3397 456379592
3844 2397 50179548
457 3841 875163515
400 959 752791887
2865 3507 212587325
3639 1601 9724880
3620 1036 540774121
2118 1412 739812927
3128 2621 53459008
3530 1344 320845215
657 3586 301288451
4859 540 20768800
4135 4125 67017984
2194 4325 132262830
294 1373 170322583
2821 4461 558122777
3810 3530 420989611
4376 3621 113528136
4397 3841 456691183
4203 4525 284213090
1773 887 6791521
1044 125 603204879
4448 3495 917302322
3448 3893 414375480
1951 3157 657542718
3519 2837 814406296
3689 910 903961697
4754 2076 621120050
1060 3847 799249381
114 3280 134696389
4947 1997 297676318
2180 2165 427104862
4141 3349 501884323
4635 4320 931861767
3135 4972 357667815
1131 583 577902327
4028 2493 299550554
4978 3767 143676541
2192 3477 983468966
3901 3583 443778665
461 2270 581587208
4825 4533 502756338
4229 3990 801832088
3516 2907 421194741
1404 761 790522859
3184 3359 56555994
3797 1142 72403779
840 978 176646896
2684 1914 452014555
1110 3742 298369153
2353 1143 890689810
4987 2592 787312318
943 3681 468697054
2260 4877 645989585
267 4234 912058399
2172 3746 159409503
2748 2697 555956344
3735 3463 563372876
1927 2786 685574569
696 3845 816576977
1589 1240 750839747
3139 2764 956941876
1354 3266 904133605
4154 2736 63972700
2496 4702 518285811
3983 4585 139036128
3513 2673 277096928
1550 242 219210646
4437 1757 916974624
4143 3221 305734442
25 2937 60246650
1980 1363 881479518
1285 2786 70884880
1091 375 414186860
2624 331 705822215
993 1806 618821679
4768 1063 250928774
3575 436 616806189
1332 385 965674124
527 164 844692303
1079 2883 759563771
2904 4206 448168701
637 3244 616288492
2767 3539 948613463
412 1221 580283170
1560 3235 428400101
3984 4038 822259104
2307 1214 341023663
1134 2453 669637222
2029 484 248093237
3426 3858 882300529
2594 660 207239291
2174 1639 246206146
1377 4319 49979593
3483 3686 742902148
4729 4734 526742171
3079 2976 129525225
2194 2360 125653678
3481 4941 131700575
1075 606 162637967
1618 3634 586667292
1369 852 319284345
3247 2482 404090771
1785 1801 632923766
737 638 840176108
3707 1839 451386150
550 827 817626304
3705 3146 306180775
905 932 421040964
4817 3205 2542889
85 2595 339223652
4791 1528 715940598
2715 1699 539827063
4279 2185 958952831
1452 324 805214223
707 2999 547590655
941 94 319346496
4244 4496 959574979
554 1378 25363772
3868 2399 313787632
280 4843 909036090
1375 3125 435101310
2593 156 932774309
1825 84 615613949
2861 3735 438495704
1782 1490 455039117
445 4897 182854487
4986 2192 792774738
634 4787 935725834
3696 2019 285582903
381 253 161303211
575 421 237296145
2774 2880 35512440
329 1937 441839685
3134 2870 417518122
2968 24 615048042
4120 772 250795756
477 3533 207539905
889 1657 357766004
3654 1619 699047046
1797 4856 355057626
3355 2416 243011634
3011 2423 697891582
4078 947 314448114
4684 4705 335799146
1971 4043 941216391
2451 3504 677026077
3775 1173 456051251
3216 1869 166075763
4110 3570 405479392
1690 3805 836918461
4881 3109 918161852
3824 4593 525310596
1487 4720 987851417
2790 4721 655247284
3538 241 151349258
1526 2457 717993925
882 851 593222522
1397 4079 145391099
700 3541 703360602
971 4679 329719863
3384 1927 79815851
4152 3264 666318612
437 4504 173508487
3514 947 312994641
2656 3143 367221817
628 1854 723266498
1962 2989 954011004
2665 4427 840321112
2915 103 153155794
1354 74 953288428
1259 702 300659092
4201 2425 549911738
74 4159 553521804
4418 4196 487566422
4849 3832 270813186
684 3757 630285956
1290 4928 393657682
3399 2678 983078045
4989 3619 502306250
3458 1179 817640208
4236 4870 85721009
268 3419 215123067
4309 2603 202651179
1924 1706 148295342
4139 884 28643264
4122 4228 21654514
3255 2720 893898288
3872 4985 203090825
3110 3538 96091626
4749 2547 357150852
1740 1534 166208717
4160 1024 85866422
4072 2523 337952798
1947 707 789060680
1041 4487 326754853
1212 3934 789553577
4727 4094 275334338
262 2449 500746381
4185 2894 66010568
4730 3500 305513864
718 3069 457078846
3048 3747 913172436
3935 2650 154016602
3735 4244 696452009
4061 631 254770813
3216 2209 188184114
1636 2658 794913119
4202 2747 995638190
3470 4889 487385898
1343 3622 926505512
4078 2627 764562745
1638 1207 791190680
3480 3 874589738
483 4381 518908178
4370 4164 908057970
3234 1549 743566977
4901 1777 921582658
3160 84 547135949
3933 3569 946616041
2965 4701 509709072
4561 2461 655994286
3393 4521 689735742
539 75 167425142
326 4885 579658608
2009 4316 38161105
1264 3131 494268954
3074 1888 308113879
4175 2857 342555684
3220 4040 433794190
622 1424 371242683
4762 1712 641060024
1786 4820 568893746
4897 1320 560243875
4374 767 283860856
2942 911 749319319
4802 4184 522927284
42 2839 610854127
1415 206 948230913
4608 4657 892310768
2002 1017 555453910
2624 4345 366113438
104 4488 176334842
1730 281 756762874
567 1098 22209258
4860 4607 930274082
1801 239 706311521
600 3653 547302629
4693 1722 340745247
3107 2834 55108820
329 706 465289226
1299 4034 377384847
1149 1586 845876130
480 2037 657171738
2076 2752 896706293
603 3751 955311292
2337 3179 720500177
2640 4066 275559207
591 358 177606197
273 3220 323924059
798 823 990043995
2071 4566 690460293
614 694 389076361
3870 3223 153852587
658 2143 337783552
3098 784 755544409
2723 4001 646750271
920 363 599069051
524 4231 413945613
3712 1529 914319872
3830 774 110626686
3498 1481 865311636
2718 1796 598144945
2297 247 426665728
3969 1940 924418349
3377 4029 759983238
4315 558 531388256
683 3903 775988557
4021 2273 589057709
568 4617 538592410
1960 1159 984717307
4027 3620 558079631
4087 1757 431051453
156 3159 675744520
1937 240 622410893
1989 2601 241765725
1348 1333 486342558
4134 1457 770402806
1084 3613 653075527
2013 2902 260186190
3420 2199 965284368
1571 4983 256928339
3140 3454 789538499
4788 1378 942616471
4266 2854 328273870
4031 1286 946272898
1785 1772 469910017
2798 3139 263414805
2236 3760 751100407
4209 4822 192686031
1968 3867 125491404
1947 2787 221933616
3416 2809 636031326
4654 721 607391138
4410 4317 683088439
4192 3355 783513087
2096 1791 521612313
2568 3363 613792548
2662 3036 719506422
3297 1128 830915815
4871 2995 966408180
4950 3457 577359402
1086 1568 234022378
877 4948 282512231
4322 4024 366018107
2138 2759 148661751
1967 2424 378539412
1442 2205 871947879
2877 4572 190796998
3400 2439 549920660
3172 3393 849658519
3352 2568 948388489
1799 4749 552877640
1518 2145 505769122
877 2188 906077730
454 778 741554853
3953 610 203635279
4440 324 682825649
4545 2771 581985895
2133 1934 901610430
3539 2202 339304228
750 1569 853228090
4518 4432 35866485
4096 608 781460146
1052 3980 688648753
2990 2926 297328364
1354 3748 827263952
1057 2095 581644560
1024 2025 501973087
1950 4659 560520043
556 207 470737358
3226 969 480719056
1064 1308 122899091
4423 2318 496742807
4284 16 695822000
3363 1850 199350142
4634 4610 241651068
2560 50 523390940
3985 2168 621001880
1014 892 227863778
4565 4742 233119675
508 1871 265135485
1352 1260 757584260
3812 2883 495710703
2543 115 86567186
1528 1014 622679721
2984 3332 479527059
2356 2128 192149340
200 1072 752604415
3842 901 592689313
4696 1628 921337999
41 4557 866053924
4794 1368 934346019
2547 2763 289547119
2091 2031 344314218
3418 502 232948072
3901 998 191854760
3545 604 932605490
2751 2863 905174670
712 332 883376664
3280 195 286797227
520 2997 749309931
1412 4448 199029660
1490 1887 10216302
2227 3817 40630274
3992 1613 469272734
570 3288 145968026
1042 4619 881007376
4495 513 948406007
4223 3813 53511944
1532 3474 245724046
2830 4275 109934188
4242 2815 347213154
3267 3208 57397282
3030 4225 929353594
364 2224 384037851
1718 4687 333473552
4100 4533 431706655
2735 136 886792909
3265 4497 510547267
1269 444 857423998
3569 4808 700239505
2104 2620 80159966
3836 3433 211952716
4990 2343 590136489
183 1387 451640039
2167 35 245124586
577 1013 45451488
4 107 756078424
4492 2788 516037511
4250 4781 330105698
3342 2987 473770850
1977 2586 812365619
2935 3329 236338342
2615 884 910676880
3332 354 467524497
2482 3651 757169927
4132 1984 746244912
2354 415 622531805
824 582 706656196
473 1768 703437427
772 3933 979735676
2893 2131 367821798
2001 4845 551472639
182 3897 532269388
331 2963 888935154
818 3959 117030721
3751 4935 588419207
3076 1893 825633267
3528 2122 427935304
2966 4071 3377 2461 4067 1966 1940
