100000
585 859
429 362
662 280
484 240
778 726
297 942
279 122
416 853
874 117
223 654
92 742
123 188
700 212
552 475
672 240
821 164
880 784
452 2
212 232
162 934
83 913
57 978
513 98
878 464
368 517
141 630
421 809
920 377
333 150
811 883
651 913
517 464
454 139
445 516
182 978
291 140
837 337
933 792
792 263
16 379
161 824
571 921
132 398
676 530
942 134
369 44
228 441
644 373
200 106
167 92
283 941
845 845
833 948
64 610
785 722
970 908
516 690
261 427
120 826
660 766
175 9
462 969
504 16
966 795
740 55
623 691
141 311
712 687
292 456
893 564
953 931
827 391
95 847
522 609
223 610
929 479
601 634
675 138
297 540
102 71
394 688
470 4
885 663
893 495
637 251
816 581
718 684
652 890
524 379
718 443
607 462
406 384
648 324
277 453
318 689
748 7
275 415
917 879
762 442
407 201
663 782
607 163
66 183
417 326
314 951
578 700
238 472
131 617
488 349
810 131
399 625
604 713
956 629
826 794
69 748
153 175
177 94
529 286
722 137
242 411
689 587
607 555
291 27
571 137
359 373
586 156
445 661
550 730
932 190
714 797
333 987
894 593
261 260
87 435
514 183
840 475
597 890
608 382
439 273
309 750
415 265
50 52
602 50
706 981
612 525
506 345
853 793
315 219
829 540
512 773
481 16
514 662
949 971
768 799
911 254
931 409
173 536
588 303
665 989
889 116
494 896
606 774
933 9
272 450
931 118
217 375
714 190
574 734
206 520
313 189
728 599
6 13
121 126
185 62
826 145
342 214
487 652
303 47
43 751
1000 870
719 620
614 256
342 903
621 813
647 423
1 530
305 428
788 235
783 117
757 92
703 363
848 444
492 708
685 826
870 915
987 491
90 646
396 810
85 599
733 851
111 969
615 41
850 572
92 778
202 830
815 156
537 364
449 820
582 587
274 978
448 381
247 520
154 772
752 40
828 290
180 879
495 136
30 26
454 762
308 333
263 662
350 195
410 199
455 970
250 574
208 895
883 564
320 854
371 839
780 114
621 639
46 211
54 143
776 773
864 561
74 881
382 839
392 341
372 212
783 503
298 973
332 807
77 761
575 622
944 845
691 961
509 77
624 182
838 93
238 322
579 900
835 706
498 395
162 630
760 506
595 1
759 132
832 50
24 773
726 905
11 905
185 628
613 10
97 785
640 722
785 870
211 150
822 249
712 429
31 56
709 644
432 751
98 99
68 436
222 166
353 554
942 407
333 39
858 30
935 900
392 928
844 926
547 775
883 808
717 654
869 91
592 917
510 748
83 763
616 353
670 793
106 688
648 930
616 981
66 643
163 628
168 134
195 50
599 489
781 611
789 913
623 402
436 396
812 422
658 849
579 52
894 466
437 504
125 127
495 836
30 400
342 430
686 990
575 952
2 462
908 987
458 687
851 156
637 561
159 60
107 705
72 717
258 545
501 753
507 315
914 82
550 585
291 61
521 895
810 990
412 71
199 442
780 20
673 12
751 698
75 852
496 267
163 251
987 207
471 646
593 846
551 9
167 619
92 972
537 659
883 297
157 970
730 501
892 638
110 698
495 559
25 343
903 270
769 542
632 396
676 697
930 902
515 820
692 537
808 259
305 672
41 952
546 749
989 950
663 33
928 954
239 245
84 727
786 12
932 276
313 627
988 533
417 120
635 846
289 537
972 351
409 841
933 466
51 917
97 740
864 340
262 530
404 373
428 870
862 202
182 283
364 70
84 898
161 737
822 62
213 882
55 260
25 525
1 517
691 641
380 377
902 725
997 146
948 221
562 905
45 155
518 124
725 367
593 791
359 10
323 215
154 533
900 878
419 204
943 760
183 247
97 576
220 503
915 975
493 739
744 155
292 777
19 352
998 527
512 98
339 689
211 166
549 33
393 377
64 929
393 489
497 169
234 708
314 612
88 472
914 591
909 656
401 703
337 279
17 423
435 754
432 61
116 99
726 454
766 804
849 914
304 658
154 126
891 827
118 899
23 788
863 925
403 3
107 256
511 895
620 378
331 840
331 928
809 275
436 725
109 417
95 601
413 408
818 28
868 361
580 123
886 81
452 829
632 665
316 851
898 636
213 379
678 954
175 825
580 709
774 860
580 109
836 136
791 268
465 740
361 270
891 344
104 955
194 80
188 830
786 11
796 555
446 470
465 45
792 956
655 402
439 206
772 720
143 340
994 968
561 320
567 715
476 434
405 347
261 878
609 87
908 163
425 47
946 768
311 425
583 699
398 152
522 961
754 248
664 179
965 455
565 67
685 669
294 425
100 941
897 24
617 319
704 131
754 1000
5 278
135 966
577 3
450 973
669 861
216 758
530 640
854 98
314 710
924 804
28 495
834 297
690 613
764 225
704 772
350 37
640 648
176 87
900 336
989 1
87 332
157 956
155 967
956 268
587 960
360 159
724 159
536 913
67 565
704 246
921 307
794 452
323 686
277 722
993 391
821 599
957 586
481 549
545 597
945 540
870 770
594 818
367 727
143 785
192 635
992 315
705 77
137 648
724 834
950 213
991 354
612 267
790 756
467 457
210 342
618 910
675 1000
134 253
148 77
866 67
585 65
880 897
291 381
487 989
90 835
226 118
457 473
753 393
281 110
5 40
558 427
829 333
275 136
173 851
175 739
534 82
590 351
205 40
496 12
522 857
985 221
208 176
791 184
864 476
19 811
923 879
247 663
495 157
156 340
116 418
938 55
197 3
215 893
41 262
275 530
885 218
66 487
74 650
741 357
908 708
946 424
491 201
626 566
59 433
80 807
988 230
612 474
632 837
496 546
112 935
702 834
473 485
584 28
148 127
926 257
110 713
880 876
342 883
591 222
696 783
875 528
246 303
531 677
182 536
825 127
182 22
64 209
370 247
199 35
615 888
481 222
398 171
695 461
570 984
198 173
770 4
782 735
775 796
908 919
68 276
647 32
602 25
107 68
220 219
407 147
768 369
484 793
556 851
173 86
256 522
457 191
830 305
677 835
526 634
783 219
407 255
433 102
420 211
35 67
348 716
93 659
328 578
177 45
109 622
909 287
55 669
655 957
979 997
703 791
513 690
513 179
438 127
449 326
880 981
550 771
383 895
887 5
707 264
884 935
397 794
538 911
817 596
308 543
347 844
260 676
166 199
623 250
786 47
476 351
125 349
56 532
139 357
45 909
407 468
736 839
967 628
528 214
704 647
992 623
265 900
958 370
535 450
667 712
750 108
627 684
307 98
369 843
706 103
273 950
139 482
699 27
183 958
875 650
980 304
924 247
915 972
577 629
355 324
335 188
129 666
821 672
97 81
992 820
387 502
252 281
8 775
482 18
945 574
82 56
723 596
603 200
493 285
975 503
15 240
857 520
26 339
615 266
478 147
295 828
771 427
933 423
821 830
522 139
401 502
964 152
158 630
258 276
104 769
32 106
385 514
319 196
774 603
225 901
706 628
503 684
445 179
428 347
609 369
17 447
180 709
346 239
347 275
271 65
470 28
51 103
473 272
793 405
410 684
361 319
660 64
605 712
525 792
300 687
417 839
520 9
36 269
759 155
225 197
403 197
711 385
103 482
409 398
828 864
925 54
421 117
157 899
466 389
47 779
98 996
539 712
604 617
934 185
364 175
935 999
109 994
421 279
436 550
48 604
191 370
843 267
402 797
13 744
432 116
313 687
151 381
820 683
629 782
888 412
865 804
102 871
893 214
611 882
233 744
572 505
694 186
241 85
218 287
519 107
442 956
692 686
758 774
614 799
617 541
672 655
625 526
386 937
244 338
316 492
39 183
471 103
283 839
500 888
518 778
591 139
245 958
29 256
113 918
782 869
581 387
398 862
48 73
821 846
777 159
949 228
876 6
421 470
901 456
561 671
867 685
486 703
507 793
225 776
279 767
856 532
361 253
763 445
797 99
173 828
973 103
694 233
877 649
905 193
198 993
973 244
413 908
609 179
316 325
72 802
385 556
444 8
976 432
749 92
857 383
366 169
229 157
689 385
703 937
390 876
74 473
352 968
74 241
793 923
960 712
41 392
815 943
869 355
270 71
711 928
284 795
526 703
375 428
274 529
424 531
752 712
231 302
992 297
117 577
679 595
882 588
269 940
431 503
912 223
973 468
808 410
80 105
526 257
895 297
661 632
249 533
550 608
839 355
749 780
638 840
342 465
565 906
332 602
724 298
498 868
154 708
760 302
276 631
564 193
633 325
400 369
773 682
104 701
493 243
178 672
563 332
946 132
227 759
723 339
473 613
603 799
71 429
980 50
592 368
373 110
918 60
689 399
414 736
276 933
56 300
140 378
17 188
234 370
726 284
234 521
226 293
868 776
184 42
944 208
754 336
839 976
812 961
544 503
60 537
423 48
268 559
924 130
376 325
875 19
698 452
699 246
346 887
385 369
426 466
515 92
824 485
249 251
36 767
100 308
431 85
525 562
493 479
595 670
650 470
488 441
621 147
875 562
238 860
67 490
367 796
73 14
756 133
167 327
780 581
259 401
219 680
61 757
117 368
592 550
971 301
826 39
107 713
218 322
782 397
957 740
5 926
797 940
240 373
47 18
160 470
851 489
877 964
618 586
509 785
975 382
326 792
557 768
594 825
269 246
822 756
442 898
974 103
535 783
328 170
185 223
803 638
864 268
34 397
641 589
780 263
411 824
35 29
999 500
355 553
514 752
8 447
779 90
306 591
224 99
754 186
958 203
709 218
56 883
193 904
184 695
946 805
58 710
82 390
198 357
945 4
558 949
933 207
421 17
664 499
260 768
369 225
884 102
518 582
280 440
713 469
108 757
794 489
692 717
189 382
787 283
16 86
735 823
37 337
325 669
594 184
179 380
818 807
229 141
36 227
856 937
979 989
550 164
464 316
63 359
469 27
394 167
169 223
776 28
140 925
793 808
776 136
564 893
312 319
448 52
131 140
959 237
856 219
691 381
435 313
100 816
186 70
847 202
394 837
595 241
487 11
601 240
609 416
301 175
708 448
683 383
995 484
904 126
91 815
38 528
129 40
211 128
809 252
775 610
786 619
526 601
944 15
19 466
534 76
851 364
493 676
974 567
400 9
194 443
147 438
109 41
808 39
379 735
277 69
912 329
565 811
995 10
288 536
61 377
335 624
801 700
688 997
720 947
175 916
73 334
517 360
662 774
900 275
488 661
788 586
720 513
563 296
506 92
203 800
782 932
702 760
642 771
85 319
54 592
640 444
174 836
555 300
424 540
75 187
446 448
781 562
60 419
165 343
774 954
486 390
958 260
985 27
249 367
722 311
161 321
362 808
564 762
947 455
681 399
556 995
51 913
305 644
701 413
49 291
692 854
216 900
624 785
699 317
915 717
563 424
810 888
191 350
764 98
601 449
405 97
850 532
793 492
434 570
570 858
63 767
700 123
684 368
504 361
592 427
564 221
81 251
906 523
960 604
767 920
692 137
900 571
532 683
231 142
464 237
903 977
331 818
89 916
97 652
844 768
511 165
247 969
490 562
593 561
808 640
507 904
816 88
195 330
17 586
284 803
812 869
13 482
139 103
948 491
446 622
174 373
799 293
335 677
608 878
791 60
574 510
508 69
92 20
915 554
365 781
929 960
661 417
146 648
558 852
440 964
381 916
632 894
885 537
379 795
550 388
915 602
97 691
14 696
660 449
607 91
387 122
831 729
956 577
872 20
937 835
896 279
488 638
307 301
225 676
574 532
818 776
62 200
369 571
432 661
679 501
803 109
644 971
674 256
240 482
19 678
477 109
956 656
586 567
663 75
940 148
401 719
290 14
473 947
214 380
719 954
9 350
527 850
496 470
428 331
711 351
549 184
563 472
440 547
137 920
920 71
852 330
285 104
483 300
270 796
329 937
100 364
36 884
567 845
373 760
21 451
190 396
502 276
161 64
919 141
30 172
798 845
518 507
16 137
170 645
188 123
260 610
393 235
917 701
743 623
354 930
522 843
564 133
960 334
373 189
978 312
248 739
254 234
373 105
471 401
815 537
825 541
641 387
265 139
149 367
875 652
621 72
646 830
163 777
368 186
683 297
463 538
65 197
307 726
362 573
615 197
210 945
571 922
135 3
881 285
151 177
716 904
717 615
743 488
855 667
400 448
92 87
106 113
681 861
175 157
564 129
978 805
202 206
267 317
646 620
466 430
538 352
475 315
200 826
456 687
115 808
38 937
927 242
264 984
890 789
243 496
371 459
751 716
471 383
477 865
206 570
995 516
986 196
496 766
300 963
468 128
825 379
5 566
130 85
962 958
560 319
214 75
933 857
107 454
700 810
578 764
457 178
844 767
70 52
270 819
562 830
899 104
541 872
411 34
686 842
450 745
115 983
568 71
737 72
340 923
924 888
422 799
143 97
206 828
720 138
405 975
46 689
246 735
850 357
62 443
860 262
104 485
650 287
692 225
28 630
809 650
429 791
540 886
897 384
488 170
87 303
125 892
242 509
593 894
906 357
206 369
591 196
277 690
454 356
122 567
743 523
783 427
937 513
738 761
510 969
177 862
32 800
55 442
486 168
929 258
850 739
451 568
718 149
454 976
603 135
981 520
810 751
349 373
485 397
555 650
256 801
807 504
257 603
418 506
604 342
649 81
843 580
356 385
352 697
312 15
929 95
326 865
779 506
234 554
57 427
704 860
690 235
138 2
886 379
493 643
405 203
490 5
177 955
551 469
728 861
497 910
154 316
508 506
979 722
11 984
410 687
573 625
719 433
117 112
805 135
624 168
317 367
1 234
188 725
96 436
260 881
313 491
86 796
543 37
156 608
74 564
525 315
618 112
546 37
554 947
787 612
734 345
809 464
98 589
744 78
34 326
326 630
637 606
937 719
340 283
659 652
322 278
941 56
363 789
505 79
202 292
891 41
895 604
728 422
677 742
964 731
297 782
383 373
436 925
611 995
537 835
610 118
510 467
614 773
208 74
32 709
106 498
315 927
421 452
60 254
58 277
885 447
838 476
93 36
547 945
284 590
786 765
306 987
765 78
395 149
549 204
479 925
117 346
171 223
854 903
653 164
166 685
558 249
455 221
211 899
934 180
238 326
698 918
357 372
459 3
481 222
998 271
891 284
129 289
944 862
858 435
72 932
727 983
451 730
697 3
331 237
210 538
11 975
564 963
384 730
75 408
439 49
937 872
909 416
192 215
991 335
368 401
784 209
307 410
226 104
151 36
347 597
33 152
462 463
745 217
369 747
75 361
696 399
918 896
179 469
356 155
61 324
816 474
733 649
473 714
988 658
787 350
134 525
58 471
648 899
24 881
762 758
250 639
344 218
368 149
706 617
396 3
431 127
687 599
11 460
176 211
79 859
915 418
809 364
477 958
304 103
606 138
613 269
807 38
830 824
424 288
561 357
152 77
222 805
408 997
457 540
704 673
547 897
699 953
616 738
593 529
674 9
905 775
186 793
677 484
344 287
183 89
147 721
825 266
635 699
75 975
232 859
548 87
368 931
499 529
314 253
812 647
830 351
428 632
328 867
595 571
300 424
943 867
249 863
463 609
106 299
11 732
168 100
926 856
798 980
653 616
8 159
266 959
273 9
290 877
508 215
218 762
127 971
902 514
853 929
552 242
71 453
772 671
488 879
928 956
218 957
298 689
597 5
151 403
373 372
554 384
626 669
563 367
819 42
916 783
493 107
860 345
708 214
941 718
459 502
628 636
646 210
392 312
181 870
985 435
527 176
946 514
36 395
67 554
123 173
923 447
416 309
462 417
968 828
706 683
247 765
511 210
445 113
235 876
338 426
360 331
776 633
968 566
314 401
633 87
588 530
362 783
991 430
893 850
592 594
889 101
717 608
880 699
149 36
168 234
724 443
674 262
134 160
521 883
75 994
15 219
241 653
938 238
947 883
245 341
820 272
686 485
214 330
21 281
941 552
354 127
56 911
308 432
348 385
95 558
182 79
773 162
969 570
314 578
974 640
772 857
126 525
51 226
765 736
931 428
118 607
163 951
592 160
940 69
151 800
993 838
862 222
902 48
779 392
243 669
454 138
194 564
553 841
666 300
269 551
650 354
841 831
437 636
196 652
564 619
12 985
984 558
177 578
569 203
645 222
108 693
601 693
434 650
41 712
675 284
592 663
941 39
140 851
743 845
241 598
883 381
682 427
507 385
620 391
704 925
967 529
544 358
913 884
791 286
183 681
827 263
54 293
740 751
68 436
580 88
608 195
168 811
192 867
637 330
24 800
377 74
620 918
101 629
127 312
751 564
215 761
902 444
577 361
795 234
442 499
443 323
800 28
852 677
760 91
671 325
211 72
241 35
576 872
102 976
530 156
747 920
232 133
982 761
160 347
761 863
66 743
375 242
612 989
922 42
401 657
346 769
581 655
78 135
654 810
942 608
884 13
302 614
223 250
326 672
869 939
361 305
122 208
57 75
954 396
21 830
45 620
89 778
135 263
610 103
294 906
495 37
235 969
22 269
430 553
574 781
828 175
157 747
598 89
521 221
559 994
808 889
746 730
926 243
383 516
654 987
270 123
788 630
306 771
85 398
62 978
822 459
177 417
455 125
470 932
328 154
760 256
532 383
366 766
731 74
752 137
104 261
24 854
800 362
769 232
390 829
225 504
619 115
890 76
926 397
86 733
136 669
799 597
865 254
624 822
731 859
284 540
519 483
922 65
664 527
916 884
45 738
664 89
627 115
816 980
673 275
585 841
424 342
328 702
206 278
867 494
14 995
663 16
829 15
88 967
458 947
380 312
477 765
661 610
455 786
177 130
661 928
257 943
24 704
760 401
622 204
435 283
298 127
299 955
542 468
58 557
70 316
894 619
922 857
503 805
109 583
307 956
767 851
644 719
732 962
600 913
445 253
966 596
209 422
51 68
759 328
160 226
219 349
356 768
776 864
465 940
111 384
462 592
81 356
602 611
474 609
265 847
576 988
688 346
411 745
692 137
361 825
882 610
886 620
2 311
698 563
226 722
38 766
42 258
800 423
219 207
280 504
503 618
699 66
26 628
26 350
854 503
779 6
538 52
849 566
924 547
122 34
344 788
830 30
628 563
931 543
914 628
317 289
790 744
44 228
686 820
724 389
864 969
859 828
776 676
46 607
321 693
3 710
553 636
23 264
504 395
507 223
181 800
166 852
49 536
143 28
407 575
937 97
375 599
150 5
215 640
949 909
306 502
320 440
871 653
620 559
190 245
503 954
764 438
535 159
645 600
773 505
437 359
177 82
447 280
329 41
23 743
866 416
466 775
49 728
963 390
209 632
459 255
172 808
406 145
893 145
10 713
893 828
292 141
972 974
600 667
519 515
380 831
694 492
673 535
358 430
496 426
950 924
397 933
721 456
186 722
634 610
658 221
295 968
403 205
815 818
489 210
227 614
25 299
833 603
876 835
812 354
205 334
250 305
663 736
458 612
946 804
799 330
336 375
418 390
693 864
158 974
883 279
747 89
634 394
132 69
29 49
600 379
777 951
512 473
220 99
558 508
329 83
875 710
887 689
30 458
767 692
974 719
946 18
672 499
676 712
445 428
316 862
455 690
148 246
668 110
359 139
719 653
566 949
360 285
43 725
187 993
221 552
788 812
782 610
924 828
395 627
612 415
397 993
122 229
305 64
178 246
737 851
579 951
193 133
729 812
926 995
229 743
515 271
568 493
748 319
742 123
645 159
429 884
729 19
437 428
125 451
976 533
989 745
724 48
666 548
944 665
838 673
959 9
190 774
553 685
326 765
332 20
975 440
981 144
146 327
261 143
354 847
607 393
574 320
282 572
149 529
787 145
50 203
469 158
320 499
203 980
419 941
875 356
3 716
818 219
643 885
587 993
366 1
783 88
881 614
670 607
295 285
950 902
12 971
755 808
782 279
242 702
379 50
805 125
180 223
868 498
763 695
202 684
700 702
843 765
206 135
825 675
561 606
937 638
121 557
850 922
636 420
872 452
633 664
969 1000
612 584
637 610
343 866
562 600
711 865
806 284
336 734
167 621
303 658
405 408
142 357
422 168
444 37
911 416
370 861
895 181
841 899
178 48
178 926
234 500
646 229
390 339
757 240
701 898
555 79
381 707
981 427
307 823
70 173
890 811
929 877
867 884
203 657
1 682
93 182
884 294
632 248
981 481
551 271
693 550
362 363
378 869
20 738
143 572
780 966
734 912
136 647
983 764
276 761
240 90
447 20
153 686
622 196
602 226
936 124
130 403
211 667
910 552
691 511
506 785
543 809
179 366
150 245
79 785
848 100
143 953
211 434
518 884
922 91
400 766
743 523
190 315
796 119
230 492
247 773
377 472
204 292
344 984
536 872
281 139
416 527
817 534
693 578
359 293
17 793
299 734
806 976
673 727
1 847
192 105
746 453
612 463
316 827
85 986
856 704
149 713
104 689
735 864
658 273
561 983
820 587
793 248
362 621
715 146
221 199
253 398
462 280
354 389
859 72
940 25
579 668
469 194
599 634
205 53
176 695
912 768
670 200
107 615
489 288
779 902
787 506
170 186
463 118
154 855
897 213
379 522
673 513
39 404
448 704
656 69
820 114
669 331
445 837
950 573
456 310
104 872
983 281
209 445
967 643
778 255
292 602
78 586
249 401
979 726
197 339
331 45
907 537
701 626
200 134
983 559
210 660
822 663
645 974
600 596
139 897
390 361
703 148
620 876
421 719
642 8
406 659
140 274
750 358
626 207
405 257
818 383
478 147
360 660
411 747
993 469
927 802
892 448
448 813
630 741
576 234
135 951
165 232
655 50
321 198
68 105
699 81
150 112
256 827
457 795
16 663
430 830
272 525
45 320
969 10
317 614
343 879
801 8
500 839
748 250
382 419
221 700
429 900
963 873
315 742
730 706
83 828
286 292
805 409
71 122
412 643
347 976
947 53
544 364
678 300
700 329
128 616
122 550
374 448
418 19
440 142
562 931
725 64
685 913
282 247
146 397
859 847
825 30
563 369
933 931
736 271
621 813
214 215
786 796
14 19
771 127
788 175
926 411
278 304
60 929
578 6
134 237
629 435
27 274
192 995
739 14
749 919
152 223
243 661
486 297
48 605
415 706
534 257
971 434
841 229
918 967
187 158
578 104
1 927
493 899
330 633
146 428
908 398
518 581
615 948
729 524
279 969
500 72
467 151
970 609
8 990
406 790
770 579
298 654
31 138
760 262
971 811
380 670
482 728
108 315
904 173
27 152
614 51
90 520
921 167
294 20
884 835
816 924
147 666
251 62
97 495
75 408
449 396
693 171
182 471
373 537
763 430
757 109
631 615
398 543
203 784
282 68
867 980
935 308
916 626
333 656
641 174
539 57
757 242
224 750
303 209
992 68
853 469
393 855
893 142
590 353
314 664
286 329
188 113
819 793
646 337
156 305
377 586
852 516
90 382
676 524
938 132
387 615
146 670
593 708
622 789
366 97
731 360
888 889
558 640
289 27
84 186
64 670
131 925
804 575
955 385
64 654
442 140
544 392
377 222
938 4
767 238
323 397
435 657
899 598
128 132
323 855
629 735
885 854
31 59
708 319
168 861
602 944
465 67
423 346
104 888
674 941
367 555
759 95
413 623
885 787
533 441
269 354
22 983
598 456
256 377
657 527
865 450
132 467
225 333
380 93
258 351
2 905
466 367
366 39
360 846
349 202
243 589
28 94
840 576
747 218
301 173
45 727
654 414
458 212
679 291
587 778
951 475
324 948
491 411
971 32
663 403
11 112
851 159
51 557
479 404
363 459
776 470
24 804
124 912
529 557
980 942
787 609
867 454
870 9
586 156
673 655
214 864
573 451
675 403
76 62
681 508
435 262
339 20
474 471
293 261
728 561
322 429
792 374
11 494
308 625
633 254
318 911
976 144
571 114
972 717
366 838
340 380
380 511
854 550
984 261
545 522
920 357
949 368
449 539
658 133
495 669
132 847
766 392
660 770
76 298
98 798
850 540
699 42
83 691
867 156
618 506
257 594
496 413
353 498
418 674
60 527
107 139
292 317
817 549
3 464
529 365
453 442
313 670
565 391
615 571
885 248
975 842
182 177
391 669
255 263
797 773
623 73
725 337
567 657
229 195
358 665
819 337
795 463
72 853
604 657
659 806
62 982
515 208
551 582
452 738
420 222
234 131
442 936
753 688
163 629
349 823
129 351
711 221
264 66
868 164
839 738
427 164
413 621
391 185
545 769
444 744
843 77
337 151
704 480
307 67
157 768
529 196
411 554
998 77
964 996
234 933
406 131
329 562
805 355
508 457
275 467
11 169
5 595
720 923
73 408
652 870
648 918
562 531
645 421
637 912
548 969
441 179
942 717
789 31
205 38
154 316
404 451
122 54
751 80
870 294
708 902
349 629
224 617
594 930
943 919
133 489
163 252
844 858
766 517
611 983
530 527
568 373
322 77
535 90
349 244
865 46
868 91
885 858
752 320
731 75
379 855
625 371
154 768
688 703
980 271
102 378
365 480
276 99
669 740
681 976
444 843
730 855
928 226
95 524
833 840
369 48
122 693
155 87
921 190
501 885
790 267
701 807
738 150
377 25
545 719
745 898
13 395
832 301
492 93
514 606
124 383
197 371
314 475
72 80
754 657
835 301
152 408
673 192
150 530
669 216
60 854
604 922
85 451
357 621
105 702
386 560
745 229
29 213
242 43
399 51
87 36
839 929
788 533
820 228
807 986
643 473
770 64
214 258
69 465
573 152
131 921
827 483
38 815
942 968
138 902
922 826
943 200
600 418
945 947
771 911
459 720
781 29
585 887
158 363
505 430
406 359
741 153
42 439
889 349
728 532
839 682
728 132
232 572
905 440
549 886
786 529
906 25
261 812
342 59
868 686
790 954
174 522
277 313
808 857
956 548
196 50
657 347
334 947
582 782
76 466
296 770
669 442
905 583
712 897
236 14
449 164
928 509
725 9
399 849
283 736
409 827
445 133
711 690
635 367
85 754
510 22
467 909
878 458
63 596
998 371
394 18
976 942
507 506
626 74
51 736
907 847
340 389
670 845
331 435
206 847
490 444
431 529
591 664
725 475
219 34
964 307
665 831
411 293
395 921
526 596
561 424
199 963
507 627
877 838
338 611
40 552
214 88
707 247
246 765
369 961
537 760
892 691
783 437
272 735
826 917
993 497
123 884
37 124
820 427
934 781
411 850
482 496
560 677
101 432
936 389
438 254
30 973
875 202
570 936
855 762
328 541
856 736
965 112
913 339
634 585
932 388
890 745
193 485
796 355
793 896
728 988
197 224
754 484
242 795
145 349
199 975
627 405
684 614
176 706
499 577
550 203
805 760
461 42
880 207
265 637
466 404
596 761
744 229
80 392
596 511
341 248
29 466
633 565
645 639
922 102
667 270
978 865
435 924
80 402
137 183
241 549
439 337
74 382
421 851
559 277
410 675
575 623
995 486
504 775
731 761
285 923
387 16
229 29
482 341
799 631
29 71
979 840
936 18
152 717
517 486
161 366
327 510
248 474
760 145
250 46
20 480
569 923
935 755
339 30
130 938
628 317
187 144
751 263
982 197
831 366
211 182
952 348
781 76
559 907
336 909
714 750
933 754
47 353
684 984
171 888
862 563
200 838
131 779
202 600
404 510
306 608
749 942
537 950
720 756
273 204
978 800
845 393
869 355
59 383
464 732
117 466
932 988
86 192
968 663
256 704
20 711
902 240
660 804
280 175
128 882
544 879
724 229
209 136
812 573
645 292
149 398
113 136
744 490
892 757
191 709
385 854
514 204
67 374
757 155
665 13
797 4
735 543
147 256
924 679
813 219
306 689
579 376
531 165
920 992
768 608
672 222
843 696
11 543
298 286
941 775
606 904
593 956
14 971
607 239
237 502
237 558
399 299
440 229
678 49
49 396
644 408
66 711
966 227
670 58
347 165
54 837
960 308
552 25
411 406
390 520
603 402
902 292
901 87
525 134
467 181
413 109
144 320
78 31
76 235
391 432
502 376
472 949
436 398
76 877
60 43
958 262
129 730
342 506
948 520
938 509
27 432
781 403
941 51
313 889
55 48
266 947
216 875
343 127
471 902
537 609
824 898
439 583
580 70
101 892
547 777
573 773
427 918
588 442
332 424
384 632
67 56
905 514
58 594
377 819
968 935
991 822
949 893
124 161
372 444
521 662
519 687
102 510
614 873
351 85
9 464
772 755
724 392
365 586
99 450
742 100
779 588
740 51
653 811
579 887
756 845
405 740
478 736
676 226
244 825
794 642
112 939
950 140
142 467
900 623
379 21
764 407
698 538
214 913
54 971
588 376
373 947
873 886
588 662
591 923
535 947
389 257
607 174
391 367
606 550
335 28
762 447
258 325
484 57
249 335
617 422
724 518
245 532
720 983
873 868
940 133
859 496
237 758
783 77
849 258
450 829
113 916
303 398
507 23
563 167
737 947
325 989
274 71
534 485
449 650
785 518
416 479
939 97
461 810
780 90
11 691
484 122
848 110
352 724
629 374
201 346
151 864
257 846
189 303
446 604
804 855
361 435
640 132
241 966
972 408
383 692
831 568
879 251
631 949
737 780
647 374
978 297
739 153
522 35
295 589
833 79
354 537
385 87
391 777
610 592
297 482
273 418
361 642
276 253
693 528
834 631
536 216
547 379
766 599
667 276
990 888
978 525
813 687
730 33
59 745
480 98
693 751
968 148
277 81
455 810
800 93
460 533
625 632
617 420
941 890
761 971
419 702
28 33
477 104
965 960
455 130
360 656
124 116
827 946
643 348
834 108
860 20
572 897
536 505
718 556
959 304
837 919
946 650
565 960
355 781
525 789
760 666
766 253
968 295
560 294
113 879
289 621
291 332
646 845
487 50
152 382
648 819
315 83
359 827
919 77
678 386
732 357
324 220
919 235
360 498
579 493
558 615
802 573
115 513
990 309
527 435
681 366
62 842
475 956
640 690
969 770
948 369
105 84
322 70
1000 824
326 805
309 450
171 427
744 405
510 589
631 416
24 930
308 712
82 50
895 738
618 695
581 824
207 441
936 492
456 853
325 50
501 440
863 522
145 834
948 629
324 965
351 587
633 437
710 859
229 894
364 839
257 132
85 361
732 787
673 119
977 966
880 528
580 605
915 365
313 79
625 552
730 64
286 856
924 501
812 138
681 482
99 965
906 12
758 948
437 396
44 711
123 486
420 509
469 970
171 1000
414 532
17 733
65 117
640 377
71 647
575 992
152 975
703 874
611 502
800 136
398 86
205 935
339 653
36 4
852 590
726 918
913 251
354 329
506 297
66 707
105 691
673 436
246 942
575 568
793 249
349 885
44 288
850 329
410 11
88 753
83 659
484 95
578 173
836 713
502 908
532 669
340 281
802 115
281 317
976 6
546 925
503 897
598 720
77 879
381 399
196 896
27 558
41 88
993 586
930 647
180 422
70 624
871 5
663 77
71 939
298 123
245 712
916 861
210 640
735 276
962 879
242 415
982 349
969 194
324 169
947 822
206 948
828 495
797 687
187 719
509 848
488 19
904 845
239 406
339 679
482 88
686 638
985 380
934 216
446 101
455 592
508 984
451 158
891 230
389 756
138 912
179 195
767 384
280 766
510 722
560 141
296 630
68 873
696 841
326 428
173 792
925 20
942 822
135 382
427 132
302 809
491 489
650 772
940 395
926 415
209 770
449 114
83 417
393 264
798 79
718 408
346 597
122 686
23 19
421 841
290 854
668 698
391 802
569 969
692 362
784 192
265 940
12 312
324 740
278 583
260 204
376 309
484 447
229 148
221 468
984 105
131 998
640 422
436 972
870 936
310 955
748 209
817 741
150 768
65 414
765 683
954 118
447 841
716 620
603 162
934 734
606 830
857 640
607 338
57 908
474 726
996 625
809 342
545 673
462 473
53 780
868 588
949 867
656 887
677 175
747 552
946 33
993 22
968 486
887 74
151 286
270 371
736 911
473 544
319 557
181 362
727 361
755 77
180 299
604 300
209 617
259 68
308 112
239 520
306 996
807 831
429 607
271 892
353 31
947 418
33 760
170 906
604 31
830 813
536 901
592 350
717 171
628 573
359 598
737 180
611 495
396 436
414 49
54 121
870 511
404 292
137 883
293 162
956 893
572 771
302 112
931 394
32 391
883 703
174 194
842 498
331 60
42 957
501 691
261 335
698 68
70 731
714 772
752 898
36 912
779 16
278 139
790 313
900 304
371 497
979 930
524 992
84 369
148 457
544 163
836 851
304 712
606 803
597 47
892 748
899 688
805 392
838 527
722 648
141 641
695 615
950 647
282 720
130 786
139 995
616 562
422 894
244 100
803 250
459 89
106 658
544 126
246 295
162 893
535 463
246 388
562 147
754 888
785 780
285 203
674 202
217 260
35 455
743 2
399 805
51 334
6 683
946 511
377 652
980 779
592 385
786 297
734 237
134 583
165 614
693 802
266 346
545 231
896 660
328 548
242 884
424 4
813 438
923 571
709 227
486 588
655 212
866 239
476 613
441 743
728 215
255 323
839 358
966 859
320 994
219 903
527 169
592 381
294 25
90 492
458 578
636 744
94 46
706 553
473 605
553 908
978 181
825 527
149 527
68 148
108 485
309 911
8 129
255 954
773 730
658 890
589 424
327 56
517 534
451 527
881 221
343 305
209 530
953 259
224 175
833 35
461 161
386 544
598 603
765 43
170 429
209 540
800 567
368 640
285 725
458 663
631 120
433 421
344 887
485 983
383 740
461 902
901 154
282 511
530 895
240 240
320 145
434 330
376 769
256 168
561 792
314 74
460 78
943 531
922 717
519 511
371 693
869 222
494 918
436 179
42 383
486 494
7 689
105 343
349 58
415 898
908 263
735 722
185 68
982 755
219 35
396 997
833 17
370 319
546 35
54 245
614 996
230 899
62 502
224 129
727 583
816 951
899 642
758 211
259 608
803 429
683 941
649 728
898 885
787 570
679 518
711 889
55 275
567 379
59 817
117 279
375 359
452 585
166 612
120 534
57 203
279 431
483 926
746 794
928 915
876 417
536 757
774 806
474 879
798 814
390 412
166 559
441 222
636 589
812 613
405 821
173 857
313 136
428 101
301 418
470 899
160 23
67 298
621 688
946 739
553 16
352 977
340 351
904 54
863 29
281 52
598 54
742 621
544 117
506 413
68 774
261 65
615 567
395 21
639 951
811 539
278 913
572 73
9 912
145 502
541 559
572 106
638 161
772 822
676 140
395 242
414 130
789 967
377 702
441 60
793 453
538 594
2 951
285 348
629 664
243 897
396 154
358 710
904 956
270 794
228 57
151 646
628 734
686 251
855 112
121 143
999 844
456 586
949 541
572 714
563 7
705 968
238 213
574 545
778 9
411 692
988 384
12 946
467 839
205 556
814 756
692 336
570 660
20 736
601 635
481 731
398 699
32 585
831 563
770 682
672 396
888 77
273 331
196 786
491 287
63 341
401 606
723 11
376 161
628 428
669 105
434 339
70 416
27 572
95 805
389 211
581 523
183 789
24 99
396 91
408 926
620 825
130 29
280 378
244 312
935 359
147 493
68 691
529 780
807 497
108 317
750 306
716 199
1000 834
156 888
179 72
404 218
379 312
825 151
237 873
3 250
536 181
647 144
346 905
471 260
520 79
447 489
96 219
95 61
34 98
641 645
179 523
269 955
800 775
561 226
149 206
364 893
95 856
649 255
298 532
807 382
411 343
622 252
79 348
615 618
948 124
800 302
56 966
213 96
300 976
216 17
583 515
653 90
863 880
912 709
851 160
519 576
367 574
440 647
435 633
397 773
46 989
951 625
960 612
173 271
908 578
81 803
517 163
451 162
493 152
449 754
804 84
87 93
891 696
117 687
318 959
126 667
43 117
452 359
679 770
148 937
445 739
107 668
651 235
197 700
792 735
153 851
744 303
957 180
237 190
797 349
637 487
814 908
404 89
801 203
684 562
168 746
934 478
966 761
846 613
360 527
382 861
18 698
187 126
100 699
880 845
453 548
331 217
703 595
391 838
606 390
601 682
462 974
646 327
968 17
172 746
554 636
711 995
951 262
44 318
224 247
9 314
441 233
101 824
147 369
586 387
864 545
253 397
229 423
349 263
985 730
944 597
652 591
642 366
893 965
579 179
889 313
95 450
663 767
344 122
202 235
927 835
795 600
516 368
103 254
677 741
990 894
252 269
885 830
704 700
592 702
284 292
634 900
24 193
257 448
39 376
257 174
88 629
818 788
608 941
293 745
862 6
10 332
181 996
361 181
350 947
393 645
862 632
498 679
595 454
44 644
815 856
691 409
452 302
748 558
436 135
924 574
451 649
462 79
70 8
690 429
950 642
690 755
140 303
253 50
736 169
604 982
616 143
928 497
581 938
135 797
946 107
217 920
174 178
196 100
638 127
780 478
615 630
933 309
147 852
738 88
201 571
362 622
545 364
220 216
23 19
564 595
429 498
905 591
850 335
107 618
668 772
61 151
845 564
270 143
910 923
655 555
609 518
386 657
900 1
134 297
540 283
727 895
517 739
412 637
166 955
657 966
605 875
374 830
176 352
507 597
374 871
665 978
785 387
256 854
81 416
747 558
140 119
512 364
232 153
358 510
130 352
627 91
696 48
877 198
518 109
708 108
633 752
99 690
338 869
209 500
490 963
805 697
616 660
75 888
167 766
364 256
961 48
269 977
401 802
193 460
863 333
305 7
295 372
495 14
757 16
726 450
460 626
594 16
956 437
786 543
487 33
157 532
17 176
122 871
16 651
297 759
497 846
423 817
180 565
761 969
821 377
361 403
974 466
926 86
423 187
417 772
771 759
797 839
853 246
395 48
959 55
587 372
838 545
743 853
845 912
357 467
985 55
782 871
192 726
972 807
273 337
513 570
489 899
511 289
844 973
635 831
876 685
733 170
460 903
14 327
431 345
781 837
373 100
368 513
953 668
550 871
614 798
240 938
553 8
835 595
3 591
506 167
474 141
721 532
358 838
151 381
758 429
668 62
803 564
526 973
983 200
838 115
639 828
64 715
113 607
248 826
899 49
351 385
872 681
815 191
482 512
2 180
400 89
895 976
392 688
224 381
650 772
926 964
37 670
259 750
705 150
772 743
542 768
524 102
413 549
79 29
136 451
800 154
363 883
713 261
713 599
220 441
738 26
78 79
732 744
356 88
935 272
515 308
615 14
853 770
999 343
414 45
388 417
813 386
487 586
758 489
682 238
151 879
405 127
491 440
81 48
203 513
331 213
449 87
878 118
828 881
526 69
788 427
339 576
31 329
405 205
841 435
528 816
746 385
996 617
714 136
461 719
51 447
451 762
109 943
569 750
773 210
438 274
960 742
480 797
681 922
886 588
978 624
955 154
705 147
916 933
483 233
304 613
724 485
668 69
451 74
99 615
602 914
233 318
89 580
271 62
477 68
51 415
736 241
620 752
633 669
75 548
735 192
490 840
727 489
830 95
81 947
73 492
403 737
297 945
347 605
806 248
745 915
283 564
870 655
526 954
929 139
86 864
395 841
242 409
946 255
9 115
842 549
563 129
363 619
413 677
564 985
548 926
182 201
597 970
401 931
620 749
619 638
979 550
106 281
677 493
905 501
10 222
756 818
902 275
999 354
61 735
887 498
388 732
256 383
672 419
799 386
418 308
913 161
587 466
622 499
243 355
424 93
906 992
471 892
228 740
143 934
225 922
220 272
780 76
802 20
689 396
486 374
257 16
883 111
620 687
668 230
339 183
651 394
643 634
125 380
70 811
55 84
195 942
864 207
202 705
99 341
258 562
283 950
394 861
781 178
158 392
20 525
18 290
409 606
794 886
809 85
150 629
682 6
846 574
156 25
520 798
510 759
835 949
877 72
582 471
890 216
144 513
878 282
247 815
449 873
452 213
122 186
493 632
652 963
780 951
80 821
442 173
934 776
712 110
340 424
407 940
785 397
580 67
887 18
13 894
513 12
621 323
472 574
52 546
29 520
994 607
724 496
145 999
404 426
829 322
51 760
211 691
446 506
132 715
112 92
471 390
133 956
684 708
907 945
750 45
465 535
376 650
319 88
794 631
210 165
485 946
19 152
580 353
612 788
127 53
410 697
599 376
825 162
485 172
801 327
32 115
418 551
574 333
424 466
561 565
968 188
485 197
471 873
449 505
129 84
758 454
71 781
373 540
800 814
880 705
860 687
256 984
660 800
997 988
831 399
240 642
621 721
539 503
771 523
897 335
872 901
657 324
957 541
328 512
520 309
979 608
767 352
503 250
372 196
5 372
168 961
232 422
78 875
835 712
787 147
258 640
388 319
413 688
661 867
876 725
303 365
692 405
416 561
92 973
278 168
728 167
124 847
470 461
832 270
966 866
625 954
616 519
633 98
355 691
899 752
773 910
724 622
84 791
956 513
12 130
863 320
663 264
476 423
301 966
128 755
639 338
185 683
294 661
904 918
948 98
235 673
940 71
784 937
817 594
286 662
82 311
277 50
799 919
799 424
888 137
159 34
137 110
635 119
616 986
621 480
308 844
494 47
907 814
893 701
116 783
608 962
485 338
154 530
975 909
215 686
55 421
954 403
274 719
547 996
205 973
753 844
345 497
952 847
560 709
780 115
803 245
322 921
835 227
615 413
389 224
627 371
937 170
477 886
675 827
675 724
524 612
510 819
533 362
29 856
658 501
48 215
451 243
13 565
889 378
979 432
479 516
471 629
474 735
273 420
269 819
114 865
600 182
674 461
852 718
876 804
256 11
996 562
134 784
982 786
406 121
294 640
838 393
460 859
721 219
412 972
160 873
185 846
993 159
188 182
655 281
133 804
703 155
271 262
665 302
344 798
458 420
109 983
403 166
575 354
128 345
7 422
23 137
136 176
213 577
753 370
925 241
294 167
92 918
164 855
608 476
588 117
867 802
820 911
894 572
162 59
627 659
692 812
35 677
911 1000
470 114
424 520
170 232
530 229
643 781
140 163
403 120
97 498
924 821
609 10
380 29
576 169
92 380
747 969
957 833
527 380
548 799
486 443
324 458
118 333
699 718
63 983
229 725
159 789
126 271
550 535
601 972
227 652
226 474
820 882
615 389
931 288
604 370
161 817
612 535
631 738
612 255
806 421
225 176
133 404
152 563
958 86
117 666
13 822
118 277
561 8
321 790
524 4
224 386
651 951
818 515
761 83
303 768
563 818
58 827
680 443
662 359
234 324
186 779
247 774
399 120
757 445
102 698
50 56
25 461
174 893
824 910
449 930
43 483
413 446
973 310
396 635
226 718
268 592
735 190
592 337
987 23
762 462
609 890
819 455
481 330
712 296
146 801
999 8
800 191
498 65
174 272
845 591
171 903
543 480
686 381
822 376
146 651
234 756
567 234
37 619
470 148
451 661
590 569
1000 530
824 26
493 813
263 572
322 949
630 863
572 955
719 102
378 621
537 361
40 80
766 462
629 336
820 597
243 217
889 468
557 579
314 599
996 603
848 522
472 319
271 528
270 644
104 97
369 950
606 860
976 796
43 442
966 536
315 75
631 338
614 568
689 160
967 952
150 241
366 18
345 956
303 321
562 712
418 522
662 882
618 135
350 792
891 51
197 988
796 406
297 318
117 541
718 602
835 770
566 101
25 125
449 210
625 869
770 74
820 753
646 747
433 771
812 612
370 651
850 227
185 553
47 802
167 801
400 672
779 324
220 925
119 529
824 954
414 568
696 219
878 998
603 747
936 868
880 762
213 426
842 826
946 128
106 898
507 738
251 469
126 711
383 389
379 990
762 690
440 660
652 236
51 530
800 24
293 875
891 524
252 148
106 144
233 508
413 976
872 554
506 696
793 166
401 623
843 615
753 586
5 545
759 680
352 375
573 658
689 754
548 571
670 934
168 327
569 175
609 244
375 154
30 334
657 253
261 290
922 260
678 796
139 959
72 743
74 383
407 522
753 988
499 872
497 172
379 814
395 122
73 605
617 582
165 964
492 723
15 82
903 512
273 960
174 494
943 638
234 807
227 71
704 400
397 162
329 223
478 47
815 851
419 388
221 67
753 632
68 102
821 870
550 342
896 139
266 260
962 789
778 235
365 545
302 223
450 872
760 549
486 39
963 582
565 404
967 479
872 824
267 929
895 921
579 108
252 915
76 145
717 812
193 386
916 839
448 991
437 94
732 780
429 613
119 927
381 410
613 453
790 397
165 7
936 625
176 998
764 188
930 664
440 634
615 27
595 933
463 266
62 463
269 500
855 894
902 492
105 847
280 429
808 494
631 48
46 203
906 341
670 472
924 192
638 83
920 660
789 772
531 208
815 872
265 405
188 742
130 803
295 326
573 386
593 137
530 91
440 362
658 205
160 538
773 804
177 559
999 109
56 95
32 397
787 439
373 478
342 160
858 640
888 350
433 700
724 645
238 694
431 969
106 917
475 67
686 646
16 395
348 182
575 46
870 375
541 833
328 909
253 831
802 263
330 313
560 690
257 803
108 45
5 161
530 294
850 968
249 104
513 337
294 186
1000 450
533 740
61 226
428 250
68 939
597 356
94 661
286 546
808 643
417 629
940 673
654 831
335 735
256 851
447 767
686 277
82 107
929 609
897 797
41 129
466 415
281 253
258 498
894 901
267 552
72 481
490 393
15 834
881 867
413 968
113 326
502 774
90 201
50 242
751 165
894 80
25 927
703 111
494 156
833 891
969 588
629 195
31 121
716 679
405 576
964 818
467 605
10 816
730 918
943 143
861 273
776 372
841 986
768 497
103 933
416 775
903 429
802 945
906 517
172 710
903 855
200 557
801 141
889 15
66 671
899 847
13 360
635 814
465 653
916 496
216 437
7 623
595 135
378 463
748 705
460 467
332 61
210 232
711 472
789 655
967 357
117 449
176 555
157 82
608 933
949 13
773 604
423 757
776 800
894 857
184 327
375 133
154 764
951 360
919 801
652 654
628 66
716 868
791 351
405 209
803 28
549 918
417 337
69 678
838 327
227 906
602 823
546 330
808 424
347 395
867 314
97 442
126 152
989 412
763 900
730 531
490 250
797 954
289 275
308 331
558 169
750 951
899 484
222 979
804 143
858 458
546 886
269 155
149 942
939 718
224 100
183 254
272 771
939 186
881 548
704 157
608 617
206 884
261 181
773 914
877 697
705 898
398 292
69 341
666 787
534 49
663 708
418 892
402 770
164 659
240 791
229 201
836 834
550 468
149 641
827 462
773 876
204 350
221 747
841 917
341 256
734 978
334 521
833 144
955 724
831 717
10 904
359 193
830 188
213 206
533 623
498 281
126 427
502 447
454 230
640 251
959 917
815 453
17 427
841 674
567 154
369 927
99 871
910 977
346 564
544 157
709 738
72 881
860 527
563 437
443 829
507 239
833 839
483 31
732 136
26 782
625 47
766 519
402 670
819 675
600 424
228 378
839 780
882 139
367 268
354 535
977 777
255 237
89 919
732 815
229 283
250 500
544 604
896 978
674 876
887 562
953 613
955 751
284 6
25 556
423 360
791 462
787 236
667 161
750 25
680 681
670 949
866 112
873 946
859 966
127 359
719 143
697 852
665 258
30 585
14 636
222 974
977 596
7 766
886 829
434 190
893 970
719 713
317 573
696 59
882 894
156 624
649 467
467 360
669 886
842 744
424 253
232 801
825 819
239 985
536 593
929 742
798 542
558 951
453 607
949 95
453 592
382 320
353 430
62 749
628 660
226 535
536 734
972 402
600 204
92 591
870 797
723 137
413 309
383 700
212 498
865 799
13 862
122 680
561 132
353 505
37 630
482 772
803 94
526 909
222 551
855 422
874 476
613 558
936 735
392 135
408 973
410 779
471 371
256 982
867 370
903 741
730 140
940 841
25 645
915 600
863 612
753 429
431 249
594 565
835 594
169 720
54 783
609 965
573 21
382 326
542 298
151 843
82 182
104 808
986 34
334 62
654 244
214 870
209 1
130 744
405 769
349 402
497 198
74 290
925 958
310 169
910 376
536 202
784 44
209 641
548 53
970 740
647 882
252 901
750 591
146 286
950 401
558 935
693 981
438 621
839 812
79 823
285 984
545 959
323 243
401 177
475 378
911 983
626 369
689 408
467 294
490 72
31 245
713 990
64 887
953 154
480 256
916 683
548 672
128 482
714 244
324 962
551 120
133 803
347 735
448 557
513 88
102 970
187 450
808 723
529 160
958 699
361 722
562 893
150 151
210 85
160 188
389 534
856 128
706 508
361 638
316 273
918 306
336 295
947 948
58 25
209 874
984 615
192 711
647 225
505 78
307 584
698 846
554 130
356 472
452 440
918 729
145 155
55 407
230 935
463 983
845 268
763 336
643 494
337 499
505 775
393 776
665 123
15 914
13 484
866 466
897 721
287 256
196 36
694 144
73 158
758 799
815 494
397 546
863 46
855 811
308 749
544 416
735 379
859 976
451 941
703 695
784 1000
446 204
395 496
730 448
230 139
612 323
724 729
237 572
262 311
469 160
829 18
6 268
36 807
851 907
398 213
539 21
284 811
469 174
760 73
953 79
492 216
314 71
244 150
231 736
604 639
583 405
353 197
291 506
243 653
22 623
207 49
987 971
348 513
266 487
880 875
769 523
98 482
192 915
34 263
366 660
994 125
902 33
858 578
960 679
153 236
782 593
441 889
138 593
30 272
18 369
609 607
765 839
885 93
223 828
856 744
571 817
335 218
440 254
87 62
223 513
375 317
440 340
938 879
673 809
628 715
713 2
666 301
315 67
991 365
260 74
635 552
747 192
735 782
523 465
780 628
643 812
774 634
713 312
781 938
579 273
773 103
823 199
277 300
593 408
988 395
533 330
756 708
437 725
147 68
275 304
869 272
126 199
38 508
37 157
680 338
40 18
466 18
443 516
556 442
549 536
288 80
878 347
489 691
307 84
489 684
740 637
734 293
462 877
529 490
567 821
306 648
410 196
865 62
311 446
429 29
621 816
315 396
937 929
983 846
233 603
405 722
196 261
534 366
225 64
786 945
163 660
463 317
203 156
137 682
524 857
154 116
142 235
145 930
641 791
563 280
711 376
922 220
141 583
993 937
383 535
638 192
866 627
806 426
237 909
930 885
548 352
840 765
265 510
514 635
947 77
654 702
317 396
872 216
627 647
495 316
61 453
828 979
429 679
851 89
418 84
397 332
709 749
845 570
528 19
780 483
672 277
760 698
500 503
989 955
462 706
614 165
469 973
465 429
873 260
618 132
932 103
540 791
513 991
723 919
33 27
892 956
800 235
645 283
710 679
863 790
297 185
136 657
379 792
512 725
561 719
929 752
366 784
496 922
518 736
902 17
538 734
359 306
660 1
867 669
817 904
608 168
349 56
386 438
338 789
812 502
598 649
873 466
196 454
590 222
462 885
981 667
325 829
314 633
847 362
691 8
765 327
474 895
740 289
445 817
717 394
634 360
815 553
751 761
296 655
781 271
645 710
64 541
322 511
320 874
727 244
486 555
839 430
38 246
142 651
656 227
137 185
920 200
639 500
114 859
916 969
83 504
227 382
549 185
607 996
135 394
753 171
245 258
424 614
676 57
469 607
295 194
945 561
394 154
510 558
101 331
964 878
156 865
756 431
658 695
47 837
776 811
258 677
105 711
222 428
789 39
151 833
821 34
391 716
402 410
376 634
215 550
645 297
468 554
404 427
248 73
984 894
201 490
306 853
113 988
324 317
708 828
386 281
532 589
102 642
435 754
374 396
530 605
171 221
18 259
395 603
952 772
756 962
309 32
235 949
758 352
975 776
618 40
676 641
43 644
282 397
999 695
519 320
642 795
507 421
468 102
592 708
956 842
665 15
796 419
600 313
462 313
564 860
10 69
350 722
957 639
556 690
998 495
605 275
706 806
538 211
803 984
999 717
289 665
94 165
606 552
692 513
278 974
332 244
899 895
539 190
227 730
70 29
100 690
62 233
508 556
43 88
542 69
841 30
411 71
432 706
212 28
915 278
738 69
72 204
310 244
555 504
431 769
127 339
88 779
6 942
691 704
653 218
12 899
614 846
751 764
745 931
682 671
719 186
203 802
89 504
290 122
764 705
892 139
451 481
135 916
143 308
642 645
851 168
340 871
556 336
610 920
596 109
535 568
244 564
461 230
391 27
128 112
3 789
73 145
69 788
359 154
588 938
776 280
772 70
717 902
463 469
202 982
186 674
510 481
261 838
746 545
504 671
208 671
257 465
223 123
378 314
315 593
600 465
524 679
961 958
853 346
683 260
854 31
623 500
949 415
973 7
494 517
605 341
77 660
987 643
31 629
523 278
744 390
871 995
256 896
160 609
80 634
80 475
331 196
187 857
856 580
740 682
466 575
804 618
397 111
222 648
928 308
169 795
861 74
345 844
821 888
239 256
593 878
317 757
515 262
621 867
459 257
759 726
81 303
2 177
527 263
879 63
172 9
847 147
859 9
97 350
744 322
46 782
34 864
439 704
181 755
903 962
287 824
270 827
855 176
362 786
317 716
805 16
28 705
776 10
648 541
395 171
591 157
822 822
17 544
182 571
725 872
18 80
804 989
796 158
57 92
655 591
190 657
690 75
692 161
717 785
498 481
920 739
772 284
130 239
336 1
636 715
497 689
336 157
313 177
873 332
805 977
139 40
332 683
794 962
525 388
119 990
569 77
238 391
502 26
657 22
458 518
191 116
615 879
370 874
244 366
918 203
1 656
485 52
674 236
465 292
779 59
829 723
657 175
366 189
359 930
960 270
727 901
821 997
659 488
290 355
285 871
759 209
194 301
514 849
887 594
944 978
414 715
290 906
253 640
519 737
990 443
200 745
382 982
434 482
680 981
756 303
312 678
877 97
357 275
646 486
548 109
629 728
97 332
266 469
695 767
201 358
931 520
805 988
18 817
555 651
243 141
21 117
419 399
343 248
599 324
631 157
349 199
660 325
853 948
456 372
171 864
678 614
192 211
148 323
473 118
305 794
10 801
126 992
659 545
1 716
581 520
562 454
378 485
713 554
834 593
870 150
410 843
278 603
702 29
130 729
100 454
188 967
580 337
705 462
639 304
239 585
394 190
730 706
101 700
897 331
563 960
924 730
464 941
452 380
537 976
431 379
12 115
390 372
532 960
389 825
578 342
899 450
638 457
475 326
613 483
140 423
971 102
523 829
536 959
778 462
989 169
437 992
408 353
989 786
720 711
627 484
158 712
146 659
121 659
549 787
592 166
596 331
727 664
982 365
963 364
578 838
590 59
651 816
444 823
615 235
156 205
878 75
414 621
697 492
78 96
747 592
73 850
913 410
366 632
619 141
939 232
306 655
926 145
218 617
2 155
924 93
437 115
724 484
730 530
720 72
562 386
850 216
139 341
833 290
348 828
58 708
935 449
853 899
661 881
362 720
553 127
73 56
909 863
404 49
954 488
573 762
100 582
826 492
409 209
673 536
187 812
306 703
282 70
487 778
596 321
195 110
527 505
354 23
920 73
96 8
510 982
292 688
390 684
437 283
211 14
247 967
720 150
959 166
944 84
785 310
281 958
195 380
655 692
350 158
454 365
542 336
995 171
292 561
745 108
312 917
785 415
288 767
34 222
247 345
213 268
967 621
939 353
189 801
957 575
412 160
164 440
611 150
721 686
70 3
543 512
279 577
186 473
919 4
181 369
44 433
388 632
950 999
258 399
947 206
487 333
230 337
791 215
528 820
460 885
377 991
472 165
324 56
875 731
86 146
461 39
662 734
225 903
322 827
811 243
265 614
124 155
457 663
194 725
961 80
329 758
696 343
177 926
946 241
741 587
641 124
344 234
407 318
354 424
910 203
906 376
235 386
882 524
143 718
308 225
458 705
364 536
83 890
704 519
988 827
104 340
443 627
307 24
389 548
968 388
867 509
101 168
500 88
468 757
713 184
889 888
309 230
453 71
959 563
156 144
911 152
274 210
786 784
212 362
471 389
932 870
909 354
732 748
343 306
435 821
41 812
109 431
986 612
300 967
592 278
648 677
919 965
149 447
593 754
823 240
906 102
361 735
995 507
566 131
911 90
259 846
832 52
228 378
255 193
118 575
166 769
952 464
74 49
765 650
446 50
477 50
496 651
221 749
11 808
106 334
807 1000
145 707
985 190
231 157
966 951
998 715
793 86
420 198
709 319
685 572
65 60
603 114
460 180
440 91
10 200
106 112
27 704
285 445
720 726
290 546
858 918
602 414
91 245
187 619
360 713
358 51
677 849
514 483
862 391
289 595
81 130
237 499
767 49
778 9
641 441
233 60
720 730
231 182
902 139
287 638
600 956
111 878
700 54
551 26
671 151
604 850
732 803
618 987
766 743
98 192
722 311
637 294
24 928
256 653
614 979
740 444
193 845
863 845
332 914
308 30
476 236
681 791
961 708
383 702
209 448
414 661
716 633
649 199
757 10
695 774
598 761
250 893
585 224
342 627
312 483
271 109
283 640
283 475
726 177
966 237
483 835
922 728
916 234
756 453
869 476
460 534
163 51
555 984
740 695
833 715
82 804
942 218
23 821
459 151
868 529
124 874
716 448
48 487
674 560
409 658
567 696
322 488
540 119
752 434
995 974
686 587
172 321
461 811
290 13
902 374
863 766
779 727
165 230
688 680
274 183
558 320
412 164
42 864
968 360
486 859
345 34
383 361
74 740
971 301
766 541
866 430
420 575
299 507
978 83
180 916
340 451
838 36
695 884
539 451
112 996
972 42
968 321
731 33
99 931
341 261
400 873
176 367
689 606
349 652
821 952
482 733
287 979
233 760
154 745
68 501
331 361
751 751
160 537
214 187
213 575
939 168
957 258
225 560
778 771
837 717
560 943
190 346
481 787
203 274
378 74
864 964
87 541
995 910
759 307
729 270
963 352
858 365
75 246
304 480
522 609
240 550
754 108
310 451
479 406
783 403
434 870
381 766
897 963
380 894
353 941
719 274
747 398
929 372
201 430
22 375
970 804
130 119
194 685
74 330
224 96
170 873
204 125
40 744
976 56
744 723
200 638
853 611
286 369
578 327
426 463
67 338
708 109
347 386
520 277
454 694
300 241
259 616
626 873
489 137
67 328
723 530
311 386
949 311
626 840
346 280
173 117
377 519
892 759
964 283
591 522
469 955
776 506
464 521
371 429
834 982
593 425
614 631
216 888
739 92
524 122
129 48
622 479
468 62
200 610
20 973
340 918
204 613
490 131
207 722
928 602
187 880
386 77
900 121
662 405
149 637
376 477
256 589
352 122
917 192
598 173
509 194
550 27
263 453
937 311
788 254
147 372
530 932
711 154
218 79
213 647
309 716
556 364
620 4
827 470
922 342
815 764
71 202
716 908
515 859
387 172
233 257
407 918
510 920
337 698
590 748
678 412
842 901
874 198
325 808
904 96
799 659
606 657
317 417
440 490
140 521
21 612
534 75
134 90
932 558
405 488
473 36
787 726
729 731
199 425
330 526
989 746
267 643
214 159
492 414
666 211
411 56
349 898
73 744
46 233
875 871
373 528
409 849
855 33
641 838
506 243
220 967
794 201
634 297
331 387
303 14
840 866
784 660
493 86
220 260
580 54
875 55
223 896
628 724
199 667
112 324
502 730
829 194
29 54
629 532
462 30
971 548
80 930
407 66
953 798
115 419
547 95
280 961
949 971
206 995
865 680
761 299
638 493
703 982
402 737
791 243
640 74
493 452
31 88
12 63
750 939
712 957
690 31
143 609
230 655
627 479
639 278
403 154
171 661
294 633
786 874
501 443
702 618
556 985
758 530
777 353
141 15
428 607
334 631
805 196
386 244
639 941
172 100
60 224
365 424
827 407
996 990
3 62
302 793
323 502
785 650
981 996
118 235
819 439
337 482
471 936
959 451
267 90
574 181
575 489
180 336
708 979
45 963
489 313
756 76
49 686
768 479
332 186
35 376
565 397
323 441
550 870
237 80
339 259
734 710
686 907
685 104
924 645
566 96
723 241
480 796
23 943
650 565
967 278
94 543
564 440
613 300
305 598
584 631
909 138
960 391
991 127
476 801
366 245
316 405
426 382
583 717
656 671
826 171
659 544
539 305
129 545
312 915
70 800
666 162
163 90
613 517
308 161
421 196
655 441
644 667
369 503
512 738
491 430
264 969
610 551
628 958
607 690
377 20
955 374
681 271
921 675
993 551
813 531
983 24
42 358
7 379
969 723
780 895
71 474
583 404
958 22
851 793
306 626
967 539
906 206
155 190
170 698
130 531
901 351
86 363
225 762
523 581
824 929
950 746
309 283
265 93
793 239
433 983
759 881
676 934
755 96
713 172
325 606
217 476
552 284
195 156
268 746
984 840
389 419
335 942
138 575
437 80
901 901
367 98
433 347
355 652
169 968
271 505
836 626
939 550
110 35
114 332
729 953
126 638
47 268
508 260
544 528
869 539
609 469
451 817
406 122
967 663
456 439
862 955
555 863
920 814
412 246
595 259
995 814
282 787
734 989
575 702
817 679
949 681
51 213
529 914
2 369
768 657
946 827
860 700
803 860
26 955
775 688
801 133
790 305
196 53
353 423
409 502
746 242
240 578
192 180
911 578
414 843
755 720
130 938
49 388
986 42
641 754
820 45
529 297
29 809
144 583
148 193
985 36
488 252
673 699
749 407
53 486
904 94
458 521
797 84
582 1
94 796
545 406
193 15
675 970
953 220
414 813
498 985
986 115
322 667
913 753
709 496
567 313
970 718
390 59
266 67
4 547
258 909
538 313
290 537
220 660
597 975
748 790
81 612
44 408
531 618
168 576
548 426
837 410
781 640
649 763
844 781
214 486
689 274
666 930
335 137
712 392
91 861
452 558
702 615
213 849
473 432
973 10
340 693
516 478
663 810
799 186
269 883
731 341
827 977
140 848
276 240
55 918
238 390
139 499
20 944
15 527
85 357
504 11
195 525
272 740
2 525
903 39
933 104
372 389
323 943
311 368
808 619
690 530
162 239
610 880
431 329
643 836
948 443
984 999
559 604
423 874
990 309
714 878
844 989
981 351
432 763
343 57
762 480
621 560
850 852
195 458
691 398
856 668
663 907
125 393
847 426
95 718
104 707
821 183
118 434
100 919
515 667
199 762
508 689
305 33
466 86
491 993
278 787
879 738
397 269
930 810
1 786
993 265
798 447
676 824
833 113
525 75
652 389
550 720
106 676
172 426
636 964
120 370
252 843
57 180
745 895
932 161
732 383
350 704
366 408
939 799
421 712
19 136
788 906
781 998
77 543
144 316
461 408
421 694
584 152
530 955
292 636
897 474
258 121
926 257
687 607
691 549
38 275
119 845
250 845
17 897
950 835
629 212
1000 927
961 372
128 771
668 806
335 705
235 143
169 886
447 659
211 850
855 634
542 209
868 650
107 766
705 985
62 107
986 540
870 991
919 865
212 832
923 546
787 984
297 743
344 35
991 390
352 669
898 193
388 961
454 527
425 217
90 895
269 202
255 474
965 827
953 248
452 98
390 556
860 140
805 69
912 482
601 27
160 851
773 961
354 864
880 120
185 972
769 678
184 730
453 155
2 229
737 314
960 632
873 226
354 2
385 554
39 613
761 541
460 434
831 765
365 313
560 339
103 614
454 655
124 558
674 57
574 776
254 993
982 9
200 459
688 403
247 806
334 708
172 737
639 976
335 586
877 399
659 51
234 93
50 477
362 335
829 269
879 852
782 696
574 802
189 192
87 530
292 625
637 119
793 456
780 955
473 466
67 471
267 870
650 243
349 75
343 162
545 897
264 728
538 274
663 463
168 861
81 534
233 452
902 487
254 694
561 760
693 595
966 743
160 576
415 420
751 729
281 257
881 249
881 193
485 438
533 263
225 970
894 373
894 904
798 883
639 493
317 112
520 437
880 381
418 147
773 583
64 464
892 423
838 751
487 94
181 60
830 569
959 645
494 459
928 197
711 411
116 656
376 501
680 580
369 854
323 805
350 497
902 569
908 741
275 942
462 681
94 369
128 814
380 485
560 229
488 559
162 45
699 182
257 534
616 79
773 734
288 667
915 903
979 928
338 782
96 238
163 734
969 240
379 330
74 429
865 885
996 238
474 726
780 185
253 549
50 963
848 260
432 538
727 494
352 829
844 791
964 434
887 181
740 397
343 418
927 776
610 418
465 717
820 846
191 614
95 69
473 65
61 582
710 259
793 47
326 267
852 628
454 293
937 348
428 715
501 317
981 380
179 130
900 575
898 937
670 161
243 428
965 970
145 781
268 860
986 208
344 587
714 772
940 268
973 323
70 929
999 603
578 916
802 598
513 832
869 697
564 141
232 231
328 66
818 873
102 28
308 447
46 866
178 93
521 55
153 280
219 795
549 665
728 516
411 193
870 894
562 743
112 967
246 551
893 885
601 538
558 37
258 727
814 460
452 919
480 130
619 914
409 979
101 847
210 56
721 109
450 283
711 992
665 439
972 977
843 641
18 400
593 398
968 385
970 693
463 52
257 651
391 616
891 640
813 130
751 342
899 300
832 676
702 689
654 665
707 528
39 920
76 731
593 776
499 309
610 973
699 384
198 654
52 255
914 257
38 992
442 924
423 700
192 103
830 139
321 522
375 770
921 145
106 983
218 299
49 117
177 145
646 989
134 62
794 844
412 693
134 750
159 878
452 847
264 454
860 489
778 490
969 297
833 614
373 969
935 152
720 238
422 490
535 905
931 967
424 122
548 108
483 574
615 872
446 301
458 355
659 412
234 418
576 536
424 905
472 176
128 526
460 127
93 258
334 999
153 478
908 692
776 90
354 366
369 210
946 183
300 808
2 175
253 732
562 10
422 881
659 319
848 765
193 70
117 864
942 504
646 279
639 846
827 357
812 344
423 631
149 176
9 872
670 333
960 274
535 126
520 35
362 736
677 609
904 850
250 850
640 217
524 515
411 389
332 223
391 728
88 428
14 710
710 327
334 964
322 200
86 240
258 813
978 628
58 494
787 868
249 453
786 558
508 351
153 643
685 581
70 450
532 678
349 998
221 103
248 537
304 544
529 619
300 423
625 254
917 383
135 713
496 82
694 606
244 456
809 67
109 672
714 249
383 417
676 465
972 208
92 243
635 47
157 333
369 821
778 77
45 644
412 570
75 53
263 73
814 391
153 392
372 319
452 244
780 512
711 922
727 576
443 488
124 102
83 993
620 932
443 222
397 313
49 358
747 201
621 115
301 352
247 981
916 964
588 131
266 659
920 763
647 632
374 287
513 20
220 988
77 138
362 662
243 795
603 312
616 481
725 195
260 660
449 974
500 582
441 181
842 448
15 525
180 399
916 690
944 48
775 117
112 8
602 477
55 579
903 335
842 48
598 415
863 867
640 916
777 528
798 688
449 124
97 113
505 736
844 295
834 568
734 736
800 856
483 801
279 267
841 707
610 965
885 723
778 146
307 410
126 393
341 422
219 140
772 636
240 191
314 723
428 690
437 683
65 584
16 717
780 648
477 915
781 559
944 414
419 972
806 700
124 474
312 889
888 812
253 141
251 75
159 163
942 839
78 639
671 433
263 421
774 406
570 536
150 323
692 991
351 401
311 428
204 5
22 717
896 256
981 304
32 150
603 435
955 107
21 312
675 919
836 294
309 87
28 693
886 521
692 906
717 745
156 199
567 169
207 862
379 745
830 207
37 429
586 316
279 875
880 310
578 686
376 442
967 942
881 940
462 98
812 391
592 735
442 882
704 496
234 371
672 672
988 531
572 604
814 802
273 873
672 889
963 270
375 836
458 677
262 912
513 883
460 321
384 264
318 949
628 167
388 416
507 811
736 867
443 605
63 602
339 815
309 6
723 485
695 111
131 632
274 870
422 143
922 14
576 719
285 757
763 792
907 340
517 341
15 783
510 452
78 473
203 462
301 476
763 160
616 73
955 954
179 850
239 441
479 474
574 918
16 744
404 644
471 446
429 644
558 379
937 514
195 793
102 902
711 219
128 554
471 437
940 337
891 312
989 414
353 701
949 412
68 840
577 333
617 54
563 966
191 259
898 600
193 289
387 43
236 141
508 431
116 56
101 453
240 924
133 4
899 930
448 269
779 898
164 439
92 504
645 673
959 77
66 678
736 713
665 610
574 563
41 589
126 876
704 393
658 196
981 625
812 69
13 775
511 714
674 76
353 410
558 465
319 501
203 809
372 595
609 258
492 929
551 605
18 171
679 482
386 682
934 563
643 446
134 992
674 479
920 467
797 541
687 242
983 456
989 128
221 260
973 40
699 694
725 24
342 945
926 583
200 280
59 245
190 745
551 738
658 846
412 398
881 684
525 543
936 912
104 178
632 438
724 316
816 426
24 553
329 242
544 481
995 957
441 843
803 427
641 223
580 637
874 833
752 525
314 857
988 947
632 185
813 872
929 775
733 147
179 893
534 613
55 933
406 402
963 333
553 787
626 597
540 607
262 568
532 528
449 79
491 200
157 840
613 543
259 430
572 322
584 503
64 287
160 697
755 156
79 447
751 152
511 793
950 620
654 282
346 325
512 594
474 882
785 265
470 774
70 24
626 891
279 299
505 540
343 772
833 843
402 353
487 969
778 930
619 761
770 863
985 403
597 442
575 606
859 692
104 220
226 276
252 701
624 504
499 797
947 12
560 765
511 658
959 691
126 630
728 35
299 374
164 807
262 99
168 502
599 448
717 70
234 722
631 942
947 593
466 436
467 728
184 120
95 910
961 649
933 736
931 737
622 117
49 553
268 32
798 601
627 386
967 146
584 206
472 649
154 550
445 511
684 414
732 168
946 393
498 33
871 458
189 553
332 363
341 477
22 487
986 336
724 44
68 327
934 990
224 598
514 957
737 335
230 570
267 700
774 805
446 719
869 126
698 563
941 551
800 270
999 369
830 293
615 501
332 816
753 849
356 436
77 264
28 511
225 404
38 73
476 712
263 133
19 791
687 583
952 209
458 705
591 151
309 423
116 256
409 437
623 945
622 219
608 624
442 417
659 394
591 7
531 236
317 968
363 92
953 145
758 184
624 112
651 148
139 749
191 788
973 707
74 130
539 268
287 429
539 210
137 605
884 732
122 539
376 484
191 645
269 385
644 769
822 394
39 588
582 43
738 707
605 15
543 662
928 126
130 629
173 214
336 338
363 236
473 420
457 60
39 951
38 926
79 725
584 883
712 252
572 270
293 9
47 115
519 662
143 233
777 912
445 99
911 223
836 348
719 278
303 518
126 245
345 389
784 849
102 51
244 198
488 178
887 119
892 344
999 742
405 519
528 683
696 363
491 188
464 708
707 712
207 223
609 11
84 692
147 662
936 711
562 920
842 451
583 330
354 49
459 155
141 957
947 1
395 598
136 176
910 981
233 243
902 722
573 154
647 218
779 469
60 953
622 882
360 687
921 958
898 309
286 854
824 572
783 927
846 370
725 737
40 195
849 361
641 965
524 321
448 577
385 752
398 195
176 65
50 591
500 416
120 432
793 345
941 468
41 295
398 168
134 12
715 520
670 672
218 877
635 356
770 982
886 768
328 645
350 725
119 738
664 585
633 499
119 765
983 784
893 6
102 120
296 175
875 324
921 304
307 652
84 594
75 186
964 93
235 937
817 227
588 962
277 991
167 497
950 711
578 227
421 108
356 145
16 865
388 406
994 508
90 865
615 240
56 197
793 474
818 306
939 441
807 778
675 1
969 186
633 839
291 138
650 803
748 48
227 30
677 210
858 320
243 988
621 210
927 245
159 450
272 319
672 508
693 68
745 128
472 294
685 175
171 404
174 217
767 663
916 106
895 539
393 268
908 274
984 688
638 518
840 900
673 177
678 61
990 303
918 24
417 764
393 786
819 160
587 599
605 766
931 523
524 76
364 541
762 1
18 145
127 604
859 933
120 432
297 506
681 367
896 482
734 871
472 266
280 543
726 806
944 581
910 424
579 196
515 197
506 768
317 798
75 431
962 208
251 696
151 270
596 448
382 479
578 532
532 392
33 288
33 609
228 6
272 545
900 675
402 109
161 527
754 802
155 649
414 293
186 284
492 762
488 283
878 953
59 290
480 42
56 827
611 324
958 789
126 429
202 976
973 491
642 592
288 238
664 239
684 144
254 146
152 765
560 898
769 974
326 344
133 234
317 490
813 867
552 31
646 872
504 672
118 319
557 604
866 896
36 624
32 636
795 409
469 9
273 747
399 543
418 301
579 165
903 235
159 686
774 760
807 475
574 464
318 540
254 936
354 340
63 585
227 950
497 514
844 59
952 862
527 44
759 387
784 209
526 385
423 704
831 791
376 192
682 171
151 798
758 170
477 819
211 872
189 778
129 672
933 578
879 611
830 687
691 770
536 707
626 283
869 684
828 213
935 409
924 23
709 873
387 742
591 325
608 449
20 58
645 695
786 822
415 157
810 233
388 381
86 272
689 496
436 295
17 680
450 835
24 66
720 505
995 609
816 929
542 516
333 830
885 506
88 685
799 216
91 956
514 547
661 885
185 560
435 767
181 266
831 310
648 788
716 701
54 83
683 263
928 890
452 815
929 217
186 509
126 978
949 673
895 227
197 285
504 122
727 269
338 102
310 603
78 550
359 934
706 557
86 917
468 66
306 614
4 477
293 476
911 498
722 776
85 709
166 641
159 126
684 884
166 799
801 345
733 141
642 21
951 22
980 65
611 238
714 550
666 274
316 859
58 415
777 886
670 252
587 686
229 584
478 732
792 599
624 566
349 668
966 765
424 436
224 566
44 240
272 172
769 866
331 59
955 993
445 459
259 505
414 164
470 220
41 519
372 56
716 892
680 949
718 721
691 7
497 739
549 165
760 321
612 465
597 279
689 860
470 417
369 374
492 722
587 725
63 457
677 791
369 322
741 725
904 284
665 712
124 244
961 540
932 206
977 440
313 662
34 861
335 83
773 627
162 17
579 34
373 866
115 617
230 341
413 738
544 32
997 535
178 994
482 271
90 999
829 413
795 297
869 103
69 830
359 44
698 227
745 930
603 319
804 914
138 635
285 623
503 511
417 441
878 999
484 861
647 924
340 269
650 216
261 506
319 686
967 380
342 554
700 914
983 721
124 558
958 531
264 207
430 715
629 741
685 174
856 331
662 238
997 627
298 822
801 809
450 151
563 756
489 768
128 673
570 875
548 675
580 180
420 676
399 700
722 641
170 240
368 464
270 413
115 315
216 783
721 393
890 340
620 390
999 912
226 484
653 28
619 2
749 459
324 273
959 422
980 830
251 17
235 732
820 782
235 725
342 321
369 9
178 996
739 864
350 578
121 499
960 37
24 804
484 705
720 835
502 300
605 869
898 437
144 237
748 763
967 440
812 681
856 558
139 962
806 829
607 116
702 343
814 735
637 964
453 268
544 407
945 315
60 886
460 402
588 944
184 426
622 775
445 487
81 982
385 817
278 645
13 885
683 477
846 561
830 310
112 197
149 192
778 165
314 461
150 784
219 224
627 554
195 120
544 871
415 887
650 680
175 34
771 722
218 639
823 945
498 271
746 402
773 969
137 439
544 968
544 74
674 465
604 308
273 929
459 564
359 413
787 631
233 823
967 238
400 936
172 755
80 571
52 631
351 944
715 657
880 934
647 614
864 771
734 463
848 33
825 623
304 619
498 413
336 235
935 307
266 668
518 86
48 824
382 154
500 546
382 371
425 823
587 980
457 850
296 415
81 694
876 807
755 486
892 810
686 570
85 729
259 784
490 773
790 759
833 806
717 631
126 551
746 994
855 455
646 462
135 160
212 63
43 299
886 656
613 151
7 636
37 452
273 297
471 724
503 336
236 748
840 536
470 585
110 623
238 814
613 560
723 331
872 822
759 246
805 408
332 302
918 650
990 676
105 865
524 550
571 53
10 491
728 691
719 364
60 676
125 137
627 432
817 284
727 733
377 199
684 947
719 199
182 987
337 443
74 64
568 586
48 339
578 572
439 358
985 594
152 431
271 558
936 763
153 388
810 518
873 770
117 862
815 248
576 618
395 392
232 919
121 27
364 468
827 124
674 503
666 771
444 150
768 127
812 28
626 974
703 33
327 847
634 352
100 240
508 232
530 491
665 542
284 280
43 380
797 849
248 45
141 363
672 866
575 535
965 448
864 527
465 154
76 238
986 791
141 137
286 395
676 944
334 454
422 687
543 33
9 937
738 415
769 935
565 772
452 901
477 125
474 343
384 916
104 51
762 310
521 329
764 666
615 493
984 892
369 917
582 261
906 101
178 412
644 586
762 180
936 585
563 557
156 171
772 589
572 761
892 993
644 149
39 480
96 201
241 555
863 461
723 402
129 705
136 767
975 865
276 538
633 878
997 328
108 310
969 643
322 249
787 355
100 424
256 474
384 889
869 2
871 271
96 582
456 563
420 986
717 967
252 452
810 770
611 550
617 524
145 489
955 634
217 804
549 317
153 527
246 383
127 13
213 758
150 818
869 64
275 684
829 468
107 375
828 752
600 112
7 172
925 129
501 784
263 649
920 614
693 106
142 982
30 6
268 672
978 609
720 599
499 20
895 770
557 237
988 985
773 689
274 566
606 405
105 549
71 522
916 911
216 558
42 226
1 562
576 93
703 185
441 987
92 161
958 347
389 412
711 427
44 378
77 228
824 603
871 348
889 120
780 805
624 402
946 833
952 540
326 482
172 717
42 623
992 387
541 159
838 5
662 88
190 391
759 694
771 912
184 373
587 604
914 704
137 617
735 489
899 353
979 52
622 364
632 678
813 19
633 993
611 402
912 316
356 353
43 737
951 801
886 582
235 464
730 124
332 538
40 38
507 920
846 348
377 482
986 283
857 184
263 871
223 253
353 301
644 643
909 100
981 851
477 282
218 616
620 491
114 644
224 913
327 741
149 418
803 7
725 678
774 114
470 189
744 309
917 825
468 249
568 454
316 582
374 597
177 815
836 562
323 449
495 657
507 903
352 231
427 22
673 449
351 108
864 142
251 962
520 282
763 914
27 141
16 62
853 93
82 341
553 815
348 366
620 525
862 664
613 569
229 487
614 722
973 276
143 485
797 910
665 172
639 850
860 650
298 697
941 934
800 40
98 709
488 464
582 738
271 651
794 121
820 886
998 385
762 835
917 645
577 867
603 35
739 542
613 427
660 628
842 820
942 471
967 64
391 293
52 116
613 306
180 7
812 92
267 159
607 357
105 895
66 694
486 32
494 778
572 1000
872 179
541 741
148 404
248 705
189 970
387 157
335 575
325 657
427 863
840 57
351 73
867 788
744 740
157 871
686 56
449 618
461 332
428 910
877 432
267 392
600 786
712 428
663 645
873 522
103 1000
621 163
22 667
890 233
172 516
878 898
44 383
364 92
410 683
214 220
912 11
526 109
306 161
387 748
949 175
854 915
901 562
461 537
29 811
872 867
428 362
731 786
67 509
883 171
642 714
326 284
517 7
215 821
305 785
623 798
160 725
472 993
749 116
226 669
244 995
190 539
509 642
638 305
799 830
584 113
586 929
358 258
362 880
114 766
71 256
778 957
2 763
517 537
473 493
292 317
82 517
595 896
441 345
643 871
824 113
286 902
726 168
566 224
544 69
655 814
461 978
152 587
520 990
573 578
814 891
898 181
400 442
296 790
431 660
620 675
796 324
664 598
103 235
152 846
804 985
527 730
391 189
708 666
68 791
69 843
185 697
802 141
842 417
331 128
906 860
917 16
159 669
860 617
383 552
89 331
829 126
670 195
241 849
426 307
281 630
684 300
807 669
685 655
169 882
350 890
434 986
103 848
907 228
559 894
457 90
424 997
762 175
567 566
309 647
59 895
9 960
87 789
9 759
842 927
23 773
487 635
193 404
77 120
562 332
98 514
8 6
710 745
150 408
960 503
553 268
900 899
756 427
668 176
424 342
801 867
793 829
310 28
613 98
111 147
292 559
887 405
198 882
250 508
887 795
926 5
17 206
286 672
777 876
176 382
105 230
250 791
242 686
185 636
595 145
546 994
672 645
849 769
903 139
813 708
243 568
55 785
495 835
479 300
455 523
289 306
878 901
940 571
953 67
679 977
557 159
241 655
936 667
931 583
866 148
950 104
241 556
6 72
555 580
675 102
23 877
347 956
178 682
636 92
309 18
971 245
405 771
395 158
823 488
522 211
705 516
883 146
759 810
584 31
894 456
231 444
384 845
958 744
261 45
60 32
524 982
160 354
15 770
259 698
376 956
159 792
138 118
455 308
396 721
689 814
897 392
689 286
510 960
85 898
431 87
958 389
756 952
939 903
56 658
154 221
194 953
863 535
43 607
494 614
460 885
713 675
581 5
299 902
492 895
84 868
265 35
524 794
513 7
808 352
102 456
763 807
960 25
884 470
726 317
270 250
940 866
687 895
259 595
408 8
316 238
180 724
966 975
27 216
743 147
774 83
691 621
461 105
220 645
451 593
614 871
243 461
978 757
238 437
193 530
300 263
201 468
662 1000
947 324
816 451
251 133
108 345
746 960
470 773
866 30
525 780
811 551
522 593
763 43
71 153
49 670
517 105
952 708
206 513
300 89
569 723
975 451
345 180
826 261
231 551
343 553
301 468
843 522
775 181
358 218
689 579
196 371
542 859
821 169
143 563
642 249
663 913
592 328
429 327
779 38
923 413
138 35
815 253
117 454
800 946
486 34
94 172
578 30
831 234
177 508
691 827
6 961
787 812
361 384
856 999
732 992
833 780
294 321
866 686
631 737
163 609
967 809
430 884
786 716
484 479
11 555
159 796
558 110
350 513
390 135
557 913
521 965
893 630
583 600
43 736
515 902
512 225
68 765
121 45
992 827
753 754
784 24
121 834
56 285
42 106
875 846
501 369
958 939
519 100
892 756
20 421
769 242
827 199
760 113
903 842
367 151
567 911
934 209
812 374
430 667
380 721
552 216
631 577
200 166
863 594
48 425
416 615
148 177
53 113
43 199
409 309
404 956
174 714
625 196
753 91
82 800
213 860
739 112
112 850
744 456
805 304
695 137
176 283
541 59
299 613
936 870
345 784
694 405
409 972
54 871
843 120
517 954
370 780
317 800
292 547
452 343
901 1000
474 699
945 89
382 867
787 500
789 873
452 40
929 327
323 628
438 961
826 528
320 942
659 123
268 718
225 605
783 651
731 184
680 392
359 288
943 249
733 66
752 799
21 892
701 296
782 202
242 147
205 58
990 75
355 528
431 964
646 521
795 964
913 373
857 675
762 402
457 489
654 866
255 175
645 644
746 364
873 390
765 587
337 552
13 940
43 235
352 722
695 154
140 714
389 895
338 197
642 578
955 562
84 76
482 209
442 75
954 955
568 491
488 710
932 838
599 650
982 404
254 755
310 463
352 17
447 254
706 220
416 820
274 601
143 800
211 97
934 692
177 492
728 852
524 372
273 339
466 188
167 834
106 907
304 741
897 212
35 367
876 565
830 586
846 794
585 523
509 232
408 181
506 975
492 325
150 4
483 124
318 42
152 765
499 130
260 979
896 182
129 411
980 153
184 50
425 87
750 319
670 945
433 651
662 393
571 930
474 868
779 934
142 879
582 350
751 446
523 812
747 246
126 680
965 587
382 342
278 801
149 119
862 288
409 741
803 733
11 226
822 841
373 37
776 245
932 616
956 123
369 193
65 590
528 323
35 872
908 182
917 121
698 784
269 24
752 929
804 575
668 576
935 349
662 871
426 294
275 301
92 670
255 947
736 52
448 161
402 3
66 682
307 14
855 856
726 7
651 559
62 422
283 824
782 579
537 80
445 729
881 525
515 940
349 594
250 293
895 836
608 549
905 993
465 961
36 679
234 359
757 592
13 670
25 98
36 218
797 28
122 297
1000 50
155 143
417 952
795 130
282 194
702 1000
12 360
105 384
470 191
383 876
937 402
907 618
439 48
391 127
276 27
985 355
754 843
872 598
464 765
911 814
427 714
198 970
172 371
480 100
592 291
258 537
489 742
671 586
840 510
642 786
313 536
573 619
721 828
624 732
927 907
829 612
537 161
307 352
547 753
350 35
960 880
781 216
798 246
70 433
234 397
526 697
249 642
609 872
744 662
783 134
99 607
186 887
805 863
273 377
278 354
568 462
500 342
647 260
413 95
916 206
473 792
220 775
301 936
447 763
905 134
47 988
567 249
410 965
784 937
344 799
768 723
840 755
529 322
129 92
185 526
50 457
347 30
277 304
23 158
199 16
709 387
581 23
741 158
945 527
422 645
274 912
583 465
136 864
870 599
836 712
387 197
391 462
646 81
854 132
553 346
167 717
372 515
457 978
435 917
933 200
18 621
206 45
188 886
27 240
274 540
294 88
115 440
613 206
214 773
253 501
286 517
824 294
566 867
57 16
580 264
753 676
256 802
605 559
21 707
25 831
245 308
969 253
325 441
42 297
591 955
525 985
705 541
909 951
272 833
552 815
878 492
19 802
890 820
256 415
876 440
569 654
635 89
522 265
179 425
300 173
272 749
643 160
212 523
104 482
804 761
641 20
767 729
762 40
452 917
762 45
926 517
216 467
806 526
387 713
298 846
2 566
635 343
197 314
524 582
382 120
572 60
502 754
140 358
430 295
229 354
935 628
647 294
111 670
685 991
692 545
457 685
514 467
85 391
831 712
460 59
61 450
37 48
18 845
295 504
434 556
643 947
145 338
842 196
979 535
640 479
365 539
177 791
956 335
64 900
79 223
77 192
532 13
541 97
982 559
406 354
343 566
191 34
197 260
986 831
908 922
130 648
921 39
909 913
119 445
66 148
484 981
97 208
616 61
589 656
877 404
295 928
112 54
193 475
656 716
445 832
756 595
232 786
889 238
140 922
671 630
650 370
232 916
294 638
802 115
477 450
982 395
826 108
980 824
975 33
831 694
695 471
691 634
146 948
954 772
985 957
394 633
270 23
67 893
880 683
107 722
317 127
357 240
837 511
787 737
221 755
257 449
360 621
150 190
410 948
166 990
758 323
125 843
674 787
519 930
250 361
738 846
321 4
806 796
350 734
437 355
122 775
946 302
540 487
806 991
755 756
440 319
945 688
322 65
134 253
536 942
109 581
217 723
525 479
763 795
461 159
95 319
27 346
359 206
300 852
167 948
454 66
206 649
405 21
922 539
506 692
920 928
84 235
973 718
377 275
166 664
918 927
597 120
383 888
398 478
320 381
541 776
339 660
628 9
301 54
811 638
990 64
285 843
213 337
144 345
264 847
332 816
163 962
298 853
55 607
988 68
576 526
610 306
611 378
355 501
367 77
227 195
344 326
298 911
144 790
224 653
397 480
432 231
85 950
939 535
704 9
749 578
301 734
555 294
553 593
48 584
345 101
929 296
661 328
297 681
673 487
143 403
356 338
492 977
641 157
168 321
620 750
168 435
74 917
357 350
909 575
966 917
569 922
682 495
283 940
862 613
937 885
892 52
336 821
83 663
865 731
600 843
690 8
831 90
11 354
28 430
469 291
780 354
751 834
264 878
398 360
813 564
101 274
95 60
715 1
227 665
117 788
28 955
805 754
592 602
87 701
369 874
737 958
709 682
343 306
117 110
755 416
78 242
640 695
28 290
758 319
444 331
682 336
917 419
540 988
223 953
266 174
315 633
262 235
412 618
737 511
390 174
866 415
398 220
220 419
849 172
126 474
971 871
642 235
49 580
238 432
981 830
154 343
257 272
108 839
307 124
403 551
763 375
77 336
449 172
401 699
797 420
565 894
297 961
313 289
204 479
147 999
554 376
903 213
883 258
80 270
659 342
129 369
983 132
569 666
275 530
676 6
876 524
925 919
402 751
77 657
406 852
987 277
641 295
514 673
768 345
455 478
657 893
142 359
36 611
136 893
899 932
394 240
785 345
929 84
281 142
666 871
55 457
525 172
462 925
221 698
630 714
926 525
515 349
972 262
38 222
150 892
376 613
93 536
336 265
103 505
727 873
478 19
400 436
873 959
504 102
154 182
323 310
598 731
91 301
494 658
49 829
875 609
430 932
217 824
774 887
219 153
932 243
130 563
481 282
416 65
378 885
518 106
969 449
315 529
490 979
617 895
737 88
256 638
188 472
249 956
86 772
707 907
472 514
805 728
387 584
467 278
549 896
748 778
870 589
712 498
686 638
691 310
1000 756
460 741
641 910
88 15
416 597
347 307
252 832
55 899
312 374
214 442
936 645
446 165
404 105
587 481
239 112
385 979
470 9
883 300
984 233
556 513
557 802
532 207
448 78
170 180
253 477
582 595
917 48
90 339
338 364
805 682
664 695
898 946
181 327
530 918
262 157
676 227
324 393
485 459
542 411
863 450
325 34
445 559
46 254
435 684
854 23
474 730
788 131
886 195
649 357
508 264
849 201
237 855
532 181
426 897
465 326
607 120
868 88
566 995
7 650
536 58
380 932
277 630
609 394
534 282
608 259
55 967
160 401
359 965
552 980
55 290
476 731
49 774
529 354
399 545
147 34
991 371
382 429
374 187
526 517
672 629
683 912
285 298
418 47
954 547
298 695
755 943
108 641
112 421
137 654
540 220
539 804
452 342
585 669
82 317
776 842
514 356
115 410
348 839
857 8
456 844
99 869
242 291
49 893
328 576
312 295
370 166
905 196
710 372
600 298
247 904
76 795
22 512
438 258
140 29
284 540
288 503
505 641
79 55
946 692
461 825
857 150
372 321
12 618
777 475
965 51
493 845
811 892
547 676
821 736
936 743
986 68
318 177
859 29
441 675
98 766
79 856
119 291
675 533
276 81
521 752
147 494
346 340
183 778
975 812
209 112
883 956
262 847
136 145
979 654
667 553
645 121
127 507
250 804
237 707
216 255
950 134
743 480
30 340
674 821
646 473
939 312
259 438
438 893
841 329
659 449
844 786
342 677
139 495
953 838
644 331
435 244
146 642
33 712
98 989
668 14
832 363
999 788
974 626
59 238
710 702
561 860
150 601
671 102
431 35
82 235
514 237
720 136
707 46
353 957
641 191
869 95
299 610
212 755
807 499
342 532
305 515
573 671
330 718
705 867
133 261
648 345
563 752
478 301
297 796
459 24
217 8
440 680
360 917
876 935
285 582
232 749
65 869
757 245
447 816
128 332
75 758
834 89
954 158
431 262
782 528
800 463
934 208
350 494
661 577
541 362
145 402
948 723
92 441
46 201
729 922
142 742
700 219
767 43
998 855
378 929
578 691
922 41
6 30
808 378
862 778
869 164
373 205
59 749
631 913
315 349
715 789
567 453
3 2
203 887
736 565
376 258
148 284
873 787
461 162
797 14
384 839
880 485
16 858
217 105
484 39
708 92
441 466
864 344
314 112
679 283
719 348
951 938
949 933
88 161
53 981
840 683
266 476
106 77
796 184
562 919
719 835
229 933
131 846
218 675
985 246
801 62
196 949
234 650
870 175
449 400
546 536
19 737
734 966
46 366
22 94
185 271
576 128
109 439
589 513
881 667
610 203
564 651
667 112
752 905
511 767
330 949
532 135
805 280
520 252
254 762
31 41
711 543
210 899
730 217
250 487
201 49
875 288
830 664
560 3
540 143
607 793
279 134
759 976
993 143
617 679
629 995
57 522
428 697
677 679
623 81
502 392
570 296
994 430
600 832
450 360
472 16
884 182
649 269
318 401
102 328
769 788
269 514
765 438
466 846
744 883
618 73
80 989
926 914
946 29
802 942
832 457
457 450
183 343
719 251
446 472
513 986
120 956
203 937
376 731
895 156
744 204
884 957
786 670
428 953
995 656
218 246
106 963
973 107
731 481
547 169
165 345
918 186
970 822
560 552
698 497
547 376
955 600
315 576
580 647
308 181
850 719
699 125
969 69
821 704
138 753
784 231
263 67
491 293
377 679
646 113
829 827
814 134
966 335
775 275
259 669
493 689
6 744
643 608
339 27
687 36
422 739
823 307
135 179
207 560
235 533
245 146
228 744
596 311
697 171
237 55
863 608
158 652
670 390
764 402
397 249
660 956
230 628
278 872
30 561
818 895
551 836
256 333
644 573
750 723
755 117
777 127
44 993
68 176
331 322
73 611
272 126
839 499
596 146
183 69
172 777
494 637
292 369
142 33
449 628
887 324
713 645
49 885
742 618
30 401
416 472
67 509
255 774
350 519
584 979
459 782
585 160
108 200
440 293
82 693
796 427
1000 306
739 570
873 733
510 608
858 520
112 152
673 244
864 486
62 174
486 373
741 258
758 541
579 383
525 527
836 655
186 502
899 215
245 404
468 101
814 703
770 6
38 481
91 468
666 491
739 903
208 537
788 792
35 701
370 258
422 206
541 652
762 434
455 382
291 468
144 699
36 160
74 836
168 217
636 371
713 738
2 994
956 204
391 433
603 166
660 766
267 448
454 860
913 435
658 346
685 829
611 71
572 552
255 266
222 892
730 349
460 91
974 448
526 197
303 34
60 264
277 855
186 421
495 791
769 524
485 570
62 204
299 97
799 1
136 144
546 611
586 257
953 897
957 862
458 839
576 577
207 952
150 520
386 917
847 686
628 83
96 711
196 431
926 252
151 696
618 137
626 476
181 834
228 304
29 736
729 513
211 880
635 221
102 722
517 111
742 703
985 803
839 252
233 603
42 173
707 399
11 974
214 865
116 923
18 704
189 50
345 690
555 813
896 602
286 426
776 778
422 446
86 762
981 994
827 337
484 618
675 186
492 589
571 7
655 994
504 872
582 189
116 820
860 351
317 171
268 823
115 583
987 428
81 846
531 234
620 703
663 724
330 406
140 65
925 961
932 658
252 45
729 593
472 448
986 421
238 238
169 856
918 299
743 103
798 488
145 621
377 266
377 182
907 935
355 866
393 823
584 63
496 241
819 786
488 772
474 344
110 288
306 267
894 536
440 14
648 158
957 77
841 151
313 175
490 800
862 417
520 570
684 992
361 669
572 444
928 927
962 733
431 998
216 979
681 587
753 20
407 211
85 857
82 847
203 71
92 382
117 284
507 53
710 109
319 542
279 210
253 535
791 312
348 644
142 315
387 123
813 271
768 948
417 945
712 486
771 166
844 12
733 928
65 738
318 203
405 58
286 1000
107 503
197 296
684 434
306 217
319 694
321 461
786 394
732 955
433 924
121 80
416 933
779 947
570 77
152 15
424 899
999 132
378 170
245 570
766 913
337 127
280 51
642 288
463 964
766 11
442 945
533 778
441 738
245 666
346 469
10 598
969 681
538 80
174 953
596 379
616 929
936 737
78 591
689 464
551 784
384 665
552 953
171 590
57 476
714 244
207 559
716 963
882 644
244 325
705 669
380 747
443 784
23 173
93 919
769 304
389 641
447 866
785 496
228 305
628 317
970 703
783 13
405 445
262 873
641 121
259 996
669 554
505 566
866 33
933 944
233 250
348 768
214 567
877 660
111 112
7 356
44 881
333 19
626 318
542 161
455 882
93 25
643 427
576 711
778 644
122 662
681 777
384 922
677 278
743 182
138 746
420 126
714 658
617 160
844 773
763 118
687 366
575 526
48 40
724 296
729 340
462 714
406 760
957 460
746 729
228 451
346 967
696 291
597 747
755 622
644 855
419 418
61 398
879 456
161 35
90 509
93 308
46 819
851 573
966 945
602 330
935 585
380 832
464 225
497 882
561 975
940 374
694 80
558 893
755 559
405 386
536 606
936 364
193 988
949 206
991 558
591 684
272 776
340 979
203 164
19 27
609 310
341 477
566 658
737 321
980 381
503 517
52 897
394 223
24 403
182 114
641 946
617 930
925 379
820 341
82 121
47 765
607 423
570 892
386 993
161 623
252 444
501 238
414 358
601 995
420 262
42 640
9 494
610 561
64 435
503 439
279 579
758 469
981 783
910 828
658 128
455 256
573 491
676 784
74 632
239 312
500 316
196 346
731 555
282 885
633 987
744 535
913 810
322 131
744 979
195 386
823 556
35 712
298 778
639 260
518 641
407 574
196 619
231 553
287 605
425 182
572 850
173 906
246 733
264 270
760 139
598 145
786 101
119 182
859 245
29 126
926 454
309 601
762 356
541 400
637 618
545 290
657 852
559 728
918 451
822 714
549 372
605 465
641 350
579 617
603 192
147 396
649 659
307 707
35 389
823 929
622 482
169 175
667 388
764 376
29 83
813 496
822 430
672 329
8 977
826 938
605 949
150 221
155 430
345 464
309 551
172 247
411 71
812 165
671 431
995 251
725 727
104 490
355 265
712 266
101 921
486 759
37 979
653 998
907 328
802 553
735 391
397 571
414 640
682 376
345 351
172 55
610 383
680 429
851 343
184 243
325 898
796 869
671 501
170 348
736 565
934 594
94 165
784 149
390 60
38 910
976 301
99 137
720 416
285 280
919 634
159 620
784 607
401 21
996 518
568 181
829 554
643 557
333 932
787 145
573 154
996 473
748 568
863 475
72 636
609 646
406 226
16 256
535 941
137 846
881 440
325 436
608 46
169 433
817 270
772 191
27 783
574 908
450 165
746 307
939 66
381 102
710 378
641 929
277 620
439 162
961 996
827 385
160 818
872 57
322 871
641 446
911 955
955 862
37 71
960 448
189 947
607 191
980 57
884 932
793 345
272 473
727 143
796 372
56 280
245 967
425 175
455 913
981 251
613 526
987 594
172 252
988 471
503 534
495 456
891 357
119 878
520 603
118 8
199 154
210 598
305 10
692 998
195 750
985 270
405 927
900 694
839 448
856 953
946 777
761 124
824 728
939 70
774 538
898 562
15 743
419 572
733 545
768 543
353 956
723 607
843 114
780 951
414 95
519 360
220 802
968 335
477 658
635 109
759 620
800 640
479 962
938 23
620 721
206 262
773 662
137 297
15 378
765 491
403 698
456 80
716 168
248 226
540 959
428 769
16 90
200 625
565 163
180 506
258 931
275 557
725 517
643 332
744 864
101 988
871 828
756 250
749 649
235 834
106 792
976 660
291 877
970 504
490 832
791 290
13 557
77 418
784 678
15 921
149 714
116 55
132 335
605 143
277 204
760 790
659 333
972 603
205 786
925 489
673 991
87 132
840 853
767 879
236 678
621 872
977 693
235 741
346 702
881 322
924 797
307 748
217 85
87 909
479 796
897 894
425 136
415 355
775 457
615 762
586 833
969 270
352 182
103 793
335 286
856 551
766 977
787 141
90 549
741 602
294 860
815 859
627 442
575 536
110 443
68 574
425 817
149 512
940 787
33 672
799 493
469 145
229 463
564 258
494 972
908 167
100 312
608 345
97 268
120 163
662 303
673 496
535 466
819 737
34 329
295 344
312 835
79 509
39 486
126 674
784 595
535 321
566 401
342 570
971 842
904 164
954 48
608 493
39 366
40 173
122 174
213 599
713 457
372 524
903 669
695 674
200 677
440 609
808 930
757 493
812 995
71 578
257 322
597 784
508 449
199 367
15 403
226 369
414 961
374 272
750 757
719 628
966 661
388 258
384 185
958 478
716 873
313 33
74 698
228 923
902 391
346 51
129 793
556 258
510 527
346 128
402 62
265 30
813 344
542 12
686 431
171 209
924 457
406 86
276 503
214 755
864 962
189 4
438 592
76 349
524 76
992 430
431 753
865 716
434 731
422 56
576 148
484 320
300 362
798 481
320 487
487 836
945 14
373 173
471 842
678 517
68 615
86 147
793 354
443 306
433 505
112 973
109 904
835 408
102 264
524 952
227 245
50 268
562 520
9 954
871 178
59 116
473 635
753 832
307 737
844 65
383 910
120 848
170 533
952 462
250 464
881 997
987 551
287 436
637 280
15 993
211 746
736 902
897 767
125 288
131 965
703 27
233 763
898 313
520 741
213 941
10 591
288 416
900 836
136 841
501 989
534 954
913 442
574 393
770 59
550 472
611 169
513 644
741 323
964 50
900 326
182 181
677 15
354 20
758 587
580 677
312 774
528 978
508 629
863 910
228 395
365 512
295 475
967 406
183 862
493 131
110 397
939 617
734 785
962 951
786 761
723 78
648 815
98 865
654 647
612 233
291 602
741 204
433 865
678 361
356 127
56 757
684 302
9 622
451 185
961 894
539 434
906 588
838 874
276 725
650 331
195 900
13 853
886 978
929 39
992 570
660 755
813 212
595 667
659 819
575 132
544 66
405 833
129 671
846 368
965 72
365 727
785 615
572 398
923 223
185 517
46 208
649 144
184 682
395 959
159 710
951 522
16 371
874 681
570 796
937 571
808 572
984 810
872 704
105 586
724 105
253 652
395 980
342 295
619 154
993 334
229 367
553 684
353 291
59 680
999 735
723 723
756 431
439 947
968 350
145 4
800 416
960 974
51 978
978 510
97 615
542 332
837 87
229 504
146 767
857 788
673 560
65 163
631 145
826 338
391 647
683 354
164 378
993 989
596 894
491 826
476 702
394 454
642 408
457 738
656 591
881 98
127 444
61 998
782 368
43 557
881 330
114 955
605 596
174 600
692 499
996 714
619 793
884 684
772 931
899 326
87 18
64 526
970 188
933 627
37 844
941 142
185 528
93 362
978 398
473 262
800 483
720 976
236 708
318 347
945 156
327 111
462 239
867 79
32 480
854 651
70 111
320 161
576 97
956 700
222 868
431 44
985 170
143 233
534 308
762 327
396 862
988 93
589 160
951 5
673 430
481 935
470 716
459 539
588 301
851 306
645 935
425 136
517 80
66 563
619 799
522 713
697 100
151 37
344 767
530 700
878 186
648 370
27 460
346 256
957 56
909 908
555 337
276 521
984 996
728 388
823 881
574 338
865 393
100 75
220 363
126 648
435 187
237 66
26 738
511 52
107 586
877 313
406 2
624 861
979 685
168 511
467 361
334 597
62 871
15 919
9 689
8 381
560 357
240 567
687 790
288 71
372 983
379 953
234 741
357 621
656 366
846 902
292 533
647 383
95 103
161 363
564 110
20 590
433 892
515 929
963 547
407 39
724 771
231 750
974 504
700 278
649 112
446 385
230 823
832 586
119 53
923 93
780 514
757 328
298 804
466 884
189 469
78 925
268 784
237 487
562 418
248 33
258 496
78 947
640 314
781 520
51 521
327 954
536 744
358 207
283 202
475 11
666 463
153 625
24 118
428 154
237 740
488 114
854 516
685 85
99 981
560 559
79 742
754 409
773 479
382 10
382 647
287 609
399 491
536 618
97 948
342 178
46 966
958 245
2 41
966 801
232 944
514 345
238 253
423 675
332 8
868 691
161 800
817 544
294 642
94 95
875 417
91 836
201 518
508 273
258 234
553 221
145 605
941 863
641 244
12 81
985 439
946 380
69 894
902 465
213 235
975 855
985 413
53 905
881 136
594 8
83 814
281 319
277 449
283 924
655 502
603 458
889 342
516 140
444 511
577 352
720 371
79 395
35 775
698 531
140 122
650 20
657 454
524 476
648 295
400 379
458 285
909 948
595 794
671 81
809 32
1000 921
239 570
274 148
450 725
729 971
979 941
339 837
997 2
11 458
388 37
874 17
349 369
257 735
842 87
527 978
687 710
225 526
678 907
773 676
90 285
786 304
605 915
667 947
407 707
858 435
436 731
529 469
688 515
30 368
249 500
982 563
261 882
388 900
806 359
993 700
97 383
762 184
390 869
833 5
128 24
285 756
360 796
273 439
965 357
170 854
989 297
901 197
683 236
565 45
158 152
824 577
23 377
311 258
966 649
849 369
562 857
967 660
336 161
293 748
912 336
645 473
138 304
814 566
914 566
565 478
532 692
322 344
31 95
15 835
428 409
146 233
177 831
651 469
100 179
87 479
282 553
67 149
866 847
790 241
284 236
811 102
514 950
493 247
955 631
932 422
956 188
526 474
81 465
614 451
140 894
65 761
569 391
474 637
426 210
386 488
997 489
986 419
43 825
905 214
473 683
549 365
115 520
140 212
133 109
608 567
170 190
257 184
618 81
821 429
58 545
309 564
527 643
986 510
371 370
453 667
85 725
964 85
723 851
30 934
236 496
751 331
625 848
395 370
169 642
149 649
601 566
539 95
161 473
421 745
637 981
953 9
864 266
366 507
902 97
853 355
414 82
400 775
723 95
219 152
164 226
916 965
796 452
673 130
454 57
383 141
613 678
277 182
1000 180
985 778
608 877
617 1
337 480
688 743
719 684
546 195
947 159
420 986
758 913
116 287
650 767
342 837
203 799
198 800
513 731
103 508
185 892
555 603
943 210
797 420
893 321
925 563
193 873
358 273
829 26
78 479
915 417
343 693
81 235
477 334
333 691
383 278
338 636
747 63
32 286
242 225
836 919
277 325
376 892
79 864
555 941
609 507
140 453
584 109
370 174
672 377
627 224
818 360
609 201
739 652
319 639
425 530
259 763
598 108
755 640
403 520
636 420
407 859
320 843
875 229
151 496
355 746
118 882
168 155
864 50
306 285
311 967
881 477
308 985
684 573
393 895
395 434
770 277
874 27
633 333
900 187
317 662
105 712
292 437
160 764
551 278
633 686
705 360
598 678
291 478
492 281
426 482
491 736
267 215
104 386
614 892
154 311
339 473
519 742
95 751
543 388
255 411
746 841
261 122
474 138
788 443
877 303
495 184
320 129
538 907
399 109
292 131
341 608
370 47
452 479
687 787
374 710
545 17
463 595
765 918
933 868
623 316
761 675
22 717
564 921
514 783
877 577
506 992
289 475
514 644
696 160
806 641
934 174
464 210
623 752
884 876
248 514
583 466
966 553
367 894
423 550
519 260
830 872
205 32
228 367
980 560
912 586
428 359
835 886
429 835
129 148
691 945
908 907
784 139
425 425
146 296
983 993
566 454
354 633
533 331
395 277
931 883
35 103
70 767
322 632
565 435
406 194
839 659
344 933
640 586
546 286
637 224
42 653
23 594
581 791
559 344
520 443
124 944
732 772
456 881
639 256
237 480
898 404
837 942
172 186
194 97
840 330
850 332
406 722
214 55
323 154
348 134
507 463
945 195
156 924
467 383
558 576
611 207
339 586
948 626
739 685
627 268
489 899
467 584
782 771
816 851
501 622
206 80
506 203
477 917
208 991
620 451
764 675
383 800
549 584
990 466
92 635
468 380
82 181
493 347
47 448
601 12
4 731
65 687
401 581
662 930
67 189
305 608
860 110
525 334
235 110
764 213
433 500
589 117
567 560
298 481
980 41
115 883
768 95
587 872
878 30
943 212
449 384
800 451
363 791
996 20
895 353
319 215
539 248
797 150
845 792
103 191
419 925
220 244
269 675
204 267
167 120
494 327
107 510
42 249
613 220
14 210
565 389
292 268
804 737
105 68
584 722
927 404
355 253
951 459
933 628
510 898
9 682
649 881
283 494
442 596
666 239
760 379
186 280
491 960
73 44
857 348
343 422
156 705
348 96
409 483
678 132
748 890
784 79
469 924
333 58
397 14
192 625
660 73
570 577
840 893
238 514
269 158
997 242
397 866
643 283
787 385
456 985
870 646
593 55
75 690
556 183
615 317
317 685
675 478
954 121
301 925
638 181
686 415
660 408
884 736
71 708
763 217
59 988
190 427
589 117
836 88
579 399
328 190
520 903
908 941
39 78
834 93
434 810
736 176
262 511
667 549
279 176
836 254
117 256
41 950
922 314
716 369
365 169
453 795
973 724
579 683
116 475
311 911
210 379
361 712
405 315
525 21
483 648
41 259
929 914
416 881
363 879
288 820
845 47
316 748
698 67
408 251
609 748
566 172
148 162
82 516
264 906
78 703
72 452
232 873
726 616
545 129
648 82
240 751
286 258
805 677
712 421
751 159
492 272
761 166
772 481
812 724
246 465
856 951
805 977
163 908
424 777
591 599
948 893
830 565
576 202
411 290
289 69
494 376
461 382
441 868
45 954
553 605
374 887
874 911
354 451
891 359
163 569
4 210
56 946
461 966
652 412
436 890
66 413
861 772
370 917
185 472
277 96
507 852
960 46
570 114
466 710
242 387
550 281
20 351
577 778
646 7
594 222
906 400
824 988
462 427
685 522
147 787
518 91
958 175
441 721
762 128
246 200
675 722
463 696
855 297
383 326
123 366
278 572
643 34
540 697
567 994
888 20
548 395
737 582
142 154
816 298
9 279
908 493
654 802
786 364
940 900
162 420
855 802
409 558
442 7
680 128
702 440
444 669
666 169
984 674
713 320
421 835
326 566
800 159
794 523
843 474
461 110
379 786
992 846
106 302
926 815
152 905
315 824
750 638
463 38
815 911
121 700
494 196
946 185
304 166
711 756
589 418
371 476
62 409
302 548
288 57
689 35
823 61
601 947
167 445
921 866
201 43
640 986
44 524
381 139
216 853
376 70
158 567
779 883
60 738
901 965
378 80
170 799
722 529
992 257
81 194
353 209
120 132
766 434
308 982
31 260
512 205
982 42
34 101
163 64
849 938
124 39
951 214
896 911
926 504
416 465
908 64
181 608
8 987
203 856
676 10
139 961
257 739
483 931
281 794
384 195
754 73
620 862
196 317
550 598
871 537
942 700
179 760
962 745
86 694
310 60
55 322
248 948
993 861
644 783
548 189
509 587
155 465
663 979
25 472
107 190
166 539
70 802
907 763
500 650
857 923
695 413
565 513
214 626
232 32
872 340
392 160
561 122
504 781
595 383
522 558
79 341
879 141
302 69
845 259
699 436
830 558
477 259
596 700
305 325
463 333
354 564
906 663
260 530
744 417
387 582
857 976
372 956
915 135
307 40
976 394
650 341
348 832
557 556
41 814
223 895
771 777
583 778
631 859
443 325
759 832
940 372
153 782
186 186
850 230
546 554
491 642
67 720
791 576
258 741
975 230
712 858
144 487
227 32
485 142
167 254
352 454
388 441
190 500
512 589
725 214
328 835
917 214
785 521
580 597
914 703
783 567
369 96
729 461
579 366
575 329
918 373
52 815
971 788
742 188
571 355
71 325
271 680
116 903
98 787
66 984
987 173
193 392
760 504
255 515
266 932
597 721
208 602
577 44
166 983
631 563
269 373
623 260
829 549
132 861
886 621
313 387
561 115
820 997
241 73
844 110
852 408
674 737
937 805
203 881
309 680
346 147
152 485
4 591
601 564
747 480
968 408
190 502
99 590
843 8
59 225
876 74
457 149
306 356
875 534
381 495
129 132
439 865
997 654
357 464
911 388
363 409
783 995
665 913
826 860
242 733
335 878
937 938
190 945
733 28
311 296
477 388
614 741
203 955
581 9
865 278
645 438
505 494
75 48
653 903
743 672
43 372
266 413
61 761
409 184
502 302
617 908
904 338
104 451
299 773
906 879
160 114
683 968
430 167
406 749
917 824
791 344
274 734
946 474
619 206
521 193
951 13
807 504
349 361
972 258
67 742
751 467
736 367
614 243
330 392
585 755
402 607
825 898
69 519
45 187
592 282
727 26
85 815
901 570
802 580
264 385
251 566
922 588
528 216
529 772
193 569
259 756
850 400
462 324
437 539
285 186
279 441
425 352
519 16
388 634
758 482
850 623
179 811
827 754
869 50
390 612
9 285
338 370
830 975
168 256
458 563
755 602
875 784
595 975
590 64
342 586
418 185
154 625
189 108
306 340
816 465
11 222
242 405
716 410
180 537
665 609
524 579
573 804
773 578
603 551
24 830
798 28
322 561
366 322
802 249
817 267
204 25
895 762
113 952
661 418
549 503
435 703
353 779
264 822
667 245
466 367
345 281
574 709
171 725
97 7
976 419
334 307
231 876
883 563
368 905
224 875
514 295
348 499
853 558
814 428
245 306
697 670
571 479
111 87
964 720
750 84
869 11
787 6
830 291
653 745
909 183
930 224
385 436
682 819
291 647
296 564
529 291
557 584
611 548
547 916
690 715
429 806
406 587
451 433
854 401
481 923
456 290
634 548
547 189
20 898
488 82
351 185
425 610
376 230
666 193
558 118
895 764
761 847
631 441
495 521
678 464
544 259
788 624
6 954
661 616
703 74
47 672
933 664
436 727
963 377
73 809
304 468
600 259
729 780
860 699
982 304
586 465
440 49
425 234
405 131
972 888
42 250
752 585
183 5
505 735
22 750
877 271
535 613
303 98
121 358
944 984
781 8
297 523
523 477
890 302
982 82
969 422
590 751
786 560
954 22
675 621
404 456
44 607
330 77
729 830
334 551
429 787
677 17
72 803
122 519
972 98
543 53
443 517
764 858
168 493
28 271
761 182
40 427
83 664
565 553
835 511
819 580
525 846
911 631
168 855
727 610
754 602
461 558
836 7
899 706
140 948
492 211
58 105
373 959
974 260
397 60
823 244
230 32
24 369
521 645
895 278
317 498
985 295
447 875
975 101
389 910
472 19
126 283
998 166
642 120
91 618
685 289
71 403
850 670
894 19
140 59
330 613
943 224
947 455
988 708
656 358
503 210
430 915
870 113
960 548
577 493
184 981
650 78
113 330
612 910
688 203
628 558
793 224
524 168
795 187
536 425
186 657
256 343
773 681
500 122
354 307
22 378
583 217
358 104
942 527
214 384
815 640
922 623
605 538
588 45
403 281
855 327
519 337
438 430
155 841
638 500
707 351
601 566
649 420
755 9
452 409
193 70
428 922
390 761
192 423
835 611
841 818
559 837
303 241
952 65
643 223
394 562
572 174
400 837
253 665
834 237
548 570
215 659
74 397
685 943
627 464
515 528
175 218
250 820
257 227
727 9
362 235
685 688
517 443
47 385
500 168
290 540
20 23
870 465
643 975
22 745
768 219
368 950
473 475
275 197
489 195
449 681
284 217
172 43
588 792
134 451
323 755
168 536
657 33
911 594
657 915
652 796
502 929
895 112
479 860
759 973
733 729
565 657
810 378
798 996
625 887
339 741
531 911
629 271
659 622
78 218
62 20
638 529
46 32
418 21
187 646
281 971
148 406
44 820
909 599
777 184
252 163
649 626
549 459
697 988
369 929
724 753
242 567
78 879
809 570
943 248
313 323
337 498
673 708
850 634
801 899
737 185
416 579
67 73
679 112
832 244
644 254
235 759
643 728
645 180
838 94
637 739
537 826
419 453
245 493
594 130
119 808
322 539
308 504
417 191
274 965
855 8
138 179
451 372
50 615
730 630
462 603
286 204
30 438
470 298
197 414
760 893
158 334
213 198
438 529
672 782
465 407
816 859
248 207
327 726
16 512
565 569
92 395
297 219
767 727
764 368
226 353
709 585
169 890
307 833
63 621
216 492
566 130
712 862
599 702
172 215
394 400
547 884
299 492
436 918
471 626
104 230
461 296
328 551
334 749
794 287
251 138
848 271
316 976
645 887
658 983
515 773
325 837
479 894
338 656
389 759
392 938
82 303
332 168
836 11
989 433
715 226
630 665
960 677
849 842
910 79
655 806
367 631
478 937
884 498
268 672
985 940
279 648
737 8
708 521
935 912
891 567
251 178
338 989
374 708
279 501
488 375
517 787
654 977
515 795
154 850
570 904
659 581
202 706
214 957
942 636
697 424
253 409
51 43
908 492
446 530
972 697
499 574
818 447
145 974
528 621
99 748
95 245
595 110
343 395
535 124
648 628
992 274
968 179
945 10
656 153
565 769
702 450
217 12
436 265
779 68
361 643
813 360
782 266
565 344
215 11
477 524
769 318
77 90
521 153
141 348
980 436
46 877
396 914
422 426
606 725
502 333
712 533
123 31
610 684
241 110
505 664
451 271
378 355
325 280
645 361
707 909
819 708
511 841
121 59
530 946
45 391
20 573
1000 694
685 973
312 59
70 312
727 110
605 790
606 570
564 614
577 889
85 921
301 674
818 782
470 967
832 938
450 611
97 179
951 659
300 514
148 208
987 577
393 562
364 346
577 625
954 872
255 310
247 385
114 990
627 746
427 808
651 70
74 667
977 185
200 233
963 691
665 265
620 965
443 261
106 290
545 679
558 159
440 811
937 455
826 846
79 483
586 913
90 268
586 874
700 164
504 313
611 889
206 628
82 723
717 869
483 679
24 703
16 750
229 893
17 533
17 210
93 233
883 972
639 318
493 324
666 126
524 963
476 390
837 119
508 479
632 976
694 33
279 922
22 325
498 157
352 55
754 613
613 311
318 729
766 279
457 828
37 866
909 386
259 296
169 463
508 953
845 627
446 43
800 968
308 886
969 937
793 448
264 784
198 90
939 486
309 866
400 978
402 678
712 674
652 707
203 710
222 975
253 646
151 583
106 73
700 404
620 948
261 102
496 456
930 374
249 195
727 336
516 103
656 36
571 32
831 863
54 550
199 84
941 516
941 354
409 226
293 713
720 986
656 14
267 474
346 315
761 286
638 781
163 746
688 422
755 109
85 939
199 179
444 7
958 346
532 503
868 685
145 480
409 100
436 463
929 771
222 64
547 794
294 754
170 443
390 834
1000 878
337 568
497 683
56 815
276 640
847 343
347 771
203 412
672 956
811 36
698 895
856 69
93 15
875 858
605 532
611 978
658 917
549 954
136 599
442 866
592 691
434 162
110 528
52 889
509 186
303 131
375 498
641 10
818 722
683 573
86 186
737 478
933 20
330 444
591 342
84 516
452 535
285 790
1 558
315 858
363 990
482 158
891 8
896 628
577 689
280 78
293 328
615 181
368 724
467 964
748 722
824 187
884 673
842 78
591 99
579 819
380 122
147 177
931 758
437 252
526 75
216 727
715 661
984 232
308 707
405 127
39 692
620 285
871 509
154 512
587 798
537 615
597 753
179 464
186 473
634 154
264 195
255 479
87 602
316 231
526 915
544 869
704 927
587 80
41 74
190 446
168 731
562 583
592 861
352 307
878 257
922 656
537 297
132 211
80 486
555 919
482 891
161 713
66 501
150 12
950 555
340 834
770 648
609 88
323 806
11 954
946 705
179 607
644 430
273 500
685 664
240 286
196 199
487 745
726 799
666 794
63 535
152 844
71 717
490 527
202 768
312 358
952 792
224 494
9 476
793 460
316 506
933 527
348 406
808 812
442 937
791 318
659 322
390 817
199 103
196 723
432 48
516 641
528 270
4 962
235 152
3 845
562 625
304 871
292 653
939 417
525 604
932 475
534 792
517 314
119 610
263 204
241 909
190 96
692 2
936 594
64 726
928 13
713 683
493 931
345 949
77 498
639 730
580 953
185 345
147 560
977 812
135 827
216 661
668 5
65 643
191 770
362 30
809 322
355 517
42 977
751 862
639 403
533 197
466 145
624 274
486 953
249 231
931 783
562 733
383 11
374 460
919 880
63 557
843 629
892 95
824 30
317 814
689 785
927 413
138 411
451 681
295 77
114 452
2 824
364 477
160 403
253 592
169 288
542 123
372 795
746 426
641 966
464 912
178 435
89 213
931 936
665 525
700 166
773 514
520 218
578 824
801 291
520 467
939 722
499 632
704 15
794 469
690 885
52 184
181 624
234 160
483 984
224 40
942 224
853 832
263 264
437 597
202 29
604 392
119 345
930 15
271 166
409 507
318 269
634 264
945 530
534 622
263 134
187 950
107 669
543 575
267 365
357 450
721 234
626 933
631 772
946 853
114 382
998 168
124 394
201 247
649 92
392 293
495 619
882 501
43 178
942 313
270 707
584 277
866 365
906 377
11 660
289 345
667 10
174 936
9 225
922 653
197 75
105 263
998 679
855 429
395 421
35 309
567 569
432 510
620 105
211 714
796 531
750 265
352 748
765 400
299 845
655 358
665 192
461 328
869 194
791 634
629 879
705 842
395 443
488 247
893 236
702 3
885 464
542 810
573 464
896 726
445 233
32 213
477 247
862 595
786 927
469 219
7 918
501 954
479 838
513 540
115 277
262 20
725 165
586 586
717 638
688 542
23 921
124 263
579 37
682 753
156 622
670 4
559 941
341 146
82 482
342 351
303 239
361 507
30 157
292 487
554 228
788 638
621 382
204 210
501 947
846 291
441 262
31 775
707 161
635 641
286 495
282 672
469 901
948 774
343 247
95 236
955 805
368 78
154 490
230 531
712 481
767 435
719 855
762 938
739 620
86 255
998 72
35 881
826 45
329 966
47 263
850 983
583 975
225 91
293 518
151 9
970 428
610 994
846 544
963 132
366 644
972 821
646 621
592 518
562 552
318 710
19 86
922 317
509 612
912 688
593 50
259 970
628 986
15 313
886 468
430 80
34 624
585 499
68 659
356 843
538 235
144 602
510 430
275 405
659 453
78 990
552 833
46 66
749 196
404 33
851 235
118 804
785 559
715 927
846 268
290 665
41 235
180 927
674 338
522 737
590 895
625 830
946 816
301 674
820 555
561 483
163 751
14 936
133 441
263 934
290 622
815 400
360 703
236 586
202 429
653 708
146 371
762 698
531 199
382 593
640 163
584 10
548 354
21 382
956 134
808 801
198 330
448 691
271 365
74 334
841 136
9 614
257 794
73 539
547 777
923 766
974 673
599 873
663 330
27 158
515 596
19 198
369 189
567 535
770 502
812 90
334 580
999 580
444 983
809 610
118 187
145 955
529 189
503 577
531 300
122 649
648 174
616 254
365 486
783 476
610 317
446 711
763 877
295 179
2 603
432 261
903 941
684 999
111 236
810 215
112 439
614 301
827 345
828 894
346 624
265 473
220 579
293 604
848 799
27 584
801 290
198 655
876 181
220 164
287 310
622 595
775 818
404 407
548 617
689 914
992 577
455 929
905 863
418 775
995 350
64 24
810 200
113 624
720 839
439 254
66 70
406 668
300 958
761 312
112 674
457 438
200 266
315 112
6 916
875 251
237 863
690 230
232 809
637 410
363 419
211 679
185 964
954 15
317 205
318 473
796 494
771 222
125 705
451 904
186 813
552 233
379 259
975 682
981 339
715 911
405 727
31 118
783 658
372 538
315 742
973 391
387 120
821 890
410 726
16 774
700 884
845 856
734 252
322 851
677 924
841 894
49 424
283 428
649 527
780 447
29 10
773 452
448 627
369 930
180 207
594 351
236 3
473 889
200 256
73 11
14 916
867 576
455 5
321 241
132 296
726 587
181 690
928 709
193 321
766 356
80 157
218 301
700 973
592 33
214 724
959 797
734 765
43 767
815 112
96 732
858 662
84 134
66 119
986 708
807 631
963 998
411 748
690 698
38 52
458 152
588 611
495 905
266 569
516 876
441 231
14 398
611 15
701 76
65 317
829 306
524 270
844 930
906 600
244 938
655 738
451 46
282 875
180 418
188 79
949 842
743 845
798 957
990 678
621 249
216 793
263 305
199 475
895 64
79 427
77 839
129 394
668 819
344 758
868 254
465 30
327 7
945 792
890 316
635 968
888 385
706 937
438 338
710 820
109 153
975 450
815 833
720 522
883 397
830 813
216 538
335 462
192 13
141 356
929 397
484 560
671 246
622 270
323 628
533 203
376 620
27 1
34 329
131 833
703 98
768 958
418 457
923 849
730 93
559 539
352 174
227 366
906 361
530 387
771 367
752 579
692 389
945 331
691 340
844 891
677 729
52 190
494 452
267 530
190 71
542 355
351 911
158 990
295 849
771 894
549 279
933 210
869 250
410 50
110 40
752 190
429 612
506 704
192 672
38 696
772 662
385 249
607 39
394 301
81 690
542 551
827 437
683 95
224 38
543 221
334 692
447 737
624 17
429 56
7 575
732 369
931 676
532 289
650 175
42 586
953 207
631 303
790 891
747 169
327 250
702 668
947 78
822 655
639 134
549 428
268 761
10 52
583 888
644 249
930 505
612 301
606 796
870 313
691 774
744 706
324 753
322 474
411 327
364 579
119 548
446 128
963 961
583 632
371 985
162 979
853 493
61 460
11 732
639 895
269 163
600 955
802 896
622 201
937 41
375 470
916 601
82 781
899 401
230 863
230 59
475 823
761 312
198 762
688 880
75 6
202 98
163 941
533 981
362 977
449 172
927 389
979 316
631 598
318 790
636 398
635 950
793 115
970 134
286 809
480 151
75 188
560 11
211 579
173 208
630 105
435 939
52 251
237 17
294 647
383 867
772 556
649 893
439 768
387 454
929 571
90 704
854 33
979 586
554 144
323 65
868 763
401 861
7 25
70 595
278 49
460 168
110 283
988 497
426 698
605 910
288 88
726 919
197 400
727 752
662 760
250 704
219 519
261 630
560 381
351 262
143 362
199 429
827 914
108 371
392 178
179 151
943 48
109 723
245 427
990 753
896 942
860 679
353 405
784 49
643 689
607 229
960 861
645 319
602 451
98 822
409 484
638 865
856 637
395 53
712 834
431 345
159 879
443 517
166 225
837 143
547 30
829 934
945 21
643 785
752 8
106 293
451 997
679 888
458 731
123 265
519 656
853 220
861 619
355 325
797 108
285 346
939 423
806 882
880 566
911 795
562 310
932 417
7 616
748 465
339 349
101 823
273 457
966 71
984 682
299 807
35 474
975 193
272 212
49 503
569 170
762 527
346 589
371 111
252 348
256 582
276 709
601 94
701 642
758 434
866 110
233 748
728 115
241 745
897 334
168 103
547 105
970 32
614 783
378 263
75 324
381 815
783 255
737 844
471 868
837 526
721 430
104 307
516 586
483 880
344 499
318 790
760 123
539 913
158 98
211 382
405 844
672 866
456 413
962 13
259 228
83 634
189 341
678 130
323 235
972 675
275 59
91 536
150 712
288 438
325 108
646 631
261 467
986 604
920 987
196 307
245 793
928 876
370 111
266 179
912 450
232 342
847 440
90 40
212 611
382 745
206 283
317 865
413 359
253 567
695 913
620 570
406 864
514 728
945 521
645 859
24 65
892 441
549 524
474 800
899 237
736 437
370 449
392 214
730 707
495 84
144 680
14 812
653 326
99 402
375 739
90 148
792 761
571 954
595 492
635 192
695 840
420 284
218 236
416 639
409 541
721 611
375 228
510 316
462 179
681 599
593 391
329 217
164 361
771 108
537 430
91 904
14 675
521 569
204 408
982 555
864 446
738 161
872 329
612 380
822 402
561 268
649 728
918 345
625 182
206 392
441 314
532 987
166 989
329 860
661 634
432 276
108 29
327 721
721 153
154 666
589 702
583 277
642 91
337 941
347 367
604 740
493 527
21 390
4 26
20 501
899 392
502 827
586 960
851 28
892 63
165 658
635 378
690 34
226 590
449 142
627 61
50 679
699 286
905 26
92 536
438 850
658 146
398 747
716 685
958 73
880 245
484 255
535 48
747 401
354 519
803 833
89 518
341 444
375 18
151 296
773 134
652 866
846 524
877 754
433 207
15 734
189 854
989 432
786 81
12 459
515 267
183 580
214 778
687 173
400 39
10 428
551 417
540 918
165 11
174 863
612 226
213 692
280 547
465 342
24 616
312 463
14 95
99 997
927 598
54 971
829 157
934 638
113 655
645 116
447 83
489 507
38 232
245 78
710 127
197 478
608 799
830 83
428 190
416 799
989 379
312 495
670 517
431 718
184 378
63 600
946 213
247 758
492 689
246 535
642 149
659 99
163 498
616 707
382 99
929 724
181 620
670 552
436 797
609 182
345 308
691 965
923 126
99 574
729 449
506 79
754 35
189 376
814 772
601 605
584 986
223 19
607 587
219 855
787 43
925 195
615 984
392 989
297 918
309 215
900 859
98 907
956 799
297 636
194 180
555 718
375 544
203 27
191 41
864 23
830 229
384 688
211 856
396 826
562 657
474 657
605 107
100 833
564 645
224 427
904 189
905 597
361 626
867 237
307 710
112 765
502 571
53 100
612 738
385 432
763 627
664 514
732 432
692 19
507 652
577 863
510 883
310 688
210 758
166 506
758 998
330 632
156 472
686 752
752 254
97 930
363 737
135 277
592 455
392 12
932 105
868 409
709 252
485 72
395 121
877 865
595 245
164 505
648 604
643 842
371 602
585 468
316 912
931 870
212 990
994 978
729 201
211 548
760 530
803 365
343 923
71 488
460 745
285 104
488 411
679 627
202 654
507 348
787 80
719 820
167 19
1 353
38 36
731 751
620 146
240 571
906 221
371 336
940 757
318 526
730 456
888 460
429 728
426 456
352 318
472 148
123 647
651 705
998 539
817 119
488 976
135 433
751 505
119 879
879 193
724 104
909 159
434 961
27 535
117 737
925 283
590 854
585 731
801 777
12 777
944 412
248 64
618 621
921 216
212 852
663 202
170 71
391 711
625 248
202 799
980 369
301 732
936 808
360 567
583 531
696 156
97 22
315 124
98 763
493 404
911 855
414 887
620 433
75 904
944 786
572 40
631 409
319 828
448 429
53 701
526 181
940 50
83 495
916 557
787 558
632 500
341 334
4 260
173 28
809 408
584 67
374 848
379 428
306 582
587 641
796 391
716 681
46 190
198 204
160 856
26 30
552 553
838 689
481 575
168 72
233 242
436 748
938 501
640 269
213 721
609 926
670 118
869 770
869 805
263 550
932 604
667 713
39 617
628 979
340 692
168 385
652 737
811 630
505 346
614 461
783 505
783 8
950 171
900 341
594 406
561 517
221 559
452 276
717 982
271 713
74 983
457 557
545 871
693 353
724 119
977 582
4 250
939 685
768 397
14 841
290 572
750 754
365 95
741 405
232 186
592 56
14 300
515 767
866 773
693 320
874 615
741 245
348 226
919 466
262 845
761 474
99 387
237 623
669 134
249 724
370 46
704 230
501 753
847 690
635 307
37 882
944 225
551 472
830 865
564 280
989 74
394 619
487 626
843 479
664 313
364 680
259 410
980 11
323 10
907 600
868 374
824 707
719 282
512 28
441 700
898 57
724 275
851 868
888 390
129 426
414 87
785 406
119 379
97 770
115 169
236 686
37 451
376 698
652 391
814 168
424 302
725 102
64 579
273 396
629 280
132 367
286 980
672 754
187 786
827 622
478 491
781 949
215 432
13 577
459 714
785 189
106 504
984 378
699 924
411 486
276 371
873 409
550 909
565 878
444 649
947 177
382 852
61 648
490 314
512 107
831 478
406 62
888 220
943 889
859 4
813 515
202 727
789 711
833 904
285 869
880 964
731 160
691 799
845 396
873 971
495 47
320 452
542 684
427 103
711 900
965 298
831 635
696 115
283 726
797 849
601 975
457 121
150 702
549 724
442 22
993 224
251 272
600 850
73 970
931 393
648 607
613 966
811 26
981 877
173 276
253 64
739 640
410 185
172 745
735 8
300 801
762 363
390 553
415 309
619 904
457 543
423 330
312 763
107 411
960 720
874 5
435 599
883 852
905 213
427 773
182 137
261 775
64 87
759 940
796 546
193 881
552 790
624 195
489 839
676 136
719 961
821 277
27 582
658 472
778 378
687 318
211 463
561 109
712 905
107 612
87 18
56 247
171 219
111 261
982 727
256 630
893 936
970 142
566 256
907 914
20 940
888 23
917 765
391 66
117 606
679 285
337 990
754 704
913 995
562 133
728 358
401 38
507 371
477 546
410 852
796 311
399 736
784 29
770 251
607 64
304 885
499 964
450 342
993 40
78 875
195 713
790 424
956 387
521 112
920 760
804 788
524 731
496 540
627 286
500 573
451 478
584 918
281 803
697 896
66 414
828 633
685 920
280 587
730 940
715 990
428 727
789 246
694 121
831 499
138 595
323 234
941 535
720 737
474 656
634 805
150 944
438 10
632 444
231 633
443 587
414 184
827 683
838 750
652 170
687 361
734 979
92 373
254 481
224 687
856 746
802 163
422 448
84 298
629 760
43 615
786 723
21 417
704 755
490 573
663 338
299 73
480 25
619 410
384 712
796 343
870 845
337 623
331 85
342 841
800 834
908 437
974 84
799 681
770 94
208 688
150 752
519 459
48 517
262 801
410 360
586 642
988 714
382 599
22 396
41 907
339 645
774 501
870 407
965 85
816 794
327 615
734 795
512 282
3 165
535 36
396 747
89 401
287 756
928 232
182 101
739 789
454 276
556 587
509 756
967 925
424 159
669 163
490 233
284 489
676 296
56 389
154 401
8 541
547 954
557 391
341 957
575 744
162 240
985 503
973 228
655 782
221 564
875 475
902 480
876 363
432 629
907 897
809 393
185 776
282 357
676 307
895 352
197 807
742 796
177 371
140 718
127 114
202 728
782 761
614 876
554 649
875 291
17 817
509 291
936 645
191 857
586 457
969 248
610 602
898 555
165 327
904 760
840 185
788 685
713 433
427 785
264 222
363 387
175 297
489 515
30 233
526 118
654 408
903 285
600 380
74 203
177 301
354 651
168 194
75 655
856 184
791 496
892 313
623 40
136 681
717 172
787 549
206 794
951 598
58 658
578 151
537 470
287 388
266 1
535 246
372 507
523 562
126 205
7 244
525 989
985 876
613 845
539 921
485 50
118 517
382 386
99 372
228 255
692 578
752 730
384 975
796 703
546 152
281 439
60 702
80 529
898 46
606 47
460 610
938 87
341 33
414 605
677 765
623 422
980 44
740 201
338 812
737 863
747 601
762 985
629 554
621 105
355 440
318 296
421 564
523 117
570 327
176 873
968 636
865 233
238 359
361 813
386 933
799 30
210 96
296 775
785 825
636 258
32 749
702 541
835 94
599 933
498 723
20 174
496 984
581 658
975 394
687 873
279 328
660 821
38 879
315 919
912 801
531 849
500 833
428 308
480 789
528 667
988 991
251 46
268 203
438 76
722 209
994 132
731 460
905 529
720 779
803 315
138 270
716 205
888 37
301 896
314 567
784 686
267 794
403 188
678 394
999 726
435 516
633 763
382 210
895 609
69 683
29 332
79 327
244 348
474 201
450 682
676 39
814 666
581 912
185 653
967 691
569 200
227 776
792 729
298 258
261 265
31 200
234 31
95 437
323 561
516 96
579 382
216 336
338 945
66 71
635 472
399 946
743 153
200 364
172 368
569 477
409 403
135 301
847 231
85 726
713 201
768 449
753 914
864 807
478 907
132 911
524 287
136 283
924 27
443 543
102 119
678 818
518 353
638 252
457 601
128 510
988 612
279 344
198 701
486 345
706 639
665 134
177 176
100 62
559 362
789 602
28 117
12 653
667 957
373 266
137 778
816 486
100 307
311 852
127 857
609 459
513 67
778 640
403 650
424 478
447 277
63 733
744 455
994 301
880 918
40 65
777 903
717 498
709 967
651 931
474 361
124 144
219 217
684 287
831 149
518 533
427 901
662 573
400 502
876 950
348 214
942 719
723 785
656 568
813 680
1000 91
63 475
760 398
742 204
627 135
59 595
542 487
276 606
275 301
578 468
598 486
321 866
276 82
704 25
414 457
716 977
988 308
529 545
263 588
898 702
401 982
563 820
848 605
852 287
785 154
72 648
796 818
966 559
115 33
822 576
68 994
270 481
254 692
195 347
505 266
667 627
378 636
686 763
946 114
688 412
590 321
598 879
682 259
25 793
537 127
775 884
462 516
825 690
405 580
61 680
446 898
792 53
652 793
461 93
784 134
117 830
551 267
332 436
627 4
774 703
142 30
195 678
357 817
89 399
299 790
105 339
904 107
765 247
724 278
854 470
252 337
377 748
926 498
377 21
546 96
822 404
823 576
889 749
268 472
547 842
36 865
293 355
513 11
526 465
591 96
573 430
552 953
869 229
259 663
251 497
818 898
715 438
435 743
990 187
728 230
604 575
707 335
269 765
115 85
91 170
23 592
826 696
125 72
148 22
864 103
248 527
268 45
985 384
264 468
424 974
144 601
213 63
754 996
373 858
559 782
616 640
729 178
892 851
559 317
535 87
623 573
166 525
862 800
466 477
553 831
109 710
949 999
450 817
428 635
362 714
553 811
195 365
50 893
577 350
435 844
517 270
427 876
826 668
316 547
541 689
885 269
524 368
752 218
332 702
895 451
562 111
939 36
537 175
278 84
624 376
607 578
218 678
799 714
815 341
649 235
866 720
487 179
773 831
776 891
699 572
572 61
205 950
708 544
450 540
625 660
127 982
563 710
123 898
32 918
622 788
305 706
513 192
691 59
738 603
415 597
84 188
360 606
865 866
794 682
945 458
606 268
297 221
766 273
948 821
683 365
587 925
233 414
182 377
543 582
861 163
558 40
126 689
398 936
1 445
693 174
138 187
427 453
742 251
322 414
517 280
920 26
754 75
622 166
362 580
447 198
48 788
994 493
255 691
310 175
905 451
372 195
714 463
83 715
800 638
686 404
242 204
70 167
97 600
413 470
980 407
94 783
256 697
83 183
130 706
569 714
637 235
712 310
654 824
574 516
230 947
748 747
984 759
664 453
551 21
16 442
20 715
385 743
758 94
381 728
3 344
783 412
797 227
17 500
276 910
450 361
995 780
87 551
844 452
961 731
417 777
541 877
619 679
487 967
278 244
801 653
890 132
573 89
177 792
854 806
852 963
655 991
822 771
47 186
765 454
64 612
269 946
887 153
386 560
335 1000
633 925
296 928
149 895
453 924
102 925
495 546
677 509
966 568
994 941
759 169
442 692
756 148
551 994
587 358
628 619
807 54
49 771
891 835
712 139
720 233
745 31
690 900
765 417
404 681
285 94
117 997
96 138
976 513
705 467
246 834
393 530
277 239
794 192
93 476
877 147
907 64
309 111
487 758
286 386
803 164
156 749
454 783
239 13
995 769
469 99
283 121
949 612
635 50
134 92
4 311
144 817
709 549
673 334
999 455
951 588
345 285
929 485
631 9
991 924
562 416
462 526
735 56
503 975
277 79
211 5
146 703
846 73
560 782
423 45
791 935
469 551
298 970
395 481
791 912
384 703
405 661
804 512
756 749
821 683
378 268
228 974
869 153
640 286
462 41
721 265
898 363
97 827
515 59
919 773
950 365
784 525
170 994
408 387
361 424
278 293
750 397
172 302
580 500
815 235
648 65
242 688
745 991
169 237
568 57
204 953
366 840
352 937
447 354
713 200
752 766
76 144
392 600
668 467
176 835
376 901
927 122
978 773
603 850
334 805
141 103
663 117
98 67
866 93
419 271
258 155
361 86
835 39
447 577
39 586
440 566
336 461
540 735
375 824
337 920
677 927
630 948
752 416
803 188
441 234
865 875
51 488
64 196
63 603
490 549
859 171
913 358
830 966
856 881
191 293
722 326
735 933
570 310
609 306
555 497
963 738
626 386
414 318
249 919
630 854
96 432
617 642
81 539
820 632
969 306
701 83
814 566
202 140
483 614
706 304
658 185
155 840
594 531
671 596
160 412
287 54
212 791
730 344
561 38
479 655
665 525
755 250
296 40
28 510
431 331
76 320
844 526
578 101
410 434
751 336
472 994
15 712
585 524
461 647
750 513
575 758
638 377
768 567
861 111
826 402
770 67
446 501
237 397
718 625
609 103
578 812
522 416
307 202
841 252
333 972
59 375
116 873
311 445
2 604
283 627
520 355
358 786
837 222
423 235
349 197
611 790
614 727
681 564
424 924
122 380
943 411
290 679
619 562
798 504
993 940
197 15
328 548
398 311
525 150
937 519
490 45
181 797
865 168
988 381
3 787
13 474
16 308
757 190
747 94
950 731
908 432
727 864
489 602
512 765
109 516
544 60
590 630
921 783
539 862
554 499
80 938
898 294
33 1
752 908
495 344
67 7
133 354
637 739
200 729
845 46
120 261
269 373
172 936
153 163
702 496
664 816
751 465
493 826
43 694
499 312
244 938
651 35
651 290
109 719
451 726
576 943
118 142
146 203
404 130
766 733
322 639
315 709
234 954
428 37
555 57
688 904
230 726
72 116
448 244
351 245
356 351
549 72
380 946
187 990
649 8
67 49
720 584
297 176
911 968
618 665
600 400
213 937
145 892
909 580
644 869
369 528
549 753
439 431
291 500
736 951
854 139
161 244
661 131
15 324
446 975
299 643
681 612
301 431
292 62
339 921
682 212
450 882
669 202
398 887
155 214
788 98
807 609
127 476
265 997
478 317
931 265
945 556
257 107
384 211
440 853
358 670
703 679
710 505
626 999
954 932
247 993
572 471
174 436
696 588
617 971
186 899
62 313
36 191
250 414
991 693
866 476
561 349
728 626
448 999
651 737
283 693
312 945
593 689
970 511
533 441
313 437
863 346
9 266
158 190
515 200
500 204
822 412
42 876
265 355
926 300
850 865
475 371
316 448
324 874
655 792
102 904
870 573
786 388
83 502
852 177
683 479
912 360
530 532
563 432
427 134
196 360
163 519
993 404
832 835
30 839
6 545
524 926
697 557
86 758
673 103
29 250
87 641
812 870
379 188
944 755
740 147
693 44
313 234
892 151
174 136
999 170
78 298
329 650
397 267
55 679
139 487
151 837
524 38
762 527
375 465
304 906
112 818
276 772
46 582
374 416
522 761
423 957
925 126
12 578
624 917
480 367
139 676
12 938
307 727
718 166
824 191
861 17
402 381
943 225
472 336
628 567
470 583
884 79
696 498
153 725
683 9
254 478
907 907
386 108
828 145
456 896
565 208
643 280
784 14
720 210
836 143
465 803
795 551
397 767
265 996
309 869
686 273
629 446
554 168
90 18
965 305
290 132
370 565
395 50
588 766
242 202
902 794
248 421
744 612
866 895
233 172
361 288
364 773
661 632
129 634
169 29
482 911
404 990
370 527
886 644
372 227
956 600
563 287
602 802
951 205
561 958
912 731
366 39
893 837
264 591
155 582
501 6
133 598
327 305
309 968
337 378
767 496
104 27
494 523
893 582
320 911
31 533
802 56
154 56
170 782
170 904
284 471
898 903
824 622
663 539
333 847
207 914
580 618
533 923
294 177
594 466
1 292
800 498
109 253
283 647
162 69
983 203
118 305
888 396
42 642
748 996
801 796
951 440
866 880
141 471
413 324
632 392
207 316
300 416
445 49
144 981
356 60
51 854
30 782
668 863
994 759
646 885
996 408
882 437
989 949
977 740
716 770
271 93
734 930
586 94
168 899
352 323
653 662
377 231
149 350
749 407
468 35
834 825
429 969
373 27
53 659
422 951
632 918
724 238
300 241
92 183
575 606
548 620
621 337
356 920
255 557
439 465
267 552
854 81
933 634
711 167
585 587
651 696
637 587
362 437
511 267
849 327
78 813
811 317
189 536
367 760
475 502
557 683
973 79
436 415
153 191
37 545
434 364
202 283
46 349
527 911
641 665
205 177
865 138
749 453
352 333
665 753
631 898
71 215
3 116
925 343
802 495
76 542
881 901
830 55
493 484
655 31
60 991
864 772
307 132
397 684
296 464
437 839
266 631
729 238
269 138
464 140
608 640
908 349
324 843
493 809
349 727
136 459
361 929
37 671
109 820
363 734
273 709
779 459
116 348
82 353
157 417
449 532
357 556
652 366
481 59
713 834
584 661
972 149
170 199
75 964
462 402
555 193
772 73
493 62
929 519
282 675
136 684
64 517
576 63
312 853
412 176
802 653
142 115
953 606
30 779
859 798
816 655
422 831
192 483
291 118
567 682
891 365
111 682
416 241
984 150
765 895
701 852
109 901
766 543
96 706
308 304
544 577
972 48
953 517
57 34
525 878
99 266
824 317
412 450
462 546
229 901
297 117
236 881
706 356
672 302
528 86
76 178
794 176
88 814
419 189
286 50
332 531
277 928
940 294
187 88
98 68
31 209
826 325
47 283
269 465
66 319
632 354
307 402
206 437
999 382
492 507
547 152
603 672
718 78
874 875
221 364
413 979
685 118
845 757
959 852
126 176
625 499
437 212
284 386
100 956
809 112
422 114
681 141
231 995
708 818
119 241
590 330
476 174
395 238
130 583
70 652
372 308
191 707
21 337
788 121
994 322
810 620
723 570
335 85
589 32
62 640
131 146
39 125
171 506
325 134
124 597
329 607
63 190
374 154
707 296
999 517
442 859
274 939
671 926
660 606
479 238
914 120
936 65
710 564
570 726
690 619
780 796
454 305
449 288
468 580
763 392
719 143
941 175
949 211
539 91
339 591
216 729
577 642
830 520
449 971
578 45
321 425
914 972
305 178
557 743
868 512
826 814
549 713
548 158
364 480
465 247
646 789
871 943
703 726
817 821
103 164
486 450
156 779
489 387
421 204
764 399
130 215
793 156
329 119
330 255
45 342
536 154
509 359
903 621
963 920
755 40
114 250
571 566
814 348
209 91
256 291
264 959
456 911
520 716
176 667
841 448
322 957
926 547
593 49
929 260
619 754
703 926
84 635
307 23
561 305
384 746
249 802
366 322
450 960
246 775
728 73
100 948
36 956
195 519
434 363
249 669
350 655
743 764
666 337
377 143
610 605
140 2
737 988
397 673
664 438
449 79
560 455
51 754
449 372
30 321
721 543
272 825
615 150
301 579
878 492
698 183
683 326
232 322
775 9
888 51
678 665
546 11
83 36
754 129
509 882
532 115
795 708
460 621
132 495
654 929
942 881
418 804
270 988
459 484
338 22
552 423
286 761
585 202
45 261
62 474
249 981
802 274
1 745
790 985
937 838
922 12
15 473
739 826
289 101
336 384
561 292
478 664
809 14
708 190
846 655
456 684
382 207
655 246
982 664
197 667
424 728
213 761
340 640
979 824
210 867
179 218
849 97
900 820
390 561
133 954
576 18
858 572
870 756
21 260
962 193
715 916
201 728
479 645
689 252
630 171
378 788
564 283
452 510
313 508
57 596
268 660
677 962
162 833
483 830
135 106
341 836
172 755
364 338
962 246
956 29
796 345
166 867
927 389
247 446
569 178
668 133
94 578
237 26
725 151
278 443
179 665
739 1000
551 188
71 315
981 536
853 53
216 181
342 652
806 718
770 644
232 639
982 379
924 312
239 774
980 810
1000 151
459 140
548 93
779 268
854 223
595 328
839 7
258 644
980 540
326 560
850 191
193 182
831 568
664 852
158 928
771 852
991 33
828 630
855 795
905 112
835 19
374 63
507 917
127 817
458 257
706 601
715 606
772 357
73 681
634 657
501 515
374 391
755 785
384 24
702 156
438 323
895 946
76 922
359 842
547 561
288 944
929 549
17 147
923 323
801 629
878 540
888 775
916 862
287 110
507 40
51 165
58 508
79 890
386 791
1 709
91 126
241 6
904 362
910 418
811 934
771 756
312 661
125 28
59 696
264 327
352 66
446 725
779 255
183 238
678 974
748 147
139 151
445 831
939 319
358 351
781 922
775 293
554 895
135 330
15 225
444 467
69 923
518 67
143 540
299 801
968 334
626 868
574 850
46 986
712 273
515 349
603 631
82 638
694 954
35 591
283 153
409 854
825 843
448 971
913 287
953 673
120 414
186 868
702 359
139 819
593 703
930 81
528 99
853 717
235 28
46 466
427 836
223 700
826 329
452 292
410 39
836 971
229 619
450 765
620 194
639 577
640 398
606 459
20 639
471 706
626 369
266 395
846 981
337 828
557 476
837 309
198 726
402 589
608 738
216 194
690 409
103 942
597 648
527 5
658 467
736 796
858 513
171 828
303 304
481 11
177 786
469 758
338 481
645 657
411 889
793 159
283 808
546 593
855 793
466 847
792 326
445 349
976 793
178 586
936 230
178 325
344 153
47 757
504 950
720 60
165 473
120 288
6 761
791 717
501 123
223 785
992 348
235 180
211 633
878 253
634 346
605 956
432 755
509 700
544 823
42 193
571 686
142 774
707 560
449 907
577 736
520 299
154 233
868 381
409 737
553 450
785 648
125 122
410 799
380 189
190 6
498 336
395 628
564 637
531 499
684 732
629 923
362 83
578 393
770 228
315 39
749 12
571 630
291 641
452 35
674 771
95 81
147 740
316 569
195 457
234 39
335 869
139 831
549 420
40 630
588 603
640 70
949 857
189 838
315 110
904 969
95 447
751 932
7 606
532 165
913 194
195 468
442 247
964 432
865 325
664 653
993 875
990 374
120 944
362 632
92 627
639 844
172 930
477 86
891 737
716 913
378 864
140 822
458 459
493 930
653 419
491 171
860 547
656 112
632 595
14 205
47 623
740 926
312 351
847 263
447 21
705 39
560 946
34 152
650 948
847 199
348 963
414 787
234 985
961 581
542 353
512 107
254 824
276 750
826 675
374 879
740 378
252 290
359 837
286 720
635 317
48 428
724 222
745 353
875 799
759 230
225 822
720 8
949 288
727 721
412 803
512 834
504 295
881 84
650 66
57 214
230 439
899 73
409 532
865 267
223 380
715 232
117 754
304 977
226 551
509 655
573 109
729 320
447 432
397 612
789 113
259 136
448 34
548 67
240 558
176 708
243 238
10 114
881 304
254 861
347 763
449 207
166 702
417 755
580 769
986 21
796 433
918 187
570 122
348 471
308 89
131 380
904 198
686 367
283 256
813 412
755 25
190 803
539 835
255 234
791 885
234 941
76 660
54 237
884 818
754 102
348 810
850 155
640 160
909 854
655 172
161 538
209 661
665 431
631 269
793 254
576 182
357 725
203 468
321 399
745 435
111 301
172 587
745 273
748 670
630 697
834 413
776 488
329 545
529 596
489 99
903 381
715 932
836 546
944 135
957 295
667 557
31 106
924 790
972 56
819 341
187 127
906 851
607 206
591 470
842 206
236 54
44 878
39 332
247 170
735 780
150 893
47 995
288 757
92 490
786 413
907 66
709 719
506 522
905 915
142 891
51 216
343 949
364 352
427 105
230 5
226 989
226 187
156 690
906 645
607 252
964 707
696 926
780 355
953 947
688 531
389 861
156 19
601 824
398 842
134 455
361 315
438 924
619 908
160 919
182 509
15 490
771 359
666 867
324 765
164 123
663 846
359 233
297 103
887 37
816 179
415 645
191 688
642 301
762 981
69 239
749 938
905 929
774 875
672 977
492 738
609 676
722 551
823 188
97 169
376 560
578 100
718 492
384 865
806 586
532 544
2 862
982 706
734 836
645 258
439 650
658 873
245 762
192 117
734 906
565 242
700 482
438 31
440 563
119 910
614 360
981 549
324 113
215 871
780 711
660 518
790 695
105 127
771 120
77 714
767 191
731 743
119 171
834 327
38 89
972 157
752 284
649 109
790 459
475 686
655 75
422 386
550 947
33 509
777 48
744 998
625 647
154 554
943 212
850 46
77 332
605 396
125 714
239 818
629 524
468 705
201 638
970 183
634 129
115 415
962 594
316 270
215 471
520 927
39 848
864 750
257 754
704 753
766 779
604 727
776 495
453 14
702 69
969 196
334 706
563 399
380 980
643 663
246 922
18 976
715 600
87 828
150 168
759 676
895 382
480 423
631 326
276 232
676 205
391 202
264 347
666 778
921 20
783 323
556 617
432 835
168 22
571 756
799 410
944 974
632 670
417 424
689 863
677 639
613 302
550 232
552 520
455 527
833 261
672 903
932 968
10 155
746 263
774 624
578 91
514 957
470 2
534 577
711 998
793 263
536 137
538 65
650 592
110 627
319 986
59 543
971 804
425 892
480 18
620 712
997 686
674 823
796 735
486 24
275 222
395 737
660 575
709 863
615 272
300 456
134 14
746 376
932 553
806 748
148 215
145 553
828 812
45 836
746 380
355 607
806 398
788 392
490 392
435 932
283 135
559 517
814 915
395 730
620 960
711 709
265 28
5 671
313 352
209 372
239 165
226 577
572 685
411 742
512 99
51 528
884 853
977 216
807 749
23 809
385 140
138 640
897 490
288 667
931 952
430 999
851 838
978 991
360 189
946 193
312 952
379 470
847 880
225 825
524 848
466 50
177 365
86 412
530 360
194 614
439 194
52 33
217 679
634 817
611 75
167 804
885 608
107 427
501 584
616 307
876 797
828 561
872 871
684 647
726 277
676 160
692 900
182 739
401 783
277 348
29 235
359 615
642 839
740 641
818 862
602 607
200 646
28 231
6 559
664 354
993 681
574 514
343 919
605 13
165 417
851 94
826 956
548 188
283 237
615 656
143 601
57 358
196 554
309 458
801 208
414 989
755 724
446 618
449 416
676 179
530 586
638 756
835 649
197 77
979 641
463 946
623 302
267 242
203 711
57 893
794 377
553 198
341 160
68 834
369 308
403 453
799 79
469 791
735 935
276 245
468 933
118 77
465 943
9 806
508 59
474 902
757 813
989 427
141 901
4 600
24 382
123 265
293 428
932 234
120 830
675 245
862 559
110 488
727 817
652 850
641 827
589 302
304 945
625 755
130 341
623 711
580 757
582 59
772 154
832 118
67 207
638 392
590 633
239 190
801 582
419 4
634 71
705 432
766 222
1000 810
893 149
465 247
407 719
57 304
339 626
215 175
129 682
710 683
423 163
187 872
383 685
624 562
554 594
87 777
383 349
220 143
153 241
70 546
192 578
763 179
416 723
598 77
560 839
791 385
311 463
56 633
460 33
176 549
386 204
177 60
891 550
124 836
503 255
451 470
127 748
770 292
11 254
990 612
949 651
326 387
11 630
612 760
82 243
552 728
471 454
370 250
984 37
287 899
340 466
149 666
721 320
692 944
456 860
441 737
429 228
777 156
601 484
766 977
372 716
950 257
739 591
484 672
434 79
687 333
29 87
29 495
339 597
810 46
281 173
527 897
762 942
6 477
779 140
391 927
371 431
225 213
610 168
8 656
852 38
221 712
467 920
949 10
508 100
761 195
636 65
257 429
633 146
500 768
900 815
796 57
668 180
951 652
762 282
90 616
775 577
126 972
193 495
531 782
426 988
69 538
46 855
216 410
193 180
569 406
995 323
581 486
65 54
497 431
900 208
681 367
512 617
622 405
356 489
35 327
390 567
500 531
732 720
776 99
542 222
112 391
120 573
780 13
652 494
360 769
605 881
94 130
710 622
987 490
458 184
495 668
871 279
785 659
558 73
564 122
218 299
248 585
250 808
551 373
627 877
579 260
354 6
79 497
653 408
949 648
369 766
700 168
31 866
850 404
508 640
37 915
678 674
719 270
836 122
65 396
646 130
158 639
401 253
918 336
735 971
152 695
48 354
248 535
188 417
93 250
996 734
95 179
982 839
49 923
355 664
844 169
347 94
299 406
676 611
361 821
35 925
195 31
625 75
353 631
688 222
240 393
736 61
610 916
817 896
48 417
459 210
814 57
434 795
32 148
608 729
594 584
716 127
320 376
826 975
305 872
235 976
565 626
728 553
615 238
112 982
638 329
275 737
400 280
125 402
569 461
336 615
444 1
489 25
603 141
750 833
602 154
450 245
372 993
522 898
890 155
41 344
490 925
205 7
535 254
242 945
752 37
519 526
503 747
924 376
730 2
704 848
879 441
558 32
309 439
340 166
293 525
623 536
196 767
846 994
578 484
505 615
892 1000
482 856
287 541
117 298
339 779
433 157
222 575
450 815
75 418
693 174
221 961
211 860
832 157
659 357
218 396
298 648
694 2
963 945
694 719
143 717
772 393
447 932
167 715
407 422
542 496
987 177
434 132
265 34
942 857
773 295
907 187
548 633
173 172
644 159
148 638
823 64
792 586
41 160
764 922
417 482
829 806
427 531
635 909
470 277
268 503
813 270
228 719
903 870
22 990
215 395
446 819
868 154
904 603
740 296
836 511
322 419
830 713
723 971
572 268
988 281
120 554
419 46
197 48
987 162
36 384
489 715
948 781
425 156
800 277
489 634
9 915
210 323
316 193
674 801
778 540
873 740
931 361
599 321
876 923
664 908
596 337
496 571
128 386
617 571
341 371
645 310
194 238
476 782
206 572
598 533
387 484
753 132
34 298
550 470
721 67
894 66
911 887
610 130
369 697
2 798
742 446
618 758
117 486
287 514
751 710
251 308
411 210
167 32
391 146
612 302
418 646
962 138
320 919
860 807
159 881
193 213
59 260
270 383
853 498
564 725
764 123
453 287
159 343
101 535
304 90
48 662
479 862
170 42
863 1000
217 518
902 515
787 833
617 1
673 403
945 822
472 239
153 639
791 101
795 49
861 701
730 195
596 505
439 480
539 670
198 409
26 608
455 961
599 342
439 449
651 467
369 282
931 946
638 291
374 785
164 273
49 908
233 942
357 6
137 320
590 30
439 237
490 109
753 596
880 963
139 209
747 303
336 49
216 501
501 710
784 778
457 509
313 349
34 167
954 491
525 425
185 470
394 540
129 150
453 349
598 395
921 37
850 745
513 934
568 727
487 554
411 4
916 952
804 865
159 733
842 937
705 653
765 985
474 70
23 671
322 406
307 498
979 22
436 723
736 93
162 156
576 655
999 96
800 61
609 116
634 666
1000 176
440 887
141 974
50 304
840 913
309 818
225 76
68 444
751 973
89 68
309 596
415 683
131 973
102 866
154 140
123 42
930 233
189 616
374 896
206 878
750 653
364 35
565 703
644 747
267 411
398 614
919 620
10 264
234 576
488 606
616 255
996 241
666 858
496 781
884 816
228 228
567 78
559 629
933 160
48 542
969 906
556 62
581 602
525 759
282 251
828 154
937 724
600 424
101 487
930 795
658 596
761 578
624 904
735 177
327 448
241 900
379 360
878 319
554 580
482 311
157 516
447 506
535 724
124 844
952 54
744 161
553 523
865 325
677 114
470 398
990 229
496 353
716 509
867 680
66 617
979 227
517 852
437 627
459 601
754 195
919 547
156 974
502 781
231 79
588 334
351 979
172 428
481 805
226 381
371 594
284 359
826 782
489 780
306 121
904 741
813 414
523 140
295 870
748 682
316 291
764 698
648 38
447 520
654 40
230 98
743 222
910 797
25 481
288 945
738 500
612 619
706 318
263 415
482 649
752 213
802 466
198 658
15 68
706 666
669 858
350 452
277 807
603 391
631 786
959 135
746 919
360 889
510 605
868 183
380 900
334 370
99 355
577 394
281 571
445 719
453 334
424 5
813 71
943 569
234 495
668 61
41 783
605 932
20 552
39 864
878 971
674 371
67 91
267 314
416 982
593 477
130 469
364 573
227 16
388 679
171 991
358 194
346 528
675 170
802 409
899 746
206 946
915 241
451 69
396 629
659 466
295 877
906 178
296 109
529 282
575 146
378 530
490 563
166 702
778 951
733 148
426 207
923 964
508 714
97 153
790 353
194 252
836 335
837 416
129 445
251 650
182 38
301 170
206 561
481 289
311 122
749 863
124 552
490 926
892 315
765 338
693 336
632 296
545 707
695 533
614 702
801 678
513 482
412 878
75 855
211 738
167 297
621 27
59 639
195 403
173 587
681 700
51 879
507 247
195 658
609 453
983 90
889 443
221 50
375 452
961 766
558 758
353 533
406 707
738 637
944 10
389 276
712 673
841 89
960 951
107 676
563 981
265 814
128 215
65 566
551 593
830 911
583 418
482 813
312 210
852 705
683 355
133 438
44 871
373 446
581 305
343 804
730 312
558 13
26 369
89 956
764 285
393 744
943 630
402 322
564 77
152 118
758 523
310 928
207 621
589 818
252 225
373 240
462 876
46 461
43 898
546 74
994 69
88 346
299 1000
519 309
963 585
75 953
433 449
509 54
119 100
84 766
548 686
101 218
161 306
172 88
281 471
771 591
461 504
711 815
108 855
294 905
178 339
554 266
438 955
854 71
810 657
704 316
38 785
732 283
282 585
54 474
384 660
891 168
806 237
715 640
421 453
255 875
942 962
91 497
484 654
663 456
664 489
407 332
751 891
782 388
21 965
304 48
822 72
982 389
49 6
770 727
242 221
430 995
380 10
603 554
63 878
948 111
638 359
733 661
362 707
97 220
626 170
870 394
841 33
355 365
443 917
996 84
818 332
191 334
369 986
710 159
880 288
422 330
920 926
105 932
262 766
694 536
6 180
949 931
147 260
594 404
156 30
618 623
820 682
266 819
494 191
983 461
498 910
609 730
130 505
2 723
63 916
204 592
704 973
675 826
566 616
874 49
400 441
513 970
571 837
738 494
337 39
170 674
417 371
862 304
242 407
198 404
282 418
719 593
773 159
205 277
506 242
143 439
342 786
606 975
97 228
736 761
543 333
90 868
448 646
955 48
549 332
706 216
744 71
577 989
439 351
334 82
945 231
677 580
609 368
821 719
770 830
3 142
199 875
637 884
825 369
466 694
582 530
812 954
811 787
867 246
970 134
436 26
58 618
604 826
680 391
530 423
417 284
872 613
638 758
336 491
202 672
216 874
224 757
139 34
720 827
623 64
324 320
34 922
276 866
576 284
444 815
124 254
920 11
653 441
77 133
580 97
313 651
747 515
311 253
170 676
812 24
32 233
563 692
933 138
371 170
94 2
17 368
111 202
329 226
757 720
374 877
613 149
882 71
113 529
995 180
367 29
632 318
111 750
502 767
786 833
649 797
769 954
890 950
770 710
280 66
597 845
355 665
793 300
432 587
491 474
925 11
36 359
268 393
228 596
147 434
931 473
184 702
670 135
252 419
894 744
785 194
145 683
797 126
425 540
811 486
537 109
306 196
628 551
741 208
880 532
459 365
192 378
948 601
267 93
192 671
89 49
165 815
593 984
842 890
993 156
236 355
352 378
652 604
43 180
147 339
13 417
870 632
320 531
735 781
538 548
923 562
25 425
631 83
902 951
505 209
350 740
517 36
45 512
282 385
838 805
546 212
883 427
691 519
483 235
872 434
40 813
343 396
770 70
834 823
172 787
311 967
653 626
52 680
485 334
311 168
297 718
220 51
609 826
994 639
932 70
430 424
268 972
427 568
570 94
825 554
953 418
106 310
267 118
377 510
411 337
56 950
104 199
174 715
65 480
538 60
41 356
890 670
356 253
934 969
284 160
217 102
556 741
681 443
551 600
439 920
272 765
323 747
979 271
905 537
689 240
684 521
393 298
391 904
180 996
502 680
324 90
31 365
744 436
954 841
973 633
705 142
409 543
961 382
103 620
466 26
437 117
604 144
220 646
353 383
400 397
575 52
235 311
637 373
158 614
213 19
711 491
239 489
550 635
811 9
864 325
397 801
606 332
291 914
217 763
860 922
552 913
721 16
801 146
168 674
432 582
542 14
52 904
564 372
990 615
627 714
888 891
49 849
950 497
421 823
965 755
147 41
506 177
272 373
95 993
648 503
604 546
366 198
886 423
708 242
113 911
421 789
31 644
75 2
284 893
300 477
275 281
299 579
708 545
419 725
89 777
850 65
784 913
358 424
265 472
109 17
588 996
303 487
904 408
182 426
274 37
279 641
275 958
233 593
534 583
803 60
288 420
377 932
763 542
43 887
696 70
288 700
740 424
448 508
555 324
704 468
346 620
10 153
467 701
530 298
473 213
131 895
29 576
76 654
565 812
452 545
120 207
166 301
470 95
209 227
280 7
513 846
373 178
527 198
252 331
566 340
434 551
109 139
721 681
699 635
770 605
406 758
360 808
70 198
669 611
673 303
528 571
781 772
281 177
997 356
761 62
868 103
29 355
860 250
205 561
409 576
893 481
215 119
834 292
554 903
616 868
14 64
140 490
899 230
690 239
391 102
674 699
913 249
868 507
874 795
29 504
945 105
461 901
244 487
154 116
114 719
445 500
659 182
50 780
259 135
152 299
157 96
679 195
449 903
199 859
146 340
232 216
20 443
652 176
202 460
770 792
524 217
124 764
181 530
397 298
797 784
636 191
66 316
190 499
940 83
46 681
257 923
31 279
857 668
439 707
388 120
972 333
720 34
362 59
379 990
549 454
141 587
874 396
194 838
84 445
847 280
536 394
947 407
744 298
1000 85
242 259
970 543
261 957
264 819
859 737
952 394
265 904
264 698
794 455
997 71
513 136
551 704
830 398
91 10
944 338
803 632
730 969
814 276
640 163
200 582
494 75
768 72
196 636
915 714
320 952
50 676
546 586
354 742
906 868
230 489
744 103
355 376
788 386
71 920
585 24
157 911
490 646
970 935
750 974
823 851
627 710
70 356
338 206
670 28
46 434
468 10
5 849
51 174
905 732
154 886
663 639
52 216
282 650
19 426
559 909
142 954
449 529
122 961
489 136
228 477
166 449
456 125
28 723
788 449
977 373
907 402
706 925
30 798
717 180
20 81
188 312
972 104
469 600
678 438
509 834
468 209
5 962
512 663
532 52
734 112
521 423
992 497
688 618
720 853
924 841
651 63
443 753
535 916
386 897
201 350
279 823
822 268
870 618
540 777
622 416
510 107
262 136
585 871
526 424
529 194
36 691
315 6
807 58
477 115
974 853
897 683
666 694
847 90
819 433
696 904
722 976
14 915
755 878
276 349
804 652
917 455
215 452
517 682
455 565
608 710
358 118
298 731
74 841
166 339
498 136
294 100
337 804
740 11
824 244
876 538
935 723
755 33
60 891
424 902
224 850
581 668
369 122
759 932
755 380
123 776
450 20
828 214
824 456
286 722
346 743
374 808
520 221
572 883
37 289
467 330
767 691
971 395
890 162
84 677
133 851
291 413
155 772
198 145
933 62
556 830
477 179
35 17
453 265
922 756
807 43
984 532
970 92
93 364
233 524
226 225
95 609
751 214
574 342
542 540
132 736
786 813
343 446
921 229
263 752
74 983
93 164
15 113
907 148
881 423
650 689
133 121
779 540
781 192
554 276
218 937
7 621
88 785
314 529
591 657
382 922
585 590
515 950
522 33
758 246
386 753
220 496
538 409
199 947
882 353
930 550
346 382
938 212
659 512
829 298
115 734
276 218
667 648
373 200
250 799
494 23
402 725
175 69
440 470
300 950
720 701
334 914
628 894
245 687
87 335
298 989
447 608
116 615
90 225
87 607
75 708
247 408
160 725
629 989
174 454
725 883
153 241
590 718
809 424
628 691
510 356
459 539
241 613
433 695
75 697
43 624
210 626
350 880
836 30
206 752
659 691
612 886
181 371
221 891
860 270
396 129
384 983
18 605
330 661
538 833
941 590
189 194
112 639
521 318
157 811
528 912
678 345
215 938
432 299
344 571
415 158
319 12
663 264
119 547
537 16
260 264
508 771
186 819
56 3
145 27
654 749
384 367
648 720
659 993
923 531
194 152
541 622
22 243
483 799
388 940
111 480
868 236
595 910
381 455
817 204
569 761
390 243
991 639
122 545
289 47
310 591
488 328
991 208
466 771
125 348
299 263
58 694
464 381
172 395
228 727
325 400
221 198
477 153
639 848
882 907
52 553
616 757
15 788
277 69
207 415
890 697
504 549
179 412
890 25
156 942
217 28
329 288
85 142
735 684
636 678
942 49
321 827
463 658
391 806
946 164
71 633
427 533
384 256
697 994
106 666
413 277
248 791
724 246
612 140
266 688
376 757
766 247
233 106
224 33
659 145
265 523
197 928
553 868
878 490
477 890
708 643
299 78
441 972
55 219
495 611
450 809
836 147
153 409
322 507
548 380
972 65
243 743
65 104
834 907
784 846
480 65
123 320
957 837
801 493
853 933
985 685
851 469
701 276
725 841
760 7
276 385
332 882
339 402
873 787
612 556
287 449
916 986
427 849
270 520
707 110
354 675
215 559
653 853
449 951
292 514
707 240
393 552
362 836
365 551
774 363
546 637
163 478
14 537
794 381
82 880
315 863
80 559
147 376
952 555
963 687
327 970
319 985
194 966
239 725
64 522
10 866
675 224
701 3
867 749
219 408
809 452
621 13
58 186
585 100
262 3
220 422
375 297
687 242
670 204
220 234
422 731
432 227
768 298
378 386
32 704
490 678
841 235
257 614
306 888
672 495
42 637
309 807
763 39
874 447
836 664
129 923
226 979
130 745
674 941
677 886
689 427
634 427
926 951
179 453
589 140
875 880
285 662
165 89
811 984
751 70
590 312
578 742
303 138
627 181
363 269
378 410
560 239
375 728
844 813
371 551
101 924
568 499
759 289
697 726
691 904
50 823
475 390
509 611
442 576
485 936
620 509
460 591
494 723
462 178
21 408
265 711
703 799
258 656
144 783
192 670
354 992
734 379
378 83
585 866
923 909
299 928
29 16
358 962
493 350
719 360
79 441
475 402
587 136
868 771
652 523
473 869
242 93
579 48
874 421
703 735
800 99
378 884
223 865
422 578
279 215
16 924
901 436
487 767
64 445
174 373
119 590
717 351
213 201
625 592
224 571
43 53
685 865
887 995
974 111
468 875
590 8
194 402
240 24
316 117
732 181
280 779
482 230
686 244
775 449
209 419
699 177
71 895
97 889
608 373
189 227
426 284
89 408
547 345
338 164
309 292
193 252
145 104
887 960
71 204
263 385
230 311
101 11
292 335
792 76
61 608
431 646
907 495
299 308
796 502
351 112
159 553
648 628
982 15
733 407
391 865
396 270
351 160
143 556
781 134
364 194
131 107
388 394
668 105
148 151
79 41
435 259
368 381
700 178
598 313
862 399
462 106
408 731
689 765
305 8
542 695
955 986
80 624
642 313
793 530
558 650
896 104
448 36
85 507
693 386
448 764
454 161
110 165
594 12
135 279
741 996
321 864
728 31
373 461
804 760
889 804
1 927
544 665
230 754
192 539
905 671
508 489
309 744
57 557
439 539
961 85
568 546
63 585
749 789
173 709
20 383
221 297
802 501
977 318
842 281
743 725
707 788
553 269
217 644
460 543
439 146
260 371
654 756
235 752
35 661
639 306
933 262
72 141
713 475
113 211
297 594
80 639
720 969
361 733
448 250
171 127
423 426
577 163
985 314
332 104
124 555
700 662
11 522
194 388
985 569
758 63
623 244
87 629
513 757
494 573
681 511
277 448
956 374
769 720
975 460
539 467
575 868
891 77
222 791
96 830
274 503
927 128
908 24
517 202
389 501
831 875
608 364
124 825
444 77
960 773
392 941
602 352
153 863
140 908
755 931
69 851
951 606
972 807
191 475
755 744
570 75
927 967
34 766
320 956
813 348
968 263
162 442
327 997
228 445
647 450
659 94
279 871
938 453
447 999
769 656
188 279
620 976
588 405
169 13
61 319
814 438
3 439
953 490
381 546
951 83
364 359
920 229
520 511
73 858
73 45
54 359
129 625
957 992
568 280
77 135
778 116
584 302
99 335
620 161
24 118
525 709
445 176
391 66
272 596
708 128
966 787
43 965
566 394
498 200
567 743
450 85
136 787
139 768
835 656
883 94
796 130
812 707
359 606
215 834
896 151
186 262
241 653
295 538
808 546
733 720
616 815
51 773
428 309
591 356
57 651
264 358
891 707
840 244
715 396
252 444
327 13
156 234
229 573
309 548
584 204
893 173
24 366
736 63
256 572
450 714
518 332
943 765
119 531
831 569
415 642
816 489
498 672
980 412
853 173
452 39
691 152
377 131
48 200
284 853
700 718
981 471
928 21
268 92
22 355
794 228
751 274
374 963
553 374
298 85
739 990
751 842
646 629
694 853
931 15
301 465
645 382
455 389
917 291
211 977
601 649
120 786
577 88
614 16
595 749
389 292
520 74
457 382
805 678
332 598
631 89
755 720
517 399
776 239
590 919
410 485
509 301
442 577
727 827
766 345
477 312
750 902
625 436
824 368
927 518
482 275
693 795
762 303
201 952
602 808
22 884
750 202
707 937
240 301
137 495
540 159
994 41
66 925
352 474
694 470
649 989
617 573
654 70
518 212
2 10
925 17
40 933
747 848
183 213
51 753
800 430
148 466
499 81
545 405
446 3
456 446
126 313
183 636
186 417
868 802
728 23
732 902
819 985
750 832
988 998
238 55
561 881
853 56
81 354
405 822
625 553
188 788
707 789
308 141
159 944
672 955
913 564
65 270
369 673
561 911
470 702
870 267
910 574
146 791
32 548
328 629
366 714
432 857
399 630
51 457
394 604
398 741
760 280
337 52
86 919
676 69
369 601
254 453
570 667
62 97
183 894
671 794
256 683
205 645
696 251
282 808
269 513
999 400
688 459
304 19
39 670
441 645
130 47
90 665
812 170
42 941
619 449
227 888
792 991
186 142
144 262
493 11
820 878
548 252
373 959
68 241
414 739
444 161
749 722
43 525
174 671
641 807
975 147
845 260
241 146
680 437
430 958
565 208
841 994
529 687
448 750
843 3
371 804
15 429
828 528
525 940
560 531
330 204
29 420
47 601
33 52
833 683
916 706
120 463
766 450
755 408
119 45
609 987
923 11
167 39
83 849
93 183
880 264
483 737
980 607
7 308
448 754
701 517
891 202
868 624
930 347
782 166
657 324
602 714
32 199
955 949
722 528
657 641
594 886
423 911
10 954
344 920
28 462
87 897
9 614
643 316
638 804
924 885
687 814
701 26
167 604
29 302
672 128
39 291
314 828
745 840
202 505
165 241
633 672
213 887
437 564
178 112
34 530
522 32
494 214
223 353
173 398
933 606
366 333
922 855
61 475
228 83
811 74
266 727
736 789
27 391
747 311
508 276
837 40
402 207
528 979
872 36
733 512
948 770
242 406
9 61
131 458
911 807
819 823
315 221
563 293
994 50
331 264
788 536
733 203
578 503
188 904
408 519
705 340
158 870
320 752
894 754
849 108
379 225
502 272
828 393
189 19
701 387
701 500
86 782
504 837
506 520
147 756
719 60
650 284
466 476
460 623
631 483
255 703
405 491
498 710
169 76
466 863
65 12
33 340
448 681
609 772
241 733
184 162
947 135
266 41
945 46
62 579
315 387
372 846
635 369
942 13
539 278
468 764
489 952
855 717
24 729
346 713
237 46
714 842
16 285
203 669
991 469
996 304
440 690
43 450
934 417
175 372
657 237
346 602
193 342
899 392
535 414
840 764
342 404
289 480
187 619
201 427
618 837
919 346
561 562
958 447
364 380
245 16
946 739
265 572
747 870
60 987
450 148
355 484
479 345
257 685
785 742
167 905
247 466
750 783
292 831
987 892
667 459
663 452
969 390
179 204
459 401
284 884
900 681
590 987
591 285
541 783
54 577
21 798
898 384
624 141
556 960
358 15
220 313
14 407
643 521
621 106
664 665
302 860
326 735
874 340
240 551
238 950
829 794
29 49
812 216
868 514
436 517
728 588
77 957
305 93
248 576
239 942
895 915
429 564
248 845
803 464
132 18
509 939
905 852
29 541
916 123
640 28
946 119
915 382
40 459
479 840
656 987
272 80
239 532
21 652
166 707
561 572
606 402
737 319
645 487
512 426
786 107
650 376
350 721
675 336
414 374
456 841
1000 403
149 112
598 587
152 123
842 609
319 744
787 796
102 306
637 572
310 760
480 651
187 259
278 653
127 329
340 614
157 853
340 736
367 662
630 444
567 818
813 660
222 398
834 822
285 59
450 720
884 132
736 566
827 792
813 295
746 354
609 187
822 56
212 171
594 290
345 86
811 610
205 904
291 699
727 990
320 779
429 631
287 394
420 213
647 116
456 96
751 555
45 53
856 403
499 973
139 994
877 658
107 10
692 879
683 133
982 33
513 927
940 866
383 887
221 112
112 414
548 134
954 770
389 64
325 864
710 484
286 895
108 398
507 429
911 731
994 452
853 430
746 107
474 171
403 286
76 360
489 2
684 78
897 672
877 103
715 908
650 317
250 902
215 903
426 290
275 664
785 965
964 768
342 262
195 715
439 368
250 141
871 947
226 152
424 151
485 993
270 652
339 913
750 966
889 861
515 577
452 852
82 408
261 158
270 896
899 417
202 427
164 824
814 525
313 284
748 53
79 5
962 439
297 895
21 93
499 709
202 785
532 382
812 244
231 867
295 824
931 210
826 253
956 470
747 730
591 623
460 552
963 980
159 277
686 850
178 952
192 942
34 16
330 596
508 347
788 952
333 886
981 325
940 167
556 421
797 884
722 244
112 762
989 484
361 505
655 916
847 157
999 986
372 711
314 377
744 583
625 630
911 678
259 189
180 615
227 836
833 756
928 703
778 197
412 420
800 178
305 80
621 358
814 867
948 989
903 606
307 621
180 165
416 290
152 442
598 124
379 681
151 716
81 885
233 207
83 863
634 756
255 818
584 267
485 388
232 915
989 843
335 519
377 345
207 910
898 922
300 828
417 467
52 716
992 820
942 933
373 266
129 724
374 917
507 498
65 100
575 425
572 6
715 686
205 688
764 446
656 850
719 939
132 710
545 818
886 636
886 293
327 551
223 112
463 63
513 705
23 858
183 178
823 684
473 384
528 473
791 485
774 188
628 58
384 339
728 823
899 540
661 969
875 239
813 942
425 492
404 330
469 381
516 907
850 665
16 353
407 671
874 28
48 689
164 966
223 806
256 707
272 304
374 479
776 194
445 772
575 416
527 363
507 566
71 51
749 773
720 504
729 376
435 851
655 893
831 61
477 490
251 633
174 796
356 697
288 718
926 611
601 298
597 189
554 950
633 164
760 532
155 303
212 45
984 384
327 245
123 994
893 578
855 495
900 793
51 152
825 891
204 764
420 569
158 248
499 351
674 82
841 179
564 863
281 252
210 932
260 940
901 229
809 185
979 34
85 408
593 415
122 822
854 728
156 627
564 451
738 613
849 630
511 846
31 997
746 138
702 135
534 261
969 427
283 394
310 721
852 433
449 265
652 347
873 672
384 32
220 828
444 489
509 853
960 402
656 540
95 801
882 778
646 856
296 189
890 920
820 787
872 826
748 875
828 406
305 826
152 406
373 736
307 303
841 465
685 34
651 115
622 922
516 323
219 997
4 459
932 936
656 478
177 611
349 608
106 526
232 984
223 792
764 159
950 102
523 101
640 306
478 708
968 199
132 9
734 972
190 771
813 393
464 561
540 710
954 660
491 544
677 189
211 603
341 160
949 350
157 540
570 244
940 639
771 526
792 801
665 730
706 515
670 387
921 158
736 685
733 107
639 568
739 397
253 311
306 247
781 916
283 520
660 174
425 969
958 223
837 586
255 187
769 559
353 909
657 266
918 542
640 781
928 168
367 521
720 323
833 892
693 546
440 842
626 628
732 844
553 962
40 47
503 449
427 877
36 930
796 969
36 131
197 938
83 357
625 325
672 173
445 16
564 545
639 3
497 849
980 551
961 82
189 606
518 396
958 962
678 664
82 689
364 808
497 358
678 180
872 935
720 970
168 737
220 741
638 171
963 364
574 900
999 470
379 111
57 496
753 869
868 257
234 43
518 32
832 717
773 709
342 812
806 208
625 537
520 642
690 497
227 446
402 635
151 652
515 817
168 305
253 316
233 901
542 799
273 935
662 343
276 354
97 754
831 990
365 983
520 128
72 476
201 942
552 513
713 50
90 535
46 210
295 24
646 857
990 167
271 863
420 735
900 372
179 633
252 457
794 820
581 68
263 568
248 443
418 668
913 351
499 497
924 100
433 574
734 762
927 725
409 227
328 294
988 771
585 799
324 614
850 888
191 598
784 4
943 684
470 435
800 880
533 798
666 783
34 435
989 881
593 24
738 846
639 425
837 155
988 289
250 675
608 17
481 884
260 165
554 19
563 706
326 132
232 392
319 90
405 573
649 505
700 518
582 474
155 268
380 663
822 46
189 372
830 803
525 568
163 216
49 774
658 244
619 599
211 881
402 240
161 213
724 291
481 140
269 898
550 14
572 670
514 45
400 997
213 106
504 775
460 482
653 299
359 516
970 614
894 656
709 633
612 828
726 900
299 574
349 392
165 10
721 520
550 458
808 817
15 800
995 165
550 197
865 957
660 139
841 967
545 620
308 851
152 948
307 393
697 165
186 403
183 162
309 150
269 783
428 352
591 657
844 463
495 465
579 375
479 586
161 72
171 613
658 731
270 414
395 532
481 972
30 183
167 661
590 772
106 453
643 283
540 534
429 919
385 393
685 593
595 229
346 117
124 612
3 904
893 769
935 199
59 987
847 618
490 809
957 610
31 682
931 990
679 696
525 10
428 806
252 521
965 465
370 316
609 868
727 271
626 174
906 473
644 730
596 419
175 295
748 711
795 21
202 836
365 456
223 245
487 4
545 892
453 919
230 434
17 469
198 990
796 138
307 197
982 788
747 333
843 885
674 361
975 476
776 366
580 66
996 655
439 817
210 692
425 349
927 882
839 749
443 241
208 523
462 360
981 972
899 112
637 268
230 133
70 688
53 350
285 821
899 893
627 291
386 1000
842 43
946 472
20 366
156 544
471 123
846 59
153 408
173 208
536 209
981 240
928 752
871 583
723 253
303 74
243 61
864 796
582 164
793 424
949 451
524 329
618 641
915 786
967 142
643 98
671 877
379 372
875 277
284 981
945 841
962 74
760 182
558 103
782 118
489 331
977 184
759 528
499 725
192 563
739 918
987 908
61 767
41 675
960 612
958 637
85 271
259 601
266 65
922 664
345 101
367 711
897 610
904 284
239 803
590 959
484 207
241 687
51 925
73 603
743 209
790 470
106 971
355 652
557 860
648 732
494 138
751 106
953 199
275 640
738 927
44 816
909 414
442 659
441 756
18 745
203 674
104 546
905 917
229 261
958 740
837 958
861 270
294 891
39 871
704 387
386 42
547 761
607 297
51 556
893 983
138 785
771 980
839 559
894 86
1 775
681 892
640 195
594 328
392 291
838 516
623 902
604 609
286 2
391 363
151 275
325 715
936 416
558 606
80 560
284 721
844 553
486 144
482 849
161 823
774 106
678 707
82 412
630 725
576 85
366 623
856 292
693 670
399 843
321 184
409 592
379 460
13 209
949 20
945 149
153 389
607 437
221 775
823 778
932 558
49 247
583 121
879 217
112 983
69 899
43 723
170 137
707 364
505 790
310 339
47 574
955 283
39 134
829 334
865 67
954 270
361 351
903 629
40 809
883 178
931 973
645 490
123 274
175 520
214 427
604 974
158 889
859 522
221 782
382 56
19 495
923 2
881 537
940 118
399 272
647 96
696 716
667 953
544 860
948 190
652 779
945 706
519 171
894 477
326 548
200 237
484 688
611 69
27 405
806 556
87 716
827 544
942 718
320 878
722 563
949 676
498 839
327 449
524 765
1000 798
242 148
744 604
369 243
14 147
153 907
6 332
253 705
400 604
943 803
515 210
539 825
171 729
555 153
844 790
887 123
57 373
287 614
17 903
445 84
46 335
615 873
870 820
51 245
173 652
168 629
319 511
939 27
641 725
625 719
331 933
749 359
687 731
916 81
578 449
828 345
562 784
266 599
950 619
342 330
941 517
296 207
570 399
392 392
436 41
161 425
56 452
704 154
33 78
581 289
951 638
894 142
127 877
207 60
30 209
730 579
613 971
942 763
571 254
44 778
369 488
278 733
523 734
271 519
391 197
726 854
662 711
504 324
960 413
546 443
772 614
275 101
129 536
10 121
400 789
418 258
600 550
481 817
610 361
785 963
785 652
58 946
149 822
43 479
624 774
43 951
658 981
532 883
792 132
183 884
657 962
361 148
488 355
922 341
990 388
263 376
929 999
693 661
132 742
309 590
529 585
791 801
860 490
301 637
223 259
816 699
544 582
528 75
801 868
836 500
704 661
723 202
417 776
742 537
315 460
336 148
49 895
773 906
987 974
738 159
328 592
806 232
158 187
608 262
487 992
368 678
330 311
336 692
144 239
795 667
43 787
807 940
491 317
725 686
985 273
805 76
542 604
69 400
85 806
703 323
512 629
256 470
289 797
164 599
69 197
511 350
952 58
386 633
599 422
499 743
302 115
588 764
260 286
27 398
72 203
15 400
190 570
533 671
125 753
220 130
721 832
749 854
692 477
931 106
612 493
63 212
300 971
286 696
98 218
486 52
590 175
579 720
365 801
874 313
609 241
492 950
714 7
695 679
385 70
97 90
848 348
879 703
662 906
978 563
774 375
847 776
483 806
981 40
737 786
404 442
299 665
673 719
341 260
589 2
508 873
52 946
993 25
569 500
749 706
260 557
789 316
853 179
41 398
358 352
850 309
440 7
25 68
912 360
712 442
494 528
467 288
470 984
140 221
983 442
706 536
828 244
764 283
104 9
233 470
443 268
785 984
988 8
773 10
244 705
945 273
992 669
511 761
353 876
693 887
294 558
150 14
224 896
91 692
165 76
467 714
680 107
614 364
491 150
850 183
686 623
75 474
452 933
784 442
722 256
177 941
575 82
758 142
534 359
419 845
604 770
559 709
868 41
487 63
370 162
120 720
187 581
618 892
834 453
862 941
653 536
70 395
981 894
443 306
325 704
157 158
198 692
233 868
150 294
102 158
358 895
832 344
451 985
805 971
401 99
157 628
427 160
900 224
550 731
831 844
93 21
636 708
371 895
309 282
467 904
141 814
470 764
103 210
27 1000
221 60
675 859
182 595
693 650
240 769
108 479
990 466
954 737
915 107
325 611
27 284
149 897
774 294
499 891
115 567
412 767
426 561
220 944
808 676
455 661
476 98
591 716
608 322
191 466
396 182
601 308
538 607
118 411
383 29
125 611
511 16
715 466
702 308
532 682
474 512
492 273
813 907
196 453
444 68
201 691
473 58
764 565
769 38
151 139
307 931
9 465
475 167
773 896
779 164
677 395
663 68
782 844
399 737
471 618
841 737
869 831
439 46
881 277
617 720
255 980
949 232
618 460
400 952
310 476
314 334
625 921
438 801
28 89
471 979
689 668
932 281
54 577
737 773
765 426
406 935
764 611
31 58
937 139
465 697
493 764
358 45
714 122
574 508
755 290
296 172
633 848
317 15
153 72
408 220
66 485
233 524
344 994
999 748
898 312
281 335
1000 37
639 534
286 568
872 436
641 504
118 921
881 671
689 480
808 736
803 704
774 681
345 458
978 406
107 905
614 130
902 517
228 47
370 288
403 138
856 996
931 84
746 636
67 124
807 50
718 918
472 957
815 547
891 776
733 115
436 191
658 525
912 585
837 109
248 616
122 543
547 973
296 294
263 498
568 806
284 873
254 446
6 796
516 466
912 242
574 564
54 619
614 688
29 82
7 817
472 7
547 143
185 4
443 428
336 43
193 724
308 55
668 737
291 107
666 624
504 32
108 726
146 446
539 341
636 306
885 803
993 591
471 464
147 136
692 806
472 535
34 270
694 764
736 579
509 163
879 532
455 770
5 344
817 261
813 380
67 422
68 657
447 69
345 447
196 809
78 594
333 884
204 376
684 78
896 111
26 592
91 802
687 352
336 416
574 429
673 53
761 524
119 19
908 724
550 273
344 774
128 677
220 83
325 274
508 495
362 421
951 168
819 430
304 39
355 744
464 827
629 459
888 302
884 397
76 998
378 582
637 451
967 110
15 914
19 568
560 703
89 204
1 944
290 658
975 363
176 966
964 654
594 538
824 819
551 522
86 29
717 70
309 567
912 337
872 294
186 995
439 164
570 443
597 271
877 397
954 703
830 99
721 885
263 716
884 491
788 111
280 66
553 182
419 60
735 507
792 306
307 432
565 466
979 506
989 434
819 536
244 241
604 65
317 658
371 941
392 889
326 601
419 158
805 793
860 96
521 529
288 709
305 951
255 381
26 498
533 355
268 385
181 746
272 945
81 288
455 344
679 913
105 164
784 11
240 430
588 25
39 291
790 906
834 470
698 641
519 393
190 27
985 901
655 501
737 295
336 514
251 548
83 178
392 147
807 535
490 598
447 584
245 181
355 785
439 829
44 912
1000 63
343 940
754 400
170 506
557 602
910 20
308 256
206 98
365 23
205 522
130 405
856 120
150 890
849 377
768 841
703 978
409 958
691 488
987 324
110 944
76 903
369 467
681 409
213 652
567 814
408 185
432 475
327 661
758 782
227 664
924 35
441 504
838 351
391 942
885 797
234 694
127 185
492 974
215 191
909 660
145 319
16 317
61 384
898 39
6 946
559 846
34 784
253 971
691 851
805 451
38 517
767 778
735 625
118 789
962 133
404 832
752 231
982 200
439 706
190 955
632 480
893 292
536 378
511 837
211 120
78 930
343 895
478 9
980 783
649 110
981 555
480 387
82 947
811 312
519 725
694 225
684 328
147 700
419 323
445 983
276 165
367 182
710 423
403 440
916 546
228 771
546 191
627 551
472 269
223 215
805 247
843 244
924 839
283 619
297 390
326 303
358 810
556 706
270 146
218 41
918 873
634 421
351 389
45 8
779 315
72 724
141 408
843 897
810 157
602 903
911 419
945 695
515 335
654 897
231 120
678 599
829 537
706 131
102 156
498 297
927 427
317 131
995 490
445 811
189 145
773 883
132 555
286 888
827 168
5 84
870 77
595 770
453 805
406 412
520 599
565 436
659 863
786 514
323 998
912 320
994 263
597 555
155 988
936 248
460 446
590 258
893 827
986 384
164 689
891 597
172 53
69 490
97 291
462 716
813 184
283 109
202 251
243 681
617 651
818 353
348 836
540 387
342 743
467 138
390 12
753 282
329 429
525 654
530 331
406 23
122 632
426 666
977 933
875 521
615 122
752 206
405 605
248 995
49 120
673 397
404 448
11 664
644 511
304 513
285 508
635 464
337 285
854 421
336 923
343 625
622 639
169 212
958 774
960 301
148 245
508 79
789 105
398 685
47 788
64 722
802 351
794 558
198 732
467 610
969 613
372 842
785 763
861 259
854 506
850 178
430 770
788 892
639 885
948 353
266 50
880 606
870 981
896 32
390 220
785 117
565 19
891 512
826 521
421 417
389 659
446 683
970 763
285 534
693 109
427 880
839 521
804 361
540 896
217 386
782 82
412 926
978 594
139 980
158 622
857 382
268 502
568 648
322 926
768 526
743 678
429 27
383 973
515 477
961 649
415 550
652 560
613 594
85 457
814 67
424 758
499 344
579 652
40 414
547 925
819 248
283 297
833 183
214 266
983 982
904 866
103 213
875 907
81 213
374 486
735 108
890 77
120 800
640 214
412 5
991 425
625 905
173 357
829 398
455 173
705 642
534 790
285 40
166 439
477 919
822 354
757 172
264 340
288 19
158 428
328 798
892 854
104 970
344 419
585 523
871 561
627 685
896 800
809 289
14 58
790 580
215 142
4 812
576 974
475 554
649 430
131 497
1000 484
45 838
649 390
528 883
604 767
785 454
201 128
338 145
908 951
624 430
680 147
397 946
390 512
962 219
335 479
448 175
729 810
321 832
894 396
54 594
610 656
819 686
691 996
967 44
256 571
28 83
782 961
206 710
562 803
74 817
329 729
219 194
109 289
983 778
783 688
456 533
372 281
992 571
191 660
188 385
745 870
887 104
2 75
601 696
622 279
149 67
296 337
957 217
301 693
997 782
88 991
671 637
581 474
661 565
60 651
235 993
485 354
455 149
123 23
238 747
642 808
531 202
743 713
447 772
561 294
427 662
76 406
438 32
797 638
676 396
191 386
353 766
359 249
835 327
688 433
30 598
620 818
669 572
759 37
342 549
98 303
350 502
164 367
963 421
880 87
270 90
529 390
693 828
968 838
408 164
29 236
225 958
453 970
837 390
297 891
478 822
381 783
306 140
839 291
599 760
706 763
159 508
928 371
880 678
572 17
148 53
770 847
882 320
455 880
888 367
871 700
102 281
569 230
572 290
170 167
984 21
574 961
828 765
432 371
610 667
460 886
222 192
845 818
921 230
10 747
423 940
377 307
939 72
903 659
307 823
112 279
167 996
135 696
498 246
686 614
182 118
78 431
320 259
541 533
130 357
141 16
613 313
790 760
905 490
598 481
85 995
274 231
910 609
638 467
140 808
136 713
188 941
559 377
92 972
982 587
589 745
397 555
744 682
38 535
400 596
160 527
3 413
564 755
188 520
591 9
572 162
666 775
792 588
728 456
11 854
715 282
356 604
564 461
826 145
624 230
278 730
112 866
912 552
970 707
90 397
712 759
176 458
729 313
633 256
61 151
731 26
160 542
584 466
221 278
279 28
25 198
920 718
791 503
437 82
289 196
746 735
135 157
790 990
135 317
46 773
334 199
957 758
889 395
623 742
691 100
69 99
252 163
359 461
931 861
514 867
125 231
130 174
867 473
189 989
125 345
418 119
201 389
661 175
598 11
711 787
866 296
164 434
339 50
92 476
517 433
544 257
419 858
35 359
102 720
110 374
749 589
802 549
916 596
62 614
202 950
62 940
989 331
539 779
837 457
969 550
209 413
594 929
959 384
299 462
354 909
358 58
208 640
542 548
187 131
671 240
59 667
856 867
632 526
55 493
915 579
664 384
467 611
299 233
91 574
803 341
367 135
218 292
194 128
40 489
399 760
650 573
773 91
396 859
181 791
831 412
390 288
51 384
378 283
314 33
643 45
717 947
321 831
149 743
927 14
332 141
589 536
684 754
922 42
825 804
889 745
199 847
242 690
147 275
353 124
719 396
529 707
486 157
484 10
188 442
610 551
506 482
320 380
291 112
203 636
997 857
973 56
864 708
400 133
815 925
394 206
702 901
809 383
171 642
66 286
280 874
82 759
648 790
80 455
619 870
403 25
939 124
744 663
677 969
489 655
253 490
555 201
748 476
589 635
951 604
544 516
428 462
465 250
614 123
282 695
38 787
521 887
747 584
655 244
776 65
879 627
558 835
65 793
451 492
281 511
916 19
104 320
135 670
331 893
861 444
553 189
681 787
366 104
382 215
861 776
985 313
854 5
241 9
2 404
523 163
523 490
345 935
630 1000
929 375
733 938
130 754
725 359
937 210
148 320
274 300
312 255
896 56
385 848
634 288
616 48
386 208
142 879
700 259
197 951
260 508
56 203
102 642
335 263
804 52
542 86
177 182
292 472
486 521
75 595
570 289
355 133
358 82
797 646
453 162
477 691
936 659
528 486
840 603
634 432
892 155
287 339
618 555
914 274
175 140
74 931
462 108
63 938
137 484
124 505
688 587
166 702
888 126
599 339
335 288
252 292
797 954
867 546
288 266
585 457
282 385
315 729
867 284
460 853
918 388
665 422
980 833
73 196
234 571
951 150
513 219
718 933
151 50
622 797
763 836
553 599
603 477
12 309
789 550
768 562
520 658
114 931
707 420
551 275
580 7
193 579
150 386
433 373
323 39
94 525
888 748
825 730
356 993
768 795
939 994
448 930
359 512
295 187
88 58
638 405
827 52
166 910
722 242
788 274
367 973
101 639
35 551
690 478
377 955
448 883
517 922
706 901
583 930
55 367
947 339
618 343
44 405
495 554
253 759
885 862
565 982
473 587
897 180
645 532
960 215
284 103
371 230
639 250
185 287
241 348
105 225
997 148
605 544
910 49
181 736
780 25
361 739
506 449
741 631
45 360
748 948
634 553
453 707
818 888
159 828
525 232
958 91
517 504
926 513
85 844
712 389
276 276
414 768
636 142
480 773
810 191
440 280
762 981
340 457
88 923
656 465
369 407
960 709
663 257
153 471
347 697
881 744
259 324
397 136
917 718
329 958
872 541
25 552
782 576
47 478
257 343
792 580
127 821
931 643
887 969
501 219
273 796
764 137
181 948
994 918
316 343
183 507
995 54
905 968
335 467
390 502
353 143
15 318
737 96
247 696
910 142
795 221
927 327
58 617
22 416
681 734
782 199
309 743
150 982
675 111
793 276
429 633
961 144
351 956
366 877
847 93
926 667
233 545
483 960
617 601
471 432
952 130
929 107
972 594
194 401
261 139
679 754
970 977
314 271
308 673
554 489
405 84
945 91
696 807
508 818
812 280
513 107
562 513
309 369
58 637
889 929
227 79
701 606
891 564
16 329
220 230
137 106
130 87
127 791
580 485
131 206
684 323
964 610
298 156
558 573
560 394
724 844
427 679
385 110
395 351
347 758
613 680
842 881
368 998
855 804
134 3
961 11
859 599
207 24
501 997
317 195
770 856
740 508
165 793
462 499
147 65
735 429
632 169
370 195
242 450
827 480
529 943
682 99
182 27
130 31
742 116
759 159
330 473
468 16
928 207
586 950
607 525
9 870
452 29
630 764
578 427
309 434
784 679
338 822
384 100
992 602
541 196
54 604
404 198
775 80
75 28
499 549
264 527
335 151
885 497
743 154
649 889
191 765
651 147
786 437
930 38
649 475
854 276
606 426
644 218
676 384
721 712
443 959
831 483
243 105
594 99
549 61
707 199
252 272
944 908
60 979
334 903
841 805
74 801
624 363
502 512
249 254
981 654
726 789
208 257
153 250
944 821
112 52
84 434
896 926
231 473
292 548
384 476
712 740
371 942
404 990
161 112
935 495
313 279
709 288
429 648
223 338
770 531
302 789
184 435
70 691
556 707
888 196
276 15
526 830
931 267
854 603
383 338
321 620
807 747
183 470
635 673
815 281
68 892
380 193
661 265
307 650
493 577
578 948
663 834
560 28
835 553
563 669
673 633
3 828
290 581
330 752
579 542
29 371
250 820
401 566
791 892
221 511
85 334
670 496
76 224
447 712
947 458
32 492
464 783
578 127
353 345
857 462
229 856
358 417
908 640
531 39
154 189
138 866
320 500
133 459
904 290
303 387
690 415
359 331
294 372
559 507
306 431
566 365
981 378
663 161
654 516
713 792
833 713
609 631
693 585
998 664
230 356
925 34
711 386
100 301
589 29
427 265
670 791
675 712
286 238
57 992
772 390
814 632
413 307
801 165
702 845
401 1000
754 647
363 938
471 578
944 383
146 784
586 701
677 700
912 730
349 637
184 88
251 580
821 628
176 779
457 641
222 227
915 200
163 327
397 135
951 650
984 9
37 236
11 795
152 447
944 637
26 492
10 532
893 725
179 936
454 739
456 490
461 356
318 695
577 422
910 399
454 748
506 919
266 462
75 756
48 483
588 126
492 967
702 960
829 361
345 53
51 988
153 92
883 275
727 549
297 908
714 238
642 768
658 199
428 373
201 243
189 244
647 642
727 414
715 514
616 392
406 706
151 505
588 381
589 289
808 757
83 326
470 74
757 175
268 319
40 263
482 421
697 776
721 196
548 426
514 284
150 63
748 700
656 546
73 254
704 852
976 555
920 137
647 149
899 181
844 55
761 315
446 357
446 549
548 766
415 343
48 413
680 274
353 360
345 846
665 597
227 544
909 944
669 480
157 508
452 681
27 552
1 870
849 538
575 789
695 103
924 575
478 889
192 306
252 259
816 416
891 144
241 239
316 64
202 175
128 886
795 917
739 592
258 258
777 292
143 784
362 782
282 811
500 232
27 114
459 887
936 313
479 803
746 231
512 539
776 347
871 836
301 679
481 113
615 467
184 601
151 337
122 792
478 96
672 363
439 77
115 256
386 187
644 828
397 7
777 992
412 572
684 838
835 48
656 271
808 600
608 486
93 723
501 156
802 330
807 70
981 780
379 261
453 437
887 884
289 882
292 660
38 641
117 814
661 231
942 148
642 343
759 773
992 357
949 311
460 856
434 870
56 871
1 653
652 521
266 899
390 4
395 196
717 206
353 145
874 433
597 72
198 570
766 449
717 95
60 695
33 99
923 827
317 243
376 925
821 937
408 589
128 469
297 676
541 423
327 416
620 281
893 966
821 232
146 806
15 569
513 307
713 241
563 207
201 614
448 403
642 723
211 609
579 492
39 836
656 343
417 336
778 585
571 570
745 915
712 46
84 370
834 972
979 247
893 902
229 220
946 286
502 371
948 518
797 145
186 173
114 33
179 546
283 911
581 872
34 11
684 285
694 577
131 921
176 655
345 456
718 473
255 675
747 42
78 592
245 105
937 101
311 974
280 771
51 851
994 394
964 286
930 352
880 920
172 366
178 929
38 457
701 270
841 891
41 731
891 69
659 975
891 175
667 829
699 91
45 538
649 307
51 963
774 818
989 125
521 487
956 897
679 45
644 80
36 849
34 542
930 644
55 169
691 697
283 63
30 752
527 58
428 719
764 218
818 19
208 670
33 444
427 493
87 550
857 947
269 54
738 930
571 800
53 645
446 494
886 691
65 131
548 32
733 817
957 125
421 367
519 406
921 840
579 745
796 758
105 635
536 308
922 361
383 864
516 374
830 591
776 804
663 622
816 19
113 568
306 551
778 450
329 154
740 815
644 546
183 269
338 401
171 456
650 470
165 590
638 411
292 126
604 202
213 804
257 923
626 698
794 526
913 822
196 896
475 296
298 109
256 988
414 356
714 781
518 40
705 319
836 796
497 155
377 201
767 445
412 172
290 121
141 638
732 830
949 636
753 745
637 804
913 173
361 162
713 636
613 753
399 782
733 25
496 761
93 592
83 746
770 846
241 826
256 770
908 719
576 168
217 120
139 502
242 217
622 770
68 514
491 862
412 148
638 687
658 556
34 119
56 143
795 439
306 964
524 582
755 44
384 745
105 501
550 282
691 181
779 992
382 970
943 26
855 338
918 84
818 375
95 381
227 378
405 529
98 84
482 892
67 658
951 927
977 30
934 694
392 680
752 154
281 98
256 38
220 960
181 521
553 959
760 592
2 555
574 673
937 151
567 634
372 587
195 774
425 266
683 993
341 419
717 891
817 171
515 492
467 481
117 28
506 779
708 479
339 137
714 209
827 892
755 618
547 419
262 520
943 866
60 465
100 776
870 304
445 207
440 93
669 438
740 373
321 215
22 593
753 479
84 946
118 311
487 773
11 694
529 608
782 254
428 118
934 715
478 482
807 686
950 793
843 225
246 833
43 211
424 106
65 842
429 825
655 594
486 799
867 451
407 700
395 492
182 713
669 317
183 760
205 507
581 171
376 702
138 266
989 963
483 353
800 38
215 91
503 285
447 573
388 98
691 204
243 249
314 838
217 377
729 17
129 898
244 607
660 733
11 418
724 160
770 459
687 456
314 981
63 132
687 854
248 127
923 422
811 831
144 560
27 839
938 136
962 921
179 83
340 948
131 700
272 358
75 78
738 800
199 16
75 598
696 92
115 931
166 250
100 744
692 101
577 456
896 559
485 723
78 196
534 455
319 231
791 757
13 744
899 254
859 193
136 518
463 482
473 219
675 270
837 160
737 974
636 570
117 830
942 182
976 818
504 890
929 975
977 812
954 449
44 362
853 520
3 459
620 63
802 380
16 334
609 152
472 593
953 73
816 6
701 845
344 564
770 286
977 521
349 55
150 868
406 369
248 674
810 359
210 386
888 956
709 643
592 518
634 765
772 651
577 712
179 53
604 653
19 433
555 766
852 683
946 798
166 734
701 373
968 841
738 999
5 691
472 82
621 515
16 391
224 937
846 585
115 945
168 183
423 882
83 359
391 673
680 699
490 185
601 434
685 240
155 618
119 737
994 571
965 972
794 103
419 994
530 202
51 765
634 219
846 464
689 698
881 482
45 457
169 62
590 760
647 946
482 955
278 716
376 789
596 842
697 120
395 225
901 74
43 235
698 976
279 503
64 429
399 785
21 920
263 409
475 123
682 425
717 587
482 799
306 737
970 318
459 925
983 169
928 58
825 214
140 73
610 367
83 696
487 549
581 883
654 593
75 882
406 11
740 609
543 836
790 721
35 245
622 533
13 985
866 527
920 312
980 995
169 373
507 319
401 136
306 666
234 236
499 106
139 793
965 951
738 71
489 521
241 707
748 896
929 3
134 330
611 451
510 214
21 318
786 331
275 393
342 555
827 33
415 731
90 461
199 893
187 674
60 299
688 466
545 442
833 267
869 390
61 919
735 721
382 476
127 845
972 673
991 248
872 847
394 104
866 737
394 759
778 725
375 988
511 743
125 161
284 305
350 729
454 480
552 993
122 528
836 945
562 181
8 563
625 557
481 864
229 399
269 503
471 494
851 994
208 213
621 97
671 874
67 17
935 233
496 257
439 84
926 607
55 586
310 766
43 364
306 578
414 70
840 875
930 222
945 531
330 962
854 427
825 897
698 175
107 570
973 537
312 811
497 827
987 292
694 949
524 204
83 199
260 738
128 295
756 944
19 898
865 833
535 492
573 284
173 636
825 863
754 225
393 909
688 945
545 537
29 693
661 136
925 686
745 500
338 559
988 860
450 469
876 67
212 317
156 965
730 659
301 110
384 471
299 181
150 976
885 727
419 201
618 32
257 312
63 496
78 612
747 250
251 295
55 511
635 979
100 504
132 884
605 872
289 746
956 406
933 719
405 151
688 92
994 365
607 767
725 247
723 925
764 778
365 642
123 431
882 51
371 437
558 203
110 560
327 805
322 868
504 570
405 107
343 734
955 409
138 76
721 791
765 648
382 761
319 154
526 910
505 405
469 775
373 639
559 867
389 387
574 140
520 660
77 1
32 794
834 466
740 542
567 732
974 231
550 660
516 502
845 661
33 916
333 27
867 455
590 793
364 37
239 121
753 805
971 676
381 941
421 417
193 9
801 35
312 273
341 335
80 648
540 790
885 871
312 603
326 75
302 923
638 863
717 460
18 60
600 342
805 267
867 680
547 627
54 182
898 57
784 719
328 331
435 557
868 696
93 568
367 493
520 823
33 291
659 435
49 38
35 262
574 210
92 190
42 951
70 733
658 228
372 584
382 421
603 108
182 784
850 831
313 698
712 141
549 83
332 574
508 308
372 82
619 381
921 914
945 76
670 284
356 641
650 959
624 274
462 178
309 185
410 283
86 406
847 608
770 485
435 566
785 40
622 616
125 331
617 494
585 754
470 169
458 380
296 123
945 920
628 983
248 686
222 419
794 703
176 734
763 742
900 914
527 595
718 454
5 656
63 840
166 229
66 839
634 423
360 128
267 68
938 788
274 469
969 358
127 43
567 411
199 995
438 247
571 982
39 643
885 691
923 185
844 832
695 997
679 732
260 322
740 418
753 272
342 781
588 573
767 296
852 663
981 199
9 847
965 17
867 323
333 508
716 462
870 101
625 917
296 895
732 764
457 807
649 595
419 281
974 669
586 840
595 358
16 653
852 206
583 779
837 107
407 103
70 758
867 619
953 838
252 186
643 480
478 566
619 191
809 839
76 23
353 758
201 307
415 285
217 489
601 924
382 895
158 112
659 357
447 900
107 972
54 934
289 819
444 623
206 37
14 292
168 701
465 422
794 151
161 602
738 861
677 531
376 331
472 384
812 715
94 784
100 828
772 462
350 188
403 423
924 641
199 240
256 11
204 180
256 419
283 666
875 685
144 10
707 580
806 964
229 218
788 240
444 693
147 264
21 943
29 620
599 600
296 481
213 140
790 930
823 141
760 132
918 969
823 34
959 43
741 390
14 726
671 645
547 328
101 621
54 72
742 96
80 13
169 289
692 585
589 864
797 484
567 866
871 374
722 523
918 91
742 632
460 715
910 199
334 493
661 703
67 117
704 781
114 45
646 576
526 215
579 372
452 196
131 589
956 390
686 275
893 981
686 542
385 26
680 884
878 600
446 810
796 259
365 853
703 964
530 353
693 938
732 356
899 870
942 425
948 735
130 164
53 808
521 467
886 582
618 789
716 978
882 673
263 294
686 77
704 964
775 209
27 101
487 242
371 765
869 369
157 615
244 804
817 485
746 252
759 580
595 667
777 656
902 761
780 97
352 953
47 218
131 526
630 61
422 689
802 566
803 145
430 656
478 599
999 736
718 238
751 353
831 612
228 549
530 787
914 399
333 733
8 969
123 138
775 55
696 127
355 703
360 638
508 972
803 660
610 452
185 218
372 157
22 521
101 162
45 84
294 247
421 108
523 211
584 384
434 765
345 263
848 794
744 34
443 444
756 526
869 546
504 658
620 109
28 715
505 464
660 279
79 90
153 514
101 82
229 369
870 980
241 707
7 728
486 648
323 743
622 596
30 443
833 979
984 837
315 306
687 33
704 215
12 509
281 707
906 517
507 348
561 952
740 659
229 939
124 212
655 675
705 344
359 679
29 908
552 570
217 73
10 508
549 291
59 790
304 981
301 138
791 619
970 906
465 548
392 654
327 32
293 774
282 775
986 468
14 672
576 294
778 487
812 975
774 80
827 931
296 973
229 438
679 491
612 954
592 916
65 979
590 669
433 833
508 196
832 404
963 793
257 769
100 57
728 925
242 846
278 744
537 487
29 828
950 684
208 46
757 72
854 336
632 283
911 786
528 433
773 753
730 389
266 942
386 924
95 986
937 405
77 128
978 244
435 829
36 8
583 571
483 574
662 337
519 252
327 703
115 744
200 255
250 803
35 494
739 227
611 11
295 28
303 536
926 236
192 625
946 583
222 565
310 359
456 572
400 661
960 57
32 69
563 903
405 824
309 349
647 947
387 976
902 162
785 919
873 886
18 644
568 650
891 172
423 26
726 947
882 231
864 545
392 51
170 785
649 568
893 997
345 610
542 995
996 641
630 446
263 675
622 689
455 369
145 412
732 30
74 517
111 60
513 816
491 853
571 254
879 930
82 583
296 421
307 884
125 246
946 983
204 9
651 861
863 596
255 646
376 438
863 142
558 877
508 35
658 562
975 187
238 380
567 933
508 307
693 693
127 721
189 284
4 58
246 643
223 207
230 348
736 887
201 656
186 481
573 576
531 79
54 490
225 631
923 771
686 680
519 57
823 831
708 467
526 226
920 372
557 356
9 444
454 461
786 914
462 230
60 567
5 14
199 817
707 701
261 341
450 517
277 999
586 829
730 484
126 73
716 940
94 138
436 628
231 401
205 434
115 361
351 458
971 400
857 508
15 184
549 522
978 826
490 541
100 579
96 294
963 837
607 830
404 259
87 382
28 430
312 877
827 599
883 419
395 931
766 244
369 371
224 422
974 732
841 165
890 647
304 151
692 786
858 153
877 855
8 489
423 94
900 376
832 329
419 632
212 823
970 361
910 500
482 242
398 707
578 578
294 269
182 925
259 774
492 66
568 750
946 631
730 279
898 844
759 722
526 966
872 926
380 86
963 942
362 610
503 623
867 926
188 536
125 736
442 226
306 41
589 219
39 829
193 752
266 598
800 421
260 850
281 649
894 419
327 806
42 11
507 770
324 205
202 114
554 831
856 153
802 13
724 70
433 982
726 444
432 815
449 481
196 404
635 400
735 912
95 184
584 475
685 879
526 907
599 151
650 82
27 105
269 679
719 703
400 897
434 231
364 985
327 53
612 585
724 859
501 457
386 752
4 371
161 995
416 3
623 261
130 989
104 347
640 465
530 68
643 428
147 305
541 193
995 427
559 928
34 495
488 737
682 844
600 363
87 736
766 528
338 47
342 229
991 240
329 940
707 213
903 402
228 468
955 114
109 780
311 220
73 447
821 890
856 897
39 166
876 759
705 44
845 256
426 403
738 129
969 541
374 682
660 262
13 869
381 687
392 867
972 304
591 694
463 311
240 840
382 48
633 670
617 867
227 165
774 215
562 46
918 795
429 107
972 576
288 408
730 88
651 60
517 718
423 895
114 937
995 978
357 889
569 16
389 119
159 339
743 903
778 857
981 365
635 610
541 154
823 71
198 871
120 393
136 78
268 402
604 375
24 680
950 674
342 859
735 236
962 173
670 211
475 181
629 667
728 516
618 419
92 751
635 401
813 585
524 970
951 689
656 207
6 417
694 486
46 212
641 114
337 879
995 416
894 164
159 54
658 77
838 141
647 870
827 69
461 432
495 650
662 747
513 311
603 756
335 859
549 658
134 358
531 582
914 251
47 766
102 248
598 631
520 5
827 691
560 643
610 563
210 594
930 702
348 4
943 143
727 191
678 796
796 511
370 355
894 133
376 738
383 925
217 246
465 797
961 818
598 912
517 222
208 306
128 895
396 404
172 155
541 908
884 465
246 98
45 161
131 481
1 20
173 534
630 5
420 964
782 993
945 348
267 659
278 275
526 535
152 241
795 71
584 648
274 480
83 619
839 936
20 566
153 667
302 474
67 734
169 415
730 326
31 958
992 688
816 586
388 679
858 639
732 131
747 8
191 987
569 919
262 8
438 668
810 983
540 797
647 928
974 370
572 400
505 36
38 980
378 474
335 980
31 37
663 621
431 454
921 55
816 122
782 974
412 436
10 551
84 274
522 968
447 824
535 883
950 960
358 173
672 933
540 846
318 659
473 700
469 227
828 500
182 922
166 481
668 283
7 814
316 461
830 646
488 892
388 164
910 148
265 121
424 306
55 279
317 979
157 944
750 428
274 346
555 301
695 375
858 421
809 165
123 959
512 737
338 971
432 348
495 436
308 637
500 686
837 210
50 873
709 880
384 840
570 292
840 304
39 100
695 228
790 356
477 374
363 673
276 224
217 754
674 688
844 374
130 124
548 548
128 497
32 873
350 571
283 810
861 245
570 393
766 81
523 299
136 482
141 687
277 917
184 147
879 995
882 677
917 726
43 701
455 532
735 615
143 474
535 345
902 363
271 894
866 439
252 339
162 907
849 544
213 784
274 615
695 771
976 340
575 450
193 672
436 515
40 774
473 882
445 528
987 973
710 276
521 355
718 134
501 177
886 284
666 465
24 988
800 562
921 577
307 915
220 48
32 544
544 711
843 696
551 699
79 752
217 715
228 690
40 852
180 454
822 717
474 976
543 722
198 748
6 175
507 212
713 183
283 403
37 597
855 724
615 60
316 528
226 698
811 706
186 220
25 838
632 542
386 334
526 407
482 266
238 537
449 597
628 378
464 585
785 601
10 159
46 820
944 259
87 737
206 697
867 214
442 883
683 998
218 887
50 130
484 722
845 408
866 404
238 409
551 307
459 739
850 607
381 125
466 45
477 130
801 910
463 335
575 80
292 954
66 962
307 924
958 642
587 654
890 422
937 398
378 423
369 427
148 575
683 462
982 562
569 130
233 770
202 80
707 147
123 640
985 508
922 120
879 783
276 49
229 574
727 467
362 528
225 102
695 101
809 476
97 406
25 679
157 424
384 998
514 759
633 693
406 650
802 652
759 823
464 246
899 231
568 29
865 899
5 862
798 62
341 438
35 192
38 492
691 931
583 772
909 69
7 92
499 383
828 964
476 657
996 888
110 32
14 493
262 430
189 582
176 850
229 933
521 154
617 910
351 800
520 389
702 901
468 140
129 558
928 451
180 751
538 41
271 580
894 191
699 185
838 220
558 517
788 530
710 670
410 550
469 25
706 991
628 100
95 322
838 187
570 146
244 735
72 935
439 668
736 777
699 809
361 394
793 419
38 921
665 452
311 429
734 358
817 127
466 967
613 355
158 785
737 238
871 7
657 823
255 473
748 860
746 256
615 601
812 446
385 155
79 337
836 438
648 244
493 359
812 207
84 786
222 535
513 897
540 775
20 397
750 711
546 797
603 915
271 217
805 281
860 16
714 652
440 53
532 778
376 16
259 625
110 875
856 940
72 613
880 530
409 434
814 377
779 539
151 834
388 202
698 676
723 73
758 694
677 353
627 837
606 841
732 345
394 977
777 537
416 647
556 209
988 76
180 851
976 884
164 283
600 488
972 993
861 37
797 837
676 199
473 735
427 820
813 997
41 475
929 197
647 776
372 444
399 127
459 407
254 37
644 948
762 483
861 679
1000 57
363 72
42 114
39 452
948 576
592 184
156 287
422 697
846 844
617 739
742 368
336 628
753 488
631 949
869 414
2 376
584 194
218 458
775 852
628 675
940 666
933 252
799 606
502 897
562 52
100 31
290 811
71 18
907 985
461 757
606 602
678 829
873 980
397 276
533 118
667 495
123 691
86 964
486 49
833 460
446 93
704 254
722 687
779 437
858 637
871 815
345 939
132 724
981 869
729 771
950 728
108 362
277 933
564 555
27 518
79 871
238 277
16 806
841 462
165 395
659 663
605 422
265 649
633 442
219 468
34 236
947 701
12 619
730 762
357 580
250 242
166 518
152 376
440 549
128 695
235 317
12 276
276 924
254 847
886 588
316 981
254 805
172 72
540 861
347 640
450 993
99 727
188 242
42 327
248 679
573 163
449 887
1 158
322 326
952 201
823 188
191 571
972 667
150 783
844 962
788 4
546 273
570 925
101 434
740 347
961 516
624 830
267 940
462 38
844 249
933 583
646 863
693 214
429 739
876 802
528 608
952 915
424 202
857 998
867 461
924 95
740 950
145 567
296 922
54 405
755 979
556 662
15 145
387 486
604 999
503 453
255 684
99 849
102 722
848 465
682 108
215 391
154 649
700 2
815 315
183 266
183 149
548 367
518 144
897 94
585 594
727 317
94 142
308 697
654 287
118 310
417 174
102 948
848 423
115 791
363 963
154 871
100 399
902 238
232 178
142 846
742 501
201 218
892 592
833 329
184 852
194 473
667 102
541 51
593 131
975 324
1 430
742 775
297 961
698 363
729 850
269 353
295 487
414 802
455 281
266 303
730 266
471 999
31 936
682 230
495 350
229 879
135 420
42 976
419 438
292 842
762 200
398 3
726 352
434 556
402 782
718 395
973 170
302 353
703 290
524 116
463 225
832 728
5 628
464 847
386 189
143 149
266 682
544 784
475 832
497 247
637 408
789 935
425 488
525 258
765 830
985 949
601 369
150 947
178 658
219 349
867 847
419 999
765 14
766 468
541 646
728 506
94 538
840 644
863 489
31 238
175 768
323 669
879 872
8 336
856 516
849 214
889 753
849 191
506 46
422 341
494 90
73 3
843 844
827 156
561 240
190 180
847 100
430 716
621 744
809 677
607 611
278 788
448 358
614 826
918 230
710 273
60 696
252 933
497 46
678 953
919 104
266 975
347 118
331 854
208 567
810 779
294 932
931 14
477 927
524 211
398 526
972 369
205 616
313 93
735 172
322 457
342 82
814 479
694 350
205 649
136 176
327 2
504 761
839 111
903 471
248 427
850 152
749 771
49 405
739 90
867 713
471 462
866 381
750 975
21 36
293 430
994 362
240 48
468 259
653 694
537 114
381 243
581 902
350 225
447 849
924 205
636 699
763 766
501 6
240 12
695 439
803 16
185 80
857 948
604 785
94 25
35 334
534 525
342 617
332 981
309 160
878 601
182 930
511 33
341 625
909 963
649 995
682 665
680 49
23 892
3 544
978 287
533 742
494 628
329 615
651 919
409 294
32 736
697 814
473 856
791 253
389 789
880 774
450 597
659 162
558 130
378 728
247 159
45 551
174 286
466 290
822 187
491 151
332 372
909 490
168 412
401 574
424 430
270 726
654 508
530 565
934 784
391 328
111 282
451 410
973 56
84 217
905 205
786 459
185 469
652 556
842 312
280 37
999 341
16 823
8 661
771 784
568 191
694 167
185 593
579 479
450 152
88 136
570 128
252 562
221 756
649 483
111 5
833 401
953 668
685 949
934 349
781 240
593 781
62 24
126 956
887 929
637 759
992 494
493 161
937 718
43 934
767 641
57 875
506 437
534 445
27 778
477 741
895 711
403 459
98 911
818 503
627 860
184 349
80 23
170 855
2 309
949 738
670 107
872 920
828 253
779 908
624 891
9 30
513 972
422 846
315 282
514 3
604 494
941 148
33 765
455 470
674 495
919 534
953 557
459 444
797 366
766 36
646 184
897 991
301 180
815 257
693 26
191 191
390 107
505 561
719 928
142 529
545 800
398 957
555 360
467 91
212 224
927 241
577 326
772 3
482 504
199 755
650 672
27 366
641 828
493 761
488 421
344 676
564 254
939 268
130 413
437 983
936 624
564 186
134 940
547 542
9 584
764 600
58 46
872 72
41 740
91 145
490 876
41 381
489 92
983 74
179 778
567 253
525 262
359 101
451 696
404 722
726 370
610 145
630 997
303 178
740 747
661 538
5 60
597 301
991 557
747 792
444 185
319 291
195 949
254 247
650 994
522 271
341 465
318 636
446 172
529 902
198 420
417 87
607 540
296 399
572 179
803 869
650 847
677 327
123 509
644 137
618 563
414 261
666 616
686 659
129 456
260 122
413 563
690 800
145 519
625 505
429 804
823 999
140 360
423 385
514 937
654 261
283 292
506 25
1000 411
933 714
66 200
69 130
88 225
681 425
19 954
490 47
94 388
835 268
593 864
550 763
652 109
597 189
417 485
291 312
864 909
780 319
194 959
182 457
471 870
359 110
382 423
829 593
797 859
470 829
233 14
573 899
561 530
635 775
236 961
724 92
922 577
781 780
407 996
190 323
555 186
411 264
158 483
474 56
952 20
776 408
943 918
8 521
910 188
781 248
767 46
825 501
197 16
103 942
970 227
205 673
503 634
992 176
24 386
904 996
560 486
106 494
107 13
681 912
175 815
400 932
638 93
263 890
339 829
767 945
238 357
212 544
260 712
120 320
47 305
201 701
401 998
833 365
908 640
79 829
182 905
616 603
625 528
899 557
539 650
486 598
528 262
868 272
271 362
941 756
332 140
283 392
213 858
773 29
997 207
297 111
856 213
330 519
330 650
598 138
906 547
335 284
800 840
227 857
476 261
267 413
145 760
621 354
897 729
142 847
971 121
105 929
555 362
811 461
481 391
54 971
958 779
68 359
233 310
470 102
535 968
820 208
618 576
837 93
842 540
865 99
528 921
726 856
348 132
406 717
198 625
280 772
178 119
12 720
202 529
578 404
567 122
728 991
614 467
542 880
328 487
156 941
31 554
189 534
138 746
284 105
320 566
125 121
946 839
390 508
797 922
657 972
361 764
476 335
20 994
832 180
91 351
118 850
878 456
345 535
464 462
791 958
487 810
797 160
351 12
998 844
135 608
594 696
232 339
746 755
584 737
599 37
897 570
27 838
303 915
461 816
35 94
552 287
851 872
294 513
346 268
937 742
791 649
818 85
623 76
549 604
61 719
272 1000
77 79
18 885
831 961
175 887
964 177
575 786
268 432
555 153
763 30
989 2
98 584
335 897
315 717
400 619
443 769
254 691
34 629
563 603
830 532
478 979
892 446
516 228
47 925
170 734
126 58
207 974
100 721
111 549
754 108
764 448
758 41
445 230
147 640
157 809
709 41
943 919
538 732
770 97
111 877
963 516
845 178
810 401
884 266
719 319
367 213
804 290
728 948
362 139
298 356
856 698
708 120
603 996
860 554
615 988
610 572
238 867
989 292
937 13
244 170
699 584
25 247
464 862
821 110
468 750
869 277
145 742
347 346
253 226
346 180
192 826
152 879
394 173
613 376
269 860
773 568
860 892
237 858
601 439
408 169
841 687
369 166
525 459
147 188
255 885
843 855
973 1000
117 235
264 797
29 887
725 982
898 246
730 81
541 848
604 85
789 37
518 549
778 7
93 632
400 662
678 747
666 199
952 197
842 628
116 968
509 940
947 630
41 19
629 431
331 81
930 186
23 300
473 191
887 901
45 580
211 616
443 657
268 248
374 568
233 353
49 130
117 629
301 707
938 916
641 123
198 589
453 126
479 524
1 951
641 918
7 933
607 685
878 84
704 82
348 155
645 693
300 479
398 948
970 68
257 589
417 712
983 646
205 1
78 17
230 576
97 196
150 739
215 207
651 284
143 129
337 336
150 763
375 568
450 889
303 548
988 894
285 238
916 365
911 766
446 479
392 148
62 398
357 209
333 683
560 528
447 734
343 664
44 491
746 931
535 832
640 485
630 810
146 161
545 51
566 587
644 352
331 190
109 45
336 303
200 279
313 635
921 829
193 488
414 412
944 126
412 82
726 436
286 680
888 504
395 662
461 322
757 577
469 781
928 229
621 544
964 279
842 639
138 462
591 176
993 267
621 68
422 113
738 692
211 205
378 570
876 153
30 490
650 699
751 474
567 201
862 454
520 540
548 233
358 922
648 811
11 808
62 758
813 167
954 395
858 140
946 371
941 988
701 505
208 884
369 497
225 257
573 717
279 866
420 557
103 861
722 540
655 614
226 271
422 944
77 697
205 815
495 791
422 340
66 872
304 297
188 438
208 497
650 619
542 78
410 943
611 347
758 683
164 611
109 968
576 705
293 70
576 397
64 942
515 660
67 527
731 917
559 236
266 500
734 708
562 529
915 590
428 394
536 832
354 215
968 931
959 252
727 83
888 818
888 489
766 723
59 723
790 554
512 504
388 713
422 298
948 34
298 523
544 351
811 762
898 494
16 495
983 926
738 681
491 388
485 653
436 446
548 418
941 297
162 136
294 655
945 132
278 759
98 329
249 451
874 161
29 692
651 417
730 287
444 650
46 911
782 323
279 504
733 940
521 904
67 807
945 72
344 25
976 141
286 518
820 293
24 730
628 662
213 946
462 40
114 645
325 129
461 742
155 190
595 397
520 699
962 969
179 734
15 732
603 339
180 701
478 152
8 64
627 94
934 708
853 357
74 252
385 197
601 895
316 575
457 193
550 233
42 646
621 385
576 635
525 735
601 356
743 722
434 252
671 228
111 459
303 279
418 464
585 858
359 198
565 39
341 582
392 64
821 406
129 697
46 715
135 75
392 499
805 583
339 226
927 348
850 526
350 794
128 301
77 280
117 513
471 755
709 908
322 6
142 953
267 572
512 959
219 369
910 879
636 464
729 919
587 184
490 85
595 844
885 838
293 132
195 298
842 272
723 632
701 803
428 476
843 381
860 563
189 258
917 852
79 976
50 271
816 18
598 410
126 931
966 235
595 961
126 581
167 29
943 77
626 498
5 18
140 529
646 464
876 197
6 467
386 530
878 861
10 502
376 791
909 642
620 375
758 23
226 134
763 877
381 251
469 657
569 127
129 788
482 999
437 408
331 132
939 647
97 680
308 248
993 885
442 285
948 511
310 850
346 453
113 389
927 553
123 159
142 774
272 144
206 821
695 362
568 610
365 288
202 935
444 132
817 242
808 426
688 865
49 198
134 703
807 457
909 41
655 67
957 453
316 225
393 290
147 475
995 401
556 96
448 2
392 810
751 766
81 717
242 840
972 821
318 739
784 702
70 537
253 884
511 90
982 807
374 678
863 792
721 499
26 931
235 359
38 285
429 674
333 639
265 967
908 157
309 447
242 10
325 877
329 74
211 664
285 519
816 731
825 579
5 685
333 885
408 327
786 854
67 82
151 7
229 300
763 54
413 254
664 382
468 697
365 973
709 710
673 735
93 690
316 355
813 399
937 148
334 851
127 241
144 656
652 254
809 823
851 203
161 537
124 657
309 792
859 989
921 927
808 594
384 470
871 319
526 418
508 792
381 846
200 912
696 179
158 497
206 970
520 225
447 769
675 410
274 973
151 938
723 158
980 695
511 140
96 623
164 742
408 181
69 80
461 939
194 712
40 719
510 150
568 697
590 563
864 842
898 293
996 144
966 75
605 878
897 472
56 573
33 130
123 749
65 598
214 625
569 330
902 690
357 29
758 791
34 899
503 73
528 712
924 938
719 775
262 142
20 751
679 639
327 518
949 427
831 500
464 584
142 717
160 402
299 378
324 724
798 475
168 237
449 913
434 29
841 865
937 735
822 991
488 601
241 149
636 883
157 809
302 258
158 771
899 171
842 434
264 276
973 462
12 958
635 893
827 402
162 218
405 407
219 259
75 439
368 279
658 323
612 660
644 438
431 540
27 245
817 510
93 791
243 833
799 2
888 916
849 454
165 758
90 108
827 902
433 276
97 361
7 401
782 798
726 272
487 576
131 813
776 633
892 133
715 990
856 187
726 150
225 88
980 842
206 309
797 307
823 933
74 286
14 227
735 585
776 6
363 718
402 212
155 166
691 511
184 787
403 293
370 890
363 469
166 210
228 653
933 112
351 927
201 491
205 388
441 966
41 261
944 52
37 652
806 608
380 503
580 356
273 514
978 911
86 592
719 596
201 178
41 864
995 327
247 244
338 382
25 254
41 691
740 992
518 530
183 803
908 307
74 576
65 59
226 616
371 178
309 348
956 513
572 76
251 937
1000 577
313 36
315 59
767 994
417 80
470 714
626 518
824 791
980 682
304 208
396 98
168 306
513 973
726 525
59 674
501 643
210 909
466 154
788 1
638 39
945 945
736 519
88 112
739 701
601 301
112 378
420 258
82 919
592 998
399 210
347 397
891 201
317 409
484 651
159 302
896 872
225 612
739 895
859 940
336 290
425 469
594 80
144 78
913 397
76 112
39 73
217 413
264 188
166 919
588 300
593 450
350 261
892 53
200 747
741 980
982 750
560 850
505 351
853 611
959 966
98 667
623 396
345 143
117 60
943 596
659 568
946 904
726 590
567 462
832 41
494 986
1000 722
561 835
557 163
330 578
797 803
263 282
576 642
134 985
41 387
95 987
777 434
985 536
990 801
958 645
861 191
961 274
181 456
347 163
589 572
983 419
99 925
555 470
269 664
596 302
759 991
782 697
204 526
654 757
72 953
580 180
554 529
423 730
33 371
266 654
27 518
116 453
510 641
264 900
234 839
824 884
430 330
77 606
860 686
284 448
981 184
316 94
227 811
472 763
803 141
610 764
350 221
114 138
406 264
657 253
77 390
139 359
87 31
585 272
231 969
518 604
476 839
339 702
708 867
900 992
410 747
42 59
263 888
785 359
776 482
889 573
443 691
370 211
604 522
458 591
294 915
517 424
319 717
551 86
314 785
704 574
705 50
172 323
676 15
444 27
698 646
115 839
106 686
358 611
506 327
646 986
957 503
925 878
463 745
705 540
859 958
403 844
382 947
688 977
279 353
323 436
523 997
623 680
311 926
714 497
893 4
167 495
411 236
472 505
666 220
646 649
705 623
589 69
785 111
671 439
10 780
856 198
341 241
398 982
143 781
706 143
532 890
28 872
375 24
502 659
526 14
3 410
225 381
994 657
179 897
259 430
20 253
529 804
988 842
403 396
311 839
258 502
279 875
293 70
550 128
745 940
571 50
854 2
425 488
604 603
341 617
226 355
768 328
610 436
309 543
987 900
188 531
385 176
99 165
250 386
228 987
570 334
533 257
540 637
365 631
141 442
801 677
932 870
694 575
982 660
987 583
440 220
61 441
577 115
281 108
811 82
690 640
541 331
237 571
688 922
479 460
587 306
991 403
679 92
125 929
586 17
330 657
789 86
847 308
866 735
433 869
267 407
163 500
968 142
713 568
601 370
102 716
767 451
757 345
363 243
210 349
281 439
192 39
284 318
369 163
775 23
592 572
617 41
574 666
769 697
122 666
24 784
730 792
855 899
633 105
299 850
312 453
757 735
587 812
219 867
38 721
823 956
722 266
328 943
345 856
867 789
382 657
387 675
906 230
91 562
37 880
118 917
509 127
347 533
519 583
726 884
845 424
811 917
792 944
655 318
845 620
701 330
238 96
64 352
727 132
238 195
291 852
271 703
238 452
169 49
56 30
840 934
536 325
240 185
738 141
456 34
481 169
964 757
270 30
713 119
284 940
369 426
435 972
833 378
516 692
831 9
108 355
125 717
966 827
171 918
145 920
313 398
782 158
213 40
804 819
789 677
937 799
887 995
708 336
657 106
87 205
963 379
314 39
930 554
249 34
400 334
9 438
544 342
852 153
235 14
581 320
500 450
732 130
698 566
801 348
77 883
58 10
734 309
635 702
195 976
620 747
888 871
196 403
753 713
200 481
784 9
877 129
469 123
130 786
981 206
749 848
363 681
801 576
873 902
816 190
929 461
769 946
692 805
833 332
263 919
491 928
364 551
470 992
500 238
737 439
105 998
918 283
481 112
981 980
280 923
926 690
777 83
838 830
170 992
2 431
770 32
291 496
593 85
91 221
901 298
960 687
287 478
972 566
632 821
587 98
808 85
974 648
558 989
588 712
887 569
353 321
371 155
131 645
910 530
785 893
84 404
865 923
180 880
160 258
128 99
181 318
11 525
139 773
519 256
983 617
747 914
694 861
229 105
240 722
841 102
930 391
16 825
42 732
228 210
715 532
693 947
630 200
99 255
443 351
8 55
935 936
564 508
845 915
514 252
939 172
449 130
440 862
528 930
64 804
466 860
618 136
579 59
445 667
306 956
366 599
886 4
754 83
407 559
557 58
301 867
755 295
248 91
528 680
581 170
705 635
908 506
452 169
147 57
387 399
825 68
395 716
754 73
816 420
669 514
896 173
310 777
750 855
622 122
430 926
31 607
918 399
645 97
507 709
714 938
120 679
120 275
892 490
218 225
659 203
804 602
420 432
349 854
976 299
303 810
14 649
629 180
111 593
923 505
129 993
103 405
168 832
864 532
759 420
711 298
549 90
351 643
349 373
633 40
983 167
48 890
137 971
872 925
88 149
832 391
724 145
182 847
82 415
177 819
363 70
909 215
531 208
124 193
679 68
651 290
822 643
692 68
392 745
600 513
447 196
632 496
351 700
839 795
127 821
686 820
598 917
881 344
671 375
552 224
867 888
295 349
72 731
151 350
233 945
347 97
90 197
764 58
546 733
559 785
964 424
928 128
573 702
429 884
26 733
744 249
418 951
929 634
262 869
8 422
914 542
957 945
662 330
119 534
763 809
803 240
282 18
681 114
882 804
94 442
406 778
550 952
115 31
301 531
75 653
950 939
278 508
199 217
709 240
131 612
538 464
758 178
624 423
19 892
319 424
57 743
759 901
439 707
955 335
404 208
103 495
130 192
951 568
236 929
318 81
343 163
396 847
249 821
994 452
69 164
304 712
624 543
200 841
614 421
772 388
243 505
321 829
783 367
654 160
451 235
646 321
82 336
415 192
360 20
183 799
730 549
774 231
282 797
824 505
22 847
966 534
393 726
726 171
403 287
165 55
786 206
803 472
974 810
615 68
744 916
495 501
997 48
366 64
690 170
714 412
280 342
511 974
783 850
388 695
223 727
88 627
279 512
67 180
566 169
810 169
551 246
176 208
523 909
15 458
574 150
368 354
491 984
302 876
430 115
771 353
61 627
858 474
111 761
100 938
424 253
366 800
632 456
380 418
252 478
89 877
647 103
15 724
795 662
98 206
308 550
953 775
841 883
39 663
200 344
562 369
132 615
125 803
930 498
122 893
790 217
401 846
504 388
187 853
712 570
422 148
839 828
233 399
568 964
373 485
352 91
961 342
433 748
189 616
800 244
261 157
745 544
995 411
256 421
943 595
621 629
472 90
944 784
696 899
671 346
18 535
323 290
885 334
54 440
924 417
156 99
46 986
419 713
769 59
244 492
74 160
473 272
971 468
264 922
477 383
498 972
205 216
887 686
731 749
289 19
544 830
268 254
3 604
944 554
475 597
357 426
759 423
567 337
848 179
590 716
587 965
591 484
311 616
806 524
260 70
361 433
355 26
847 58
293 448
903 991
784 266
222 225
111 742
886 736
841 421
416 496
474 643
86 376
531 534
472 737
937 982
845 803
528 669
158 23
854 964
288 861
565 274
802 311
657 141
530 343
301 684
540 404
674 136
98 616
789 59
448 952
122 218
678 972
624 131
202 322
768 17
57 562
468 553
851 10
422 638
77 650
279 158
576 999
425 372
436 405
673 902
558 476
819 549
842 82
677 474
115 288
197 999
280 406
497 931
433 863
800 162
311 271
893 456
472 805
877 91
50 227
724 26
631 633
386 841
39 736
708 435
615 188
405 103
338 622
161 593
661 836
715 770
80 141
857 238
332 515
645 338
166 579
970 688
828 135
948 977
16 880
253 700
811 822
13 453
482 142
706 745
211 906
246 933
112 470
676 727
754 912
925 92
787 537
306 708
546 369
797 991
288 298
206 518
327 660
726 637
50 548
922 38
696 616
600 828
320 668
905 874
713 176
916 485
115 402
845 538
636 689
96 682
115 988
688 612
773 938
7 541
154 175
452 887
98 861
417 398
553 822
97 412
522 919
802 553
37 183
577 496
269 25
891 17
347 994
882 16
293 788
345 211
546 290
497 750
454 570
289 130
513 815
214 914
914 523
339 66
860 399
71 601
989 572
228 739
927 3
853 544
37 201
475 407
249 83
623 225
278 693
96 521
220 646
81 278
158 305
290 926
608 342
674 454
165 334
849 530
330 805
900 550
83 901
872 559
967 361
327 595
410 572
563 611
394 32
759 421
774 684
572 814
359 608
294 69
793 758
1 980
660 949
306 378
320 184
77 381
846 566
988 737
750 41
493 187
253 734
176 371
525 38
585 135
930 519
31 824
191 96
546 175
453 306
485 742
286 913
895 171
608 368
649 172
216 522
593 809
495 505
638 378
193 158
402 687
696 907
647 507
101 988
469 964
59 510
729 759
950 918
75 603
817 53
790 850
337 75
397 356
642 111
142 84
280 4
747 107
14 589
858 787
909 693
780 450
185 416
185 908
98 928
590 50
558 289
941 141
299 741
697 595
599 588
411 476
52 284
449 277
842 315
120 644
572 326
955 831
60 916
698 980
190 997
52 901
956 573
493 895
782 922
163 813
44 274
375 856
869 200
707 547
238 95
764 657
907 420
348 944
421 245
26 792
353 786
872 693
982 843
423 99
309 957
555 93
509 279
699 854
712 741
471 510
879 586
306 957
477 867
895 119
557 240
36 40
259 694
74 488
958 426
13 592
334 540
794 93
23 653
519 345
544 867
735 110
126 623
783 361
586 710
955 879
647 59
910 908
967 738
924 600
853 876
130 502
249 929
59 718
225 670
785 433
171 702
327 606
584 893
429 460
251 412
743 58
516 932
57 299
314 441
296 365
693 944
236 976
699 584
391 433
635 207
928 905
853 117
591 128
387 207
799 21
730 283
457 888
299 525
243 572
912 406
915 786
311 487
136 600
727 232
971 755
164 934
647 92
318 727
173 716
138 336
660 573
136 704
934 435
172 614
26 452
100 848
422 849
30 704
40 52
209 788
849 297
363 49
466 953
116 510
152 634
531 691
317 771
994 619
896 847
255 379
22 800
615 843
490 257
82 944
623 907
654 940
932 395
160 358
576 963
368 51
290 220
481 907
528 972
105 311
129 303
83 71
530 83
749 199
6 576
49 545
262 529
673 530
693 566
530 187
235 930
356 147
877 875
95 264
64 90
117 706
637 520
424 417
58 757
897 820
706 721
866 364
199 554
599 658
637 57
389 204
140 980
135 777
345 654
719 817
290 724
202 476
999 514
972 656
460 69
899 461
273 603
79 317
644 548
845 338
93 350
48 420
477 230
499 991
595 739
481 283
960 252
8 168
114 681
502 561
863 888
37 422
277 525
657 392
7 916
677 992
888 932
986 336
880 701
784 393
666 335
705 887
527 562
403 770
169 824
376 196
419 162
440 738
301 308
581 870
172 53
821 919
731 998
159 837
476 514
111 159
292 432
577 392
298 314
260 991
836 369
44 948
817 458
976 243
784 212
413 873
951 967
316 972
842 296
830 685
321 142
43 782
507 153
424 862
550 682
993 210
34 125
994 810
23 332
362 776
227 266
273 304
479 200
926 448
280 530
360 730
239 189
734 217
66 601
96 784
281 274
476 611
123 744
996 460
360 810
195 781
950 206
380 604
937 712
922 909
922 834
711 255
986 183
442 922
817 200
673 305
269 328
682 717
782 366
1000 233
546 686
677 918
363 981
502 358
317 849
815 630
341 473
531 873
74 680
704 756
200 616
938 822
38 220
854 846
874 189
853 437
435 519
385 777
984 800
625 824
249 155
934 842
217 914
553 458
851 370
243 540
35 226
166 170
883 40
451 742
318 154
921 468
912 63
548 894
248 862
3 398
848 34
759 199
813 131
730 691
861 64
327 894
415 510
688 423
815 449
999 629
721 910
367 896
767 428
318 164
199 753
142 660
105 465
821 339
881 49
16 827
533 38
369 621
469 675
462 431
283 177
136 450
250 905
634 343
995 486
551 949
456 101
947 959
836 116
445 425
311 641
629 72
859 534
528 783
225 411
348 304
66 284
253 970
105 142
452 601
234 213
517 464
119 419
141 162
425 808
628 348
860 706
52 727
253 224
620 354
452 598
37 402
142 302
517 29
776 925
436 841
451 267
730 545
557 182
555 199
167 959
729 633
772 157
276 633
737 690
201 610
126 104
249 715
538 255
36 10
739 525
894 284
102 264
499 718
80 361
329 181
78 993
336 427
957 876
912 50
79 507
204 164
140 952
423 915
781 360
405 212
518 266
891 263
304 729
28 126
93 505
797 419
248 688
429 788
530 745
50 73
130 436
120 873
358 612
982 263
435 291
640 892
791 811
471 698
511 412
921 800
610 928
594 31
87 498
257 411
171 330
849 120
891 415
711 501
255 284
443 29
453 387
608 516
314 865
655 560
293 288
693 668
908 317
509 428
845 212
214 220
553 695
60 919
101 235
168 685
580 345
717 354
21 126
435 39
571 517
211 252
10 506
495 333
93 742
406 2
834 519
333 517
726 505
995 638
100 8
95 628
253 388
102 960
595 424
671 282
579 666
340 265
7 865
709 688
649 733
854 175
849 228
763 173
665 873
882 303
97 285
95 85
284 899
624 836
338 104
727 869
571 886
90 10
784 696
951 897
672 803
58 629
254 506
601 390
890 210
92 732
660 751
201 829
355 223
605 34
85 924
692 13
715 593
961 541
327 324
838 988
574 601
583 679
848 862
13 624
288 662
23 758
424 529
131 500
785 308
354 138
35 675
653 950
393 653
377 280
440 150
939 985
795 571
133 955
642 247
419 707
576 177
572 34
61 916
581 256
61 357
715 789
130 240
385 12
620 254
409 759
53 577
603 128
136 545
870 599
857 532
782 783
43 609
943 545
787 70
854 657
669 770
424 502
163 293
190 922
9 15
524 838
329 20
774 293
452 650
244 584
380 547
892 219
165 477
253 508
642 153
762 963
305 157
447 870
386 426
963 5
988 649
169 198
960 106
741 578
299 998
568 387
252 176
548 394
309 538
566 804
883 619
538 724
814 147
175 66
903 510
644 357
584 786
807 789
388 166
2 415
66 66
270 748
637 281
204 908
373 792
466 173
422 179
367 812
754 894
869 825
626 91
872 302
866 457
776 673
468 502
577 894
483 730
795 941
907 656
799 572
228 752
219 784
723 83
614 41
328 82
921 58
259 599
473 287
428 719
331 964
219 365
861 242
750 577
488 32
933 319
828 293
7 235
13 825
895 331
832 623
230 974
836 429
344 91
601 695
514 754
540 914
517 289
522 900
753 403
671 684
394 423
606 953
508 270
95 828
62 839
322 184
277 756
285 661
820 909
610 442
342 352
747 217
686 699
246 947
916 282
756 119
208 311
115 547
574 528
97 352
92 520
410 268
348 896
560 487
863 750
3 151
892 367
725 579
799 809
7 439
195 850
901 795
420 208
291 98
975 515
58 74
835 67
279 510
346 852
89 656
320 353
252 406
242 927
929 313
920 860
665 679
694 97
958 474
89 321
877 762
194 324
904 303
549 812
845 206
958 778
596 448
602 267
372 21
619 684
467 990
44 502
667 455
448 219
80 290
324 336
115 938
111 221
138 972
415 444
407 213
765 608
39 594
478 592
290 919
691 956
565 248
450 313
369 470
186 808
867 361
754 514
91 60
332 109
530 266
542 977
119 773
545 592
680 134
590 706
902 910
472 670
131 74
373 402
677 262
911 13
84 744
779 601
86 652
413 254
121 428
686 615
525 962
163 57
353 109
490 513
836 536
442 79
649 488
240 876
352 129
416 581
598 254
73 414
938 966
879 302
31 337
424 374
905 942
933 449
733 25
220 499
138 811
548 805
876 463
565 600
869 920
30 342
381 600
783 61
512 185
826 95
333 629
663 363
792 147
701 306
424 342
377 572
932 623
625 1
114 169
883 561
759 262
223 248
323 600
16 607
547 802
635 622
124 434
157 727
931 250
83 235
884 7
54 461
632 545
677 270
527 63
7 249
191 537
878 686
812 643
224 69
805 346
11 593
609 896
583 578
847 219
813 766
209 249
720 417
961 512
954 848
869 314
910 289
655 838
422 670
110 566
735 221
47 663
158 898
499 355
741 33
110 147
622 131
609 111
610 479
479 511
444 573
617 314
416 391
556 465
341 478
841 945
904 800
598 490
431 657
662 975
871 805
184 672
609 375
609 81
30 236
220 160
910 219
15 358
703 423
929 586
138 362
144 473
85 581
375 133
567 519
786 583
343 759
704 741
620 775
505 180
844 795
921 186
237 929
854 423
508 214
760 268
555 888
84 913
182 629
740 333
382 786
93 818
964 18
683 371
238 712
985 897
583 378
820 256
616 113
119 528
909 909
727 905
296 499
268 463
358 554
930 695
672 78
639 966
101 889
813 31
384 212
186 354
193 344
778 460
487 547
431 411
404 784
384 837
983 536
521 152
387 110
488 506
341 47
80 24
205 787
158 491
527 737
456 26
485 339
199 986
898 1000
431 160
263 922
587 100
323 127
405 520
624 256
491 832
489 293
951 761
127 549
279 597
769 742
686 355
34 415
725 189
547 640
268 255
411 668
822 796
465 191
599 308
647 620
754 301
31 32
847 918
126 958
473 63
47 334
339 664
146 218
382 621
961 571
918 487
378 896
427 107
441 12
829 774
787 477
220 878
586 873
856 717
93 65
346 377
590 522
687 901
428 40
587 365
392 509
540 883
419 779
305 301
867 999
103 75
580 543
96 69
764 448
933 453
761 87
437 503
222 364
590 689
931 933
579 105
399 795
337 351
283 47
181 72
511 349
982 231
689 252
904 663
202 745
641 222
713 961
893 929
91 228
846 124
303 997
976 264
413 789
797 503
846 363
909 534
625 349
504 549
517 272
849 782
700 567
340 862
851 170
712 113
866 472
357 401
560 2
569 333
217 291
772 576
489 906
29 483
412 733
846 577
520 8
400 877
909 289
653 806
969 798
707 557
363 283
620 938
20 994
141 436
884 30
433 772
16 155
528 662
433 668
445 720
615 17
115 169
343 611
590 545
899 248
550 205
371 969
773 421
847 920
18 327
571 118
317 757
464 267
751 914
422 336
872 856
643 625
559 570
214 708
458 614
5 14
247 167
861 671
318 702
466 52
200 780
722 736
109 805
202 197
888 634
97 180
52 70
527 900
758 323
511 358
800 687
847 58
539 627
846 907
20 888
518 465
619 882
815 247
654 209
704 428
377 760
208 578
15 562
363 526
349 194
388 566
490 278
746 853
519 625
28 346
168 361
527 282
835 504
628 310
543 250
243 96
66 125
618 914
940 850
392 78
404 75
999 324
188 718
57 555
141 296
190 473
239 765
612 71
226 553
703 882
791 153
516 178
501 605
302 431
88 986
229 758
863 209
120 482
465 976
883 943
531 758
284 612
690 331
442 758
645 890
291 578
910 509
460 92
260 573
393 451
549 963
750 748
534 31
880 843
799 920
534 466
881 526
692 565
471 179
511 676
400 862
410 570
689 262
694 779
636 339
113 876
684 828
187 714
489 796
33 952
473 36
234 847
147 856
867 42
53 369
279 207
317 671
215 737
224 521
299 324
434 145
1000 74
322 248
622 990
889 833
213 628
753 848
7 546
737 696
503 682
72 601
429 939
609 263
364 650
703 57
627 410
585 370
340 351
75 498
807 221
207 885
659 777
735 576
211 107
750 708
179 902
264 774
943 173
689 577
242 705
43 986
509 604
860 762
524 877
73 403
251 441
8 704
400 693
853 294
181 304
574 874
428 259
36 752
352 923
886 745
906 937
268 987
643 857
443 715
703 961
992 460
495 338
277 468
937 694
936 449
200 583
643 964
638 477
54 705
942 64
899 401
42 501
765 283
216 927
672 433
250 53
490 813
545 147
812 972
582 735
83 456
5 903
504 83
244 567
122 549
442 314
190 49
390 80
71 12
965 50
202 721
200 517
508 500
38 68
64 5
993 939
316 739
100 647
56 445
190 841
945 765
249 573
817 418
420 516
205 35
92 133
312 149
698 876
315 358
414 148
850 1000
980 782
38 786
568 234
578 812
548 982
714 202
304 411
516 805
456 684
737 185
129 241
170 488
146 935
551 741
893 409
221 144
659 211
905 623
324 679
584 65
176 749
645 670
762 774
873 714
269 796
167 565
658 685
908 796
277 496
312 639
152 627
499 298
942 683
331 716
664 233
798 422
347 912
797 451
833 926
188 769
352 195
440 60
720 774
319 467
146 595
93 140
459 55
472 437
188 798
129 433
595 52
38 22
6 352
610 646
102 521
872 121
30 607
492 778
404 962
22 203
46 749
12 311
938 871
842 59
868 439
590 950
968 233
145 796
510 173
928 172
57 269
683 323
402 31
343 598
716 160
271 42
643 636
945 441
962 872
889 52
174 492
278 878
617 440
749 733
214 862
264 865
323 698
838 342
55 475
586 942
679 721
896 20
727 168
274 125
873 445
585 875
181 335
8 249
589 45
588 692
291 581
867 454
924 41
560 221
893 792
328 33
724 528
637 863
641 201
662 386
656 619
633 736
627 324
397 700
505 726
131 308
306 682
891 309
855 983
752 110
345 583
475 557
562 945
992 14
644 452
382 354
625 871
356 160
490 518
574 464
174 174
66 746
488 583
246 461
685 846
409 860
187 297
903 507
665 924
675 346
333 335
636 676
202 778
627 271
453 369
5 309
102 648
610 382
424 193
966 405
212 681
911 192
123 593
429 360
15 187
650 662
427 317
542 467
698 788
148 551
118 629
656 701
148 176
190 14
188 272
717 955
622 624
617 560
81 758
549 106
202 626
932 300
872 652
807 948
838 519
740 829
124 431
824 911
395 633
1000 533
739 348
805 104
250 126
729 880
136 839
103 661
404 635
439 763
753 26
804 101
628 383
873 891
713 186
931 490
444 370
198 743
892 690
742 670
178 295
557 627
833 576
129 620
393 566
266 576
251 403
396 541
655 357
316 333
183 102
459 29
736 813
962 21
159 761
133 775
280 434
503 829
578 347
1000 904
528 414
144 153
719 18
208 199
94 847
885 369
977 795
455 34
193 495
873 34
955 287
487 566
592 554
808 594
834 322
165 264
89 878
126 632
854 988
579 970
196 828
655 590
829 378
241 270
387 868
442 610
248 128
363 896
409 695
869 901
523 56
39 239
805 530
77 633
618 15
610 923
37 76
937 153
692 109
411 539
851 810
414 835
375 416
336 289
830 872
964 541
19 60
641 666
384 582
471 985
562 40
513 165
850 114
111 527
444 71
826 304
98 660
251 753
592 423
765 27
189 350
991 805
285 658
251 163
233 918
169 650
811 995
806 423
183 481
259 436
581 691
901 72
429 559
846 997
447 638
102 371
401 82
658 290
211 487
238 448
710 250
503 129
5 298
603 325
181 409
368 925
459 927
613 837
233 887
988 118
853 352
495 403
705 978
325 321
651 982
805 464
979 133
149 404
167 530
705 794
400 613
2 319
334 510
16 261
393 259
183 989
488 459
929 843
584 993
729 519
359 530
109 610
147 987
465 515
575 318
755 418
46 85
456 168
267 220
94 421
374 941
364 237
593 331
393 311
69 346
905 598
665 40
279 207
677 942
199 112
92 915
439 942
957 584
455 848
696 380
411 379
264 834
637 862
26 166
619 595
945 684
455 70
986 190
801 451
134 124
374 952
714 129
542 368
126 328
174 131
258 772
288 929
822 180
903 253
627 898
84 810
757 949
635 420
924 421
65 316
297 214
695 733
869 266
832 311
380 599
610 419
962 614
975 589
922 688
681 126
989 425
768 810
86 972
746 901
987 927
140 137
739 580
826 253
739 458
935 752
735 793
206 469
51 592
339 523
201 138
160 135
967 965
355 984
878 610
419 938
273 675
806 366
397 784
231 329
599 275
908 329
819 722
565 431
603 645
285 382
781 332
808 824
260 225
847 712
948 953
565 853
529 746
914 769
914 675
950 149
756 74
185 296
543 109
629 232
716 296
257 48
377 676
791 334
583 144
310 898
261 498
890 474
98 130
568 547
909 501
773 611
363 896
340 669
678 627
630 903
207 385
620 542
163 878
594 99
80 920
137 385
200 728
782 698
990 654
874 920
457 724
443 289
220 953
487 170
895 685
124 409
468 322
764 925
218 846
803 270
98 114
93 693
497 930
141 829
254 85
562 795
589 64
368 924
482 689
478 908
603 445
663 423
336 201
217 134
794 449
186 862
238 373
948 133
231 349
563 763
62 204
910 945
270 588
883 267
867 867
483 672
872 473
973 342
501 665
527 614
572 321
222 950
696 734
279 151
470 208
246 60
107 156
148 506
39 393
404 503
692 428
917 185
327 474
693 918
593 65
276 141
434 1000
615 415
608 199
236 700
619 755
41 384
707 640
883 630
297 458
269 260
514 755
531 408
51 916
618 858
880 275
492 270
90 700
126 755
496 593
418 784
753 820
241 940
179 803
949 478
372 787
931 255
770 922
71 341
641 971
515 62
203 515
990 67
375 99
350 329
748 185
379 172
560 278
359 637
654 549
757 211
764 775
399 856
726 269
396 265
877 221
918 729
768 11
574 659
264 661
581 825
747 282
299 110
85 347
301 329
159 789
727 909
134 729
900 446
40 70
665 839
713 70
845 778
995 539
662 844
377 717
908 839
316 25
638 420
462 676
47 636
667 11
188 164
468 308
542 505
796 738
153 991
547 121
327 524
265 359
709 867
352 890
684 744
492 280
10 912
797 737
311 226
430 190
149 790
74 500
702 367
690 908
165 419
371 707
186 273
193 461
90 426
643 351
607 160
742 464
119 730
68 190
544 590
208 935
535 974
756 105
942 64
472 287
234 47
579 661
40 497
836 813
814 428
618 1
813 171
716 861
694 532
269 767
45 542
128 361
960 612
558 710
703 688
782 674
159 973
157 688
372 879
349 781
954 573
635 4
555 272
503 966
816 583
335 377
408 771
239 729
998 204
644 78
424 305
703 771
108 968
576 772
556 526
721 585
783 55
21 599
222 387
226 850
424 112
427 99
394 85
254 549
282 81
31 239
418 532
365 157
327 413
878 341
894 116
123 417
349 554
1000 381
266 891
825 441
886 210
327 455
640 212
287 427
589 753
583 830
568 337
70 879
906 133
9 605
190 951
266 629
6 994
382 511
308 491
902 359
926 789
993 642
977 760
68 461
754 752
297 525
71 146
826 387
547 903
698 849
287 921
231 808
136 623
462 96
937 779
751 351
392 304
734 774
555 966
321 980
970 741
104 487
369 935
350 806
285 548
627 62
960 234
375 381
612 145
920 640
271 992
157 770
640 620
136 822
580 343
351 1000
337 603
749 830
763 65
947 305
489 112
684 672
813 547
592 88
95 825
261 518
720 435
145 80
528 572
961 869
85 13
605 684
112 26
954 536
821 277
998 657
466 913
439 222
38 853
2 411
121 248
738 566
316 683
345 445
396 73
73 951
649 466
900 780
723 385
282 113
992 639
70 150
599 819
206 924
908 169
383 363
70 481
468 915
943 548
297 541
419 238
396 694
449 424
895 934
205 26
772 644
850 395
133 928
297 407
65 152
596 514
929 880
575 875
523 858
247 857
536 80
786 491
756 703
904 592
498 147
412 146
424 183
457 515
608 894
816 362
998 747
387 666
246 242
375 133
861 780
405 41
638 236
580 935
196 200
540 887
311 787
213 457
496 883
484 465
591 642
751 255
124 479
89 815
535 344
297 375
762 536
473 403
342 923
311 203
487 888
795 376
434 810
759 746
335 300
654 35
461 361
629 835
466 932
565 25
256 623
630 783
52 524
459 885
584 941
825 886
306 297
260 278
604 885
898 491
87 43
2 980
703 406
369 541
650 478
628 170
53 75
978 731
308 993
214 313
363 232
548 527
139 219
230 844
730 738
915 527
285 730
255 249
561 14
997 317
469 74
400 663
431 137
669 131
792 814
353 870
26 198
6 927
877 543
609 816
512 401
563 579
734 594
356 84
194 10
89 144
985 197
281 754
951 973
78 712
499 685
975 250
265 52
317 854
472 11
382 101
149 529
741 308
359 759
467 378
13 371
775 885
43 792
290 596
338 301
903 372
692 77
128 531
754 798
451 841
376 727
246 892
770 792
871 626
34 224
436 631
253 778
864 658
268 42
459 856
415 769
358 579
845 290
941 852
827 386
673 339
406 421
897 761
376 204
280 810
474 613
950 835
642 430
988 628
945 839
198 420
626 116
204 5
49 358
416 403
282 340
767 793
542 155
936 236
702 276
438 43
796 210
566 677
469 966
59 256
730 921
974 69
678 751
899 790
596 171
11 458
736 265
675 661
121 128
1 49
303 696
800 337
451 48
849 554
481 61
816 2
811 878
985 324
855 246
779 389
319 561
468 401
639 80
791 884
10 30
387 463
618 880
206 538
173 241
835 529
708 569
162 898
997 432
26 964
80 602
526 616
307 95
568 468
606 372
863 647
330 703
754 729
129 998
935 140
608 952
792 638
602 991
614 610
589 669
446 686
340 433
517 716
913 276
788 246
207 887
696 122
969 511
790 481
674 971
356 184
40 69
488 272
404 363
967 326
421 393
51 599
908 820
972 159
265 739
382 210
370 877
544 309
153 562
833 11
544 982
281 306
139 517
891 693
670 955
976 710
292 657
94 332
631 472
744 444
79 878
497 777
445 642
798 162
758 620
615 686
778 493
349 158
418 802
872 657
926 103
67 178
55 206
331 95
722 796
11 410
709 621
125 902
27 594
17 725
633 832
269 923
788 25
82 106
985 885
742 700
982 441
56 658
933 272
29 850
932 875
33 455
659 146
509 263
628 826
925 348
116 685
593 765
652 428
131 314
782 671
244 848
888 548
81 633
239 422
761 978
59 42
392 79
452 342
619 699
962 415
500 417
573 958
210 235
533 184
261 688
28 93
633 540
978 29
851 865
325 791
846 587
835 675
424 13
710 450
401 62
153 420
347 181
293 238
709 930
724 721
139 998
207 952
871 789
292 929
492 798
239 783
955 597
856 598
815 597
628 89
926 164
297 661
150 61
879 49
528 96
641 421
893 1000
538 354
467 320
786 601
641 305
216 376
835 622
365 855
567 928
261 941
87 908
67 535
225 656
610 384
620 108
673 198
248 323
754 298
835 871
795 126
809 189
950 565
511 937
561 795
511 744
89 813
423 672
647 936
665 898
63 626
587 828
435 838
398 717
495 958
254 397
52 1000
980 423
223 108
264 464
952 430
875 531
118 172
117 239
886 449
353 378
265 596
28 652
941 818
739 126
648 173
143 977
577 320
288 883
478 236
821 160
964 551
278 159
632 991
1 864
269 841
996 480
138 986
903 307
676 59
404 146
59 153
762 377
704 931
860 682
527 287
437 533
16 704
564 737
378 664
129 481
175 703
829 543
12 281
180 84
643 581
937 955
807 294
493 920
423 646
436 61
637 177
157 641
824 143
13 40
835 719
765 619
398 362
379 471
277 110
611 624
133 802
621 8
88 391
374 60
369 459
815 569
608 359
595 39
437 734
561 737
209 956
184 726
675 670
246 152
273 602
548 912
47 222
670 841
295 623
733 682
727 46
451 370
825 261
139 472
601 369
848 510
600 53
2 292
413 623
363 346
877 917
38 817
59 488
976 400
546 798
580 513
109 467
309 308
437 545
152 201
403 872
511 699
134 249
638 162
416 879
990 831
780 247
981 341
698 81
50 297
512 55
561 189
24 959
429 332
83 900
642 287
883 908
453 541
112 661
664 68
655 895
799 492
79 521
303 506
127 2
453 702
196 893
252 941
588 776
334 69
67 682
338 962
663 617
346 526
352 147
397 785
213 212
136 386
249 959
687 31
239 372
695 548
340 263
120 119
532 480
204 616
366 127
831 9
152 475
243 276
458 664
358 974
966 152
526 192
475 861
197 137
655 431
1000 109
186 558
351 619
499 276
715 47
848 678
206 848
914 322
247 65
70 746
349 397
146 480
401 373
700 354
355 611
327 702
49 800
340 296
314 876
560 632
389 632
662 818
412 119
537 770
431 162
46 262
464 765
409 92
251 244
25 618
474 438
386 257
94 908
801 797
900 284
444 337
856 275
911 479
900 964
252 506
999 610
85 827
619 396
327 408
510 197
315 409
54 601
146 641
129 506
480 129
287 449
848 302
53 623
508 323
622 480
699 593
69 991
126 646
484 585
634 620
476 178
813 685
814 119
118 282
344 3
79 271
725 137
66 887
198 207
827 46
548 650
875 151
293 519
871 533
886 499
265 616
417 557
753 344
230 216
470 126
818 414
651 857
328 114
514 249
515 365
560 804
922 525
767 152
294 60
390 495
213 558
721 55
712 222
265 523
992 521
787 907
332 345
78 281
414 854
42 387
530 868
268 656
94 786
795 116
828 803
790 679
386 648
769 717
999 475
416 95
502 323
851 460
10 964
697 828
867 273
166 233
842 573
261 351
86 290
221 139
650 81
144 798
528 101
197 30
3 197
113 845
775 258
109 992
869 910
876 103
946 614
198 495
526 845
378 952
979 820
378 455
974 747
673 508
535 751
383 962
841 376
703 534
704 162
473 752
809 914
92 604
894 101
269 95
30 712
755 744
901 44
318 768
219 404
170 922
583 704
180 257
317 706
424 494
523 300
192 400
449 205
781 498
559 385
476 845
660 699
106 167
977 328
451 304
609 217
932 555
521 368
540 375
674 560
783 321
139 591
21 303
437 78
547 595
283 182
448 47
237 217
827 982
491 547
510 134
800 296
364 886
693 173
981 984
61 154
601 373
153 56
641 645
432 78
328 534
262 699
483 492
957 223
447 506
122 152
610 951
841 660
106 173
850 633
409 712
343 186
279 720
178 850
211 411
744 677
887 975
798 529
291 976
491 768
704 62
662 72
539 896
813 128
623 164
274 735
997 484
319 104
820 40
120 649
315 384
878 761
863 435
489 541
148 828
423 25
645 577
87 272
624 302
815 271
545 269
491 718
524 407
386 654
85 695
372 880
545 996
656 641
419 653
925 206
636 390
348 237
695 305
297 357
97 335
115 250
590 673
976 418
785 256
551 680
94 718
310 706
434 312
960 386
702 537
913 11
445 78
277 757
329 610
532 91
72 119
767 394
836 240
903 689
197 199
995 823
409 571
222 419
6 82
642 927
296 719
46 707
375 424
503 930
444 819
244 805
797 986
24 429
421 320
989 892
464 108
360 292
778 681
215 971
298 608
723 67
918 273
738 14
438 638
466 837
489 505
574 622
354 257
898 998
355 893
30 849
594 92
74 987
557 868
323 448
763 657
340 506
225 304
394 964
686 722
285 700
947 843
586 942
875 160
585 250
877 506
257 522
123 468
865 445
750 118
921 585
323 68
10 786
400 351
990 797
918 364
444 589
772 851
155 190
80 310
806 464
515 637
980 32
237 334
942 938
205 281
564 391
492 858
872 827
725 890
946 586
568 67
222 587
355 837
219 572
267 844
314 797
864 807
21 54
193 78
134 651
262 9
919 600
587 287
76 601
789 87
565 64
581 603
637 757
113 844
470 975
404 756
183 735
427 921
249 986
132 315
755 875
353 224
195 537
34 231
118 905
283 114
463 2
33 441
638 501
366 974
54 411
250 519
453 685
56 243
628 975
520 534
88 932
564 899
203 612
51 216
749 282
872 902
569 312
28 780
684 687
330 810
302 913
173 474
535 774
974 293
950 16
856 889
630 584
340 532
345 21
860 813
348 719
675 32
856 266
416 592
952 176
596 687
94 236
511 781
669 579
330 394
566 326
273 202
114 328
520 775
631 810
554 719
515 409
423 778
488 600
645 128
249 786
837 141
723 505
449 782
974 130
989 349
431 381
951 54
345 379
739 583
413 912
55 199
954 551
544 194
240 776
420 270
113 424
412 359
765 571
257 325
376 86
29 618
696 419
51 130
721 2
23 825
54 644
184 470
273 82
132 99
784 581
676 873
513 73
964 676
4 506
933 680
335 804
601 739
979 361
429 602
601 100
99 772
933 221
390 650
834 997
303 27
201 390
972 301
642 684
339 701
785 428
187 877
344 918
932 899
388 428
790 355
363 403
606 526
864 821
690 44
773 369
340 744
661 374
896 819
744 624
117 607
500 345
662 423
806 57
911 425
353 764
3 532
304 993
245 212
735 136
102 338
534 164
60 587
550 407
434 613
541 739
24 92
304 564
454 455
654 795
577 126
676 47
494 538
810 490
204 40
379 561
208 829
661 868
708 605
505 892
991 444
863 69
82 693
775 130
4 984
766 727
222 162
11 357
540 396
910 979
668 191
645 210
610 675
34 566
116 440
600 176
717 478
145 318
257 971
28 816
552 750
331 377
888 286
856 363
592 884
517 82
937 185
75 89
760 967
892 503
646 207
339 696
4 244
351 661
520 672
58 706
913 401
482 516
3 811
84 289
578 474
201 115
686 705
249 557
242 376
199 535
347 104
250 571
771 125
384 303
315 92
195 449
539 661
933 636
242 516
901 391
883 141
877 88
560 407
112 87
151 17
209 623
999 419
226 263
933 510
276 362
421 266
607 753
30 458
518 26
311 878
972 134
334 48
979 613
611 144
408 844
951 123
995 459
904 702
805 105
664 189
673 473
758 849
704 318
852 532
848 313
439 414
284 258
15 300
340 845
134 465
901 27
960 400
30 84
153 773
219 161
369 197
654 592
872 454
648 258
399 351
529 771
485 893
719 450
462 680
388 893
762 235
679 887
666 50
755 572
791 58
575 129
620 298
685 516
815 517
587 669
104 19
784 496
180 175
878 409
569 633
571 15
762 234
810 929
438 437
293 555
20 204
553 309
312 30
305 403
249 652
172 932
191 460
694 871
31 836
633 575
422 247
355 229
76 771
542 294
250 760
188 35
241 401
350 380
317 613
689 343
220 962
844 498
78 689
802 414
18 358
770 662
558 745
59 396
995 457
834 812
476 371
81 697
545 680
674 513
292 993
166 468
620 529
549 349
48 27
731 865
39 365
708 251
905 294
937 655
50 203
466 371
671 164
307 769
245 266
444 306
652 756
951 802
121 961
914 474
735 329
53 536
395 551
353 385
135 326
474 459
637 801
593 360
984 819
968 406
355 716
249 752
769 335
310 17
933 968
825 286
420 110
111 471
653 299
66 666
644 840
146 767
456 708
800 370
510 639
673 980
379 932
673 986
116 681
203 305
575 639
636 722
37 967
156 3
784 651
163 216
97 636
577 381
313 821
449 295
6 971
837 951
479 482
300 63
676 159
285 272
371 992
422 356
370 229
554 487
655 520
411 717
370 579
529 841
838 594
312 451
983 966
120 760
565 325
551 167
880 99
908 565
61 692
937 663
762 326
550 164
832 264
486 11
973 943
431 641
448 122
81 208
91 611
33 794
981 449
904 534
905 799
520 341
65 497
597 705
954 544
720 876
483 269
67 323
488 162
237 382
648 682
949 120
770 899
890 161
606 597
405 708
869 221
970 896
290 126
410 389
674 474
254 678
248 106
583 132
830 325
980 48
190 817
492 83
600 318
76 838
257 268
200 303
614 909
293 710
295 301
496 96
946 733
925 559
774 563
763 286
257 482
732 626
570 369
140 874
46 648
378 487
518 66
754 729
467 800
642 442
899 375
513 527
313 331
351 971
832 744
259 56
866 233
213 736
352 526
475 788
525 644
290 650
859 769
841 202
267 766
874 912
453 181
453 659
175 935
355 829
320 697
226 512
554 431
769 364
63 205
556 453
375 811
963 614
276 607
831 473
9 24
799 381
652 521
791 499
338 889
956 476
219 364
9 586
608 470
419 916
998 940
40 504
481 951
323 645
647 961
416 630
117 764
60 973
597 742
413 886
717 375
143 454
599 873
39 348
699 884
644 309
854 816
684 758
724 304
203 362
888 880
551 109
461 967
231 123
328 660
599 147
716 24
230 200
180 493
593 837
11 92
304 933
236 843
342 215
443 161
130 672
577 614
489 820
675 724
328 784
125 625
926 849
504 12
150 477
37 224
408 428
898 639
490 798
308 429
983 808
998 471
232 459
20 845
68 585
409 886
746 864
350 102
329 159
974 77
600 313
906 616
941 58
726 581
732 584
481 549
81 728
200 573
242 156
15 641
693 641
120 325
427 91
448 286
548 851
561 683
28 377
379 542
792 52
49 889
410 444
347 444
422 692
769 168
352 122
620 420
476 339
398 946
842 335
730 213
620 514
252 542
109 224
573 473
655 894
329 295
997 300
599 35
838 454
388 945
965 773
35 505
583 660
692 247
377 73
922 53
348 988
190 948
55 480
769 289
832 657
345 616
542 1000
274 780
757 407
832 212
467 211
885 730
256 829
359 318
322 890
164 332
190 316
50 216
740 309
111 221
326 104
2 872
819 427
570 135
155 578
94 532
740 696
19 666
120 46
606 560
437 876
429 669
641 977
674 952
66 456
487 56
447 846
961 649
711 715
742 242
601 442
692 804
12 26
239 588
687 607
385 151
323 621
60 30
909 687
382 468
499 411
785 535
392 628
223 366
249 610
475 424
492 46
126 66
238 233
786 773
958 733
441 356
548 603
14 858
351 956
735 770
209 648
851 174
581 613
356 817
803 991
556 551
820 882
417 492
915 76
631 245
263 777
754 406
891 131
732 510
598 988
225 931
258 145
23 28
90 304
348 828
581 498
130 36
123 38
701 303
104 37
986 276
776 118
754 348
951 51
634 792
423 378
367 354
549 751
574 290
804 864
156 112
731 100
846 956
349 574
301 888
743 337
672 871
162 574
185 380
345 556
704 224
635 649
593 233
785 940
42 998
91 259
146 604
368 901
978 515
485 543
416 470
113 439
329 50
666 699
968 290
974 393
303 391
683 688
834 420
704 860
262 959
955 566
121 616
637 663
746 261
997 288
426 627
887 868
737 250
435 631
320 97
932 139
291 511
264 440
265 504
257 243
609 83
432 206
969 640
778 826
414 760
619 734
122 904
431 814
267 71
408 133
429 503
346 244
694 994
461 128
962 781
871 8
128 656
357 824
87 967
87 292
479 237
73 117
584 104
834 436
673 120
320 31
952 203
236 789
63 168
354 803
289 371
113 84
461 943
787 178
807 283
288 88
481 747
397 374
877 91
544 889
776 934
435 678
413 556
423 482
152 508
433 151
159 374
340 164
621 73
508 731
100 908
873 739
331 446
824 708
781 514
212 86
455 257
25 879
59 985
780 504
364 636
560 561
812 578
418 125
702 429
313 891
433 620
606 98
99 836
975 651
440 840
215 93
607 563
903 937
429 354
622 254
815 626
501 520
304 338
738 618
641 663
76 588
721 760
16 510
761 580
39 369
426 37
49 787
166 60
99 805
206 752
591 838
284 339
877 211
887 368
990 92
555 406
539 90
652 171
493 891
637 183
932 453
280 185
799 783
141 757
498 814
908 799
63 430
261 284
510 329
958 457
972 833
419 661
993 185
996 104
563 33
377 985
796 920
302 707
913 448
67 495
954 534
250 668
814 132
644 74
48 611
627 36
437 41
581 691
931 83
846 628
374 604
950 988
120 782
571 107
684 740
376 944
820 947
458 797
844 576
147 225
586 16
515 464
26 23
913 860
613 982
515 12
563 155
876 379
76 123
807 522
53 803
30 562
325 808
75 154
237 921
938 82
740 23
978 601
459 272
604 699
863 754
931 409
6 317
192 481
324 659
243 751
582 695
664 725
345 49
470 701
456 683
409 186
109 827
839 805
678 8
589 85
571 591
778 899
390 513
330 676
978 859
408 637
14 300
843 667
970 640
317 778
433 523
67 705
914 940
508 121
485 141
43 377
134 608
583 150
772 646
367 157
588 392
776 376
837 413
672 776
865 223
975 698
716 472
287 823
11 993
189 993
707 940
676 538
628 113
970 526
893 448
743 59
114 771
471 756
369 613
324 989
449 322
90 813
846 403
269 650
208 94
597 282
527 770
261 528
743 888
641 687
502 340
577 362
208 138
134 131
278 135
214 247
296 471
640 68
698 387
260 358
342 545
557 957
871 563
972 152
103 513
338 428
590 900
189 894
468 267
787 949
175 65
203 249
442 197
759 307
113 376
363 888
524 141
116 345
744 830
985 897
661 116
592 164
212 112
344 88
507 286
372 132
375 819
808 549
681 547
810 588
148 406
987 36
621 352
976 991
908 154
871 392
319 887
794 519
357 367
974 112
189 865
818 326
540 253
97 928
89 30
640 323
418 857
852 880
160 714
145 140
307 310
323 102
134 652
340 382
157 61
431 158
592 748
822 135
132 397
867 612
48 628
717 245
841 909
155 250
494 923
996 871
926 830
800 125
487 71
779 477
617 521
966 303
478 501
325 194
386 834
636 656
171 446
791 842
237 592
602 514
793 289
971 480
699 227
78 659
879 9
464 483
70 424
402 85
844 207
931 94
802 105
215 220
170 740
200 18
242 133
265 126
152 506
242 6
802 262
917 809
328 733
216 610
434 655
91 683
803 128
108 269
237 700
325 955
46 773
278 285
438 276
738 622
883 296
65 494
215 875
484 101
88 681
872 733
209 728
354 89
308 3
540 82
935 343
36 848
824 141
666 282
354 383
182 715
524 879
208 664
972 26
116 513
249 715
327 696
276 646
221 290
27 671
478 891
643 7
82 318
199 196
332 652
804 541
402 239
621 548
280 890
454 822
390 987
178 997
273 769
479 440
657 87
442 379
425 708
475 174
567 748
295 969
814 935
286 65
466 589
795 968
845 341
299 177
864 86
44 404
603 175
410 37
56 818
617 307
18 295
741 108
41 692
801 967
864 308
440 514
680 197
650 787
348 344
730 28
246 610
54 193
489 387
859 967
231 786
756 572
922 198
736 124
738 161
986 574
365 803
285 569
773 688
554 461
730 940
542 199
101 616
919 349
110 705
124 745
793 523
587 418
54 355
811 768
886 635
578 388
693 935
404 595
447 984
522 396
749 963
737 944
764 530
576 321
986 301
332 373
179 350
195 499
180 402
111 478
454 673
3 297
633 966
10 154
508 700
243 915
637 169
218 572
259 79
388 388
930 824
912 697
866 852
93 173
503 402
67 867
438 798
399 2
800 658
374 739
578 317
786 19
927 772
382 24
454 640
303 942
541 700
41 344
19 89
958 939
187 545
703 902
243 347
279 42
107 844
6 346
87 503
448 490
870 7
176 72
32 418
154 805
291 470
18 254
978 811
583 887
164 525
421 55
619 531
651 583
578 226
929 270
274 863
126 275
466 677
547 303
531 213
327 7
789 871
342 362
50 444
742 763
359 258
866 552
584 902
18 55
765 924
710 472
462 583
700 775
377 27
725 184
121 260
824 855
584 192
77 473
754 878
552 885
9 845
619 715
272 327
667 67
46 743
759 361
234 946
907 435
973 164
745 880
201 683
277 816
134 957
928 842
356 381
967 396
438 891
977 219
897 441
226 693
961 938
633 343
14 394
887 655
546 351
367 685
807 522
147 998
968 475
436 724
391 293
771 63
157 478
56 769
776 166
672 877
487 844
380 572
17 679
822 206
136 951
364 171
400 92
274 188
704 450
224 631
294 502
784 735
483 501
526 747
998 77
586 904
984 181
538 617
980 388
146 252
871 390
725 551
339 303
106 726
59 626
396 617
899 108
415 294
494 399
458 955
154 177
88 713
732 299
366 414
482 23
920 668
245 359
131 84
113 762
724 383
184 668
966 964
497 41
765 354
992 132
573 90
767 302
423 653
110 1000
806 394
815 704
832 697
443 176
764 336
618 612
160 123
134 512
93 479
181 115
128 233
244 817
104 901
562 400
867 12
281 404
671 578
580 289
855 817
693 348
547 330
368 669
667 676
753 500
636 873
579 111
643 297
116 222
653 7
17 49
374 343
278 29
586 100
733 311
952 579
32 779
863 591
991 859
361 108
714 269
793 564
516 415
905 749
343 834
631 814
144 165
471 852
333 971
885 410
143 919
754 886
867 481
357 121
24 9
992 764
962 888
498 634
937 846
267 569
322 826
135 828
867 769
910 271
385 778
523 249
198 289
524 382
226 190
361 100
572 614
827 321
515 281
485 33
699 786
216 46
106 737
548 316
677 256
551 693
859 984
126 79
335 607
840 533
70 39
752 900
214 239
342 629
306 34
799 489
522 146
600 978
742 796
625 530
772 694
848 68
604 727
102 496
973 666
83 827
594 248
819 282
324 859
527 155
680 238
237 51
936 860
954 158
887 97
309 44
685 205
711 544
896 321
924 53
939 504
494 632
412 780
942 954
820 373
584 689
703 202
418 914
743 414
891 172
343 410
309 468
276 391
144 184
700 155
974 533
258 471
358 551
182 772
981 212
79 734
945 328
317 136
640 650
979 376
55 587
200 926
824 976
268 931
95 315
445 271
775 627
247 115
182 226
562 382
28 121
666 152
985 31
238 507
828 750
11 294
793 369
306 842
279 668
387 486
451 695
915 551
213 112
807 500
553 816
636 604
313 815
315 758
561 157
634 922
711 907
975 411
110 367
489 823
659 223
83 247
228 93
200 687
62 188
55 874
493 960
625 730
280 927
112 126
348 471
485 185
502 870
266 204
284 411
34 162
837 776
37 993
367 287
601 990
459 80
823 648
708 95
545 432
675 336
276 799
712 478
631 470
203 539
625 532
139 474
45 194
790 755
259 646
996 289
355 480
809 835
307 385
43 618
704 163
913 84
7 760
993 991
625 19
515 170
38 299
765 570
809 123
334 181
866 537
765 533
24 813
427 200
382 22
430 892
156 350
387 799
118 615
749 515
311 667
669 487
454 15
432 825
381 222
592 698
467 421
26 640
925 508
515 200
319 104
634 941
559 265
943 293
172 777
192 222
427 417
650 575
829 508
685 818
865 285
856 510
31 648
453 486
96 859
726 280
609 630
286 496
645 229
703 306
335 529
740 501
178 160
424 607
390 51
251 563
183 36
90 521
29 723
908 356
360 595
219 782
566 102
483 276
516 256
407 430
312 403
723 991
699 487
21 936
775 504
748 868
128 276
747 877
935 303
93 607
542 291
668 475
547 60
560 244
686 921
549 598
275 78
934 629
753 747
30 900
317 962
411 663
832 32
129 166
872 792
831 141
873 712
455 28
834 959
853 79
82 168
566 962
94 488
290 961
992 425
171 211
569 669
1 318
977 600
197 843
628 741
454 542
538 449
360 207
561 851
851 770
334 314
500 864
372 600
738 26
29 414
312 771
124 838
994 976
310 265
346 624
124 144
445 289
934 944
916 864
694 695
729 555
787 432
27 238
807 254
594 839
910 374
232 794
49 223
217 222
478 345
157 453
386 973
200 977
273 514
318 106
911 202
147 941
890 982
58 134
841 412
689 691
403 324
946 847
321 690
868 816
376 311
576 50
994 325
602 630
479 440
294 425
258 625
816 349
474 79
285 887
568 33
491 413
958 607
80 228
855 122
807 130
874 339
644 100
70 457
273 434
354 385
775 705
536 161
581 395
222 393
325 830
561 779
776 692
905 418
200 498
511 890
543 30
827 245
560 867
762 359
764 308
101 138
514 818
649 205
354 503
255 901
897 644
848 622
411 133
627 50
236 97
745 403
280 313
524 96
435 226
163 227
362 782
140 992
230 593
930 562
484 840
824 101
41 980
698 20
629 876
73 28
95 425
477 954
400 514
395 26
36 399
500 291
364 165
878 816
67 301
565 826
369 548
956 408
841 411
276 751
318 290
748 456
432 406
707 89
305 441
24 288
866 545
222 725
726 77
691 973
856 149
729 624
921 971
242 948
146 772
84 716
124 232
106 356
648 646
38 404
518 764
764 209
137 672
305 145
675 171
925 331
145 436
123 562
933 217
134 549
406 675
731 312
572 561
354 799
108 544
35 259
73 937
972 945
554 43
431 393
307 239
673 85
338 506
543 789
633 867
587 852
249 3
435 57
832 3
564 59
911 609
902 857
975 284
134 763
72 483
686 742
936 317
839 476
702 904
552 82
357 69
365 648
825 401
167 297
672 536
977 718
49 523
781 313
86 625
350 277
514 81
972 83
258 594
291 888
908 634
935 993
342 118
898 19
579 205
149 42
970 918
779 131
116 943
622 305
291 894
934 414
24 6
754 101
704 925
341 306
196 167
20 927
675 100
393 100
365 145
277 74
537 812
320 343
787 738
378 664
233 341
789 637
579 720
383 520
933 44
572 339
829 517
257 58
726 509
297 548
249 558
797 845
312 932
205 679
554 354
593 66
431 966
326 885
430 790
71 186
737 175
128 648
813 181
800 728
186 172
75 612
849 505
682 993
246 841
299 471
629 96
754 379
276 746
90 910
85 346
518 302
103 709
148 510
328 873
930 136
352 297
67 974
120 663
516 193
470 238
823 856
864 897
962 148
779 321
359 43
664 850
445 237
295 376
249 606
697 279
773 221
129 107
44 902
677 57
200 431
400 91
635 804
930 922
239 103
439 178
779 123
562 245
777 55
885 77
912 751
554 865
127 321
119 74
145 367
76 146
59 918
142 102
928 142
133 785
299 339
286 354
35 682
501 800
146 486
228 343
760 663
191 470
262 835
287 342
979 384
520 324
431 432
63 969
793 989
29 145
685 791
767 252
197 965
119 277
245 722
131 629
955 807
709 96
267 109
707 591
335 357
208 389
382 290
122 845
48 969
623 540
179 643
106 594
300 483
642 270
516 14
396 372
34 426
993 261
867 336
275 623
793 917
691 44
575 401
886 512
759 860
748 277
598 370
225 104
865 86
917 778
462 455
331 886
738 802
409 749
654 62
115 688
809 572
201 250
353 86
243 426
516 637
532 248
755 86
358 52
72 745
715 752
946 3
34 630
927 175
824 602
101 555
627 832
197 69
43 830
152 843
890 713
529 832
345 270
824 958
489 659
224 428
91 457
532 463
339 43
576 345
737 200
811 871
540 564
735 213
196 442
994 6
327 971
16 303
409 454
902 312
464 954
369 528
834 595
444 785
546 137
432 841
28 114
195 325
64 43
679 693
805 17
402 928
774 68
516 91
433 914
318 457
761 275
782 60
422 561
695 63
204 465
46 204
835 178
870 448
377 227
721 19
528 4
645 77
879 953
484 43
888 590
988 820
957 155
595 305
608 349
691 851
801 497
191 940
370 148
863 480
335 443
323 115
493 657
480 882
592 208
46 32
372 113
634 11
211 694
972 357
220 713
670 866
405 606
316 697
818 897
59 198
730 236
322 669
504 641
430 737
337 159
201 389
441 371
805 570
768 797
639 982
591 576
331 784
812 156
364 555
272 643
352 440
504 811
655 769
986 166
241 24
684 82
961 332
226 297
700 694
12 604
711 683
971 796
104 431
577 62
709 715
507 71
379 223
575 987
384 928
401 751
760 11
115 530
362 170
802 696
687 612
586 839
716 259
133 152
460 343
113 328
156 979
265 932
513 92
396 904
405 79
805 113
577 182
136 209
808 174
127 280
63 194
736 567
356 352
484 309
83 17
797 90
641 434
86 112
903 437
663 547
273 944
743 588
181 439
438 475
606 187
670 165
17 692
904 777
407 652
306 861
600 991
713 386
55 132
201 200
858 683
103 815
206 475
838 813
622 960
764 516
531 343
413 663
307 79
801 321
3 676
271 285
788 713
662 691
102 259
575 936
475 858
249 26
201 63
616 136
585 775
597 318
69 528
477 116
517 734
974 537
243 551
854 82
774 92
410 574
527 676
720 967
450 974
935 260
104 694
634 679
711 595
465 893
376 198
97 361
387 666
517 622
998 111
238 147
677 865
756 729
328 524
861 182
958 334
536 537
866 872
970 938
586 942
308 676
809 560
625 7
334 360
734 164
847 714
654 115
843 206
207 285
143 924
195 840
179 568
704 957
690 566
153 701
142 832
364 136
617 97
433 513
530 437
181 113
317 241
582 68
735 569
647 601
45 133
510 979
535 844
596 134
887 926
631 970
31 728
149 44
169 613
497 482
136 3
601 718
920 268
629 151
627 759
998 745
646 625
672 233
969 646
321 145
44 888
423 802
12 883
488 154
739 943
210 683
186 107
702 744
673 947
816 994
955 75
962 426
600 400
790 60
26 879
948 651
339 677
667 790
721 143
746 489
932 215
572 92
209 406
165 4
418 493
739 618
5 340
846 642
556 883
404 396
838 531
389 719
480 189
370 989
105 792
123 986
373 247
962 578
70 294
204 660
709 604
595 310
142 207
822 167
454 648
346 197
79 134
16 267
222 436
132 173
939 524
175 128
890 754
617 112
792 360
28 311
935 816
249 422
90 493
262 609
471 487
986 679
459 503
13 32
94 510
325 996
897 689
316 254
793 177
454 367
839 502
777 11
533 442
798 18
342 938
576 951
532 969
131 556
474 46
703 353
513 938
248 943
578 999
226 349
130 979
705 52
678 190
472 797
179 668
430 510
952 327
595 311
381 413
410 211
595 912
343 500
548 69
515 905
26 951
903 395
127 954
997 601
963 235
377 346
292 715
74 100
486 437
562 287
391 353
777 572
333 803
899 353
388 991
719 867
157 288
865 12
177 793
149 431
111 285
462 791
422 902
899 350
891 863
868 172
850 51
925 657
292 338
963 118
297 935
803 956
279 357
778 292
226 810
710 351
325 761
328 488
568 512
61 82
947 207
159 819
920 969
59 98
272 52
351 355
335 803
698 573
799 986
471 739
829 880
920 673
2 806
865 748
234 185
243 281
719 53
877 49
959 232
636 765
913 288
705 150
867 888
352 35
517 972
496 720
200 996
964 688
562 312
493 708
559 549
204 783
627 724
972 228
104 731
519 279
127 560
711 277
662 568
17 367
879 683
963 783
256 962
190 394
235 391
561 940
236 994
553 296
807 619
13 755
889 829
529 538
985 187
51 168
832 716
762 868
874 598
571 167
75 985
732 723
775 129
589 593
911 457
413 296
975 510
292 591
652 881
781 221
206 278
496 480
989 902
154 742
949 181
988 311
463 24
442 524
565 600
340 32
472 774
70 657
945 633
711 186
270 411
962 796
322 956
375 682
476 854
777 109
118 875
155 458
175 458
81 524
785 372
309 675
851 669
550 450
912 60
371 384
372 898
587 599
205 820
110 52
367 366
986 151
697 221
944 605
590 818
666 943
308 679
684 524
122 376
961 468
244 72
73 409
144 439
40 266
747 139
270 585
543 635
751 429
471 974
366 585
47 231
309 618
620 472
650 513
780 719
522 898
888 117
478 837
139 877
804 803
154 610
741 780
342 441
483 284
128 408
706 968
667 979
967 70
651 133
2 961
867 560
28 92
434 918
647 753
12 297
296 715
212 236
526 898
108 253
166 955
797 192
390 659
285 649
589 83
905 715
639 464
585 551
151 561
322 707
417 876
500 995
908 150
419 359
948 329
492 53
182 573
812 370
132 615
826 450
319 311
936 708
877 558
944 76
699 231
319 337
152 478
791 515
742 714
603 107
919 360
82 333
541 908
916 568
669 476
206 128
215 424
690 60
171 309
303 617
728 930
799 902
503 19
36 87
238 691
811 444
1 307
97 114
284 353
802 275
439 965
581 846
242 614
196 254
646 610
8 338
180 138
929 617
572 746
953 175
920 810
918 692
228 342
989 476
391 604
882 360
799 656
59 74
348 751
932 467
279 833
131 206
158 173
63 985
278 384
929 844
893 427
862 954
156 260
996 671
312 395
18 843
86 375
937 542
999 69
606 346
727 381
46 39
299 391
807 374
915 779
333 209
874 864
400 543
447 569
712 26
920 640
380 197
675 235
116 122
834 734
160 942
587 279
816 858
797 662
432 726
817 86
313 729
37 866
518 999
197 673
268 942
255 276
183 254
276 361
935 907
390 593
552 153
708 966
189 405
829 801
786 856
641 476
774 581
589 182
217 419
537 342
659 261
234 140
378 942
424 336
175 542
67 910
574 580
470 344
415 318
144 999
198 578
773 643
901 869
472 837
264 661
162 638
211 979
458 958
233 10
2 175
741 126
589 14
964 795
190 271
119 527
132 808
205 732
860 7
861 702
561 456
186 846
46 746
67 807
806 783
605 985
839 969
720 458
593 733
853 495
412 14
327 110
628 481
192 996
175 764
949 470
968 606
436 102
27 991
742 183
943 119
909 714
161 816
1000 100
232 724
177 584
556 647
103 839
454 924
725 456
902 32
398 518
560 500
574 712
494 705
447 976
982 694
354 666
998 732
155 658
126 22
251 275
275 614
394 472
549 754
544 813
329 875
954 738
910 205
672 534
652 325
383 301
964 830
454 153
594 520
29 760
750 536
562 349
373 420
417 804
885 133
437 221
630 574
442 603
871 569
620 623
382 5
902 713
541 406
326 752
167 237
807 388
902 690
904 720
662 735
360 249
500 929
293 303
826 924
770 630
607 831
771 707
477 874
300 879
373 497
588 843
958 374
854 266
477 672
945 896
156 676
232 316
462 541
586 919
467 666
507 526
138 593
316 426
266 571
960 66
887 409
811 896
855 394
237 349
594 412
145 18
743 83
260 52
221 100
479 831
611 245
565 493
612 582
266 915
190 997
129 480
11 97
301 911
418 635
22 172
878 47
844 300
497 122
82 466
192 948
841 715
676 894
575 432
281 572
410 437
348 800
910 564
465 75
452 103
296 474
675 633
69 556
822 426
221 561
977 883
399 323
974 539
781 918
750 641
511 397
988 599
747 384
334 747
694 608
843 447
344 500
512 786
142 127
450 193
405 915
781 698
444 895
119 55
45 496
697 506
294 765
939 488
382 827
216 878
259 666
812 835
1000 283
83 720
870 429
185 212
827 628
983 162
271 128
968 525
940 712
796 720
870 578
404 790
586 175
231 390
234 727
3 962
519 497
106 178
927 891
666 781
984 70
588 755
439 686
556 135
332 649
470 50
108 223
890 830
450 53
255 561
880 55
734 914
122 272
344 373
978 790
599 619
608 890
752 106
911 949
686 183
101 552
656 652
399 430
463 686
918 92
179 962
300 616
492 792
507 762
84 669
528 4
941 667
331 429
465 645
846 595
703 207
153 791
362 147
296 746
324 703
689 685
751 469
373 476
490 322
21 315
977 613
525 988
165 148
875 269
409 549
173 226
349 172
783 522
387 916
68 515
193 672
846 185
960 237
660 697
434 616
535 967
457 439
985 912
879 598
255 667
17 772
869 115
322 362
111 993
287 912
46 420
860 715
842 172
907 990
173 841
72 689
792 589
568 268
115 271
607 794
476 716
22 315
25 14
716 901
346 456
676 602
451 367
305 418
569 62
485 101
695 588
342 777
113 881
539 987
577 578
59 396
429 277
117 264
337 685
450 572
670 410
307 617
42 57
482 409
795 845
797 963
688 38
320 445
829 368
240 593
144 957
336 429
533 74
178 648
462 374
333 30
761 69
818 696
866 153
529 240
488 555
48 794
194 425
648 694
935 287
269 491
69 154
153 79
790 78
135 640
166 724
442 392
747 318
717 399
857 808
589 265
210 941
247 564
885 445
482 464
312 810
549 66
381 230
232 646
931 369
17 568
158 89
856 248
349 44
720 358
539 527
235 97
715 569
907 323
695 64
998 783
318 160
613 390
259 797
766 667
348 970
72 142
815 395
955 731
418 997
153 656
157 153
615 258
119 66
804 98
945 555
627 872
713 846
321 339
970 67
853 13
714 978
1000 236
441 473
59 484
836 352
837 533
93 602
580 603
546 328
762 879
251 356
289 116
240 458
776 162
837 176
587 809
155 721
308 68
952 386
788 997
437 566
148 367
536 526
968 424
466 547
213 984
133 801
221 57
815 728
171 895
37 615
249 947
336 495
8 953
550 179
782 93
523 845
388 434
799 997
815 70
221 230
61 923
291 836
62 655
701 715
245 978
121 264
922 62
364 51
18 312
900 954
153 892
399 130
881 427
202 891
367 105
736 949
799 383
639 675
299 912
249 115
24 724
988 716
332 750
654 683
551 819
873 396
649 170
611 940
286 182
508 932
992 590
535 85
621 731
238 319
513 30
871 220
547 188
662 408
494 485
567 786
589 215
606 301
592 358
114 564
962 230
650 934
815 826
1 501
19 332
117 910
415 953
829 446
684 418
907 547
53 251
382 746
60 897
530 881
842 837
584 720
7 458
111 690
156 175
858 916
116 183
462 620
974 11
296 793
694 594
74 766
595 757
98 717
178 40
536 539
761 455
433 167
908 328
645 395
871 956
36 360
209 892
936 305
406 882
829 991
215 970
217 308
600 709
87 888
598 664
490 287
515 811
885 10
345 365
880 475
698 201
492 388
726 77
983 565
955 183
562 110
677 645
693 159
358 763
140 774
432 689
887 106
661 505
176 471
171 673
211 924
97 282
718 692
165 727
986 203
774 692
80 968
627 742
840 900
281 370
782 934
869 290
792 507
388 211
630 144
762 16
580 281
611 526
744 21
166 869
659 550
909 369
438 346
796 29
58 411
764 499
761 776
554 361
140 494
684 901
675 564
487 180
654 14
635 730
664 692
418 989
545 807
489 910
597 527
760 968
359 396
690 245
395 409
80 520
747 540
628 241
828 941
464 402
318 665
730 331
487 562
845 717
891 460
487 379
627 296
195 207
766 278
703 190
713 960
815 586
25 816
656 987
462 253
440 383
69 125
881 133
63 285
377 694
471 114
773 454
664 643
248 245
481 497
112 121
933 907
846 975
275 247
536 328
600 7
714 544
874 534
734 33
898 162
186 613
14 984
436 689
749 50
812 329
530 950
260 34
301 332
223 966
729 211
423 77
543 700
114 394
137 123
182 651
214 625
850 64
534 722
287 224
686 206
878 253
138 871
953 502
902 431
37 305
143 526
367 731
980 1
441 641
334 350
188 512
660 641
596 125
609 185
30 520
666 744
105 903
435 102
504 381
471 221
403 741
189 449
248 818
970 230
695 580
367 69
247 756
14 566
775 849
912 409
449 974
982 326
292 282
813 311
854 419
803 335
466 161
550 592
651 402
19 717
132 482
157 724
316 901
472 584
251 728
323 812
938 219
916 432
451 653
214 937
6 672
321 26
725 231
436 754
274 355
885 314
496 627
474 955
940 531
429 138
407 237
568 676
292 483
476 17
826 611
416 937
636 368
917 592
501 365
741 736
803 888
353 274
1000 144
502 690
483 879
473 951
79 997
898 454
350 438
898 799
762 812
259 9
791 470
770 430
244 170
222 987
622 970
418 695
332 584
945 781
172 88
480 480
514 565
455 764
250 815
549 23
608 51
303 321
613 396
708 235
936 865
961 1000
5 550
139 312
779 519
997 681
255 52
49 266
780 545
185 265
381 621
193 173
195 758
136 467
134 139
87 158
550 551
705 626
334 402
44 317
117 610
741 526
861 43
363 985
448 470
584 58
555 900
61 659
150 571
791 43
628 144
744 485
569 182
561 832
284 508
540 619
804 235
799 178
691 311
765 827
226 916
972 91
61 88
940 392
224 891
370 129
208 430
923 572
93 509
571 467
63 580
343 636
261 390
418 443
68 589
341 969
525 385
438 108
263 783
119 260
882 602
398 839
22 489
688 592
309 501
287 857
681 602
75 867
468 474
626 179
292 797
85 582
671 840
137 545
136 284
207 773
39 34
212 408
426 205
388 887
845 833
218 163
467 501
397 353
544 948
755 945
52 257
228 383
569 577
740 216
789 265
640 185
977 434
156 194
340 414
576 456
925 565
518 985
232 87
963 130
979 782
827 851
160 480
648 824
860 704
383 719
384 344
553 834
146 890
802 741
616 15
354 657
477 689
362 343
523 643
717 548
117 704
270 521
132 941
391 355
520 944
573 997
462 834
534 150
536 835
381 650
592 219
881 701
13 90
584 259
698 221
976 76
426 697
538 35
787 207
568 444
30 533
527 512
97 661
542 595
404 664
695 844
740 215
644 66
674 48
314 717
766 837
12 817
861 6
332 62
708 718
358 78
119 522
207 594
155 265
815 86
354 87
369 958
685 640
836 366
972 700
397 350
514 63
734 147
987 562
789 187
661 831
373 724
387 893
670 377
731 881
316 500
845 920
858 655
963 691
901 290
766 327
875 453
744 11
200 338
483 385
551 420
268 790
524 933
915 797
212 363
548 134
989 856
152 920
162 640
351 418
159 317
20 417
288 910
616 91
444 791
523 72
470 56
589 306
308 95
594 997
135 688
918 440
53 896
390 989
431 73
107 994
270 504
64 119
891 414
659 696
414 566
801 107
416 57
548 594
88 701
854 19
126 47
270 437
232 716
615 666
67 764
416 98
837 155
89 387
912 101
503 925
274 567
618 725
413 157
212 794
155 941
176 736
320 969
536 955
615 683
856 530
634 5
393 466
204 967
378 382
280 512
653 557
584 53
858 49
579 248
708 853
310 588
667 997
875 115
798 123
262 136
381 843
768 142
844 193
634 672
327 939
329 42
342 330
908 838
592 683
435 157
613 487
495 505
766 375
610 360
677 762
569 750
465 92
992 560
286 697
914 834
253 418
979 700
324 93
350 599
807 780
744 984
670 63
787 240
213 472
627 865
796 302
941 634
589 939
810 317
374 173
464 511
685 913
523 838
781 663
600 236
874 236
695 291
433 984
166 677
452 501
901 218
233 942
387 744
990 184
351 884
52 396
72 275
56 682
413 303
169 213
3 318
124 998
343 479
930 616
722 453
164 190
567 664
266 405
824 366
460 369
939 896
916 132
877 309
88 626
543 759
76 16
274 937
924 222
293 957
971 974
187 832
981 128
611 514
342 786
310 742
380 936
884 546
553 551
310 841
511 415
599 728
192 124
334 647
639 647
925 735
315 988
397 361
640 1000
742 429
31 863
869 456
816 643
159 744
760 453
499 328
945 666
250 919
930 71
389 150
476 119
581 781
443 898
756 286
981 591
310 321
632 554
144 322
309 137
263 257
841 811
136 168
50 316
594 555
488 465
277 952
22 192
600 840
787 495
71 59
527 360
257 800
897 887
415 508
837 700
283 735
818 852
106 771
604 306
652 704
692 18
496 652
935 742
849 183
615 673
887 612
768 450
402 653
357 394
198 148
818 302
849 790
572 413
584 410
789 142
237 655
495 936
550 364
441 196
162 846
64 581
789 99
934 59
298 712
580 375
734 250
264 474
584 566
543 577
531 743
463 604
554 152
321 765
846 681
535 374
202 331
569 26
546 118
335 655
718 793
761 511
955 728
682 233
241 201
771 795
997 892
288 893
186 39
98 685
882 339
716 419
501 823
531 872
709 632
364 897
887 763
950 241
705 678
133 379
823 524
615 300
896 69
742 640
843 233
800 712
942 266
725 2
385 888
220 3
237 427
629 770
989 941
827 96
381 538
780 306
296 236
847 369
619 554
940 388
793 735
905 964
671 761
980 204
100 198
799 926
264 315
408 749
429 227
346 467
619 956
18 588
389 209
872 202
453 941
955 400
883 672
670 376
765 698
657 618
76 286
48 846
568 367
200 497
463 104
365 726
306 689
114 483
663 908
970 272
525 687
71 431
554 908
199 364
67 453
748 862
279 366
460 88
932 617
365 949
759 183
531 807
766 964
532 125
66 254
635 184
466 739
287 275
661 463
812 687
818 762
920 751
642 792
436 713
707 279
567 295
937 590
6 168
610 918
256 912
932 237
180 131
676 590
317 468
550 584
812 883
444 838
162 348
616 437
676 774
827 548
395 270
329 647
702 611
801 12
555 539
515 207
286 331
297 364
841 857
977 919
66 349
126 952
900 502
420 533
550 771
749 525
743 159
608 16
144 963
852 525
804 814
182 207
132 8
627 553
369 161
352 460
10 279
743 459
109 711
903 494
765 380
210 818
217 850
133 56
945 222
230 464
648 537
52 152
781 278
188 314
258 313
849 512
435 813
993 788
725 567
357 521
573 989
730 120
92 724
712 41
587 507
640 30
327 222
957 176
241 823
220 463
165 944
131 334
512 845
335 505
437 914
367 842
318 684
963 796
410 968
402 952
903 387
148 294
555 772
699 480
448 29
301 370
332 948
88 341
191 405
914 928
527 578
571 415
111 781
226 60
822 472
970 270
144 884
138 599
827 757
35 547
170 62
966 22
303 649
916 422
185 889
209 784
131 101
985 645
743 87
83 569
62 958
642 966
191 542
770 126
65 286
483 769
378 880
463 510
177 348
981 139
552 383
828 770
216 599
20 530
191 962
904 117
96 731
834 340
390 510
950 554
237 934
661 60
521 802
743 7
431 298
640 297
844 106
99 598
709 29
442 516
746 849
341 209
678 965
316 277
464 92
230 642
167 897
271 524
598 133
676 56
540 162
329 905
145 760
360 938
844 316
16 791
187 427
249 378
786 104
570 121
876 953
578 436
802 812
629 124
203 851
415 554
42 202
700 1000
34 547
683 545
97 91
92 917
253 837
738 607
825 116
116 71
141 712
3 8
272 26
390 442
355 460
653 365
614 967
775 144
256 492
626 791
656 72
536 98
832 433
870 538
143 922
237 228
839 18
193 495
714 698
314 367
699 106
706 638
691 123
369 473
261 676
211 389
429 811
608 158
429 155
257 318
380 167
989 398
920 184
881 280
749 356
669 564
908 291
205 917
838 606
455 458
627 840
692 494
848 687
264 440
615 941
64 16
721 696
314 425
643 107
581 536
919 509
496 164
449 634
266 732
43 534
232 411
558 406
348 822
484 341
430 531
958 761
920 451
905 531
858 301
947 1
465 689
868 410
699 87
999 992
118 542
693 811
653 694
32 749
393 333
486 344
742 564
959 388
188 639
903 538
775 946
957 472
999 194
485 70
149 358
870 89
862 78
79 263
321 865
186 599
763 895
220 377
765 634
613 694
948 261
969 270
705 186
902 228
834 977
968 29
531 6
626 740
657 81
327 917
36 286
193 558
968 864
337 871
145 565
270 824
622 653
534 87
210 8
178 260
595 729
641 112
580 875
165 205
192 140
94 835
706 398
748 133
308 320
427 591
817 959
194 135
95 373
125 673
932 251
399 91
560 70
36 429
743 770
610 430
94 131
110 976
950 847
94 492
10 928
353 191
69 910
860 856
352 55
194 850
47 199
905 539
652 380
710 497
476 166
662 36
494 827
265 65
545 334
263 45
640 313
654 29
906 954
694 790
321 41
239 873
525 864
470 37
504 390
399 31
104 701
976 49
718 754
859 976
727 569
572 395
297 735
345 266
539 798
965 14
721 960
484 758
126 618
21 357
230 776
198 841
274 84
433 925
841 505
898 905
425 703
442 379
528 669
665 543
932 65
79 795
155 645
191 703
92 346
10 761
738 283
85 508
937 708
410 107
677 570
345 712
302 770
942 684
202 320
795 771
195 880
987 161
461 623
517 501
835 174
551 835
189 769
464 473
428 643
414 899
173 543
422 344
648 109
280 140
76 842
46 648
894 577
770 35
841 248
484 552
574 279
905 338
989 463
900 641
10 537
881 330
232 976
86 1000
181 822
378 536
346 956
550 45
338 746
75 55
332 634
795 855
738 589
490 244
951 158
328 499
56 995
297 289
443 733
310 681
870 282
827 344
736 829
400 272
966 951
631 352
873 78
333 280
543 127
128 884
358 529
441 658
947 900
459 326
947 370
866 545
684 736
630 566
268 311
679 669
897 673
532 661
774 181
347 104
948 986
957 340
151 913
680 318
625 664
127 41
810 933
521 227
616 349
535 535
691 339
206 733
894 635
760 844
50 652
414 859
900 693
701 934
511 601
997 221
341 966
490 807
883 585
635 915
924 318
891 127
60 872
706 532
54 52
328 763
994 246
437 649
160 908
746 419
5 934
727 974
838 470
187 412
563 72
546 176
108 498
315 186
119 523
171 483
284 480
513 111
856 91
971 837
223 451
929 901
575 851
945 783
842 85
965 389
565 239
210 70
552 13
517 660
164 934
691 418
195 390
52 389
390 764
453 756
999 312
597 915
766 147
211 497
556 341
661 300
223 786
359 192
229 418
884 488
247 633
895 707
456 233
602 666
11 680
827 395
911 847
423 426
617 541
549 297
69 88
185 403
477 906
672 766
943 473
789 220
348 929
336 805
648 44
356 630
634 478
605 755
769 191
455 970
914 392
763 559
373 675
556 620
148 799
451 935
954 236
412 806
991 759
643 619
976 626
956 498
910 83
458 52
325 334
702 367
71 189
14 790
81 602
951 522
437 565
758 370
975 998
964 214
192 442
946 495
309 283
435 827
322 758
18 66
64 158
121 262
575 302
621 775
253 25
570 741
934 759
323 230
886 163
16 446
969 812
88 119
825 828
293 126
60 314
908 813
949 266
511 93
1000 197
789 77
318 495
450 705
121 572
301 273
266 78
447 722
669 42
554 60
209 500
951 892
33 754
999 393
863 508
713 473
856 194
995 74
198 901
968 61
50 243
849 294
10 254
196 816
571 170
533 131
127 444
243 62
160 15
108 595
250 382
876 833
912 80
875 248
381 705
491 60
584 230
961 460
199 315
8 958
846 532
549 690
987 457
387 786
27 506
999 282
570 655
868 414
871 224
199 322
547 54
593 910
636 660
257 505
397 660
315 286
956 634
871 899
114 658
712 831
425 73
509 720
57 837
505 855
938 883
593 88
346 539
700 90
609 410
843 606
819 225
140 815
814 542
932 511
119 958
532 875
969 420
526 75
583 200
520 254
762 814
36 622
525 229
871 398
648 33
976 239
807 664
567 255
435 352
112 470
393 635
841 611
62 606
485 609
892 592
49 71
293 159
960 563
754 117
337 710
93 212
702 777
374 347
974 855
645 497
396 191
350 416
483 444
285 599
600 510
492 148
310 336
569 895
705 747
291 321
876 450
866 278
282 557
228 630
122 403
323 232
553 441
520 773
164 352
538 369
412 325
699 431
266 376
902 807
153 955
484 18
691 335
968 128
523 516
139 316
179 897
917 127
325 746
155 713
598 965
694 826
86 846
897 820
33 58
533 202
678 872
672 204
512 821
648 4
41 687
157 926
31 828
94 961
431 881
263 881
163 859
319 317
24 114
437 414
27 755
24 440
730 687
574 92
190 907
769 457
41 632
613 860
674 868
486 830
227 126
223 941
747 945
642 589
415 511
537 874
195 470
713 753
808 596
617 567
145 522
187 822
221 566
922 883
974 872
463 686
421 935
330 673
99 806
936 973
475 325
661 950
940 569
745 202
545 989
44 476
365 453
210 533
707 519
831 611
997 183
47 790
973 539
895 324
960 729
822 748
694 447
232 521
965 668
711 22
617 173
875 262
331 742
715 203
481 967
451 742
560 94
669 450
693 464
416 251
862 450
402 573
440 473
527 962
340 122
163 125
426 73
814 149
293 702
707 623
315 170
881 115
690 358
130 885
601 851
485 192
311 134
694 669
683 44
620 378
830 562
262 468
678 19
293 447
108 572
14 391
665 959
918 355
693 360
516 993
383 682
34 728
508 510
963 70
714 815
608 690
115 78
365 725
319 331
690 676
861 633
951 378
480 398
593 686
887 620
904 169
434 555
605 761
733 503
74 90
385 283
973 166
494 990
831 16
259 296
412 625
813 60
52 139
986 911
947 614
489 675
431 152
18 965
883 140
899 312
838 658
391 167
717 83
726 239
579 502
603 850
99 393
241 445
155 511
472 441
604 215
363 710
625 517
176 334
672 246
869 485
640 112
53 405
960 649
77 582
745 64
338 927
21 367
7 121
222 737
309 8
854 799
26 302
917 597
697 660
463 892
607 83
325 638
782 233
455 49
127 667
894 969
87 41
327 535
628 348
979 69
679 702
184 160
87 180
314 215
82 535
92 441
205 393
702 354
379 239
311 815
278 863
244 240
854 750
132 533
53 652
57 351
241 528
623 460
461 330
677 591
558 358
345 710
628 588
981 262
455 211
468 794
144 591
199 866
279 374
189 372
928 997
502 361
138 594
76 667
223 299
587 871
530 785
259 87
734 234
726 148
716 723
521 44
735 35
393 798
703 965
770 337
210 422
843 920
855 46
470 19
683 899
270 545
40 56
577 890
406 192
224 885
851 984
487 291
34 438
725 646
878 392
566 31
752 595
58 265
126 491
191 155
475 553
205 446
551 776
918 141
802 728
943 89
684 560
217 960
81 289
533 494
285 842
477 938
900 52
671 549
394 69
307 865
949 601
484 735
289 405
512 980
397 985
994 530
59 853
893 148
966 841
115 724
685 838
749 460
605 494
916 207
468 972
402 599
881 248
308 635
417 24
261 629
767 2
674 385
903 409
971 389
522 161
134 133
314 206
593 738
471 862
804 527
33 385
974 671
180 683
678 675
474 404
948 291
641 881
588 9
748 990
703 578
708 797
800 449
896 967
855 838
969 250
540 579
246 239
743 475
412 463
509 105
976 526
168 623
784 354
844 176
571 349
857 486
494 48
735 556
727 712
21 304
314 715
240 33
768 577
64 64
884 396
472 827
270 892
412 524
269 844
695 555
419 847
713 319
158 196
377 475
99 734
169 80
585 520
853 270
557 102
859 60
487 752
711 757
827 428
233 179
258 779
368 731
425 931
697 982
658 543
854 785
902 566
326 87
920 855
36 108
384 821
276 252
322 13
80 50
688 552
636 507
331 220
460 555
50 315
72 318
108 757
772 317
454 679
529 111
435 499
692 150
229 3
759 892
968 311
321 509
17 898
873 735
74 454
954 345
394 198
595 173
338 270
119 566
201 785
632 599
840 337
689 176
786 760
974 390
613 920
427 153
672 890
952 251
819 194
663 64
340 349
472 132
452 435
955 67
595 76
800 869
188 854
44 726
55 144
73 883
254 168
193 485
714 219
661 527
19 715
549 740
691 451
244 182
53 475
372 420
976 199
982 918
726 235
363 373
640 573
35 76
397 631
176 613
700 437
739 726
67 449
964 592
657 522
699 343
548 440
393 83
655 777
602 612
646 805
538 574
550 909
888 175
640 238
869 399
65 733
171 389
234 520
768 494
604 938
35 202
731 436
220 752
452 270
216 854
87 73
339 387
676 980
172 187
957 311
337 132
945 561
883 37
413 570
768 326
457 850
715 900
689 717
74 42
95 234
814 848
26 132
792 156
645 879
962 824
324 409
414 699
197 780
595 608
277 322
239 721
482 360
620 31
238 943
214 276
484 898
595 20
716 770
662 97
792 375
516 692
317 970
225 507
455 5
834 862
148 531
68 653
19 248
753 786
952 525
609 420
274 297
929 748
447 749
512 322
981 260
262 952
250 272
995 602
860 458
127 42
468 549
620 898
947 617
476 69
97 402
93 114
665 564
871 800
859 89
310 145
601 408
787 965
384 262
529 928
736 730
788 112
649 583
481 702
368 196
395 371
383 318
10 571
741 715
64 49
822 950
591 893
123 542
203 979
600 598
133 456
837 296
593 630
933 701
617 522
375 121
30 356
74 104
300 544
165 882
303 250
979 275
849 528
747 582
611 568
376 444
992 246
997 814
296 868
251 270
357 974
470 236
959 266
335 897
960 95
256 80
354 501
4 985
62 336
70 247
471 717
618 926
624 313
969 845
805 940
488 501
404 898
202 134
810 382
620 281
961 531
83 722
352 136
811 180
491 779
818 340
946 894
357 291
584 539
851 466
60 106
436 151
641 379
397 894
447 842
156 562
675 536
733 36
601 396
51 619
100 830
62 498
163 511
857 870
411 285
783 901
506 49
871 743
322 308
602 623
654 54
353 429
650 617
295 591
139 941
839 582
339 83
976 923
362 617
438 336
478 164
851 363
595 704
794 450
91 965
298 547
300 74
194 711
708 96
869 739
683 709
424 475
266 471
616 322
913 311
735 417
311 747
235 782
695 491
642 715
806 542
368 601
810 652
712 442
101 258
319 364
689 191
230 820
535 568
828 399
90 682
984 123
233 792
713 517
792 142
492 896
597 433
476 957
578 935
342 755
251 622
147 706
713 825
13 386
210 77
120 130
570 657
683 154
121 706
127 274
204 910
118 522
272 682
26 342
825 941
342 92
34 482
646 158
835 925
230 876
567 23
480 619
766 616
415 959
953 603
500 764
100 526
958 888
891 57
742 650
29 936
12 747
980 340
738 412
982 641
90 635
777 42
816 412
875 733
608 310
528 365
470 243
654 896
555 498
947 254
295 331
485 381
972 727
962 32
763 452
288 677
619 219
886 122
31 434
674 539
244 83
705 797
298 628
399 624
354 1
187 613
849 398
82 294
911 205
452 478
258 261
458 522
928 801
397 308
264 291
812 83
748 641
827 901
939 49
748 302
584 944
706 756
259 189
449 152
19 874
147 903
480 32
236 769
740 505
300 323
387 684
486 123
985 88
892 55
41 137
511 505
791 862
479 302
711 432
328 794
378 191
475 31
253 14
990 79
669 102
571 686
655 103
107 425
368 485
449 244
978 932
12 982
713 323
780 472
211 794
80 533
823 580
950 490
513 895
929 205
176 965
215 408
953 188
860 978
935 220
952 672
615 756
545 276
886 341
276 615
261 228
104 194
242 802
637 450
191 296
795 550
916 317
750 854
780 65
743 261
806 244
145 134
249 340
903 553
571 858
211 633
142 334
648 28
744 426
526 298
741 618
740 592
708 444
507 437
658 884
76 163
633 725
848 508
554 516
572 623
333 379
492 292
230 669
515 97
842 447
37 122
274 207
279 251
365 127
664 577
557 242
818 894
549 714
824 124
618 249
464 82
124 43
12 74
978 943
579 616
354 327
421 60
92 907
732 613
975 688
707 375
171 189
603 101
428 826
598 94
643 887
606 750
888 486
240 25
623 338
766 16
275 866
367 286
568 34
654 286
600 15
172 714
450 121
173 925
646 660
556 506
318 143
888 176
343 590
654 914
81 62
844 586
350 608
855 764
139 164
218 74
589 945
319 693
719 611
695 67
46 766
320 997
891 966
733 657
176 737
882 191
91 236
660 805
662 707
722 416
417 32
718 973
218 378
954 66
995 802
966 48
451 496
55 14
374 323
989 734
547 458
90 843
696 690
545 388
918 409
136 412
177 339
654 166
731 883
652 195
505 124
578 92
576 744
934 592
502 629
341 299
317 441
148 315
720 484
77 886
781 503
351 559
410 417
528 989
309 397
908 21
75 174
96 217
548 67
52 263
200 971
45 684
772 116
7 818
350 533
237 455
988 899
173 847
100 780
599 340
49 863
632 410
692 937
72 405
104 903
849 144
535 117
935 478
809 648
142 172
51 489
589 740
577 395
88 584
515 485
244 470
511 702
646 193
21 904
67 764
206 191
503 126
620 964
522 687
633 149
807 959
104 107
70 228
646 261
118 422
604 907
351 585
712 15
8 771
723 373
639 402
448 190
997 142
512 96
287 446
749 489
278 319
97 872
194 527
799 45
216 211
919 389
540 82
819 815
62 435
849 3
123 322
65 155
40 552
480 676
825 798
986 663
591 684
735 566
75 185
400 193
87 520
155 746
723 859
607 699
224 686
184 875
203 556
605 455
992 551
192 98
405 838
614 287
240 736
88 287
837 667
704 339
264 392
767 862
298 978
697 588
9 888
830 643
487 379
195 267
941 74
854 925
500 985
43 524
178 504
642 778
404 747
820 21
291 528
298 510
282 502
355 531
123 150
957 762
119 635
949 746
205 1000
308 47
619 681
486 865
488 701
789 966
57 59
258 443
109 671
944 250
203 798
448 114
857 869
813 58
516 985
380 985
802 113
121 364
574 807
302 419
561 852
713 761
473 987
682 114
805 32
104 336
467 637
699 482
888 195
183 535
997 135
253 167
263 395
946 52
805 49
815 264
564 626
857 262
745 363
709 302
881 436
980 789
107 355
791 230
844 783
596 148
146 319
854 73
755 564
626 214
198 18
863 191
110 237
957 648
100 647
216 295
73 215
238 244
557 786
641 329
917 896
544 451
720 227
317 958
138 348
30 236
98 210
746 31
836 450
8 571
176 548
102 188
499 787
186 345
796 95
697 376
627 566
12 283
482 722
75 681
872 28
771 581
778 500
599 683
696 21
26 785
496 579
408 303
406 601
915 843
516 877
628 314
302 529
902 278
675 592
31 977
27 558
453 121
555 148
97 568
723 916
992 225
747 335
729 242
919 801
811 693
547 387
633 416
490 883
774 878
647 653
718 451
92 423
844 55
766 33
536 295
921 263
409 805
871 564
819 457
527 1
963 995
159 609
509 20
16 167
203 540
531 800
722 17
895 221
225 775
135 601
79 890
415 633
334 34
192 968
318 785
996 51
141 598
530 13
487 602
511 238
260 197
639 311
522 296
470 790
186 98
168 174
428 341
293 332
10 239
895 84
674 230
630 868
430 675
198 87
412 478
820 382
14 817
897 825
894 342
524 299
212 312
838 357
34 582
510 992
589 594
571 153
409 229
251 680
155 398
853 404
671 636
175 433
950 923
520 152
771 853
409 54
141 666
593 768
449 963
235 105
361 267
946 458
258 428
970 142
796 443
226 956
196 604
402 16
817 241
122 518
773 206
965 373
380 796
369 379
353 501
585 169
562 541
321 943
641 613
299 845
498 898
649 919
92 230
298 419
724 768
65 388
619 761
388 727
76 717
229 200
50 45
484 48
39 105
405 965
899 553
232 895
784 841
333 122
595 686
658 498
406 128
143 179
470 715
903 824
974 758
413 252
731 556
990 162
324 572
547 819
426 890
209 61
171 866
526 317
710 976
460 182
307 561
474 826
375 209
160 707
580 336
197 998
386 427
398 535
331 557
674 685
549 939
546 386
659 824
521 603
778 658
198 829
700 439
398 80
876 335
396 197
191 930
442 813
945 924
987 891
554 668
800 694
487 536
605 399
176 480
392 243
998 689
373 334
1000 393
298 830
746 825
803 298
470 616
773 782
727 497
148 257
186 217
595 830
325 536
912 584
905 523
961 984
738 591
580 80
74 802
885 970
38 450
280 873
671 321
72 691
865 631
617 745
82 33
462 580
683 751
32 454
710 682
755 577
20 901
568 341
532 885
31 12
439 423
600 523
151 683
390 175
251 801
815 433
489 207
849 944
41 304
650 208
116 254
365 225
689 521
264 579
722 144
82 561
687 349
891 878
467 479
79 575
471 258
376 297
911 35
595 321
566 210
267 474
205 450
744 330
915 214
458 541
449 45
409 929
497 507
703 851
91 512
670 53
227 915
320 874
704 466
680 694
975 860
492 581
810 839
804 320
828 498
388 575
674 140
900 340
252 320
499 741
534 546
541 876
377 586
947 303
735 585
324 763
164 423
508 729
617 440
724 780
721 558
76 995
861 7
777 54
208 347
31 362
730 546
938 416
756 660
841 335
639 663
439 178
86 81
239 77
727 594
87 264
596 115
690 843
909 395
722 971
820 244
349 286
22 13
977 291
747 55
194 875
856 100
386 985
595 408
408 527
38 922
512 611
168 160
375 892
861 27
701 677
439 650
872 505
660 71
281 443
650 517
208 784
287 222
496 132
951 511
7 374
707 115
670 224
70 38
808 803
82 644
574 845
936 557
983 830
187 267
196 698
736 520
217 857
56 801
216 41
276 905
715 766
897 832
889 35
391 339
494 356
926 773
192 428
662 40
118 432
990 203
676 433
430 486
825 433
799 317
475 928
495 292
616 507
134 804
939 317
857 222
658 179
306 753
971 612
199 787
137 122
203 945
831 267
561 504
129 152
399 437
101 194
734 432
488 311
6 481
929 447
551 270
154 617
610 748
382 818
318 541
313 299
459 152
840 155
611 496
507 290
151 989
120 558
798 637
259 787
816 963
403 229
89 143
437 412
1 525
572 434
824 570
351 704
974 445
356 566
109 445
335 574
520 320
524 384
285 301
260 54
563 394
488 528
769 502
549 224
819 25
450 46
719 807
327 783
499 749
542 419
857 676
694 178
333 568
93 424
904 444
295 529
62 656
327 402
857 825
691 623
278 519
300 964
333 630
328 64
581 533
480 691
155 103
307 485
469 342
872 780
105 892
247 982
517 908
327 184
981 336
804 379
605 443
153 793
239 5
295 124
288 912
921 132
167 783
362 928
21 87
355 695
108 349
242 771
672 32
194 995
743 526
93 148
157 311
178 667
974 215
92 70
426 403
998 973
674 182
738 328
596 247
780 333
966 391
271 74
40 492
393 304
221 573
407 381
47 475
886 792
70 833
895 641
782 656
926 926
97 470
661 551
717 973
747 768
466 562
475 849
674 687
948 890
705 753
24 501
272 793
910 545
271 964
582 962
195 659
753 872
319 231
518 565
718 412
260 225
594 203
271 71
772 127
612 355
456 273
279 859
914 673
630 14
889 523
564 528
541 937
505 665
965 91
446 853
842 450
913 25
819 395
961 604
364 314
719 585
590 176
735 144
359 738
401 516
37 935
51 643
911 443
227 995
663 928
821 442
799 770
329 58
442 423
987 899
198 804
145 346
561 770
864 983
489 523
499 469
996 272
806 912
377 399
455 679
48 78
90 588
462 929
782 674
185 135
139 128
499 420
229 751
659 875
380 863
575 757
304 673
688 693
46 635
563 6
554 723
164 223
825 517
722 271
170 257
325 961
741 821
264 957
169 386
441 357
636 277
277 125
184 70
310 846
708 171
249 263
810 897
164 948
303 343
795 471
620 621
987 825
399 940
703 963
106 16
252 375
294 740
995 394
193 930
509 696
343 807
202 704
884 452
388 668
233 522
783 16
635 294
38 731
496 592
534 16
533 78
842 717
210 285
846 805
364 732
391 485
926 359
924 959
917 502
304 725
766 799
452 954
367 329
307 294
752 216
414 71
603 172
142 915
143 620
58 644
687 554
922 503
252 622
970 893
766 694
980 341
179 512
601 132
435 645
428 431
696 253
57 591
47 601
768 280
252 766
721 310
842 758
992 638
644 907
173 502
374 884
840 350
321 178
828 179
922 994
324 704
847 139
411 717
269 508
807 810
481 54
341 559
379 651
467 569
529 593
42 83
481 27
893 837
583 322
323 836
460 492
529 382
459 758
392 389
448 394
740 542
258 758
239 448
49 21
43 336
304 952
918 230
455 435
76 653
935 900
512 397
511 869
948 500
571 531
472 683
535 838
981 453
312 733
591 553
79 278
851 38
969 797
45 357
212 184
552 169
508 944
120 874
299 489
283 120
456 901
423 308
651 33
980 205
869 774
555 474
711 885
975 60
151 221
936 585
764 844
767 677
542 200
266 630
134 461
345 29
630 597
974 888
467 822
943 526
63 769
280 730
577 742
518 508
30 293
42 850
359 664
770 609
738 388
465 661
221 983
908 426
705 780
373 468
644 45
822 457
800 193
483 100
236 429
278 582
281 938
171 869
600 286
987 749
816 924
350 60
55 359
212 563
449 944
512 521
297 526
927 522
277 434
808 9
910 203
462 417
724 443
572 926
682 395
892 685
29 496
383 536
736 331
542 517
597 763
57 389
417 285
942 248
610 312
601 582
484 701
937 84
110 304
523 473
154 301
94 733
959 369
781 19
699 610
371 191
161 709
605 805
798 880
955 90
327 788
698 169
588 913
625 515
546 528
83 216
623 28
847 546
591 554
971 950
404 394
731 535
90 6
350 146
889 282
495 942
698 574
189 860
335 630
400 141
303 123
359 535
919 868
567 303
926 749
140 247
107 676
66 488
983 93
869 98
182 220
875 953
923 353
678 900
8 102
678 768
790 34
150 845
458 9
814 471
604 33
902 391
145 805
895 25
62 319
509 724
599 70
185 986
546 670
625 871
523 779
243 190
171 353
504 723
610 192
62 5
620 144
241 45
479 790
529 1000
915 520
295 998
866 376
656 263
785 83
329 874
783 679
326 464
823 533
191 819
937 9
161 282
164 716
751 641
16 920
363 872
422 130
805 403
497 660
378 896
198 10
384 120
357 821
69 159
667 645
665 981
292 645
630 816
263 537
485 569
958 984
714 807
820 499
804 363
457 603
289 791
493 176
1000 824
466 551
2 519
553 721
633 805
630 230
99 878
399 620
646 277
48 138
132 415
844 936
596 306
20 427
517 575
641 553
938 503
618 109
283 684
272 385
489 754
583 565
674 803
647 455
517 158
640 918
948 74
553 386
308 150
462 827
388 342
313 347
971 521
888 885
255 79
735 54
291 279
356 347
715 727
204 170
897 865
996 534
307 575
688 664
165 346
53 820
353 179
970 761
664 836
890 389
189 816
530 603
925 101
256 349
253 959
15 857
997 304
878 706
337 203
644 562
302 833
564 129
195 262
534 89
91 945
774 879
557 400
262 586
822 657
535 219
726 42
941 47
275 79
266 379
140 335
456 42
881 696
732 909
476 627
846 107
454 175
322 750
158 463
208 418
700 856
595 790
808 938
714 609
732 545
170 809
462 768
429 60
212 87
928 8
90 118
179 411
704 989
482 607
593 463
819 851
111 249
614 289
121 96
302 681
932 212
807 833
22 16
606 587
512 649
525 660
9 981
503 379
989 958
29 10
705 805
679 39
833 261
512 274
437 713
755 415
433 592
288 182
30 525
279 444
442 147
843 501
919 694
368 309
960 941
545 575
284 260
445 282
574 525
442 820
527 973
957 587
636 736
773 499
623 58
734 662
49 154
975 787
124 626
538 156
87 543
611 148
752 128
660 236
989 652
528 392
37 839
877 954
585 427
646 611
748 856
14 468
403 916
807 784
695 42
599 231
381 495
941 797
837 970
892 145
107 414
858 690
519 590
37 837
597 909
889 487
623 495
991 989
598 779
866 785
523 877
726 346
383 240
68 841
632 814
601 146
191 915
218 712
127 400
184 249
621 191
311 421
103 940
885 686
812 878
288 300
590 183
481 29
889 702
708 839
828 758
806 810
392 592
499 332
31 27
203 681
731 404
686 29
836 709
648 856
301 620
813 389
932 541
226 595
765 664
820 618
325 516
331 109
755 816
872 799
555 960
641 950
237 109
980 576
382 736
114 971
975 90
645 940
599 79
143 371
824 7
899 398
267 492
559 652
711 95
653 316
893 498
908 683
735 331
883 1000
900 434
66 53
572 650
274 154
236 282
799 529
617 203
331 49
521 611
548 648
274 855
634 346
775 101
223 645
165 747
551 934
566 236
891 541
928 712
33 990
85 767
971 152
2 157
679 962
791 473
453 132
780 370
108 207
326 82
882 736
639 456
684 43
758 468
559 236
231 362
438 401
854 854
345 286
583 437
387 751
161 824
298 520
207 48
865 774
601 360
781 537
664 457
486 380
882 388
305 190
791 570
908 124
415 199
653 135
321 320
873 452
946 877
312 753
707 41
959 841
842 131
876 929
46 614
445 437
620 399
561 310
816 784
627 925
314 381
876 414
983 646
185 492
331 385
658 894
479 565
166 208
179 839
729 720
548 622
49 161
826 356
310 927
915 229
189 440
856 826
766 835
94 259
277 311
505 630
203 33
654 28
619 66
799 803
92 123
470 828
667 427
123 979
762 712
44 545
828 964
525 499
609 912
359 164
705 596
651 784
713 721
406 462
576 940
402 557
658 32
444 433
451 435
764 981
171 450
194 940
155 358
346 439
734 473
401 336
263 7
157 366
989 650
116 431
317 65
904 364
795 858
1 339
387 220
900 4
719 805
525 765
811 68
346 519
614 646
393 647
399 266
644 861
635 232
438 650
865 718
338 322
47 766
3 808
991 43
86 330
543 1000
127 240
64 331
38 322
220 263
412 788
495 154
709 475
214 663
572 461
798 53
660 114
763 553
944 696
354 325
573 975
99 356
724 847
839 540
799 192
72 812
547 180
519 451
897 227
392 788
317 138
858 89
148 89
216 128
434 783
239 127
629 319
286 629
785 979
74 212
670 645
222 753
887 929
276 722
296 106
728 343
725 531
292 866
76 917
671 382
628 579
389 218
280 848
522 885
318 642
12 907
991 496
170 231
143 560
895 588
303 270
182 352
610 597
12 425
579 166
379 359
553 251
908 209
734 755
627 387
880 719
151 68
682 905
237 886
160 568
336 302
580 92
297 155
452 524
641 803
60 292
55 703
506 875
114 84
882 992
377 988
811 252
362 402
538 928
253 308
17 880
214 542
96 824
260 332
794 874
789 97
459 856
400 458
648 497
694 228
740 525
577 820
231 54
561 693
578 893
883 526
712 171
832 140
460 808
508 551
199 44
262 323
63 188
554 339
687 196
64 347
830 590
656 41
722 164
969 49
876 868
375 107
910 129
701 531
203 569
666 98
292 682
178 822
482 299
485 938
63 529
352 539
13 113
7 951
381 761
656 899
268 748
171 109
303 415
102 813
272 556
62 910
798 901
35 202
725 42
801 834
721 556
853 954
897 400
47 828
351 829
352 358
447 511
590 305
161 374
415 143
48 760
635 815
107 558
145 515
205 515
864 279
510 303
187 19
813 743
242 755
672 807
109 658
230 980
807 481
369 165
267 809
754 739
851 204
593 251
271 807
414 296
890 836
103 393
360 552
999 316
315 325
501 830
621 334
996 390
791 260
415 170
699 654
982 207
656 423
239 154
574 440
523 131
251 603
530 537
872 623
707 718
101 858
530 108
817 247
477 982
633 91
862 351
570 343
462 751
658 990
303 63
777 938
619 387
813 441
381 295
492 844
576 306
125 466
920 157
124 701
320 856
929 702
842 390
776 564
416 518
360 906
727 296
886 37
519 589
811 890
20 440
574 366
463 27
819 544
550 986
59 293
587 418
415 494
978 922
271 860
864 794
246 128
458 253
78 323
205 612
339 500
27 351
723 733
728 988
614 575
568 96
745 390
333 971
160 176
531 644
204 692
278 64
177 511
62 642
349 648
605 589
512 832
820 853
240 813
764 716
111 825
447 482
986 979
920 790
623 735
948 241
320 407
579 298
154 354
783 873
664 593
278 195
140 866
812 635
180 193
567 200
896 898
300 569
107 39
124 871
270 220
310 739
581 353
98 697
126 529
734 337
924 168
61 746
853 313
402 942
239 599
718 247
110 333
965 209
965 987
971 527
45 268
716 815
981 981
762 853
20 426
728 250
907 10
922 256
934 149
193 934
144 11
531 892
680 60
39 345
493 46
614 217
514 837
231 903
604 169
978 444
927 339
104 577
442 162
889 246
295 225
205 935
48 607
984 655
320 596
587 863
922 891
637 912
333 706
639 44
559 572
990 983
128 343
436 796
605 583
486 779
888 642
496 243
889 552
330 573
586 907
432 196
827 471
813 159
927 922
184 456
120 278
594 766
732 851
5 947
696 944
418 55
228 554
715 894
449 565
773 392
183 210
787 687
594 473
769 852
127 246
762 136
894 40
299 405
316 566
254 833
893 978
611 178
196 784
690 71
109 783
414 895
205 211
404 102
556 168
988 649
572 667
941 840
525 199
422 343
164 669
896 309
176 934
440 732
429 429
835 806
743 301
119 564
852 448
966 540
566 730
19 521
985 796
418 482
606 564
746 946
40 579
270 952
904 143
438 407
847 584
360 528
262 168
840 747
45 331
29 77
73 981
40 915
520 142
263 859
296 709
574 518
556 931
14 132
342 656
844 589
928 486
774 225
512 817
429 410
87 307
180 619
381 198
305 471
2 252
809 120
698 743
980 523
877 552
636 848
56 528
631 161
576 231
830 16
255 583
828 314
903 427
135 247
173 359
912 477
42 470
303 22
679 486
557 449
622 159
132 610
771 920
158 479
465 766
193 668
151 593
270 456
559 581
221 763
619 438
144 752
707 773
776 294
233 157
302 669
385 367
592 40
330 586
260 822
397 623
278 175
405 939
959 573
296 655
267 249
56 25
381 533
419 625
679 219
774 635
35 641
638 179
746 870
576 324
858 257
459 277
258 419
512 495
68 786
409 311
306 214
601 145
177 450
739 986
74 366
160 449
97 560
108 639
541 261
881 6
603 674
95 742
933 365
259 393
769 498
397 373
207 24
754 106
376 190
478 190
461 306
24 799
746 36
403 330
302 674
364 469
440 389
561 930
307 597
982 601
333 399
475 301
470 539
530 242
288 546
53 884
249 821
384 52
705 449
352 752
671 328
683 349
507 86
900 730
393 495
319 108
247 323
412 332
51 716
695 275
439 173
27 366
172 642
827 681
997 151
649 422
16 557
826 197
436 440
666 780
769 805
969 607
761 592
561 628
19 359
421 684
44 75
978 217
364 394
670 837
187 334
919 606
643 996
601 69
162 113
813 388
197 413
600 937
217 615
852 214
611 17
688 554
421 739
741 666
4 536
882 630
105 65
121 898
623 394
145 257
150 936
265 224
971 546
450 384
806 669
190 946
98 197
565 792
627 190
777 291
407 278
524 680
199 487
993 915
583 754
85 304
330 79
806 682
508 446
665 48
982 321
242 628
629 172
442 440
542 553
768 598
660 571
886 788
253 608
560 170
512 131
483 557
504 844
239 263
592 437
924 105
634 393
315 992
171 312
882 596
341 15
919 796
500 726
384 148
330 414
996 169
620 477
409 474
106 770
716 978
565 539
213 347
498 570
749 206
566 77
955 23
240 348
292 516
806 121
433 734
892 889
801 631
546 258
931 607
952 589
579 982
346 750
78 701
678 366
251 155
585 85
529 716
521 152
883 802
409 406
657 210
313 886
133 724
969 332
709 960
406 341
542 613
25 387
527 107
268 1000
951 412
602 561
593 555
231 554
13 578
510 224
83 591
511 785
713 702
56 489
768 933
733 916
775 974
115 634
882 60
221 386
549 552
608 604
983 319
820 868
664 329
831 499
774 589
850 605
870 675
789 294
22 602
256 522
903 611
820 705
772 30
685 761
877 975
374 328
648 955
379 385
367 439
323 198
553 909
778 967
177 565
48 666
431 989
305 760
910 991
967 130
491 548
559 479
203 64
828 17
616 457
993 404
180 308
638 813
764 629
930 684
592 444
757 58
916 483
438 705
262 210
793 121
93 678
27 688
799 380
859 274
422 766
496 818
833 574
585 102
457 128
76 616
819 135
874 403
929 389
588 129
666 160
264 880
607 638
761 186
705 34
938 242
854 320
187 567
789 625
605 142
20 779
768 826
627 876
196 977
461 1000
78 868
721 291
575 102
650 815
428 656
652 455
426 739
824 849
989 974
873 245
640 404
705 616
386 413
922 9
488 159
885 516
613 564
328 239
161 520
104 631
997 557
937 628
570 648
639 787
569 920
187 834
876 101
563 457
586 559
119 278
103 910
664 324
930 743
842 260
904 334
519 429
815 209
753 368
6 887
335 311
276 684
557 400
93 410
158 338
687 733
873 417
301 57
366 873
86 515
171 463
787 624
973 843
305 683
542 19
822 516
538 780
461 558
437 807
102 581
125 948
541 632
939 612
987 995
451 661
539 941
488 997
303 923
384 708
812 369
420 308
41 204
456 574
320 882
487 911
425 946
896 638
598 281
356 572
351 766
369 338
922 551
511 970
98 108
161 637
964 798
501 723
808 977
713 353
880 616
902 611
181 533
649 284
202 845
84 209
236 860
293 300
30 303
847 177
189 164
327 20
995 689
719 677
344 83
531 24
434 784
887 109
550 58
357 387
533 632
268 843
591 759
796 490
728 801
796 434
127 540
347 222
272 452
212 801
513 575
302 407
489 426
383 497
313 649
886 268
475 632
202 187
901 767
753 715
488 246
271 537
39 399
520 414
972 337
681 480
659 299
767 231
371 980
711 262
247 724
117 496
493 126
941 821
961 795
196 681
518 189
505 999
895 833
947 866
595 210
747 835
253 642
194 425
5 874
291 301
515 127
401 499
401 255
454 274
810 348
994 757
316 42
297 228
734 323
912 375
525 880
17 71
768 830
974 743
283 53
106 326
702 803
619 153
915 45
826 230
429 48
934 893
174 943
248 581
547 243
796 107
692 856
454 992
560 66
744 913
990 246
812 840
931 514
77 426
692 996
791 946
134 204
806 582
936 837
434 420
699 823
273 478
418 857
754 618
539 641
942 157
155 454
638 741
508 658
861 304
867 92
750 662
912 940
317 558
696 369
793 982
601 35
710 154
999 471
904 645
994 101
919 151
464 169
106 694
425 421
657 319
266 889
36 208
923 869
105 740
826 296
935 987
68 356
631 476
220 773
428 63
916 645
329 318
484 98
796 962
422 756
252 105
7 245
180 942
156 767
298 217
439 302
183 171
692 633
59 673
593 997
475 394
515 445
935 588
247 773
922 107
893 117
498 161
151 296
260 664
485 634
886 33
300 349
101 846
355 188
903 410
503 501
684 598
190 365
553 743
304 621
948 815
797 285
24 734
120 326
130 87
655 327
347 137
175 219
458 837
391 629
212 393
981 742
863 324
605 83
90 79
723 6
978 70
356 495
11 611
114 52
611 827
629 452
143 546
101 455
36 699
8 989
60 435
140 206
670 729
755 48
590 655
106 895
625 999
773 27
380 176
658 599
350 979
761 369
438 904
572 275
322 878
112 416
515 417
892 54
209 471
231 896
858 673
264 197
104 668
386 231
934 842
662 482
354 679
320 515
348 865
742 325
881 159
668 457
278 855
240 650
940 313
816 349
322 702
881 887
401 26
167 396
18 528
901 956
217 384
415 767
410 1000
415 809
104 121
972 345
649 254
83 641
691 374
222 827
883 179
716 230
743 144
123 737
631 771
322 579
26 583
803 553
346 117
233 393
481 941
428 781
302 697
794 556
208 334
817 732
124 497
516 991
196 409
338 532
456 192
343 596
711 780
524 876
957 761
892 710
667 499
977 493
65 127
906 856
126 581
337 936
927 633
672 804
287 215
548 312
784 807
861 742
902 46
652 841
177 721
163 798
344 691
952 122
784 971
696 830
642 572
612 86
891 400
511 269
766 514
909 586
142 290
473 657
45 476
402 946
439 713
532 578
102 873
138 528
294 786
909 553
943 739
335 762
212 132
412 220
320 930
683 367
511 417
329 410
144 402
190 570
691 181
11 44
632 654
425 864
793 923
531 696
955 390
577 954
105 644
838 174
482 211
700 807
444 666
559 152
347 935
209 318
535 459
522 428
281 856
561 258
535 614
22 789
367 914
243 297
445 894
46 43
530 245
834 828
359 330
274 278
459 903
208 934
168 753
446 693
707 791
8 451
803 429
495 316
108 224
555 859
812 977
571 889
730 215
388 136
519 644
178 243
132 638
73 745
307 987
17 732
483 540
824 790
550 628
512 456
913 502
326 881
457 772
80 215
132 982
499 74
931 389
42 953
390 747
297 438
993 685
218 7
792 867
323 122
610 399
79 809
526 86
409 61
11 825
93 810
185 143
961 90
218 2
200 262
857 650
864 86
932 78
764 918
336 400
555 766
445 78
3 741
211 946
907 698
373 517
324 146
497 239
959 942
111 825
742 701
941 671
866 908
489 53
41 542
970 183
7 66
512 843
800 209
269 718
429 692
912 566
566 820
654 572
926 163
926 772
678 782
562 988
623 438
269 539
755 504
911 803
829 349
144 641
492 138
696 593
616 765
773 845
587 318
904 626
296 492
988 417
199 64
1000 335
691 455
419 775
576 797
554 733
579 465
298 671
946 232
574 736
889 128
269 999
858 174
499 934
680 978
703 174
471 35
110 111
932 61
68 810
551 875
574 325
952 974
84 107
814 188
750 71
275 774
341 729
567 351
159 329
608 703
167 59
217 451
185 214
987 450
768 924
332 453
375 657
316 661
6 315
656 700
821 151
379 223
473 694
744 690
776 892
304 383
775 124
70 672
751 635
814 676
987 206
678 306
451 162
848 669
875 598
101 348
777 213
643 794
745 185
210 201
656 136
91 224
707 631
909 630
482 630
333 930
691 246
420 769
440 405
898 210
209 256
860 289
54 97
824 642
980 60
166 320
537 834
927 786
379 705
601 756
163 832
668 455
317 459
19 212
927 757
986 763
497 965
963 456
102 396
311 929
986 249
233 11
10 9
121 816
170 189
665 81
747 31
94 35
160 384
709 893
748 923
471 911
926 903
631 185
856 363
828 434
782 446
981 570
18 715
222 995
491 42
743 640
374 458
318 402
659 847
741 118
188 678
850 965
160 746
640 26
930 864
865 166
886 776
374 758
787 879
681 222
167 93
954 902
526 726
15 612
532 970
455 309
56 967
432 374
917 588
183 111
849 155
440 17
828 591
980 842
94 202
540 555
500 774
568 804
504 763
514 297
58 54
622 186
924 673
183 480
38 696
645 672
646 692
945 171
377 590
690 996
354 879
317 439
628 311
190 967
692 336
121 635
674 154
900 592
664 181
120 963
973 424
19 982
283 621
757 402
557 408
194 777
38 977
466 318
30 625
765 927
306 945
809 536
156 974
975 807
321 958
172 146
613 637
625 483
332 559
970 803
447 550
263 49
875 678
739 345
951 613
789 549
638 995
108 359
807 704
127 732
351 310
179 962
105 478
849 238
989 67
957 860
564 308
439 258
596 116
837 247
454 370
336 934
497 947
628 486
333 387
92 319
663 548
716 420
306 396
701 973
789 737
978 470
880 619
890 639
975 391
377 417
242 698
53 247
78 842
861 909
246 320
305 85
786 386
416 41
7 229
325 165
681 859
943 681
543 669
610 794
827 388
951 109
876 252
977 680
696 633
290 465
165 406
748 953
395 371
481 402
958 82
302 691
746 670
561 733
457 816
183 315
888 140
384 885
656 203
358 848
908 940
625 397
887 442
720 433
471 98
921 173
314 562
416 619
42 257
291 243
515 689
302 256
302 915
150 404
73 221
918 189
625 721
900 45
284 121
161 216
376 685
708 54
3 802
179 370
462 611
178 488
972 516
70 303
847 928
333 225
517 273
61 1000
945 599
636 910
899 880
865 517
343 341
74 910
978 157
944 288
388 415
819 36
715 718
232 259
282 232
658 82
154 124
398 582
792 214
130 556
112 725
523 514
834 652
586 884
100 729
920 578
31 92
942 806
996 840
636 653
963 486
413 451
857 816
34 44
52 495
2 741
757 602
731 164
978 499
715 85
911 877
805 106
646 282
807 506
399 170
832 237
815 665
311 604
681 221
340 341
591 515
847 781
946 960
758 76
781 154
969 589
13 800
497 480
358 177
909 992
700 75
18 483
92 916
161 39
108 341
489 512
834 802
197 147
421 156
294 229
963 375
435 154
139 962
696 502
361 302
846 748
458 675
435 191
335 821
490 972
201 736
107 544
889 487
2 499
344 126
291 660
676 328
205 833
416 2
988 195
674 359
973 514
78 796
247 888
744 678
210 554
316 623
614 924
496 492
666 864
718 410
383 976
792 225
976 81
716 372
268 312
502 177
337 450
111 923
775 780
660 866
761 956
71 400
938 426
767 803
969 361
113 931
408 83
827 831
709 311
318 842
942 359
886 7
936 38
318 136
988 124
886 559
528 450
869 513
124 566
349 156
29 844
956 147
114 980
753 569
735 9
850 944
161 132
19 902
646 496
455 39
572 617
230 340
913 721
462 628
895 94
244 672
701 466
233 207
401 212
859 69
842 72
933 473
296 103
672 772
474 469
750 694
211 919
62 63
307 599
634 483
874 923
542 224
310 998
566 582
10 353
182 755
662 718
780 698
104 118
335 791
392 150
875 322
98 832
704 362
272 949
539 559
354 734
737 660
871 359
927 378
541 72
401 431
813 320
12 164
528 926
357 772
212 972
204 907
413 895
305 645
889 180
857 720
475 504
11 35
304 990
336 619
811 337
959 994
229 514
356 68
996 176
932 622
838 382
160 103
653 243
881 932
22 874
281 141
445 750
604 265
611 642
93 144
611 368
616 823
863 73
331 808
962 603
365 295
514 173
72 597
146 494
878 609
664 92
369 145
213 703
79 268
81 501
675 22
652 959
730 890
401 463
400 883
806 619
389 134
636 166
745 269
276 563
75 868
49 627
309 441
639 583
764 487
453 474
579 575
315 359
750 960
444 761
252 744
43 19
419 251
627 33
415 596
23 795
716 831
915 895
87 904
524 25
193 222
744 170
736 398
901 939
443 545
52 939
307 523
196 496
232 629
296 830
572 165
212 754
852 106
349 319
821 277
934 946
597 854
163 79
182 516
221 152
230 22
733 225
397 246
949 636
416 529
674 256
698 546
964 562
171 965
647 437
742 158
550 467
682 158
548 621
829 690
286 95
838 153
447 89
813 598
498 161
435 615
227 907
57 201
933 395
617 283
384 213
637 561
749 812
997 416
258 330
366 885
434 194
752 969
535 204
899 53
22 682
119 403
938 354
216 640
675 75
863 183
754 194
126 650
943 971
996 493
704 876
630 739
135 120
871 387
387 224
294 573
366 542
582 646
304 579
815 281
417 369
150 774
928 266
216 466
456 129
654 475
608 24
173 771
834 307
762 943
575 324
954 138
72 35
446 210
519 142
105 88
718 785
295 253
679 241
249 705
853 617
32 501
580 240
319 736
389 454
37 793
879 264
542 620
939 976
842 661
305 556
927 552
339 998
324 561
958 309
738 835
82 4
114 321
94 861
626 512
593 289
517 620
486 126
756 624
717 964
733 606
286 865
665 899
168 815
336 989
45 43
494 51
531 283
386 641
444 299
743 245
623 48
189 932
794 802
609 463
998 356
302 734
530 609
314 627
990 244
921 415
297 493
611 566
41 18
426 165
785 430
46 24
852 505
779 492
11 556
181 52
363 324
604 45
417 153
151 79
307 253
941 632
784 570
152 757
594 170
40 998
871 387
783 400
144 719
705 413
626 953
649 318
841 519
747 589
906 268
849 901
221 527
993 55
64 639
288 661
998 80
732 554
626 677
427 506
397 929
141 740
667 365
630 980
679 573
912 768
851 19
173 445
378 504
685 728
22 293
708 263
815 592
268 411
696 696
754 142
905 250
400 382
566 57
237 981
754 153
982 747
475 603
730 737
485 333
626 600
30 145
488 885
573 13
252 420
832 213
738 321
228 825
884 816
395 882
200 411
806 238
160 514
602 213
689 637
132 311
546 712
748 397
872 614
967 799
775 785
333 141
666 575
665 122
41 970
55 427
297 815
769 542
715 390
756 726
25 811
188 711
848 908
916 411
81 854
204 610
76 713
483 320
625 998
544 601
181 654
899 720
979 621
516 57
817 478
896 497
283 688
484 18
4 396
434 843
723 887
216 559
636 337
47 541
649 829
658 16
919 533
505 881
380 113
304 124
9 925
140 626
975 631
269 132
46 196
864 901
377 956
591 208
822 442
973 809
783 464
76 554
3 598
46 960
757 522
227 300
219 946
994 148
445 70
69 317
483 163
102 299
517 881
622 49
182 479
575 792
902 860
766 851
115 12
966 951
964 956
291 936
751 558
413 36
155 363
455 44
876 10
329 671
724 545
233 70
417 618
151 703
56 521
709 227
237 913
66 694
381 217
431 255
255 495
907 448
637 914
32 155
222 796
348 852
23 987
815 777
903 863
737 917
548 759
793 885
439 792
500 606
652 44
283 118
651 43
813 813
219 133
198 393
480 699
961 204
545 797
62 98
566 252
226 845
409 809
848 192
712 567
210 196
527 621
175 462
775 630
712 134
597 76
370 560
790 369
723 955
484 550
809 936
331 36
562 212
683 278
430 180
466 221
409 772
525 394
563 538
507 699
531 734
875 561
661 755
139 200
359 971
134 439
401 318
473 733
198 412
926 268
118 772
335 368
734 259
967 167
542 548
254 226
91 685
479 411
820 564
786 866
743 506
638 691
309 566
669 617
486 976
970 576
123 353
820 301
870 885
482 35
411 392
557 476
516 839
762 440
925 203
470 544
905 277
172 75
697 440
357 630
476 462
62 537
825 372
675 622
624 350
885 298
833 176
633 702
909 222
3 537
253 943
566 270
23 723
751 773
701 740
899 84
544 464
883 192
697 353
803 880
452 278
580 503
468 536
788 530
526 886
564 822
894 272
640 301
634 722
771 811
810 497
887 73
605 384
296 855
891 228
822 823
114 940
631 488
230 239
389 90
97 342
234 69
109 710
744 910
356 672
162 302
711 93
563 713
214 633
443 203
968 131
871 110
683 551
742 505
318 636
493 199
946 55
931 890
732 307
80 576
90 794
433 477
255 639
116 977
610 285
930 869
614 23
163 529
150 259
583 146
992 210
827 472
523 862
742 304
326 581
145 419
499 257
143 58
891 289
466 909
894 862
738 426
205 819
379 464
63 139
288 889
877 852
924 55
348 574
496 291
424 461
198 230
104 224
463 720
237 424
620 626
358 524
117 129
258 723
948 506
537 705
159 670
457 157
462 878
227 365
220 690
23 948
496 274
505 450
694 713
474 162
429 222
415 934
351 504
511 854
101 942
148 902
868 622
712 834
580 566
504 918
539 719
574 464
9 842
606 896
90 803
152 740
325 486
802 937
462 426
881 365
929 784
811 641
41 644
821 781
830 108
345 909
658 214
378 731
118 3
79 856
446 166
827 326
686 680
288 695
891 403
720 596
791 856
136 301
706 195
569 611
419 519
311 434
746 110
906 695
538 801
387 985
838 759
817 565
625 6
627 264
453 340
71 454
572 262
450 452
269 32
563 561
900 529
542 58
905 320
659 505
225 854
777 112
25 159
999 537
336 780
688 74
257 123
942 937
968 677
808 158
178 648
70 904
627 564
504 375
949 632
448 704
148 964
166 751
747 847
563 206
641 381
820 737
604 78
471 252
83 357
601 772
391 943
126 29
748 95
583 688
507 464
780 322
857 332
780 313
902 587
136 632
976 248
127 593
669 574
92 324
533 128
470 952
212 107
594 314
695 260
191 890
954 819
306 33
893 287
27 453
540 357
869 67
299 424
648 618
621 500
598 164
696 524
481 466
255 219
128 835
775 297
472 812
169 97
522 292
427 338
206 557
325 28
692 15
485 695
744 171
666 259
123 639
458 151
838 418
378 30
573 551
390 519
26 906
459 354
575 629
769 230
508 434
897 573
185 587
639 887
518 847
78 321
322 163
136 619
518 665
902 61
273 665
350 633
550 654
852 856
206 334
744 531
712 883
634 81
188 853
856 488
648 211
239 377
419 579
247 132
664 708
624 494
971 579
80 306
122 374
315 192
791 1000
952 584
846 517
558 220
961 239
979 661
484 496
803 42
765 610
216 990
266 629
308 918
912 257
248 633
666 303
602 764
387 871
375 501
446 288
841 260
296 647
34 243
868 937
200 884
745 190
42 639
302 99
501 80
777 451
637 425
751 322
605 478
314 917
568 478
998 974
683 671
521 557
850 450
58 840
860 292
240 864
114 993
445 510
601 684
917 982
429 166
838 22
26 445
17 90
825 828
8 222
357 78
81 553
382 888
368 597
567 980
915 290
89 509
297 808
919 94
624 687
624 125
136 868
709 98
158 983
753 625
151 255
233 623
112 531
336 547
375 439
454 362
242 795
522 211
544 183
61 818
447 12
5 309
898 77
383 738
340 362
221 668
971 315
926 519
754 368
665 568
405 266
159 125
106 814
141 349
542 323
525 459
981 975
358 743
621 87
315 261
461 894
165 411
255 884
310 536
760 325
420 76
958 73
50 753
294 243
187 868
508 975
229 363
769 860
642 396
850 883
921 293
408 398
575 228
49 725
813 271
885 138
676 351
81 903
29 963
638 283
978 605
810 475
57 483
129 485
510 373
977 765
427 943
600 96
821 610
461 536
859 493
654 119
134 420
416 340
278 510
362 503
689 271
546 267
923 984
865 757
890 305
755 691
84 548
428 166
609 439
658 876
339 717
448 290
729 398
734 159
881 355
648 180
214 65
496 89
210 931
690 204
566 391
807 439
133 471
409 890
415 887
309 878
780 61
167 248
878 799
975 157
554 541
38 601
527 39
939 422
528 390
279 138
344 552
795 231
477 199
916 283
698 58
450 266
359 939
767 203
311 681
193 930
726 927
66 450
641 400
201 9
512 425
970 177
243 402
292 109
583 931
891 58
238 657
14 708
267 128
956 603
188 682
909 14
172 59
209 518
843 164
150 37
448 844
487 303
985 411
324 641
651 292
303 103
186 752
898 367
260 695
756 220
31 577
38 682
959 184
326 847
967 447
536 683
382 664
770 305
292 626
964 854
519 929
525 677
692 767
958 288
57 725
77 204
768 674
176 859
476 864
476 620
506 882
198 988
494 594
14 204
20 258
793 555
683 1
70 661
784 452
989 488
766 312
825 904
935 615
955 22
9 379
88 382
185 187
32 163
264 639
975 15
957 469
514 832
903 304
662 106
966 841
493 78
511 534
373 408
804 364
521 299
712 315
520 580
505 249
541 219
849 337
813 144
499 6
154 148
809 963
808 933
988 552
918 285
97 284
613 998
613 538
226 389
608 994
311 332
218 620
166 647
208 577
345 365
566 294
82 204
539 660
458 594
949 558
647 876
638 814
428 531
944 386
862 227
133 995
799 142
547 683
557 597
374 161
121 158
812 288
14 519
747 357
811 241
460 394
96 253
565 311
38 648
998 860
246 533
702 781
781 160
348 665
524 106
730 853
479 285
243 139
253 245
339 976
824 401
803 875
770 759
616 617
268 302
716 821
902 847
525 807
4 859
469 445
866 463
984 470
60 513
723 126
721 69
358 200
793 159
68 694
430 759
126 465
522 115
248 556
267 393
505 310
389 9
625 35
559 724
657 836
596 548
32 3
165 89
834 964
959 56
243 372
874 959
130 258
116 678
61 585
86 935
874 201
578 783
365 699
926 222
149 115
948 801
709 197
668 245
742 231
695 612
999 835
624 686
333 449
920 350
705 875
395 701
684 341
217 16
263 174
884 818
571 439
98 265
275 705
796 256
769 180
988 345
375 428
309 324
433 582
994 434
159 528
710 280
504 121
473 615
384 306
403 414
341 867
963 610
65 91
609 556
717 254
528 606
367 689
955 580
905 946
293 713
375 228
401 667
69 497
272 419
907 170
404 896
994 159
486 129
846 521
961 41
676 922
345 277
389 558
542 44
33 980
772 831
534 161
552 577
444 557
942 301
80 254
282 551
405 3
490 902
672 837
615 432
569 401
272 46
587 308
393 396
453 17
525 11
38 159
990 382
566 921
319 896
223 853
800 746
707 51
391 369
295 717
105 125
154 548
807 678
408 681
823 666
893 939
719 25
959 798
228 778
373 562
202 202
253 331
732 955
548 350
14 803
100 339
305 77
421 10
241 631
609 326
474 230
847 407
391 475
56 391
462 304
733 549
954 986
299 484
984 783
28 312
777 169
889 165
852 919
491 553
775 38
194 760
126 67
66 334
786 300
573 345
319 718
172 158
846 878
685 880
185 188
513 240
706 755
241 294
520 394
573 485
791 772
494 704
77 617
143 987
38 392
537 118
721 853
973 538
514 142
353 718
271 546
218 619
423 869
149 617
726 585
849 149
899 30
61 531
77 835
734 89
94 133
176 2
703 996
459 398
719 431
948 355
674 470
233 36
150 881
999 293
839 978
71 197
839 835
282 432
714 946
469 583
698 146
462 161
150 236
866 65
113 667
272 748
213 746
487 203
379 95
929 118
454 732
147 77
856 691
329 21
540 720
42 524
4 653
84 45
819 289
234 933
519 38
957 753
181 871
829 114
40 179
108 116
96 634
391 289
329 728
358 934
333 599
300 731
373 898
342 679
619 526
705 28
89 234
114 607
627 822
128 903
33 877
797 438
615 360
927 97
796 561
945 833
73 410
846 69
225 743
868 782
439 792
413 67
428 92
490 546
52 686
991 219
390 488
892 131
545 476
965 775
557 202
871 328
407 782
713 475
539 693
19 146
637 189
943 913
765 951
516 70
160 229
69 421
738 981
432 89
923 119
124 377
197 901
850 297
313 910
902 942
974 567
6 721
423 555
243 743
583 316
184 253
218 567
283 394
32 282
837 364
886 894
655 307
509 484
69 207
387 713
39 452
221 547
219 794
335 33
711 508
488 804
162 972
182 203
262 612
471 395
100 574
88 272
38 122
349 712
238 223
513 680
222 87
147 963
590 401
394 654
996 838
665 600
488 387
977 819
624 800
560 581
159 265
880 720
206 308
211 191
244 341
931 329
77 22
182 431
876 867
896 909
124 343
961 910
24 781
957 524
931 349
993 594
461 149
239 719
978 142
600 967
804 372
97 63
995 906
934 111
847 135
287 328
36 599
234 989
51 84
465 691
625 323
64 278
909 449
306 949
244 469
438 592
268 657
476 921
271 245
44 399
812 635
723 899
4 238
869 375
216 683
664 409
639 47
344 358
238 835
123 367
613 204
290 170
27 370
285 466
419 486
72 705
610 932
109 296
763 697
471 471
702 594
674 996
376 301
994 647
413 861
645 690
369 245
856 428
631 924
205 856
33 159
514 20
512 707
89 613
56 386
786 409
802 778
578 403
97 298
12 524
481 660
969 854
819 500
67 484
72 629
448 250
476 334
984 325
344 115
643 321
984 234
788 173
545 345
110 883
254 862
953 164
981 338
157 486
635 497
534 456
46 726
563 490
154 62
40 183
49 85
721 752
781 360
818 903
214 98
385 823
90 603
503 174
574 457
752 520
264 683
707 33
399 721
816 810
840 162
256 856
337 266
2 721
908 622
901 66
145 742
488 565
213 887
144 329
750 619
26 310
701 329
860 719
804 764
609 722
70 904
458 286
163 912
945 581
575 25
592 107
787 443
708 558
183 983
47 596
31 788
467 192
132 416
921 582
701 65
613 442
848 656
498 909
378 869
815 139
270 644
58 640
13 754
97 185
639 523
215 223
776 43
133 457
100 674
389 894
69 659
521 737
722 718
14 479
423 769
934 840
37 884
743 975
105 51
733 866
465 227
201 560
344 626
897 422
173 641
478 977
855 650
476 521
306 259
990 50
505 652
850 666
174 702
123 768
125 394
524 375
451 214
274 376
386 698
438 331
505 825
893 643
513 712
263 173
793 155
94 358
845 452
67 204
911 654
73 893
44 772
422 332
871 266
565 404
757 828
229 202
716 763
996 875
309 955
247 978
596 348
512 100
369 829
535 944
826 88
598 627
326 370
243 205
889 323
674 123
737 26
849 369
98 91
548 526
150 635
388 796
675 81
734 950
541 192
696 326
423 269
576 594
647 119
110 823
667 842
424 75
826 886
919 146
406 942
920 374
276 29
320 911
254 583
949 90
557 944
376 482
460 541
398 924
164 804
113 80
590 404
917 123
798 880
712 36
471 637
126 17
602 498
386 124
708 610
42 740
281 102
206 656
849 175
783 212
854 435
835 798
686 342
550 262
391 581
676 524
291 794
986 452
521 295
609 760
541 704
380 739
16 19
674 773
851 379
596 552
485 886
648 459
144 159
253 931
584 425
431 152
257 356
13 116
21 931
842 236
937 136
1 492
485 185
371 734
552 718
410 954
102 430
936 655
284 977
875 757
895 332
879 894
400 824
688 22
638 860
703 948
752 669
488 671
406 921
447 179
771 996
609 526
859 836
239 923
926 890
893 907
749 907
785 191
80 623
486 919
471 87
466 37
548 720
750 607
237 483
881 267
353 959
814 334
393 656
163 729
114 217
720 276
468 363
941 644
985 256
742 145
734 651
707 808
799 454
610 298
648 80
269 314
372 194
566 367
467 216
767 252
768 98
897 145
485 121
248 157
680 74
218 787
104 462
634 614
737 258
480 434
961 289
636 617
202 700
508 767
724 733
475 665
627 569
653 532
622 844
450 754
814 893
744 672
537 240
521 971
152 404
833 128
696 634
615 522
58 69
175 475
913 780
529 786
802 278
772 3
301 929
397 782
247 285
982 931
362 890
753 123
48 333
199 485
252 757
359 649
18 267
127 907
853 968
923 26
834 872
270 394
754 399
929 111
616 78
813 767
393 786
439 766
339 465
496 134
707 923
75 287
510 681
506 187
168 745
416 520
546 27
822 791
613 633
945 839
514 614
115 28
795 810
480 559
737 408
242 532
454 260
207 783
403 524
911 834
669 97
370 154
749 227
46 901
583 163
429 55
284 127
930 723
657 792
487 608
688 492
63 39
908 610
510 667
216 796
665 644
147 496
841 373
910 319
290 759
248 383
674 499
711 470
800 287
291 989
465 97
749 843
42 513
827 930
897 433
890 63
255 830
826 7
140 135
357 129
621 526
554 925
830 267
385 886
420 770
264 161
703 399
719 410
946 64
931 165
371 648
159 578
420 477
952 434
743 272
69 651
333 337
437 303
377 704
21 250
643 46
43 27
448 359
977 969
177 532
286 202
654 974
275 395
964 837
924 239
331 265
350 286
229 217
725 317
887 661
617 19
586 286
485 171
480 834
305 515
54 410
392 165
403 594
53 832
409 992
757 474
845 482
255 147
156 451
176 215
556 531
67 5
69 712
414 883
10 150
4 445
540 964
876 26
147 725
117 485
467 632
316 67
629 540
646 419
675 477
687 501
865 502
100 183
653 322
527 817
182 643
609 951
204 207
864 436
702 297
16 564
931 367
177 476
85 894
848 640
297 732
266 162
618 443
995 677
638 441
533 48
46 95
431 301
170 936
828 466
486 734
431 101
229 48
709 423
876 964
857 349
302 419
7 63
326 870
448 750
131 980
771 42
696 914
929 708
15 301
708 424
507 630
620 47
233 457
266 113
126 516
686 774
737 945
730 805
556 303
158 519
875 513
999 803
479 554
123 363
170 112
554 855
978 879
344 566
442 110
900 804
770 122
714 487
395 395
806 440
170 139
783 260
560 779
438 968
441 732
663 142
182 608
536 18
640 336
723 653
226 790
845 929
968 18
552 336
556 570
501 379
740 505
588 547
885 533
984 672
550 794
83 156
449 46
130 836
138 581
903 195
226 368
490 693
677 818
161 243
46 458
802 503
57 849
289 417
356 145
640 175
915 389
23 249
821 389
671 918
399 552
712 207
985 295
107 782
936 35
949 250
806 28
34 405
134 870
277 626
291 66
258 361
929 948
147 483
913 419
830 802
392 379
20 913
757 462
296 641
647 220
19 554
935 219
612 59
637 471
900 853
332 848
581 105
349 880
381 480
469 749
483 840
64 12
129 483
251 876
400 30
89 137
332 121
449 190
666 464
403 145
65 783
303 541
5 178
516 414
201 806
495 374
448 537
530 353
896 749
384 129
15 208
492 892
93 113
840 677
937 424
142 516
845 745
749 832
798 735
871 714
403 68
577 168
660 749
636 754
66 308
291 120
87 275
231 94
290 179
203 578
587 46
152 644
297 538
262 105
907 706
471 104
795 792
516 913
528 379
394 231
122 519
380 929
373 297
120 482
955 202
608 547
583 418
55 290
187 755
472 604
461 42
482 731
349 420
747 440
752 388
181 613
138 747
717 478
268 446
327 79
510 27
371 639
165 840
997 193
431 245
209 584
326 514
968 618
559 570
873 19
182 887
424 9
724 814
815 749
549 491
15 455
406 476
71 420
598 921
142 455
193 706
416 485
282 69
916 926
807 687
258 807
812 26
985 736
753 751
759 98
907 798
583 404
322 201
45 316
890 481
890 725
513 605
443 651
202 555
998 638
177 31
529 581
161 275
5 104
449 822
854 79
704 564
82 678
560 670
533 632
77 651
480 440
617 937
239 902
276 6
358 503
174 482
408 48
949 396
998 489
947 526
374 888
934 539
922 272
337 415
799 449
793 431
667 522
747 929
369 777
688 831
651 266
607 126
994 107
70 141
221 106
870 954
342 75
414 874
414 588
468 956
254 419
431 585
524 401
54 365
132 439
137 342
84 8
74 831
471 368
682 126
193 572
416 948
509 723
912 966
824 926
16 679
295 509
335 111
240 918
601 600
494 556
562 146
564 646
213 626
524 539
163 572
582 517
909 223
481 521
407 157
403 910
912 331
127 962
693 762
828 59
791 739
227 842
774 65
162 203
590 932
852 47
321 751
848 952
604 237
446 909
437 522
105 599
982 381
982 990
106 882
697 718
73 65
392 454
848 660
682 711
163 566
714 738
348 341
112 667
581 364
178 948
886 805
426 240
748 148
825 896
717 82
785 241
373 743
2 386
893 758
630 942
452 449
897 77
722 303
215 969
911 87
177 71
990 801
458 626
587 270
848 982
336 124
106 424
836 399
406 320
906 190
263 713
137 361
142 62
152 908
671 409
428 955
574 152
815 815
128 15
370 782
537 759
52 781
973 749
306 29
614 311
827 163
878 120
894 833
56 816
867 486
170 305
471 428
505 407
8 388
231 947
302 17
260 10
855 269
104 634
423 853
237 162
952 608
453 262
586 424
146 264
414 713
331 763
401 601
408 924
392 829
27 147
357 475
652 688
300 124
740 259
64 114
890 278
111 595
250 689
443 723
119 448
692 913
514 139
194 468
988 947
374 488
348 958
748 864
438 659
962 18
343 727
747 755
414 251
135 391
492 943
864 532
899 752
606 601
779 329
180 882
983 24
462 617
550 380
780 60
581 795
279 388
547 169
563 944
189 702
861 493
88 680
826 945
416 863
28 200
258 342
19 844
932 240
6 379
279 855
201 291
600 712
753 955
52 887
658 399
77 498
741 766
230 443
751 945
702 839
885 14
779 512
682 394
769 890
911 245
154 203
473 222
830 350
426 505
389 542
593 125
982 374
565 507
118 288
57 625
235 806
322 730
236 740
113 487
923 912
590 483
446 295
338 192
757 451
814 856
459 629
126 887
55 245
471 810
109 132
255 30
690 40
330 449
678 780
285 7
836 597
167 911
448 977
313 815
16 123
35 974
955 13
64 400
69 127
507 310
420 36
294 723
993 230
383 960
843 657
342 407
335 16
629 750
331 532
482 372
72 112
973 809
702 421
909 27
279 562
467 258
509 447
89 499
511 999
688 905
34 206
599 348
634 704
440 637
728 204
606 181
802 116
474 17
69 900
589 524
323 99
954 69
113 589
701 110
725 93
990 191
423 850
319 433
223 155
184 70
268 344
273 54
723 80
181 265
35 306
786 873
119 494
688 694
257 164
705 310
299 426
700 484
669 218
851 850
700 591
973 955
224 562
756 502
796 793
189 282
816 80
472 805
204 490
859 685
925 840
298 622
811 219
454 484
616 791
961 806
195 869
670 373
424 92
660 621
547 720
467 74
544 994
473 590
349 824
6 825
577 547
271 962
819 925
66 732
306 149
319 511
680 288
389 242
795 368
66 818
891 466
679 24
735 409
871 19
238 977
578 762
22 346
14 910
226 961
176 343
818 995
426 519
817 120
898 973
447 82
315 289
74 253
906 698
372 931
824 78
700 944
785 189
968 898
93 799
636 969
210 404
349 19
564 988
645 164
227 429
999 227
691 983
766 32
154 720
253 264
811 541
745 865
875 44
336 685
558 810
288 780
282 420
314 557
863 236
991 30
298 238
322 556
981 220
91 675
7 202
736 1000
950 163
331 685
467 429
617 433
558 192
288 188
532 374
785 421
195 56
899 243
368 951
416 651
682 107
295 917
121 868
61 65
737 928
99 327
814 191
549 727
3 907
498 330
775 256
437 676
359 969
84 135
455 664
291 710
591 887
548 761
542 630
660 608
711 723
927 829
539 921
211 357
75 220
671 294
305 279
386 853
140 992
811 833
467 434
371 862
375 333
177 999
462 529
364 793
468 887
32 615
167 126
473 986
536 28
980 847
888 451
364 36
707 609
706 638
383 733
433 993
906 534
662 702
895 411
670 56
469 800
684 560
538 707
97 2
812 745
336 172
913 702
200 494
122 256
439 651
439 293
992 790
892 588
277 990
918 293
325 773
376 826
913 447
113 886
947 725
897 920
558 590
908 699
540 752
622 800
721 961
900 248
829 699
647 797
941 771
570 247
525 689
491 679
475 278
755 735
759 762
799 900
569 284
201 385
730 512
786 568
577 652
889 200
485 380
155 179
809 345
959 403
878 306
442 360
277 183
748 192
577 787
866 786
61 476
305 861
25 174
60 617
486 731
273 649
520 847
187 810
285 953
563 312
876 265
391 131
587 397
889 418
570 638
414 881
438 335
152 554
823 653
378 469
594 544
52 857
134 197
332 197
806 788
235 737
234 917
664 571
318 446
327 184
295 78
286 266
27 759
70 636
373 901
670 247
497 902
467 375
906 802
262 94
364 542
212 238
345 981
571 359
62 803
757 454
140 37
547 53
957 793
341 266
235 458
462 869
874 425
719 983
453 846
332 517
884 858
539 235
463 203
316 417
472 796
560 821
625 583
420 486
966 99
464 65
46 936
427 204
911 442
874 525
639 905
316 282
369 330
221 728
410 661
424 250
898 832
25 834
918 809
790 892
986 706
956 673
392 597
894 236
697 536
496 410
421 405
119 128
795 686
362 513
75 947
732 930
375 543
824 807
465 345
557 7
369 678
449 854
812 724
727 962
379 513
938 329
875 942
735 548
673 388
156 541
227 624
304 55
737 829
624 863
937 915
409 272
435 700
434 985
681 681
133 246
10 843
129 376
715 397
166 66
197 950
89 216
903 619
970 740
491 924
770 943
749 378
526 413
507 988
312 818
740 514
858 622
846 417
613 743
252 726
296 948
729 118
980 977
40 304
5 447
433 202
881 644
960 460
251 854
750 154
824 909
914 579
55 664
760 241
305 735
696 267
794 574
87 433
515 306
597 645
171 811
205 538
336 427
906 122
86 356
492 337
193 27
356 88
169 374
737 622
356 515
340 989
303 183
854 511
370 484
601 68
164 533
402 339
143 957
394 505
197 540
455 617
102 179
405 174
912 978
99 715
873 460
204 379
582 619
490 426
427 190
456 393
241 139
471 293
324 246
229 505
932 275
451 728
452 269
40 338
423 755
959 274
95 801
489 658
159 464
101 366
276 219
178 112
708 848
774 992
964 334
194 702
682 592
744 364
43 734
750 265
557 582
157 251
144 77
122 283
345 798
55 416
888 103
694 887
180 145
795 625
714 47
150 34
443 455
506 710
917 67
730 73
739 48
350 643
962 542
186 778
595 31
496 993
525 258
891 598
503 147
800 345
630 40
816 662
862 80
906 762
12 851
95 679
266 749
630 484
412 568
100 555
872 927
23 526
863 683
723 935
231 841
879 250
422 82
689 414
950 734
504 777
378 81
498 643
989 714
366 849
921 153
520 762
624 978
82 344
366 104
942 265
110 66
955 218
450 284
995 728
367 43
27 510
593 403
943 763
453 170
39 526
86 611
769 43
973 119
44 989
30 860
855 357
159 385
236 792
896 862
429 248
110 390
937 468
95 657
107 510
330 540
407 751
548 715
557 190
425 905
561 630
432 164
531 575
773 514
204 141
805 260
124 954
670 659
468 872
752 118
611 567
843 312
359 922
857 787
786 366
437 514
59 310
126 544
343 999
979 425
877 438
560 76
594 97
987 53
762 52
851 849
658 616
843 821
697 652
838 436
306 756
211 775
355 449
52 733
548 420
337 640
474 221
275 142
352 761
865 951
211 633
708 852
639 691
787 846
89 591
185 546
178 751
300 283
836 150
300 382
131 688
312 435
238 423
18 625
933 671
146 232
329 330
601 569
665 282
700 401
125 505
822 979
383 498
163 60
163 557
536 552
6 812
373 885
732 719
160 463
447 742
350 902
564 49
930 539
285 527
98 134
185 977
789 338
496 932
609 21
235 981
538 255
981 874
771 958
867 918
930 867
831 700
560 464
748 946
321 440
923 497
806 63
266 110
701 950
347 687
306 886
365 52
540 324
711 41
729 323
113 765
687 71
642 765
640 999
489 153
572 860
911 658
714 598
278 500
442 43
890 975
642 686
212 115
580 787
171 358
13 388
644 723
445 393
793 103
133 162
600 52
378 693
889 128
539 345
346 854
502 1000
44 256
952 166
464 914
814 708
575 137
909 661
131 842
240 537
746 186
39 904
963 15
59 873
780 459
592 444
481 811
710 974
126 209
120 299
667 582
974 576
551 217
398 33
453 123
755 881
974 60
184 67
631 319
809 779
58 405
508 450
97 832
818 698
805 790
495 388
768 318
630 888
114 326
503 587
682 22
483 956
859 304
406 32
111 830
523 361
436 67
216 626
235 510
864 195
487 874
134 766
290 424
4 83
777 939
745 270
323 751
977 530
600 649
552 574
2 834
218 487
808 490
754 129
552 421
398 67
317 461
159 922
291 801
934 113
877 928
873 3
168 158
443 507
910 909
30 720
400 745
113 915
56 225
589 728
390 31
755 386
548 776
579 48
225 355
8 350
82 612
242 427
508 894
256 258
328 528
667 345
241 873
542 575
438 153
460 160
327 75
523 511
859 232
716 648
250 28
899 913
822 31
740 544
167 434
391 930
401 121
185 515
601 668
179 777
985 634
468 474
682 460
532 762
49 763
617 691
715 847
949 525
709 573
901 341
113 832
32 70
478 620
391 546
795 529
83 418
59 604
207 5
117 980
10 880
108 447
912 67
84 116
997 37
239 305
616 87
786 404
503 185
288 5
308 228
416 274
430 401
697 927
538 841
132 501
759 902
612 569
651 794
426 591
342 707
781 474
32 703
393 204
592 751
830 409
914 49
221 525
88 160
699 38
391 709
41 844
488 892
751 916
65 564
365 83
760 586
114 636
328 8
580 730
51 998
399 855
566 826
486 724
99 264
835 13
9 375
573 410
184 631
812 452
7 403
336 299
814 787
953 741
385 42
385 500
858 415
626 500
124 25
64 75
821 234
274 975
745 703
534 365
27 880
967 905
124 748
100 270
699 174
372 402
169 694
965 259
613 75
648 173
750 965
49 646
122 721
852 318
689 571
352 684
158 75
944 336
798 613
671 766
421 104
82 753
347 471
2 956
955 316
615 391
324 9
49 769
618 598
593 86
722 577
8 157
17 536
780 942
200 971
126 681
845 273
411 632
199 137
492 90
715 222
816 61
1000 1
591 98
763 299
161 954
259 579
41 232
515 767
374 931
888 365
250 276
433 462
411 101
168 102
533 692
60 315
10 635
349 176
62 220
355 888
747 41
439 627
587 530
760 320
959 896
688 161
962 564
12 906
556 320
639 446
97 121
845 390
161 221
1000 35
569 173
205 525
195 964
1000 592
50 505
74 207
53 475
916 798
444 958
28 570
595 898
943 68
452 568
810 539
385 411
717 369
55 47
277 683
795 643
44 656
972 302
929 98
526 161
511 566
501 47
54 50
45 511
936 434
7 569
404 481
977 552
255 270
986 389
239 187
955 541
816 502
308 88
24 200
583 140
135 244
375 999
375 375
457 777
199 841
517 680
188 803
831 17
931 975
271 325
690 811
688 763
286 681
815 69
89 986
83 122
576 518
482 517
261 498
196 872
707 197
625 977
951 885
15 358
17 75
636 133
570 852
641 151
575 13
146 256
267 64
902 469
313 733
118 133
573 855
949 181
84 899
61 953
109 834
622 904
321 87
407 303
796 308
642 709
572 448
125 610
34 667
484 492
195 283
274 731
172 946
306 1
829 468
389 599
311 739
668 615
735 224
279 473
914 940
779 6
296 324
7 520
324 328
514 607
280 470
575 49
725 257
344 310
494 133
366 73
878 482
596 628
503 361
297 766
612 544
521 766
836 205
700 879
98 362
896 436
429 19
685 69
137 298
611 629
453 828
504 593
932 357
846 947
625 880
415 319
345 841
114 146
331 747
758 39
41 560
179 673
999 386
959 301
316 103
533 640
182 362
665 268
556 884
92 471
284 964
807 89
496 967
273 200
481 749
480 230
650 786
852 626
433 274
972 462
437 307
362 643
421 554
76 784
999 163
244 263
552 970
482 120
521 336
630 594
408 871
856 142
169 443
908 195
987 900
521 369
145 44
144 637
866 513
171 530
923 806
189 39
297 26
93 503
232 75
616 356
745 754
755 402
359 862
417 471
30 573
667 392
306 644
27 359
117 635
951 8
833 346
310 285
371 741
921 465
594 772
771 76
657 51
712 718
263 711
999 178
252 395
953 162
945 657
642 254
298 35
616 622
277 365
505 603
224 671
641 366
399 890
256 429
531 142
265 886
238 143
91 788
975 906
407 145
907 280
581 166
524 144
145 672
511 861
66 567
630 910
153 744
564 267
668 211
26 247
326 887
774 631
955 418
956 29
328 497
137 852
391 84
562 570
227 295
438 927
437 505
385 2
22 239
364 407
245 554
706 589
442 758
942 471
811 1
208 419
129 179
379 89
490 767
425 144
475 688
913 207
130 195
378 982
693 438
207 649
559 623
762 518
401 573
400 908
721 254
105 574
972 720
994 488
571 815
505 201
348 70
426 800
255 183
450 800
846 529
518 497
457 715
60 626
863 24
648 843
414 391
798 997
881 175
888 82
903 842
529 948
383 25
327 317
536 782
240 941
315 891
198 574
538 265
560 979
321 393
230 190
599 590
36 242
742 927
399 873
549 466
750 589
319 132
939 860
694 691
165 909
411 204
271 80
660 952
125 730
638 317
633 521
843 420
193 714
335 313
679 374
587 210
597 131
153 879
545 234
565 818
98 729
975 244
175 879
13 602
422 623
617 932
28 726
762 892
866 181
375 860
10 549
989 246
908 479
740 737
94 123
259 470
259 9
719 297
561 158
141 639
150 721
8 756
563 268
731 5
464 963
43 373
697 442
788 607
93 716
144 486
45 461
363 660
752 806
784 266
772 11
668 88
435 687
737 285
378 827
617 680
424 57
251 810
333 769
953 399
863 824
659 351
335 244
54 390
181 821
928 511
625 804
202 874
229 578
82 660
710 899
735 635
566 534
154 782
338 759
444 95
571 952
188 282
680 546
895 547
93 907
887 505
189 299
608 874
420 151
888 119
412 444
237 170
214 792
869 88
421 260
185 441
723 130
712 558
126 551
655 283
267 379
921 918
189 692
500 496
962 107
258 346
688 117
458 119
635 489
68 663
11 299
621 256
67 86
936 37
906 881
3 82
598 117
5 550
732 806
926 17
453 790
907 662
852 588
752 723
366 920
752 622
708 186
578 62
816 512
912 741
545 943
366 763
452 789
610 234
500 65
102 645
708 911
511 837
275 207
519 579
741 250
898 531
41 458
878 337
685 219
123 819
648 381
829 550
745 20
390 633
672 957
248 682
589 491
736 335
832 567
324 394
424 411
350 920
875 128
238 920
888 814
192 394
159 776
481 818
873 101
695 505
791 109
70 68
206 153
849 558
386 601
747 803
692 4
893 836
564 607
398 707
375 920
336 437
186 704
292 305
866 633
983 937
350 33
834 909
104 164
834 918
385 730
869 33
604 499
42 309
398 932
545 785
678 837
443 860
860 605
6 165
952 818
989 517
799 737
660 485
833 683
227 6
879 344
396 747
136 188
214 120
280 142
686 296
911 382
222 579
270 911
796 830
36 725
850 223
761 121
759 538
930 802
968 937
137 52
666 895
463 26
641 511
889 595
840 371
947 595
596 298
772 722
974 56
354 643
733 934
975 490
800 550
320 394
668 11
171 40
657 364
919 570
418 363
885 466
241 666
417 54
501 12
632 653
984 610
385 448
361 523
133 402
988 529
694 715
430 579
805 631
783 120
177 385
128 570
833 110
508 575
475 675
764 944
844 901
854 450
625 870
410 305
239 270
535 244
75 306
329 429
136 706
551 507
483 157
646 337
732 474
481 348
891 412
304 400
842 249
729 217
422 305
633 434
353 848
136 599
6 202
902 250
240 808
116 599
921 658
335 961
447 595
576 610
792 442
401 406
797 945
788 976
616 657
677 827
580 257
152 620
889 289
403 602
474 800
638 15
185 858
123 812
81 759
101 368
834 601
950 42
768 284
975 473
510 966
88 656
1 859
993 293
76 568
7 712
937 785
178 397
109 649
685 896
64 379
971 36
654 111
247 71
933 729
971 397
353 953
768 899
272 36
357 996
447 973
417 678
399 974
810 182
610 571
488 648
77 364
245 70
585 492
251 567
453 736
826 316
618 101
755 949
204 982
530 393
769 124
163 773
834 610
915 219
127 421
789 674
139 921
445 206
142 802
103 414
843 299
293 389
350 543
491 28
289 718
183 859
251 171
814 958
25 667
295 747
395 522
156 965
22 104
16 317
337 4
480 155
540 821
529 544
354 12
514 317
872 660
130 714
762 727
771 948
227 312
651 212
454 331
111 430
817 692
242 578
17 242
500 396
179 340
433 262
157 11
107 783
289 474
562 848
473 73
11 141
444 658
831 884
221 758
115 551
869 876
581 546
764 553
64 64
88 417
718 194
249 667
912 747
14 257
863 995
436 226
755 574
429 734
86 775
714 645
413 152
394 705
640 216
59 324
172 972
634 435
400 974
362 396
242 887
433 307
638 618
860 560
862 800
873 26
255 162
21 127
529 962
782 431
984 385
158 828
765 872
519 955
233 460
973 121
293 969
190 100
925 514
322 289
574 907
290 809
620 710
455 860
909 415
771 814
685 472
43 345
924 304
191 444
185 654
374 142
126 796
911 713
98 830
186 394
685 711
191 454
628 877
653 21
375 441
986 156
100 621
220 267
382 495
802 927
208 625
958 648
192 159
341 88
963 648
792 769
17 620
531 194
918 451
355 976
23 726
686 870
599 209
400 40
916 306
793 226
762 695
406 227
33 128
738 718
598 723
315 550
502 643
770 784
738 891
628 194
372 689
51 181
594 202
416 458
586 949
968 325
891 834
807 236
303 49
948 966
928 368
470 937
686 718
876 592
938 740
750 217
716 1000
388 42
534 745
525 255
534 955
443 241
713 328
666 686
729 473
833 618
29 45
309 426
550 485
215 318
560 391
139 657
927 549
658 885
56 774
102 843
582 30
218 451
351 695
871 763
229 948
326 19
714 415
784 575
16 639
953 961
357 563
767 985
472 762
558 624
32 470
904 120
149 696
725 825
421 400
275 138
457 782
469 998
516 761
311 832
308 186
709 534
522 600
810 938
316 403
155 20
889 475
890 324
741 868
169 532
200 780
252 374
123 130
454 75
621 408
454 152
71 467
902 501
317 655
558 933
684 864
640 734
979 323
525 519
556 424
691 679
849 419
957 197
639 50
537 552
73 537
97 743
393 89
285 877
907 92
324 117
372 368
773 952
750 422
866 556
894 488
156 569
864 455
545 225
687 565
554 479
482 585
697 962
174 404
458 706
10 485
870 271
46 274
903 499
48 789
148 88
8 307
66 393
390 892
807 827
470 120
538 206
512 366
573 41
732 931
257 645
919 226
930 178
563 300
391 7
516 414
754 382
926 254
794 749
559 624
98 154
894 390
869 595
932 59
22 290
489 66
173 752
645 674
569 352
785 634
857 750
757 951
825 451
229 679
493 617
344 138
917 657
503 29
979 44
783 72
161 438
49 894
539 492
793 146
542 135
590 556
208 727
781 736
665 10
617 173
871 142
562 393
10 61
522 755
921 533
389 558
649 355
63 495
223 839
459 724
739 884
939 841
802 379
217 105
649 532
466 231
876 283
170 381
357 980
726 956
441 353
685 593
504 343
191 369
817 317
152 286
4 846
516 575
141 181
837 807
233 917
164 480
517 655
142 500
728 725
45 82
273 907
533 744
721 233
536 638
948 670
668 430
597 755
163 600
943 475
677 304
203 351
816 722
884 810
847 616
885 206
377 536
602 561
103 818
889 974
793 334
961 432
616 698
853 151
453 325
14 910
533 106
822 149
608 97
37 753
259 554
93 666
858 622
955 951
364 519
51 603
261 740
112 52
463 500
80 950
702 603
405 435
491 907
138 652
128 647
896 270
426 8
356 78
602 37
943 760
551 771
977 103
420 604
807 123
587 85
282 855
285 157
195 616
511 837
51 841
637 156
416 984
199 506
642 247
755 861
698 924
364 298
187 91
83 457
889 406
467 15
305 344
390 759
123 112
18 253
94 401
633 838
835 503
827 811
448 37
433 179
926 310
224 666
156 88
517 882
160 489
581 592
230 288
800 920
963 537
811 502
857 495
248 7
893 974
723 375
350 92
224 360
672 577
256 955
466 21
845 875
731 923
954 43
441 203
529 586
449 462
314 525
663 528
250 254
779 644
631 586
580 245
153 100
457 775
874 712
81 891
921 961
610 912
533 187
446 879
300 516
349 507
425 972
908 534
42 808
472 17
476 387
697 603
299 845
244 93
632 234
688 776
268 493
732 923
615 997
33 888
73 33
700 702
389 612
198 731
698 932
288 607
649 425
191 674
643 605
240 873
382 729
240 214
166 648
906 767
209 946
733 573
540 684
270 348
220 731
376 653
117 112
31 810
869 473
719 590
371 676
355 583
468 570
278 808
33 440
473 623
542 577
633 366
163 286
312 111
856 395
173 791
903 498
916 388
135 766
43 358
944 369
884 120
167 838
916 999
992 375
3 140
217 8
137 479
579 106
218 805
792 492
191 486
558 252
93 530
710 502
782 459
682 789
158 351
704 830
764 48
387 883
344 8
881 470
13 199
607 794
793 70
519 626
128 118
834 537
362 954
75 179
809 510
268 851
305 516
104 131
718 471
525 569
541 305
384 209
898 426
109 528
250 869
381 891
51 769
844 793
29 620
393 446
900 560
123 995
602 534
133 744
303 225
438 939
169 434
200 471
36 180
765 199
560 606
992 53
618 611
675 65
754 611
321 362
759 742
719 612
229 493
490 520
757 479
646 446
472 72
715 991
606 536
83 800
511 322
225 95
185 242
33 627
681 366
439 611
373 868
908 825
857 733
474 250
397 511
64 730
991 429
179 50
95 352
650 368
166 364
526 802
791 121
510 960
419 368
644 934
586 108
878 213
473 377
217 628
953 200
165 699
133 151
575 956
794 82
757 662
181 609
799 10
959 430
410 704
641 264
616 655
878 374
838 809
419 518
950 137
449 321
305 269
376 729
68 203
839 890
689 854
221 961
926 281
855 694
801 64
34 217
162 375
736 337
685 279
436 167
385 494
50 960
140 971
146 419
455 402
541 422
933 590
493 584
286 188
203 736
665 752
812 991
248 827
787 92
401 51
427 960
13 598
472 223
398 479
308 102
192 27
740 738
727 122
998 70
955 505
298 161
126 686
465 805
284 323
385 83
877 471
431 54
349 374
565 413
869 153
91 218
301 859
477 114
900 513
393 683
562 430
176 815
177 30
807 546
664 115
839 708
170 308
618 779
163 122
566 772
598 90
222 877
94 281
985 219
587 146
358 611
207 816
438 592
306 736
544 312
725 844
891 912
766 841
910 603
516 885
486 436
758 520
704 344
394 902
616 37
244 683
21 758
543 490
928 241
197 620
867 321
651 247
950 823
728 201
4 373
882 984
400 510
596 137
75 485
965 108
653 463
764 759
241 412
719 930
834 595
53 80
658 186
212 157
39 979
330 499
3 792
572 27
993 215
648 153
376 891
336 329
891 970
141 382
189 122
448 964
303 507
658 141
56 568
258 64
784 990
204 734
78 962
4 585
422 382
667 740
557 266
263 93
330 806
529 546
314 28
986 925
338 873
325 469
188 968
698 263
979 277
346 502
795 507
193 693
1 937
542 373
995 973
785 953
184 872
376 456
16 696
147 173
147 492
622 693
44 155
813 313
839 851
133 153
202 502
259 578
723 506
787 750
714 719
371 319
196 304
443 755
689 345
808 743
244 483
479 88
794 769
832 666
647 51
58 349
704 395
471 886
819 931
98 596
589 761
444 801
755 311
841 967
817 335
281 831
443 707
927 249
200 188
777 442
367 512
990 731
25 302
482 481
374 116
259 795
498 999
720 682
345 871
264 176
207 834
589 794
217 357
205 749
164 977
953 734
253 76
945 269
299 543
660 582
405 576
225 383
875 552
770 616
797 282
817 216
50 916
799 160
944 485
205 894
376 737
999 226
578 181
528 430
420 863
56 325
740 509
114 151
403 289
364 84
992 733
645 54
94 99
662 688
868 870
660 715
808 758
529 583
587 156
842 751
465 987
306 881
240 867
533 221
59 415
383 507
440 909
1000 782
678 321
809 986
698 281
629 621
93 905
682 557
28 44
332 111
673 155
348 580
521 581
292 574
604 118
619 127
179 852
876 315
768 846
29 124
937 199
231 340
103 916
486 431
583 565
936 476
928 945
203 452
674 510
562 205
505 90
174 415
302 972
307 72
888 619
576 110
339 232
756 103
559 616
150 340
115 684
422 202
988 710
990 211
954 176
162 325
450 727
222 703
806 55
136 936
888 521
162 851
799 119
643 967
18 723
452 739
566 583
245 358
412 528
521 710
930 402
774 742
813 768
426 816
91 219
546 640
676 178
311 528
959 450
594 325
360 257
322 280
574 887
237 725
442 964
107 902
710 545
733 699
51 404
753 548
509 24
715 273
594 766
440 409
649 7
637 377
952 983
606 894
73 168
895 505
571 430
752 559
604 184
57 108
431 808
102 645
186 579
290 357
618 100
608 194
17 229
605 766
822 532
408 888
568 935
919 874
922 89
83 117
82 416
420 618
993 544
818 94
423 50
349 641
876 945
758 523
183 319
239 967
358 33
789 323
128 897
385 129
202 309
39 938
412 667
537 256
434 903
592 707
191 654
633 302
725 18
988 22
391 828
776 824
680 780
849 719
361 530
343 799
677 127
398 240
172 488
886 238
107 359
900 413
238 743
894 471
876 413
584 991
753 163
77 49
911 144
665 522
206 894
319 743
349 531
133 338
356 540
79 245
335 658
940 700
422 210
185 38
78 42
305 821
534 127
878 222
102 426
540 427
763 83
516 454
49 417
341 735
96 96
885 487
83 771
384 727
186 940
215 879
663 555
419 708
794 211
160 823
910 434
797 2
352 797
506 176
700 819
673 488
748 717
919 118
788 11
170 801
164 13
288 74
74 24
69 147
331 753
594 747
608 9
223 717
655 557
799 682
991 586
770 270
648 667
119 709
581 656
115 902
313 357
522 674
257 61
135 281
502 505
508 10
735 981
677 728
660 870
790 522
11 229
451 478
261 138
538 404
676 428
30 873
469 402
46 815
781 112
13 867
373 73
161 871
414 29
162 243
810 436
650 78
961 934
990 484
687 496
169 530
799 217
882 205
612 876
267 326
831 804
333 183
812 885
895 830
66 619
283 208
758 683
366 395
951 950
459 625
191 35
394 386
812 115
234 214
230 943
933 681
141 80
889 483
281 615
15 299
458 582
272 534
697 449
591 413
326 642
700 337
840 136
631 449
911 234
417 907
159 27
764 487
695 329
178 946
857 532
939 185
328 823
359 527
837 569
533 405
986 625
382 161
577 242
9 354
970 684
123 634
698 379
287 174
737 30
785 460
116 221
995 925
923 547
557 804
4 637
800 356
416 496
180 683
29 666
835 136
781 650
957 973
741 122
559 829
340 315
697 408
504 241
810 708
906 820
106 671
404 510
218 779
528 540
268 547
621 148
713 960
129 892
153 279
230 80
232 209
507 420
211 733
127 512
272 228
941 530
195 206
302 467
140 652
404 466
843 942
538 713
699 467
917 583
558 249
113 268
827 825
668 191
891 299
724 245
37 426
461 884
819 86
338 924
933 486
502 738
402 927
230 447
170 417
326 377
258 989
467 222
394 472
142 139
911 469
624 546
731 143
514 509
633 127
563 391
317 854
372 170
645 407
95 729
55 568
197 95
219 408
643 363
627 114
597 708
125 444
710 116
980 186
243 506
440 431
642 983
988 231
707 179
646 569
145 295
573 968
657 514
507 1
249 933
642 462
536 659
386 334
545 183
32 668
941 303
698 765
197 147
670 11
930 553
756 520
260 368
123 780
43 990
563 102
451 821
83 265
989 85
924 147
53 274
453 303
600 835
311 279
524 426
73 811
940 172
998 398
771 842
787 449
23 886
881 699
410 408
179 530
189 941
125 911
633 195
65 35
576 645
614 597
124 394
220 769
556 873
467 594
584 952
165 264
251 929
978 591
745 321
892 936
316 208
900 527
237 608
545 638
419 668
385 730
626 836
541 207
247 327
769 935
891 822
32 974
998 611
405 239
564 974
874 239
249 177
690 424
858 888
65 621
874 941
256 101
919 109
118 842
359 700
523 312
980 590
10 468
98 188
284 767
989 671
353 498
446 489
399 887
473 454
417 207
7 272
618 278
41 325
578 592
743 51
566 690
500 13
439 782
465 807
444 920
835 479
420 338
195 231
797 448
126 493
951 973
833 234
860 554
670 530
417 65
108 682
834 191
56 912
929 132
594 341
526 232
392 744
417 549
181 230
71 130
918 804
144 896
271 120
314 861
536 491
943 139
464 987
521 553
999 606
110 842
909 727
307 907
500 464
599 167
104 1000
791 239
337 659
777 869
507 458
798 419
939 586
163 759
142 47
425 333
165 763
612 698
787 77
47 206
679 950
605 612
282 306
270 220
368 234
864 905
205 46
18 584
816 37
160 682
236 59
890 771
753 439
123 643
741 938
33 386
286 682
903 539
162 964
367 927
912 324
686 834
371 494
772 671
936 70
552 1
822 837
603 182
934 779
449 385
898 104
124 569
29 122
174 388
168 878
371 551
739 581
325 451
631 718
587 823
357 367
259 792
46 784
874 315
222 334
104 544
140 833
22 879
653 325
58 207
988 793
540 173
180 741
578 197
537 651
660 884
4 627
664 104
898 663
23 88
459 559
70 311
170 758
491 377
211 84
826 472
640 48
802 302
900 992
871 278
442 569
881 818
448 146
905 849
385 137
494 550
374 396
666 22
14 123
137 16
728 769
934 125
832 423
657 756
332 989
323 628
322 668
558 542
414 186
123 135
791 447
831 656
439 907
630 544
743 405
561 280
70 516
961 334
988 215
852 927
156 379
713 977
730 724
988 881
622 276
707 217
303 526
802 494
943 734
18 574
702 57
664 453
271 449
771 301
554 768
919 467
992 997
176 260
252 339
862 353
894 531
806 157
599 243
742 939
753 668
662 904
382 973
154 961
256 863
285 790
2 709
316 422
403 14
656 952
821 387
155 246
163 334
970 925
8 297
759 182
629 299
581 626
731 119
655 738
981 882
905 221
355 532
603 205
88 592
295 925
15 923
9 586
404 145
126 155
516 173
111 62
898 369
882 82
191 412
191 199
730 449
621 563
730 511
13 741
795 20
102 816
974 303
105 972
971 522
169 978
484 188
391 400
33 407
815 402
846 906
145 100
968 606
829 429
17 131
121 194
302 383
507 57
576 885
834 334
644 783
192 328
482 781
988 138
549 419
482 237
507 834
638 348
347 614
211 140
458 649
596 620
51 881
197 916
795 539
469 232
803 807
221 799
711 893
42 923
28 117
394 296
3 921
751 436
920 651
230 832
967 209
223 106
468 343
170 543
181 184
640 524
11 944
399 69
393 986
502 206
659 214
954 335
54 329
294 527
43 907
415 563
128 988
529 875
514 15
235 760
307 475
50 1
787 194
795 497
311 733
409 778
460 792
979 200
276 243
503 449
654 611
250 895
425 447
487 129
740 843
599 336
287 821
564 719
639 442
275 834
628 598
550 274
435 760
920 806
357 936
737 821
372 230
509 931
167 750
256 219
200 419
747 631
214 12
568 136
939 946
865 138
988 695
804 181
712 948
503 321
111 494
636 745
183 67
691 704
148 162
88 906
7 178
94 58
361 394
33 425
502 953
82 521
409 995
628 464
748 762
284 104
105 630
397 492
110 110
973 804
610 864
142 837
323 952
765 236
430 345
463 691
77 72
459 634
833 981
719 818
127 812
807 266
106 275
602 740
304 411
421 700
569 397
376 245
841 263
285 332
834 721
222 487
137 58
984 677
981 346
455 55
408 29
631 13
906 372
595 827
212 904
776 717
621 817
734 389
699 948
861 965
477 87
141 832
10 414
452 370
474 322
953 135
272 652
750 181
174 959
743 803
105 283
413 373
448 684
29 197
305 17
755 429
659 980
683 797
951 848
761 303
550 765
17 774
854 503
896 835
86 157
48 834
582 863
904 675
425 832
402 865
931 773
256 819
887 745
355 48
6 666
503 671
491 366
754 512
909 950
791 408
150 321
232 287
447 589
491 782
630 628
937 670
684 192
670 44
83 797
382 995
110 571
831 287
498 355
34 582
242 579
18 875
512 689
994 857
231 537
666 815
458 465
175 847
239 151
964 353
376 843
133 353
363 767
46 575
431 720
786 919
476 539
202 893
610 426
216 307
816 424
235 769
6 378
602 829
413 50
893 321
616 657
58 924
847 103
42 137
164 562
617 702
945 489
690 541
174 638
96 624
201 565
967 919
781 834
453 304
169 700
950 762
303 209
777 602
451 568
745 879
595 313
442 358
114 990
99 949
357 794
732 838
705 585
701 405
298 468
381 120
225 641
468 914
756 493
260 304
189 862
887 317
896 663
451 351
241 991
582 803
3 291
236 191
617 107
992 722
251 892
405 643
332 251
767 710
902 77
839 529
461 907
885 251
915 29
637 575
469 840
686 232
202 379
330 482
740 713
932 631
873 834
986 37
265 581
5 618
97 313
516 405
317 313
372 799
647 968
938 957
769 681
840 973
975 848
857 173
103 646
601 491
798 884
163 381
865 205
162 632
803 606
628 640
409 854
615 598
431 880
756 580
961 940
110 288
242 790
859 609
943 114
20 218
27 931
728 479
943 619
678 816
635 570
473 123
989 992
417 287
574 459
779 261
499 2
69 276
33 773
531 742
705 775
176 540
675 466
500 799
871 85
208 952
705 545
70 875
627 829
41 147
985 342
322 243
67 595
471 891
666 23
674 760
345 348
739 237
356 352
126 999
438 561
354 851
728 996
927 924
442 749
396 142
468 161
79 496
352 854
778 811
395 222
711 384
312 710
132 887
457 297
440 28
863 89
699 500
943 30
471 5
928 567
258 382
294 595
10 6
898 783
908 678
169 738
709 470
858 971
842 734
551 405
349 955
458 164
1 465
990 580
175 915
49 464
441 148
803 384
589 825
717 707
649 144
629 64
347 746
953 156
431 944
630 280
860 814
461 662
17 26
432 379
688 392
763 195
839 288
997 280
494 701
595 115
55 75
67 458
58 543
931 241
448 67
188 815
105 118
823 259
140 670
26 26
255 684
965 574
193 620
274 373
420 561
154 337
145 10
282 781
285 538
580 535
641 306
509 792
215 742
616 948
515 549
289 977
180 46
901 429
113 185
337 885
12 275
345 763
281 826
747 663
779 331
422 92
603 432
366 995
276 497
819 367
524 369
447 75
519 787
993 284
277 425
549 214
470 880
255 359
862 545
188 909
80 9
373 162
622 542
208 130
500 271
173 613
191 283
766 525
197 732
24 145
814 940
458 719
534 557
825 67
494 136
272 213
916 916
682 165
102 178
734 903
876 124
177 291
183 174
119 453
821 503
811 897
69 737
569 453
406 774
44 806
993 948
650 950
797 889
644 185
3 676
217 37
827 330
403 992
287 88
186 730
172 838
700 717
652 813
378 994
203 325
269 791
772 325
915 387
154 20
916 49
242 988
573 989
651 361
808 470
579 888
12 685
268 131
134 69
170 242
173 807
70 55
804 499
370 5
437 836
319 257
734 29
273 294
191 43
225 764
516 613
977 397
909 591
236 345
147 255
467 553
749 560
890 726
921 127
813 585
564 799
719 58
297 345
96 230
982 237
747 798
145 547
811 272
974 956
120 746
455 563
465 547
99 191
503 219
118 843
818 110
344 169
454 552
252 888
633 122
292 888
779 957
632 864
648 765
602 303
768 413
448 529
513 496
2 492
750 619
19 407
485 156
275 491
140 952
789 119
337 927
780 380
560 682
719 86
695 573
840 45
275 251
904 287
677 908
533 655
597 72
107 359
950 721
560 663
271 16
152 409
264 792
91 452
247 578
646 849
333 776
452 719
358 667
378 615
389 898
485 517
844 270
841 423
852 974
556 908
495 676
649 711
534 858
21 720
889 966
489 987
494 912
430 616
837 364
646 441
141 510
310 312
573 781
988 890
641 253
922 738
730 803
757 869
151 65
606 634
96 812
250 647
914 224
89 384
960 315
841 508
856 69
448 858
417 806
166 711
787 616
492 889
536 855
446 537
590 447
852 854
321 790
554 183
273 542
245 241
881 134
354 739
456 207
113 887
622 699
827 406
775 871
994 130
845 877
160 582
52 832
761 73
853 688
740 652
368 638
470 674
427 817
657 434
50 980
562 765
937 679
441 907
652 282
799 656
96 88
856 104
434 795
947 639
775 641
10 209
152 722
434 410
342 308
644 921
137 993
390 42
799 37
713 535
259 801
318 913
421 672
918 910
595 741
615 231
447 637
574 637
663 806
130 343
247 330
451 833
481 45
844 917
789 35
425 726
39 114
82 145
853 513
599 125
327 385
629 434
535 538
77 938
542 172
676 218
59 410
332 780
432 452
262 183
210 929
428 592
904 499
108 328
669 413
389 674
882 516
86 225
972 536
825 356
740 848
267 369
106 152
107 705
518 405
649 621
369 194
695 647
252 98
986 810
624 641
219 537
505 233
728 49
829 507
73 445
772 269
465 494
123 344
132 66
855 595
443 442
240 314
342 870
579 713
558 461
564 72
218 513
808 149
820 546
873 241
408 954
467 684
597 471
560 27
980 256
600 216
224 633
299 211
518 752
809 320
385 856
221 682
353 180
559 946
697 140
244 613
415 233
232 378
263 878
730 976
14 50
251 960
790 712
786 105
723 733
121 301
153 512
424 358
529 64
201 937
42 458
333 66
626 802
406 559
499 902
732 63
77 382
927 863
446 65
243 427
197 554
994 215
956 995
790 586
160 279
294 495
492 225
398 341
368 471
319 21
746 81
930 504
896 185
121 714
628 522
571 780
433 346
147 451
105 776
481 849
100 776
478 491
947 935
605 390
683 996
673 845
196 967
39 145
455 139
917 309
975 65
841 277
85 800
782 248
820 642
420 480
92 530
395 96
135 2
691 305
402 290
132 159
686 213
814 498
13 48
854 757
183 253
470 592
268 106
562 963
723 742
875 976
599 512
342 490
711 567
583 857
150 590
822 746
144 362
505 13
11 420
455 682
160 272
407 418
719 76
61 344
288 308
154 953
306 937
76 558
223 748
779 147
136 290
705 815
73 565
691 744
804 398
497 757
434 448
94 37
165 785
368 637
183 677
517 508
468 256
368 26
877 93
467 780
987 563
344 447
808 808
776 437
43 217
588 95
972 780
101 398
953 883
588 123
686 10
492 347
417 334
151 366
31 212
806 652
794 598
309 788
606 23
105 344
490 66
350 611
697 846
921 772
913 974
166 882
922 113
100 153
793 415
900 241
618 139
677 646
95 202
459 64
260 683
694 417
643 744
249 145
901 843
629 780
42 167
433 791
884 582
111 78
132 125
477 348
836 225
44 771
357 551
305 709
555 746
308 402
326 577
51 960
455 300
595 491
99 448
100 951
959 991
697 988
961 683
4 525
385 939
776 986
258 586
75 730
394 43
291 655
783 209
895 328
546 268
121 760
700 38
997 535
828 585
678 661
527 437
354 955
430 192
594 508
904 239
408 84
832 761
653 751
903 912
811 140
540 379
405 18
540 370
383 863
946 911
312 100
752 604
942 638
821 797
763 639
976 616
208 701
723 209
709 632
785 306
848 228
941 253
348 11
537 926
22 259
303 707
454 772
904 855
850 119
928 250
493 34
508 933
322 309
377 16
91 765
830 926
814 528
981 394
239 854
622 855
959 955
725 369
807 95
135 117
37 492
859 149
236 791
250 599
423 669
566 178
244 834
235 257
863 101
886 753
230 39
385 449
149 978
704 650
119 265
263 513
645 387
256 827
948 704
672 417
311 912
33 341
291 698
179 806
328 423
709 541
89 411
364 581
922 725
869 158
560 906
733 577
310 254
648 400
657 684
65 925
457 17
150 302
126 343
65 453
867 142
12 488
285 799
282 315
142 582
715 283
115 653
529 945
269 872
180 89
879 403
316 391
716 503
733 342
684 704
695 173
584 943
935 862
121 924
707 735
892 351
85 39
152 191
764 588
305 472
89 233
252 724
195 306
792 235
963 155
683 117
300 391
305 612
797 883
982 327
947 888
982 589
455 695
638 747
378 853
439 506
22 106
944 943
215 963
957 837
332 928
465 101
652 260
478 195
118 60
555 271
84 687
230 330
562 534
700 675
258 207
714 203
734 278
664 830
752 838
484 3
159 21
136 745
957 611
529 356
777 989
341 322
935 918
329 678
203 410
769 784
330 162
498 91
929 811
283 163
388 932
545 516
578 716
341 393
714 153
128 440
981 290
455 394
122 485
996 270
444 552
619 813
915 430
143 563
700 44
494 900
903 854
532 722
49 682
109 266
131 125
677 787
262 248
326 685
795 689
636 371
804 644
637 857
40 739
636 736
303 761
911 995
823 674
602 838
397 201
107 850
696 284
221 73
780 204
23 384
420 559
971 689
349 89
506 742
771 428
136 840
937 378
528 104
137 390
288 920
315 658
781 224
65 749
346 895
502 270
125 186
686 100
922 540
339 73
873 184
181 253
33 470
91 475
617 614
472 261
987 300
4 309
96 408
188 913
928 8
728 228
345 69
416 764
299 346
162 690
68 137
637 449
558 489
204 125
837 314
990 6
958 1000
217 916
607 463
123 893
212 459
33 729
71 221
181 280
391 786
223 72
536 912
390 230
217 146
776 520
470 939
668 197
625 938
16 539
515 687
140 996
707 195
187 996
639 269
479 43
269 787
382 581
728 899
114 623
559 801
676 154
80 924
439 900
591 426
273 33
896 929
37 767
500 749
726 416
632 252
582 946
841 612
968 311
387 280
109 855
523 903
39 650
675 795
759 839
843 601
436 375
788 261
92 979
429 489
533 446
899 165
37 667
272 810
755 732
293 384
719 516
172 564
294 738
509 571
474 988
892 360
564 520
704 15
358 35
658 955
585 751
534 434
767 325
329 951
352 402
41 872
876 870
946 65
626 488
859 846
681 904
670 356
106 935
343 215
842 294
675 495
708 692
515 16
477 346
643 163
216 517
250 851
740 525
829 910
753 54
810 689
972 169
827 502
775 465
513 452
947 379
670 625
228 983
855 916
802 819
410 554
929 671
16 238
30 196
402 259
252 696
428 314
31 57
662 719
78 902
703 639
705 905
397 584
314 208
218 231
999 907
983 83
157 102
330 656
536 595
761 186
256 827
162 5
668 943
946 630
849 802
705 564
17 593
670 199
463 280
614 255
73 168
453 13
191 419
658 392
492 699
226 980
832 164
82 137
267 370
102 872
284 17
455 974
890 416
378 645
98 675
908 195
54 86
217 345
282 891
387 540
904 471
833 795
310 47
719 173
593 48
706 601
992 587
330 47
931 528
389 605
485 837
293 682
122 892
272 435
116 875
158 986
548 65
875 466
248 139
183 633
543 85
472 46
137 398
836 267
139 162
474 50
936 564
398 97
952 972
84 125
704 722
747 134
205 381
182 151
605 358
51 242
147 322
285 762
358 583
590 916
626 885
19 209
202 731
968 666
510 82
368 270
99 676
310 396
77 543
78 895
126 761
520 979
296 978
696 274
589 654
28 120
773 553
260 864
940 413
932 644
998 74
562 718
681 250
78 237
456 674
725 172
403 835
7 950
162 618
546 824
704 856
518 715
106 108
654 520
59 135
664 615
499 304
203 195
962 924
219 496
916 976
437 905
67 732
880 716
518 970
378 536
357 597
175 383
231 389
143 459
841 3
771 770
720 999
951 254
564 971
227 532
753 880
911 260
21 510
62 148
611 106
635 574
694 171
50 205
295 472
121 708
649 976
141 795
651 900
534 81
783 532
994 834
75 970
33 956
63 388
874 908
1 669
436 137
371 318
707 115
173 71
18 840
195 107
437 5
289 629
293 843
650 613
549 386
826 653
734 210
940 571
601 131
216 334
716 860
978 49
677 515
262 317
917 668
580 173
935 813
777 395
880 415
296 188
678 876
640 920
513 257
284 340
698 128
345 496
397 86
554 928
742 92
615 317
157 225
527 887
269 492
670 676
214 512
427 876
920 944
200 734
807 688
812 992
926 222
367 948
775 65
949 771
131 717
915 27
438 85
5 996
698 840
513 912
410 532
276 355
434 771
578 889
246 289
227 167
486 643
270 443
5 540
132 719
107 947
844 505
269 942
144 488
617 357
303 848
351 734
883 862
588 263
303 140
583 667
688 825
613 913
422 438
21 676
800 348
81 649
650 362
631 311
608 427
765 744
993 801
636 497
756 235
245 163
253 475
288 230
772 314
245 581
614 904
409 421
148 178
736 182
941 882
890 757
650 555
342 630
816 158
384 791
976 608
911 116
304 217
449 86
61 671
99 732
439 25
148 864
33 957
558 615
611 971
147 959
742 437
296 62
201 155
273 423
875 9
593 682
738 814
84 593
601 801
665 291
728 39
654 245
719 20
675 699
828 21
101 625
366 448
273 571
953 923
426 202
684 277
948 880
385 934
303 961
545 742
77 920
787 10
494 230
578 379
609 26
622 297
817 804
899 441
801 722
786 535
492 75
786 487
974 188
461 551
311 970
802 472
753 499
900 655
992 221
293 340
535 93
909 372
461 613
87 259
900 648
941 373
1 876
858 619
179 46
352 691
914 480
402 182
744 970
467 436
761 719
263 57
237 317
635 513
335 691
318 134
843 405
456 792
546 208
925 682
775 732
916 134
600 419
861 111
155 897
986 723
421 67
537 910
564 907
559 772
150 521
261 111
402 491
586 775
514 555
485 331
935 613
343 919
245 814
508 903
267 597
167 860
360 949
989 867
44 472
746 176
779 289
353 101
946 613
126 85
377 512
524 873
813 362
170 687
379 730
546 464
802 756
818 558
762 127
10 7
26 904
830 777
898 997
186 650
839 410
702 760
16 93
77 994
708 319
43 250
512 137
178 227
279 369
347 736
691 769
663 950
263 424
725 209
669 471
868 935
835 676
398 404
155 871
315 273
386 827
375 577
872 31
203 330
618 852
882 904
345 741
946 550
224 660
723 728
400 692
421 51
934 498
181 664
203 957
154 859
491 948
284 526
630 507
822 405
675 682
246 244
425 271
419 912
625 597
810 722
382 699
435 507
326 894
294 975
318 509
885 806
966 290
426 929
781 604
357 180
366 335
224 289
201 664
70 9
293 398
251 862
457 270
259 72
885 495
87 605
527 357
323 210
38 419
870 271
394 636
488 927
732 858
271 545
630 716
43 482
591 581
622 771
171 660
974 654
729 41
926 404
603 170
849 246
68 983
132 871
208 294
826 830
591 888
93 42
695 938
832 325
632 287
257 141
127 327
543 404
740 41
737 238
892 563
421 709
819 887
585 764
876 127
519 583
36 869
278 201
930 841
216 369
470 584
471 936
52 767
560 863
351 32
559 933
792 400
850 408
483 126
834 773
193 971
964 886
861 876
527 67
370 590
927 29
107 610
417 13
812 789
895 635
656 20
462 1000
68 23
763 195
71 983
193 48
496 127
323 817
544 798
492 108
939 168
313 756
823 873
104 800
72 101
608 163
651 337
466 545
425 702
643 363
474 985
303 45
126 355
858 541
182 839
863 18
396 194
589 890
34 837
533 170
239 650
590 527
170 646
520 830
480 670
995 210
752 444
653 358
489 234
667 615
479 993
862 522
744 214
859 24
458 565
873 462
702 713
655 103
916 751
289 902
224 945
532 12
458 15
568 451
338 513
493 204
380 988
277 749
244 145
843 495
730 596
320 624
543 646
229 572
59 872
21 272
149 788
748 392
46 780
732 41
550 756
49 740
917 723
162 335
82 558
212 568
340 725
568 93
895 937
140 601
185 507
173 57
939 54
30 770
793 904
141 538
453 187
178 907
715 209
1000 143
180 651
980 569
727 482
807 731
655 564
924 274
709 112
433 925
644 268
514 366
524 178
867 743
897 62
372 542
220 335
785 820
515 954
588 950
321 88
114 401
256 664
22 634
17 417
401 528
296 805
623 118
817 57
304 829
355 414
295 876
867 350
847 339
583 635
220 513
271 477
361 287
89 336
144 541
287 908
587 88
483 515
953 135
695 244
276 615
927 855
151 946
570 629
676 878
823 492
675 743
256 913
254 244
790 381
653 343
104 616
40 489
289 137
61 650
261 265
557 477
662 237
726 431
322 715
640 164
273 386
98 763
33 340
280 535
800 307
427 897
169 534
713 730
893 456
53 979
172 794
603 344
238 130
698 913
793 607
321 442
577 380
676 102
926 20
27 959
229 936
643 887
116 64
110 57
222 524
911 204
489 926
646 65
294 127
85 761
253 282
263 182
207 683
265 974
575 33
408 387
101 217
522 94
212 231
179 455
588 761
852 46
941 590
834 820
157 922
342 197
349 429
311 604
756 545
70 395
562 406
858 39
353 418
330 380
395 543
144 492
96 260
662 854
925 193
630 309
174 799
630 425
63 341
793 142
651 80
103 220
740 53
662 274
201 214
319 62
712 634
240 272
917 716
608 765
510 42
830 868
472 654
868 8
314 3
205 524
9 826
724 694
903 965
387 520
72 330
552 434
351 515
272 142
144 177
4 44
752 393
222 535
890 482
576 254
838 49
203 329
755 860
973 601
442 756
979 590
90 46
535 489
678 501
932 835
14 341
559 989
130 996
71 35
37 594
45 971
15 427
724 868
925 222
630 520
551 436
502 551
806 354
526 997
336 641
560 494
78 510
960 422
712 213
829 399
906 954
685 606
862 356
504 73
454 10
759 136
984 151
967 414
93 517
470 601
546 116
533 913
898 423
3 104
373 324
134 941
94 344
703 866
569 693
274 971
92 725
918 807
813 445
176 608
693 198
776 103
293 689
798 997
325 172
403 87
688 771
48 140
697 718
926 331
587 443
749 140
734 1000
338 660
796 491
329 679
803 301
502 802
254 227
298 200
28 745
690 74
443 471
229 84
938 827
860 364
684 679
575 522
311 305
998 536
622 179
250 128
94 786
629 621
389 164
908 752
796 827
414 933
845 870
591 536
58 622
550 575
429 562
273 696
391 170
965 862
790 529
81 693
379 87
443 601
401 63
2 698
693 371
797 705
952 631
242 42
39 594
647 205
490 708
171 459
197 801
512 273
160 264
371 747
936 875
156 305
391 804
922 217
752 965
132 634
695 367
594 603
521 950
426 851
734 771
353 992
310 762
313 748
408 132
325 833
228 968
322 51
81 261
585 550
128 730
188 186
457 726
973 598
511 598
339 664
78 259
744 562
93 981
839 424
329 748
339 314
569 446
65 609
542 988
207 761
469 87
341 533
287 44
871 724
60 552
359 839
101 197
853 656
695 392
265 193
5 753
516 94
723 509
38 968
441 879
896 663
922 195
132 932
288 435
649 997
650 718
81 667
220 937
781 313
306 311
835 29
623 145
730 527
482 369
82 473
733 598
296 60
629 710
593 26
932 715
282 377
557 196
805 345
247 361
509 722
56 4
731 104
413 258
628 270
199 75
802 260
196 242
452 177
931 424
906 520
951 32
656 309
75 652
730 984
827 500
230 690
758 172
93 898
864 862
121 312
767 625
574 46
268 602
199 267
186 689
352 296
573 242
702 107
976 976
2 183
817 782
358 995
747 695
314 328
832 608
890 610
327 775
19 622
18 431
696 774
999 812
316 552
858 984
266 753
825 165
358 899
777 728
65 628
333 127
962 162
158 263
508 54
418 889
71 498
4 108
3 521
979 229
761 403
737 96
840 460
157 944
518 722
157 953
37 50
321 743
105 296
717 656
898 825
515 127
681 297
572 579
807 234
752 714
834 960
91 803
92 832
432 203
938 942
862 871
385 543
561 457
283 652
538 807
271 639
416 728
181 970
965 131
768 160
775 736
912 342
48 791
444 209
118 186
410 252
746 493
127 992
966 121
702 56
616 765
301 862
55 931
163 675
36 403
20 843
802 429
316 448
645 737
789 715
881 575
882 292
183 136
370 30
788 3
583 510
935 250
173 923
665 518
932 424
943 884
668 896
621 332
818 861
903 680
649 709
21 437
590 541
710 785
830 660
484 991
591 680
872 129
876 913
785 17
35 326
746 170
716 897
1000 158
955 217
898 776
254 99
181 997
632 658
98 484
291 668
839 533
341 848
935 135
367 248
723 346
216 198
962 557
906 439
912 259
378 39
807 698
330 605
845 191
359 835
761 358
331 188
715 417
236 21
774 603
722 4
151 693
735 826
553 555
733 137
318 994
285 124
972 769
900 869
487 457
472 217
137 394
860 736
904 548
808 834
177 958
153 915
415 718
568 657
731 847
943 227
282 614
717 365
492 89
524 557
451 796
443 813
54 328
107 351
673 906
32 366
90 630
983 161
563 674
341 15
826 706
272 753
817 173
267 964
826 356
765 377
431 544
180 508
297 140
83 168
229 922
411 531
616 174
738 177
5 156
586 548
140 117
381 930
623 73
769 216
898 395
916 17
279 39
322 126
310 322
870 451
265 188
705 189
540 274
334 344
339 572
401 237
626 112
449 463
681 835
872 799
488 421
954 621
167 77
980 839
926 545
664 890
51 103
808 186
291 804
882 781
851 539
133 486
643 404
879 308
970 727
78 238
103 431
796 664
94 282
912 602
162 379
620 291
259 574
628 310
979 711
8 618
128 363
100 53
967 932
354 944
163 314
97 197
642 803
348 652
56 806
954 507
245 537
248 505
825 88
978 823
604 329
365 532
853 93
840 817
303 796
114 212
14 893
504 638
349 751
977 850
810 992
387 632
601 147
358 683
645 835
923 395
613 436
851 834
72 352
177 549
815 340
166 463
707 761
767 80
806 672
929 327
134 743
396 837
481 615
961 79
536 792
748 371
4 873
628 378
986 542
296 135
99 79
336 961
623 424
143 520
248 497
907 80
652 366
961 175
44 876
458 839
373 344
373 895
98 927
532 524
894 14
681 363
317 192
598 978
315 294
921 529
639 42
295 592
823 543
160 472
455 935
361 696
864 359
875 596
777 524
103 423
531 716
915 494
594 509
288 404
677 396
1000 6
230 1
395 569
462 877
983 332
636 667
411 779
880 304
992 518
518 363
441 29
130 534
629 138
317 25
879 269
810 867
346 461
451 90
133 124
584 597
864 93
720 290
956 441
472 333
450 687
86 928
521 299
140 868
937 597
11 64
684 742
852 324
106 812
907 260
302 204
989 23
683 765
372 371
994 270
440 41
185 127
894 45
121 45
266 257
72 477
386 422
446 978
200 170
855 362
29 398
203 117
150 722
471 361
494 30
985 971
402 977
652 245
418 740
548 516
974 724
500 561
321 257
989 841
593 959
82 140
706 964
430 176
736 512
870 579
324 329
967 437
486 689
154 499
823 93
322 824
338 995
619 365
331 918
87 920
809 80
642 631
697 9
24 474
426 640
887 125
614 928
401 480
710 722
265 438
440 815
273 795
520 988
758 690
964 419
664 404
872 691
16 407
536 749
905 16
787 128
758 19
179 364
28 911
205 185
516 328
527 17
102 734
511 785
694 332
334 784
228 795
409 950
947 999
970 249
868 893
162 579
739 644
63 756
223 812
391 10
522 325
165 596
840 113
275 475
392 984
648 802
612 131
289 852
833 512
172 950
180 426
325 372
459 945
362 929
433 777
610 595
467 737
988 578
464 804
169 794
111 265
905 726
694 330
272 856
661 471
264 560
135 734
229 1000
252 763
738 107
355 875
278 528
225 919
520 928
507 286
14 533
777 607
751 894
98 289
551 60
521 942
646 839
698 559
83 252
823 203
541 656
613 160
805 589
9 463
640 667
841 699
194 7
15 324
426 951
487 39
590 334
113 534
550 984
658 352
589 656
438 476
332 324
895 418
378 57
354 234
574 123
192 516
730 949
763 295
179 949
128 185
298 354
373 563
565 913
20 374
34 336
341 489
603 903
586 269
508 266
157 813
740 244
735 161
768 353
879 482
598 421
458 931
710 470
304 766
150 951
163 940
99 200
356 666
539 21
471 634
308 183
436 751
138 418
115 974
794 249
466 702
694 154
834 944
279 718
308 224
204 796
282 460
440 793
560 21
189 453
727 752
435 66
616 730
706 838
992 675
934 850
570 272
652 529
58 245
41 64
355 212
809 225
542 509
449 404
721 823
619 125
787 299
345 650
690 15
353 292
585 788
298 392
518 19
345 877
917 121
936 445
143 93
193 473
518 352
320 893
612 201
666 681
146 928
10 153
498 297
461 850
910 481
976 245
883 17
99 585
390 254
479 276
978 294
176 661
359 240
316 244
664 8
797 423
22 782
455 862
945 651
842 571
362 726
62 564
284 522
358 353
496 611
474 685
749 530
879 108
668 651
19 70
262 956
912 644
361 207
29 510
336 846
475 606
175 544
500 310
120 963
417 903
988 757
477 24
493 743
768 372
237 781
18 637
917 487
813 899
496 188
231 972
996 834
459 572
341 177
940 10
911 627
452 880
80 576
877 58
959 433
664 843
283 732
252 572
122 670
507 249
412 395
217 667
183 452
510 817
72 562
755 344
430 764
958 889
328 736
822 887
490 389
866 301
539 284
338 228
421 172
930 417
507 996
67 739
991 133
881 787
383 753
262 211
478 269
227 730
233 979
70 567
727 525
632 178
818 617
56 708
743 203
590 443
871 811
690 941
408 693
200 339
933 729
673 76
940 574
429 574
502 886
300 401
307 603
547 396
872 882
353 60
990 646
981 242
485 489
645 37
687 987
371 481
191 477
538 781
148 876
297 933
357 775
541 751
154 120
581 629
735 898
169 124
996 89
943 579
283 576
914 382
39 629
250 331
290 538
213 180
544 590
918 759
620 264
200 193
219 480
999 253
228 568
54 989
448 829
847 224
376 533
581 553
682 748
418 112
892 336
892 786
198 978
640 576
426 390
519 281
552 845
55 100
669 347
914 212
276 365
651 105
879 8
313 537
178 142
511 25
803 395
97 767
949 926
51 9
202 33
827 930
735 802
385 845
51 130
226 98
73 551
59 884
163 118
799 314
208 730
815 458
579 128
494 746
611 685
525 713
349 69
422 791
462 112
320 52
834 294
910 740
564 505
710 230
813 283
11 404
52 490
300 931
364 617
920 359
183 249
776 387
284 92
706 486
288 11
941 549
813 583
160 51
395 388
874 231
601 503
29 130
88 439
236 338
406 17
980 26
560 506
752 115
271 512
580 641
175 457
155 579
586 923
617 93
985 957
369 783
897 687
346 950
16 858
740 674
449 812
653 538
977 290
680 822
558 675
848 225
280 901
877 576
205 693
469 928
890 313
411 809
70 512
684 171
74 41
98 450
208 102
56 179
279 349
329 939
780 149
545 858
617 444
626 649
407 423
457 323
121 322
930 844
998 909
812 364
385 884
533 336
873 252
49 352
380 93
81 746
58 236
149 683
210 582
756 521
301 504
916 406
721 531
868 47
534 161
491 964
130 441
659 214
69 496
331 615
986 577
924 82
756 911
780 101
406 727
43 45
40 214
675 760
484 621
265 445
559 425
940 525
350 37
703 297
97 66
910 992
203 638
820 392
602 442
982 840
552 74
870 799
332 279
45 579
530 888
586 640
44 989
395 491
703 604
390 957
690 276
329 993
484 626
129 485
69 317
664 444
113 629
256 42
746 547
612 644
37 155
867 904
369 754
25 516
595 777
965 927
42 791
76 946
964 88
69 471
872 627
541 170
994 848
453 642
267 560
183 362
775 408
341 645
441 426
977 335
159 364
111 184
833 651
47 241
642 87
662 765
320 793
573 40
101 232
545 405
298 3
806 536
212 697
91 811
471 736
582 859
798 899
833 443
130 526
707 314
190 642
104 189
299 395
591 433
323 145
219 973
855 132
77 960
519 327
353 946
892 589
458 917
272 938
598 25
914 751
288 627
606 206
867 154
506 927
922 251
819 232
409 576
558 177
893 999
178 186
60 275
399 138
199 943
154 298
280 957
30 882
657 343
254 211
432 388
405 604
749 639
782 67
482 989
197 854
318 868
705 934
846 230
380 236
283 317
715 537
992 772
672 165
286 1000
852 366
704 47
465 818
867 306
369 669
644 559
252 7
804 995
490 176
714 412
247 850
888 768
221 347
868 352
780 21
244 898
891 462
411 387
654 625
370 559
738 901
144 660
3 754
489 265
255 764
864 178
797 432
869 786
606 338
756 769
903 130
473 357
638 629
210 565
396 473
416 889
323 102
891 846
772 193
425 732
940 845
401 306
822 9
764 403
225 257
328 116
351 628
290 916
406 539
714 769
287 612
831 932
323 203
497 179
420 817
901 677
161 198
885 375
996 503
419 268
375 600
772 645
38 576
898 391
199 808
267 933
498 866
779 101
614 313
123 349
318 563
914 729
341 404
499 572
290 69
599 443
141 68
995 16
854 261
840 143
5 103
471 821
322 916
599 797
457 437
481 362
243 7
727 791
3 893
153 188
719 672
527 245
246 859
531 372
99 466
482 377
953 44
675 944
593 788
746 465
531 160
893 162
74 520
897 166
370 430
58 332
980 628
629 183
502 855
193 253
820 677
961 207
311 354
680 577
232 581
234 639
557 618
737 293
573 587
307 719
246 591
349 331
877 86
682 162
13 520
356 989
654 251
59 773
137 659
529 219
576 43
747 53
42 915
690 247
438 445
67 656
238 127
769 749
466 11
691 902
969 120
53 841
234 757
15 252
853 156
216 673
192 123
252 224
236 528
609 320
581 467
496 900
987 844
588 133
509 546
24 4
753 848
953 478
196 804
14 15
274 230
367 955
587 221
700 381
676 371
535 816
367 983
753 538
662 722
380 655
979 121
587 988
390 239
14 916
899 32
756 87
227 494
910 643
627 327
210 603
887 773
373 264
966 166
724 354
172 310
671 331
971 13
950 480
634 757
47 508
43 685
885 147
370 586
507 779
369 165
520 319
551 380
145 973
903 634
752 24
933 29
636 251
2 589
376 521
938 476
875 163
719 138
382 208
400 974
927 193
659 361
615 287
605 342
150 744
103 311
319 44
350 742
887 699
326 739
507 465
939 647
731 3
200 101
398 496
550 183
6 644
654 610
63 379
268 225
390 282
877 49
813 936
470 899
547 284
832 549
358 995
366 367
260 699
626 355
442 730
321 114
447 401
774 304
443 112
466 820
504 583
693 444
789 235
226 731
564 997
349 561
455 131
1000 576
111 281
254 106
642 424
681 120
172 387
901 27
737 332
858 362
560 873
442 768
976 775
972 552
223 648
608 415
126 377
233 492
863 589
463 774
951 126
522 211
381 778
468 392
136 442
912 253
353 179
232 636
916 821
154 863
166 803
106 281
145 491
706 720
501 70
527 182
55 840
655 75
345 918
107 683
957 488
844 985
502 268
779 711
546 36
850 227
947 816
655 426
648 76
282 41
399 73
673 385
845 673
927 31
954 333
66 420
14 333
286 910
343 631
116 743
424 89
297 818
874 582
298 208
168 128
462 922
765 287
634 762
237 558
499 264
74 357
868 119
667 896
346 598
346 548
377 683
952 308
98 817
802 389
446 209
269 27
421 429
5 77
354 664
636 902
124 532
54 687
331 344
142 905
411 573
941 32
421 970
717 698
898 537
381 600
451 855
801 548
271 187
796 948
495 20
329 742
294 612
102 746
540 820
774 865
768 812
8 886
745 888
227 200
297 191
212 678
85 717
828 757
933 861
462 231
150 74
796 494
14 480
626 359
468 525
13 739
676 864
468 621
536 663
654 187
998 61
936 304
255 11
188 808
951 30
272 295
625 329
579 972
760 124
391 179
288 849
710 990
300 344
508 242
1 146
552 437
370 453
25 23
416 217
652 834
183 331
266 884
503 178
734 38
809 298
903 342
581 26
472 84
944 632
98 193
385 977
75 881
65 895
917 580
947 965
432 856
841 139
287 536
411 547
390 459
795 133
184 424
924 758
519 506
952 350
176 508
130 228
804 731
183 934
860 58
620 254
584 743
401 12
286 983
196 59
305 147
120 637
76 913
249 158
38 376
568 648
207 319
798 515
825 164
821 752
741 102
956 2
487 112
141 88
552 655
493 279
777 622
849 771
29 102
307 480
910 133
646 753
315 366
319 639
953 179
564 551
429 208
952 574
648 242
713 721
11 83
628 393
350 190
483 998
131 36
374 684
809 757
501 283
839 185
846 859
907 236
154 610
624 902
316 614
446 566
555 891
144 907
904 996
363 325
479 279
249 709
410 865
320 989
974 627
343 210
517 903
440 848
405 33
5 730
1000 352
940 645
113 586
610 567
974 133
859 566
68 569
332 524
394 306
321 240
865 142
632 685
30 930
76 119
206 647
833 943
229 200
657 711
124 745
614 329
625 122
402 155
984 358
850 364
214 654
1000 96
167 245
755 987
471 118
861 17
274 394
642 707
771 338
181 816
467 821
983 667
226 649
923 415
280 970
351 976
181 897
704 613
831 612
877 766
331 107
912 103
307 102
519 385
750 122
779 373
146 991
932 997
976 160
501 690
870 674
738 956
454 528
95 16
112 91
986 824
700 294
151 234
171 338
793 635
993 77
911 202
541 823
281 447
512 25
9 420
218 747
904 613
933 291
13 154
554 272
184 536
662 505
430 713
250 203
506 321
743 850
510 133
477 568
329 982
40 588
78 809
199 773
498 948
578 955
34 382
244 903
77 555
45 253
940 340
676 657
777 607
64 35
847 825
226 914
617 769
806 469
122 202
452 858
735 567
663 384
885 718
145 717
348 899
851 454
375 7
266 386
69 143
937 38
947 847
808 995
521 924
152 160
729 22
739 437
674 917
462 491
552 29
542 186
474 4
705 184
220 859
345 175
937 574
103 23
68 946
598 896
672 164
575 831
787 536
136 298
985 100
374 266
372 753
46 613
525 680
408 888
617 925
394 150
168 487
334 451
633 306
458 126
983 455
556 111
542 808
475 888
438 941
964 877
588 17
155 435
479 799
11 195
928 623
570 315
938 560
733 820
48 169
338 121
258 932
324 746
912 80
125 468
844 844
775 118
365 157
264 890
432 444
936 174
727 237
41 228
355 875
243 576
785 192
52 881
897 426
72 960
608 216
475 546
928 631
910 52
702 250
527 459
660 296
550 345
846 781
819 418
223 39
835 328
65 680
816 114
472 193
522 606
88 933
44 563
910 235
698 457
698 959
521 234
667 262
317 576
469 165
623 923
193 48
242 32
908 429
814 382
369 912
278 803
810 971
237 13
204 402
786 86
408 896
2 799
830 249
17 193
82 530
484 52
986 890
159 483
164 249
891 661
353 623
811 454
139 939
870 565
6 212
498 490
763 999
407 558
195 537
79 538
717 682
816 941
404 682
560 525
855 773
31 141
202 395
390 168
428 518
703 575
186 223
401 530
811 787
305 353
801 389
27 550
384 438
939 502
361 728
593 786
594 825
661 897
138 332
176 280
954 677
887 973
607 409
757 781
713 677
574 928
303 327
986 447
943 647
894 934
759 125
811 748
897 31
630 156
190 13
170 231
100 728
949 448
991 830
319 922
93 608
144 694
248 454
270 34
881 951
470 757
205 550
319 185
333 681
516 396
448 65
828 896
720 58
622 627
975 340
664 108
127 24
487 282
936 813
769 179
940 660
896 957
561 741
657 569
256 36
750 949
541 754
23 246
35 813
426 966
209 699
652 338
151 536
417 934
466 405
923 291
662 445
246 282
320 753
709 457
859 369
474 11
323 166
668 86
539 685
375 901
290 615
398 503
807 970
133 42
282 557
923 567
541 980
342 500
202 529
565 729
307 624
428 640
295 21
904 865
851 155
537 286
303 180
113 709
872 695
647 637
586 783
183 963
261 63
396 750
925 469
920 788
769 302
320 500
274 428
783 155
423 466
706 837
424 690
286 520
227 616
211 445
477 986
255 319
219 32
480 405
141 952
653 66
168 378
822 365
998 178
442 576
275 834
329 994
650 842
63 488
815 457
259 102
719 791
45 633
708 789
709 367
665 665
151 973
381 217
205 862
487 730
360 977
179 309
19 531
805 644
258 48
121 408
750 878
99 743
539 339
329 574
920 231
118 830
684 789
380 212
303 398
748 992
846 728
74 36
268 807
961 899
668 208
587 337
854 721
91 326
297 142
841 924
110 354
233 145
327 673
728 215
950 793
783 837
208 36
911 937
51 202
64 886
715 731
1000 692
975 230
243 196
324 621
662 798
782 460
449 210
376 978
856 500
969 802
322 415
910 52
660 121
701 121
9 2
126 245
697 603
643 754
486 627
527 765
52 902
215 283
591 250
823 329
558 81
653 712
11 141
404 771
866 143
561 178
384 315
146 606
317 490
768 852
456 421
300 713
290 151
378 709
930 183
586 589
947 890
971 906
561 601
254 645
305 178
985 692
306 487
44 231
632 182
818 733
893 879
3 210
536 98
35 905
669 452
560 37
401 387
944 665
333 616
558 552
343 575
862 75
67 958
441 975
326 640
273 988
204 940
328 664
10 624
949 669
243 235
293 440
478 307
306 800
757 938
998 8
495 604
453 951
403 37
961 906
926 497
966 266
136 220
122 317
849 259
232 310
422 753
779 899
856 231
173 929
820 324
346 152
414 733
966 538
136 336
180 304
878 566
708 968
986 221
935 118
58 590
814 31
889 246
308 631
623 983
415 54
66 933
919 474
185 417
484 534
481 641
625 383
776 937
135 672
336 126
146 810
386 402
209 517
126 237
25 720
973 482
953 535
829 656
855 443
719 959
143 338
796 888
438 81
879 906
705 105
688 892
88 724
953 156
885 178
249 503
422 948
718 692
447 472
874 59
106 801
891 796
444 466
546 908
146 204
223 325
422 530
792 319
910 996
931 935
653 883
272 810
818 420
511 259
595 679
20 538
217 461
647 192
949 871
625 722
847 651
600 336
1000 281
863 18
518 638
404 987
257 448
119 211
826 367
173 592
329 922
297 861
830 442
42 742
392 259
399 750
66 951
459 390
647 415
530 657
852 165
428 815
92 912
185 559
169 134
991 883
385 924
718 21
452 207
314 283
860 459
587 819
766 255
195 85
439 117
255 411
455 508
869 324
89 460
505 214
390 180
19 563
45 704
157 606
189 388
30 951
440 515
980 705
620 252
102 536
238 847
937 89
560 422
70 729
184 833
169 250
474 763
277 134
977 349
790 2
348 820
695 803
716 521
792 927
534 68
602 540
598 670
552 973
360 627
877 91
563 414
311 261
10 406
940 646
912 741
612 490
95 447
1000 129
910 659
391 539
107 795
70 74
509 949
807 537
896 241
820 409
278 121
654 118
974 270
502 177
81 403
143 518
541 960
589 990
927 2
68 650
937 69
953 731
865 690
143 852
670 630
155 399
971 361
902 638
124 258
830 528
407 386
653 794
833 743
986 246
835 215
693 664
92 79
547 103
968 833
65 751
364 233
512 507
473 865
682 1
488 127
151 881
799 692
275 539
781 346
633 454
767 56
824 142
545 132
970 533
363 809
453 412
979 266
852 293
145 238
483 552
918 810
225 257
203 572
452 575
841 610
413 7
756 710
997 946
158 489
983 325
581 430
361 877
31 554
747 740
197 877
811 423
573 625
251 442
545 699
405 957
458 964
218 326
183 496
782 767
701 368
144 636
804 195
446 156
134 321
620 944
125 531
686 444
714 687
147 719
502 216
50 991
888 489
344 80
289 483
202 21
28 920
286 578
769 54
312 779
918 836
376 873
303 391
365 157
809 684
866 721
333 103
389 5
692 4
300 908
698 122
357 813
800 122
857 257
128 421
551 531
643 820
913 829
272 6
909 184
772 855
207 49
886 911
757 201
638 944
997 620
859 496
517 979
783 96
660 883
478 55
90 731
1 13
396 856
908 803
411 650
552 215
143 407
719 585
992 159
785 616
890 15
816 3
30 235
96 462
355 124
229 200
424 479
512 905
589 479
688 3
620 571
228 328
536 84
88 469
794 440
617 362
624 766
669 428
345 676
493 836
621 992
137 376
998 572
525 361
61 941
229 404
689 548
151 589
147 262
599 423
195 860
681 90
295 722
24 892
426 195
385 558
600 781
679 230
495 731
620 529
463 492
939 283
725 200
346 788
743 792
569 760
404 66
667 367
612 585
288 240
888 570
710 126
728 931
406 466
374 841
436 962
841 607
678 471
202 34
920 35
161 813
622 826
791 669
722 105
341 37
221 189
127 182
900 346
801 322
111 613
184 361
699 420
244 674
547 708
647 681
456 198
958 707
263 469
78 687
491 149
95 628
468 696
628 397
340 707
613 551
278 382
11 304
81 742
499 919
902 662
258 515
934 50
542 850
932 830
370 119
1 768
897 434
96 639
828 145
507 508
455 212
541 891
385 825
321 330
590 457
504 349
160 488
737 64
228 511
360 99
206 399
324 930
655 110
986 284
400 975
599 783
949 141
569 354
317 11
492 924
823 872
458 834
868 53
898 863
573 231
530 45
996 372
112 390
304 630
565 171
245 957
435 342
561 604
585 294
639 52
197 643
160 406
416 42
163 392
785 116
875 372
479 539
71 827
137 569
860 170
676 351
274 754
576 46
67 235
168 390
680 536
692 24
234 508
278 197
573 418
344 463
914 346
57 490
518 73
849 14
455 92
928 362
919 957
352 409
979 23
657 772
504 462
842 27
336 517
911 61
700 106
837 486
628 26
604 149
832 106
953 830
854 140
767 98
985 604
841 765
981 958
363 986
544 660
452 753
702 793
763 146
97 205
370 90
831 164
533 367
797 267
439 180
212 629
398 508
796 946
438 727
958 378
334 539
677 368
975 740
493 157
758 435
461 407
482 313
248 300
172 280
49 804
635 106
847 960
102 898
960 535
720 452
960 696
836 582
989 572
577 238
549 193
169 94
928 965
111 746
79 718
588 205
176 518
958 986
472 643
93 862
398 837
589 131
208 398
762 576
48 923
121 873
47 380
797 654
399 530
911 712
139 795
283 314
949 264
892 260
227 442
894 27
811 66
214 364
611 61
714 836
417 975
16 304
839 935
178 939
326 928
865 105
309 881
762 746
52 922
353 678
323 194
439 253
918 308
516 500
864 76
99 249
471 606
701 754
288 548
116 706
925 585
772 135
500 384
352 791
18 882
517 17
406 239
742 746
641 432
242 196
764 920
440 948
645 87
721 845
497 865
179 385
100 889
351 326
54 92
799 221
275 43
724 926
311 783
210 686
991 400
843 954
960 503
654 220
660 127
736 731
80 932
51 458
321 430
532 216
147 182
415 723
363 411
583 367
394 819
831 328
273 68
917 953
592 406
189 531
577 157
26 675
877 223
431 954
367 291
177 477
948 210
362 850
59 915
495 188
537 526
379 983
639 854
657 764
371 649
49 8
974 78
628 584
221 149
627 968
373 642
438 938
381 607
362 299
246 804
905 299
889 287
126 190
925 457
627 503
426 996
693 884
739 838
913 2
414 667
793 861
427 489
590 88
140 635
71 301
946 940
418 20
88 541
917 317
326 119
202 777
446 547
72 219
205 531
439 208
504 457
976 889
870 919
537 286
141 235
174 809
665 353
737 298
167 209
552 953
784 157
394 242
435 547
640 755
781 34
142 765
312 56
306 910
294 397
295 163
656 783
362 231
754 401
296 818
124 223
744 489
380 340
901 22
604 866
346 665
921 452
295 171
530 466
234 423
709 241
740 175
121 859
306 322
661 574
428 717
364 933
702 333
626 683
755 754
246 719
686 915
135 796
455 804
808 527
775 876
292 839
617 500
152 417
662 694
703 960
317 275
913 312
650 964
543 35
160 296
441 959
306 797
645 858
297 411
272 879
561 59
63 147
992 413
685 332
977 842
414 833
413 425
917 86
550 991
277 374
93 637
851 945
34 520
491 51
926 579
828 87
117 151
794 280
328 905
948 351
263 679
983 930
386 759
62 295
987 468
763 492
92 131
294 761
316 75
378 863
43 780
997 638
412 383
617 636
965 425
830 429
956 533
158 284
746 747
34 49
393 990
516 449
991 897
64 30
741 469
246 986
957 367
416 85
47 126
762 818
511 558
176 721
386 149
949 111
915 684
996 365
64 134
294 883
315 886
746 718
906 283
200 515
435 318
440 969
719 217
120 983
815 415
514 855
206 93
112 888
53 851
399 818
223 857
493 866
322 48
524 591
496 933
921 727
228 247
793 44
722 768
243 474
977 370
768 564
755 109
103 602
54 124
855 16
931 193
213 886
995 792
163 289
959 422
453 566
702 433
691 799
874 91
260 783
539 709
106 229
231 486
926 336
655 107
146 776
783 302
652 158
372 676
115 880
588 400
620 417
839 931
902 956
30 325
224 882
542 808
966 530
456 418
282 871
748 820
983 832
310 171
909 732
671 571
541 344
555 347
333 767
451 18
893 808
624 713
572 836
730 163
590 977
5 898
223 732
571 250
545 693
881 69
329 653
628 519
757 560
929 152
826 36
819 246
819 466
569 697
675 891
635 704
764 605
567 87
34 60
549 140
819 509
914 305
627 316
443 23
290 646
302 30
122 761
184 880
38 302
857 758
795 667
301 63
387 358
442 783
404 242
678 86
18 774
357 648
734 984
606 474
947 154
304 941
966 981
729 514
318 585
494 394
416 522
177 359
415 643
614 809
842 519
869 212
326 251
743 939
585 814
110 743
528 37
724 593
620 149
41 347
423 2
581 281
60 711
512 196
581 367
485 669
153 843
764 893
820 389
74 579
564 226
216 918
57 299
277 208
922 39
498 237
754 131
240 559
431 540
210 238
882 300
985 706
633 330
81 458
592 426
203 824
489 379
818 362
709 765
953 578
836 762
881 289
29 680
710 479
573 892
210 232
487 158
137 419
772 862
664 670
842 506
961 6
748 959
353 668
850 907
25 349
627 511
181 537
549 781
581 660
948 861
65 510
182 609
540 267
5 750
985 465
773 320
35 141
340 916
587 604
644 965
46 857
928 392
501 915
121 931
229 307
226 111
966 845
256 736
607 264
694 409
593 456
41 400
347 668
342 731
70 40
835 940
219 415
425 445
394 153
515 536
409 389
698 239
541 367
928 305
208 960
578 409
116 972
839 319
569 576
984 790
682 718
53 54
426 768
548 867
574 666
33 838
634 709
583 201
136 323
218 185
679 713
405 559
601 583
133 709
25 737
47 476
718 421
960 695
922 278
484 294
113 978
569 866
257 863
803 522
712 502
76 31
591 72
827 965
657 234
653 518
126 629
506 169
45 370
355 694
540 579
531 230
186 291
612 75
878 670
608 700
379 713
123 223
283 945
687 284
472 678
200 551
742 805
824 743
372 425
354 298
18 188
734 589
578 853
577 508
536 422
907 585
807 592
493 8
446 807
370 939
841 77
239 644
115 130
798 457
921 399
767 757
943 592
694 655
965 215
538 731
711 470
448 173
634 544
606 219
134 816
167 829
583 181
987 958
899 20
550 181
160 436
294 49
913 645
65 869
46 379
208 566
201 743
663 865
832 5
496 881
178 126
441 310
373 392
881 837
670 256
976 470
67 39
872 241
566 275
683 566
738 709
449 805
928 941
33 499
525 909
66 980
713 624
315 669
529 428
632 10
879 923
866 416
26 760
999 615
307 192
942 832
206 216
175 303
416 798
721 948
202 119
132 309
689 338
210 863
254 856
640 657
283 4
600 908
231 129
851 612
986 310
672 439
322 665
599 699
834 103
151 394
70 44
465 246
716 509
678 943
421 917
105 937
451 557
129 224
453 915
176 601
101 194
735 155
974 984
60 348
447 806
481 428
937 292
933 207
190 756
403 274
857 432
184 973
76 636
414 482
262 13
592 152
225 418
725 56
967 576
352 615
10 350
305 540
675 797
214 418
820 781
265 602
947 715
826 767
327 748
794 743
348 541
589 468
963 163
691 575
644 756
644 486
664 847
38 921
388 709
510 632
908 754
318 835
456 536
341 288
975 358
456 123
561 371
913 269
325 550
882 640
633 26
684 501
709 797
97 345
692 393
586 935
706 776
742 494
210 336
701 417
432 944
320 110
780 740
267 142
201 221
316 454
634 551
499 379
485 408
695 614
315 15
208 312
822 306
195 468
321 776
395 480
617 444
440 791
208 704
763 779
711 203
346 43
720 111
553 259
923 582
299 315
124 669
525 899
350 726
367 809
322 809
181 230
15 515
731 185
481 909
16 119
780 968
98 959
970 600
409 981
451 157
366 665
617 370
287 770
196 713
919 742
123 129
248 521
643 317
863 948
175 649
738 559
77 205
444 496
743 736
271 558
986 932
219 87
940 964
889 604
341 866
750 5
81 231
845 202
687 549
439 304
763 168
112 506
781 991
599 869
893 47
35 979
472 224
29 920
282 612
196 665
276 867
434 438
944 536
79 250
471 367
724 469
192 214
452 638
731 763
991 286
873 650
470 244
135 251
868 240
252 389
947 825
667 458
947 190
640 315
837 838
300 141
769 946
635 279
302 628
206 1
507 323
665 450
612 986
942 836
154 148
640 324
360 511
572 449
852 739
262 287
348 517
447 924
204 610
844 547
867 62
827 970
831 440
122 327
99 536
529 73
919 746
267 187
554 203
571 55
84 78
427 611
803 427
42 776
545 229
738 297
982 582
825 15
678 993
793 143
813 984
136 419
998 401
726 217
579 728
499 693
459 890
577 858
374 845
217 654
657 469
573 162
540 55
30 338
603 655
692 994
385 124
415 50
427 805
872 952
117 482
643 141
940 232
528 709
91 706
697 517
592 942
71 130
352 514
681 611
346 819
538 433
252 103
176 4
491 375
585 855
236 562
299 754
211 248
468 579
289 144
330 276
563 389
138 606
736 746
622 442
329 960
135 432
504 579
121 584
742 749
555 626
999 23
874 265
909 504
785 940
69 792
640 508
970 679
27 299
942 302
47 451
450 219
55 829
334 564
19 139
864 258
338 828
513 730
573 245
378 956
980 346
988 169
181 525
798 729
14 170
249 326
768 586
523 187
608 43
6 771
423 375
395 796
102 203
54 379
609 686
586 211
122 217
458 13
727 870
710 5
573 795
303 880
633 236
597 309
232 955
838 937
178 460
138 157
740 735
159 987
303 958
555 872
160 778
75 492
342 131
387 147
728 192
54 823
944 24
803 431
955 208
362 658
49 629
350 224
471 607
290 495
891 757
830 288
550 303
35 569
575 175
648 421
87 130
235 454
658 139
568 18
441 806
445 950
584 618
896 688
71 610
463 916
818 789
478 857
818 961
967 68
645 107
867 201
296 122
249 408
743 762
463 465
569 114
345 483
480 162
899 536
86 584
109 320
686 674
131 401
770 316
240 385
995 668
952 591
239 465
834 777
714 759
983 539
758 17
387 763
184 680
16 601
235 957
573 991
415 993
814 303
55 456
772 223
542 721
693 68
773 908
7 568
701 193
895 678
219 64
460 146
312 143
167 631
492 533
485 349
816 410
396 184
546 166
834 123
148 797
397 439
792 431
277 590
819 576
670 129
340 973
728 826
318 657
517 348
44 619
137 811
370 294
281 564
98 445
816 313
515 126
704 438
891 468
289 334
304 521
893 247
258 157
539 138
280 95
540 413
446 364
507 39
259 209
199 13
331 928
326 732
195 69
760 482
147 451
501 28
240 813
924 393
120 655
212 811
462 143
285 688
91 1
381 456
144 894
638 366
340 555
347 103
457 688
89 374
545 84
822 458
761 843
98 130
15 301
363 871
212 413
274 313
535 917
175 892
116 667
197 409
505 310
35 358
1000 370
406 281
377 907
515 704
563 468
969 376
528 475
120 720
918 424
117 571
148 67
830 884
283 520
164 375
21 52
87 999
46 197
605 697
564 566
890 594
597 647
829 141
807 124
240 522
361 157
995 616
97 67
776 875
610 232
783 943
177 815
127 607
30 522
789 674
455 273
80 871
660 445
875 792
86 811
579 187
561 500
94 516
844 792
762 303
42 364
13 102
637 912
628 560
158 596
441 436
237 652
634 523
95 843
587 312
11 916
27 863
811 96
860 3
231 131
555 964
116 368
312 604
296 869
819 401
61 720
121 47
231 19
415 602
462 839
145 902
404 408
87 572
268 759
426 966
711 901
38 369
502 276
785 66
926 778
849 432
42 948
938 556
204 269
557 700
4 747
92 950
684 177
402 60
517 148
766 617
799 183
571 914
188 631
466 732
504 385
49 40
798 686
510 878
789 490
95 933
314 470
416 435
256 678
886 209
31 639
263 758
357 186
972 856
912 321
351 921
640 82
898 27
901 247
578 472
717 482
384 877
648 5
408 779
166 214
399 436
389 901
905 495
136 685
105 336
872 34
604 34
47 758
159 292
30 816
385 998
527 647
295 312
755 863
645 319
526 687
184 29
236 314
186 752
394 81
121 940
507 825
894 656
580 807
737 892
434 10
691 273
302 86
912 885
189 190
403 407
172 338
85 622
827 706
222 503
252 263
952 810
906 744
968 351
693 207
865 562
272 981
975 140
412 565
286 714
775 350
337 451
770 426
423 705
106 5
751 404
950 704
269 140
956 678
766 783
564 273
842 730
388 710
351 544
267 143
851 403
689 542
942 543
125 677
183 735
684 399
129 240
700 838
205 445
335 46
947 408
524 937
156 715
64 936
783 607
453 94
844 528
669 619
449 792
128 992
804 961
904 480
565 338
736 948
384 462
564 644
266 194
889 820
678 173
685 135
539 557
5 861
629 875
565 65
821 997
542 119
297 549
799 201
920 989
275 915
162 772
402 230
148 969
201 861
79 237
963 662
342 342
226 25
173 675
226 384
583 182
416 74
133 549
838 342
717 308
471 459
613 998
381 136
120 654
622 819
812 977
245 228
764 175
82 319
857 959
397 630
188 899
782 766
358 806
729 947
54 28
227 15
48 444
546 456
383 693
466 663
440 745
297 807
307 15
62 19
924 407
234 221
281 728
573 859
382 677
594 999
819 568
148 612
539 656
286 503
339 342
887 556
275 723
584 195
563 609
30 589
443 389
317 691
533 819
447 972
320 252
709 651
581 869
232 115
244 543
624 998
486 655
740 173
29 73
598 748
339 470
924 311
548 823
181 597
164 486
529 422
132 499
417 906
866 805
197 772
784 116
546 59
934 935
135 773
520 246
229 478
725 269
154 769
780 720
491 374
824 849
357 109
361 264
95 607
166 400
525 520
981 207
498 952
104 235
417 886
303 545
949 831
927 78
220 464
988 704
855 564
725 207
562 214
192 582
659 907
871 597
631 37
890 230
236 326
171 121
624 538
695 322
997 398
302 479
102 876
984 264
89 6
403 162
510 111
370 846
361 967
303 758
810 959
813 572
963 803
212 137
781 588
369 311
983 487
831 200
258 83
199 259
941 858
567 923
779 22
758 523
200 124
812 268
67 287
90 600
206 783
219 414
254 249
49 357
645 193
157 105
408 671
823 690
417 216
238 900
373 364
598 802
415 66
895 319
802 342
725 837
769 458
480 418
984 871
941 951
947 568
553 819
720 615
80 36
876 435
404 288
963 317
953 166
695 915
117 809
808 43
204 219
808 966
904 784
133 975
14 424
227 498
269 977
943 41
270 422
485 409
926 628
441 161
762 956
242 95
909 741
322 777
751 731
308 430
970 538
661 707
485 546
855 38
397 136
93 348
732 556
724 115
525 162
2 405
839 37
75 188
580 928
871 536
617 358
222 633
279 569
852 33
341 331
91 195
709 403
751 930
131 364
908 631
85 186
405 487
946 961
106 961
657 488
250 569
329 393
986 277
887 479
406 898
576 128
550 156
715 276
594 740
717 630
313 518
613 172
353 462
742 986
34 116
496 443
148 364
16 391
832 616
941 623
941 269
492 548
476 365
216 384
337 343
448 836
183 144
748 841
211 759
270 811
933 37
54 239
70 57
181 679
387 473
366 256
608 929
221 906
435 755
639 99
442 79
899 257
711 325
266 413
901 525
223 942
989 768
471 626
466 145
197 148
815 128
313 821
278 331
237 910
478 965
409 235
575 860
829 363
771 409
115 208
907 217
153 613
708 757
802 285
900 988
848 154
810 232
872 788
5 264
559 516
309 817
48 874
760 653
95 524
951 396
665 250
195 567
764 136
920 45
922 183
103 306
870 95
167 2
769 674
631 615
202 279
787 715
603 553
446 839
471 19
255 801
344 128
550 224
853 187
736 614
998 910
670 523
522 393
418 852
185 424
351 995
673 221
354 35
317 847
502 996
851 729
172 801
828 112
338 476
138 36
825 49
456 177
292 535
484 280
700 79
342 140
592 937
625 687
400 355
291 978
2 178
130 494
933 926
433 166
727 938
158 860
134 296
288 842
213 564
541 978
509 870
647 450
944 760
311 203
648 947
298 194
985 835
949 330
738 350
878 603
674 677
719 275
816 942
752 581
853 788
349 225
980 572
584 896
926 419
927 872
253 688
913 150
838 765
931 355
746 377
735 776
368 237
943 396
262 340
903 42
805 228
445 450
598 170
956 543
172 638
69 360
495 247
576 291
506 289
49 800
837 437
173 94
285 771
816 766
984 128
533 783
698 439
791 100
868 829
920 449
482 171
610 197
938 453
180 311
58 850
946 604
879 222
630 997
834 598
398 538
659 652
313 167
969 144
491 296
630 577
585 268
469 925
387 307
864 591
597 364
835 879
15 928
875 266
128 176
101 219
35 300
311 878
696 367
901 414
31 155
272 133
424 844
821 796
948 282
643 468
47 357
462 133
320 655
287 569
694 154
57 851
976 953
771 155
68 478
112 669
451 646
678 604
929 79
786 337
864 707
956 887
500 904
122 190
335 169
27 767
570 62
546 245
923 910
839 192
822 463
745 756
970 502
279 634
420 49
939 552
971 515
904 760
102 900
346 902
674 502
901 647
219 760
990 910
74 467
609 826
186 943
384 832
532 914
695 146
233 517
525 179
302 229
630 788
929 335
126 81
754 55
805 43
862 520
351 973
146 363
100 659
87 707
430 641
14 179
727 83
70 542
492 687
926 905
460 878
308 409
290 231
184 933
242 311
16 661
500 740
415 580
485 650
373 490
188 586
877 999
639 281
473 81
55 391
409 151
988 986
740 101
848 231
538 604
20 973
187 755
211 579
308 357
424 190
719 147
983 455
56 816
384 76
87 710
228 33
999 59
365 163
838 69
35 408
531 803
942 184
37 549
729 891
440 152
850 370
572 970
78 700
604 404
663 605
559 108
983 609
890 227
102 473
27 533
623 96
987 778
434 934
241 775
801 164
170 740
687 63
345 258
171 555
77 763
267 952
609 378
860 259
428 884
734 697
135 222
601 983
151 948
739 78
397 733
529 867
637 708
76 862
368 13
368 193
254 629
544 248
156 946
102 179
184 979
51 859
68 912
559 616
129 351
450 887
536 154
890 426
247 619
180 381
772 106
598 33
825 8
333 140
136 10
688 11
111 402
38 998
445 312
406 646
441 427
5 544
901 812
575 465
60 552
972 612
106 428
614 269
199 654
742 156
314 89
615 587
80 372
344 219
382 850
169 869
794 425
579 371
519 7
442 585
759 266
401 600
373 850
33 812
210 44
605 437
992 239
384 516
130 966
300 1
335 483
731 234
746 791
118 616
56 39
773 841
905 179
766 887
278 759
205 364
766 254
4 920
535 543
253 6
668 622
197 538
890 289
869 690
702 872
82 108
783 916
488 850
871 643
771 933
514 119
85 342
335 211
99 968
349 799
968 271
511 400
3 463
388 646
67 603
804 19
849 937
676 527
333 510
150 955
579 161
781 56
104 238
682 154
562 41
744 255
308 926
632 729
595 989
621 863
184 301
506 676
70 920
680 468
214 813
883 350
95 322
479 440
976 918
420 282
256 666
211 698
970 978
211 614
881 962
697 465
600 455
25 293
488 552
769 860
623 24
381 836
797 733
14 135
863 853
526 554
206 307
138 258
253 94
480 725
308 963
735 421
837 907
639 963
505 306
937 822
627 951
208 57
856 786
294 745
662 763
338 235
535 397
761 154
780 254
490 122
854 431
100 695
24 705
182 699
342 711
891 56
396 394
170 7
246 797
406 411
71 136
858 734
705 552
279 171
39 598
102 268
906 28
142 290
792 811
386 528
597 866
400 18
161 110
193 5
643 71
986 714
389 589
793 91
265 271
515 166
779 846
269 655
195 126
483 983
869 259
973 50
473 531
135 140
514 286
527 647
428 352
239 852
973 818
381 671
238 176
841 634
193 258
600 471
343 709
62 969
584 328
530 682
26 787
876 180
580 487
869 463
970 49
429 216
900 38
361 205
263 403
511 707
55 393
786 251
926 779
275 544
101 558
865 714
164 390
865 153
130 741
526 244
39 44
732 108
490 352
195 348
502 311
477 912
89 879
754 943
6 814
96 551
817 49
538 645
150 982
371 679
170 394
670 946
610 684
874 235
474 667
284 214
432 547
201 914
621 107
465 593
306 824
26 224
687 997
909 907
832 27
168 184
426 614
17 759
275 33
466 455
119 983
804 742
538 191
711 655
611 38
961 244
601 294
371 544
604 15
957 401
779 903
270 992
942 521
298 697
878 100
62 370
597 439
725 129
730 249
135 688
78 998
779 549
764 449
793 969
797 569
274 616
771 822
977 909
428 121
770 967
114 508
456 133
271 458
947 834
781 886
177 978
317 542
93 161
483 461
702 925
985 830
901 665
155 659
77 947
320 855
142 124
140 459
246 746
282 534
243 115
345 419
55 293
677 239
218 41
578 529
289 929
386 62
164 203
575 442
48 804
483 355
606 338
563 221
161 277
715 426
827 970
100 368
400 496
248 403
510 484
756 198
551 276
42 586
880 848
882 858
492 101
651 176
259 580
178 690
883 222
634 741
805 99
814 240
747 255
989 827
434 808
700 594
358 172
158 254
277 506
874 263
37 939
944 521
414 747
239 217
569 440
891 580
754 669
152 111
39 62
630 164
905 790
865 905
255 890
134 840
783 204
707 420
265 747
725 483
393 1000
532 698
183 637
289 523
394 92
329 87
204 420
572 232
496 719
874 738
49 324
738 133
214 347
437 309
863 340
581 3
217 712
612 612
633 976
348 894
843 989
106 98
798 346
505 402
788 418
656 766
761 32
181 871
839 485
327 708
911 489
179 654
259 689
168 729
606 648
580 494
88 984
355 598
99 89
573 235
758 61
372 422
845 641
442 490
236 691
336 420
17 303
608 292
581 456
788 142
245 757
179 943
449 457
236 137
616 163
938 157
87 843
246 418
268 628
220 88
800 881
548 360
945 615
32 775
100 491
481 889
995 544
846 810
505 175
979 431
346 908
406 629
971 835
289 571
301 794
488 448
185 655
882 765
826 16
486 354
774 156
300 894
330 138
630 304
563 458
269 2
823 748
236 918
133 515
774 715
117 1
145 934
692 486
67 267
678 174
251 470
947 558
534 910
25 557
335 657
613 559
153 281
16 891
56 157
590 860
545 578
216 86
588 931
968 198
297 315
227 671
893 139
555 741
482 45
505 611
328 678
752 446
983 111
264 313
779 351
945 712
436 52
340 442
150 898
388 823
811 465
161 470
920 388
732 642
105 81
150 107
908 34
499 196
5 650
332 991
799 357
410 481
583 472
94 674
674 59
844 644
146 552
109 991
180 818
558 66
887 419
209 106
157 137
805 792
105 898
653 723
668 417
886 727
184 346
358 790
58 83
260 542
440 948
104 924
19 510
184 297
922 761
612 133
888 943
220 425
814 628
281 18
659 797
982 613
665 528
238 608
290 37
930 802
373 230
787 383
685 935
165 82
569 618
702 743
203 279
551 448
315 222
721 781
326 328
184 342
239 160
53 83
814 259
334 24
603 387
836 109
271 949
785 432
395 92
755 478
308 436
294 363
128 74
577 536
477 404
864 932
188 227
950 778
692 211
910 290
259 198
724 135
788 915
43 264
513 458
155 857
54 688
43 1000
518 275
256 564
150 802
234 686
204 616
249 620
386 988
837 108
429 560
537 16
495 720
60 275
744 805
881 895
604 241
361 939
483 566
146 72
214 415
812 628
575 570
979 17
24 876
226 729
662 650
910 290
327 204
876 747
854 473
71 521
903 716
950 172
536 464
876 459
212 29
919 118
249 443
669 883
771 465
191 244
613 693
307 36
809 91
290 392
614 161
108 539
154 188
302 351
256 472
285 643
12 423
161 188
292 842
367 988
667 285
766 275
510 365
168 846
661 913
168 20
400 394
649 79
352 958
389 436
318 698
114 376
143 528
55 922
967 3
442 135
694 768
431 897
927 439
977 687
320 947
324 693
152 649
930 907
31 512
977 987
638 21
675 544
677 954
903 144
18 7
806 278
522 154
644 63
99 924
52 198
216 306
881 778
276 726
260 481
386 586
529 513
984 130
284 634
377 11
572 389
550 486
874 828
959 893
121 432
131 910
320 207
381 814
467 958
31 485
896 878
378 183
614 303
39 942
244 801
558 893
741 428
237 870
958 402
91 230
367 941
947 496
75 327
87 896
11 30
404 468
9 432
519 744
856 836
46 37
944 724
644 381
491 621
558 671
25 343
862 417
717 458
661 1000
280 293
298 124
235 400
674 717
538 643
221 995
304 385
871 355
492 801
943 841
653 904
729 942
571 472
495 385
533 573
51 911
430 504
73 956
645 528
475 844
34 133
516 976
937 28
551 603
476 410
243 404
217 161
649 39
609 788
493 886
358 861
345 106
469 363
154 517
759 707
61 839
682 900
772 335
31 496
797 73
754 267
884 861
976 648
985 61
234 698
35 863
666 207
562 580
762 159
62 68
929 920
946 122
180 584
967 582
515 936
79 650
921 930
457 112
745 410
251 904
777 167
712 752
980 456
993 121
618 654
111 476
173 850
356 875
716 614
803 628
330 181
828 427
807 314
630 871
528 103
149 501
139 837
252 213
670 521
391 385
473 260
232 94
989 695
807 427
182 783
546 646
225 557
875 582
858 434
231 398
968 219
911 558
605 728
3 355
232 975
933 131
31 72
515 615
750 121
971 46
863 874
1000 334
888 525
218 445
424 618
336 586
179 344
717 642
163 12
86 204
978 207
238 777
785 511
287 407
776 19
73 281
907 564
294 21
187 181
863 446
343 823
864 633
375 919
989 219
442 664
606 58
303 41
188 63
681 449
129 278
600 670
770 949
601 73
101 680
338 443
858 720
965 645
564 845
754 371
687 433
469 119
303 982
368 388
388 242
651 969
333 124
335 683
43 116
649 858
77 628
885 188
299 733
816 100
347 435
122 597
301 12
44 806
90 908
35 349
896 111
218 625
948 117
736 73
82 273
220 229
762 905
216 412
784 765
899 234
620 683
418 708
299 456
772 407
798 560
639 885
498 240
884 794
663 331
425 576
732 234
404 937
618 231
221 218
447 849
800 652
837 45
482 485
343 706
825 691
465 806
371 754
559 443
293 149
544 710
389 316
192 726
871 736
638 619
634 43
684 513
530 136
896 508
123 680
524 484
105 711
893 426
82 848
49 546
520 391
806 828
339 158
503 548
288 889
35 521
565 481
496 370
654 596
822 192
124 197
362 271
427 771
16 784
39 873
852 659
878 46
900 640
651 654
177 19
431 355
383 194
311 415
482 830
895 202
657 111
241 538
496 668
190 753
99 577
656 207
713 188
463 544
137 382
32 291
587 203
834 73
508 904
66 362
998 2
861 557
364 960
388 632
793 176
252 761
760 278
103 372
736 99
337 755
429 657
17 513
882 392
316 413
926 95
507 756
774 197
641 579
260 611
623 445
594 243
329 150
125 283
50 327
311 293
390 100
255 780
564 458
836 236
867 604
212 315
847 440
290 221
53 484
179 448
550 260
12 93
82 697
960 184
937 671
629 346
965 349
279 752
676 455
99 612
745 657
468 374
225 406
885 427
286 617
731 581
370 801
637 68
126 667
2 475
33 744
47 258
669 233
526 467
494 57
731 184
199 612
426 134
119 698
121 370
490 37
916 661
527 712
799 654
159 884
572 956
761 504
406 271
545 9
177 547
485 668
776 813
352 618
75 600
612 826
369 936
570 314
380 144
153 585
26 762
671 690
883 179
723 163
30 81
261 19
456 210
876 845
307 652
320 54
609 411
980 773
118 636
13 546
741 452
114 202
476 286
309 538
153 742
124 985
196 888
391 452
617 837
94 920
763 613
155 754
134 664
269 396
631 904
30 62
642 449
613 792
373 745
980 441
119 941
651 317
674 225
162 359
201 25
980 17
437 455
510 909
582 324
221 817
116 579
352 737
635 217
324 800
450 684
130 423
569 963
674 863
331 705
835 159
638 840
519 259
532 184
669 388
850 49
386 883
852 975
349 998
358 647
316 159
835 428
89 232
701 273
347 652
317 428
68 705
344 175
489 819
176 489
561 671
394 67
955 795
972 87
751 322
901 773
338 508
283 247
253 134
30 288
807 339
916 888
150 430
100 83
10 109
244 681
354 485
417 504
805 206
842 816
339 540
179 675
962 816
966 833
261 420
813 413
478 398
764 957
542 784
852 830
184 731
475 614
414 802
408 563
811 404
336 218
176 960
128 263
227 226
421 981
426 527
996 629
238 400
209 788
126 195
30 146
195 887
742 873
310 845
153 936
586 749
462 886
557 11
319 947
547 195
915 442
575 888
74 348
670 207
680 466
258 411
326 852
200 304
802 625
597 167
296 192
77 389
283 528
368 847
328 265
338 51
322 272
881 381
756 970
729 232
599 887
798 218
663 627
869 788
784 835
904 847
167 416
453 934
208 978
778 375
445 61
420 365
284 752
632 257
241 118
168 891
438 821
96 106
843 309
15 34
101 679
144 955
452 848
645 789
377 144
86 111
50 162
43 669
514 85
339 772
276 998
141 96
593 365
77 957
383 343
305 741
689 750
789 479
744 133
884 75
431 36
514 390
416 820
853 479
370 930
451 170
611 951
372 683
27 917
696 94
90 175
287 113
91 751
124 304
195 218
939 551
697 997
217 861
108 73
226 250
390 301
623 392
750 586
667 308
742 785
341 439
859 370
192 178
419 257
256 907
208 358
107 83
916 534
126 961
973 503
578 104
988 924
353 860
969 123
743 416
724 389
991 660
110 723
830 935
569 914
463 770
594 596
108 519
527 150
494 922
796 854
907 810
35 313
978 167
375 901
981 223
340 286
70 196
427 460
233 113
105 669
625 408
322 80
796 904
101 807
658 716
815 385
254 124
341 348
553 912
532 787
608 95
590 920
683 937
77 996
756 604
729 192
308 658
53 645
757 307
623 212
329 721
835 669
432 743
263 725
237 505
469 639
115 137
885 300
108 130
173 308
904 570
912 483
219 813
31 254
551 711
572 545
4 754
510 39
28 296
547 522
669 190
480 877
284 493
459 162
982 775
646 602
611 467
84 440
335 277
155 450
572 921
540 878
17 182
398 451
81 348
528 910
802 495
869 889
544 110
111 431
352 59
347 427
311 807
87 300
913 487
35 337
161 881
443 689
707 901
770 593
642 157
58 624
20 695
430 593
865 774
83 561
210 118
454 125
769 352
654 503
147 786
99 818
860 379
677 217
238 337
692 794
678 506
961 241
99 693
721 658
348 901
450 340
488 378
940 746
164 930
646 308
355 426
167 211
953 47
947 537
866 328
37 148
564 165
260 95
415 305
587 892
176 99
378 91
892 979
138 122
359 292
155 384
456 724
231 65
122 429
401 60
983 911
80 242
419 280
562 885
825 801
375 631
803 8
886 671
445 67
26 223
855 939
295 837
505 164
572 890
842 778
175 683
64 868
616 896
674 61
411 957
987 750
235 279
634 548
506 676
404 992
284 269
151 452
460 800
648 900
407 841
513 875
462 95
792 486
850 339
514 934
123 792
959 445
474 987
487 158
76 286
237 426
884 656
342 722
128 602
402 944
708 867
216 491
280 819
654 367
103 956
350 921
125 975
529 495
881 897
661 909
260 182
417 64
172 549
167 410
212 441
855 150
134 658
380 884
358 201
324 803
972 357
809 874
583 345
819 762
533 474
823 746
364 678
195 839
201 65
140 999
138 408
493 592
200 649
864 962
259 939
647 482
914 763
693 636
394 189
541 850
189 875
568 57
207 199
275 471
20 517
468 594
882 482
358 73
1 722
176 509
592 195
547 563
888 847
837 157
64 772
812 351
21 428
84 305
230 863
367 503
6 487
68 542
706 316
817 864
452 273
597 434
159 377
364 127
421 925
964 884
807 856
906 864
472 570
60 740
739 215
70 93
675 140
537 49
206 369
295 967
324 786
552 632
324 709
390 119
984 24
166 963
187 123
166 411
768 901
595 725
308 878
153 107
822 251
147 670
24 851
109 489
931 479
907 727
731 727
392 945
384 629
147 267
196 866
555 700
188 50
102 401
208 709
406 950
276 211
511 362
188 29
22 77
173 709
235 741
67 225
780 373
694 280
521 23
207 224
871 517
159 421
557 996
451 917
154 290
96 752
126 994
970 392
180 719
542 800
676 332
640 916
831 453
392 826
870 834
342 974
22 905
682 926
740 335
434 964
292 740
714 418
111 119
175 436
502 364
923 334
758 454
361 802
876 914
270 959
400 452
725 384
414 550
971 759
149 150
686 147
133 14
239 910
831 270
604 865
986 383
659 89
134 599
40 991
560 501
109 724
248 507
169 608
275 857
263 294
357 506
423 846
497 512
708 541
381 874
699 109
398 484
86 410
766 5
257 955
921 496
356 630
326 933
911 13
691 810
325 622
902 678
477 595
982 273
132 75
980 371
579 349
52 355
736 587
751 178
645 568
332 528
932 711
872 561
862 495
811 233
239 19
151 141
832 673
430 519
364 173
233 566
786 63
300 26
627 129
937 321
347 815
199 912
677 494
588 1
660 917
164 438
765 566
151 205
565 618
300 133
582 552
695 992
275 489
763 80
577 960
71 723
77 693
500 180
348 341
20 32
811 886
941 596
649 956
463 131
808 775
481 575
748 291
833 200
34 181
734 705
974 352
339 310
326 987
961 583
414 606
547 166
783 68
897 888
919 414
989 952
10 637
980 772
661 536
180 226
950 117
886 220
340 187
251 706
512 683
154 502
662 564
496 114
518 995
841 110
842 884
359 160
44 127
430 237
273 43
561 337
271 495
171 805
835 409
681 301
804 630
889 727
790 3
893 62
399 772
891 208
33 146
453 432
82 524
496 192
365 108
702 243
879 787
334 751
536 644
140 954
234 279
551 845
955 730
663 967
448 383
454 445
399 1
325 93
643 777
415 466
491 334
266 116
377 170
511 109
616 59
197 709
218 753
513 910
26 573
172 683
474 591
56 226
271 15
973 552
615 931
613 298
335 648
999 180
355 407
787 708
488 255
639 735
566 427
438 416
434 915
957 831
977 789
290 560
96 785
312 852
219 320
937 291
503 723
685 153
282 664
119 380
331 255
36 326
439 893
122 698
286 918
702 481
248 719
708 779
501 591
152 873
654 324
621 47
355 162
291 426
697 436
819 850
47 940
850 495
477 758
492 887
202 823
475 160
913 906
552 309
865 55
80 129
576 706
106 865
917 940
517 785
212 688
785 135
995 487
282 758
934 502
668 67
470 509
153 701
215 717
891 721
349 35
518 277
524 801
192 130
92 762
582 499
59 53
99 958
125 80
959 131
53 476
512 921
915 90
212 162
904 320
999 165
651 689
411 979
168 66
609 42
625 929
875 448
618 878
311 448
545 588
248 481
311 194
219 469
620 969
931 294
635 784
272 202
763 566
527 960
972 869
32 221
536 884
413 569
881 806
563 29
196 235
255 417
742 163
251 209
843 451
723 673
209 524
277 337
246 26
316 88
107 971
403 684
49 926
475 65
610 37
897 579
543 608
789 743
593 32
312 123
175 305
527 968
969 428
663 706
144 480
657 174
926 661
821 81
314 245
912 844
965 707
67 1000
885 826
974 125
955 575
848 896
999 807
696 509
890 988
658 692
89 247
909 328
987 913
613 20
24 243
834 467
271 887
456 29
494 792
868 994
537 253
992 59
143 16
89 962
32 700
664 848
496 776
509 174
603 887
394 587
336 345
993 982
706 192
419 952
94 940
986 395
784 115
936 302
292 846
551 937
502 386
311 759
201 457
92 60
536 244
925 403
868 146
790 315
274 482
656 311
841 473
839 450
858 608
618 93
568 429
838 685
93 805
189 167
154 419
265 954
206 156
211 917
843 51
900 227
72 295
393 863
460 291
31 699
829 601
810 673
262 647
743 816
731 465
866 426
313 903
96 53
730 967
213 562
975 570
643 658
524 298
607 448
448 500
502 234
733 162
605 151
559 983
335 995
91 198
286 981
368 48
649 251
589 512
58 897
836 542
455 949
431 595
1 161
401 366
712 457
161 221
286 172
694 97
504 321
713 228
646 488
1000 704
50 837
384 987
697 84
811 363
710 791
645 919
473 531
169 751
951 778
719 404
108 388
778 843
662 308
640 443
336 43
494 218
488 86
583 2
246 610
884 98
989 724
750 88
393 666
399 681
574 60
981 840
121 67
270 114
673 53
336 744
575 841
254 372
238 557
752 429
961 777
31 603
640 917
413 813
356 177
946 264
142 703
698 177
514 987
509 447
604 781
820 512
767 137
939 636
308 343
406 34
128 21
918 919
1000 200
893 864
574 580
769 658
347 921
929 93
514 130
261 268
400 727
276 940
701 397
351 71
503 300
163 387
28 425
798 412
952 955
30 304
7 27
809 900
795 144
662 562
412 902
211 817
97 993
257 291
424 150
110 405
341 310
275 214
20 131
248 762
524 136
929 49
763 158
405 192
633 118
823 503
371 833
510 293
568 378
26 819
177 146
784 994
328 123
220 463
862 945
401 992
400 889
522 171
262 408
163 568
503 221
157 87
477 274
657 747
27 692
141 116
181 571
885 310
750 316
146 837
98 864
283 258
879 406
109 311
966 34
206 218
492 932
759 262
468 642
950 700
320 773
965 141
374 696
902 255
33 762
823 441
328 531
121 629
153 79
407 743
965 509
145 795
636 335
395 363
112 472
361 768
604 139
323 162
103 789
904 534
941 461
736 964
364 917
96 809
646 457
480 788
734 338
198 765
812 93
298 335
978 957
73 779
802 610
673 245
1000 769
218 772
113 900
711 446
618 384
994 278
353 389
287 662
500 834
357 480
854 836
396 793
694 982
766 386
138 991
373 380
80 54
631 439
692 242
198 823
753 661
630 980
568 801
143 656
140 828
991 449
304 239
228 112
357 224
826 247
595 236
377 118
334 792
259 179
45 53
464 134
938 535
861 256
937 111
617 115
259 834
465 386
401 106
338 382
506 228
98 371
360 813
355 171
146 57
744 19
522 341
512 99
839 581
26 311
23 34
565 207
108 851
769 683
181 14
448 661
505 416
230 676
705 753
316 220
218 645
170 430
897 461
290 272
566 714
883 190
139 978
679 695
305 676
506 493
642 574
574 561
150 56
809 476
874 729
632 222
59 23
864 433
924 27
850 176
129 315
398 642
689 149
309 340
685 462
104 943
636 986
660 576
210 315
549 499
14 743
127 790
692 6
770 844
558 693
891 922
399 106
292 413
729 957
179 408
174 216
727 905
464 504
359 632
377 332
553 995
786 685
947 286
32 745
414 885
235 503
356 113
561 303
372 97
109 258
123 139
133 242
225 448
612 698
447 610
76 821
372 905
664 722
79 218
661 531
201 65
915 206
970 812
932 145
308 542
710 435
306 395
603 481
610 489
430 755
141 896
218 735
855 209
588 712
924 587
489 870
905 762
330 741
893 835
241 919
919 208
679 253
830 245
281 244
771 798
94 146
7 290
66 72
322 789
54 355
35 364
336 795
397 108
800 293
425 130
318 698
146 379
103 118
52 103
262 197
730 743
512 146
248 100
753 113
246 643
48 453
38 839
286 693
711 967
772 553
393 593
588 438
23 603
46 203
713 616
206 673
771 125
195 341
893 240
216 111
132 742
179 875
653 263
791 274
753 757
911 156
145 576
148 410
149 753
784 661
989 442
17 756
576 866
693 589
460 501
186 413
423 385
102 182
802 437
670 165
259 204
237 508
938 907
143 157
910 390
845 595
212 501
504 406
211 693
591 877
851 744
286 463
857 65
749 329
430 601
671 141
260 535
674 738
417 985
482 321
235 709
844 416
814 211
625 367
623 307
654 160
653 252
171 425
450 609
267 476
121 573
523 282
246 597
913 540
284 26
171 132
465 360
378 293
175 493
292 331
337 532
785 893
28 105
428 970
820 995
859 277
222 191
708 582
204 199
239 829
133 50
987 283
646 573
365 343
907 868
799 74
244 365
598 195
882 215
456 33
896 604
707 603
763 491
943 204
135 261
877 415
614 956
988 297
352 158
458 692
381 688
917 528
121 66
975 647
603 562
187 239
577 859
552 874
580 584
614 428
223 626
536 357
323 988
798 729
334 635
250 410
111 520
468 117
637 28
290 511
548 692
135 364
151 667
293 954
240 880
817 689
376 113
465 10
215 278
450 593
241 137
958 340
895 316
904 531
843 997
948 573
206 9
374 775
335 279
396 241
589 781
52 996
242 878
790 268
785 645
603 410
322 393
673 356
423 869
418 623
307 758
644 310
807 552
466 587
571 999
496 674
657 681
89 39
359 579
14 278
811 241
448 984
911 561
267 583
743 31
983 897
202 428
593 133
437 198
185 528
191 752
775 584
493 106
420 561
37 580
284 111
138 849
870 243
182 526
515 35
513 794
316 160
646 919
556 875
549 95
616 566
54 650
392 838
216 773
226 794
226 853
380 742
816 973
807 73
694 946
602 711
610 633
326 17
39 448
521 271
244 74
940 991
295 614
376 803
743 347
215 233
606 517
281 452
524 590
110 205
271 667
162 224
929 50
666 746
216 964
258 350
713 247
600 982
661 105
581 549
726 275
266 216
61 174
483 994
986 819
456 363
668 604
64 966
178 692
315 707
29 635
250 168
692 224
356 629
999 943
376 604
29 830
150 209
89 730
578 413
705 104
995 653
176 573
975 564
259 473
552 325
955 336
447 513
697 762
469 45
853 551
97 880
228 873
862 952
362 78
835 835
456 379
678 799
625 922
25 522
500 958
742 221
366 507
653 9
758 869
278 478
129 396
73 225
237 465
928 620
165 260
25 299
948 513
500 485
254 879
382 355
441 487
293 194
459 156
184 635
158 626
71 214
286 799
762 738
795 909
575 278
410 121
517 171
113 985
634 33
80 79
930 473
245 121
851 227
487 642
690 398
344 616
200 124
105 332
287 468
459 39
597 650
542 888
817 880
161 973
87 397
776 792
874 467
405 808
43 960
311 703
590 306
745 59
363 666
139 234
626 865
925 393
704 721
154 793
701 246
526 331
566 256
359 15
10 111
592 526
139 742
303 950
46 712
194 46
880 605
835 323
426 697
982 945
592 147
645 955
902 927
588 507
68 326
197 250
912 843
58 133
462 730
505 26
297 149
625 155
109 604
559 635
719 899
159 916
564 849
738 346
70 951
84 892
746 302
464 210
329 49
512 404
127 102
496 184
549 488
471 819
768 868
743 370
64 944
476 465
625 306
869 413
454 122
849 603
965 103
765 412
474 425
964 581
491 780
873 981
929 270
441 210
453 83
620 742
277 726
824 154
840 911
321 424
305 440
134 288
886 283
519 832
794 593
201 754
841 926
470 957
331 206
669 732
198 962
815 916
651 711
240 405
25 721
638 649
164 405
562 323
811 805
555 402
634 728
585 663
365 234
126 644
472 714
234 934
898 869
999 205
929 578
817 27
753 539
58 765
322 144
941 923
815 143
557 541
12 457
918 353
490 249
787 869
307 896
796 439
665 596
575 432
306 161
445 859
357 639
991 4
529 676
516 694
615 895
112 756
723 293
70 930
998 60
957 125
652 535
70 813
965 872
742 59
947 78
153 219
965 226
611 809
69 223
901 255
762 991
656 438
998 60
827 751
965 499
231 457
328 784
182 597
994 658
742 550
975 796
114 617
644 335
759 209
994 777
910 434
17 269
179 315
561 659
688 557
710 319
781 796
491 998
240 298
815 615
748 43
856 625
988 865
585 467
254 649
266 899
522 805
986 760
662 492
391 964
738 732
356 482
481 618
152 817
248 755
87 118
449 752
586 207
616 933
648 162
193 901
633 741
893 499
938 813
729 528
452 636
105 284
236 821
684 105
119 55
885 512
760 142
88 342
207 383
676 309
995 402
214 556
17 325
645 970
1000 514
853 452
671 934
659 325
706 111
371 776
711 965
176 625
857 957
542 133
231 58
98 80
252 840
421 748
789 277
868 107
214 667
874 835
200 826
857 690
619 224
618 984
937 482
634 822
148 642
255 918
524 844
863 809
325 190
304 222
53 219
252 860
697 970
354 959
364 757
427 880
791 732
192 198
77 953
373 272
879 799
643 122
765 687
285 254
757 618
539 683
962 448
735 32
110 891
639 442
97 810
908 804
914 780
422 86
252 597
598 861
785 845
393 770
572 296
526 133
602 654
997 958
334 612
453 974
829 823
199 864
249 335
214 539
634 394
280 843
710 936
365 231
734 690
19 314
268 985
580 512
267 83
782 822
174 692
174 166
763 21
666 88
658 352
502 883
57 832
663 516
569 922
546 460
165 453
214 583
735 74
220 486
829 735
450 846
166 746
710 597
774 635
663 739
4 791
123 730
183 218
889 575
276 794
993 347
826 749
865 506
235 360
597 517
367 280
572 385
631 297
490 767
71 429
933 865
267 521
632 160
922 327
45 302
761 174
416 481
418 126
311 729
561 590
682 874
197 835
270 106
772 45
591 367
143 183
420 991
517 764
212 69
808 363
216 372
184 485
425 126
81 544
873 737
935 322
324 590
300 298
601 199
337 418
774 97
327 196
567 605
543 38
138 59
409 934
326 558
15 387
390 925
462 105
62 353
108 773
840 935
196 823
939 959
13 968
551 125
449 77
227 359
100 952
713 48
316 319
212 813
358 155
413 387
346 375
501 185
984 535
920 541
411 283
578 248
19 110
923 321
33 888
695 204
298 704
496 875
569 319
353 737
855 772
967 255
596 577
616 870
102 242
877 568
723 337
984 830
249 118
3 526
158 140
726 191
245 919
44 895
985 799
127 615
128 621
827 962
245 740
349 394
284 272
67 581
412 326
964 465
847 73
597 769
55 879
499 822
99 110
694 506
641 224
992 190
717 607
335 193
29 408
815 983
666 11
518 388
447 198
678 702
252 780
46 620
229 241
708 753
94 90
74 356
410 5
22 146
519 19
839 274
707 312
214 430
655 303
333 144
711 452
972 682
116 998
931 158
206 674
811 837
489 266
495 665
456 589
354 48
551 325
515 426
716 859
477 448
191 605
727 947
721 461
187 859
558 406
963 916
175 547
745 770
117 303
119 118
929 647
834 58
351 35
99 709
722 209
365 844
428 684
199 751
104 9
379 981
610 549
32 773
566 356
482 419
157 597
109 116
589 348
349 792
3 79
131 507
790 143
745 680
823 621
913 533
263 886
835 468
954 534
42 29
749 4
170 968
292 1
152 811
949 513
815 782
648 975
945 297
440 910
605 680
132 762
783 414
633 509
633 936
880 434
657 140
571 641
22 767
843 816
618 823
873 93
98 864
513 88
31 478
850 730
209 431
366 966
133 670
800 390
756 375
557 616
762 365
689 788
947 688
161 866
249 348
372 683
295 857
779 70
140 92
246 866
26 692
91 575
696 297
921 988
155 238
368 560
693 543
580 675
2 169
989 225
355 68
53 417
532 580
538 326
779 655
736 875
55 985
409 993
599 500
702 15
5 435
418 431
67 748
831 654
705 460
67 558
51 922
110 732
887 200
323 94
137 122
822 65
596 904
163 482
354 692
280 825
53 601
258 32
560 149
495 642
932 938
213 328
136 198
482 265
885 501
182 460
777 791
716 123
839 106
442 118
724 160
388 168
982 21
543 46
628 129
50 586
785 623
344 189
28 371
764 576
309 673
968 578
20 449
490 610
346 21
777 648
304 39
911 36
433 334
772 609
666 902
844 608
415 15
161 930
981 65
171 140
511 313
590 742
586 534
523 641
323 871
14 652
889 109
471 155
460 460
926 700
811 308
726 426
382 954
701 590
582 830
351 403
214 567
558 234
162 622
804 969
752 583
934 633
960 358
593 999
332 902
466 503
331 961
92 402
88 789
361 188
63 761
612 918
149 970
632 75
517 399
504 480
540 612
415 261
329 848
15 415
925 208
763 999
757 603
230 297
683 732
731 951
94 430
148 20
427 89
114 756
133 612
676 624
72 372
96 884
904 173
943 97
863 788
982 283
265 31
186 935
937 476
647 68
171 705
633 3
989 707
516 264
924 449
824 291
376 228
476 23
13 841
377 760
98 309
205 579
569 719
840 735
775 665
830 981
372 812
395 277
947 731
249 362
226 840
520 851
463 106
902 551
490 690
56 335
616 666
318 951
127 654
503 78
185 837
735 65
968 845
408 972
941 38
328 383
144 587
796 237
53 460
638 953
778 488
788 192
306 981
893 44
329 720
883 240
256 890
217 580
730 620
586 798
753 491
594 428
68 51
628 14
351 799
973 735
377 795
368 450
248 983
984 149
695 761
812 113
852 956
90 413
916 785
110 372
213 687
110 77
135 107
757 892
78 159
758 112
691 89
348 57
470 273
186 386
163 591
842 601
677 477
80 494
731 801
831 596
965 713
452 124
933 223
792 8
498 78
327 293
13 993
920 45
82 33
601 5
674 66
280 96
204 896
206 927
72 841
252 649
632 907
714 696
677 306
895 678
845 650
588 210
351 488
708 132
225 808
185 743
207 89
675 940
474 358
857 652
483 247
614 88
433 59
586 689
722 380
623 239
534 971
210 756
427 676
701 122
722 469
514 879
630 30
903 507
314 387
896 438
196 39
300 364
633 59
378 394
286 726
276 944
352 539
873 399
787 572
16 369
1 371
609 799
294 465
742 825
867 738
831 287
84 527
832 719
990 217
407 724
656 33
717 183
194 284
634 375
131 546
81 836
206 585
982 25
156 456
160 526
405 633
283 757
816 84
692 838
183 391
896 467
334 992
904 552
338 181
450 556
259 248
734 363
921 337
43 597
279 495
453 141
678 146
667 26
459 670
487 929
353 342
435 309
351 490
29 711
254 903
378 160
323 628
410 626
441 802
567 531
57 994
451 473
782 426
176 226
601 710
745 120
871 148
726 604
794 160
947 144
712 977
912 555
482 323
248 354
712 492
934 346
681 607
715 764
918 347
152 667
963 481
345 745
370 891
27 261
846 446
685 969
44 828
396 897
491 957
441 552
802 247
79 871
427 487
337 635
884 823
848 913
399 934
396 824
503 24
674 316
552 977
157 203
49 547
151 742
578 24
413 608
780 546
159 354
54 524
604 981
469 291
126 553
173 99
255 199
768 358
336 366
390 981
595 191
448 78
109 226
506 27
687 18
800 647
785 847
225 820
50 701
371 972
540 527
178 687
181 764
472 123
514 308
815 283
617 814
206 384
664 637
609 691
471 220
742 983
729 357
917 640
339 421
576 837
779 573
434 351
689 723
417 348
651 519
366 775
250 924
864 429
935 63
545 736
192 358
134 130
966 162
985 381
820 723
145 710
751 592
633 118
817 893
368 118
157 742
109 671
4 744
808 564
684 192
154 107
350 99
739 997
390 353
733 832
181 689
717 66
609 229
632 658
890 771
601 833
949 800
159 731
785 135
271 790
650 938
549 330
563 394
547 517
570 918
327 558
36 995
442 344
541 193
886 358
657 44
638 189
467 770
71 215
590 455
828 14
380 836
850 338
214 560
512 841
236 672
57 631
36 909
932 864
731 493
36 174
642 245
903 527
269 26
787 692
612 920
254 962
512 330
209 453
500 385
83 759
693 296
418 390
993 292
756 904
754 534
6 194
752 160
766 32
563 841
449 99
970 324
983 564
607 691
384 144
55 66
308 172
171 614
294 99
80 337
297 359
370 550
673 192
836 584
150 368
997 1
445 680
181 838
811 834
59 824
669 22
503 809
231 205
513 397
49 711
938 845
875 967
651 672
987 21
502 938
476 883
122 989
296 81
976 712
742 277
557 445
188 817
838 182
451 222
944 977
899 241
624 355
147 263
571 972
809 916
270 841
219 404
571 508
961 305
482 691
294 840
187 894
901 610
931 984
832 290
554 723
599 364
426 949
107 533
699 334
659 978
920 842
176 144
821 332
513 172
604 641
267 172
529 696
586 607
197 223
790 814
725 371
653 729
639 650
526 137
350 416
214 384
592 357
569 584
655 820
639 324
305 78
645 177
683 797
821 299
392 394
656 147
834 762
160 988
789 415
785 159
598 469
700 8
211 696
797 467
477 2
52 364
421 235
187 246
210 210
448 574
556 349
266 959
204 839
186 918
488 764
439 561
855 316
269 994
845 116
369 989
129 73
730 403
64 165
75 203
609 295
844 164
320 162
95 547
451 525
31 938
5 547
191 656
314 580
443 3
315 55
735 163
462 6
161 773
402 801
525 701
172 63
307 159
335 872
326 411
384 546
782 344
156 197
841 675
715 297
213 307
389 274
87 981
998 396
287 425
816 672
216 402
623 315
376 500
797 327
3 572
237 749
950 590
944 313
446 931
13 113
343 12
842 546
327 451
172 699
442 123
979 773
275 383
35 959
986 192
296 1000
352 146
900 964
924 170
53 878
813 11
318 100
746 486
61 517
726 364
610 598
964 646
9 836
107 823
846 956
680 109
926 681
436 458
236 568
769 977
520 600
376 805
640 942
938 789
260 813
96 886
137 859
89 106
568 798
303 251
393 166
928 604
149 155
353 203
22 603
403 619
398 194
300 566
190 605
691 891
38 538
795 777
900 824
20 399
461 249
412 202
45 510
500 765
190 758
956 685
586 975
559 575
836 988
127 634
267 925
540 399
435 246
456 498
977 269
515 454
288 35
735 777
669 973
552 653
697 304
668 262
839 537
506 569
375 891
589 30
389 317
87 478
19 265
574 75
746 969
636 804
947 200
890 921
657 870
882 373
348 279
21 869
75 725
21 963
495 168
306 464
177 954
687 424
454 287
786 346
485 540
925 466
563 299
100 765
930 288
831 343
736 316
13 185
819 238
188 627
185 202
395 864
496 651
815 865
921 196
445 476
503 652
747 167
331 821
634 903
245 143
360 832
206 92
570 858
790 680
663 505
99 475
240 893
705 359
587 695
117 29
766 762
96 465
809 510
460 194
86 224
295 300
429 112
616 171
134 33
733 304
455 165
329 749
866 777
2 726
652 424
58 634
809 929
761 31
119 599
142 386
229 15
450 253
147 64
238 499
661 94
350 682
263 688
318 616
324 563
365 539
504 10
838 734
37 921
36 808
126 140
412 848
784 530
547 948
608 263
489 520
267 269
307 988
87 740
63 754
441 213
597 436
669 306
254 281
921 486
611 313
96 792
787 36
112 564
347 558
820 324
560 552
90 919
19 993
643 772
945 695
976 850
129 495
803 970
535 762
319 82
362 553
460 927
124 686
275 414
843 385
458 184
275 502
112 366
978 346
243 991
606 242
92 804
865 617
295 775
362 573
247 888
300 838
634 95
814 931
156 172
743 537
946 938
445 413
609 610
693 256
832 56
263 317
990 726
435 625
313 345
283 346
29 198
865 997
561 23
379 737
675 318
999 761
637 271
720 275
997 360
36 253
56 900
638 192
617 674
321 812
355 43
633 321
234 582
698 705
138 678
293 585
723 105
265 39
294 870
650 734
625 743
915 425
181 335
93 548
59 422
855 805
10 355
218 990
980 662
859 417
607 212
158 124
954 664
722 480
414 919
946 186
512 7
634 12
519 57
818 320
645 110
699 716
462 971
322 263
442 878
430 887
463 574
184 732
357 528
893 208
956 894
3 805
184 212
494 638
601 439
811 461
815 75
118 721
305 521
945 852
671 99
309 635
380 371
999 911
496 923
894 922
198 480
224 798
424 763
452 407
67 482
668 195
946 217
773 842
710 6
134 347
195 843
137 778
507 216
191 378
947 213
216 237
756 543
772 690
898 662
853 840
855 576
839 213
941 19
646 589
215 183
523 497
314 868
437 390
304 986
754 908
883 653
912 391
637 655
605 460
270 931
857 2
866 425
475 225
204 681
449 433
653 436
157 323
900 600
7 800
841 422
28 796
516 512
367 803
901 900
724 222
859 886
682 723
782 833
504 603
94 196
88 875
742 166
8 689
638 300
208 571
882 977
258 340
731 502
323 151
250 196
903 849
665 586
538 320
433 760
935 811
176 600
577 306
951 532
640 991
98 511
296 867
825 437
359 620
688 937
202 75
386 468
941 757
159 988
749 446
840 953
190 433
646 21
664 827
210 967
473 510
183 1000
792 949
444 192
457 83
556 422
27 127
571 919
539 571
265 233
697 509
396 257
366 222
360 806
114 722
474 425
515 604
656 668
406 187
339 392
122 636
770 458
874 475
897 824
93 618
903 249
364 632
71 682
958 634
259 152
759 15
68 127
310 641
241 802
123 80
123 857
30 199
896 942
55 119
408 584
840 59
776 747
778 876
856 172
173 102
578 185
3 736
13 558
133 879
652 9
288 12
196 62
467 54
757 861
525 627
160 527
2 164
962 899
719 670
172 421
299 305
821 719
631 736
537 160
690 212
454 693
192 57
898 890
992 100
292 614
411 974
294 135
460 230
162 483
224 717
328 796
2 515
812 395
936 834
992 400
242 578
460 828
544 632
893 687
80 329
759 943
534 169
486 802
351 954
448 213
772 696
561 436
69 622
243 336
211 620
242 286
992 255
272 10
621 540
947 931
671 915
952 8
651 144
400 679
37 680
625 450
383 924
180 680
387 709
341 277
577 141
354 245
37 241
556 758
687 393
358 720
797 470
59 899
276 651
523 57
793 12
544 137
383 955
376 362
894 346
241 100
972 836
195 863
989 636
427 637
883 23
265 322
985 358
889 884
530 66
837 731
863 423
44 836
647 993
982 212
233 944
941 198
46 232
436 7
235 795
872 543
92 295
990 973
852 888
881 313
926 249
21 865
276 402
666 985
314 646
136 573
876 433
376 567
856 668
121 946
601 962
97 994
853 270
207 317
182 430
881 697
720 137
490 902
175 253
270 254
10 483
584 259
929 724
5 457
506 721
495 912
462 462
688 803
522 966
271 573
215 32
379 289
650 977
948 363
192 290
550 454
468 968
843 535
261 456
759 253
373 258
189 954
267 446
116 37
317 111
162 810
461 343
580 223
279 602
115 740
228 574
771 983
99 723
88 736
934 583
168 616
199 410
728 246
112 522
970 496
707 416
146 614
530 344
24 349
444 808
217 82
850 361
871 793
648 553
1000 910
975 468
936 414
301 93
449 267
969 844
36 650
606 424
346 163
985 704
833 992
696 252
628 515
859 248
410 976
890 125
303 638
395 100
913 589
124 666
45 966
253 854
681 877
270 507
904 529
767 403
17 270
635 309
287 979
3 975
833 897
813 990
568 778
667 916
94 473
495 630
587 851
812 198
395 382
556 712
601 332
729 232
105 273
832 746
288 432
277 48
552 4
748 618
196 720
262 338
559 645
428 602
521 862
517 619
749 722
69 256
167 929
699 164
267 892
384 148
508 883
457 657
138 273
956 794
765 582
36 597
714 15
395 445
944 257
621 392
30 798
671 812
424 284
127 623
563 413
427 505
78 537
45 886
437 436
950 995
160 184
540 926
342 318
928 322
846 598
74 105
381 513
131 607
667 47
71 24
626 756
260 821
275 726
263 551
158 671
73 529
594 727
339 778
83 492
941 800
619 612
962 862
217 125
422 271
668 713
757 579
967 965
785 499
640 1000
33 32
202 927
172 907
527 55
482 752
33 293
336 73
100 808
577 998
871 523
751 941
296 771
895 583
185 685
514 975
95 652
455 845
672 830
467 758
178 748
289 243
340 435
907 537
703 531
943 716
191 569
585 689
532 801
146 419
735 685
305 924
17 38
795 956
212 861
765 115
521 209
610 567
891 173
823 978
515 286
693 293
659 263
124 719
953 396
104 207
437 769
402 938
49 786
659 9
528 496
253 183
602 717
476 654
877 692
976 543
13 469
120 166
301 123
558 326
809 311
718 463
313 531
850 307
811 118
797 557
788 706
857 125
877 859
964 776
685 726
344 453
610 853
820 795
308 908
674 686
61 679
431 541
51 254
332 437
582 730
748 770
957 118
275 405
508 148
630 559
274 435
826 73
256 885
226 490
909 133
554 918
686 612
167 122
757 992
538 445
951 237
115 951
283 505
668 891
753 929
144 148
361 834
581 857
924 112
935 125
618 181
886 316
860 939
296 97
995 578
929 515
183 1
876 506
318 669
266 68
157 204
579 915
118 609
288 549
926 900
492 341
306 334
550 628
436 834
149 540
804 467
1000 149
657 209
890 316
940 155
847 625
487 855
93 703
764 145
197 734
440 334
708 813
315 454
428 680
641 210
935 350
82 906
386 202
134 134
811 162
500 548
802 216
579 730
329 748
78 849
959 270
227 999
55 141
26 664
502 606
932 502
763 44
208 834
18 537
347 463
314 723
667 133
139 599
888 74
962 590
645 75
410 287
325 543
648 323
674 958
256 366
831 968
657 603
303 519
927 192
8 520
731 833
310 665
603 441
986 585
559 75
611 228
133 929
265 579
899 567
187 889
140 410
210 41
429 702
897 275
630 848
159 337
441 49
607 722
380 258
292 185
802 555
919 35
902 318
693 586
76 122
24 533
434 635
13 327
272 728
170 785
707 418
44 587
789 847
33 131
595 573
158 393
777 727
713 894
882 900
220 898
112 907
574 772
178 402
199 738
581 274
401 177
589 55
474 389
814 216
504 253
351 917
744 961
924 193
999 382
8 432
872 422
706 688
309 134
684 745
741 797
333 213
121 232
626 562
849 814
752 359
177 850
938 981
628 691
480 772
10 374
26 249
855 146
386 647
876 346
415 435
471 629
415 62
902 561
449 93
31 361
97 449
908 940
845 967
695 920
146 772
640 694
702 815
734 951
245 399
37 529
929 419
357 528
979 48
638 358
990 373
339 992
869 205
763 165
296 134
84 535
127 363
548 544
883 289
376 736
789 695
689 769
833 262
691 527
267 361
697 220
260 850
361 87
104 490
862 942
975 476
977 98
64 478
769 900
274 307
995 282
836 251
356 54
953 787
314 971
174 230
167 332
126 924
444 105
506 480
841 312
362 421
984 318
621 276
21 58
529 94
355 62
705 872
102 138
214 607
275 748
915 367
691 37
491 480
31 473
413 605
952 925
136 788
990 550
332 395
159 692
199 930
908 182
534 858
894 313
385 969
56 780
492 53
332 31
953 915
74 290
640 135
690 664
533 681
425 888
232 186
414 541
207 686
516 559
111 24
155 288
20 581
690 863
347 49
882 639
883 780
963 967
998 47
285 756
747 7
185 84
686 959
17 588
725 167
172 373
980 431
377 786
459 405
250 452
568 107
709 542
258 972
591 187
201 109
407 205
500 521
186 496
827 425
534 634
444 627
596 716
160 866
923 276
29 831
886 265
710 988
740 608
517 445
893 521
465 512
940 574
399 941
50 484
741 274
548 243
725 238
622 361
29 242
93 511
634 173
407 866
908 997
304 751
866 792
853 680
410 192
547 242
124 42
409 465
594 857
166 899
784 24
411 426
431 144
554 990
965 912
465 706
502 714
822 203
583 255
969 180
432 693
19 229
672 74
573 468
288 160
787 560
783 313
370 590
997 488
291 231
307 189
745 541
659 98
207 77
549 362
321 450
824 570
676 84
175 938
660 556
611 555
584 442
246 531
556 332
704 324
313 224
102 121
381 490
356 962
455 306
322 70
133 322
356 299
578 244
470 363
969 919
221 345
716 664
828 683
319 827
1 175
748 459
548 843
551 962
78 569
279 159
588 222
366 880
945 487
350 934
403 790
772 835
290 63
716 321
693 131
125 970
156 354
608 534
985 230
987 285
773 243
483 415
123 311
200 304
25 494
735 91
560 13
714 751
741 190
915 285
495 804
290 525
569 609
644 990
284 390
454 657
218 192
555 124
96 521
873 111
539 367
537 136
547 699
318 716
352 475
452 924
14 454
452 936
987 719
346 351
982 687
43 304
475 338
372 760
407 779
949 907
767 480
147 820
501 458
856 810
835 151
354 231
241 901
870 657
483 996
995 932
919 706
546 801
261 19
618 31
630 235
304 718
378 606
744 592
97 756
702 407
153 671
309 168
397 337
309 301
761 161
107 213
66 92
662 309
971 582
960 368
158 338
513 651
168 628
692 901
678 691
961 116
152 127
414 970
265 795
732 157
944 997
267 151
903 441
355 443
883 472
146 213
807 21
253 168
99 574
736 868
53 518
841 768
859 112
665 98
245 466
469 124
509 238
348 838
294 604
872 122
153 71
756 385
856 290
486 274
924 45
79 222
588 452
78 792
346 986
363 903
254 929
831 177
141 192
67 949
323 733
631 447
82 313
988 839
180 135
727 694
843 981
581 532
356 344
344 789
891 956
942 884
706 786
949 339
141 26
90 555
244 815
22 33
376 321
700 377
447 126
60 900
197 30
493 498
693 197
869 365
705 703
262 544
193 464
712 491
915 1
211 771
408 754
989 345
358 942
957 520
482 186
48 428
400 220
367 178
425 281
387 22
834 79
513 674
986 323
802 595
36 288
885 863
305 66
970 547
585 265
600 50
651 530
240 528
493 848
103 535
629 257
103 74
163 26
122 129
410 440
352 956
33 927
565 130
272 429
458 796
949 200
937 590
429 793
987 166
603 783
960 18
284 538
970 216
524 867
113 533
991 678
209 379
894 527
49 869
561 325
360 710
655 918
358 258
98 604
628 573
560 95
116 405
253 215
324 177
737 176
160 917
115 762
526 169
654 932
657 643
459 412
795 157
625 735
121 472
60 990
984 849
912 700
458 325
574 635
320 338
516 367
604 701
308 915
650 517
348 73
496 398
457 809
396 546
252 698
463 329
620 986
108 666
334 32
197 504
176 880
746 54
993 371
169 325
253 695
663 610
775 387
889 447
113 162
145 751
459 793
19 741
794 824
506 398
265 469
111 652
653 1000
604 627
555 493
437 30
57 896
707 34
332 278
932 633
593 979
571 739
434 134
598 615
230 639
668 585
928 55
860 532
840 900
599 273
311 410
112 530
944 44
343 381
621 719
732 624
370 278
611 789
966 646
396 2
67 866
245 740
951 250
820 614
626 677
143 411
448 524
858 176
161 811
694 36
75 823
267 825
897 439
189 434
342 519
611 304
331 193
485 615
119 872
90 126
717 577
771 54
646 105
819 388
804 867
944 252
86 159
823 598
652 214
31 1000
290 892
184 249
131 736
852 633
121 665
412 103
700 657
486 794
790 100
936 460
489 258
652 894
612 602
458 773
693 931
327 145
354 507
750 262
31 934
437 964
503 532
753 716
856 176
833 796
605 68
218 164
499 618
651 615
299 658
501 989
771 405
92 651
60 943
191 722
850 853
239 434
245 478
256 966
656 110
312 184
290 504
709 746
406 375
220 799
817 756
853 709
518 668
207 771
742 180
823 768
51 127
300 769
813 330
198 614
564 744
105 447
538 912
211 951
72 540
368 330
809 758
643 186
232 856
298 347
533 971
487 947
543 147
311 416
828 289
435 528
535 199
67 31
917 224
182 667
580 250
445 802
907 245
185 565
606 348
647 429
141 138
824 570
291 25
103 630
383 582
312 84
646 635
409 161
954 611
493 141
455 294
659 644
906 568
8 452
534 877
914 853
715 277
351 686
493 872
748 669
607 631
700 499
473 530
231 600
174 580
189 591
423 759
931 65
979 535
447 740
473 894
949 763
101 946
1000 556
50 616
309 391
282 41
67 811
736 376
201 227
143 878
402 338
744 572
64 192
626 721
455 55
439 886
759 336
496 350
673 80
642 491
947 627
174 242
207 940
245 435
581 755
986 881
743 90
641 345
657 266
449 649
597 487
937 505
784 986
645 774
139 154
542 68
196 639
355 955
541 283
561 393
262 357
152 576
736 532
179 919
648 642
724 209
227 549
774 665
248 666
616 587
246 569
706 512
801 535
859 26
943 396
842 791
808 244
34 387
942 910
332 841
45 826
53 111
473 93
747 11
215 964
518 331
957 617
525 479
902 215
348 538
370 975
359 510
715 419
708 320
57 61
162 309
598 925
122 995
191 685
616 516
193 35
189 996
820 798
908 922
511 482
276 736
608 922
915 883
846 595
62 298
599 10
803 864
543 126
601 298
253 824
330 451
834 332
415 344
722 493
519 315
731 563
42 915
203 972
828 376
330 611
907 627
851 375
532 688
93 870
165 267
613 162
787 77
584 339
32 734
478 538
752 347
125 409
860 832
915 589
491 489
380 484
537 591
153 390
162 283
135 256
108 791
522 571
260 928
596 698
244 151
388 334
473 959
648 261
164 958
252 816
812 685
610 105
868 149
678 249
593 624
551 459
277 128
339 755
949 613
36 595
917 735
114 4
181 507
652 4
672 480
745 565
813 109
852 868
399 475
608 678
484 674
682 444
81 59
598 404
815 570
922 649
895 749
122 181
427 687
52 677
583 662
639 102
677 430
37 927
118 460
452 852
224 4
471 17
397 774
979 300
585 926
93 430
832 147
704 973
882 771
639 883
230 493
148 927
749 550
999 814
264 392
895 470
71 311
779 318
89 398
214 951
919 221
87 436
630 175
653 914
392 577
120 826
305 417
985 944
830 787
741 8
899 221
647 940
468 881
210 684
391 309
700 456
201 734
56 977
322 113
371 839
477 94
928 547
761 65
73 342
689 654
615 141
58 355
236 551
170 558
111 400
34 303
382 286
9 747
614 711
874 747
699 118
804 15
426 957
488 754
501 220
541 846
104 494
127 23
717 888
435 935
897 692
903 268
996 769
713 954
736 889
642 422
63 713
967 448
111 703
439 567
813 593
403 822
859 898
953 939
591 353
879 43
136 671
565 719
181 790
988 633
543 179
312 162
37 741
823 550
699 770
15 182
678 410
330 47
271 871
734 653
417 376
32 90
347 920
929 934
1 988
577 379
832 143
882 783
98 769
816 769
540 69
160 930
938 11
893 613
713 556
855 828
590 953
571 331
369 768
412 386
829 976
8 631
118 686
679 947
519 57
255 514
658 932
620 784
646 729
393 8
294 343
985 688
341 100
171 481
185 708
404 863
919 922
468 738
485 635
718 369
866 528
365 269
589 705
211 120
375 108
535 825
217 398
510 226
473 62
316 124
820 512
555 278
865 871
502 694
25 31
656 369
315 937
832 3
609 342
362 49
414 583
686 215
505 945
442 656
235 603
729 443
126 187
595 330
941 81
992 436
331 837
552 633
500 234
476 403
852 47
304 923
44 338
606 505
468 140
763 297
434 785
531 416
63 188
431 815
842 729
70 798
544 98
278 167
307 657
203 447
288 156
747 703
321 576
743 613
451 444
395 604
832 950
802 630
954 464
380 132
161 873
470 457
732 297
307 34
622 238
640 56
338 451
63 595
388 381
247 953
2 745
582 771
54 78
20 525
547 420
897 165
959 364
158 351
99 366
69 129
404 855
739 746
479 809
711 908
981 3
982 737
183 705
208 795
63 6
484 261
488 793
302 553
673 270
611 898
988 456
305 24
1 419
563 939
507 382
844 263
825 849
405 662
106 502
972 808
507 844
284 199
730 509
808 312
921 151
681 928
40 922
313 7
537 864
345 681
287 846
974 896
21 685
927 70
539 615
612 771
289 518
731 833
700 186
1000 57
590 85
596 617
718 847
596 221
579 114
436 85
475 129
723 384
520 599
885 603
463 974
159 589
815 137
914 278
188 696
565 589
503 671
342 143
31 434
578 637
894 189
998 948
223 963
897 47
244 88
566 532
275 527
403 37
478 250
836 104
538 306
953 581
753 99
765 804
270 928
917 365
551 172
809 530
722 655
224 947
966 348
445 421
743 964
573 712
358 130
511 823
729 910
931 279
786 700
343 671
295 917
978 847
603 611
923 48
933 596
300 605
886 742
829 547
731 953
236 615
973 552
345 170
738 334
971 947
798 27
749 165
374 45
224 442
667 969
702 349
486 829
556 845
459 867
986 985
450 198
544 114
204 23
22 298
830 246
758 748
3 966
892 234
73 939
946 738
421 387
449 97
544 162
628 541
251 872
453 322
305 385
952 234
463 312
818 601
364 497
270 146
666 304
148 164
669 967
965 990
268 803
802 118
722 336
579 712
427 740
461 420
22 865
357 107
795 883
74 399
704 937
106 32
839 773
93 604
698 580
981 480
532 468
517 29
76 104
803 221
181 604
97 936
3 807
22 704
919 478
332 954
91 611
554 977
422 996
838 393
860 495
333 525
174 991
227 233
35 330
724 126
169 498
611 248
681 815
743 550
774 351
29 471
628 81
943 528
65 885
516 308
610 550
38 707
761 35
910 579
313 607
899 789
738 854
75 702
434 468
185 767
425 243
771 948
541 384
601 355
193 22
884 629
268 678
509 759
459 47
150 868
761 601
814 116
497 448
962 132
266 677
245 433
323 16
802 459
873 295
732 551
23 88
709 234
438 247
166 298
625 405
320 56
942 400
669 443
591 50
770 505
377 873
654 856
298 238
911 16
869 858
586 587
957 958
596 679
312 671
546 791
816 123
798 164
468 186
689 409
243 773
454 282
655 747
608 296
524 206
902 871
165 232
346 645
213 799
605 35
824 249
297 620
455 831
211 494
383 735
605 287
714 195
964 678
896 314
513 322
396 725
185 903
813 926
743 279
167 842
121 515
457 715
121 933
140 609
744 355
75 40
251 311
483 363
715 534
833 122
329 546
779 607
366 11
649 644
743 576
482 659
280 601
21 28
612 260
212 954
574 97
572 998
130 403
60 111
188 289
538 704
427 122
922 567
879 703
871 508
862 949
428 91
978 184
952 21
214 334
112 728
468 137
326 952
314 596
629 462
308 862
401 392
917 495
977 680
210 892
987 129
927 490
933 649
606 178
957 196
177 837
981 823
938 309
261 994
151 782
524 757
781 587
798 391
331 895
643 527
442 479
602 147
112 846
795 317
893 734
98 183
680 400
310 210
734 748
529 513
571 851
866 723
802 609
462 717
514 360
734 916
358 663
709 918
446 869
322 431
804 377
655 591
291 294
378 604
758 560
110 729
712 948
535 502
725 609
971 841
423 69
717 196
292 779
148 1
731 387
887 767
242 854
876 959
302 992
61 303
585 500
487 605
73 166
627 998
575 83
724 534
555 875
390 731
364 502
590 627
196 396
398 950
554 485
68 320
224 45
301 65
421 553
625 743
458 546
213 649
810 143
787 815
112 999
654 931
559 862
828 295
998 627
331 110
925 557
31 994
581 947
748 335
366 38
326 550
548 581
963 595
946 3
186 267
937 487
1 366
137 826
552 97
519 97
702 143
652 27
959 212
169 624
12 561
794 199
852 812
480 35
31 761
312 684
434 311
216 536
617 984
454 849
443 509
542 811
517 497
522 57
695 996
239 766
800 500
856 874
344 524
14 899
906 201
677 624
819 428
334 782
31 543
486 823
998 637
480 469
340 953
121 934
666 175
836 979
699 644
651 409
810 135
518 74
826 901
229 943
655 629
557 861
108 876
546 148
711 341
837 870
148 676
691 472
860 204
111 442
985 467
716 373
894 824
666 204
760 769
809 905
192 153
433 875
929 964
539 442
903 43
701 937
567 737
809 318
352 780
780 671
294 400
696 188
757 737
4 787
114 114
848 752
385 789
92 138
19 24
157 660
549 655
27 947
574 700
857 430
632 367
718 365
266 470
750 771
848 335
714 34
458 91
181 423
714 222
730 497
310 882
85 998
966 844
125 883
380 379
723 711
337 749
702 14
492 370
951 176
804 140
65 77
800 957
919 538
61 358
117 457
896 569
348 991
982 536
455 450
512 585
513 781
740 342
29 734
489 699
583 452
823 314
77 833
65 602
636 272
229 977
813 365
613 213
446 477
520 832
776 133
823 318
825 218
984 99
987 890
561 452
590 40
499 27
410 594
783 852
19 397
791 646
737 410
432 55
618 610
306 589
508 151
973 310
568 35
128 852
242 619
565 411
389 828
163 991
163 980
617 529
8 61
142 799
696 90
847 365
511 476
360 940
175 889
846 197
641 630
876 38
87 515
666 978
905 354
531 443
927 855
740 526
585 267
732 248
771 31
854 215
507 618
762 638
377 506
215 455
905 775
254 471
646 604
990 185
511 151
979 703
165 915
420 538
311 822
431 289
825 937
491 765
186 647
499 832
858 974
307 558
302 420
63 554
621 649
683 428
965 213
355 762
45 741
436 831
728 325
451 218
361 257
986 643
703 839
934 68
427 138
904 977
224 159
346 222
886 52
615 371
342 902
155 53
862 829
390 421
338 768
741 101
388 305
333 356
66 245
504 114
498 56
571 326
888 123
598 265
72 756
811 814
768 229
641 171
374 516
848 380
539 438
39 789
896 739
264 938
718 815
904 220
846 17
293 408
439 198
114 32
784 273
22 465
259 114
546 715
923 585
849 494
189 710
673 688
397 180
119 926
990 223
498 437
565 840
981 315
982 824
972 961
627 85
654 923
54 266
791 673
991 782
940 891
140 701
802 536
129 670
464 467
605 634
460 657
567 588
18 191
114 725
522 473
863 257
759 236
78 21
982 508
874 687
213 195
470 133
750 854
904 961
556 278
709 596
25 232
831 811
767 241
84 67
235 580
520 182
324 398
134 156
258 888
956 464
315 114
984 593
646 501
26 25
128 873
735 77
990 959
156 843
374 426
435 209
784 828
318 785
700 48
7 484
451 638
686 929
713 341
981 446
647 10
769 411
411 187
303 372
186 410
275 843
173 702
72 563
729 708
560 355
599 66
523 392
655 485
892 907
627 210
74 118
852 611
134 592
401 500
843 804
34 608
710 530
182 566
896 55
247 656
506 146
825 496
970 842
315 457
346 503
985 8
420 38
534 675
322 439
452 797
621 160
67 408
351 549
724 516
705 626
194 864
209 901
718 945
88 533
644 715
183 401
978 675
364 73
327 912
182 96
45 741
949 477
51 894
881 959
598 635
121 122
662 836
920 636
36 334
779 291
989 406
591 580
619 359
274 173
174 709
457 324
625 100
969 285
545 664
648 709
253 783
695 134
496 342
252 585
932 310
746 520
295 876
498 438
945 387
383 799
345 80
259 466
292 913
167 461
415 552
977 505
772 863
386 959
692 738
323 616
193 629
192 930
70 733
364 935
194 562
613 392
370 75
340 245
40 382
850 522
32 289
717 200
172 485
202 942
999 435
10 834
361 759
647 357
498 923
799 147
976 10
830 340
847 871
959 559
514 104
102 983
759 865
990 656
565 24
498 877
454 754
840 366
285 797
116 712
570 754
284 986
337 856
359 934
207 554
74 616
773 753
496 898
842 867
740 675
34 638
440 911
134 57
403 566
135 356
348 653
527 232
690 902
490 805
57 279
624 24
753 418
353 158
382 7
402 963
100 553
501 186
63 576
90 831
929 584
754 186
953 488
697 405
782 929
467 393
92 269
966 390
473 3
43 239
590 734
173 889
421 701
183 818
45 924
358 104
301 922
82 519
355 47
438 529
286 31
475 476
868 847
512 155
379 102
527 174
141 838
182 709
39 1000
609 521
543 440
71 846
456 337
496 118
150 362
670 477
547 248
630 574
272 566
383 934
426 765
628 664
272 979
11 252
794 699
654 307
228 328
590 475
109 595
393 620
962 722
228 81
800 945
863 633
188 818
16 279
349 277
144 453
126 969
531 912
835 958
65 522
503 52
658 782
561 733
656 692
598 946
595 849
669 48
791 112
710 745
234 612
731 815
650 56
704 574
562 839
172 403
389 323
883 418
301 995
749 869
829 758
690 698
786 369
756 554
112 686
880 258
125 55
700 743
370 594
279 498
841 358
302 75
379 824
326 107
484 746
664 639
588 645
472 761
50 646
369 839
444 425
916 591
222 77
187 950
145 401
215 277
981 904
237 492
16 895
211 952
336 569
892 169
29 169
731 356
313 785
804 781
87 442
149 7
813 116
376 525
305 332
6 237
222 753
549 440
685 86
889 814
1000 115
501 816
584 630
619 151
656 608
984 700
779 997
691 54
432 946
133 648
922 406
349 930
781 604
336 748
830 188
617 391
120 140
34 946
424 889
845 629
652 11
119 605
503 697
898 215
358 737
29 691
18 187
80 978
817 237
453 284
377 136
5 501
795 479
649 764
476 179
877 181
195 741
438 745
304 959
445 800
193 907
809 800
375 910
257 466
513 24
847 459
499 229
432 777
979 53
7 377
588 894
824 200
198 694
618 483
809 515
91 969
433 713
683 827
85 966
725 811
365 601
952 192
511 395
743 465
69 746
704 160
463 273
735 122
685 219
150 31
34 40
961 275
482 660
659 812
989 378
333 899
712 76
355 84
163 20
210 772
584 820
291 576
839 715
416 894
24 234
280 880
282 230
519 484
311 720
585 771
971 170
650 454
312 513
605 434
733 215
60 921
893 51
348 8
696 512
996 785
652 993
886 840
932 979
454 582
468 258
618 543
112 860
639 999
824 811
146 751
296 407
525 649
181 432
802 7
654 114
644 953
964 913
538 617
879 625
956 118
68 212
977 670
522 697
886 337
898 181
26 651
257 768
302 98
351 928
123 927
276 709
50 887
100 353
132 320
429 464
628 235
235 927
41 496
256 257
186 231
618 601
691 302
227 500
360 371
714 431
923 970
21 127
140 917
685 273
958 70
766 68
382 925
445 237
313 964
715 25
496 289
373 519
16 294
416 726
795 88
407 289
288 248
130 798
77 335
263 763
220 734
272 115
941 790
53 952
941 288
661 788
513 352
320 771
491 916
411 296
32 817
762 841
74 493
787 87
969 661
3 508
336 908
417 396
215 647
662 774
244 932
332 407
648 644
486 439
183 722
940 200
589 969
794 660
919 369
168 438
668 341
795 593
571 94
670 689
504 991
202 353
961 505
215 686
246 222
305 568
131 799
397 148
532 848
363 3
524 882
88 721
572 77
298 457
945 707
621 132
898 661
800 830
433 136
797 345
231 537
604 376
349 337
801 134
312 35
100 344
488 7
378 350
182 964
607 545
578 452
145 573
925 830
830 23
107 709
422 372
741 985
338 975
479 370
652 858
151 809
231 772
331 836
660 537
950 544
607 557
460 730
346 867
30 132
790 787
610 679
918 992
781 40
355 794
129 132
636 566
695 884
919 307
850 21
372 693
641 382
636 615
483 88
490 951
254 510
306 192
947 561
518 785
905 165
731 371
168 327
437 334
166 478
313 953
62 493
256 316
553 944
481 222
983 190
499 756
616 250
628 238
583 845
440 459
808 577
137 834
321 495
104 730
246 791
608 316
962 351
521 291
561 256
421 32
123 464
128 829
437 466
287 901
339 385
157 123
680 933
254 354
47 833
170 244
677 463
609 5
178 572
480 178
801 195
684 76
954 320
332 358
893 450
829 568
1000 778
141 84
302 35
894 231
272 303
699 420
737 482
829 402
775 301
424 354
886 383
45 435
638 25
492 511
348 957
611 141
932 295
563 506
329 776
545 299
473 958
47 915
523 516
486 933
223 901
891 819
557 200
443 682
711 662
649 963
571 686
504 735
836 946
543 672
456 991
535 333
722 543
952 371
547 219
563 46
602 925
172 288
232 654
202 450
98 545
619 630
532 352
579 297
25 20
132 46
221 314
213 331
984 656
533 866
424 689
510 376
43 188
832 501
238 55
937 989
221 651
95 616
637 100
827 851
329 947
603 524
69 93
796 922
640 824
394 113
156 647
290 985
607 974
62 461
613 809
391 409
864 309
431 244
157 984
362 541
222 675
203 36
409 830
109 68
465 775
841 407
850 285
166 802
414 130
425 442
928 800
375 715
235 309
628 957
972 404
935 174
260 666
233 374
131 210
298 822
316 630
970 395
814 272
517 39
283 589
447 532
264 572
202 456
495 449
94 183
370 742
572 961
49 260
740 207
557 589
184 935
37 924
894 183
626 289
95 88
827 65
797 693
790 322
296 768
246 131
874 543
341 31
268 629
339 788
218 948
29 822
136 979
932 936
486 89
300 134
262 50
39 623
845 165
296 199
430 674
77 403
46 911
946 140
321 269
489 163
863 265
241 24
418 99
514 995
85 38
718 159
983 932
619 204
967 492
481 216
569 900
364 691
560 603
844 446
61 486
623 81
179 392
15 106
685 204
183 650
158 565
671 710
440 445
813 364
388 494
1 73
411 561
487 298
452 14
35 645
351 820
296 258
445 813
422 43
264 174
214 670
460 858
703 731
355 957
786 937
665 772
590 887
292 66
879 649
889 56
161 299
305 437
870 631
223 778
491 137
488 380
948 162
621 734
104 145
124 713
956 862
248 472
91 184
848 597
356 401
334 588
138 454
954 293
590 229
275 197
955 893
390 923
943 144
998 654
517 753
11 703
307 837
676 954
686 83
619 257
674 113
15 897
586 649
195 16
470 319
569 269
500 440
491 195
369 79
343 639
555 210
615 952
993 597
201 841
78 325
989 360
870 782
992 136
25 118
71 523
415 771
171 123
2 264
717 760
975 324
819 307
611 95
393 694
573 931
568 137
544 245
943 744
768 435
349 931
960 718
306 965
926 517
749 288
777 357
604 413
874 234
187 89
435 327
326 161
46 135
546 245
84 498
198 993
631 48
349 908
859 485
134 409
49 199
455 621
495 663
427 345
208 601
225 550
668 94
859 287
587 235
148 770
260 957
869 600
955 513
517 162
160 943
96 789
250 140
729 856
811 805
169 986
885 971
876 445
567 704
167 839
312 980
786 212
251 892
348 783
71 820
390 812
684 599
305 223
874 360
49 373
939 470
227 621
886 735
333 872
674 262
717 528
178 390
89 92
860 182
519 797
80 43
598 151
975 830
706 892
365 437
589 824
11 126
786 776
438 588
137 842
2 563
217 641
261 618
971 370
976 724
329 775
13 941
222 443
723 182
58 482
32 84
835 88
668 674
584 4
817 570
781 179
331 942
580 511
840 162
63 200
789 904
258 419
917 912
492 68
821 266
554 664
840 212
862 494
797 328
501 43
1000 795
762 522
824 408
399 63
612 667
318 693
779 368
917 680
353 212
673 998
813 344
684 324
765 806
448 952
364 566
896 774
520 120
207 70
707 305
735 584
875 133
578 737
130 318
466 661
719 841
232 286
141 970
175 996
513 212
861 125
333 852
557 954
540 978
175 939
182 25
347 735
632 606
12 166
377 294
449 16
508 978
767 27
350 697
121 7
219 134
301 999
473 437
144 187
152 726
970 221
268 728
972 644
287 584
162 484
411 637
187 563
305 544
441 51
478 386
946 650
485 548
746 448
581 457
898 551
848 689
30 472
212 718
239 184
364 568
529 54
597 611
709 284
217 769
696 577
97 328
6 212
577 738
679 33
661 454
423 908
303 170
193 590
911 470
216 546
488 62
155 542
651 824
717 434
996 445
602 603
210 894
424 101
878 559
130 547
955 294
300 810
992 188
490 976
511 573
98 574
915 485
561 738
751 991
79 574
987 324
198 275
249 620
631 871
415 378
804 879
75 624
234 389
587 237
272 516
203 75
412 127
179 88
574 335
312 432
854 607
916 856
62 66
890 595
763 400
506 337
139 353
207 479
291 735
602 442
929 856
852 50
101 461
634 857
54 958
843 538
236 469
923 795
128 608
39 774
618 40
373 185
270 791
42 552
423 329
160 809
635 328
184 596
978 266
286 27
367 251
581 307
116 747
77 601
611 819
304 334
747 55
168 703
198 576
483 755
223 613
267 510
438 301
270 868
262 481
678 458
151 14
956 393
89 781
766 121
945 460
111 872
909 800
573 884
531 821
949 581
587 945
501 644
968 969
921 160
169 54
26 51
20 900
735 256
846 93
892 262
733 275
251 982
541 684
570 252
372 975
781 771
659 449
617 926
291 737
211 248
377 238
344 573
39 616
25 95
709 433
505 342
130 435
616 147
379 263
107 876
192 80
811 99
600 869
518 700
690 614
897 451
281 474
528 454
543 163
490 826
627 455
594 577
492 193
204 723
393 721
520 48
931 118
376 393
496 510
297 374
557 110
536 117
822 159
383 491
400 156
436 528
698 592
969 969
455 859
244 929
731 912
335 775
464 409
537 436
349 223
696 785
871 283
574 189
860 151
541 959
517 622
159 883
972 698
612 727
959 105
907 993
200 165
712 286
901 182
839 547
589 530
41 614
797 288
503 641
263 384
576 191
313 88
158 656
520 121
232 341
435 71
71 160
531 767
729 362
226 39
299 401
61 531
866 816
503 962
935 315
572 924
788 442
422 763
704 940
455 476
992 905
792 15
939 276
245 742
746 197
273 497
143 852
939 53
268 425
892 951
355 887
503 407
307 98
820 507
44 921
427 180
491 232
791 295
266 979
541 671
192 838
508 450
681 597
958 484
248 15
994 682
11 729
992 631
343 736
637 913
555 408
789 298
465 657
653 73
75 442
861 901
835 119
875 159
6 674
830 807
449 548
415 794
28 39
24 466
26 837
287 296
215 558
54 879
206 236
125 239
482 30
526 192
780 549
572 985
465 567
401 712
388 695
494 433
893 80
62 886
858 788
798 881
88 376
949 294
305 681
868 234
706 239
815 966
802 645
373 153
549 131
768 880
163 706
78 652
902 648
65 736
313 783
381 119
376 796
472 316
223 621
336 61
309 318
349 802
585 384
679 566
675 770
983 118
440 447
854 987
730 78
640 704
502 892
113 188
191 430
56 337
766 485
705 630
945 896
750 10
210 158
812 812
74 697
994 94
833 635
642 628
643 342
773 873
1000 829
838 441
763 764
755 571
926 198
670 265
757 108
328 216
932 85
723 201
510 226
256 351
843 949
14 778
900 960
430 610
334 402
761 872
499 70
352 489
568 96
215 297
530 516
474 625
570 374
218 19
223 892
397 491
902 202
814 281
742 325
433 606
657 799
405 869
499 523
677 571
81 4
52 187
909 388
993 670
801 791
884 446
350 847
767 675
426 18
18 362
317 656
240 446
16 874
360 681
864 952
392 930
668 104
991 822
58 104
403 229
8 212
63 558
316 904
828 362
346 466
383 116
5 711
121 737
873 961
358 487
568 427
733 774
85 570
664 397
934 778
902 67
391 764
524 764
658 896
846 382
724 121
816 583
810 602
686 210
499 57
21 298
406 36
920 155
65 225
375 605
75 636
866 213
391 859
699 549
254 478
791 934
242 39
282 486
396 431
910 398
378 227
601 748
682 129
676 197
758 242
843 932
265 102
197 251
343 605
690 846
755 99
397 700
466 374
257 797
430 617
811 58
488 789
561 688
393 857
147 424
829 90
220 630
483 915
618 817
494 829
415 848
936 828
948 576
149 505
243 303
339 534
919 672
761 897
657 982
294 418
695 534
308 326
939 919
860 257
660 793
62 272
683 931
598 555
882 240
702 899
921 279
922 472
910 687
840 39
251 652
943 939
104 935
300 800
949 68
914 790
743 302
646 566
922 396
884 4
373 924
227 911
313 596
757 934
30 740
725 560
831 200
162 454
150 807
134 605
800 228
26 861
774 557
643 906
33 828
46 285
179 383
552 908
213 888
734 374
875 14
3 418
161 306
135 970
381 376
281 878
913 847
845 869
36 599
865 266
46 171
473 605
578 442
728 689
304 684
179 158
963 247
176 964
122 429
210 735
115 92
244 212
973 20
851 272
595 466
117 838
635 6
819 593
866 293
915 44
284 436
245 973
952 363
752 837
730 907
716 223
183 237
645 986
347 358
68 133
959 104
208 179
431 960
810 943
38 981
789 431
114 927
799 987
671 395
23 138
787 657
415 749
947 764
573 843
196 272
361 197
262 98
973 853
136 152
355 815
316 508
660 621
980 816
439 398
78 653
809 733
330 997
743 595
197 6
672 101
817 323
263 823
605 26
358 140
257 62
217 991
100 220
153 655
156 958
139 328
775 485
184 412
691 812
685 956
183 788
359 743
500 400
40 483
740 490
635 790
56 444
495 887
461 648
75 333
227 534
927 14
516 927
317 978
204 990
400 618
388 425
16 694
332 632
866 419
247 890
798 883
243 51
952 333
546 41
612 326
362 577
978 209
632 8
92 16
59 308
291 266
912 214
118 980
936 334
594 277
908 758
112 408
832 403
144 617
129 202
170 836
923 92
909 347
100 200
866 926
747 338
193 803
865 718
124 321
595 149
529 154
634 200
999 766
542 358
291 259
869 987
891 189
375 513
497 250
255 560
534 383
235 328
15 614
158 331
693 912
620 899
699 389
696 682
385 955
983 31
224 520
198 841
293 96
235 538
541 972
590 963
152 578
702 590
924 122
824 756
441 157
847 971
949 859
612 660
511 179
660 668
931 506
519 150
769 890
55 437
510 784
925 634
531 408
213 797
453 464
836 128
242 775
941 784
829 802
53 83
127 937
715 82
265 360
153 177
693 771
659 562
746 835
179 522
430 183
182 550
476 579
999 18
538 142
502 797
90 971
78 819
966 799
311 709
468 315
135 542
825 380
85 783
839 484
428 25
914 442
649 587
841 780
359 861
393 472
645 687
291 310
179 457
404 135
591 831
314 336
331 852
138 754
741 279
34 37
766 63
387 829
401 387
120 219
162 287
116 978
866 152
884 813
976 305
737 759
973 299
593 835
967 584
844 38
843 157
940 287
572 288
181 46
336 560
161 261
591 3
598 252
613 612
967 704
54 846
245 302
228 157
880 379
80 202
629 720
265 721
227 378
807 774
646 870
606 627
438 271
133 941
417 82
700 521
279 285
118 991
334 25
879 47
780 36
983 284
429 358
946 46
622 391
43 510
976 174
838 250
912 705
353 824
199 885
775 417
344 789
753 743
260 794
494 356
952 806
792 732
462 761
712 351
306 605
979 750
268 412
539 584
580 255
218 351
169 336
259 271
523 65
177 889
207 811
575 158
638 274
160 98
211 313
807 654
410 574
887 762
615 360
54 805
482 775
474 572
840 669
796 359
953 269
108 123
105 327
384 857
978 668
747 176
69 814
276 520
943 286
438 540
946 861
296 609
149 302
344 740
413 398
822 683
821 925
247 720
892 322
995 991
526 143
446 792
861 705
262 326
508 684
482 455
800 114
271 121
882 163
161 37
619 245
160 494
141 398
523 371
990 446
538 577
253 5
492 12
258 840
261 303
335 439
939 56
599 613
827 339
329 235
240 851
883 393
219 715
463 268
98 555
609 265
226 356
87 886
234 117
781 960
521 538
220 600
68 396
689 3
542 829
649 720
477 695
112 249
546 588
264 344
744 706
630 137
832 15
677 515
803 773
117 562
44 394
898 185
514 470
969 218
934 713
586 677
814 980
612 518
638 160
70 755
346 61
339 611
517 47
940 284
861 440
359 300
477 352
85 803
180 893
205 538
437 849
704 64
686 214
955 205
964 122
689 362
933 484
614 691
735 936
633 598
749 846
85 964
234 265
59 622
296 628
923 917
278 392
775 257
736 576
777 133
495 322
78 766
246 339
195 113
579 835
916 501
267 249
435 788
740 789
764 929
251 363
936 230
682 979
17 956
618 491
588 570
540 230
3 114
931 391
425 47
435 609
46 332
385 266
54 882
636 343
490 964
374 435
550 939
423 102
509 679
615 572
484 769
700 418
659 504
844 826
503 725
508 620
824 910
226 126
367 512
845 98
279 826
991 585
246 509
328 230
312 182
289 296
949 201
230 987
682 315
679 457
72 272
149 87
978 774
378 666
656 341
7 862
834 354
359 890
764 532
68 454
101 505
676 10
840 772
274 572
584 538
523 865
864 146
148 336
705 706
212 687
374 840
112 613
595 672
403 652
724 914
724 660
460 241
140 465
231 568
638 696
500 583
656 507
322 549
309 597
4 74
862 446
236 166
98 778
490 673
458 926
278 844
978 297
917 484
136 646
918 603
212 887
498 492
624 990
414 23
539 784
61 866
507 74
540 583
403 952
824 207
176 563
572 732
284 626
988 687
672 781
834 837
717 662
406 976
876 288
35 545
950 141
20 594
524 632
235 707
522 637
712 44
233 944
452 373
51 523
450 735
906 424
184 335
247 540
248 470
991 267
668 958
256 882
321 591
735 108
816 20
102 546
373 395
732 44
402 154
936 492
628 666
667 934
657 285
975 686
948 54
3 634
124 93
281 515
214 347
119 114
694 567
205 971
36 910
975 262
232 648
202 253
656 272
103 396
883 407
444 137
795 355
482 210
578 236
294 307
365 695
812 440
679 434
894 847
788 398
915 261
712 965
504 719
70 138
295 380
522 461
934 476
342 167
506 480
276 174
277 515
167 15
443 126
987 170
968 356
292 40
45 767
213 914
673 187
179 259
345 46
317 110
816 38
683 156
602 666
272 570
589 540
781 576
580 843
292 767
460 658
245 495
185 884
125 830
617 892
17 838
52 367
606 693
217 891
330 905
60 464
221 626
344 93
414 251
780 540
828 302
965 33
538 709
411 163
437 638
837 519
546 991
968 307
236 948
837 274
432 613
430 31
401 142
875 626
343 265
626 893
578 247
807 130
879 615
618 468
748 741
364 596
957 473
428 156
232 958
106 82
442 284
365 992
606 410
875 537
609 75
625 563
896 674
354 961
673 552
899 18
56 801
152 996
693 55
969 696
425 678
167 304
352 809
367 112
921 478
299 648
379 71
612 733
966 792
287 182
330 152
422 57
707 262
588 231
780 38
246 214
379 304
743 503
144 12
829 166
595 879
224 2
827 441
488 597
315 122
378 737
984 764
581 807
786 8
389 102
600 743
438 103
745 992
617 939
51 504
532 257
711 568
201 409
855 370
198 989
425 445
864 925
301 125
583 625
311 175
238 39
558 65
653 675
584 56
716 728
496 880
189 564
75 385
561 682
363 147
887 291
668 896
174 225
373 975
826 822
483 394
628 484
73 4
652 176
493 67
706 81
748 943
367 307
76 275
917 372
577 648
153 918
611 840
584 374
289 97
986 68
70 697
300 117
211 193
862 248
177 189
814 769
184 195
333 33
493 988
595 404
465 247
712 751
573 841
522 884
346 98
138 580
537 700
600 32
674 963
701 337
678 611
702 363
641 46
36 310
831 364
45 721
689 738
60 634
247 795
984 129
635 486
908 243
242 811
138 220
194 125
607 5
157 385
489 728
683 502
621 458
143 828
917 526
869 443
538 722
300 593
867 1
384 363
290 106
126 401
632 232
153 235
736 172
257 967
209 639
655 475
134 852
281 24
516 564
347 226
507 89
444 455
624 736
236 915
733 851
81 998
671 888
564 527
757 744
925 687
19 195
711 262
2 816
156 883
949 531
929 18
486 321
799 946
434 849
972 728
552 905
688 467
90 270
972 75
820 503
914 56
740 916
701 386
920 59
864 677
635 221
992 739
148 150
40 442
312 285
968 744
999 882
41 248
597 366
903 768
252 677
927 644
765 229
589 240
557 237
844 491
540 934
377 400
320 635
556 839
723 855
734 575
719 69
249 156
534 733
84 443
363 147
797 174
383 452
787 817
626 948
510 996
105 453
292 683
890 171
976 629
314 185
21 813
142 5
880 845
258 845
828 217
37 119
169 673
381 847
405 62
902 658
503 584
971 489
599 924
460 109
659 501
887 925
483 769
474 795
457 151
693 762
620 788
513 447
899 91
888 503
491 800
508 421
489 799
718 523
409 583
269 250
886 308
409 240
902 312
455 798
751 37
484 512
917 51
518 579
18 458
31 504
327 791
251 271
736 786
559 881
552 75
838 322
610 825
359 536
662 804
33 120
439 340
377 652
782 716
515 135
972 176
639 400
987 799
758 17
260 384
110 692
698 536
562 174
589 789
136 272
873 908
615 382
613 7
275 2
826 518
960 572
711 106
174 962
204 837
997 744
809 510
954 101
734 198
582 592
665 29
154 220
818 343
786 139
985 674
677 942
484 840
724 855
99 564
474 731
410 705
349 164
433 790
913 930
729 599
979 248
895 241
324 686
803 1000
922 380
965 189
14 66
148 364
771 716
151 88
159 149
42 819
167 356
363 560
316 261
24 64
545 145
169 590
949 191
136 437
530 55
871 167
947 87
280 910
424 386
957 626
129 656
70 179
508 233
305 665
562 755
505 225
640 687
266 101
613 942
362 788
672 231
94 405
355 618
262 441
98 562
494 657
614 188
205 29
365 622
157 236
197 319
402 754
929 286
534 664
142 607
367 151
951 962
744 495
213 459
524 752
478 862
13 12
126 266
335 999
764 960
189 627
152 376
746 590
817 779
263 106
648 578
749 430
735 973
8 947
839 694
163 719
439 228
715 227
296 733
116 854
169 399
24 105
164 510
506 646
929 409
236 581
12 663
788 335
579 572
307 478
567 634
338 832
605 832
227 906
166 994
709 363
804 292
430 591
7 334
698 12
130 165
612 78
610 748
898 805
181 511
68 583
377 163
568 721
964 290
984 979
271 659
86 290
605 501
582 548
20 84
814 853
808 875
670 893
166 987
536 415
672 936
237 776
898 945
772 731
901 460
660 11
463 907
660 881
666 899
989 467
787 335
20 393
134 147
391 429
111 59
114 770
211 484
679 140
816 850
224 479
317 73
483 955
624 150
344 765
861 767
204 421
979 66
244 690
565 456
838 313
912 193
474 519
949 371
650 759
90 269
55 635
406 909
183 490
510 719
142 149
240 986
755 977
847 787
751 538
369 144
63 558
745 935
279 344
577 238
657 576
259 749
510 211
843 540
765 82
429 327
551 800
242 190
564 82
90 534
395 274
892 881
840 537
70 383
955 66
703 27
527 979
856 780
249 802
560 914
848 674
196 651
660 275
409 92
394 508
803 552
149 279
90 850
642 429
953 930
273 516
779 525
709 882
751 920
470 960
25 19
290 736
793 291
642 482
581 369
47 506
336 621
132 697
233 771
409 927
326 212
766 516
771 277
188 10
707 711
960 264
515 382
92 171
788 173
780 993
83 451
588 917
450 791
17 824
72 17
474 740
662 1000
349 158
174 257
290 827
327 37
654 173
531 938
410 387
710 693
144 425
860 811
354 539
889 489
473 428
530 589
259 283
922 861
224 419
679 404
944 677
133 561
668 798
649 829
993 352
380 142
556 58
2 411
344 158
515 814
27 971
917 471
13 732
686 583
272 659
250 948
783 289
775 673
208 381
712 92
844 783
608 313
230 256
314 217
813 595
680 649
420 855
100 468
463 753
395 533
281 338
321 402
172 112
582 9
120 47
519 485
147 889
273 190
43 457
163 248
908 267
558 279
965 608
70 638
507 464
540 155
313 714
988 632
327 2
647 56
432 345
769 897
693 953
193 763
459 446
235 659
320 521
403 938
491 24
601 696
372 90
998 4
786 344
554 376
406 234
726 674
608 609
845 670
950 264
879 795
726 434
62 406
400 727
737 118
102 684
734 198
223 758
344 611
124 961
459 589
876 418
44 532
50 481
578 392
813 714
359 582
539 868
535 868
816 758
239 754
51 942
808 918
578 876
531 174
628 592
183 83
843 661
721 608
158 168
141 567
768 334
789 285
625 804
967 912
175 26
348 742
346 28
35 745
312 124
958 866
637 476
868 113
113 723
826 11
758 955
781 525
260 181
986 812
78 76
154 343
662 693
538 947
103 839
694 857
239 919
76 303
473 578
936 199
75 15
268 956
993 818
783 340
593 713
190 646
265 282
24 706
751 693
462 391
240 929
80 753
683 962
510 646
154 184
515 921
866 816
287 383
14 960
975 176
452 441
80 860
185 248
852 744
903 697
107 879
41 742
749 887
719 858
787 969
396 435
212 541
271 946
791 521
542 152
956 705
35 316
765 419
989 712
374 218
381 292
196 70
284 206
253 612
935 6
472 393
515 606
669 11
405 760
433 270
345 440
948 545
811 129
41 589
315 466
52 439
504 391
898 958
317 249
739 692
52 602
701 325
335 612
692 895
661 871
606 14
480 985
738 890
607 397
919 700
947 106
310 236
715 910
88 579
483 610
696 724
196 969
582 613
510 408
823 405
563 261
890 120
176 980
223 650
569 404
804 281
224 645
642 494
551 941
61 569
61 691
273 612
99 942
567 7
862 694
536 926
369 671
137 654
760 100
604 1000
92 643
270 392
436 475
738 357
477 243
960 66
473 952
772 722
307 226
381 33
126 27
506 207
532 827
952 973
454 206
962 333
56 158
178 829
939 724
25 690
855 71
76 2
165 419
400 975
290 437
757 347
663 509
98 102
455 13
944 164
612 772
806 94
210 482
92 443
995 120
80 413
928 948
886 498
864 510
495 267
685 690
465 257
236 506
663 378
344 815
818 682
369 294
755 793
989 45
710 662
180 847
187 222
565 605
692 487
854 646
104 925
827 186
417 868
274 230
76 864
374 344
742 646
210 975
813 519
704 634
511 566
75 173
447 644
219 10
816 803
287 556
548 461
993 209
348 867
968 643
255 565
764 604
229 938
982 227
541 546
860 773
201 712
754 674
17 338
363 143
191 704
852 943
331 441
456 938
594 740
335 143
655 148
466 519
437 262
953 519
764 261
813 838
65 580
118 290
97 961
503 567
148 167
606 569
892 524
412 639
621 473
319 915
404 973
24 787
836 244
593 66
608 575
111 752
624 574
192 428
986 379
519 543
243 151
326 286
80 755
956 961
242 192
215 96
906 782
901 723
676 294
705 745
16 847
122 879
126 948
182 293
182 415
561 144
305 863
64 574
486 620
892 125
904 677
422 121
798 667
214 995
273 392
991 50
863 944
840 871
941 147
408 213
490 635
346 183
557 482
208 322
430 290
987 952
102 875
916 115
816 800
978 303
118 457
341 933
990 200
606 455
697 893
250 552
976 692
169 860
553 61
135 217
714 555
20 467
290 752
293 888
645 381
955 37
359 145
931 792
112 235
25 395
804 762
783 921
686 786
282 612
245 255
339 613
283 548
843 624
185 296
730 518
939 325
311 801
876 912
67 997
633 912
205 433
740 84
457 739
846 144
464 573
326 534
729 377
182 946
627 839
566 643
576 428
251 15
536 93
802 575
620 336
43 286
536 671
688 329
497 181
757 422
240 569
328 936
872 227
859 203
704 511
902 495
370 925
770 872
857 220
388 208
846 126
47 881
884 645
709 621
765 417
283 741
869 309
228 258
173 40
45 738
914 580
549 290
379 740
671 342
526 892
946 47
672 462
2 887
296 239
585 996
82 290
183 346
565 668
293 866
562 136
924 265
570 162
87 126
873 116
982 310
502 49
760 523
823 602
351 941
915 141
302 944
721 753
577 571
798 549
128 961
288 666
776 432
283 483
380 252
95 856
640 673
785 214
665 647
822 914
627 931
109 442
882 713
291 423
621 784
283 285
805 165
980 205
267 282
964 266
898 284
211 588
790 817
873 351
420 892
270 341
54 697
583 475
816 880
257 612
915 100
306 271
930 433
760 889
103 664
400 209
411 870
96 270
87 801
924 897
523 216
213 197
786 945
563 728
779 270
542 219
177 469
617 267
557 759
398 473
861 466
897 952
244 887
441 985
755 940
405 607
220 144
530 144
680 773
129 488
228 288
599 270
543 174
579 515
718 452
532 964
412 376
951 979
793 215
840 936
658 881
529 44
301 488
476 780
464 786
655 414
431 525
702 688
44 268
212 66
270 641
669 926
959 528
494 221
434 300
4 344
783 625
781 856
496 584
455 902
808 61
651 142
409 581
653 659
51 312
951 546
763 90
885 11
684 915
992 713
682 686
531 215
403 639
853 887
186 5
716 707
1000 136
227 734
983 364
834 333
46 58
855 755
645 818
47 670
736 939
972 775
592 144
973 788
739 95
673 427
357 747
78 947
743 313
497 225
22 902
293 164
342 874
963 391
17 274
445 348
911 779
742 55
492 335
500 671
50 840
992 224
743 814
742 135
484 797
191 753
465 596
356 398
760 716
697 320
705 64
848 39
492 748
167 168
751 670
903 191
155 93
849 103
105 330
117 855
143 918
731 577
548 236
446 968
728 889
736 218
896 753
600 592
245 439
123 306
983 533
575 794
38 729
344 38
207 464
620 696
251 443
330 538
151 622
220 184
217 982
269 540
597 59
736 360
563 119
32 589
180 914
496 79
651 123
619 143
153 123
638 697
858 924
564 836
663 967
104 387
558 910
838 747
993 235
480 739
628 428
270 463
979 109
54 800
733 978
727 983
134 168
663 655
548 152
18 54
680 358
958 668
422 1000
938 711
593 764
159 245
943 209
840 753
418 333
57 640
897 349
126 84
542 421
504 677
568 91
173 879
472 91
563 461
667 55
128 757
701 694
482 559
984 133
842 376
931 209
71 854
339 484
498 844
940 730
779 692
1 156
344 528
285 849
894 74
231 37
863 939
686 702
180 919
446 790
252 373
87 117
48 174
722 339
419 634
295 255
616 770
988 232
853 277
589 186
101 100
491 743
426 679
975 501
139 878
236 472
573 397
515 49
722 31
400 638
730 179
356 92
824 385
639 544
316 443
642 823
654 207
920 574
523 709
15 822
788 346
940 869
775 975
801 359
24 293
796 105
507 302
473 792
436 510
12 13
598 703
554 255
243 260
206 273
216 563
72 272
686 418
38 211
429 605
85 626
420 57
908 10
316 779
272 493
105 742
660 793
30 742
766 128
180 591
444 605
150 690
632 183
392 125
386 396
949 913
885 224
700 568
576 218
600 60
266 517
25 694
29 393
869 127
381 96
304 304
875 71
624 409
932 214
125 80
361 499
404 893
444 203
393 550
214 116
425 407
307 502
819 695
180 851
204 687
896 792
320 872
946 895
556 535
19 331
799 11
853 966
114 93
23 177
492 737
840 966
283 159
265 378
101 923
984 189
453 457
378 715
17 770
223 496
44 406
344 4
418 999
646 666
72 487
442 983
642 316
840 775
770 949
648 455
179 623
886 617
928 467
921 143
883 531
822 792
68 160
288 468
523 291
18 719
772 887
328 845
464 222
299 622
316 182
461 573
348 799
542 121
197 152
181 575
973 361
806 22
781 476
669 75
254 181
426 816
990 259
230 894
88 414
896 928
530 961
982 393
637 570
393 390
558 365
279 249
111 75
509 451
312 335
161 780
328 316
333 894
268 913
804 594
449 87
95 83
773 818
816 864
921 533
953 56
491 637
509 605
690 877
589 103
248 722
801 590
897 154
453 374
980 523
933 38
720 902
414 10
617 506
3 221
103 6
797 738
605 288
519 939
392 940
476 817
565 863
876 123
853 928
786 903
390 751
21 883
369 162
322 555
80 353
434 196
910 486
991 306
993 360
426 539
738 409
22 708
917 543
918 924
218 783
433 59
182 353
101 925
29 167
829 913
753 619
300 145
725 869
427 630
657 783
775 820
824 329
895 466
850 445
247 612
308 603
642 813
295 876
484 559
573 893
535 493
963 955
786 379
260 505
36 835
829 627
179 988
591 891
974 480
753 15
891 558
895 399
328 45
626 242
602 912
956 710
199 61
313 880
471 584
890 723
861 972
985 131
879 714
570 463
624 222
317 999
570 777
291 647
791 135
413 792
240 94
614 591
1 105
418 348
931 425
340 82
294 850
286 571
32 108
188 952
35 753
674 938
294 758
932 871
532 348
597 345
894 850
994 491
174 628
124 276
400 648
101 70
951 709
972 46
391 766
659 714
237 556
371 414
627 431
47 394
338 632
273 159
861 317
229 741
158 997
919 53
84 547
874 164
698 104
20 478
557 157
874 707
455 517
494 851
156 180
133 921
524 773
293 521
829 561
45 558
356 287
943 457
419 533
103 811
446 751
873 615
414 913
821 58
359 232
143 997
677 239
350 306
843 602
879 204
709 436
576 171
530 642
423 956
202 879
482 93
377 342
158 84
914 610
940 86
170 356
37 762
50 195
347 232
233 871
695 9
555 320
602 860
191 308
748 307
232 174
672 825
490 842
260 816
294 559
458 145
35 294
36 311
993 554
487 215
922 270
695 305
223 774
523 384
891 917
603 108
78 947
163 194
10 424
935 605
20 168
175 703
962 657
494 285
183 97
94 755
478 221
568 112
782 88
676 870
705 295
608 770
922 343
459 459
337 556
519 162
385 499
170 647
318 655
118 462
10 724
275 632
276 915
988 585
639 727
807 702
560 191
526 915
799 685
71 772
170 660
168 550
831 23
999 474
550 444
505 834
29 31
774 453
410 996
903 566
692 938
566 471
457 370
391 870
476 644
639 462
583 26
620 26
10 596
244 264
801 74
64 850
92 136
767 893
339 822
676 660
457 676
957 894
823 594
774 234
519 513
277 22
64 817
36 433
968 383
813 401
457 777
597 566
118 145
805 544
65 244
513 482
29 809
145 434
249 445
722 741
993 86
505 958
395 988
934 304
277 426
586 235
513 9
666 137
605 671
510 920
271 166
188 524
492 302
994 921
835 845
489 544
111 940
116 220
147 462
199 644
698 178
700 153
450 489
512 969
601 830
401 589
635 584
696 435
420 332
126 783
569 209
216 140
866 455
23 494
389 643
691 807
362 21
190 953
178 267
845 363
892 860
114 822
983 469
65 301
698 938
130 35
418 184
238 596
848 850
511 643
684 308
335 122
118 562
906 271
629 342
297 833
880 395
649 178
905 363
357 785
856 981
597 324
912 62
343 546
607 576
727 227
55 248
500 888
722 340
177 9
438 259
775 973
44 119
820 668
209 473
23 394
464 217
3 176
863 651
685 294
286 136
120 510
576 434
608 273
703 781
188 8
9 54
270 517
279 694
914 835
163 778
283 532
397 942
369 160
226 517
35 414
348 375
656 794
193 111
700 419
613 200
575 441
42 789
373 932
729 156
160 352
35 155
836 145
801 571
537 203
44 11
128 353
236 618
943 877
327 586
760 522
758 829
108 619
669 894
820 172
221 204
46 607
118 568
850 799
118 261
873 36
729 628
489 85
556 33
563 759
294 969
968 296
466 742
866 673
821 707
744 281
118 342
89 462
83 338
598 456
510 636
713 718
745 786
664 418
575 188
735 428
815 483
677 263
983 653
322 688
678 846
976 99
743 755
582 884
523 1000
705 658
849 330
851 928
46 502
316 88
225 592
633 311
392 323
866 434
987 122
429 32
260 332
623 687
692 617
981 794
895 4
185 395
426 960
750 761
977 583
80 728
59 735
327 200
169 862
151 637
714 242
307 39
680 867
64 94
948 94
605 585
494 582
506 236
242 500
754 487
11 625
689 602
826 765
715 617
506 286
248 296
418 570
215 86
409 301
146 597
216 598
457 818
513 315
246 50
438 222
585 389
377 152
366 131
847 350
318 85
24 417
28 37
907 335
853 403
357 956
415 336
845 533
595 742
220 26
926 251
115 923
800 998
951 374
77 509
728 837
142 850
510 169
993 239
588 491
508 809
206 848
396 933
685 893
975 995
890 696
718 610
422 449
144 805
793 416
215 983
916 724
12 829
240 584
804 362
244 725
213 790
130 30
511 241
866 486
409 160
424 657
365 506
605 117
844 695
87 358
310 115
462 383
589 171
581 872
703 450
391 295
103 836
984 884
516 225
155 326
571 587
766 312
961 348
525 259
508 616
287 491
186 181
791 439
435 70
228 239
823 264
641 644
165 161
48 891
795 663
638 663
741 168
728 812
621 768
512 183
14 764
591 214
648 61
801 456
851 732
994 961
707 529
948 459
234 217
271 356
602 453
180 397
155 268
313 653
106 235
961 388
42 857
288 864
467 109
943 930
615 296
114 282
622 764
591 496
139 355
391 321
381 54
225 520
841 801
126 716
954 731
352 591
599 126
159 141
68 149
746 621
799 186
410 759
653 793
914 41
998 483
516 219
367 592
643 283
239 964
365 644
758 718
655 548
45 827
152 285
606 508
998 586
292 39
304 729
881 893
69 450
1000 591
114 169
393 202
740 502
763 952
97 226
849 530
991 612
890 45
658 809
942 556
539 609
202 592
327 506
364 726
575 911
49 683
345 157
373 537
116 471
436 330
720 546
494 309
582 46
680 536
631 37
46 522
710 426
639 381
592 454
332 988
497 595
771 990
923 290
51 344
357 304
219 542
852 191
128 453
660 259
698 701
568 793
603 627
7 413
799 726
162 375
447 532
901 709
523 186
877 680
942 860
582 627
819 770
60 628
691 462
467 597
985 928
214 460
601 895
111 571
116 161
582 280
696 366
419 253
627 193
710 163
380 659
500 720
510 863
695 546
82 229
869 484
414 696
823 214
229 455
373 954
264 753
373 603
75 207
529 341
616 687
594 744
318 738
198 290
42 695
23 682
554 243
561 220
345 160
130 31
749 358
630 823
306 674
919 321
256 892
515 898
190 720
234 444
410 37
551 69
820 887
112 393
159 879
324 482
392 565
206 894
671 566
331 982
440 739
263 925
561 510
236 923
675 788
341 892
171 479
290 576
643 663
999 298
221 287
311 376
92 694
420 519
386 49
359 421
549 71
13 119
211 210
973 398
729 288
836 87
528 250
343 221
177 293
616 649
188 392
434 544
814 628
872 310
313 395
192 232
1 445
441 164
894 73
120 263
113 201
84 717
34 838
277 628
675 962
291 503
12 577
818 622
383 467
254 405
64 840
149 901
891 63
838 249
985 446
667 615
899 797
385 105
498 491
438 999
463 304
571 533
131 38
505 284
304 845
133 63
952 356
215 843
738 181
550 397
733 452
241 217
507 130
397 528
812 224
823 629
371 673
74 276
914 761
288 208
782 866
190 118
523 838
119 822
978 807
187 324
392 552
454 865
229 378
145 397
884 582
708 617
759 848
70 107
223 904
653 682
565 40
494 272
538 434
191 799
437 24
392 233
107 65
357 177
263 840
932 167
408 570
275 593
605 608
469 917
970 336
418 840
133 127
596 946
419 516
320 934
383 714
474 255
249 632
264 846
609 823
415 560
812 300
297 735
772 705
166 929
90 878
137 234
745 744
857 957
507 22
771 816
855 416
494 2
608 710
609 897
264 898
366 450
896 797
392 266
391 130
681 635
334 477
662 627
266 152
52 562
106 943
161 945
134 402
366 795
359 341
15 904
811 537
936 172
651 251
574 799
89 437
606 643
473 665
272 852
707 747
114 329
738 926
683 416
635 404
463 236
718 674
443 983
527 358
388 431
209 596
212 600
650 855
761 731
983 470
702 761
854 514
615 452
399 691
312 347
600 34
426 873
474 991
64 308
912 976
891 597
579 47
925 27
611 546
728 705
449 379
372 936
953 536
156 249
977 376
595 585
173 458
355 472
732 566
429 933
220 3
325 93
445 991
367 638
879 736
81 620
153 511
926 366
451 292
273 853
195 472
649 547
366 753
145 754
967 246
739 794
881 255
286 641
380 15
621 168
750 28
815 621
509 169
188 410
497 20
360 57
941 359
533 789
847 925
95 115
267 11
818 866
612 818
250 290
897 753
652 133
950 768
693 786
658 781
574 278
363 750
904 691
642 283
715 12
378 265
69 329
201 529
164 554
303 210
825 244
598 112
997 263
741 305
331 454
88 599
707 810
218 895
657 4
799 457
543 764
171 881
111 124
630 88
66 165
642 902
522 804
25 380
581 884
823 425
150 747
899 736
319 378
408 271
169 242
261 623
933 749
126 781
199 50
713 368
461 480
186 227
39 753
589 662
691 168
312 874
531 478
877 947
228 367
973 599
34 894
648 53
881 262
486 511
575 101
533 828
97 979
808 294
893 159
274 876
947 206
280 316
574 389
192 56
193 706
791 322
925 459
196 508
348 398
661 651
276 742
365 146
882 908
241 361
816 223
993 633
583 213
753 503
179 130
117 691
598 610
113 778
532 297
754 927
269 844
280 39
905 827
515 622
331 121
789 411
997 989
386 947
943 131
598 390
235 573
274 283
597 287
14 552
547 184
80 831
501 898
702 799
254 242
176 598
184 114
816 676
751 960
179 559
121 971
81 403
802 547
365 964
748 517
750 425
323 509
149 129
62 404
621 860
551 108
704 416
435 251
857 458
486 997
899 258
508 739
453 341
495 167
501 223
95 425
802 309
926 524
365 414
598 340
777 213
422 209
382 7
262 201
511 215
401 845
230 930
577 391
864 14
230 837
689 947
284 484
967 632
145 881
848 338
246 402
637 797
168 816
631 890
826 327
622 911
706 987
403 22
739 981
63 274
910 378
594 212
59 558
354 133
834 649
352 410
36 308
910 45
543 169
646 783
788 186
372 208
983 70
701 184
528 496
980 155
298 696
317 318
940 360
327 129
383 264
634 246
441 407
889 50
265 37
492 616
980 162
741 111
708 132
358 972
531 171
82 949
221 278
354 148
447 737
19 282
639 945
549 228
352 589
366 489
273 691
278 184
437 74
227 217
464 806
753 57
340 426
333 590
783 659
282 542
579 206
213 771
311 787
804 153
650 988
468 725
365 41
340 397
71 271
990 236
861 743
641 99
172 471
639 800
368 493
685 193
684 892
195 43
405 442
578 690
466 82
849 116
14 2
172 399
253 432
661 186
13 621
381 12
405 984
695 846
620 833
470 993
396 796
710 630
853 633
953 212
688 495
690 731
329 911
83 930
271 13
108 171
950 151
423 596
379 415
239 188
687 595
147 688
760 336
559 936
722 793
653 732
987 567
353 710
512 923
716 556
624 511
312 495
657 227
9 598
46 166
365 951
514 884
64 644
326 613
515 692
921 737
770 832
597 588
271 690
456 566
660 857
811 887
975 959
416 461
479 619
185 821
589 501
692 52
156 273
339 334
674 611
327 673
259 353
423 897
79 162
571 21
827 636
22 902
307 448
808 511
577 952
519 584
10 237
208 895
573 642
783 738
682 728
206 199
321 549
971 531
205 649
670 252
261 166
283 524
850 761
808 413
306 883
627 574
127 369
391 557
39 175
701 631
439 330
436 486
617 809
96 847
280 37
651 964
684 171
727 817
192 470
671 482
146 823
839 112
621 962
733 457
446 224
755 254
986 17
894 118
903 340
906 947
890 268
193 315
430 351
576 438
712 224
196 18
89 482
968 149
149 125
376 421
332 595
252 39
239 352
743 213
664 49
858 1000
241 701
199 189
568 512
763 837
939 541
700 566
78 429
248 670
724 841
411 429
62 204
292 919
764 435
373 645
430 975
391 855
817 982
178 890
948 783
765 770
410 288
420 818
14 609
35 755
945 452
345 396
575 754
702 381
664 19
601 919
57 137
969 901
670 551
649 957
789 478
550 695
894 168
984 45
50 390
618 265
589 143
896 488
892 6
122 127
110 451
405 173
366 76
523 971
915 910
15 454
732 369
850 20
668 897
247 347
312 180
88 714
154 930
57 937
638 101
693 55
728 350
295 793
486 321
27 970
936 62
250 432
106 572
891 274
127 763
606 904
499 505
850 703
539 713
482 479
445 48
894 610
659 635
537 535
185 296
457 127
453 997
532 831
352 378
59 775
259 64
353 510
117 549
73 246
125 963
967 872
150 849
74 835
969 102
413 505
908 179
158 676
612 588
366 388
823 301
349 163
286 122
834 550
471 483
274 669
314 281
769 173
392 465
323 341
883 734
673 889
445 301
736 897
641 413
938 711
126 304
506 738
990 140
41 807
233 820
464 93
414 293
762 869
56 52
473 215
100 31
333 481
890 743
276 822
939 850
165 827
353 719
491 408
546 463
520 403
71 126
918 249
84 741
933 960
31 371
3 257
502 778
661 352
8 583
762 848
625 47
189 16
95 103
932 15
219 410
592 503
345 928
770 845
441 530
343 219
219 902
994 52
747 941
870 585
83 779
589 152
133 103
580 38
606 546
325 543
882 554
760 253
804 757
218 286
306 99
315 138
810 79
850 798
537 152
258 584
634 184
912 509
251 250
844 572
583 313
442 890
528 565
559 389
200 525
900 15
942 451
935 176
319 560
182 762
785 601
567 960
898 888
237 773
359 298
708 705
962 772
179 478
139 250
276 825
4 415
884 812
388 391
149 774
65 177
888 554
518 604
827 523
60 491
640 975
68 246
300 312
586 372
694 186
693 275
362 456
185 461
189 109
694 784
525 712
341 153
648 21
382 980
366 675
215 400
450 274
239 364
276 975
231 54
555 679
494 157
108 469
294 782
639 360
588 677
876 786
932 733
40 57
169 857
602 726
86 395
397 116
677 198
16 376
768 179
238 236
957 665
199 966
101 208
822 303
761 518
257 823
219 601
249 996
505 750
293 353
372 648
947 845
115 533
259 963
45 479
335 507
706 399
827 631
415 981
816 532
139 83
850 240
736 4
690 23
142 151
620 703
643 861
362 308
819 802
395 326
476 91
580 689
117 110
503 780
447 111
561 999
733 9
651 236
789 800
54 492
225 600
860 792
425 560
998 515
392 50
744 917
450 688
888 17
257 202
443 434
407 98
538 22
422 142
772 718
703 724
416 469
41 748
34 444
7 752
375 688
600 932
899 209
458 677
427 382
39 545
627 821
276 987
386 239
600 419
536 425
926 335
687 544
261 833
119 288
399 471
380 707
521 34
232 581
928 857
927 836
550 75
19 302
393 788
52 760
396 193
877 727
440 112
216 834
877 505
289 898
508 195
577 748
302 302
9 164
397 109
925 983
178 311
536 853
164 704
509 9
430 731
611 386
181 681
776 364
131 926
521 843
784 942
865 379
36 369
811 434
719 99
984 684
307 211
148 802
121 537
137 468
326 6
449 906
201 634
426 361
927 7
121 700
43 471
925 945
628 568
103 934
953 587
626 939
646 409
690 277
828 766
183 910
900 544
281 416
494 418
162 730
684 315
949 295
658 791
315 677
105 854
872 282
413 78
951 360
962 798
540 956
957 494
66 901
736 267
564 448
93 178
575 425
995 535
637 459
184 744
886 438
774 908
366 107
989 589
553 219
506 103
390 596
79 911
818 296
694 689
498 104
260 507
423 781
503 817
541 936
2 789
67 73
243 157
256 224
959 449
97 819
971 99
931 918
669 704
719 42
223 249
709 656
934 840
218 490
834 875
380 973
133 766
500 352
511 597
665 296
90 825
307 848
539 892
416 975
128 472
351 259
683 645
140 123
737 39
945 60
817 171
163 867
703 757
107 902
478 588
740 907
177 572
686 715
974 474
348 284
100 134
859 52
145 840
729 482
445 595
889 12
707 780
750 318
684 885
621 68
933 414
721 204
557 716
461 111
92 500
343 361
990 917
490 252
579 201
145 301
319 811
362 11
88 926
616 493
135 376
854 503
119 206
664 616
42 697
588 55
675 15
584 381
740 898
652 710
169 94
44 981
818 382
67 838
17 820
230 693
822 642
993 221
316 855
233 644
979 507
572 932
41 757
815 758
975 864
121 779
785 553
650 502
528 923
607 696
936 418
37 931
146 303
535 252
608 515
741 154
943 665
173 413
377 706
34 311
928 63
707 454
40 108
465 836
585 386
530 652
542 152
497 662
706 673
267 660
148 606
986 414
642 717
403 7
717 482
549 118
201 296
320 64
141 365
58 827
494 902
934 949
633 638
748 881
709 757
72 914
404 776
305 617
395 60
160 230
970 822
401 253
729 474
363 739
277 65
569 341
193 146
852 642
353 208
511 137
267 202
480 464
748 866
94 496
955 254
459 612
610 892
649 875
659 104
623 423
677 331
525 786
728 582
402 53
931 988
486 790
51 761
598 991
740 190
229 573
939 433
593 942
938 121
448 483
498 574
995 668
737 268
542 796
271 738
107 989
538 469
138 489
891 549
227 719
340 432
8 426
675 929
585 124
432 829
648 298
263 588
640 146
221 421
729 470
751 781
928 530
52 677
87 614
30 165
230 230
455 243
969 780
608 974
713 861
383 220
200 369
260 709
743 322
508 313
566 762
54 755
536 185
751 714
391 260
28 828
287 766
681 463
212 104
53 164
544 1
531 31
682 4
579 559
990 836
841 953
592 383
459 705
537 429
721 54
969 494
987 318
501 414
461 197
393 787
900 907
571 207
643 395
266 425
152 665
10 449
936 676
706 55
287 970
527 195
13 202
800 910
109 963
433 318
105 234
119 212
65 118
446 292
29 572
254 279
495 816
229 289
5 519
422 994
576 86
591 661
649 573
83 354
509 410
476 265
472 615
134 112
425 622
605 719
795 863
323 973
765 906
840 558
772 441
671 625
298 619
981 736
129 315
755 819
619 562
406 974
559 994
399 982
827 764
994 614
107 237
427 120
554 283
232 804
37 703
434 679
550 771
991 856
473 251
305 281
880 46
260 269
928 9
31 963
1 186
828 259
87 361
521 113
771 76
296 429
443 470
206 360
660 42
635 53
272 3
777 446
134 351
886 736
185 893
821 339
980 203
524 768
54 208
148 161
594 280
553 864
599 419
892 267
658 533
790 352
95 350
390 124
852 846
726 556
74 641
550 843
105 792
818 941
112 1
179 36
10 608
209 392
258 546
84 813
604 504
538 282
873 994
570 685
677 638
575 773
777 212
489 299
734 890
595 305
306 47
769 416
828 449
188 497
287 594
902 705
111 201
667 537
300 508
257 108
157 442
165 872
612 807
874 607
704 218
881 933
26 660
788 621
877 205
311 451
681 232
506 756
372 206
540 104
446 318
548 580
393 918
792 291
215 218
73 485
472 467
319 432
246 111
127 177
656 584
681 670
304 136
534 161
691 607
627 119
277 957
772 484
359 139
815 173
547 314
397 759
358 922
496 739
326 629
660 309
7 450
856 890
420 323
132 187
322 135
79 533
207 569
431 661
564 374
612 830
12 995
520 874
226 383
128 275
918 103
717 812
201 37
554 125
756 729
418 31
928 682
741 380
249 186
390 798
788 745
624 86
245 868
172 605
900 898
204 833
698 153
428 49
358 23
782 328
597 721
514 49
961 703
560 274
299 666
559 716
125 140
34 650
43 295
869 501
380 715
61 824
496 446
953 291
342 566
49 184
120 199
246 927
103 230
877 455
626 454
701 833
941 941
428 800
456 400
740 643
352 300
427 287
185 105
358 405
575 876
307 626
617 980
624 723
194 560
200 447
909 869
356 684
582 704
912 103
901 223
954 190
972 326
17 630
459 527
79 387
524 198
552 588
349 996
954 360
371 777
60 516
353 3
457 736
186 589
610 90
307 154
52 951
955 613
540 632
281 154
303 234
635 186
284 320
582 900
860 245
158 941
888 405
823 398
866 185
232 943
922 347
445 323
529 512
752 514
974 311
956 718
71 485
721 24
275 643
997 128
216 841
525 118
611 560
32 467
915 868
686 807
731 752
901 684
192 712
878 468
80 231
737 310
246 652
838 273
299 768
528 437
462 342
831 637
151 101
614 711
125 422
809 152
795 648
43 815
452 471
122 929
449 40
453 438
852 498
489 628
678 946
48 66
93 679
606 488
929 691
718 1
419 817
868 641
87 543
484 130
591 159
916 530
992 594
59 594
147 958
430 966
830 42
585 689
224 585
645 683
256 818
181 666
120 708
577 428
947 939
749 833
569 10
104 618
780 420
41 333
745 749
47 510
553 661
923 601
320 897
833 421
10 722
140 989
412 212
421 126
988 177
755 94
751 679
180 882
281 855
500 301
631 369
454 509
739 668
641 186
968 621
264 731
95 796
307 998
214 569
130 397
589 173
979 621
720 706
762 527
70 647
207 438
967 592
859 975
299 881
235 982
366 325
316 365
645 982
851 526
614 531
389 60
258 517
209 138
64 111
99 400
973 310
68 115
926 271
709 314
960 905
174 211
701 744
77 716
220 154
888 308
930 779
832 570
272 117
670 897
634 128
261 772
677 135
298 997
963 236
421 780
978 715
332 59
52 355
890 738
460 165
213 488
829 556
39 830
754 624
152 923
461 663
230 285
165 174
836 605
620 434
273 152
708 738
753 894
635 778
494 884
636 936
963 255
223 158
890 158
547 754
859 25
784 116
221 229
659 709
590 722
1 355
7 433
912 323
893 465
617 16
281 255
305 613
400 19
431 829
405 890
345 939
368 470
633 901
66 538
227 524
806 70
922 479
488 984
162 642
610 717
680 698
297 177
847 298
448 947
678 183
11 227
301 306
171 415
547 168
177 465
925 597
987 224
692 336
617 666
383 1
269 500
216 759
990 611
87 176
507 788
57 444
149 1
124 61
700 961
171 581
414 669
5 134
733 87
784 932
650 367
655 844
824 536
301 224
863 763
539 477
456 192
820 862
376 975
79 559
161 141
466 104
31 225
611 807
932 850
342 594
651 376
465 261
690 111
80 294
24 452
329 758
501 692
709 797
418 760
723 315
362 936
286 505
426 752
665 775
865 829
608 187
978 589
64 60
341 779
376 860
113 932
206 738
979 219
574 264
316 544
509 982
441 442
423 949
358 374
640 426
661 255
134 698
116 947
501 383
386 651
469 143
251 705
364 771
676 557
425 272
581 411
623 83
749 678
255 596
938 800
706 50
397 143
576 818
23 962
714 353
974 606
641 647
675 808
438 463
44 615
750 465
418 228
615 987
13 414
683 805
267 840
496 962
93 127
995 909
194 218
581 950
156 151
16 518
126 899
177 535
319 322
500 752
299 36
134 494
430 591
742 763
106 571
704 907
588 797
412 68
68 108
273 964
6 814
583 912
603 607
462 553
273 205
245 23
184 226
163 664
982 610
265 430
330 602
498 658
470 16
899 166
812 489
320 29
218 74
471 613
55 846
773 541
614 157
8 405
286 211
501 243
11 115
531 333
671 807
993 1000
47 206
996 174
643 403
208 473
446 18
67 450
368 292
130 915
501 913
875 740
32 566
610 251
966 859
304 939
669 669
129 888
26 131
472 703
768 202
741 641
228 980
813 359
235 887
982 735
90 136
998 867
404 683
698 427
414 806
752 347
264 250
850 569
413 860
947 72
575 251
276 305
470 643
90 775
825 10
347 226
9 909
374 589
958 163
888 249
60 784
845 782
53 540
987 738
930 159
330 366
249 949
293 180
236 657
519 658
419 845
426 23
709 384
745 504
785 709
354 255
724 790
58 818
948 616
525 704
322 322
799 886
423 764
797 797
656 611
396 887
462 82
678 930
118 493
612 889
150 729
951 929
813 624
242 389
409 222
457 101
84 496
225 855
281 30
171 659
981 797
223 579
151 988
698 291
663 733
519 29
317 884
565 856
302 731
652 178
672 570
354 523
983 841
298 987
921 108
563 655
707 188
402 357
654 391
385 819
457 321
981 404
7 365
811 656
944 186
811 894
130 170
477 441
73 959
225 644
871 718
762 304
235 28
610 743
446 158
985 198
312 232
729 879
533 392
914 815
107 201
417 316
80 667
238 73
849 498
403 654
378 53
851 925
221 340
214 43
824 340
265 628
729 182
176 456
926 2
406 328
88 886
354 479
221 471
777 431
788 14
1 774
474 360
40 747
978 433
557 667
51 855
353 259
404 180
821 778
788 566
300 362
391 329
964 771
337 135
202 31
936 24
65 660
669 459
284 218
755 547
366 230
645 268
155 885
381 861
387 791
483 941
60 337
613 646
804 75
947 585
183 720
194 150
813 569
831 406
571 347
674 649
143 519
147 364
102 907
40 833
558 944
219 457
445 652
602 62
134 879
560 519
404 744
481 995
580 118
776 515
462 773
479 225
745 930
132 931
508 780
301 401
874 986
49 47
218 310
708 254
417 90
690 940
253 407
570 442
395 165
425 453
145 821
3 799
775 419
411 457
400 813
658 881
444 175
500 932
415 929
977 59
727 117
943 801
881 711
69 685
896 553
240 971
148 153
989 223
657 747
768 625
338 85
249 573
958 813
237 638
776 732
225 222
52 687
530 536
77 958
786 938
952 896
312 211
802 15
276 328
539 144
82 798
617 258
377 808
495 292
343 72
81 689
501 947
716 800
375 487
827 338
668 307
885 61
694 207
811 434
119 258
171 443
158 29
687 422
933 711
8 793
749 303
226 606
639 951
96 695
854 431
655 639
952 680
506 562
338 693
581 763
957 452
86 173
995 391
180 844
697 685
3 46
923 654
40 548
481 738
79 961
824 735
816 474
3 810
305 511
780 259
302 882
178 544
167 480
655 253
923 862
428 964
100 212
559 989
986 922
158 629
822 408
24 402
185 981
981 234
259 822
117 360
782 927
94 706
127 375
735 14
333 40
883 861
790 611
596 148
489 153
814 582
712 954
762 535
87 234
521 11
18 484
527 59
720 896
626 420
751 698
142 390
490 950
790 603
233 942
860 58
590 409
258 355
233 763
935 713
566 903
304 894
592 48
425 62
729 164
536 124
472 928
171 325
186 529
604 792
90 121
95 809
111 305
76 867
169 747
712 118
64 445
832 785
872 586
121 876
72 75
840 669
117 354
621 600
881 767
462 309
398 940
73 987
841 98
71 216
24 689
733 495
453 937
71 3
565 267
565 822
738 4
708 58
12 312
737 407
113 895
562 40
427 764
366 525
249 467
533 471
736 483
953 242
497 262
321 656
432 881
397 788
678 606
534 832
560 942
893 103
768 140
780 454
386 191
707 546
256 756
564 532
594 861
851 677
642 316
736 750
157 504
654 448
609 845
876 806
462 874
813 105
26 648
743 417
6 723
168 647
283 649
790 641
401 801
428 201
220 361
868 982
724 786
690 374
59 259
73 465
694 66
330 601
316 673
111 251
948 14
922 945
398 86
325 989
778 879
591 901
877 854
490 19
1 2
54 465
437 465
518 709
70 314
444 45
60 832
153 913
337 124
708 730
127 638
581 79
89 849
379 926
87 143
46 330
832 578
541 976
258 46
515 231
509 61
212 277
956 511
492 641
632 988
145 373
228 159
428 407
692 766
30 490
723 760
109 139
153 720
303 524
8 277
907 212
840 562
44 610
626 446
285 629
864 393
551 676
403 28
549 53
798 570
692 791
68 219
410 835
486 831
293 271
232 466
661 228
740 231
3 974
730 942
963 138
339 860
249 845
226 843
480 374
98 96
27 179
772 466
168 283
639 995
471 999
621 5
640 770
190 900
610 923
296 57
61 504
809 657
91 921
411 582
935 520
212 156
380 46
716 668
319 428
284 403
300 222
71 921
133 755
987 894
244 186
439 466
489 469
308 702
848 560
151 552
192 159
76 241
314 218
484 333
666 641
19 673
931 418
405 137
481 62
535 460
308 602
752 485
775 368
287 2
837 201
26 222
451 294
857 827
135 517
918 775
901 18
545 333
573 92
87 273
618 495
443 21
312 580
347 9
712 654
881 219
783 734
20 742
116 334
920 598
573 698
192 477
75 12
7 416
79 310
100 415
823 912
62 720
280 125
482 133
276 233
697 702
826 16
371 543
51 177
385 724
932 45
277 36
991 733
860 224
854 513
104 229
883 296
556 901
985 303
580 123
849 494
808 192
199 411
766 147
964 639
123 214
39 705
55 461
211 412
152 334
145 738
783 844
383 189
421 578
676 430
893 170
111 506
451 417
532 237
903 147
872 710
799 23
815 10
456 461
117 694
129 584
455 891
10 678
527 770
296 383
365 797
178 750
264 815
317 720
661 385
364 324
816 161
811 319
158 206
637 305
317 273
676 759
368 987
69 14
38 628
444 864
326 509
717 955
505 902
4 62
864 415
690 1
869 47
293 321
377 40
994 946
905 604
113 458
698 356
337 906
357 414
760 36
731 295
469 899
967 332
579 961
929 536
24 698
687 912
421 283
358 516
567 678
188 27
669 429
911 240
270 535
945 24
823 694
228 557
864 212
652 928
150 413
903 63
127 460
966 353
951 926
437 643
141 687
287 216
146 20
825 842
958 125
472 741
440 696
477 428
164 68
300 991
154 568
900 912
899 147
6 607
684 633
842 661
198 929
866 879
735 725
669 987
395 627
397 19
659 716
387 116
374 994
386 835
477 954
763 280
971 265
935 603
310 971
208 741
463 704
435 83
561 537
646 145
458 248
113 593
728 979
142 704
729 33
930 906
544 751
693 181
2 833
545 968
879 240
997 38
162 831
723 57
322 521
816 378
630 364
999 482
549 401
637 606
654 310
202 434
730 663
121 223
680 581
44 971
391 328
396 488
98 912
923 713
786 796
809 617
276 945
813 509
985 8
457 825
385 7
668 521
994 734
925 162
436 450
623 669
98 466
511 702
993 988
850 750
729 701
3 355
492 28
585 440
260 674
226 843
589 482
720 983
509 52
731 609
613 687
784 125
307 6
865 621
639 398
960 186
10 729
123 387
382 688
131 950
465 273
862 651
194 325
202 773
3 116
112 759
781 570
411 674
731 288
692 139
970 716
146 909
51 765
664 631
685 780
590 534
755 443
819 668
351 871
722 51
282 881
132 792
792 169
253 224
502 745
683 858
120 201
801 709
214 618
377 515
957 13
962 163
69 222
828 950
794 749
281 446
333 300
612 211
596 605
310 525
319 562
750 950
356 210
836 173
333 632
459 353
112 758
560 956
979 90
567 354
552 354
468 5
484 608
1 674
223 800
933 117
215 12
318 390
230 909
954 286
545 302
325 352
606 811
44 618
442 372
657 859
430 809
482 873
58 110
65 301
773 289
92 844
429 83
210 196
284 595
50 882
684 733
221 708
93 224
767 602
975 51
261 792
37 915
429 152
175 520
271 508
520 627
325 158
1 145
781 610
34 998
641 924
609 442
9 581
254 253
584 200
316 335
1 603
734 846
249 106
808 853
196 896
423 357
823 401
781 140
401 197
260 911
840 75
170 480
461 133
655 401
308 740
566 680
822 513
77 400
419 944
813 249
780 734
385 726
418 465
322 104
5 389
895 510
733 325
780 380
219 881
485 949
37 494
401 81
503 17
768 182
891 83
874 50
878 940
550 708
468 353
319 796
247 960
989 486
232 131
271 540
233 587
327 38
102 250
919 645
955 320
914 875
566 695
325 559
666 608
593 209
200 850
629 308
775 322
341 625
261 879
159 571
9 959
810 981
162 445
683 33
556 917
655 745
803 150
978 868
313 666
820 322
956 577
686 499
796 500
583 483
60 644
951 190
503 636
257 103
691 254
749 234
217 744
6 25
708 207
46 399
136 575
577 559
299 19
578 131
602 435
829 773
368 958
914 70
124 272
325 776
777 240
344 940
138 12
331 885
194 25
271 404
142 631
485 116
383 440
932 911
20 756
35 518
735 452
834 872
756 255
194 187
530 844
213 64
8 906
176 630
102 992
340 743
296 636
511 796
977 179
89 708
510 186
242 273
427 121
894 381
811 558
856 22
902 783
540 694
542 52
762 160
565 234
428 307
910 160
142 93
321 790
629 453
219 67
950 638
774 400
298 912
131 852
399 702
621 455
36 801
431 987
836 544
484 42
131 220
521 711
725 519
525 236
605 5
830 966
12 814
434 252
982 211
489 512
85 368
849 4
884 217
434 124
197 441
129 590
148 785
292 877
398 167
804 605
61 540
364 661
150 462
628 426
408 937
907 627
42 927
192 884
529 865
215 584
309 431
534 668
118 148
321 621
142 544
671 31
599 317
512 472
525 770
119 972
5 138
58 984
566 615
656 755
368 938
143 555
9 174
31 409
376 862
163 851
222 578
223 715
812 85
206 957
55 624
954 555
664 670
116 261
293 567
977 368
190 739
583 51
36 400
896 497
911 611
647 94
201 621
11 445
53 443
996 440
941 879
259 780
751 174
738 801
227 473
170 254
23 137
385 874
442 714
906 535
34 660
384 922
241 790
774 477
90 603
251 939
789 486
689 111
974 262
444 138
258 54
501 633
55 593
832 349
285 16
329 524
949 31
661 646
311 602
423 11
358 932
740 859
41 674
91 727
804 543
580 221
900 932
462 601
196 248
379 364
947 21
682 959
58 288
589 32
113 740
796 817
41 21
872 967
61 146
446 698
44 679
18 689
703 919
588 271
712 521
857 844
874 973
800 746
940 100
901 237
997 385
395 426
985 694
795 313
523 317
163 74
299 156
50 123
206 829
437 527
731 738
730 216
368 997
725 297
186 853
969 970
967 184
191 382
372 70
992 428
805 640
735 58
104 945
86 558
203 808
424 97
260 121
992 108
77 19
305 897
704 476
301 546
851 306
30 135
133 569
385 723
159 529
497 136
606 38
793 11
116 355
971 58
587 730
461 980
649 51
825 583
715 385
355 626
500 272
102 190
826 614
667 281
642 109
511 42
871 126
168 873
830 314
16 445
44 84
634 517
396 137
628 114
70 429
882 909
857 162
399 196
876 382
872 267
579 548
214 269
170 743
682 689
211 469
624 279
880 895
379 106
706 681
661 158
827 313
585 693
497 938
553 620
277 810
151 591
329 60
917 823
799 886
166 805
280 31
560 209
32 133
537 353
858 382
692 576
178 612
762 663
980 749
372 550
994 144
559 532
226 166
844 22
478 763
898 737
378 798
219 796
131 498
472 135
817 41
386 378
745 780
276 711
746 24
629 82
435 903
915 832
223 585
198 281
350 558
596 723
665 8
419 766
66 911
415 130
463 612
79 237
231 525
944 711
425 137
322 200
708 556
933 167
826 117
561 46
860 359
562 665
389 578
91 2
906 188
618 749
259 698
34 719
495 850
494 576
135 519
554 147
775 975
830 989
812 31
156 740
711 515
185 853
656 993
642 649
711 923
581 693
826 435
762 225
859 593
559 735
675 730
735 785
337 133
353 703
680 615
788 356
291 952
683 458
344 163
223 835
751 175
276 417
901 461
907 621
233 691
762 540
520 819
249 74
919 626
230 675
167 724
903 217
980 218
275 360
950 22
731 324
776 313
103 694
435 747
226 380
77 863
801 868
402 452
690 194
872 71
397 959
495 916
560 895
772 223
687 256
195 143
466 36
291 327
619 324
718 592
730 791
146 865
729 135
268 708
198 24
23 69
554 780
588 947
437 417
264 178
896 146
972 423
620 903
854 476
827 349
783 686
495 4
503 933
808 804
680 662
309 819
606 599
583 689
992 514
921 997
615 690
4 769
617 472
525 385
440 155
923 829
267 204
515 793
314 927
134 782
234 641
502 229
1000 912
205 630
817 786
331 269
831 577
205 177
812 300
641 140
725 987
963 17
713 58
26 177
581 158
315 8
948 217
85 677
111 253
315 434
556 527
271 514
304 122
182 543
889 603
213 58
855 107
42 288
780 735
110 685
936 210
337 985
826 216
772 728
933 361
424 707
965 899
168 13
909 231
542 688
778 953
273 288
349 872
967 70
310 931
883 301
373 228
501 784
285 469
168 759
687 748
216 700
758 365
834 872
497 664
9 766
832 149
159 725
292 397
711 147
710 793
891 847
228 138
177 343
644 728
851 66
302 432
544 261
434 47
493 892
765 260
386 34
682 322
323 705
547 504
764 919
980 299
903 660
691 131
371 62
656 911
288 722
602 928
624 248
574 354
751 843
958 965
907 79
241 67
591 834
913 924
558 825
443 297
939 193
442 101
50 962
551 128
165 55
453 989
966 576
51 377
435 785
230 749
727 29
65 154
260 742
747 364
645 520
546 306
517 218
488 718
220 690
35 752
670 884
956 229
991 363
296 193
636 534
425 45
871 443
914 217
14 947
356 864
759 600
382 897
938 537
647 39
797 624
381 377
187 681
272 617
937 582
587 453
466 706
390 633
731 298
362 317
703 891
504 852
151 994
492 226
766 15
491 993
852 782
158 171
205 50
880 762
325 573
420 411
934 742
642 586
290 759
531 822
779 57
175 728
512 73
433 97
380 17
738 764
204 137
761 440
392 70
463 624
927 611
511 156
912 499
883 728
996 873
346 480
655 927
541 66
876 280
787 374
1000 38
645 199
435 198
958 54
951 536
26 182
819 890
665 282
103 737
377 442
82 993
867 927
261 408
450 907
637 812
578 22
85 943
615 697
356 668
303 16
907 629
560 867
914 856
802 680
259 813
221 486
813 512
719 768
26 671
854 912
571 371
34 59
67 6
381 777
568 135
115 745
437 907
431 937
12 902
187 322
34 377
373 590
304 649
296 78
622 740
315 319
434 576
424 47
963 130
919 66
484 450
931 685
869 870
963 677
657 200
803 78
858 326
835 130
263 62
549 603
525 996
993 799
285 978
188 392
560 681
793 206
814 371
316 773
93 13
790 557
570 549
765 63
457 733
915 66
370 328
700 868
632 534
458 122
624 632
354 89
716 280
469 52
558 493
921 312
259 769
266 159
549 44
370 833
734 855
403 294
534 410
585 729
42 535
122 409
833 321
450 866
631 856
409 384
255 510
863 942
209 773
630 284
697 620
853 217
688 717
114 192
610 943
445 86
991 783
318 726
846 84
144 33
900 503
281 47
198 652
909 872
143 965
7 341
227 954
837 889
238 884
327 50
611 655
981 449
965 793
141 250
213 477
478 409
386 664
47 939
725 674
759 485
557 742
271 220
123 5
455 267
813 476
344 810
598 701
906 966
164 832
320 304
410 11
857 620
352 669
968 151
567 677
831 268
965 500
17 378
450 28
897 281
853 70
529 335
360 614
141 986
166 536
315 772
117 278
129 270
222 612
833 565
47 282
831 991
604 192
37 668
793 48
262 887
17 158
409 428
725 54
816 291
892 816
475 501
104 681
74 205
129 130
39 437
72 409
419 792
277 478
473 75
576 139
729 425
968 126
740 615
759 947
713 615
255 71
30 971
99 673
653 706
512 561
35 684
980 50
605 363
521 484
314 104
264 498
247 897
217 518
554 758
627 694
156 58
682 703
603 1000
505 295
141 691
325 1
463 487
141 581
627 99
375 36
349 617
379 773
189 322
345 735
303 283
433 229
179 502
833 38
286 458
629 871
32 47
862 762
169 905
675 764
935 821
612 427
341 905
417 119
105 23
477 512
371 213
930 622
288 828
343 130
200 517
525 63
942 432
961 735
164 516
733 849
178 637
491 731
209 272
249 989
330 693
696 872
26 544
983 391
286 481
663 893
615 549
794 630
609 761
294 843
605 330
810 722
748 398
503 4
925 105
472 230
101 946
266 565
575 522
234 107
656 740
30 984
811 265
24 378
684 629
700 646
64 991
242 839
724 342
553 992
527 54
434 865
10 259
893 839
562 627
740 165
671 804
444 151
176 712
798 648
112 814
219 825
805 894
52 979
364 194
459 79
69 218
168 628
439 484
148 905
31 540
574 183
507 831
546 351
20 876
314 747
557 871
127 399
872 371
122 779
603 982
589 789
812 398
404 673
369 547
133 63
444 351
584 96
652 572
38 450
471 510
614 391
369 33
408 616
339 42
948 903
574 604
453 822
301 355
150 614
113 988
931 933
562 703
720 401
577 656
753 2
276 786
560 733
96 237
173 745
16 107
379 371
775 410
335 643
421 795
45 466
222 59
171 185
651 812
665 334
707 766
214 846
825 415
73 747
953 986
977 374
862 996
18 250
22 970
296 796
492 868
484 904
264 331
655 153
439 676
419 818
426 130
327 754
370 803
302 324
659 211
464 314
91 539
452 409
553 410
589 444
19 77
526 14
246 416
554 426
551 840
750 804
325 489
936 313
785 763
874 438
31 916
137 969
485 16
181 371
998 290
174 294
837 737
308 894
950 624
718 224
731 835
130 426
945 264
777 728
5 729
171 649
880 966
873 442
351 455
463 829
72 709
533 119
69 953
754 254
596 926
91 851
230 240
570 211
18 494
481 269
712 734
754 330
836 322
298 636
509 281
853 978
503 121
710 703
56 966
899 443
421 76
525 382
527 872
784 633
985 10
206 696
780 524
65 552
262 365
833 713
391 475
903 526
887 139
463 757
290 393
280 853
967 202
449 523
674 672
241 350
384 471
33 795
401 202
338 739
587 745
549 425
811 466
941 648
488 792
665 678
695 327
818 479
487 411
72 309
673 515
882 845
40 226
453 542
85 623
545 438
840 149
399 75
122 669
608 844
231 884
366 48
545 920
725 879
861 387
546 890
640 561
747 125
506 592
4 885
411 629
224 658
21 946
619 501
963 849
817 213
199 735
78 815
284 730
47 143
873 923
561 145
453 806
681 950
885 200
297 118
174 785
117 678
167 127
191 680
891 94
308 897
628 518
352 895
899 162
224 82
231 72
525 810
544 748
762 595
194 977
810 799
696 709
852 577
302 610
563 448
274 765
684 666
931 658
367 792
28 220
461 300
973 203
259 840
613 819
834 11
238 637
829 840
543 298
818 328
124 158
789 973
161 884
198 301
686 462
46 726
148 606
467 433
621 158
922 267
311 857
351 120
496 730
398 43
848 755
446 428
458 393
536 483
910 265
255 652
335 201
655 644
621 690
920 946
26 34
318 891
584 554
367 453
80 525
527 443
135 580
688 947
610 786
514 904
43 212
98 134
510 688
89 695
26 971
805 236
131 891
979 71
871 514
662 101
842 330
190 281
650 750
217 419
299 396
268 337
868 331
480 834
371 605
817 199
71 737
951 848
776 706
535 347
264 280
415 28
107 457
375 864
564 882
812 908
243 530
2 956
430 2
812 295
663 957
598 167
561 130
716 768
274 547
334 351
183 9
228 840
643 727
371 242
425 794
383 566
403 876
21 862
661 983
921 32
643 680
596 575
639 430
293 553
711 234
141 861
692 981
294 958
366 706
593 303
402 848
493 726
748 349
991 555
406 941
490 638
902 265
224 438
153 541
739 232
491 648
693 327
318 293
121 149
960 996
785 410
399 545
410 833
990 40
292 54
838 761
469 300
742 951
566 880
727 984
377 182
200 153
545 74
238 918
819 657
883 584
142 137
958 747
762 922
581 767
279 842
934 770
85 368
755 642
59 859
787 167
902 331
612 741
360 809
707 989
748 414
896 791
236 239
630 691
880 185
947 687
653 827
729 807
241 544
308 951
819 372
627 559
544 662
561 451
892 698
106 448
801 268
736 520
503 870
239 220
701 322
554 708
218 289
334 364
561 262
803 767
98 683
145 850
209 372
93 906
872 663
551 393
356 468
785 437
470 75
692 40
714 177
143 978
800 743
453 551
806 253
437 188
168 559
706 633
264 26
65 816
746 297
893 815
700 698
3 200
6 798
128 720
493 232
187 320
416 5
965 720
478 95
948 185
368 117
149 896
104 244
165 457
377 846
812 222
518 300
972 433
865 82
573 264
697 502
966 226
996 880
11 849
704 641
877 833
309 111
96 126
676 385
15 491
293 59
135 924
21 733
755 805
951 147
96 292
966 619
62 102
919 225
222 973
311 653
577 464
322 809
191 578
868 659
364 299
524 99
379 282
845 426
257 806
662 869
566 712
57 544
344 427
941 675
959 219
220 922
340 352
134 647
511 456
698 545
731 654
283 526
200 270
555 619
27 117
24 8
210 29
719 726
853 858
15 65
684 780
355 97
422 535
12 640
373 230
558 894
450 160
558 639
23 808
63 363
471 274
593 81
842 905
249 264
638 553
682 599
204 183
284 723
773 596
624 929
105 142
870 291
802 366
586 522
906 250
306 293
285 668
523 8
605 688
544 109
599 78
691 520
486 994
705 333
381 903
145 524
857 987
411 344
986 120
268 597
713 484
667 451
271 469
786 664
271 667
507 83
312 651
61 188
17 128
94 148
853 224
444 332
714 994
674 351
540 890
825 255
110 522
896 434
798 282
134 813
570 230
945 45
935 128
995 670
375 490
814 558
594 637
557 385
234 999
280 304
415 228
177 37
91 251
848 929
333 849
645 534
852 774
256 597
680 232
218 996
487 414
423 986
317 883
963 616
756 56
31 153
225 684
193 562
353 417
556 869
535 859
649 948
558 689
466 120
750 500
402 78
59 701
465 937
352 114
593 892
163 635
240 940
725 982
516 14
648 650
788 256
464 561
382 92
420 271
471 126
524 309
68 240
659 184
860 927
969 362
483 349
678 151
585 489
679 417
706 700
852 66
46 492
132 274
157 176
679 624
657 562
377 235
581 317
193 429
990 986
697 379
323 4
578 351
6 91
37 811
936 911
709 147
271 92
277 487
284 339
7 852
55 560
708 917
137 721
69 506
304 928
443 844
289 980
871 373
832 883
802 396
386 109
7 818
643 3
81 262
155 750
510 478
516 88
203 192
595 267
778 901
832 438
639 856
893 298
99 775
290 298
96 479
52 327
246 454
490 444
629 774
4 900
234 371
181 122
45 641
808 954
951 520
322 706
750 681
969 278
473 750
978 657
886 788
429 956
577 908
151 242
618 650
345 868
627 485
828 777
88 40
350 55
134 131
173 834
203 707
92 118
250 509
629 911
895 348
796 332
515 802
271 391
934 669
722 15
944 817
123 594
78 731
67 388
269 798
355 729
445 513
581 423
836 253
512 203
151 44
74 590
465 631
765 1
872 50
78 276
966 544
711 873
774 669
8 856
678 820
732 956
725 505
195 70
860 369
291 618
866 454
500 736
241 136
92 816
318 236
47 490
141 28
568 691
325 204
950 61
113 420
897 800
140 405
126 37
98 763
37 42
805 895
955 858
148 147
477 944
172 493
702 594
859 234
554 857
205 156
724 557
510 745
302 391
966 421
899 852
14 298
22 642
453 264
13 756
429 669
332 330
559 396
84 371
470 79
766 788
366 909
190 811
866 818
57 7
22 951
96 419
273 400
604 790
385 291
791 760
808 715
73 805
862 927
244 366
417 20
206 983
249 469
306 956
282 351
996 393
989 79
767 718
29 626
516 820
438 413
650 628
836 365
368 812
989 489
920 727
986 524
389 165
388 745
909 608
826 359
817 294
93 743
827 521
737 726
204 407
506 2
605 455
680 5
977 870
164 868
897 189
744 685
462 867
680 373
763 171
508 510
694 726
162 699
147 385
568 818
367 694
523 652
46 12
575 4
571 552
353 900
711 111
209 892
762 841
557 999
993 506
304 876
948 345
139 379
153 49
708 897
263 628
278 107
373 565
829 477
546 265
783 699
594 960
395 330
388 428
285 420
486 822
187 757
466 280
550 22
594 962
871 633
989 714
986 58
957 652
501 110
362 461
940 914
353 634
156 61
652 969
59 384
55 6
210 929
645 712
11 663
1000 444
854 815
976 283
573 374
809 377
366 843
35 428
436 630
503 527
81 720
920 228
212 197
931 512
657 197
745 742
876 785
313 570
587 942
100 99
102 620
316 774
471 249
417 904
666 935
958 402
371 368
473 676
724 315
249 558
418 409
223 66
559 87
18 96
711 954
957 153
390 870
58 539
303 734
187 436
893 657
560 710
705 709
434 945
365 831
811 809
841 783
191 474
942 747
419 900
248 556
728 403
645 461
920 379
511 953
771 174
654 504
554 207
288 307
438 547
500 151
668 27
187 452
701 964
260 797
672 209
264 959
695 631
295 191
471 247
581 587
997 953
465 596
182 81
830 19
326 163
80 599
477 410
964 246
985 83
71 332
944 808
223 311
990 48
404 633
785 543
999 962
368 636
987 334
934 680
965 350
313 836
561 337
432 822
338 390
185 479
448 480
108 233
330 651
78 684
545 318
407 436
848 754
139 832
536 569
183 168
219 508
217 166
554 317
295 408
155 506
859 505
553 540
883 596
731 545
992 131
152 675
146 572
589 106
69 676
327 525
985 970
195 32
305 438
744 967
431 44
732 651
386 214
781 756
249 559
93 26
316 529
645 160
738 919
178 610
908 681
876 843
230 469
973 910
991 107
961 651
787 636
533 106
21 584
718 99
669 85
672 242
293 128
696 718
17 294
887 642
652 749
622 381
492 641
14 241
880 438
907 423
102 686
830 332
433 176
518 788
270 522
53 981
243 606
920 506
78 256
468 842
957 376
314 704
510 125
221 774
458 234
585 162
272 522
939 928
119 166
847 606
58 190
514 303
848 953
945 453
447 934
567 234
358 74
572 109
179 988
914 256
373 757
209 239
516 707
419 294
944 251
486 591
375 255
610 436
386 183
700 253
599 464
750 748
150 946
131 406
617 370
93 685
967 340
179 767
331 693
806 481
32 723
387 997
538 385
328 990
580 896
608 222
94 823
655 648
885 588
725 92
26 239
134 164
889 996
815 133
604 827
778 575
182 55
344 73
481 124
516 220
650 404
990 670
470 431
911 501
433 667
422 415
364 96
420 337
278 205
163 892
89 406
280 625
447 13
491 772
525 896
633 979
738 116
963 476
38 461
435 208
730 363
952 631
105 667
998 496
598 829
409 372
506 976
701 544
26 624
708 576
252 967
859 979
983 679
20 760
911 928
465 46
131 125
917 662
431 223
321 4
964 884
200 551
755 987
719 362
846 209
784 6
963 812
80 46
674 346
580 786
213 6
475 423
685 33
776 801
194 37
821 949
261 332
960 178
350 1
140 662
373 475
207 170
284 475
65 391
685 330
264 487
145 253
70 817
278 62
476 191
406 907
115 190
838 280
247 557
382 335
433 82
133 453
668 322
744 831
720 913
226 496
589 408
243 923
580 244
820 785
955 924
679 271
748 337
723 142
565 298
843 307
208 178
648 469
303 328
899 109
224 43
527 803
216 128
870 578
350 261
816 925
977 605
150 560
596 461
986 487
308 956
602 171
998 812
57 637
611 320
484 713
833 874
121 859
870 489
53 658
746 795
641 728
128 704
885 843
871 694
7 564
524 646
582 894
583 424
954 906
61 795
451 908
547 809
751 409
21 216
42 186
898 163
605 489
314 298
327 686
859 215
499 384
579 731
582 749
454 954
171 212
347 679
695 147
207 854
614 851
126 653
560 558
49 377
698 147
188 788
641 590
297 565
826 411
441 229
443 622
288 749
78 678
958 360
292 582
9 450
591 144
177 557
570 2
600 710
147 833
540 49
994 957
382 135
667 537
274 401
596 37
337 715
307 127
809 442
183 914
686 601
422 911
278 61
768 281
326 529
420 787
149 775
931 531
448 679
776 216
223 565
501 50
822 50
389 229
873 796
943 941
714 881
816 158
424 588
825 710
163 418
839 523
231 779
217 115
476 446
7 225
784 220
205 968
584 686
975 458
878 14
927 403
700 199
702 21
475 12
285 887
40 66
784 929
513 978
453 737
838 947
729 654
745 747
782 783
184 591
351 165
140 740
17 713
225 222
233 392
170 37
299 674
396 948
288 175
37 185
742 558
767 326
982 169
566 682
561 107
345 58
896 54
498 165
13 679
256 190
206 519
545 166
635 265
256 851
135 135
203 158
309 951
768 542
965 668
23 757
445 133
804 343
84 588
361 446
588 902
456 731
766 999
783 129
771 50
203 162
407 697
586 66
517 234
514 353
91 983
389 872
917 777
759 476
726 824
245 760
665 765
226 487
757 701
714 868
830 787
813 493
994 39
305 676
186 750
701 548
786 925
119 27
399 366
923 842
148 79
943 909
533 24
891 76
543 965
386 476
862 54
673 841
844 172
236 594
597 247
630 442
995 832
393 732
825 741
416 744
358 222
320 907
386 678
124 744
195 779
18 19
293 566
780 878
372 625
130 340
445 306
866 163
191 653
62 622
753 710
995 133
716 575
129 309
995 616
353 850
100 126
58 749
692 545
980 154
703 868
69 41
683 928
678 337
52 439
364 756
234 603
934 588
100 219
489 305
585 687
366 130
915 988
153 168
875 927
896 985
948 335
572 38
478 63
971 689
776 781
413 165
957 770
665 77
643 742
66 897
1 263
180 875
529 325
932 395
168 625
734 544
54 730
48 136
199 955
605 37
778 507
842 617
764 259
272 428
581 61
306 252
562 837
544 260
676 257
419 159
175 967
289 685
103 399
93 596
131 381
836 148
550 265
806 533
117 93
855 637
317 565
549 82
757 358
179 960
99 661
456 900
904 187
131 406
427 576
512 726
921 164
399 80
56 999
916 863
285 333
997 393
853 898
164 866
158 797
313 55
67 572
169 170
844 147
29 740
260 764
119 972
375 7
70 307
916 118
99 687
412 585
495 516
588 735
829 140
544 574
531 731
862 792
467 282
115 558
103 581
372 614
14 688
103 943
462 208
403 885
696 137
603 771
730 862
325 657
869 731
338 100
744 549
333 173
845 312
291 776
928 962
707 804
884 176
760 328
395 37
372 601
630 399
59 158
659 886
84 994
389 21
859 159
867 903
509 767
389 726
860 311
118 262
109 358
219 682
37 458
515 315
383 320
128 643
718 771
720 458
861 894
693 65
309 31
445 537
992 147
197 248
57 593
978 186
483 338
624 604
828 512
202 330
842 12
268 767
435 655
341 928
528 248
863 185
926 689
950 163
145 44
744 755
805 238
416 925
522 181
325 52
577 349
290 118
177 604
897 872
390 709
406 32
711 857
728 590
660 295
304 338
67 648
536 701
739 103
487 26
715 562
223 960
562 827
259 938
201 571
482 43
584 124
454 248
994 982
819 850
384 698
846 771
105 769
628 834
397 405
288 730
132 352
409 812
988 547
398 97
632 641
946 667
630 852
392 78
480 115
261 666
204 902
666 992
338 240
642 602
1 488
840 26
111 4
280 549
803 181
534 365
215 442
848 674
395 154
153 129
598 841
536 713
392 635
720 42
531 561
285 106
618 262
174 253
571 966
672 395
287 14
722 901
506 528
253 58
869 267
292 809
537 11
167 632
477 878
58 564
491 353
921 508
109 30
324 320
449 576
802 365
774 318
244 24
263 977
985 305
735 524
468 796
837 177
308 384
817 397
414 627
490 209
180 428
451 131
455 588
543 620
288 854
870 246
6 941
145 847
552 932
768 745
731 239
242 701
887 629
784 705
532 884
707 870
969 285
995 117
892 441
824 564
940 680
8 945
594 129
959 918
499 946
690 113
468 623
495 834
564 467
117 276
664 697
745 456
897 235
16 249
600 8
527 199
767 563
293 590
508 634
262 306
977 706
677 207
845 479
499 401
163 762
758 422
35 996
242 465
865 951
972 798
215 87
805 119
889 168
249 611
58 967
673 844
752 905
857 614
806 654
641 538
458 465
76 92
78 228
152 922
887 967
477 479
592 310
597 712
267 155
303 907
613 427
644 928
399 559
451 731
5 767
517 790
382 259
314 869
938 973
765 755
261 169
275 137
272 173
908 770
832 646
485 148
220 307
993 675
726 115
328 531
696 956
493 200
926 954
424 479
8 32
282 486
797 179
161 175
346 974
270 253
900 51
592 551
615 706
889 122
360 563
422 73
901 136
206 706
343 78
367 142
188 852
698 326
972 272
335 38
789 798
626 584
867 43
49 52
770 585
561 5
212 804
215 869
29 621
285 5
339 38
497 748
281 638
142 569
999 937
337 629
606 354
600 111
123 492
802 927
63 360
922 56
35 638
540 379
499 889
285 452
435 99
207 731
776 188
158 987
385 118
156 660
577 500
186 150
312 770
787 244
157 281
536 922
134 683
327 983
603 264
331 272
913 610
6 815
229 624
23 707
647 554
490 394
877 679
797 777
301 729
713 629
429 805
440 740
638 402
372 778
529 324
189 254
421 229
473 65
54 934
984 183
577 189
635 795
15 399
515 263
883 626
291 853
668 294
130 508
100 664
137 273
861 700
534 85
983 841
336 217
123 241
580 61
758 2
886 160
100 70
526 780
994 795
132 699
388 926
997 695
401 710
227 666
848 545
856 514
20 309
893 422
652 734
690 180
225 690
772 509
324 222
679 629
822 442
304 85
268 392
222 564
240 523
981 705
628 468
386 361
774 248
205 6
937 706
176 758
623 705
655 1
109 152
300 468
822 41
350 316
289 287
734 943
353 970
713 354
733 811
246 803
353 66
614 88
721 87
278 918
539 230
962 28
794 593
944 522
50 714
397 704
540 592
425 845
181 972
498 190
306 324
375 470
118 104
500 224
783 171
551 393
494 121
558 747
645 53
448 749
212 390
831 365
889 208
261 964
405 14
942 605
484 699
181 764
612 347
307 184
78 389
478 138
466 131
824 947
249 288
394 210
821 995
668 610
136 125
892 4
963 113
7 672
971 722
487 280
187 729
591 521
828 63
997 83
632 717
664 5
175 537
294 348
578 753
837 336
77 412
400 297
962 570
680 586
539 689
21 451
278 614
437 723
73 16
881 419
547 678
395 204
956 271
112 288
143 68
319 840
902 127
804 774
312 858
252 209
288 744
309 724
786 802
694 884
499 164
646 197
997 172
227 312
233 417
836 258
154 722
416 84
996 835
394 595
98 642
277 933
530 667
363 339
763 939
390 852
192 285
147 683
852 629
202 551
105 127
145 306
383 124
353 409
282 226
630 375
14 453
819 942
653 994
60 989
731 573
870 470
768 579
657 971
316 667
903 284
839 128
574 645
111 536
584 854
951 762
262 664
542 923
838 155
618 455
664 479
462 91
663 446
259 257
326 837
999 209
913 725
650 275
501 993
332 554
315 117
35 343
504 990
245 657
411 832
910 417
941 38
782 250
987 924
819 869
539 950
27 745
370 56
916 896
103 574
433 268
116 280
152 206
230 836
846 64
914 767
615 620
6 875
792 416
173 7
762 689
67 302
9 678
605 903
307 362
774 407
816 624
583 710
724 386
56 733
699 718
483 234
302 598
225 771
929 841
533 712
731 722
872 790
933 968
848 728
657 662
170 861
42 785
847 270
506 935
679 964
566 919
696 713
154 973
103 374
778 889
511 728
173 996
614 215
488 92
874 708
933 272
583 538
403 722
858 455
786 317
401 656
572 821
682 586
945 366
776 576
297 748
607 422
272 500
321 41
756 160
318 328
583 732
753 561
526 600
917 498
370 969
486 683
29 724
494 620
429 476
670 543
53 301
494 802
685 427
537 541
491 219
414 943
127 999
675 602
599 625
261 970
91 612
648 678
202 746
818 305
384 58
438 679
845 484
103 312
491 929
123 200
266 258
978 759
158 636
953 365
347 212
506 784
223 914
813 767
649 199
426 395
323 265
970 523
735 265
506 587
32 602
401 713
51 272
444 833
208 434
654 709
308 156
484 191
676 48
671 6
846 63
64 416
827 122
465 252
245 137
121 283
318 825
328 529
849 137
244 181
424 80
304 751
865 62
348 244
186 936
352 90
391 660
55 77
667 626
957 452
822 362
971 318
341 219
348 132
243 142
682 680
864 879
468 271
275 722
800 366
844 179
327 150
207 982
290 940
352 4
864 458
408 196
981 718
860 529
966 85
770 83
567 967
129 755
868 291
346 159
556 872
354 317
969 724
655 764
589 921
49 52
41 497
890 235
648 593
501 149
845 107
456 284
697 351
960 838
877 74
109 659
638 618
181 225
168 242
934 963
666 150
694 895
916 632
51 683
391 197
103 817
812 826
321 235
492 271
225 8
587 229
750 774
532 138
756 842
811 842
831 876
179 541
397 960
464 303
739 278
534 94
817 829
909 359
750 226
260 905
460 462
959 46
783 206
333 604
422 565
658 303
811 236
561 263
499 506
436 404
519 627
663 999
379 75
333 821
895 830
77 517
12 424
735 111
117 851
552 513
311 31
100 942
690 997
250 233
177 113
663 415
591 435
102 49
515 653
952 610
483 172
380 555
52 755
234 942
24 940
255 168
549 273
491 200
893 445
444 329
184 977
201 98
90 186
661 980
769 310
505 777
750 220
833 165
168 202
196 136
794 428
554 140
532 448
319 898
586 273
569 110
728 308
918 603
164 636
331 265
698 702
348 541
789 146
333 513
565 112
599 917
59 910
245 707
426 92
831 654
641 651
630 540
690 939
393 748
382 376
520 204
964 713
598 84
329 982
493 544
210 127
895 801
949 794
538 932
262 536
877 509
76 960
613 743
189 880
114 278
968 340
579 298
24 213
975 227
135 297
966 415
76 74
356 862
170 820
559 415
163 594
416 658
61 846
963 889
314 180
628 429
13 519
462 104
963 229
134 186
237 828
567 915
641 628
599 716
365 771
593 153
971 339
718 750
474 192
852 683
480 862
503 491
501 761
421 750
49 914
314 716
899 979
775 372
728 462
12 135
241 821
572 738
850 846
757 163
13 134
316 982
32 236
863 499
67 947
536 206
155 263
2 498
237 517
542 32
582 462
908 562
512 625
692 540
626 667
176 893
54 63
262 441
80 861
163 221
8 725
164 94
285 591
463 921
691 805
570 649
544 379
856 105
910 963
688 848
656 48
379 417
289 535
445 77
569 315
196 595
130 311
172 739
857 967
265 225
836 659
133 542
494 733
695 682
104 278
936 209
450 939
477 322
9 856
247 547
229 759
130 619
4 519
450 604
5 365
320 60
203 987
22 78
106 273
206 397
368 872
126 253
254 437
106 364
73 556
834 719
286 32
591 329
523 909
265 873
600 392
283 177
229 166
683 414
544 740
543 406
26 56
856 904
842 705
806 611
247 470
371 143
862 611
657 236
943 154
164 982
182 86
623 929
957 961
564 268
799 812
389 491
847 143
416 122
560 134
700 155
744 177
693 353
471 249
158 454
342 821
281 338
432 185
943 875
286 601
270 199
113 813
33 436
33 138
287 732
61 721
770 480
635 228
643 190
991 444
154 228
494 605
651 965
592 809
731 342
99 914
409 360
289 587
89 98
842 856
849 951
148 38
212 622
339 619
927 150
237 936
911 169
157 543
937 272
829 281
893 354
291 527
600 240
703 186
475 716
303 158
782 707
501 345
892 489
631 605
192 876
408 929
472 825
310 924
998 988
389 189
884 368
888 752
513 974
550 496
664 950
158 398
763 72
610 910
103 125
446 474
273 83
508 174
779 585
11 415
857 731
681 787
31 605
913 631
89 344
392 645
734 212
184 118
578 489
634 568
406 690
25 883
377 534
570 888
220 787
659 631
446 525
55 673
889 378
511 430
870 352
185 843
342 207
308 364
772 905
544 212
416 848
686 870
207 915
467 565
244 295
336 934
876 481
357 325
717 970
986 248
558 977
869 610
597 39
451 459
452 43
496 841
100 358
779 794
858 480
94 890
512 377
607 731
56 889
866 28
682 19
89 762
184 870
863 117
750 59
645 299
837 111
453 212
441 861
304 294
562 444
775 856
382 862
404 447
814 47
186 658
299 758
281 50
368 537
441 523
19 58
949 146
886 917
661 138
412 861
706 945
715 473
947 825
773 455
31 729
332 724
331 550
949 724
47 390
435 634
506 890
654 320
333 465
719 916
586 801
108 932
662 817
183 807
271 175
388 352
513 151
675 658
358 888
201 475
339 102
491 6
74 740
341 252
685 498
105 489
271 637
497 485
778 701
526 53
866 202
69 611
367 478
810 758
423 241
430 464
624 825
217 755
797 688
160 223
473 916
754 648
808 99
625 739
855 32
148 872
59 350
679 203
356 939
129 743
868 20
144 596
758 147
638 551
733 956
476 718
530 683
898 257
822 842
264 322
951 465
285 932
120 919
845 586
676 410
555 628
882 79
411 52
329 849
78 676
78 578
224 676
732 828
359 912
79 242
648 685
656 516
514 108
152 189
694 271
883 502
106 796
18 669
800 606
992 44
873 562
136 860
995 733
957 185
579 855
654 2
630 463
485 692
212 133
918 436
912 606
821 670
933 818
330 490
111 927
28 287
201 551
148 718
436 655
706 789
889 42
897 485
539 33
726 466
655 138
41 637
67 36
289 897
242 275
778 367
450 403
71 651
135 967
713 318
9 600
913 767
758 23
481 574
502 84
300 199
943 716
133 556
526 935
809 959
922 654
362 516
282 970
307 129
37 575
665 294
405 277
395 261
113 229
964 695
383 990
603 104
349 958
589 234
584 553
6 966
213 854
813 298
240 131
812 319
370 814
466 41
654 998
953 225
144 821
746 462
556 466
349 147
997 740
380 521
571 836
286 511
553 894
880 500
531 644
515 935
134 722
542 781
723 788
667 546
573 663
511 81
277 362
630 138
485 450
592 958
374 214
121 639
426 453
381 530
820 948
126 133
994 619
796 376
736 442
405 483
772 534
878 757
865 354
625 27
882 262
864 733
742 976
432 23
8 690
713 502
915 450
639 125
136 225
515 74
947 847
943 984
140 753
688 52
228 556
751 361
322 906
633 423
187 941
359 565
9 432
555 535
440 362
756 981
232 425
93 911
729 585
916 698
698 583
655 822
640 508
459 376
272 938
624 142
151 475
343 749
826 86
806 127
91 700
378 933
25 846
47 674
407 404
238 475
56 458
60 467
956 688
191 604
996 775
128 673
109 550
519 380
284 815
992 836
406 402
312 114
877 141
728 38
281 370
640 286
382 129
278 380
179 694
157 837
174 940
290 135
288 733
441 794
492 107
352 10
415 834
888 442
824 532
476 943
601 10
326 959
830 331
598 81
698 321
708 532
251 833
303 75
809 2
263 441
159 393
993 92
914 181
87 339
489 398
730 131
641 919
234 488
320 364
110 562
801 153
797 813
128 419
1000 316
393 581
889 41
825 167
786 772
48 639
645 659
15 581
189 133
745 279
968 777
121 490
821 298
366 501
528 2
655 445
296 161
872 32
876 359
16 335
956 756
112 360
577 761
605 360
850 982
567 923
664 143
815 67
143 654
360 327
750 707
461 193
213 835
423 742
494 104
326 10
828 141
914 970
319 733
884 991
201 405
303 834
549 698
390 881
926 269
769 922
888 267
226 21
351 100
517 312
635 233
551 75
258 999
482 945
195 703
191 21
793 764
539 350
11 25
830 353
265 370
40 575
359 288
556 54
417 88
523 92
287 735
137 148
763 635
16 237
115 672
908 645
304 843
744 543
657 137
873 454
141 261
247 974
228 402
974 629
784 674
257 336
416 904
807 590
896 855
988 684
944 242
506 365
790 25
545 556
526 461
306 220
328 446
371 792
120 372
455 844
979 131
164 163
960 386
235 430
882 249
160 249
927 687
495 969
584 125
51 479
886 559
105 790
968 573
235 724
414 932
987 725
499 91
239 804
127 77
519 326
798 877
494 778
280 735
488 577
533 122
304 671
203 1000
613 102
74 809
430 333
413 825
119 143
72 73
345 800
336 741
224 27
309 295
936 739
662 217
261 789
611 166
695 906
298 755
341 518
439 712
857 191
206 412
413 729
71 772
329 637
243 896
648 561
606 46
732 554
674 930
820 532
642 823
145 825
646 677
780 408
225 639
904 361
680 874
839 878
192 705
526 103
536 880
570 392
499 39
456 553
85 527
879 806
156 564
27 329
626 575
92 750
339 370
59 882
914 285
158 438
106 614
389 134
444 213
102 855
284 424
166 355
537 773
862 897
616 350
999 973
156 786
208 814
956 94
118 164
840 47
345 304
230 300
813 910
823 187
943 755
703 450
285 976
389 460
460 351
8 900
16 705
652 299
369 158
967 107
57 466
276 637
904 700
100 668
850 387
900 781
260 845
29 185
409 323
679 63
692 51
562 154
940 676
301 590
925 860
47 114
365 865
250 156
742 133
927 842
495 906
418 674
257 628
438 98
460 350
612 137
731 71
919 214
683 318
71 732
391 506
313 849
594 445
405 337
731 182
589 945
424 560
624 812
124 594
830 724
284 63
431 431
961 365
508 742
952 228
625 185
656 882
110 649
505 424
2 584
888 191
929 914
784 767
974 515
673 439
721 168
366 525
408 136
628 763
353 415
788 219
196 797
468 637
232 16
332 215
48 140
716 177
665 81
255 241
890 304
132 652
898 371
975 140
222 392
386 289
722 276
633 76
693 482
655 490
918 217
465 657
985 879
58 20
314 4
970 717
721 411
754 20
819 198
880 970
151 187
636 590
155 634
756 66
479 466
941 322
474 340
18 658
537 278
703 639
586 508
510 581
326 2
725 148
897 17
561 578
348 983
305 951
534 459
840 72
510 373
87 88
695 179
148 221
57 876
959 824
371 296
243 404
751 849
74 895
434 950
361 267
610 95
156 560
41 44
418 175
253 202
358 871
11 742
951 134
622 752
451 843
512 758
778 339
646 267
500 987
653 834
696 658
116 117
447 377
174 636
255 659
41 942
799 716
764 979
517 352
208 227
384 729
372 751
944 360
959 211
311 617
776 273
314 953
877 182
277 214
527 500
745 401
933 598
331 170
687 974
739 426
222 21
625 632
637 620
469 302
301 336
408 612
97 941
998 164
25 382
250 530
800 505
183 376
850 935
144 686
423 170
916 21
671 785
810 478
487 590
741 424
816 428
85 450
838 244
753 272
128 816
716 651
641 336
17 752
32 405
852 123
333 233
671 132
320 204
608 713
875 460
965 628
673 211
691 344
941 99
185 189
374 458
720 386
349 466
727 472
829 545
992 586
602 146
219 736
712 221
565 132
86 766
714 152
1 191
777 224
236 379
120 693
620 214
37 149
230 824
418 746
429 485
65 291
30 464
408 204
898 897
629 543
68 724
917 257
967 468
404 857
305 632
839 546
648 68
539 498
123 533
872 471
508 755
383 675
855 56
380 738
60 92
588 508
840 798
275 678
904 993
366 71
481 356
764 470
313 649
331 109
275 151
618 273
565 662
714 241
219 872
775 263
164 189
669 247
396 72
200 971
730 881
404 622
513 280
788 379
624 836
675 597
543 964
830 303
48 962
362 622
599 559
371 582
473 571
45 869
859 211
566 5
953 420
583 542
108 167
335 194
356 147
406 347
697 962
824 279
632 48
220 306
836 712
982 443
145 515
946 112
294 874
410 530
276 173
47 319
432 238
974 256
210 742
150 558
654 148
334 137
987 27
957 159
805 260
946 941
926 199
425 867
920 757
663 957
344 840
246 549
225 798
478 208
985 975
469 656
615 467
211 515
903 432
339 51
930 565
884 684
625 56
225 420
927 478
463 947
401 724
904 498
831 960
654 916
409 264
619 914
624 740
727 429
361 311
586 940
500 883
415 215
695 504
237 192
703 383
91 465
815 925
403 210
389 493
875 815
516 248
251 500
908 423
36 212
620 707
280 312
926 915
106 293
440 478
71 583
972 646
827 49
791 398
181 157
436 817
561 110
30 493
776 217
858 325
508 631
908 767
603 825
326 342
961 593
848 458
786 122
656 713
197 654
601 89
871 28
457 480
201 773
43 114
257 180
477 447
463 322
781 162
491 724
498 455
424 910
486 74
164 976
914 337
271 801
856 947
730 46
274 550
518 434
87 67
204 548
609 582
48 41
381 496
542 954
692 631
900 984
32 31
649 177
208 173
984 593
293 60
79 198
56 492
119 449
183 971
106 209
668 621
371 258
917 149
226 598
548 828
118 987
434 525
866 779
717 380
717 185
862 877
952 359
282 403
762 90
525 504
749 967
386 104
970 201
507 965
1 784
376 80
621 384
418 628
302 888
800 386
128 978
493 24
338 884
376 97
45 238
45 366
439 42
224 193
227 355
41 618
956 67
530 500
362 118
991 560
381 115
196 965
472 61
819 143
3 849
465 997
801 281
552 400
903 346
541 46
816 585
821 171
651 625
786 710
710 35
920 723
394 656
480 616
362 862
821 872
825 698
743 619
191 971
93 255
649 696
663 762
473 961
212 517
760 617
59 40
914 808
104 400
69 959
869 487
995 782
970 889
697 227
98 127
960 128
554 322
188 36
957 3
520 503
240 327
670 971
678 589
184 565
605 168
268 850
873 458
392 802
816 671
368 40
747 391
993 451
389 512
750 229
938 56
31 90
278 385
809 898
641 463
184 620
621 663
876 737
842 729
788 260
383 414
504 815
776 759
734 838
903 326
635 820
677 579
133 432
781 530
345 740
323 730
856 387
766 836
72 940
612 9
250 147
264 306
588 851
531 431
501 123
297 466
375 285
163 298
118 750
505 251
420 777
879 820
364 323
424 512
910 723
204 854
475 54
838 837
570 553
983 17
135 679
681 664
638 718
928 243
399 160
795 516
636 535
397 960
826 857
657 647
798 403
899 46
529 721
480 859
724 693
131 126
236 150
91 749
872 816
117 785
813 715
871 821
66 153
973 288
32 687
417 408
887 267
19 891
345 688
539 606
924 678
532 686
352 769
839 553
679 161
544 875
239 389
877 572
478 336
742 196
420 212
393 507
179 590
228 821
418 283
555 73
950 831
517 953
591 398
126 376
869 15
696 747
730 809
39 716
917 864
790 128
550 808
14 535
675 628
680 628
572 849
957 510
58 800
700 9
773 281
206 576
769 139
133 31
532 36
136 393
417 264
936 86
204 332
177 130
201 312
872 423
31 999
845 406
166 737
376 176
292 748
338 139
752 621
611 491
762 368
133 973
28 961
601 251
649 97
986 7
622 249
174 890
444 365
327 620
18 582
174 944
912 597
20 961
788 374
810 912
431 409
33 795
598 823
408 170
64 414
855 488
639 661
93 64
275 233
984 842
412 516
326 107
711 939
349 715
998 380
336 406
347 350
60 892
795 663
504 192
618 483
714 528
500 271
391 476
359 539
126 453
611 296
112 425
47 707
426 973
705 79
57 302
252 163
322 416
587 947
635 807
535 34
92 748
329 497
949 510
659 441
432 600
722 118
443 966
484 55
471 471
611 863
323 515
150 858
545 240
637 297
985 775
549 193
304 567
102 307
65 941
950 353
99 980
176 751
89 590
573 808
400 293
744 380
726 363
63 17
416 886
912 129
190 716
685 353
439 311
951 856
201 432
78 736
123 853
220 50
494 584
341 31
236 412
872 657
387 581
417 826
734 630
563 829
312 309
884 304
631 60
455 578
215 196
198 83
716 465
925 608
235 272
508 610
439 216
568 611
113 133
149 252
212 323
422 153
654 589
678 889
560 626
471 260
329 567
381 601
346 451
172 127
562 815
867 823
614 486
137 788
40 773
369 807
515 465
200 204
986 208
370 84
537 3
713 352
411 874
971 426
457 477
58 23
228 75
948 604
494 379
827 778
905 835
775 95
476 349
612 257
727 953
770 652
498 392
493 145
230 119
171 784
184 510
250 432
983 990
215 955
580 89
69 676
38 916
574 256
358 421
216 777
530 812
68 290
20 700
10 60
230 150
913 661
858 733
552 324
593 352
329 709
922 979
949 797
13 878
330 428
509 732
280 105
318 518
423 23
235 895
227 67
340 903
756 396
202 162
189 410
194 327
177 687
290 372
610 891
332 56
853 151
777 972
111 717
89 727
400 103
965 483
999 294
521 449
828 156
375 460
714 700
958 557
184 599
541 897
715 836
989 965
321 982
368 728
272 304
195 617
519 403
554 753
587 858
262 230
183 936
304 890
966 626
487 812
445 654
370 939
601 913
598 333
485 45
754 696
142 579
384 180
64 773
632 337
983 655
312 83
347 703
242 170
711 639
425 587
320 751
155 417
907 688
409 435
841 188
144 214
802 308
257 100
878 169
991 706
996 416
579 674
689 293
946 392
544 618
908 149
756 420
583 890
984 535
673 785
33 850
589 550
904 211
842 345
620 358
319 921
721 454
941 679
840 850
866 205
563 705
84 709
899 538
851 542
806 524
539 56
131 469
857 655
309 953
928 273
594 358
382 675
911 600
706 44
813 688
897 577
967 809
462 966
303 893
149 759
467 508
229 409
779 653
459 806
235 564
195 641
990 788
120 528
102 186
828 864
976 993
922 701
556 681
927 598
967 160
178 679
705 238
859 852
903 369
157 110
52 954
982 727
21 848
450 636
33 190
170 408
202 324
460 847
291 100
412 928
588 552
925 629
313 711
363 400
141 632
189 396
839 17
604 176
545 106
999 372
864 262
664 232
582 276
261 814
588 449
546 311
794 889
321 336
305 123
448 231
154 895
359 459
941 326
411 61
809 478
717 466
666 273
54 166
281 511
955 361
765 191
718 746
997 290
892 242
974 172
84 541
509 433
805 486
683 72
377 603
80 886
122 621
760 410
248 706
169 941
927 954
711 952
96 299
346 81
630 373
500 740
380 910
164 413
801 482
834 266
2 409
455 805
411 178
866 23
31 250
716 262
259 488
601 795
166 594
378 291
536 892
472 928
729 94
337 254
201 232
322 889
595 587
55 802
114 969
726 767
671 297
728 351
61 127
9 391
108 168
375 79
277 210
973 860
608 865
543 791
266 933
142 280
219 280
472 16
461 884
703 536
664 334
347 603
770 150
333 57
752 905
636 155
916 454
85 407
608 780
221 621
299 713
838 111
997 639
33 642
833 776
382 983
746 868
528 197
981 713
369 788
994 861
496 366
520 457
352 913
127 75
871 254
970 562
564 993
75 457
190 959
413 441
54 47
739 395
203 499
296 365
322 523
117 467
88 442
21 604
846 406
11 909
568 483
589 220
77 398
151 54
708 404
489 951
647 971
318 217
569 832
894 126
63 882
765 847
695 62
234 167
293 945
758 774
459 216
6 270
340 436
994 93
248 294
77 220
811 65
348 325
561 687
437 24
216 349
773 658
733 227
423 624
146 327
896 47
253 85
337 394
484 540
137 574
783 890
316 722
999 235
644 819
298 163
195 975
940 692
99 51
261 165
607 194
398 923
616 587
518 519
604 997
494 601
564 607
902 3
647 953
919 884
482 5
801 957
852 667
594 258
988 189
180 307
614 378
353 624
845 604
596 756
477 927
860 356
274 155
347 955
59 76
170 849
1 429
643 35
362 426
57 887
330 456
634 876
624 998
284 441
461 160
140 93
830 50
758 792
282 287
972 691
79 972
499 193
423 723
461 160
242 811
948 455
811 260
340 279
466 102
892 565
44 108
940 271
988 631
215 567
6 687
507 836
561 259
828 455
343 278
642 648
631 569
971 167
615 592
180 298
813 319
26 798
492 220
696 659
390 202
566 686
773 813
358 712
50 171
856 904
454 285
44 536
529 663
497 807
754 544
900 312
697 824
555 306
853 321
659 690
233 777
740 306
293 868
182 196
983 193
275 244
539 21
249 891
633 415
871 401
428 6
602 368
486 141
605 200
634 420
118 885
269 821
603 187
753 50
596 337
830 935
855 975
648 587
716 403
721 376
465 573
53 439
920 849
960 311
395 144
549 917
764 71
623 957
703 228
349 711
26 952
643 481
416 859
797 437
491 782
863 224
570 852
325 234
573 908
186 708
464 485
614 294
591 293
924 42
394 236
220 628
66 318
209 564
102 80
281 120
167 67
303 462
218 48
221 230
491 109
308 75
622 739
719 87
453 818
924 884
994 618
118 40
122 712
461 777
80 388
771 957
803 463
341 333
873 749
128 524
512 533
472 236
457 35
298 899
185 146
139 504
859 489
839 742
268 725
759 937
414 22
764 890
230 877
538 581
620 294
348 649
853 846
614 354
480 108
216 584
912 449
826 668
703 979
166 867
490 918
563 74
837 419
10 663
150 816
81 130
974 548
984 701
947 854
566 128
667 642
402 694
654 114
59 162
924 393
438 103
982 660
358 993
52 772
397 379
422 760
92 692
710 459
740 888
739 821
712 224
769 810
952 924
547 871
60 598
12 631
721 895
426 322
593 724
460 375
802 256
247 421
725 190
254 527
243 8
226 145
955 969
226 741
998 775
598 89
631 991
113 512
359 184
352 353
21 159
406 489
247 870
927 139
137 232
746 606
342 952
194 147
739 961
940 28
594 925
468 984
79 295
758 521
192 140
803 285
222 729
259 830
935 42
445 524
599 410
813 88
182 877
527 450
993 468
821 355
407 798
201 539
236 644
593 28
401 959
536 821
63 663
964 382
630 779
115 499
867 782
136 442
190 123
766 855
658 673
518 411
803 584
484 71
902 179
114 491
383 83
376 974
240 382
965 696
950 602
532 17
989 328
530 442
736 111
209 567
997 301
854 161
303 908
179 364
132 442
922 397
202 222
706 958
128 211
952 103
955 609
460 630
635 442
141 567
44 744
12 786
230 483
588 833
602 508
248 170
424 174
80 162
581 320
913 317
534 196
350 965
785 244
550 319
318 469
373 699
681 723
666 400
954 250
716 949
881 437
9 2
350 282
99 992
137 519
203 561
97 121
631 280
784 346
264 672
537 459
285 737
560 879
115 552
866 424
453 966
263 141
894 393
171 901
423 47
522 224
207 79
10 729
32 568
248 878
631 959
442 67
687 580
494 525
310 802
182 599
845 226
920 750
923 122
631 717
495 429
982 687
450 980
318 281
997 402
702 515
895 445
221 84
882 474
916 793
591 9
679 830
100 273
349 862
860 800
199 28
956 946
816 856
439 672
253 754
419 971
985 723
597 425
484 434
747 860
824 374
792 476
379 591
310 569
570 82
823 391
93 124
90 724
774 199
119 198
775 597
49 252
480 295
511 198
98 62
685 468
647 387
299 894
747 34
575 348
942 434
386 345
329 690
197 723
567 384
225 654
3 574
712 851
771 703
827 72
782 229
771 113
827 139
615 925
68 320
884 42
714 98
397 816
439 658
413 910
423 235
207 780
74 281
281 449
680 164
535 71
7 231
39 56
218 908
834 630
433 927
856 780
495 6
486 139
988 334
358 539
518 308
459 769
816 43
459 7
228 252
839 891
431 895
606 1
648 252
264 693
392 84
433 562
579 891
33 827
107 424
924 839
407 649
487 583
121 688
211 20
121 362
159 492
565 339
989 167
87 203
475 26
828 84
82 766
358 670
22 220
947 773
60 981
978 186
314 788
175 972
925 368
839 836
975 313
362 554
258 318
200 971
954 995
504 380
95 550
25 524
833 513
762 566
869 736
487 829
746 763
558 132
124 248
619 34
716 790
129 135
580 487
71 674
531 468
91 896
906 478
447 198
62 174
315 32
978 598
65 706
305 631
662 951
593 122
879 426
727 869
114 631
662 295
961 111
622 263
558 263
49 929
788 58
360 140
89 320
845 917
144 919
41 407
584 16
743 548
474 900
18 204
782 612
860 680
642 37
375 866
327 681
502 632
784 285
96 988
504 511
684 37
794 893
458 826
666 273
638 618
957 264
595 345
202 684
689 50
835 760
445 394
190 205
98 346
849 161
369 899
132 137
102 554
130 16
908 488
647 424
715 251
508 504
470 439
705 982
665 721
413 242
12 895
555 135
599 975
13 622
100 988
797 695
509 552
507 973
807 179
505 450
513 640
635 280
843 804
981 853
845 981
669 341
758 924
422 941
489 181
774 208
314 891
444 488
168 276
872 199
510 631
295 60
429 733
617 595
176 31
486 83
975 969
684 456
62 517
454 459
346 692
421 121
219 144
669 500
89 201
608 257
598 690
339 383
536 844
670 218
357 183
42 94
631 104
271 354
544 476
242 433
777 326
813 860
267 575
122 775
871 210
620 828
802 339
36 572
757 392
511 798
422 454
564 973
215 352
838 680
686 273
951 46
493 962
578 825
143 362
896 926
167 650
4 234
323 245
140 762
603 555
941 117
106 185
708 514
216 492
638 73
140 223
816 653
565 414
465 464
322 290
417 392
788 319
348 629
457 568
651 139
953 959
221 30
313 428
498 632
737 761
419 605
698 253
344 177
815 458
187 582
909 913
473 900
19 981
578 473
925 723
779 917
219 228
852 27
575 448
663 583
868 462
223 298
992 390
565 986
180 653
769 199
22 367
109 579
948 162
142 289
968 412
32 350
5 628
412 383
452 31
84 699
378 967
683 286
142 517
144 448
309 195
504 523
155 46
997 122
874 726
753 598
937 44
41 48
529 13
96 395
775 501
93 524
594 261
363 139
399 116
335 307
864 131
719 949
234 48
36 132
879 755
556 630
702 260
192 894
648 937
664 128
775 325
144 479
479 758
710 835
768 989
520 595
864 348
386 773
634 401
406 884
328 797
918 87
198 459
146 915
816 275
2 941
153 299
344 540
623 288
637 483
271 338
175 945
596 763
305 304
766 586
848 955
298 381
708 87
382 251
806 622
534 592
59 283
501 865
718 806
99 176
583 193
410 56
208 998
991 930
725 224
8 106
8 426
695 254
135 511
624 709
937 423
874 157
869 804
53 881
981 916
518 406
863 383
599 901
633 615
211 800
17 676
278 574
645 17
498 692
836 975
849 729
259 989
303 650
391 158
889 916
821 84
976 653
579 151
184 815
558 167
25 555
559 903
390 462
303 703
157 421
460 361
647 951
118 481
294 916
113 289
182 133
37 356
74 260
470 527
407 390
588 371
182 5
838 214
761 244
709 124
245 546
765 470
151 401
191 135
606 794
364 910
763 892
236 342
596 64
143 440
945 473
831 705
268 455
788 166
750 44
287 630
165 522
63 825
848 471
820 948
237 769
847 935
750 194
629 665
900 619
908 750
200 413
415 49
833 875
777 970
708 812
345 769
243 621
935 240
810 968
389 171
207 100
477 561
333 531
570 146
391 201
938 678
918 871
266 214
558 997
371 907
209 185
332 217
269 102
183 409
909 264
429 131
250 645
84 456
236 556
18 272
865 204
375 791
619 592
173 65
944 344
662 153
753 583
965 637
821 536
825 68
336 915
275 619
728 904
477 442
886 902
671 130
264 49
444 680
317 320
479 21
379 281
968 498
337 715
696 429
586 828
504 836
835 308
348 80
575 38
318 424
398 583
470 245
3 18
364 287
992 442
570 622
75 755
308 952
289 78
834 661
638 656
992 548
990 157
367 813
604 446
345 852
64 966
509 875
179 785
678 616
900 278
169 613
942 840
82 87
692 884
192 253
181 693
308 301
629 848
458 65
109 892
762 43
999 100
615 363
353 684
934 152
223 756
515 441
100 598
897 441
904 680
634 5
132 358
108 449
951 744
582 940
742 532
953 380
61 810
720 920
525 818
961 50
46 952
647 6
632 761
48 887
57 77
227 760
945 12
546 656
576 1
263 98
977 800
534 809
12 118
5 104
567 212
427 978
870 194
246 620
124 556
967 629
279 325
70 708
550 948
932 277
47 74
339 652
885 479
576 771
168 145
469 957
277 117
866 843
437 760
901 668
621 963
520 6
692 267
608 593
399 10
512 253
666 872
107 714
47 834
229 681
574 951
876 554
756 479
298 310
16 741
507 775
598 681
322 233
229 218
336 695
488 875
83 644
517 497
696 489
100 486
900 306
124 88
174 765
928 475
881 433
533 518
322 206
48 120
192 654
856 534
629 119
537 945
770 631
236 674
125 122
967 694
294 913
156 625
341 207
673 655
687 435
216 801
69 584
781 430
235 647
371 790
214 802
932 247
911 87
287 398
195 119
574 765
758 593
598 466
920 728
149 415
185 117
184 886
751 217
245 462
605 876
211 42
234 590
89 741
699 767
166 159
701 443
592 496
432 985
941 774
628 467
198 896
764 774
395 262
6 412
707 980
33 553
813 181
839 41
883 346
985 668
14 648
79 88
596 30
174 737
183 902
743 524
999 855
761 107
962 34
543 784
998 10
772 329
355 276
793 748
129 638
421 2
610 599
659 909
48 49
118 531
776 996
534 592
762 505
151 82
176 958
45 276
66 716
581 405
950 673
833 381
901 575
60 959
651 751
647 516
672 953
657 972
111 196
678 109
345 535
172 110
800 839
744 536
546 771
491 423
743 778
661 469
939 132
4 19
213 896
298 95
843 977
997 251
914 934
53 404
597 885
644 656
499 504
585 269
759 736
116 267
611 121
102 11
52 633
340 512
986 605
125 934
105 884
479 644
531 739
923 114
642 119
152 990
166 994
31 543
12 883
939 298
296 601
104 125
335 405
308 749
614 449
183 610
21 780
500 90
438 478
587 393
749 549
258 496
997 651
875 807
471 963
510 336
402 237
124 580
226 592
839 735
715 314
746 52
669 647
615 503
624 284
776 948
922 911
270 33
778 45
495 560
586 505
271 803
926 708
836 227
789 817
81 258
710 891
544 348
419 396
542 183
26 293
91 494
476 884
563 900
299 893
125 528
401 370
662 993
697 937
978 663
844 346
340 844
607 983
671 117
537 460
619 982
446 88
886 216
477 838
967 38
655 1
913 800
155 73
167 899
739 970
926 241
890 200
293 120
626 836
255 551
719 731
828 728
668 751
587 325
54 103
816 164
120 686
715 92
463 134
428 762
404 951
12 983
711 247
755 228
654 826
962 328
295 580
367 65
862 871
545 679
581 102
691 930
570 820
990 489
309 817
942 933
572 894
82 810
122 706
64 58
914 825
526 604
1000 764
300 208
71 650
9 805
464 667
425 854
236 454
674 780
458 249
481 971
810 531
535 356
294 283
558 241
757 593
339 264
369 929
457 260
929 225
102 353
557 706
697 799
792 566
805 905
123 555
536 266
982 673
300 233
736 170
848 61
810 112
375 924
94 189
165 457
10 99
669 682
537 441
64 233
614 955
461 796
443 556
253 322
549 530
621 487
34 60
108 222
458 535
755 637
274 333
113 629
390 806
794 582
115 582
232 286
967 883
282 291
573 973
679 984
759 16
157 425
848 39
86 239
683 139
961 351
265 349
671 779
602 4
226 656
93 980
528 22
605 151
583 623
900 123
757 348
777 367
658 112
819 446
555 932
526 364
554 950
34 596
295 563
579 220
895 963
750 132
752 917
509 339
32 972
447 236
522 309
972 755
298 688
125 363
27 139
772 39
797 610
135 644
761 326
542 272
225 942
6 761
127 141
384 581
809 119
431 102
143 415
341 166
72 833
548 482
378 173
343 376
856 938
770 652
229 663
225 174
5 835
724 316
981 217
283 113
917 994
429 648
799 797
764 834
996 362
576 835
268 530
667 153
171 476
848 153
103 348
757 263
275 316
557 228
370 249
524 231
436 367
479 338
224 591
487 495
195 405
10 816
384 178
624 734
988 394
298 174
198 306
188 48
201 58
961 738
16 1
256 908
790 784
37 828
905 708
647 986
482 96
321 658
248 162
387 300
843 174
196 530
907 5
151 379
58 531
624 889
177 875
782 3
801 643
35 411
977 666
142 681
450 848
78 907
272 9
676 677
224 972
96 685
971 197
650 921
471 385
772 591
211 758
74 2
83 263
835 938
663 140
611 15
285 192
308 872
321 600
899 966
66 45
56 402
213 246
843 156
299 38
964 914
878 759
916 679
17 205
993 543
514 642
702 845
789 240
174 487
601 934
847 578
139 719
503 600
93 343
902 325
156 25
547 370
597 221
185 837
446 570
677 437
142 370
309 252
283 440
376 950
125 556
890 761
392 428
874 810
996 120
126 482
827 41
918 307
137 247
519 602
759 851
708 814
763 323
558 387
595 766
306 639
337 183
377 755
780 258
765 205
932 72
73 157
935 193
716 969
236 8
820 759
54 341
143 844
144 692
155 759
759 969
661 982
321 659
992 737
506 284
997 735
836 734
252 510
311 786
26 84
637 861
265 685
479 223
232 987
211 221
884 35
13 287
56 488
40 368
209 291
955 488
406 562
60 998
597 755
893 729
627 451
299 53
240 235
289 388
563 697
350 953
798 523
517 346
867 146
562 952
296 532
868 157
50 365
499 89
316 558
385 407
592 498
965 772
836 932
151 585
534 338
6 56
693 778
122 517
110 376
310 443
439 969
353 677
871 635
517 624
943 462
370 692
769 302
960 854
980 21
995 695
683 682
72 47
961 524
950 386
519 461
784 630
556 115
959 482
588 71
505 238
473 781
396 731
574 696
839 989
230 357
422 279
478 343
829 635
765 81
843 218
88 506
811 341
638 144
427 373
83 902
831 403
899 61
23 612
31 20
423 855
657 452
929 515
255 976
815 592
166 824
102 317
319 304
227 921
873 772
933 533
358 648
26 104
153 613
729 88
831 915
656 491
815 842
250 968
181 766
838 599
706 175
333 564
536 407
583 453
5 528
608 288
783 968
547 686
846 435
612 590
595 589
936 740
349 810
196 94
501 661
377 232
759 739
394 612
512 988
981 949
606 260
888 396
140 296
442 648
959 452
726 911
562 282
177 438
850 640
963 752
42 979
646 136
598 694
244 515
827 477
352 408
605 989
393 247
489 423
313 606
540 574
894 10
462 586
34 239
433 158
673 942
949 756
69 324
971 782
469 946
505 960
340 144
617 585
515 981
578 389
554 65
487 74
318 289
112 455
145 630
989 602
800 201
120 963
901 641
473 965
783 183
375 315
534 220
942 300
678 959
822 2
981 137
967 438
644 268
39 770
317 609
671 495
524 37
201 809
836 33
479 137
595 848
847 705
614 505
488 693
853 614
64 934
203 131
854 849
528 422
739 890
40 584
516 971
855 888
50 524
767 371
914 687
35 229
214 759
338 692
763 181
635 807
238 860
106 505
311 622
210 356
386 160
65 87
208 713
289 796
147 1
605 577
132 438
785 277
826 620
519 953
626 399
566 743
80 401
536 621
334 228
489 694
568 551
677 681
381 639
936 560
301 82
382 631
43 11
516 136
764 40
877 78
542 337
953 973
235 672
502 174
390 76
823 457
86 837
367 238
381 660
718 342
509 47
145 398
389 811
5 975
115 201
480 141
210 609
851 8
209 238
240 299
562 295
887 540
444 530
882 536
683 453
412 73
864 549
649 230
864 680
591 67
10 334
894 764
482 904
373 114
42 299
560 830
85 350
663 332
577 845
324 671
241 619
335 585
488 971
700 227
39 586
913 415
633 131
977 292
148 427
796 378
43 545
357 837
768 671
600 4
240 479
415 496
326 286
377 234
377 765
223 253
50 315
101 879
748 949
509 81
878 116
680 532
509 33
488 840
279 764
569 359
512 834
599 537
21 431
875 666
467 488
239 689
738 453
779 94
567 171
561 516
414 595
23 426
444 615
135 88
108 433
680 155
308 591
921 572
860 885
606 482
403 384
145 285
848 144
175 686
463 987
896 65
106 650
904 893
885 739
654 252
403 353
473 376
962 255
441 648
428 397
74 565
936 514
621 236
866 134
964 904
642 426
373 660
309 111
758 411
643 316
786 165
248 356
972 501
765 114
588 558
951 849
372 23
906 754
776 690
240 619
675 145
803 19
352 343
969 854
517 360
814 456
293 392
765 585
876 845
769 548
977 129
710 40
575 963
820 333
18 540
92 967
922 294
313 43
404 648
696 87
826 934
204 706
640 987
161 454
241 403
926 717
156 710
67 496
299 999
855 928
997 917
667 120
739 612
163 823
105 509
574 786
336 411
823 694
15 807
923 348
174 130
531 30
282 848
850 376
110 320
897 595
350 61
840 286
494 320
462 701
10 550
599 823
882 267
342 516
539 904
866 502
966 127
388 269
84 869
771 827
396 194
557 564
658 890
205 860
377 685
600 47
770 671
58 760
508 369
424 531
839 349
442 73
928 972
749 952
361 51
637 818
419 520
287 41
897 372
567 188
425 676
45 587
189 511
890 715
162 498
460 114
459 431
585 356
219 47
652 340
121 637
742 844
447 513
794 664
7 379
927 266
361 802
924 810
940 331
792 50
51 403
632 330
579 293
29 349
339 733
957 79
335 855
198 411
242 21
22 882
546 98
721 663
280 20
517 620
483 56
414 968
820 405
236 431
377 578
529 70
13 13
739 491
850 759
444 722
348 219
626 518
483 987
545 5
246 289
67 66
85 943
34 937
863 894
182 61
11 486
903 527
798 978
209 466
561 290
483 164
254 468
323 81
496 892
210 844
903 453
140 460
238 411
902 172
555 765
159 367
471 777
651 647
499 647
977 773
458 11
560 563
854 612
424 993
549 669
896 386
24 293
68 458
559 473
445 392
624 979
548 590
530 482
78 167
99 874
308 58
563 519
901 330
165 776
60 274
585 308
713 716
923 996
917 8
882 602
948 364
193 503
491 191
925 591
981 887
418 561
388 845
567 709
778 821
550 208
200 606
193 460
198 991
474 785
452 547
252 78
306 545
730 691
888 594
734 212
178 868
776 543
980 207
551 950
69 252
206 876
887 570
328 471
492 117
256 824
15 930
314 56
337 248
168 695
786 46
749 144
593 482
625 708
501 165
519 896
254 139
463 320
696 974
662 240
378 909
560 753
399 691
256 486
751 694
645 361
776 197
419 263
288 199
808 940
515 775
368 401
284 231
452 258
448 43
728 421
741 79
366 228
995 207
146 441
236 252
468 76
991 726
103 130
983 793
988 200
300 832
228 722
203 506
171 810
323 587
690 190
55 795
752 447
958 16
433 339
403 282
157 341
637 65
57 462
727 279
129 434
878 904
208 365
205 96
542 546
583 623
965 88
739 511
204 406
697 68
845 970
896 188
254 244
851 471
276 70
614 405
192 353
788 929
993 483
960 240
975 668
793 802
536 314
85 684
674 235
596 112
746 743
193 961
584 132
28 786
342 458
958 686
739 502
962 865
552 191
529 171
213 763
917 864
573 452
230 668
34 219
841 729
440 991
234 323
737 804
222 697
539 52
846 606
936 407
85 978
226 227
255 750
334 365
65 496
164 607
236 916
666 681
133 302
486 707
46 935
307 962
679 645
385 356
346 108
846 96
884 318
294 576
597 765
95 638
782 271
668 845
393 176
345 512
760 836
760 700
304 170
876 862
249 566
212 517
563 662
467 121
493 320
441 574
939 782
39 966
683 618
573 341
119 525
989 912
360 599
509 371
775 463
171 908
712 813
994 542
505 46
384 704
775 813
734 213
25 902
869 802
94 274
857 874
473 521
288 470
715 664
699 715
193 486
942 457
173 420
789 190
769 194
79 505
239 956
89 760
438 75
347 235
565 288
647 576
48 936
283 274
700 791
846 515
392 207
417 975
583 12
501 887
457 826
966 745
651 784
286 327
295 306
246 202
607 709
454 712
436 513
535 781
704 782
831 925
759 407
55 729
421 22
179 190
971 331
662 808
188 605
312 426
954 658
694 701
692 697
713 92
316 385
203 928
585 479
721 37
608 148
534 253
533 805
911 303
52 186
676 646
973 163
177 837
530 181
646 790
235 929
181 523
383 150
240 65
878 857
406 550
523 230
581 179
802 580
614 99
610 450
312 747
318 548
501 941
928 352
358 320
360 883
343 640
619 439
640 559
443 734
798 510
836 246
310 51
374 87
684 261
89 338
786 646
296 881
11 819
648 247
98 924
732 78
485 795
421 198
796 21
943 564
727 797
894 383
54 480
515 445
915 985
480 10
42 346
251 701
180 638
300 74
388 580
575 179
637 333
347 993
31 889
800 140
402 346
704 705
246 760
305 916
875 788
661 841
456 315
520 305
104 632
352 205
952 808
957 524
658 538
914 135
895 860
71 925
406 207
728 308
131 118
110 346
953 45
726 187
23 796
554 850
716 157
178 558
209 427
507 709
702 863
429 510
980 626
522 157
931 455
492 439
870 857
890 335
428 544
802 954
197 185
597 867
692 741
140 424
526 585
739 374
437 446
9 994
259 612
631 474
103 355
931 747
431 98
615 683
785 468
39 30
187 168
565 641
274 543
614 734
131 762
938 141
637 504
991 50
169 384
733 311
549 810
9 672
704 774
347 597
814 409
920 950
253 260
220 740
362 981
872 476
849 684
446 667
829 147
983 225
196 7
579 715
66 897
867 192
235 223
232 972
193 175
723 759
249 430
745 740
699 285
274 328
817 23
896 961
708 632
329 344
260 780
504 275
203 221
559 305
704 628
810 659
131 828
964 802
781 410
275 721
207 485
833 291
965 917
237 895
974 929
489 510
78 256
620 407
695 773
612 784
179 688
893 381
403 764
399 159
135 404
63 843
790 638
497 185
756 355
297 612
653 35
163 787
332 709
169 760
30 12
385 361
934 346
872 727
139 506
559 93
816 386
848 123
718 353
91 99
527 745
40 4
103 736
625 571
197 565
88 52
250 9
16 806
971 599
371 361
954 981
593 656
451 576
529 428
756 543
868 184
969 637
342 344
922 20
202 216
94 926
210 954
37 268
159 168
252 753
481 947
683 384
247 176
153 123
983 345
470 548
936 541
865 746
749 744
381 850
751 39
643 107
417 263
975 146
605 800
599 820
320 200
361 682
491 25
863 529
327 621
985 659
78 438
915 762
844 259
838 886
900 430
634 951
823 815
943 94
59 130
439 311
424 16
271 12
270 331
331 324
756 659
590 829
42 298
623 571
752 930
929 216
753 899
565 594
965 880
777 838
531 927
834 210
225 853
568 13
11 500
728 996
692 29
942 311
57 562
551 94
110 783
528 947
86 967
58 350
341 374
417 472
158 676
267 153
139 40
346 75
16 567
569 711
460 27
253 249
492 774
788 76
961 459
950 24
755 762
35 132
541 186
760 683
125 842
263 157
293 88
60 754
419 620
278 503
762 685
583 794
605 485
242 35
294 821
54 135
126 857
451 88
961 243
755 1000
215 537
988 21
699 797
505 112
851 551
905 511
574 876
492 278
436 227
259 215
787 865
475 571
982 632
298 335
749 398
90 191
937 931
161 954
968 382
91 270
304 97
187 401
258 479
444 542
154 349
307 244
538 454
471 391
617 589
140 745
931 430
359 663
591 600
290 321
258 446
328 154
73 137
115 197
568 668
359 756
52 44
351 550
485 661
546 639
859 198
791 363
858 764
72 49
283 704
693 497
202 527
547 4
7 926
122 856
492 159
282 493
505 855
452 550
817 551
978 491
812 24
356 939
466 519
462 752
288 43
750 220
279 799
763 127
995 885
91 58
157 166
224 198
773 702
886 962
901 568
690 824
212 866
836 924
840 913
594 482
477 14
152 293
135 588
875 796
815 737
101 470
366 729
667 989
652 177
802 144
192 946
777 291
199 656
811 471
97 87
7 872
597 627
829 849
715 321
618 630
778 555
892 471
681 463
497 988
864 597
476 363
115 116
679 562
963 355
1 196
574 623
855 227
163 568
536 292
862 339
130 291
121 764
512 448
455 343
169 654
299 876
661 813
922 982
623 262
245 696
288 393
729 504
475 760
811 168
207 2
748 619
248 177
830 552
647 274
222 979
400 173
827 900
704 77
996 684
963 441
663 233
259 303
787 477
361 349
188 806
366 962
926 442
301 741
346 774
287 637
225 541
384 228
618 845
894 492
753 909
754 305
375 97
666 951
80 475
100 428
788 267
299 830
531 785
475 28
389 293
889 403
234 523
181 86
656 254
949 110
783 416
785 401
182 110
217 649
157 759
886 446
799 338
373 45
591 7
391 442
232 273
530 365
354 794
427 983
597 445
966 253
350 186
496 567
952 21
155 896
737 711
713 621
99 373
252 902
761 98
187 185
227 320
853 729
242 214
375 186
910 518
967 525
144 104
507 597
983 58
56 429
80 15
540 604
450 877
564 436
579 710
385 245
278 705
504 480
118 562
172 839
117 534
621 364
468 386
582 661
258 964
815 942
511 456
958 753
546 31
531 336
850 117
699 543
966 179
542 741
196 714
614 959
895 114
781 250
598 704
853 417
875 143
942 174
135 492
18 910
10 992
232 108
112 62
599 626
669 321
933 97
260 604
630 442
992 983
317 623
694 440
863 429
434 73
973 259
170 721
497 201
156 521
88 792
493 412
88 93
975 397
317 757
960 462
699 544
163 624
500 179
920 215
142 338
219 985
355 907
55 18
924 186
360 928
316 612
864 586
644 268
695 771
691 363
541 9
382 410
661 366
160 889
225 441
308 917
788 51
148 489
674 762
748 936
267 184
904 840
498 153
324 950
339 205
285 68
669 740
299 514
23 638
321 376
366 813
236 216
786 744
558 814
688 306
642 293
814 394
574 600
763 674
568 76
195 396
555 908
720 22
635 289
342 144
400 82
726 391
836 710
854 997
894 363
430 94
290 128
200 490
800 69
436 117
17 633
723 475
743 930
226 549
415 401
818 645
583 819
17 213
657 828
644 935
976 664
72 468
490 510
210 10
275 954
562 516
192 74
443 144
974 658
180 226
985 355
330 194
105 427
435 665
780 281
668 307
506 300
478 619
272 663
105 624
550 648
69 936
186 498
381 254
432 312
673 743
721 860
655 846
937 14
863 291
977 355
993 178
224 526
178 786
290 865
681 833
996 435
47 635
73 857
250 213
533 624
42 27
724 555
232 550
258 138
926 530
901 932
275 646
454 305
838 500
697 577
845 307
239 347
131 532
764 358
926 596
160 889
493 239
740 754
691 570
717 898
577 638
571 634
790 193
852 679
353 873
169 652
968 66
450 137
330 781
304 220
431 910
912 809
72 437
446 693
153 751
5 745
599 254
572 167
380 193
807 866
936 192
173 861
960 240
697 12
505 931
722 572
812 779
499 524
563 709
126 850
58 751
340 404
776 365
489 109
838 185
904 554
807 652
960 476
738 624
799 428
39 81
334 606
340 207
530 297
77 1000
49 307
438 479
152 823
314 927
536 224
452 659
597 30
843 602
967 674
868 116
472 578
420 118
818 573
924 980
356 939
119 771
270 804
482 746
387 750
133 869
151 157
548 994
254 78
796 760
149 266
313 934
396 14
110 595
164 644
996 29
268 934
272 547
357 405
733 133
977 507
388 359
877 791
394 721
709 496
13 232
863 533
906 127
688 875
524 711
286 772
680 767
920 861
393 547
452 684
141 287
708 387
554 226
785 690
440 269
422 158
101 933
638 945
874 817
884 40
649 818
471 334
649 246
12 417
69 588
374 765
414 961
365 564
340 833
522 422
200 769
731 633
781 865
156 790
533 170
842 340
34 282
101 405
521 435
801 159
840 250
355 881
351 35
884 924
228 807
644 434
103 689
684 160
245 474
812 872
234 652
760 547
983 978
164 127
329 698
822 969
329 384
511 174
856 570
800 649
413 672
722 140
777 715
531 856
395 199
760 166
226 503
786 96
888 655
325 914
374 965
353 964
836 292
646 400
710 960
70 662
904 758
361 724
237 731
903 747
990 553
309 185
851 705
678 69
144 450
79 630
239 878
126 589
910 952
680 716
110 847
682 42
216 769
917 599
332 805
1000 54
477 819
197 598
787 584
703 149
926 862
147 967
814 253
237 750
632 568
757 483
959 241
974 293
116 931
129 757
64 873
852 284
52 726
872 467
357 744
540 779
869 770
38 784
914 143
375 664
945 270
798 129
978 869
10 674
201 551
511 707
526 1000
854 143
425 728
597 559
396 732
710 710
632 817
329 130
797 449
735 153
12 553
847 720
596 933
580 674
860 241
833 874
21 908
385 422
580 616
815 438
443 175
322 914
745 587
177 215
543 209
605 158
208 685
750 647
754 171
209 53
320 289
654 214
340 680
659 415
527 310
841 103
18 145
549 958
102 163
695 631
16 257
392 520
818 792
517 271
820 470
33 493
691 130
912 28
483 867
403 349
613 694
605 207
292 921
124 394
990 195
29 16
949 684
853 428
890 798
297 363
80 538
36 430
276 867
999 205
273 860
978 616
899 637
891 310
661 100
387 76
4 223
72 655
73 968
268 329
790 84
422 885
89 340
66 813
514 782
76 654
350 530
865 735
846 569
471 855
546 210
494 393
50 111
223 229
159 309
144 257
814 363
969 734
61 220
428 638
245 744
485 910
416 233
919 506
373 903
875 196
437 102
710 325
88 581
42 80
107 911
205 431
845 855
157 605
827 226
310 172
280 19
934 767
545 370
200 322
91 121
969 397
815 142
147 526
125 724
504 380
644 186
964 360
276 495
304 637
211 593
286 679
167 76
420 530
89 418
689 192
510 632
753 516
283 976
932 135
979 590
120 40
699 662
757 961
86 619
716 292
226 45
572 14
805 793
589 576
891 449
648 844
505 984
552 855
194 76
206 971
910 696
480 987
257 999
264 520
131 376
695 744
724 737
15 254
448 832
741 649
616 917
272 781
995 806
463 934
346 897
38 186
381 414
965 438
790 143
394 353
151 407
984 108
480 44
105 803
125 310
726 528
530 130
401 548
778 19
927 758
495 294
500 720
603 389
349 88
31 487
344 349
24 907
401 338
84 178
307 52
691 828
94 182
413 836
218 492
715 190
234 735
551 906
338 731
676 769
691 812
110 1
143 990
536 505
982 64
443 570
689 682
100 461
398 456
641 432
584 951
300 883
52 621
651 148
173 57
981 252
909 430
889 560
61 597
256 32
724 412
206 269
993 834
958 541
13 248
319 72
756 597
583 647
886 359
238 616
917 254
158 615
653 503
803 435
794 642
568 852
501 669
821 153
373 478
781 403
747 994
683 692
385 468
164 46
340 286
477 751
322 258
276 302
980 835
365 601
173 349
229 992
574 152
592 38
433 673
466 46
318 370
827 166
969 860
543 570
915 232
667 316
121 143
628 768
294 882
786 46
474 243
114 593
165 971
242 322
391 318
213 364
379 18
791 191
388 825
550 909
134 642
973 792
883 643
815 827
666 90
461 961
847 953
933 17
766 465
746 21
106 453
383 761
741 497
267 65
615 16
994 769
807 175
556 127
616 76
449 831
893 539
757 425
356 299
871 978
693 662
188 68
338 160
154 738
280 508
135 798
27 977
339 782
208 603
15 234
827 515
260 142
22 851
586 256
40 942
556 830
391 228
174 589
686 271
194 235
315 5
509 714
691 916
906 742
808 936
907 816
137 578
54 600
842 598
488 935
307 30
995 149
319 850
614 792
455 95
264 90
146 214
610 840
363 815
531 719
624 863
20 251
918 275
354 567
428 740
588 932
198 801
390 215
418 57
197 654
81 234
561 958
999 919
598 677
113 776
798 220
6 639
926 745
242 166
505 700
390 129
300 917
464 241
187 363
47 903
776 42
576 16
102 984
518 977
705 668
811 675
244 765
573 770
324 37
180 102
501 809
468 342
678 339
365 26
978 800
741 489
6 730
264 36
990 58
12 330
338 915
515 125
979 107
390 616
182 752
186 661
152 236
975 934
169 183
407 637
249 296
17 98
669 783
285 991
394 715
865 571
395 310
286 173
355 302
712 892
361 158
901 412
549 5
4 299
706 686
147 987
383 480
291 794
746 744
203 337
724 307
377 564
176 724
156 346
84 966
132 565
739 957
156 604
257 85
151 227
220 660
421 47
499 832
620 415
33 467
617 421
26 498
673 753
432 489
415 28
397 10
332 534
56 187
798 820
281 545
299 56
836 343
530 839
292 600
378 304
774 185
35 557
334 742
739 478
535 516
391 375
428 847
524 680
789 39
46 918
760 503
432 143
70 737
227 503
507 113
604 686
629 9
146 177
75 487
484 915
196 753
96 145
914 487
353 355
161 428
838 480
626 997
570 702
207 815
13 852
831 98
518 506
75 170
152 183
728 613
236 330
769 67
660 931
51 581
269 696
380 883
301 554
755 812
187 677
480 971
574 396
279 107
976 275
196 847
249 398
250 568
207 776
890 972
731 358
953 815
751 116
380 440
208 286
227 500
339 660
324 320
962 71
803 448
724 998
5 149
96 832
614 777
166 367
403 865
197 785
265 945
954 523
878 5
319 870
157 452
587 508
733 366
847 831
482 591
233 126
967 878
544 2
445 374
723 888
272 514
620 338
579 816
575 930
657 892
975 634
943 122
355 56
494 96
612 205
795 959
437 849
312 704
171 282
848 971
183 277
65 28
931 975
67 878
797 615
455 290
608 835
715 953
374 17
551 339
607 417
611 385
141 124
94 818
382 964
883 893
363 13
124 173
663 901
10 172
366 71
229 369
143 376
647 904
64 732
261 755
263 102
658 356
758 685
300 820
605 532
52 573
422 626
30 319
574 677
539 621
275 321
320 93
765 561
718 103
983 984
761 626
359 779
868 497
187 388
384 67
564 612
746 226
91 462
447 473
886 251
701 207
662 165
923 167
963 696
572 479
603 715
655 646
906 589
697 747
219 842
92 26
535 612
368 941
257 307
330 658
902 74
520 174
660 861
179 515
750 201
424 49
723 187
246 1000
850 765
126 536
76 358
38 9
198 781
639 918
811 831
707 938
952 102
994 771
712 711
341 856
25 128
348 85
776 585
93 644
573 651
535 582
692 264
52 706
961 617
942 848
921 275
979 238
530 521
394 66
470 861
79 197
129 840
592 146
995 944
368 211
295 372
255 145
610 713
698 30
665 859
745 637
616 766
846 525
34 46
330 258
753 682
871 776
656 671
836 926
21 898
838 665
215 270
774 929
283 512
859 146
955 537
162 491
33 415
301 97
45 284
221 376
425 112
55 972
172 970
495 805
921 928
382 500
829 64
915 755
604 282
927 416
429 372
290 335
365 957
17 763
248 252
311 502
353 985
629 905
217 35
736 390
787 645
319 785
622 351
155 964
208 601
449 169
555 606
537 607
262 355
279 836
302 659
588 181
1 437
619 289
301 197
500 797
107 379
328 424
689 17
786 113
518 442
692 729
896 563
798 863
413 518
590 633
426 869
829 938
293 364
263 769
114 46
542 327
51 998
255 714
840 801
421 632
362 612
318 753
340 438
145 543
744 850
960 607
857 781
724 827
530 759
543 681
578 510
744 33
767 816
87 923
388 408
401 950
52 24
512 383
839 803
730 139
770 530
509 914
719 87
686 776
819 616
281 811
414 250
937 252
79 478
146 599
217 314
522 358
737 860
318 513
492 152
942 689
216 746
964 42
507 472
504 430
614 326
286 467
782 549
833 918
105 407
785 240
975 602
912 262
976 63
915 780
812 759
548 562
418 262
374 234
631 37
294 948
237 860
650 194
263 819
152 97
851 844
271 19
77 931
51 757
666 760
675 222
103 468
198 780
591 292
820 310
564 668
424 993
969 563
875 668
481 706
642 362
47 958
768 421
414 746
458 81
600 832
116 813
405 603
913 768
298 910
321 533
219 609
190 216
526 66
754 277
746 82
802 867
578 766
60 543
220 150
845 27
853 123
822 36
249 430
791 320
725 386
59 626
921 982
735 128
141 516
578 411
177 240
990 519
440 232
61 839
697 340
742 824
377 257
309 696
697 202
905 461
273 27
459 627
986 27
903 60
353 866
449 368
18 530
535 188
200 488
628 545
664 826
279 503
987 286
178 767
666 623
904 47
893 353
424 507
168 400
91 344
545 268
556 294
548 465
691 459
980 608
552 91
423 673
698 69
260 778
184 405
1 882
596 353
483 945
297 997
136 655
880 557
727 23
84 723
215 74
710 454
834 519
60 85
145 620
57 867
632 31
290 204
187 942
126 929
440 177
895 274
62 593
360 211
264 402
952 558
505 308
596 137
928 225
917 203
856 194
728 583
948 464
747 924
390 104
19 880
621 881
473 627
218 318
459 85
488 372
228 361
377 724
701 166
13 162
63 359
439 400
816 310
89 885
325 911
96 253
714 201
935 995
147 189
359 842
800 418
766 878
69 313
518 32
144 216
944 883
720 491
241 702
284 973
368 59
4 451
384 917
644 299
840 663
297 19
534 148
692 234
624 549
252 1
877 583
206 181
768 456
188 15
139 10
641 883
728 163
78 160
463 579
239 823
474 277
645 226
930 86
143 937
299 164
318 697
845 336
820 766
425 966
546 665
705 471
462 29
462 100
307 246
684 987
196 636
608 212
501 778
591 686
768 189
345 952
541 151
948 911
942 382
860 951
409 15
568 227
767 270
245 177
668 106
340 864
922 163
816 13
508 745
48 136
476 166
361 650
835 763
663 728
963 858
161 53
859 744
524 455
599 105
18 633
945 661
867 294
860 333
492 106
659 390
307 41
924 122
890 875
149 90
169 357
851 927
350 717
854 226
355 566
900 289
636 193
871 967
140 15
359 716
39 841
896 133
15 653
656 689
119 997
441 230
261 568
619 784
953 768
970 375
651 854
688 299
869 133
379 218
864 318
312 486
985 407
58 588
443 232
877 820
278 261
818 379
1 198
854 409
559 579
787 558
629 679
190 565
765 154
844 74
288 99
698 39
824 496
789 120
140 904
122 929
838 537
472 505
723 232
991 193
405 391
279 850
993 908
286 260
432 222
317 142
999 983
616 381
962 200
450 309
453 687
769 83
140 149
424 312
206 602
768 76
675 495
239 55
414 102
177 327
250 116
48 439
900 93
883 754
870 498
432 901
479 158
393 295
820 507
277 647
624 875
287 25
964 662
813 332
28 978
240 985
768 836
560 38
340 553
506 226
922 610
783 809
808 271
699 226
417 736
688 273
184 862
664 847
8 715
495 433
581 130
328 561
58 547
842 468
117 789
354 895
762 890
287 727
490 398
56 339
13 240
142 261
237 484
393 908
936 849
996 559
949 601
905 691
697 182
176 894
815 514
391 876
282 831
911 77
951 197
457 406
79 666
585 856
262 874
491 593
639 700
769 712
605 588
620 198
684 74
836 966
93 576
663 74
125 623
453 161
840 1000
459 154
341 674
840 157
350 235
337 229
541 456
836 524
382 406
380 402
191 655
662 227
581 332
267 775
913 597
222 789
655 851
74 626
875 374
252 210
41 786
760 772
132 23
141 206
836 164
34 107
687 146
145 309
166 856
428 492
101 797
70 476
658 2
255 376
432 223
598 951
885 720
224 462
193 745
109 646
291 880
849 435
581 356
739 858
782 818
541 882
712 355
850 576
317 107
48 319
756 398
42 96
687 886
579 888
899 209
227 919
959 975
389 409
344 78
770 727
305 555
721 488
99 228
295 520
760 70
835 598
27 441
159 466
147 273
134 323
163 127
356 18
248 140
970 919
456 354
193 411
11 512
336 861
650 278
754 534
236 805
64 361
169 438
192 882
840 161
480 65
732 351
622 234
253 870
558 87
91 698
321 866
67 226
239 442
894 538
783 951
292 558
867 804
988 427
882 30
402 361
694 898
381 439
590 723
174 78
126 119
440 630
858 893
608 391
93 38
573 524
408 462
629 770
516 675
952 172
811 861
709 669
352 443
931 498
857 722
539 476
736 935
29 711
467 873
670 56
780 390
218 176
199 714
886 691
959 358
715 993
397 334
414 207
944 161
708 551
178 510
582 523
584 826
98 185
164 158
533 678
848 217
42 242
343 816
705 680
596 434
713 747
765 976
65 164
827 587
190 919
430 154
139 663
686 951
759 28
175 721
169 367
931 720
23 584
369 208
62 255
805 591
520 195
861 937
128 10
457 330
403 400
450 851
368 748
981 710
150 116
135 383
240 601
759 281
143 348
464 507
625 869
828 126
8 601
379 224
611 594
283 615
205 492
341 198
981 746
190 605
117 61
44 335
833 977
19 777
287 64
772 355
919 635
799 838
371 276
941 348
904 124
340 443
609 744
253 652
23 817
737 168
363 65
788 277
525 179
532 610
794 892
383 190
851 791
225 451
835 78
955 254
878 831
224 108
450 574
453 356
110 959
671 35
211 289
275 765
697 459
598 705
745 763
146 845
475 548
980 865
484 949
211 23
750 920
374 18
296 923
99 957
832 420
835 209
653 536
177 734
565 558
619 693
11 82
562 77
894 982
889 877
751 2
960 363
434 575
859 622
948 444
772 1
389 804
682 562
462 584
635 641
340 938
93 92
641 439
417 923
841 874
729 426
531 679
953 2
88 994
108 785
110 596
744 342
951 624
674 472
23 725
36 520
38 607
852 9
355 645
724 203
372 443
997 853
259 629
694 561
162 827
134 803
381 971
467 991
606 714
482 190
664 180
36 620
789 716
622 343
73 383
658 289
10 391
574 86
496 407
969 843
962 701
169 118
363 69
64 383
540 320
932 165
971 302
513 673
281 493
988 930
805 767
840 696
249 102
667 961
841 957
822 869
747 951
87 836
728 261
399 754
422 344
217 195
266 114
404 188
438 820
631 202
115 350
236 396
695 992
265 191
259 811
929 582
117 351
517 498
534 267
572 103
604 837
195 300
493 257
260 718
165 679
570 410
136 296
260 289
506 766
355 572
90 708
7 452
789 226
399 345
69 671
722 838
907 888
77 70
707 392
963 966
780 345
187 177
798 559
784 968
787 509
765 588
433 374
875 659
304 642
122 138
372 221
893 822
570 219
356 62
707 439
640 184
642 661
763 346
872 933
887 725
778 264
664 84
248 378
917 778
349 126
128 494
936 456
784 764
181 964
227 220
135 432
227 375
528 176
458 159
756 555
764 129
359 838
148 616
843 567
770 701
156 883
592 148
114 288
414 370
301 558
345 171
47 660
634 638
135 464
918 911
642 85
946 360
309 623
516 568
342 209
320 577
239 235
234 788
279 424
392 205
502 927
754 230
848 325
751 430
927 283
701 565
855 271
514 268
264 173
454 24
576 691
111 883
652 684
217 291
930 394
129 212
208 327
198 661
546 843
956 696
20 698
458 781
146 173
425 112
487 80
760 849
169 896
533 903
883 209
290 513
48 583
576 68
113 362
116 636
24 933
804 515
69 284
777 214
972 689
364 242
34 38
856 48
979 106
571 730
48 689
437 910
270 717
317 571
800 521
504 559
631 515
305 776
676 994
996 106
63 849
642 615
379 658
253 645
291 921
75 432
88 610
405 895
376 497
236 247
898 987
821 929
242 782
654 22
639 693
611 300
594 574
951 269
173 469
201 701
457 877
557 455
73 391
410 414
193 157
565 491
490 139
353 353
359 323
357 104
651 673
609 873
239 379
665 945
990 966
935 597
410 886
642 611
909 354
371 578
670 970
403 99
539 465
34 68
404 883
232 983
846 7
755 935
141 347
680 455
368 393
878 537
551 663
604 732
939 830
384 970
745 541
599 802
866 102
257 448
920 59
525 716
21 21
102 147
353 294
855 802
34 791
468 646
811 437
190 243
100 370
490 295
907 822
800 50
40 814
525 109
885 923
179 782
911 708
957 839
467 209
551 984
343 332
327 312
483 965
225 823
161 92
799 375
454 744
425 359
734 466
1 652
143 890
543 205
627 286
270 774
267 100
47 310
550 40
278 68
802 853
320 1000
767 781
847 773
379 985
378 481
928 121
102 999
183 7
212 560
898 700
680 714
158 106
430 467
984 81
523 717
284 321
307 865
37 691
393 822
368 184
111 921
928 913
829 883
873 209
616 499
591 352
301 862
378 573
638 66
566 396
630 599
64 450
763 758
639 684
793 214
559 30
650 797
786 457
842 491
936 820
357 420
142 692
456 129
561 441
415 590
360 112
280 414
943 977
865 351
964 352
608 885
286 496
359 739
812 228
252 149
275 420
554 530
279 545
411 323
782 146
951 727
66 821
919 615
758 69
726 616
296 543
92 154
671 698
844 906
329 548
736 436
912 439
556 672
898 204
48 898
780 133
802 202
838 268
727 594
647 708
868 31
999 899
895 320
622 740
595 52
223 193
386 424
53 494
94 189
889 136
797 544
443 764
900 529
361 138
424 670
196 908
42 589
245 338
708 293
971 673
59 59
796 482
142 495
285 924
752 791
978 370
231 246
333 592
285 464
893 322
762 477
292 959
6 737
701 616
290 672
519 98
336 171
125 66
344 487
325 889
994 455
273 737
80 239
473 507
63 121
404 416
821 656
603 19
526 840
996 681
900 848
312 156
320 640
469 227
283 536
61 576
645 434
529 66
740 63
78 274
392 885
934 159
82 772
143 791
643 600
647 602
63 575
989 801
756 642
76 780
362 335
536 41
418 978
162 139
922 131
235 100
190 166
662 638
287 401
180 171
230 650
938 357
221 289
68 876
629 992
226 989
65 965
708 834
647 283
157 572
604 126
215 197
397 233
553 448
334 25
70 356
641 930
195 676
960 424
983 206
58 325
749 384
991 805
87 983
834 910
95 766
513 745
969 611
890 495
858 546
310 262
166 921
359 43
753 838
826 474
365 697
375 965
13 649
605 64
849 202
164 623
849 663
563 269
358 209
737 505
688 653
395 455
636 859
884 483
610 661
263 361
680 134
808 177
78 475
489 605
967 768
37 715
869 423
487 656
462 421
696 234
810 53
282 358
712 809
21 611
136 744
880 389
517 113
816 890
932 272
298 363
634 566
807 789
990 946
651 536
27 464
715 901
512 925
371 459
986 310
305 76
72 55
389 857
886 250
800 427
912 397
786 15
682 91
93 936
34 638
501 706
344 18
247 842
579 78
394 296
73 428
627 221
801 974
950 298
237 148
161 98
406 593
692 775
766 557
56 181
584 712
687 421
845 246
997 972
70 664
204 589
906 241
906 398
950 490
367 351
127 569
816 781
658 625
530 464
227 868
48 119
980 410
737 589
512 751
499 662
104 397
580 636
463 859
112 415
48 694
444 681
706 172
184 600
207 183
397 843
758 518
118 752
356 1000
237 981
602 90
962 537
940 490
43 111
897 923
717 268
669 219
922 50
527 324
138 452
980 160
886 676
235 555
498 923
306 387
7 609
474 919
317 108
527 504
198 152
399 103
35 608
94 197
767 724
413 704
12 503
466 553
856 618
160 697
879 416
515 568
674 954
271 491
296 309
337 732
637 428
312 269
440 602
643 745
405 183
506 548
493 693
158 926
972 683
59 610
967 304
33 781
700 175
435 806
792 828
680 271
264 403
622 807
965 717
177 752
732 614
287 496
585 344
219 274
767 375
414 990
212 551
790 184
558 596
354 4
285 443
133 88
912 680
809 19
480 391
138 107
355 739
294 924
919 859
439 515
122 398
171 602
629 184
778 961
1 371
190 305
206 752
647 241
290 645
958 660
581 16
466 782
509 371
826 192
370 327
680 120
655 700
692 241
481 450
775 87
442 813
680 174
649 704
559 648
903 196
730 539
366 800
162 684
74 952
562 941
972 350
142 997
68 2
822 100
128 992
667 927
713 153
476 874
377 766
364 583
622 893
580 278
848 604
740 442
974 1000
515 382
274 118
678 427
286 484
478 370
499 144
918 832
268 312
390 514
710 70
492 842
436 151
787 816
527 791
858 788
695 241
465 12
840 860
537 199
644 161
1 559
3 907
507 430
791 960
503 907
456 228
283 652
484 243
293 262
524 784
793 640
730 733
306 128
746 284
806 151
281 161
605 521
738 141
259 849
363 764
139 144
167 594
545 367
978 397
999 176
25 199
899 82
702 680
420 492
677 76
840 880
421 722
940 264
473 364
289 123
508 20
149 79
669 331
616 250
128 553
417 94
22 758
991 121
979 726
550 636
966 832
446 724
276 935
178 664
790 825
682 601
557 102
62 535
616 32
885 520
968 964
158 379
258 556
682 745
952 427
978 205
40 432
469 783
246 536
206 494
244 761
980 548
255 899
119 36
353 962
660 976
750 590
674 457
65 286
929 486
51 547
196 698
39 92
515 72
204 690
896 935
902 962
22 845
367 313
91 812
201 73
941 579
137 708
867 23
30 377
168 126
734 251
48 588
654 903
121 627
11 560
378 95
874 79
289 495
109 446
262 868
413 208
484 623
854 905
792 501
998 17
641 797
60 86
503 933
96 697
943 689
66 620
726 221
134 75
679 154
586 316
626 713
324 807
61 229
634 156
89 739
904 553
982 594
657 994
427 885
935 567
475 634
618 367
207 637
664 898
68 27
969 373
420 86
701 193
908 683
138 468
459 150
255 94
180 278
602 887
322 896
923 247
590 941
152 298
718 994
845 618
156 408
48 499
238 447
426 685
137 458
532 256
67 844
584 913
3 145
340 454
68 458
637 829
158 265
465 436
685 994
944 2
205 405
289 386
803 234
775 981
28 557
798 398
277 232
127 506
692 572
674 5
243 696
603 205
773 313
542 201
864 562
803 721
92 574
341 205
675 903
805 475
982 913
50 158
416 768
436 877
785 128
131 580
79 840
666 600
872 790
401 349
558 942
479 790
947 386
10 591
34 740
910 843
455 890
525 262
830 18
161 568
892 618
663 871
368 494
458 12
913 158
493 845
25 438
907 13
366 190
820 346
520 164
857 779
178 191
489 277
569 81
911 62
909 898
410 237
137 438
551 681
479 363
930 186
709 973
500 552
336 644
961 592
411 96
121 909
287 943
629 638
640 970
480 155
445 132
57 628
739 472
868 599
265 258
336 115
896 975
516 702
622 141
826 244
720 81
564 217
759 88
35 710
510 484
641 819
225 754
753 331
620 738
44 422
749 243
620 220
581 424
547 880
813 896
395 354
365 124
166 654
463 859
191 327
623 812
89 510
434 612
573 897
515 278
183 916
556 548
235 769
641 757
410 179
597 806
576 655
489 968
631 787
372 730
738 409
864 632
957 518
76 955
646 620
650 822
53 100
616 364
100 885
659 936
776 999
137 153
386 908
373 331
148 599
473 319
558 275
840 521
554 770
973 906
905 615
987 608
520 826
316 760
795 756
878 951
817 92
948 936
48 808
494 509
150 578
875 271
181 578
339 775
399 424
524 564
621 463
236 300
898 494
58 244
126 549
676 681
827 930
685 980
92 603
333 466
683 527
37 995
320 535
925 352
763 297
482 265
455 244
497 943
792 731
415 962
126 652
522 921
555 931
996 351
300 127
931 2
549 56
546 917
891 966
675 774
584 619
788 669
590 628
829 353
310 180
721 372
257 684
989 424
205 535
321 140
737 378
169 322
555 689
339 577
650 525
685 167
889 558
47 46
816 339
663 442
269 643
21 992
518 976
342 856
146 499
548 400
557 178
718 631
513 274
402 82
771 297
821 826
853 758
801 252
605 223
924 206
914 398
201 429
909 544
119 526
43 414
175 850
633 874
561 6
942 504
236 120
136 514
271 415
885 443
442 696
416 721
468 822
905 217
697 741
174 913
837 186
502 333
158 456
831 896
897 623
546 897
127 34
178 560
757 93
883 995
208 47
86 42
781 84
705 11
316 199
295 930
582 811
577 325
469 175
308 656
349 663
998 78
536 771
965 454
375 403
670 548
373 608
651 3
218 952
496 36
865 180
163 214
270 512
957 502
333 872
686 678
255 164
513 81
502 286
277 988
769 462
943 167
1000 113
689 948
116 606
15 334
352 997
187 757
921 85
300 301
160 615
663 88
188 962
343 325
576 862
737 263
678 688
855 781
455 16
498 926
556 783
719 26
102 931
622 937
30 342
90 280
454 716
341 952
352 139
623 147
694 155
463 965
186 919
860 511
203 801
45 431
866 354
213 621
803 347
48 270
190 638
431 684
838 215
90 183
131 705
492 629
804 704
701 548
653 997
457 621
1000 66
73 377
412 132
36 294
494 554
114 625
598 731
737 172
709 290
556 240
154 863
902 193
251 590
384 118
981 574
374 192
438 679
865 773
248 262
767 166
438 245
32 614
808 63
641 355
387 575
523 424
424 992
86 775
399 294
753 429
721 433
524 273
791 791
889 805
238 175
938 606
672 638
616 631
786 36
965 365
725 225
739 998
968 419
511 799
267 493
110 748
732 668
9 128
661 905
839 428
784 799
908 890
408 914
916 877
472 375
598 108
183 475
356 730
899 164
86 857
291 717
8 270
167 104
290 822
912 276
648 982
958 827
556 125
272 832
469 743
719 584
856 814
253 71
127 995
190 833
584 286
458 577
84 794
589 385
183 108
68 618
29 351
507 654
990 568
574 285
128 871
526 384
886 426
347 130
754 456
606 27
310 342
833 727
117 978
315 635
421 663
268 371
593 399
211 530
677 700
427 592
526 187
33 309
343 339
500 655
23 792
367 11
649 963
220 359
250 614
21 66
854 837
414 92
160 663
978 345
770 93
852 564
215 463
134 832
836 479
153 910
336 717
649 998
251 309
493 444
939 138
833 649
353 67
624 647
253 341
961 953
844 315
544 327
931 759
713 736
864 375
429 461
164 577
556 580
752 112
836 410
408 276
586 738
612 73
745 202
520 90
465 365
856 67
633 31
713 912
357 743
486 723
267 99
209 778
820 608
282 56
399 516
148 770
534 910
873 56
927 48
672 594
369 660
217 163
266 753
794 798
386 401
306 448
232 59
42 711
683 47
562 845
961 910
840 40
186 892
443 863
135 756
612 753
476 230
438 574
395 199
621 975
251 162
629 35
748 575
860 361
668 244
177 453
594 812
368 435
490 462
268 670
82 727
486 814
39 161
29 193
512 844
265 771
495 621
152 710
466 49
691 497
43 271
742 363
123 469
269 565
856 649
634 404
403 314
496 405
446 849
75 819
613 917
350 19
964 253
249 87
269 496
456 60
270 35
399 948
382 129
216 816
101 280
582 334
655 725
536 314
712 104
195 594
119 469
48 609
114 32
391 171
577 65
49 932
722 587
942 909
356 419
68 571
708 921
410 704
456 51
511 90
515 531
733 107
232 720
724 56
56 521
315 687
307 190
764 681
237 408
820 513
657 662
832 709
202 878
759 402
455 481
126 435
107 843
468 786
945 642
412 515
314 21
575 719
853 666
750 424
589 294
899 547
593 999
59 833
71 637
342 220
580 908
373 541
312 310
264 74
549 175
687 593
305 691
683 330
295 398
72 88
356 404
931 215
698 717
338 358
54 934
672 745
918 318
546 131
900 111
934 955
68 904
589 594
524 343
905 10
415 689
838 821
770 915
641 196
849 475
228 13
921 925
468 914
284 314
602 973
422 283
144 592
775 839
989 164
787 86
421 130
102 5
760 570
458 51
212 84
993 313
488 790
492 380
954 265
871 730
3 371
439 798
366 287
784 664
416 311
376 459
795 178
451 682
663 250
8 33
145 658
909 418
930 30
458 901
365 368
704 673
316 41
292 914
715 418
470 758
371 37
860 406
522 462
250 978
952 809
904 81
337 723
70 175
606 111
126 515
799 767
250 927
774 278
160 292
123 838
741 831
827 706
778 577
371 267
365 233
289 247
646 472
753 845
957 1
768 359
330 366
716 829
486 311
869 375
248 590
424 388
502 912
249 175
428 258
842 603
596 112
512 876
132 544
767 342
17 507
801 43
915 113
784 532
39 397
133 371
489 187
643 778
403 847
790 107
980 337
183 161
707 468
30 942
950 624
856 28
391 415
979 198
650 183
510 614
58 144
33 109
896 944
258 654
534 678
698 695
647 162
95 729
315 836
259 407
392 293
517 716
279 349
648 231
661 508
746 593
381 711
294 17
801 128
735 902
449 446
442 70
394 117
167 804
83 354
679 222
706 461
364 545
90 764
348 493
256 882
127 318
884 948
707 634
765 15
572 955
593 506
8 39
63 717
506 601
220 527
42 645
818 792
412 773
22 836
544 126
37 318
205 181
857 634
112 845
1 207
322 916
632 853
619 229
636 72
251 176
116 982
600 719
108 721
477 889
200 96
239 372
891 199
735 851
286 221
838 640
557 779
858 909
803 674
382 15
840 281
48 383
277 394
390 302
341 985
398 162
425 606
591 573
188 482
983 444
904 370
450 770
919 865
968 985
842 306
345 842
683 178
413 30
902 735
754 581
677 138
581 359
155 803
84 623
706 832
547 685
49 969
427 451
281 834
249 568
928 70
221 868
210 890
730 721
395 540
252 568
173 486
31 184
20 559
854 975
408 287
306 788
96 702
731 615
69 755
489 819
651 910
459 759
93 971
14 809
313 895
587 652
618 356
499 883
160 492
88 433
455 55
613 642
589 548
194 758
825 259
967 829
157 216
6 289
961 233
616 433
182 807
995 763
601 448
981 527
344 430
396 887
744 330
921 325
973 455
142 558
145 505
372 658
786 349
530 990
539 600
156 592
597 581
981 984
551 999
718 452
377 698
378 553
151 942
249 892
84 64
244 410
962 251
525 950
485 582
256 955
659 817
955 712
349 382
974 270
559 958
308 917
927 869
525 735
581 992
443 73
719 154
584 197
525 100
998 97
905 107
659 551
371 809
616 143
355 381
170 754
975 889
978 829
167 384
649 134
608 924
74 121
216 27
960 969
348 791
454 927
882 180
368 504
383 430
3 564
798 781
18 359
472 239
289 176
682 263
301 293
978 1
853 725
337 923
810 224
605 385
409 499
732 767
493 330
345 532
860 849
719 865
82 997
213 571
61 844
100 773
56 390
818 376
942 637
971 275
382 468
941 933
726 570
697 604
537 994
721 810
530 112
257 143
222 932
187 276
898 410
31 141
611 422
815 477
275 900
528 258
777 169
109 943
926 71
578 467
383 827
720 524
970 54
997 528
438 748
473 36
143 780
449 360
745 172
718 714
75 628
154 476
7 600
631 779
383 815
697 947
726 152
318 248
645 815
609 36
178 659
246 25
289 385
855 410
313 147
509 971
544 930
185 415
228 195
111 693
460 902
72 342
381 17
628 36
212 45
397 342
525 459
362 707
782 289
495 102
68 98
317 359
482 212
243 818
412 947
517 795
929 156
232 411
515 40
770 634
936 833
327 367
965 585
589 803
919 181
490 248
741 766
31 59
753 846
423 360
545 451
992 371
464 456
856 116
997 768
543 916
369 492
232 716
652 222
892 818
456 433
563 200
231 921
693 596
188 670
941 521
501 849
652 950
95 136
547 130
495 911
994 784
351 774
332 440
264 458
812 221
956 283
971 795
665 43
898 597
167 548
572 838
555 814
277 788
505 167
987 272
856 542
390 162
640 833
477 501
878 913
264 730
781 363
154 329
54 370
396 676
217 177
467 990
154 531
274 761
321 233
886 640
905 153
627 43
413 432
596 138
443 678
554 277
177 687
593 174
622 644
752 572
509 279
532 100
429 869
963 618
909 266
294 929
659 966
840 526
352 980
470 892
491 618
780 335
372 714
438 943
445 321
598 606
234 417
674 319
339 237
927 546
184 881
358 130
909 572
783 695
269 742
812 504
606 902
985 363
707 281
369 112
499 752
839 917
343 830
215 58
981 656
642 958
297 76
495 80
428 543
405 526
405 983
178 18
811 339
482 356
691 953
871 437
989 825
471 724
538 909
937 147
745 213
212 506
580 170
20 903
998 609
22 191
389 197
485 223
906 567
766 97
500 693
712 599
267 647
327 903
187 365
749 539
288 934
635 16
832 312
771 900
927 492
452 756
433 606
291 894
45 377
718 797
479 413
496 78
410 573
396 22
583 314
34 309
377 893
679 610
759 773
954 553
701 742
571 757
962 55
862 552
850 253
827 402
723 671
351 258
808 42
53 499
121 116
911 877
561 787
141 521
849 621
1000 833
303 762
595 289
269 607
92 998
985 153
937 313
69 706
936 684
325 826
809 30
114 48
43 334
877 137
788 721
536 230
597 534
437 4
824 870
72 258
25 946
427 135
911 611
236 213
18 632
378 769
517 885
466 150
930 968
899 173
377 365
618 149
636 318
191 525
903 846
44 394
186 810
625 638
167 925
695 581
435 676
417 982
646 615
419 79
33 506
824 931
560 928
871 81
460 18
924 473
945 612
772 288
83 499
200 357
153 568
90 371
896 460
364 193
109 877
333 283
135 650
942 60
819 711
641 557
523 539
487 148
767 81
818 683
555 133
596 796
216 165
269 535
914 486
489 143
789 749
147 456
72 441
134 110
874 614
156 767
499 971
253 677
811 854
694 194
766 413
463 266
229 817
556 435
964 154
374 932
491 798
425 811
111 673
520 912
598 661
80 417
579 38
690 748
368 105
209 665
312 235
38 581
869 244
773 714
696 310
675 464
277 76
589 888
581 893
478 570
524 182
37 994
38 583
428 299
247 668
162 123
970 570
31 3
358 368
422 571
357 391
972 325
980 129
84 449
74 964
100 442
101 582
664 385
461 336
161 234
540 619
535 976
509 265
709 556
567 252
973 789
959 276
450 173
616 802
682 934
803 737
42 657
408 803
667 599
47 375
32 704
374 751
674 77
954 717
874 8
603 510
982 469
709 551
320 205
63 805
232 461
793 97
211 830
729 335
974 515
883 197
743 134
632 200
697 690
235 276
796 597
400 898
481 257
25 522
605 563
343 854
70 617
749 421
864 906
839 106
925 368
804 867
213 495
417 302
987 320
297 69
117 388
548 291
138 440
434 31
595 148
105 900
226 677
81 922
146 902
121 107
736 125
507 747
624 636
7 619
449 656
759 50
872 773
943 758
825 849
300 469
379 211
452 491
326 415
665 955
31 719
969 985
755 506
867 694
570 686
461 740
472 749
168 50
365 874
602 307
913 312
477 150
983 200
735 286
472 286
571 966
146 579
228 720
743 757
295 609
111 705
335 285
942 982
837 197
896 355
932 426
695 999
113 972
777 663
936 897
41 455
183 972
863 93
433 612
859 400
425 7
820 97
442 116
123 308
299 1
520 943
240 669
280 267
953 125
193 448
909 51
498 996
722 16
656 115
948 995
456 257
726 469
955 686
17 589
397 683
864 110
702 967
387 232
834 595
163 40
387 42
885 129
542 397
218 985
460 452
259 400
67 669
75 469
631 646
554 119
118 155
37 186
88 4
196 456
88 499
332 184
10 906
737 621
596 901
282 300
944 976
210 240
246 287
904 997
523 151
978 758
85 430
143 303
3 878
681 23
755 543
775 320
964 118
12 103
961 493
872 180
68 312
715 421
984 99
786 534
256 62
651 967
451 829
215 542
279 755
862 374
919 142
357 863
670 393
737 512
859 79
560 75
488 728
36 355
699 731
316 644
384 944
703 615
83 486
906 922
809 656
956 70
917 198
504 574
204 569
940 12
587 497
679 938
192 95
778 849
491 408
622 911
946 719
623 933
399 342
212 323
727 687
492 197
169 652
720 291
875 745
124 125
883 540
583 219
595 621
83 812
464 166
704 114
522 423
670 238
535 622
681 302
916 518
277 716
298 836
536 97
544 524
448 643
300 709
32 122
41 94
69 138
51 865
894 318
522 879
711 396
772 872
335 465
893 420
69 205
739 186
771 923
463 341
255 368
239 330
146 925
104 194
251 21
745 675
480 987
721 993
640 865
66 925
377 956
739 163
409 399
989 641
787 876
121 270
119 240
3 658
761 458
992 425
701 670
621 242
93 342
229 782
978 8
620 487
652 364
275 631
961 198
586 579
600 283
74 376
37 432
351 926
983 433
386 820
884 516
442 197
737 809
513 943
979 661
447 942
533 731
901 457
821 596
617 983
735 543
862 677
129 328
294 77
454 877
465 996
654 214
690 611
563 340
327 136
913 11
441 636
995 232
538 584
5 141
420 50
233 402
288 268
709 518
490 805
319 960
244 207
585 897
263 223
845 643
241 81
539 721
746 117
803 616
221 647
478 375
616 226
766 701
487 300
937 720
289 364
496 196
704 790
681 690
563 191
143 933
780 980
121 316
197 691
161 227
587 965
960 452
203 103
630 761
500 300
703 307
945 957
736 957
937 132
674 303
291 970
623 429
353 846
647 147
692 378
683 542
135 971
161 428
975 824
756 329
746 89
420 734
369 783
577 163
281 914
594 511
827 280
21 627
750 943
43 362
2 287
608 725
81 944
261 178
623 20
98 712
610 334
317 324
264 465
222 334
521 691
417 162
903 919
741 58
703 625
94 52
19 828
904 122
981 788
794 810
444 201
761 820
721 223
209 28
613 67
769 75
567 131
573 846
618 128
381 767
825 3
658 36
67 440
563 256
944 924
116 937
955 751
541 853
608 7
310 700
704 59
555 911
465 531
263 574
675 782
706 71
389 223
38 575
776 444
947 241
382 834
513 777
299 59
328 611
932 961
781 559
748 764
685 601
424 449
710 425
88 634
41 96
807 553
583 249
450 492
234 671
67 500
415 470
815 633
339 112
881 552
825 329
837 432
124 318
424 81
164 209
189 62
121 556
26 828
92 894
361 221
745 352
951 169
724 130
796 487
138 250
18 763
812 261
60 17
358 188
95 46
585 324
205 876
676 584
997 603
3 404
380 155
302 709
762 327
956 728
453 597
73 979
398 202
612 356
57 858
346 829
577 772
759 710
33 87
799 668
575 927
761 370
465 958
528 911
639 803
481 477
605 222
874 793
983 996
508 871
847 659
134 919
155 227
364 293
357 244
565 979
778 1000
33 43
402 267
841 605
126 822
829 108
419 197
852 987
880 473
368 804
648 790
252 197
270 169
667 756
42 158
991 862
96 503
199 713
526 990
104 398
846 661
470 564
11 895
343 331
840 972
991 411
269 671
306 391
964 69
830 751
684 6
516 505
665 76
116 850
808 469
682 543
979 905
935 826
175 120
669 818
794 5
52 202
689 571
471 154
635 879
583 153
890 305
755 787
640 278
752 796
363 935
724 564
285 57
612 34
395 911
402 582
75 521
318 367
377 920
507 240
260 784
9 60
374 781
977 850
549 202
258 890
397 581
840 938
548 324
422 611
208 511
107 165
193 911
726 796
95 455
277 479
356 324
902 409
506 137
860 622
116 11
980 181
718 546
878 743
717 340
542 717
420 167
445 552
534 56
220 908
57 954
663 629
334 615
152 684
1 441
707 258
307 430
829 996
581 711
573 755
652 954
82 671
378 773
697 121
550 839
882 86
993 65
95 876
308 652
941 117
642 965
42 605
656 453
530 522
293 405
311 546
492 193
383 247
59 445
859 528
793 288
392 796
116 2
757 877
400 894
688 754
945 748
430 208
787 41
917 859
44 115
387 996
784 217
577 91
375 219
127 367
967 975
812 470
586 409
369 60
173 711
964 148
951 130
710 436
898 178
634 549
151 802
159 147
506 975
826 655
889 528
690 356
204 624
313 360
769 239
288 416
598 580
723 611
986 448
423 565
464 246
931 781
605 389
256 834
155 129
803 322
735 944
203 188
797 875
118 281
805 903
482 457
918 853
640 458
352 556
280 234
446 589
604 380
527 231
995 1
280 245
882 478
153 334
347 417
362 247
515 302
864 684
372 298
628 354
402 529
423 806
506 324
161 453
268 228
743 133
189 622
548 810
768 382
87 630
752 479
136 791
480 211
764 705
744 724
448 427
85 246
464 712
684 761
113 260
528 898
307 419
572 228
985 155
825 2
388 642
111 103
254 970
548 134
211 587
836 869
756 477
53 418
385 234
959 800
662 139
377 435
830 578
620 470
814 507
938 240
907 163
76 286
151 359
806 90
609 260
875 710
175 216
145 950
889 2
147 106
883 132
723 927
59 207
233 806
731 762
389 142
820 814
524 39
881 733
318 109
218 98
572 466
225 679
733 772
851 727
209 624
731 584
448 556
45 494
957 525
772 543
881 963
925 927
177 931
874 279
976 942
371 52
170 709
302 747
166 961
936 850
565 994
720 868
956 391
651 830
746 120
296 822
749 954
124 362
581 654
262 711
756 756
884 280
561 778
582 355
162 763
867 264
953 391
81 991
847 320
523 213
937 178
292 59
167 589
833 529
266 604
684 830
664 19
557 102
768 222
555 501
463 418
314 652
119 422
401 804
482 758
788 373
538 491
12 705
20 665
772 896
378 727
715 851
718 66
161 669
824 433
29 998
139 578
376 925
320 872
122 625
601 366
600 976
971 275
943 544
979 314
357 638
833 897
789 962
996 236
50 722
869 526
770 862
466 856
263 599
734 472
515 162
663 14
955 390
668 612
310 60
95 535
742 234
605 192
304 537
71 951
694 289
940 299
128 125
566 173
230 221
774 245
389 553
84 816
41 24
25 4
522 480
233 103
324 333
367 549
234 539
912 646
13 216
923 754
541 899
634 209
197 548
979 539
186 793
549 10
285 573
114 644
668 910
539 367
269 541
373 867
534 734
616 797
510 35
948 900
61 462
956 143
674 452
98 895
459 757
757 243
635 827
508 26
680 686
702 181
480 371
968 336
583 643
11 572
544 141
385 650
224 114
181 765
986 878
377 868
480 635
841 71
55 584
665 445
491 793
379 512
379 669
534 782
202 796
876 164
647 988
535 267
772 583
552 412
46 484
758 643
5 565
38 361
87 609
95 667
437 71
213 63
575 244
914 994
441 320
151 2
947 493
693 179
984 381
518 614
657 472
584 126
481 944
635 535
822 716
867 227
526 454
275 1
597 611
981 412
367 383
883 802
826 916
507 924
673 928
17 728
935 51
448 256
303 836
807 785
590 464
293 559
670 225
137 58
138 369
388 328
709 824
562 518
124 557
684 534
509 982
785 734
724 125
969 929
582 960
473 217
77 733
169 913
819 489
543 993
165 661
129 729
390 882
696 611
875 534
670 794
449 769
287 113
408 713
575 756
433 927
829 832
397 524
274 778
389 685
579 38
805 747
734 674
724 939
551 420
50 37
12 954
27 249
696 758
654 633
882 125
972 384
544 865
150 314
802 526
409 813
452 246
348 719
510 988
725 260
873 732
134 451
490 965
959 640
503 886
481 919
386 522
113 371
226 401
321 794
50 804
873 947
587 626
555 561
395 212
490 706
228 871
799 937
252 365
119 295
94 190
319 597
25 688
940 856
739 498
297 910
608 997
529 244
595 479
8 130
980 876
986 690
371 856
599 451
140 298
89 723
363 393
208 192
591 338
769 362
11 524
826 134
242 805
967 62
489 174
148 865
56 584
168 789
633 35
617 468
710 530
497 544
375 648
317 657
163 276
26 80
59 217
948 918
230 531
163 713
995 193
887 392
871 605
622 548
757 221
814 481
47 670
918 144
160 628
179 777
719 690
445 615
587 899
649 390
731 825
44 23
124 232
734 611
437 921
821 947
135 35
502 249
479 297
533 391
873 847
70 124
620 558
707 48
730 168
339 912
361 753
518 44
810 284
281 961
543 141
638 907
750 43
899 920
995 350
87 804
765 141
558 525
793 559
808 503
684 362
338 969
413 954
634 395
69 833
252 581
737 944
806 757
459 12
758 156
110 472
298 757
692 909
560 86
894 859
393 176
461 399
137 105
929 690
584 474
757 54
374 239
978 232
788 333
464 72
106 227
339 298
394 808
687 391
117 1
855 426
767 960
473 680
484 134
195 606
909 866
951 260
246 986
126 218
776 125
799 624
380 850
485 279
799 537
71 206
752 975
377 546
773 842
137 303
312 222
103 181
500 840
423 886
502 918
812 614
141 584
556 507
211 243
397 428
602 280
503 178
19 895
501 95
845 782
347 154
786 289
717 401
667 692
83 513
779 861
88 12
733 166
489 430
422 323
15 542
225 188
401 922
506 457
769 700
205 322
961 107
469 275
532 180
47 989
768 849
954 508
539 815
133 960
696 460
807 275
98 92
442 76
108 730
4 823
716 765
416 580
416 317
560 687
542 395
605 837
974 926
881 391
757 262
413 365
995 482
885 54
986 518
702 584
614 547
114 571
547 280
969 43
412 851
315 121
536 252
980 208
80 212
689 840
881 985
974 778
282 388
882 817
211 626
412 151
673 691
292 419
722 846
350 52
49 789
660 670
434 871
203 758
862 154
4 754
197 790
940 160
663 399
377 934
900 439
737 988
418 608
44 157
266 569
330 719
489 874
56 130
430 101
827 764
658 881
658 371
773 554
735 386
976 726
302 855
398 581
13 449
416 991
335 72
555 90
559 173
981 957
760 479
858 8
186 706
598 712
745 453
158 130
134 438
346 209
662 996
602 332
452 708
812 75
806 76
601 810
948 954
506 532
248 97
835 846
44 784
72 658
754 621
17 700
287 693
611 511
104 522
750 436
274 211
458 600
84 321
514 592
373 443
863 320
440 906
644 221
819 710
813 415
929 775
795 378
965 734
131 139
53 32
524 676
983 209
311 845
704 627
890 311
663 297
348 616
991 989
54 451
941 725
260 381
140 114
891 650
310 406
782 71
436 105
67 137
163 10
264 219
639 733
195 100
379 176
857 992
366 500
29 753
553 506
509 800
693 737
403 56
957 28
690 160
356 979
381 189
725 121
864 255
383 356
606 733
997 911
471 620
194 445
750 297
744 71
33 727
29 168
46 42
894 862
850 16
514 628
744 1000
529 271
183 48
799 531
880 862
678 162
181 480
651 209
483 993
980 142
226 687
64 613
860 452
316 593
860 874
25 9
164 632
832 612
964 272
638 605
201 940
90 511
450 441
860 714
267 721
439 707
838 534
806 989
615 803
479 253
415 8
158 211
724 52
554 214
434 97
257 466
130 838
149 543
743 260
659 731
20 510
351 71
428 786
746 209
929 515
953 809
873 714
652 67
494 634
585 867
376 221
713 945
650 871
263 254
841 557
836 129
304 304
735 938
689 890
327 742
932 139
873 851
263 753
62 238
711 907
285 240
767 544
475 949
765 775
539 284
304 890
835 601
163 336
115 560
731 212
563 287
679 799
193 58
582 204
448 178
217 748
547 714
349 534
998 783
1 373
917 676
183 47
303 574
942 855
130 859
991 629
540 103
420 571
13 688
884 264
95 998
364 466
432 913
493 369
575 235
86 521
316 986
673 368
806 338
767 833
969 534
133 260
388 601
16 979
503 583
188 616
143 842
405 853
12 207
630 134
943 454
918 548
874 393
571 174
31 754
800 871
797 171
544 20
886 575
55 358
822 956
170 2
129 462
863 469
921 609
178 709
827 932
265 990
159 412
244 710
604 300
824 579
192 619
296 810
165 692
232 289
612 1
563 968
838 329
538 64
429 355
780 755
331 647
990 352
181 231
636 593
420 753
665 864
553 488
372 259
14 407
871 340
176 923
307 832
795 827
490 565
746 627
329 114
620 510
366 216
275 215
280 354
840 48
791 205
416 885
109 71
377 567
61 834
532 152
177 392
457 336
203 938
618 527
689 87
795 32
39 744
397 251
4 418
627 427
573 739
361 131
227 900
37 292
626 461
93 209
977 109
748 106
670 994
614 854
511 844
189 742
483 637
818 982
954 728
568 142
367 657
718 12
347 299
581 782
896 779
864 384
972 152
235 556
733 39
750 694
471 787
57 460
614 944
818 586
288 398
227 895
281 204
884 838
994 222
123 271
847 262
420 794
238 416
938 738
763 998
749 690
652 537
905 687
724 430
474 27
273 923
941 760
357 429
260 165
519 697
313 695
372 788
41 542
656 253
20 438
138 684
300 432
794 621
353 564
557 393
563 893
909 609
667 443
421 200
587 428
729 408
797 630
56 193
121 600
619 827
95 65
822 758
433 174
180 771
75 250
935 265
950 616
471 711
290 915
507 751
688 945
559 96
323 278
694 459
106 490
581 732
240 209
117 848
150 295
992 842
746 943
844 694
74 912
769 256
184 34
341 96
713 360
672 958
434 32
244 426
530 416
101 449
137 878
951 413
482 25
993 904
761 296
428 162
307 304
646 988
624 511
572 15
720 634
404 464
333 976
980 73
190 593
411 870
754 856
525 140
392 12
771 90
752 797
404 11
653 865
390 188
416 928
355 72
946 627
820 646
635 966
586 462
805 378
829 276
735 201
818 971
122 308
355 430
950 145
622 2
279 855
146 211
236 752
880 649
655 537
86 798
682 800
305 61
926 159
754 555
262 872
973 823
349 969
299 888
36 634
316 297
54 583
881 794
371 105
127 995
689 530
955 614
373 629
157 50
263 164
920 562
732 692
689 851
456 771
444 381
163 239
465 276
168 928
767 947
305 612
319 326
737 451
519 205
803 549
361 503
799 913
364 251
165 12
148 309
814 925
709 898
296 843
855 612
996 990
658 368
763 757
594 609
266 640
717 294
334 634
642 393
802 395
541 638
938 650
118 97
569 579
857 528
169 296
143 212
252 372
797 723
341 736
375 752
424 929
920 557
166 449
998 360
77 342
775 172
258 346
447 697
877 169
109 866
892 823
213 940
327 71
695 560
497 138
91 339
875 800
156 125
198 234
389 418
611 321
20 972
721 325
999 301
326 484
99 384
391 279
487 333
299 56
344 303
806 435
206 704
505 555
454 479
885 696
694 490
196 260
137 451
757 264
989 485
629 126
898 116
294 446
519 232
344 74
693 461
751 917
775 403
246 693
457 490
655 642
719 310
250 849
788 953
14 634
468 267
356 894
673 970
366 620
456 437
936 662
922 113
120 256
155 707
20 64
251 230
380 607
673 247
431 766
687 621
972 511
594 526
922 511
344 147
747 567
802 844
977 856
721 686
447 806
561 944
327 458
964 458
159 377
643 57
971 748
456 512
238 396
363 464
245 489
989 842
230 421
884 974
921 423
713 830
121 655
260 271
109 775
186 691
731 659
470 228
686 219
46 888
817 623
473 954
793 882
491 10
608 757
447 654
568 602
592 308
990 492
959 502
82 753
101 878
684 35
817 910
667 123
938 53
744 539
348 466
747 636
941 554
35 73
679 381
40 126
921 617
602 681
324 183
822 180
858 351
281 841
229 979
595 29
25 208
723 879
98 987
538 526
112 607
591 138
892 488
2 249
189 590
632 655
612 849
509 904
810 800
604 75
160 637
554 255
650 777
959 938
555 832
543 161
57 370
57 833
78 873
469 238
137 168
242 346
853 797
594 219
39 169
142 851
805 740
605 258
95 256
15 49
48 340
328 652
199 428
839 536
347 774
371 963
87 416
667 789
270 602
947 431
921 388
808 448
12 576
556 241
1 422
915 336
175 488
125 396
471 569
748 611
893 933
761 513
397 684
696 732
35 645
315 840
956 16
45 981
263 232
763 438
241 422
537 676
602 64
2 578
979 567
842 506
218 987
841 389
518 363
833 831
770 613
143 962
430 971
285 902
354 754
524 502
599 106
111 454
719 386
874 423
188 418
889 569
96 179
213 579
54 247
494 309
202 759
351 708
677 767
758 778
97 900
155 366
37 380
4 903
205 383
881 591
856 976
819 405
545 28
696 141
500 272
557 614
110 274
301 342
951 113
412 918
113 958
563 423
901 906
236 417
930 679
621 714
603 548
922 198
588 510
16 488
811 154
919 210
147 915
455 718
119 927
553 965
660 695
494 797
102 816
303 750
522 544
279 406
998 802
433 719
387 965
545 383
205 228
318 640
234 215
385 775
681 951
425 615
559 262
32 732
125 976
595 598
159 393
758 153
163 645
300 417
818 733
719 714
315 324
992 378
34 204
79 870
569 496
797 663
116 711
595 851
600 359
65 232
404 891
313 169
773 32
844 744
794 786
106 97
853 298
295 417
489 29
414 313
730 194
764 911
380 336
495 906
951 208
215 789
579 710
806 601
548 40
79 533
516 255
824 104
296 549
325 234
823 607
339 78
205 418
885 541
566 253
281 601
963 1000
231 991
933 890
400 116
445 193
489 13
801 725
334 683
307 58
55 475
78 381
77 912
27 32
84 208
681 815
208 119
79 510
372 551
104 320
692 397
19 242
938 152
756 110
194 248
445 952
342 193
750 766
95 761
923 419
558 621
43 741
55 524
904 725
453 262
448 885
131 342
371 929
350 297
214 512
863 4
994 589
50 932
799 8
680 961
804 554
960 184
601 103
385 632
28 226
795 101
504 397
778 693
696 552
735 560
526 975
142 242
535 851
418 375
149 759
656 57
377 945
924 844
216 226
637 577
129 818
180 709
504 345
962 769
736 933
995 634
211 405
549 6
31 524
859 245
258 663
70 462
766 23
132 372
326 397
761 296
678 998
768 864
543 7
846 885
856 725
176 165
574 92
733 337
926 952
209 432
711 352
991 595
159 903
693 946
408 189
402 699
145 669
453 528
374 107
347 583
844 697
637 226
951 146
120 220
700 387
568 84
168 258
84 546
571 35
884 663
220 694
636 812
161 414
388 819
915 393
589 472
999 777
760 158
83 228
872 291
135 380
990 94
938 742
450 3
287 951
299 148
87 597
71 499
881 32
248 252
580 182
892 189
979 296
855 448
370 712
398 353
553 47
482 701
842 658
248 4
836 364
148 631
854 453
91 954
133 762
515 683
227 744
384 875
930 199
776 235
756 993
382 484
735 601
612 504
533 1000
892 56
10 851
693 821
251 138
41 160
593 582
396 399
363 980
443 483
729 877
677 723
30 981
643 986
751 727
987 207
411 388
970 45
18 590
231 803
527 974
80 221
179 752
945 210
82 360
342 307
342 846
309 319
554 355
862 749
710 170
775 36
810 96
58 634
251 226
68 333
707 930
644 664
1000 89
987 461
236 699
782 489
245 812
479 164
27 611
219 336
857 313
6 609
634 250
297 105
939 53
791 724
523 718
229 452
859 6
939 42
354 877
313 877
132 484
825 142
328 719
845 921
302 953
68 407
843 103
527 648
628 690
290 192
569 627
356 904
513 592
150 198
645 542
687 583
893 381
989 352
67 781
126 338
834 61
999 818
478 115
90 780
96 166
774 510
651 315
320 133
155 632
748 699
118 865
722 855
338 71
782 815
966 907
19 909
496 147
269 441
9 788
337 493
910 911
163 6
335 282
557 855
872 618
594 973
101 186
354 927
482 543
448 44
12 125
851 575
35 29
307 918
265 368
371 591
619 2
670 325
419 705
337 646
797 636
638 205
424 462
300 45
513 9
379 171
145 320
77 256
896 757
283 823
235 262
228 445
136 747
428 589
32 285
865 87
367 146
107 691
609 250
89 198
992 576
987 680
192 835
835 880
564 266
148 285
271 318
478 543
279 359
724 467
498 820
189 387
949 62
775 187
633 410
329 863
888 560
791 44
912 432
877 542
688 811
50 263
749 219
293 33
5 556
327 108
732 289
378 186
337 603
589 973
283 170
134 38
340 428
655 421
154 354
158 441
534 696
500 456
204 668
164 464
508 993
323 18
129 895
910 838
301 763
97 789
52 167
515 624
509 897
531 63
969 853
266 556
631 490
711 107
189 47
594 727
669 201
97 539
607 661
199 383
739 1000
644 846
34 352
242 817
496 485
447 33
971 809
811 908
697 853
666 886
176 989
626 59
945 651
55 820
449 877
225 989
623 582
890 662
998 224
689 478
137 954
234 3
608 1000
217 373
107 712
656 272
198 342
849 11
691 64
253 760
180 725
827 505
474 443
940 568
579 752
429 63
57 880
644 133
499 337
44 757
509 171
445 727
788 339
870 274
85 77
436 690
485 16
567 835
469 113
77 285
987 738
410 184
433 95
651 83
843 908
386 139
768 351
417 171
436 448
373 521
177 50
409 162
107 346
805 586
764 229
491 332
154 976
760 296
984 570
283 634
164 48
508 636
807 172
184 972
793 735
604 950
730 527
708 103
399 34
675 408
154 517
35 367
120 375
126 533
289 732
198 193
686 79
190 87
789 599
80 240
306 856
608 809
122 70
752 643
918 326
214 651
239 275
155 822
825 631
334 498
268 471
316 567
264 2
555 802
695 472
999 421
679 440
719 530
459 427
783 44
416 388
793 652
429 77
232 690
211 879
440 810
171 363
772 967
184 580
634 843
73 345
221 745
119 645
207 447
714 901
882 828
833 255
340 486
172 527
980 896
71 856
229 1
236 653
215 704
450 574
905 281
119 565
620 440
450 30
587 82
668 524
209 951
104 970
341 50
354 11
802 584
568 209
636 648
906 161
75 182
316 328
807 444
798 536
945 466
329 441
192 300
631 855
457 138
852 266
549 243
561 62
966 10
785 937
35 561
5 310
20 575
212 854
491 348
841 75
455 102
663 581
333 192
322 492
203 830
568 58
441 132
35 454
543 502
292 239
655 67
493 406
339 582
27 395
227 679
207 176
473 901
204 609
59 186
122 677
588 60
164 904
649 816
587 140
301 929
48 289
300 101
145 785
187 365
862 398
575 72
664 646
493 138
764 32
54 140
126 745
966 137
174 922
351 965
10 495
900 288
832 329
428 339
600 627
696 860
614 684
557 118
834 271
262 787
556 649
237 224
898 582
578 635
806 170
99 345
460 622
528 78
666 564
383 465
767 432
269 821
551 539
695 848
814 51
129 759
79 862
316 894
340 547
354 492
92 251
97 410
659 685
614 893
480 394
535 844
813 632
200 596
763 384
294 612
559 530
149 355
425 53
677 329
700 71
816 959
608 968
385 719
87 820
925 26
544 229
847 637
821 202
844 422
1 139
744 901
964 379
926 97
683 855
143 895
355 141
550 144
589 294
85 654
504 633
378 607
782 834
682 748
225 681
30 171
212 860
397 716
686 623
757 415
81 758
166 314
371 439
142 852
483 410
78 156
464 549
921 424
288 329
737 397
954 415
762 349
474 280
743 154
820 402
840 851
724 336
604 1
689 686
160 393
937 475
265 895
328 90
503 151
759 77
309 70
788 87
884 480
102 43
506 241
730 286
82 204
382 254
958 310
79 731
399 16
215 297
700 570
345 565
238 109
511 951
685 395
486 99
97 851
865 945
182 901
752 129
249 372
121 199
393 216
489 755
358 222
891 675
136 243
161 622
317 371
168 450
591 978
63 231
244 742
55 805
294 789
13 253
111 235
639 663
651 383
369 231
780 223
388 113
508 960
355 854
112 962
689 853
766 503
898 388
219 999
372 135
434 323
522 562
899 637
774 565
490 191
701 82
873 575
188 850
778 192
147 950
27 558
355 423
911 773
1000 851
53 402
874 289
723 460
2 197
201 409
235 399
661 650
824 792
70 20
857 949
191 803
250 317
478 431
617 57
916 5
868 689
569 985
979 725
203 599
242 608
189 739
245 496
783 477
155 377
894 345
172 845
671 266
162 561
81 110
958 64
28 886
415 930
635 503
841 246
214 488
674 205
414 725
611 371
587 922
677 112
816 51
753 73
659 596
758 801
299 7
178 511
651 29
304 695
996 938
779 758
702 306
373 368
488 833
662 487
839 748
796 647
584 749
158 161
955 21
356 843
300 712
962 387
724 994
695 545
212 243
801 759
245 457
308 987
567 52
825 202
905 959
914 213
825 970
808 23
754 572
393 690
866 865
790 823
514 819
782 442
430 973
976 692
14 635
162 946
784 619
125 833
863 659
618 12
100 182
570 373
862 401
3 606
886 367
24 338
41 238
95 9
876 434
188 77
31 17
781 932
303 67
675 43
920 475
566 688
389 706
261 210
611 222
767 340
543 440
781 540
209 16
73 495
305 629
564 392
435 64
166 46
53 755
60 694
806 497
668 526
687 611
95 404
732 426
404 390
707 897
75 63
982 973
81 868
849 806
478 351
981 861
496 847
566 24
654 677
805 724
705 557
92 107
496 627
859 867
748 610
68 677
525 671
504 517
897 684
433 975
248 837
246 864
34 609
864 316
141 622
69 468
666 760
851 412
257 452
767 429
870 429
942 703
143 19
54 869
648 375
107 560
20 185
406 573
615 669
548 776
242 598
998 612
372 874
882 131
613 641
399 18
865 344
571 652
871 399
981 442
235 537
410 892
540 470
730 503
961 474
1 902
476 983
539 68
258 777
608 988
669 25
740 365
733 979
465 105
50 843
636 950
628 277
631 728
134 834
453 996
601 926
157 373
548 104
965 182
432 944
208 297
886 689
809 190
796 655
876 401
121 732
701 935
441 694
498 314
389 586
267 861
992 686
71 1000
823 733
887 293
912 109
696 145
609 186
610 883
728 99
58 465
862 714
552 189
600 64
256 330
773 148
293 960
393 732
936 451
351 121
105 319
551 750
858 293
284 814
612 694
511 162
755 346
918 478
729 454
148 427
723 424
47 265
925 663
652 931
747 531
895 148
757 74
115 278
921 677
262 922
653 146
967 291
988 890
580 224
9 432
816 388
733 888
269 65
137 13
344 651
443 496
929 907
253 105
639 916
286 853
547 416
75 351
288 177
550 888
861 246
212 461
985 900
625 921
930 703
529 94
215 817
328 662
741 713
824 282
725 593
734 596
336 45
387 348
629 297
239 298
132 924
90 751
683 743
218 281
359 3
963 580
975 895
117 134
990 134
150 355
802 306
228 230
499 106
51 757
9 836
15 152
629 148
144 957
775 7
604 703
734 813
238 54
603 446
685 69
797 77
48 66
359 541
904 382
634 384
816 734
31 94
467 203
376 66
652 51
508 863
110 518
382 679
658 577
584 572
92 563
202 919
321 420
821 18
315 506
846 166
879 849
59 592
101 565
981 456
688 769
716 893
430 132
438 721
993 71
905 179
529 581
391 526
644 429
198 277
125 962
72 537
79 242
504 664
113 826
926 156
763 556
650 432
879 940
888 728
559 789
398 341
468 616
683 778
55 498
72 495
388 505
59 238
528 688
799 748
698 244
474 812
154 904
428 910
995 199
172 300
358 620
935 841
45 513
467 394
21 897
983 571
425 220
794 233
321 161
329 40
574 283
371 988
953 68
136 226
490 218
130 910
835 237
281 967
603 310
307 737
221 609
419 644
148 518
529 107
60 308
819 265
259 508
928 118
447 54
982 492
680 553
39 463
616 251
439 63
65 430
623 867
234 973
771 275
486 36
911 747
37 556
212 795
103 319
781 805
373 516
449 845
239 912
326 340
321 480
183 212
754 341
295 635
911 889
361 526
871 51
27 387
908 457
32 647
326 606
406 416
676 760
53 590
136 958
460 144
328 194
319 881
502 613
375 327
937 748
3 715
744 738
386 811
79 52
808 939
79 579
673 926
465 521
374 759
241 364
550 533
650 241
955 580
109 100
399 597
740 573
326 416
200 149
962 780
129 849
911 769
585 124
963 613
16 116
708 644
318 884
114 13
743 401
903 215
318 423
23 993
743 823
565 951
918 971
375 680
31 591
985 853
986 420
316 383
342 868
904 769
863 769
341 371
551 289
576 634
4 420
711 264
712 408
169 611
793 203
348 224
484 473
369 288
676 489
724 430
507 250
880 241
864 118
915 100
334 693
625 778
878 737
518 533
984 214
832 938
232 658
211 132
974 629
505 772
100 882
148 330
757 101
780 931
440 25
463 333
462 390
563 118
874 428
83 146
916 703
136 311
406 419
523 31
123 398
104 523
888 394
508 846
502 94
833 465
246 103
280 358
942 747
480 933
989 41
349 646
19 124
748 798
781 491
339 3
739 236
288 959
377 646
762 270
811 498
215 56
62 463
543 166
822 188
824 504
18 582
447 393
896 19
726 774
208 904
19 581
34 165
583 374
562 354
299 663
56 714
197 718
171 118
392 21
64 156
680 146
206 574
220 17
235 613
987 591
423 79
161 857
528 728
196 749
518 878
601 735
638 396
663 245
154 878
612 794
883 338
273 897
159 204
505 756
726 281
848 256
895 92
623 504
872 169
32 909
353 487
504 158
811 524
789 912
616 989
142 873
321 805
263 151
659 158
963 622
694 892
408 176
973 876
474 682
772 506
152 769
588 837
853 875
39 79
646 224
705 394
959 932
182 844
96 318
421 443
910 687
617 476
998 639
195 822
273 745
758 653
442 143
642 422
736 195
237 156
781 670
816 471
818 195
252 184
173 588
85 362
697 798
693 263
179 758
556 595
132 654
958 912
728 615
842 446
772 204
773 418
393 882
836 21
673 805
670 519
146 349
558 365
41 413
574 313
389 609
386 56
854 275
921 400
752 59
10 918
877 787
436 219
382 549
462 374
509 349
55 813
44 375
519 229
992 12
444 796
489 606
402 331
973 432
408 599
743 401
107 244
954 9
721 458
431 529
70 795
349 606
442 429
984 98
616 834
48 712
221 986
475 17
252 94
384 344
128 620
781 830
657 257
104 227
971 77
530 658
506 880
821 810
84 204
978 770
270 80
609 989
744 938
594 937
417 281
902 794
283 545
903 399
869 216
368 268
508 953
666 427
937 390
779 482
621 534
854 28
973 129
835 257
784 218
335 649
781 407
862 622
137 277
156 669
782 308
58 631
956 745
99 39
853 733
877 540
332 986
581 445
670 75
704 779
687 888
755 34
748 651
540 593
686 304
17 351
746 733
267 998
83 1
746 129
648 116
362 788
968 683
423 370
19 960
131 777
453 254
798 531
279 624
667 524
967 663
547 125
221 829
32 370
430 242
955 175
433 93
5 766
79 37
420 661
756 625
344 293
332 960
161 344
475 302
146 396
196 114
439 474
597 880
406 15
266 475
871 44
596 375
178 854
418 618
351 793
902 321
590 494
973 94
761 322
798 733
61 536
64 828
491 591
311 23
628 312
96 606
366 869
285 658
793 163
638 881
640 704
373 994
450 512
456 46
361 940
808 550
689 770
623 818
158 715
601 3
434 823
930 51
776 612
313 776
382 409
613 657
309 153
359 663
156 203
492 435
616 153
787 173
117 159
87 773
712 781
115 186
341 169
722 399
388 684
63 670
943 430
570 294
800 562
898 49
254 293
658 819
660 938
951 617
434 693
708 859
158 291
686 765
412 556
694 778
182 784
335 4
210 294
321 881
952 117
767 812
921 244
331 377
823 166
315 927
13 464
610 934
944 527
297 805
66 191
773 688
887 402
551 560
891 176
764 878
73 836
143 970
539 145
616 971
686 960
98 783
804 388
509 670
160 586
867 283
493 906
130 264
515 526
318 15
638 742
603 229
446 175
929 419
585 951
836 454
580 663
415 134
163 561
841 349
534 69
263 904
920 687
127 270
694 778
642 502
786 696
804 804
772 174
99 247
442 954
932 781
605 865
875 984
116 319
492 30
345 419
28 320
833 780
787 975
653 382
181 815
240 532
714 585
805 995
373 879
838 598
127 924
535 116
997 388
28 212
682 297
692 10
899 785
29 579
407 965
962 868
990 740
368 483
840 25
718 314
215 851
821 595
421 472
857 977
397 228
610 520
650 453
609 158
397 231
256 942
870 971
617 473
451 306
698 574
868 68
29 989
547 725
251 16
596 70
794 494
343 901
239 586
559 267
940 944
838 802
922 476
989 488
702 1
965 79
688 411
118 827
177 714
635 265
385 782
41 379
592 58
824 815
203 170
453 563
449 810
631 223
250 619
158 105
304 105
903 377
730 207
404 828
587 579
889 159
310 294
669 769
575 496
553 139
994 437
444 960
738 52
683 873
769 485
386 274
165 923
137 644
41 716
816 661
955 170
530 200
337 175
985 378
490 569
843 409
784 753
929 960
334 975
452 984
90 288
567 884
314 780
20 365
367 509
525 406
92 321
293 289
19 62
283 682
726 289
945 545
322 826
393 107
94 671
384 965
893 343
444 222
646 902
948 490
435 239
888 482
492 947
966 415
417 569
837 59
436 613
910 253
652 214
680 643
210 240
334 234
140 567
742 612
233 873
127 479
688 385
114 146
503 153
900 98
704 548
861 225
49 627
287 962
902 548
647 215
891 455
599 47
143 586
162 743
675 548
713 588
783 759
683 792
201 382
738 614
587 28
89 402
539 194
776 644
393 7
58 726
265 93
148 696
83 468
324 70
753 932
472 39
410 329
89 695
401 712
889 447
428 870
205 508
52 565
874 262
30 919
812 855
649 373
477 981
708 893
602 529
629 972
7 200
852 167
330 656
271 506
770 811
345 275
752 357
626 332
247 844
71 132
83 906
835 528
913 442
84 739
256 613
704 929
204 788
978 318
952 529
737 373
8 47
359 37
831 773
98 900
383 900
22 457
798 139
523 912
542 691
674 374
531 217
21 583
822 377
391 406
482 244
388 878
373 761
523 572
102 72
732 399
607 209
942 422
528 323
527 210
364 538
840 7
900 382
376 120
726 165
29 960
982 37
239 775
603 3
254 799
819 324
223 191
204 461
913 1
25 230
625 348
69 600
942 943
909 29
211 738
62 216
812 449
239 526
761 375
617 206
361 557
319 36
124 975
628 51
400 588
731 454
895 278
598 775
512 359
946 656
492 103
606 628
886 822
844 5
298 790
281 125
268 330
322 16
303 845
112 698
593 92
349 736
106 62
272 10
667 505
918 892
309 330
891 765
457 801
893 355
372 441
7 482
391 767
459 445
232 231
398 499
872 523
414 380
829 358
72 25
384 279
907 622
493 350
883 239
118 69
852 507
329 618
430 554
798 35
49 859
68 804
925 820
596 167
670 609
415 733
466 921
375 687
873 886
441 782
982 744
268 151
223 823
587 719
7 944
483 402
650 884
347 996
140 626
116 318
329 120
623 933
604 257
578 487
488 634
539 833
675 349
771 137
653 30
406 592
147 104
967 589
412 706
210 67
864 145
139 291
261 224
180 613
701 151
334 581
456 653
207 598
870 244
110 973
738 895
162 240
320 861
127 252
60 280
793 714
443 203
567 619
49 889
173 954
634 597
377 149
299 650
586 705
474 942
147 836
798 21
673 463
200 224
447 540
52 222
614 127
239 742
599 826
848 659
959 699
78 928
463 586
773 291
757 211
920 291
449 149
1000 599
522 320
433 214
138 788
455 787
268 317
643 664
378 269
308 984
7 209
529 886
967 360
276 408
942 22
305 794
510 454
411 707
995 46
661 207
159 887
507 646
693 403
511 773
179 49
833 836
774 605
909 885
288 942
75 946
621 866
647 545
384 370
714 146
881 512
379 624
517 863
301 684
151 842
746 901
354 217
66 510
124 570
633 214
624 813
151 542
344 132
558 755
163 837
678 360
677 600
649 114
561 825
888 608
831 569
278 311
776 142
657 460
990 95
802 980
260 378
392 47
21 995
567 175
117 75
477 156
568 761
674 298
489 386
819 150
31 521
54 150
674 780
492 784
779 327
873 910
153 72
774 735
657 767
157 679
341 601
57 868
225 163
445 439
822 35
357 724
440 541
916 182
636 545
557 371
783 206
592 766
448 849
594 913
855 253
822 599
600 723
644 85
494 301
2 698
517 745
58 119
377 63
726 801
964 97
14 34
672 506
427 379
535 398
199 789
149 507
232 342
440 99
460 246
373 188
129 117
681 41
810 982
217 106
656 387
808 35
135 355
938 868
620 348
78 17
112 621
176 336
465 667
539 871
901 826
268 53
480 551
462 828
876 620
390 122
665 221
505 492
402 369
926 953
682 140
432 905
360 554
620 251
102 273
929 516
782 365
853 97
353 780
484 844
163 32
956 256
447 847
393 985
504 580
412 956
847 614
495 12
88 1
362 702
169 74
70 750
365 586
420 287
637 671
766 610
564 458
50 741
928 863
378 78
115 267
837 674
147 81
244 462
333 919
698 394
844 282
616 489
427 266
91 823
201 907
454 769
94 594
119 575
308 93
154 290
220 148
145 753
383 745
981 986
325 396
558 510
983 378
777 821
606 530
998 633
590 513
857 957
555 539
960 480
296 34
774 286
518 614
18 778
6 715
856 812
846 329
932 897
606 463
963 549
377 241
327 85
894 547
172 915
236 747
553 7
379 173
372 604
201 445
115 77
786 948
275 733
517 649
564 176
738 325
564 260
512 436
580 436
5 711
172 570
556 25
628 798
743 595
314 892
29 384
448 720
381 149
135 806
568 100
304 185
235 240
774 397
383 656
668 806
118 674
430 56
690 350
624 23
825 967
641 658
862 494
551 816
312 92
881 952
320 532
677 730
432 948
287 301
221 678
379 190
155 329
231 105
683 741
559 620
996 11
990 803
951 371
857 202
61 117
43 432
823 949
553 993
950 3
220 886
258 244
497 654
71 520
952 672
778 609
518 606
298 358
847 910
233 655
352 382
489 816
944 374
963 893
726 590
104 861
904 557
468 298
511 476
326 91
908 492
70 676
320 737
949 344
975 361
400 958
414 210
425 395
143 909
554 838
826 705
792 432
494 141
479 93
882 25
770 363
807 722
278 251
134 602
926 264
475 206
393 315
307 518
112 514
333 983
415 588
80 696
465 61
322 585
103 408
34 138
410 777
101 696
630 411
444 183
210 784
347 443
28 12
860 837
166 147
182 902
75 214
756 148
504 994
987 506
768 388
51 773
727 846
781 234
692 754
201 49
755 443
147 400
720 978
333 217
222 311
19 336
83 302
80 752
887 984
834 836
193 582
268 167
221 607
114 526
535 808
897 105
8 171
603 990
856 288
751 798
845 978
362 354
576 175
114 368
454 964
128 667
585 444
638 906
80 660
10 690
590 705
693 554
499 961
991 89
64 722
179 568
536 765
840 930
86 435
124 702
192 357
908 700
655 285
490 297
721 525
519 572
716 858
993 723
277 482
668 321
486 964
129 930
469 88
616 128
172 325
568 154
708 603
414 496
312 650
85 234
51 587
937 85
155 841
402 356
706 368
89 183
779 629
817 68
300 802
970 620
245 926
973 460
997 783
8 370
16 328
654 823
107 356
437 394
74 400
443 208
204 161
983 731
672 316
650 704
485 74
675 721
715 596
614 912
367 286
243 306
376 347
422 315
674 250
292 743
659 447
480 533
935 982
44 133
48 859
524 602
526 4
448 16
656 748
421 548
485 577
270 733
957 776
778 928
569 571
281 953
884 607
756 752
451 846
29 403
136 626
556 874
690 585
305 415
708 779
2 349
338 874
968 957
675 65
106 601
570 741
909 388
569 39
817 370
402 483
822 410
992 318
595 352
923 502
287 529
972 351
325 995
832 598
8 500
963 30
569 644
526 132
766 351
767 885
100 309
902 943
838 957
91 409
796 437
238 816
277 234
68 568
242 265
258 707
630 546
675 318
343 789
335 322
473 670
881 32
304 376
863 51
639 690
136 272
552 860
256 347
106 41
407 204
922 575
658 591
316 455
133 328
126 601
966 539
485 925
449 419
535 669
845 629
140 98
512 963
700 609
577 831
713 58
877 786
141 229
119 919
790 566
16 588
381 622
237 378
396 465
479 10
19 895
625 743
198 323
1000 184
638 863
878 553
172 425
649 508
703 975
207 325
588 110
254 960
955 583
816 702
345 697
12 368
912 721
23 918
485 895
830 850
34 871
467 708
545 881
233 92
115 321
405 278
946 335
669 29
603 442
696 778
272 624
361 881
600 779
16 301
658 693
40 315
427 356
406 555
226 787
170 911
472 79
804 50
959 535
285 843
538 761
551 584
694 278
357 867
562 342
638 610
48 570
951 870
683 518
748 3
580 285
648 504
481 848
154 128
76 389
134 430
398 244
2 778
123 693
419 337
407 405
940 85
389 729
59 932
572 559
433 847
9 119
562 63
831 852
640 184
867 986
920 886
415 520
998 507
489 739
496 702
1 545
77 819
851 846
299 723
663 655
796 73
687 702
399 322
686 560
821 588
299 252
720 635
263 115
415 547
625 851
593 544
661 417
867 633
301 117
558 339
441 561
34 998
315 829
784 717
299 287
986 74
837 947
124 584
389 496
700 100
546 525
93 834
235 5
911 896
618 288
765 495
524 337
493 17
355 426
715 43
569 155
634 907
935 964
357 352
752 338
310 389
775 766
580 202
290 960
783 894
341 861
384 207
803 867
697 915
760 666
370 293
66 248
515 376
863 383
928 53
140 644
242 137
578 299
578 885
237 860
461 174
221 689
524 506
413 755
548 370
712 169
106 561
714 27
815 417
273 503
344 682
582 477
377 605
586 778
979 943
883 926
666 605
350 287
148 816
969 705
954 992
462 305
415 126
936 928
263 339
750 619
38 334
216 52
818 535
235 961
598 772
293 586
84 669
289 308
203 180
319 33
884 379
186 58
892 999
790 689
212 834
237 100
462 86
283 750
921 294
688 651
461 836
388 293
503 733
964 260
527 618
655 246
562 901
209 947
247 348
714 962
437 811
805 860
811 342
630 144
179 105
158 181
657 810
713 367
926 509
143 136
204 872
977 904
514 460
389 737
404 818
263 447
904 957
161 707
665 508
690 549
949 187
954 411
130 863
82 189
614 891
529 255
578 88
611 962
873 89
949 838
96 968
91 910
393 421
874 62
849 448
540 284
873 419
477 212
933 892
730 195
736 305
740 367
440 764
76 81
547 127
227 429
595 981
439 757
65 479
446 484
464 749
198 284
165 947
819 428
187 432
896 947
285 598
933 678
803 422
539 493
189 80
695 582
558 98
786 381
536 648
680 341
550 551
980 186
782 783
401 568
780 978
289 9
862 320
23 685
674 790
580 620
308 193
273 837
906 653
650 733
396 269
520 92
181 709
277 823
878 561
325 184
819 331
497 397
266 939
724 685
985 126
712 994
590 377
38 641
928 100
59 613
167 572
923 178
729 195
76 773
690 411
180 936
232 48
144 923
60 577
143 641
609 33
762 769
913 579
982 838
888 470
297 167
472 166
157 141
84 295
811 366
675 45
673 306
782 54
925 608
821 273
692 302
653 326
520 175
115 462
15 203
648 645
707 310
996 549
930 8
890 721
54 517
578 798
510 973
501 77
213 548
157 929
303 142
521 48
324 241
70 823
636 384
898 367
828 73
27 484
253 589
672 406
117 529
493 175
431 346
609 786
209 366
219 821
675 899
368 878
950 67
173 648
825 464
308 362
242 481
904 287
978 615
788 374
950 790
1 62
226 664
987 659
840 917
705 361
623 26
976 276
788 244
913 717
476 976
412 963
632 124
558 558
807 535
408 503
490 376
781 639
168 660
401 299
126 670
186 818
96 499
166 436
804 197
452 983
209 536
574 651
368 334
467 365
645 74
979 739
825 172
241 117
808 206
306 738
256 754
169 589
258 225
134 132
962 896
461 941
388 391
370 998
320 325
378 125
646 592
809 170
488 293
715 436
615 795
138 387
823 155
966 174
310 423
55 51
358 512
638 454
382 710
432 31
468 631
915 192
897 546
792 881
784 291
605 838
311 445
702 932
780 111
168 479
711 540
606 742
308 732
650 37
245 220
195 748
819 318
43 743
936 918
220 811
862 612
251 514
96 963
116 547
357 821
145 312
300 486
670 181
442 801
790 887
443 318
598 684
972 188
722 69
335 157
49 296
880 615
405 334
796 71
734 455
85 113
664 470
415 753
906 657
933 519
808 158
205 389
127 727
279 877
568 226
684 268
391 353
47 60
317 323
879 900
624 286
768 404
121 129
836 470
995 984
927 864
375 619
545 491
589 145
699 290
761 944
226 631
998 363
479 38
263 368
708 502
834 973
175 859
143 414
611 99
275 656
584 732
246 542
884 41
433 130
407 543
944 442
334 342
881 561
597 719
354 27
342 372
590 580
973 939
992 304
377 858
855 176
867 521
428 356
781 897
620 106
825 272
225 391
252 310
912 687
229 121
876 680
963 496
823 665
156 146
579 496
348 667
988 925
737 4
156 502
423 855
719 507
654 260
942 314
383 642
18 411
225 490
67 174
821 692
201 549
681 58
42 797
409 503
656 524
248 803
529 980
279 752
378 739
200 917
32 301
468 89
68 644
315 719
812 406
861 905
39 17
523 309
997 963
330 502
978 361
594 831
499 757
608 849
30 669
728 606
797 353
428 132
226 70
983 217
774 994
483 891
859 712
165 129
830 113
231 473
252 813
831 497
496 272
940 476
419 101
100 464
209 305
572 539
889 186
860 672
789 177
213 751
312 581
532 32
868 771
346 958
466 962
612 718
277 330
718 522
510 301
823 830
449 489
373 707
69 61
453 101
123 911
279 89
392 554
471 922
303 488
173 540
775 861
22 463
929 489
82 40
699 925
234 141
668 167
772 806
17 960
797 118
622 94
262 128
12 429
459 100
638 61
686 759
737 472
227 688
414 662
151 208
587 881
303 477
571 703
251 744
213 22
770 123
583 215
960 242
613 991
344 500
251 224
693 455
522 442
840 549
913 324
180 157
74 17
648 144
398 907
174 807
789 164
135 208
846 744
246 489
167 399
701 380
545 425
193 753
646 93
357 617
49 33
71 952
506 687
198 739
729 930
188 676
669 924
437 763
609 289
896 662
76 56
628 508
876 165
798 702
72 985
446 65
594 37
712 264
417 274
222 203
88 360
787 966
744 346
510 309
66 814
233 44
988 497
331 132
100 699
537 541
893 385
338 327
190 517
790 232
520 853
129 100
20 974
664 910
110 420
833 268
173 637
306 81
82 980
983 386
412 136
922 675
731 732
994 753
832 521
995 659
946 129
562 67
580 457
763 195
199 281
507 516
28 934
368 889
207 485
84 726
106 833
597 103
393 182
565 865
173 288
52 415
146 523
22 268
432 755
299 512
851 355
209 714
155 670
539 658
341 23
800 25
989 543
415 300
471 888
91 298
224 248
918 462
54 710
777 56
545 266
774 894
698 361
724 580
316 492
619 467
846 881
130 26
667 595
856 838
423 244
486 203
623 289
191 632
230 138
511 781
620 371
664 900
475 449
415 355
954 797
52 502
293 222
603 804
95 200
846 928
386 690
200 13
376 64
985 316
523 805
248 792
148 216
989 539
345 762
440 589
533 774
702 526
789 633
376 18
644 709
776 306
295 141
523 698
838 278
99 614
988 5
291 233
869 812
988 178
835 850
133 183
568 779
43 522
685 833
247 270
962 174
164 626
375 738
289 568
125 492
429 115
20 295
699 600
611 525
629 453
121 786
705 792
784 242
160 103
41 41
172 642
431 510
931 633
64 579
112 775
632 709
952 132
566 571
246 859
651 944
556 474
768 133
333 748
772 82
434 960
547 336
100 461
536 970
754 805
11 784
524 710
91 132
156 410
709 208
502 914
816 531
583 779
595 539
355 120
347 812
963 612
635 537
664 387
420 348
228 959
339 862
9 734
433 339
493 446
575 350
430 473
983 171
861 867
3 751
189 989
361 991
153 493
953 1
968 675
496 806
941 195
546 897
46 746
602 671
185 698
79 671
151 305
461 694
777 690
95 267
74 497
889 298
471 414
865 53
754 666
148 75
837 298
192 741
326 460
16 347
784 75
555 109
533 11
258 686
366 454
309 266
506 913
29 765
293 678
248 829
39 553
813 369
165 741
357 657
275 451
970 305
941 775
209 215
215 143
217 154
995 105
119 319
808 561
824 450
334 543
586 568
257 380
141 865
847 248
820 575
694 839
234 640
824 455
361 962
478 751
677 68
493 412
518 71
365 841
46 167
745 155
478 619
127 240
88 65
520 363
426 264
835 910
772 829
334 531
802 330
547 386
575 91
738 849
846 391
765 218
445 990
463 54
641 548
32 708
258 178
601 738
729 478
896 750
899 399
789 789
589 549
72 638
528 114
585 685
485 589
28 460
277 763
578 285
626 817
101 613
982 823
784 283
366 180
131 529
698 532
509 524
855 486
519 972
42 142
979 111
39 161
371 806
522 232
411 998
620 70
751 397
239 697
298 291
475 952
786 43
313 967
833 89
992 757
603 261
631 851
122 693
909 654
510 374
303 964
243 446
845 524
711 355
410 416
235 336
216 641
493 185
778 408
57 652
98 408
710 29
986 708
841 781
745 733
225 229
815 72
446 180
968 368
876 293
299 202
560 422
6 152
108 690
515 505
859 900
351 138
305 268
831 937
100 917
665 982
604 873
317 461
543 938
585 530
820 564
862 81
703 458
281 113
579 872
402 925
148 937
300 181
734 87
866 838
632 710
254 404
481 375
475 48
167 850
616 284
762 853
309 701
726 852
266 448
318 935
165 212
646 356
30 387
29 768
720 640
627 465
452 599
40 567
1 739
539 218
340 298
282 919
600 263
502 385
913 63
852 257
874 536
271 799
212 930
499 367
212 167
87 69
259 461
639 916
490 442
834 389
612 397
698 834
265 960
165 144
260 694
513 405
525 32
110 932
935 130
383 302
763 28
218 690
743 845
271 511
166 699
160 904
281 272
650 52
166 186
627 799
622 41
974 597
771 33
587 206
238 227
580 46
461 736
464 682
406 935
157 771
834 990
837 320
737 670
767 186
658 48
373 750
460 53
421 574
498 997
46 872
493 421
365 106
273 84
376 925
437 589
119 606
628 567
201 893
350 13
141 494
240 753
814 654
822 920
749 929
280 325
599 407
526 44
677 307
607 320
72 20
467 115
572 331
593 288
357 74
872 580
979 839
523 485
75 119
728 575
967 992
951 669
99 617
173 297
44 219
391 97
716 666
89 140
696 605
543 304
769 146
479 623
443 942
695 95
123 520
322 633
206 78
297 905
318 2
69 775
959 412
592 806
928 263
264 975
143 348
136 392
329 423
909 108
208 687
387 877
598 551
760 52
901 860
253 979
183 891
640 818
542 795
273 371
557 597
259 423
560 810
865 763
152 391
620 115
82 175
384 408
756 232
693 321
817 94
842 974
625 880
528 518
368 876
18 216
464 678
318 541
981 767
910 582
176 880
791 126
262 831
522 236
76 741
178 943
945 498
475 31
289 696
767 933
852 730
965 529
98 71
373 639
951 750
536 656
97 30
492 493
481 665
207 161
802 247
719 733
959 178
449 412
365 797
817 537
423 72
316 354
5 61
837 870
568 957
690 618
196 945
24 392
589 747
394 891
721 991
68 735
426 881
866 121
677 502
494 523
474 336
811 396
870 191
672 395
988 152
426 584
948 582
443 504
938 123
132 554
217 50
864 157
991 438
134 38
684 965
462 107
486 557
441 697
586 65
212 773
48 346
447 898
839 271
53 593
684 735
745 418
785 171
551 783
785 244
120 656
789 665
761 634
445 287
707 795
709 342
3 631
67 472
861 190
978 772
102 93
857 578
513 835
646 75
825 839
725 462
811 860
984 89
767 473
244 821
418 133
34 214
507 207
762 4
560 528
932 270
753 580
654 824
530 43
354 401
786 301
437 252
915 649
531 14
485 71
268 15
29 924
366 209
457 937
343 400
850 312
126 672
647 479
442 393
894 228
898 23
215 621
84 105
621 814
540 707
760 732
299 430
686 529
646 751
627 19
541 896
978 981
544 393
970 802
610 131
41 402
232 249
523 478
119 793
121 299
930 142
484 167
663 983
816 825
849 870
645 745
462 208
237 696
735 205
450 399
31 445
537 720
243 693
401 439
855 89
143 519
567 758
369 344
490 651
535 661
213 657
93 396
73 458
1 94
425 412
149 607
963 434
54 291
240 509
49 177
435 255
620 528
618 392
996 234
424 496
976 770
959 445
217 740
383 641
758 429
849 300
733 626
280 685
56 980
584 462
588 522
199 702
124 574
841 500
842 98
527 944
310 295
162 258
118 451
925 635
783 990
783 137
656 563
545 822
74 257
144 264
778 769
332 408
484 920
281 939
893 319
134 331
841 126
838 800
707 624
612 1
293 663
98 636
938 863
933 937
305 246
829 631
53 902
364 553
503 492
638 466
169 331
944 737
613 350
854 450
730 262
951 278
558 389
686 426
898 741
168 936
379 92
948 680
494 85
290 619
753 884
982 192
615 574
694 69
789 793
319 341
456 956
943 244
818 962
834 419
420 133
115 257
28 829
225 589
566 465
387 864
907 466
880 509
862 600
449 508
329 18
17 224
10 79
762 258
547 727
588 746
823 664
829 457
975 275
889 631
278 491
463 265
248 69
315 367
149 802
224 361
931 714
159 812
872 452
539 860
35 13
913 706
876 917
699 418
431 288
880 47
601 387
126 424
265 434
342 39
558 820
685 936
919 709
775 211
45 741
514 582
745 771
906 846
919 584
464 431
726 919
842 259
785 852
25 577
995 36
288 780
442 604
474 957
24 925
349 762
641 292
94 601
33 347
847 70
97 271
904 89
636 67
377 49
88 897
660 32
766 578
42 309
605 220
135 270
743 560
476 389
336 574
791 333
711 26
485 259
306 869
640 946
69 891
395 679
224 279
29 461
26 390
862 109
950 402
824 542
262 953
412 362
36 272
349 773
764 323
863 76
520 121
739 881
281 527
626 610
78 870
820 604
189 95
226 795
267 174
423 905
605 326
911 658
975 549
502 15
643 442
891 867
339 188
50 247
633 195
739 463
483 409
578 611
342 239
967 52
545 320
647 350
788 311
318 436
130 637
869 2
440 970
815 953
433 796
687 398
712 466
498 349
301 7
729 850
769 864
768 719
764 734
509 112
105 974
700 434
540 155
354 80
696 677
721 271
608 490
72 295
345 789
216 241
753 45
848 217
19 611
717 633
95 736
801 339
599 336
661 818
651 999
857 887
883 595
197 265
507 472
801 734
575 15
910 858
741 15
118 525
776 121
406 476
938 560
940 575
881 300
881 619
855 770
161 448
406 703
1 305
984 498
766 208
667 916
159 746
179 695
30 883
532 449
807 367
359 700
546 328
735 360
351 215
98 973
15 637
391 6
497 563
526 385
407 168
575 837
58 384
303 171
561 326
611 68
720 805
397 863
528 805
915 99
231 576
802 825
102 848
864 824
665 857
799 420
929 187
440 842
979 87
191 644
150 763
393 519
386 466
934 548
938 353
38 346
597 30
449 450
346 662
769 415
801 651
320 335
835 539
658 534
857 442
572 375
570 310
535 162
992 869
136 695
146 456
953 491
584 533
147 866
403 530
127 96
284 720
301 784
74 907
87 327
164 520
825 48
941 95
232 342
156 365
210 216
777 14
769 563
416 968
589 802
628 342
857 146
502 180
663 237
459 877
348 808
979 518
519 890
472 579
411 660
816 236
535 596
998 555
778 366
20 961
304 663
925 290
759 706
947 427
135 371
980 917
932 291
804 54
134 985
117 592
587 999
867 482
531 364
595 106
975 228
280 502
874 847
709 7
308 740
4 678
476 567
347 468
365 533
810 119
992 343
625 851
929 549
195 335
480 858
979 629
744 94
686 954
198 173
656 976
793 204
927 251
267 807
912 315
538 240
770 932
700 211
587 109
980 108
365 806
471 584
573 811
275 167
485 573
52 394
488 442
55 736
206 835
160 790
916 552
743 912
999 826
137 292
108 40
271 146
698 129
376 506
448 505
702 927
859 399
806 169
570 979
879 67
977 632
836 869
758 311
254 936
282 28
443 433
599 874
367 16
838 537
844 122
880 309
657 463
439 729
980 769
609 734
291 196
915 209
260 487
216 965
772 71
294 435
22 42
785 434
637 727
236 34
12 94
253 143
860 323
676 378
187 394
893 192
271 786
320 957
92 976
7 324
943 460
164 86
46 536
273 885
716 476
178 354
583 907
261 864
510 724
122 207
884 711
98 434
23 424
837 334
74 435
893 875
604 601
240 220
251 499
93 692
737 637
759 918
748 269
967 208
28 72
340 71
478 516
845 97
34 145
513 814
324 479
434 162
878 529
577 448
913 107
461 272
836 725
300 473
517 87
62 359
846 406
535 915
25 788
902 109
719 764
734 293
453 155
545 78
334 619
882 27
348 578
616 339
615 713
910 701
802 914
562 305
87 7
614 470
961 755
990 545
635 999
440 890
446 764
387 706
376 138
379 519
274 845
717 919
212 258
648 756
485 944
21 252
123 676
781 822
207 406
414 235
376 47
513 512
334 382
778 140
153 930
695 29
807 980
693 977
827 498
605 203
551 905
378 936
737 368
705 49
655 703
50 579
630 411
239 854
946 843
127 527
552 143
533 200
254 570
582 992
883 963
943 694
971 579
681 843
939 102
217 771
568 935
770 586
975 733
294 253
98 640
921 997
394 58
901 80
780 948
849 297
37 743
714 123
178 811
169 371
508 974
102 53
153 832
196 436
461 656
484 558
464 433
135 79
888 201
822 784
908 941
875 44
577 301
246 467
394 997
570 146
87 320
908 207
308 552
133 872
968 305
5 244
392 277
288 641
308 579
811 178
651 402
792 443
284 749
73 791
128 468
548 363
979 233
385 25
457 783
594 760
639 973
12 464
258 683
666 565
261 630
948 636
882 626
211 206
377 752
248 233
178 482
766 955
36 492
459 891
603 678
851 203
370 106
362 470
111 428
357 991
238 113
858 879
868 164
427 162
912 944
694 686
720 384
109 943
806 939
329 867
235 539
481 826
935 422
469 656
956 67
261 726
521 97
467 828
664 984
180 834
756 393
693 997
988 203
959 617
398 619
261 102
567 374
741 804
550 225
772 172
641 437
993 580
926 111
330 203
129 9
178 182
347 1000
871 204
704 322
45 351
759 149
355 475
267 416
185 397
317 440
951 145
593 909
827 242
203 134
713 912
432 13
792 464
409 549
763 436
801 428
31 580
379 782
981 695
252 835
958 690
307 164
352 41
475 201
198 753
419 48
770 272
702 823
807 178
191 76
406 797
103 36
601 536
718 337
590 300
842 857
632 765
537 757
174 401
496 694
230 103
215 730
141 769
272 505
816 401
546 877
844 827
299 843
644 512
851 318
600 193
72 990
396 213
860 301
791 101
469 907
428 139
530 252
309 493
781 905
717 916
18 209
904 573
453 406
979 451
843 647
156 108
872 269
730 976
338 48
343 689
102 974
698 541
227 382
295 707
28 582
60 871
587 18
501 663
462 826
143 115
609 319
846 467
868 690
387 697
398 236
567 362
310 354
393 469
952 758
696 794
245 529
995 560
349 663
866 886
386 438
710 520
672 261
94 392
193 128
951 870
984 554
355 289
311 480
827 27
508 250
240 882
65 212
349 766
297 426
157 160
458 726
458 880
157 7
538 945
255 937
169 479
393 542
584 820
377 823
60 396
211 423
307 820
595 760
38 537
700 505
720 631
509 317
753 354
160 811
884 893
65 448
865 983
556 117
599 839
603 526
143 654
514 313
253 652
501 287
38 897
878 250
221 141
915 309
895 593
317 17
105 784
730 652
365 484
186 156
795 254
787 463
261 222
49 877
906 285
785 305
304 670
616 695
823 454
140 600
686 995
342 306
152 154
257 240
742 738
289 749
26 678
134 448
509 259
916 614
169 369
113 438
993 619
784 869
191 456
362 45
152 364
117 194
981 65
241 79
416 507
618 801
271 10
433 821
743 808
247 868
663 990
453 195
785 716
356 881
780 654
787 203
196 742
83 802
917 563
839 328
956 433
87 457
721 725
74 508
216 973
156 527
544 332
112 537
735 702
195 711
662 23
236 249
767 186
572 824
812 280
615 910
331 87
579 925
125 22
144 552
722 919
191 183
771 806
169 559
544 197
826 281
424 528
467 859
883 539
90 894
64 766
698 584
394 297
933 57
67 433
778 884
3 8
500 872
294 864
310 386
780 603
921 938
345 509
856 508
329 351
376 694
246 137
673 866
824 855
852 97
136 599
623 954
705 340
629 134
277 247
476 435
977 517
110 717
39 551
320 46
787 370
57 964
756 33
729 40
183 338
285 945
450 536
280 116
284 789
746 941
783 300
909 54
53 268
911 198
500 764
705 509
505 630
852 698
829 869
681 29
105 13
464 769
186 180
192 140
133 368
822 81
70 299
843 55
114 541
797 202
242 920
357 432
616 551
174 713
36 553
654 975
419 700
308 688
412 164
966 730
309 22
482 354
239 174
38 402
121 403
301 411
422 412
911 579
42 314
479 341
164 961
924 237
334 10
50 429
269 990
723 297
97 720
830 984
993 312
26 286
448 396
271 934
925 542
854 33
793 40
2 646
238 285
441 992
80 865
42 383
9 356
288 236
247 519
53 313
243 963
780 862
299 378
649 947
409 987
284 708
89 65
330 717
593 257
584 258
515 360
38 310
751 792
225 687
79 963
315 823
354 761
33 721
557 204
500 532
352 510
600 599
106 57
228 170
960 52
715 350
159 201
836 982
405 854
287 928
465 131
239 747
922 430
301 27
729 254
541 112
850 920
816 439
666 181
457 422
905 909
424 386
334 260
302 686
447 170
531 908
991 396
472 728
894 953
848 108
112 335
468 158
88 537
111 615
365 243
824 935
552 296
8 342
199 755
123 157
119 468
808 77
478 619
156 638
221 595
577 532
639 477
243 563
865 707
49 482
675 229
509 707
662 693
814 146
542 908
140 285
705 242
370 696
171 615
192 958
222 118
223 467
866 683
798 847
595 217
449 988
430 727
124 583
53 691
962 532
423 166
725 345
354 907
878 746
86 892
699 811
332 416
280 684
92 819
174 66
144 257
897 150
538 756
995 291
102 428
656 118
607 833
707 988
302 893
650 630
673 774
102 907
710 587
799 226
535 603
7 169
415 942
555 348
523 1000
267 662
658 797
798 92
550 889
739 599
761 741
883 879
207 946
65 896
176 208
688 522
91 535
696 558
82 881
681 926
816 979
85 990
585 496
541 344
69 738
19 535
788 816
395 952
168 857
57 556
274 270
894 361
787 123
619 628
104 965
835 690
629 24
862 430
466 993
782 132
782 988
842 134
621 739
567 855
879 554
610 989
691 403
360 966
974 251
679 597
77 244
712 275
419 652
619 413
789 539
461 547
322 880
815 300
866 483
822 509
380 843
311 694
907 958
742 51
309 12
775 904
310 204
223 21
170 310
390 932
95 259
242 303
925 192
662 277
700 697
45 67
728 84
49 12
871 156
689 970
99 515
6 203
245 326
598 138
221 752
703 618
647 901
650 267
849 21
990 8
697 333
349 370
806 955
590 514
964 685
445 713
790 120
11 574
724 431
671 64
962 302
944 912
613 232
405 569
438 157
328 490
857 345
164 929
168 194
83 39
341 22
211 265
136 266
98 846
195 548
501 724
210 644
521 687
165 467
407 826
78 144
461 821
523 636
484 742
672 714
259 628
961 926
678 636
88 339
788 999
58 377
455 238
885 753
229 683
481 180
897 456
742 446
965 109
308 19
90 488
376 448
885 805
873 883
527 437
721 238
67 882
784 844
330 799
563 778
301 600
340 387
167 81
765 152
973 56
687 681
903 589
991 783
22 120
558 662
36 735
270 680
146 572
66 267
323 403
590 161
460 920
791 129
336 324
615 248
166 339
340 796
644 49
730 989
318 564
532 351
754 29
733 325
987 350
474 615
631 527
768 247
198 166
703 863
854 206
773 864
500 712
93 890
160 832
491 753
525 896
884 470
322 165
766 309
743 433
476 45
207 893
230 970
562 840
585 191
64 621
774 996
784 791
129 945
956 598
49 526
809 551
831 996
811 517
802 317
98 318
612 577
801 949
795 188
28 819
422 30
335 451
200 696
56 747
373 965
252 564
176 955
649 206
306 193
721 450
434 557
190 239
339 231
754 849
621 59
738 992
473 255
226 391
638 982
707 909
119 371
833 904
718 26
16 303
864 368
703 175
384 84
331 475
230 68
243 842
945 989
815 158
100 814
154 945
854 424
377 296
164 591
859 915
891 986
612 991
485 113
20 720
9 330
41 576
850 799
713 958
344 893
487 765
284 59
660 952
352 519
750 792
48 197
963 357
463 229
501 490
540 259
973 396
792 618
256 911
136 685
729 569
90 686
834 271
642 612
516 166
301 961
800 295
200 635
998 903
410 972
624 649
533 796
879 15
59 706
241 215
865 629
788 760
618 946
981 80
319 225
497 218
332 737
574 463
298 268
174 308
769 863
75 783
939 406
388 947
847 289
702 209
947 590
869 366
543 664
967 527
562 825
489 108
306 912
67 159
296 347
700 740
692 947
99 271
936 274
425 535
315 631
514 195
944 923
819 106
244 724
723 547
892 223
384 759
333 132
334 183
795 105
804 707
700 777
392 158
710 812
791 212
954 863
96 962
762 169
757 830
499 506
391 378
221 855
526 544
32 859
415 373
927 679
170 915
94 544
274 231
630 522
493 900
413 590
565 688
489 527
939 933
152 863
313 613
412 781
117 561
250 176
159 214
835 592
267 990
122 638
697 577
145 239
829 215
215 905
686 745
34 890
568 22
305 20
595 169
780 978
370 587
23 537
619 79
246 424
51 704
190 753
269 125
250 668
936 534
563 478
1 116
807 717
223 680
931 822
223 318
423 240
617 38
49 222
744 54
841 979
456 875
24 727
204 123
955 577
319 432
313 810
674 434
676 369
686 829
125 366
302 384
635 145
761 683
893 197
277 657
711 48
455 845
380 363
854 570
285 599
649 574
335 349
99 29
419 498
530 688
498 791
835 715
70 616
720 41
884 960
670 236
37 786
218 622
909 262
472 245
879 142
597 109
601 340
716 922
427 966
918 636
419 622
980 903
731 918
626 526
576 569
519 947
269 793
175 777
74 776
566 296
785 453
775 302
842 322
501 723
668 850
387 430
762 938
21 573
807 503
701 293
763 941
78 490
165 207
176 661
347 727
867 351
16 845
764 633
582 653
42 686
143 124
629 556
350 214
959 693
228 85
453 913
31 576
550 341
294 747
178 411
940 770
563 635
990 91
375 435
713 368
861 880
701 178
531 442
457 908
303 396
573 403
55 152
334 362
695 34
167 153
329 170
537 909
203 469
514 559
861 232
722 200
405 1
171 894
83 242
600 552
834 146
615 660
582 4
196 399
88 622
693 107
19 866
383 618
284 969
215 484
348 308
21 635
690 643
974 609
370 508
300 487
495 98
407 555
389 508
996 461
502 833
511 427
995 825
569 464
84 689
718 691
627 735
236 561
192 919
466 319
385 378
180 916
981 27
466 582
263 866
754 620
762 909
943 680
164 331
505 345
67 569
844 309
617 740
603 243
750 76
285 690
485 832
424 793
450 493
624 265
493 582
779 628
251 146
564 494
342 981
397 509
299 491
567 536
961 424
445 589
179 849
103 551
752 24
958 671
383 80
5 637
212 689
548 500
705 227
198 877
876 638
63 622
88 208
128 704
345 538
703 696
449 84
822 959
793 99
78 527
289 543
986 493
878 597
637 108
370 448
96 674
369 426
260 45
66 981
527 613
289 825
995 202
192 794
162 769
741 696
503 125
758 608
862 360
800 24
920 222
161 308
969 381
711 482
537 506
822 245
852 369
231 229
803 968
769 636
265 364
633 12
239 361
805 823
491 332
56 318
20 330
195 405
975 298
232 867
400 973
806 749
748 892
79 901
115 645
885 122
353 378
417 706
759 932
198 630
748 717
592 654
801 162
161 638
362 111
673 920
838 966
164 402
31 648
848 199
131 324
219 477
241 87
510 694
164 328
177 293
532 676
658 801
400 943
833 714
802 780
134 769
382 419
633 70
415 116
826 735
331 632
654 760
151 655
168 333
648 1000
866 634
551 250
744 483
397 621
769 627
369 842
383 443
7 173
673 860
542 89
58 545
726 941
906 543
676 724
467 761
300 802
821 30
565 43
8 796
963 723
941 392
406 756
591 167
688 383
333 226
350 473
101 804
461 431
641 776
63 235
524 678
699 832
817 805
200 910
862 821
685 804
901 755
167 601
583 511
585 815
259 163
893 465
446 356
865 903
286 413
800 246
353 594
948 657
839 335
921 589
487 172
765 602
415 438
628 350
337 217
426 746
209 114
55 451
436 226
424 53
294 835
534 694
796 292
839 479
642 744
715 168
388 410
243 970
709 587
880 458
865 629
823 635
21 129
669 197
1000 172
320 853
586 745
184 947
870 651
826 955
433 117
513 638
808 555
530 555
515 729
252 504
380 453
416 336
474 694
336 798
212 375
273 577
668 739
39 336
639 777
359 705
598 302
997 973
772 660
733 956
417 181
746 93
999 343
19 145
292 603
278 512
922 571
988 978
672 89
650 208
420 570
773 855
725 111
682 561
539 643
744 925
252 172
633 236
964 840
582 6
582 414
663 78
492 701
703 855
878 713
949 266
967 840
336 449
8 310
430 645
945 588
992 682
780 871
369 314
556 404
509 410
758 613
308 246
509 1000
282 248
479 351
346 46
284 392
328 91
869 947
25 958
475 393
593 81
242 738
328 109
924 124
985 824
153 427
187 454
887 744
885 289
721 111
80 24
892 324
185 755
765 56
975 824
234 385
92 733
337 370
866 639
452 855
309 824
115 87
239 902
470 995
39 757
759 327
167 751
385 64
667 703
191 785
552 132
207 727
477 156
674 873
454 196
90 218
492 213
367 239
878 444
362 257
754 858
984 660
782 175
608 823
730 615
441 132
810 713
686 771
519 111
975 514
790 3
712 455
97 234
422 291
136 609
67 12
669 541
730 596
520 138
942 982
337 57
691 656
395 111
603 882
719 803
719 736
190 848
804 895
565 638
571 764
120 287
147 941
869 28
30 135
503 725
150 612
294 263
437 276
185 18
475 80
638 200
247 289
124 885
703 22
954 517
426 457
56 832
130 945
567 298
499 516
522 704
241 13
886 170
608 481
386 425
454 175
776 204
985 766
329 429
753 4
543 15
25 483
117 520
901 557
434 18
306 663
870 777
191 834
110 475
859 620
503 305
444 720
892 675
226 93
568 480
551 31
825 229
118 44
877 252
22 542
1 930
663 265
863 430
445 46
153 318
437 699
468 96
898 586
634 749
250 192
152 532
426 666
102 509
826 248
478 804
951 90
54 518
545 612
737 100
557 48
149 844
165 351
787 343
958 203
451 825
504 430
714 887
210 51
393 488
376 818
562 387
171 473
213 469
387 369
993 985
765 306
555 397
160 821
759 692
748 531
263 759
904 844
409 734
101 358
279 632
505 793
302 513
640 318
274 475
806 412
924 118
754 725
895 110
929 297
520 932
4 564
542 639
380 917
125 81
417 280
151 814
60 533
517 346
285 72
415 62
469 777
196 812
602 136
760 740
120 41
788 720
966 720
902 475
746 104
936 199
535 206
65 489
527 402
920 449
85 310
777 217
154 683
278 387
102 860
933 280
371 470
702 22
993 374
754 66
617 284
891 609
385 460
373 502
281 61
989 89
971 911
417 850
232 916
895 915
195 627
25 346
825 475
562 861
693 206
682 453
32 329
718 33
259 531
878 706
958 284
528 514
178 278
28 231
339 381
722 424
960 845
24 97
97 106
157 201
97 223
864 241
948 915
568 910
528 758
586 210
81 999
354 908
860 291
901 553
65 768
979 241
27 202
789 864
200 439
824 934
463 183
230 244
458 528
33 246
305 72
297 829
845 419
39 395
570 241
583 57
741 945
253 937
161 409
461 312
620 324
969 695
509 379
863 955
285 779
545 69
384 359
116 543
425 691
315 939
99 718
390 572
480 399
98 774
157 747
471 700
668 150
777 98
662 351
779 348
761 459
241 737
895 201
774 354
708 218
570 815
759 96
467 938
62 552
556 137
393 324
920 349
337 889
332 45
118 502
468 873
965 271
438 343
38 419
182 666
403 689
649 651
445 924
13 17
688 761
435 577
509 764
796 512
211 101
279 169
195 37
764 437
88 999
838 976
688 486
460 655
97 847
628 307
602 871
614 662
231 961
851 389
256 136
181 276
13 438
170 817
715 310
77 645
388 496
208 162
80 274
239 266
837 334
420 440
565 771
489 645
407 75
760 412
25 499
83 123
138 180
105 674
518 547
207 185
971 323
556 94
938 931
111 499
886 885
468 205
794 546
983 973
759 590
40 748
471 749
645 398
336 391
292 58
330 935
443 35
357 477
617 808
853 705
29 150
5 234
809 436
48 815
297 647
129 230
646 526
285 516
281 78
460 443
47 153
374 376
266 108
948 481
773 168
473 822
794 140
893 278
758 752
984 409
208 560
841 46
554 364
997 332
43 372
170 515
851 909
371 964
523 906
787 263
78 488
691 530
684 645
735 271
47 216
120 684
22 391
525 534
30 612
571 503
276 952
59 534
887 69
586 3
768 881
282 557
314 603
38 41
479 680
770 890
984 267
745 921
299 706
466 642
570 863
520 349
790 533
15 16
606 221
938 822
410 844
225 166
388 420
21 288
199 833
847 623
115 713
285 305
254 82
994 618
885 635
53 972
695 933
603 410
716 928
639 825
431 452
138 451
814 249
14 890
582 536
179 165
378 498
910 959
907 916
262 279
1000 238
17 520
995 432
105 379
374 614
493 513
839 830
504 792
349 409
341 270
390 388
207 502
226 544
359 33
469 754
936 789
345 343
157 370
791 344
837 746
500 865
139 557
366 862
579 187
330 860
875 598
768 55
210 477
619 421
335 605
289 485
136 816
214 543
584 330
910 737
664 502
261 193
423 223
950 500
783 396
819 517
551 89
760 605
421 116
396 847
224 89
762 700
988 324
387 698
36 647
250 902
810 803
140 944
304 11
243 372
793 817
797 202
930 525
809 555
352 777
41 337
331 744
143 358
721 242
858 983
971 562
965 554
667 514
241 947
815 964
786 75
985 787
322 767
104 78
995 310
469 870
466 111
574 880
624 660
437 296
381 401
201 949
206 10
514 934
482 577
882 445
83 601
202 297
284 622
760 476
508 53
874 196
437 998
447 611
123 914
246 646
315 461
727 677
931 798
699 202
713 797
768 583
410 720
513 703
413 140
49 204
701 360
690 512
795 913
757 498
111 270
327 987
518 427
193 970
835 43
54 637
706 964
799 63
737 416
30 71
763 434
798 447
226 9
926 294
169 228
29 69
620 774
231 602
262 823
546 151
161 351
373 817
369 848
446 561
855 484
726 474
400 6
660 395
26 40
750 316
154 804
907 301
685 715
111 787
297 280
553 82
281 687
256 866
464 32
671 70
981 603
713 960
23 29
724 203
905 550
247 540
839 758
739 409
863 195
723 347
8 842
934 489
588 409
605 939
581 337
96 561
657 60
167 842
576 935
573 385
918 682
134 198
304 243
263 76
157 500
932 528
916 494
20 646
151 344
899 429
941 4
575 727
167 319
863 996
859 493
753 301
155 654
774 106
471 334
566 112
918 531
302 504
518 294
465 471
284 653
682 40
865 643
858 230
102 193
665 778
463 210
138 660
753 655
607 467
571 544
10 104
348 377
599 577
504 635
543 258
948 905
690 946
699 722
795 726
870 318
889 546
905 792
517 683
342 830
657 75
981 754
374 527
53 227
471 224
357 304
20 128
959 26
371 922
532 209
443 495
583 323
691 463
792 603
10 223
805 589
455 872
79 752
103 146
903 691
800 562
308 765
564 919
726 388
136 190
91 525
587 679
525 500
150 208
818 61
647 445
445 178
480 425
97 854
685 975
972 825
421 747
982 462
34 640
548 49
387 403
136 641
944 161
152 153
347 719
614 284
103 220
735 248
565 134
265 495
406 222
483 408
941 833
2 303
551 853
543 747
429 395
380 903
370 287
680 870
732 5
22 948
837 485
690 550
236 67
701 252
728 842
878 622
610 422
233 747
228 763
328 774
635 205
324 479
816 733
788 5
631 484
306 980
352 926
538 871
807 888
450 761
404 937
190 763
266 418
504 465
395 172
245 328
535 942
916 602
775 423
612 311
67 160
548 748
733 104
426 603
948 581
937 220
813 580
655 636
50 251
56 249
461 366
965 101
123 633
499 931
941 798
323 550
352 675
61 774
479 876
768 365
116 250
243 907
402 424
637 831
955 297
239 163
425 878
549 435
978 160
66 205
989 943
921 676
213 942
611 201
524 354
796 880
206 728
430 688
536 414
435 677
240 966
940 954
667 572
161 909
587 852
790 604
380 838
202 823
349 967
466 317
906 257
815 443
581 803
10 582
111 73
851 925
507 286
144 660
644 397
53 720
483 191
997 325
4 706
800 130
442 290
291 181
449 424
380 764
926 725
733 60
812 332
396 774
476 589
401 617
803 537
22 8
44 722
487 996
347 874
302 395
936 595
976 36
724 353
744 680
680 344
608 10
396 178
159 85
296 740
731 472
764 457
658 39
988 819
685 91
932 698
830 267
812 859
436 368
475 32
818 856
268 163
652 499
291 47
754 469
664 749
375 308
549 517
225 733
37 967
594 520
286 721
965 282
869 193
426 776
542 960
84 833
865 812
554 347
330 512
107 849
890 987
862 421
790 612
852 438
799 642
20 812
719 593
517 419
365 140
107 58
901 640
865 129
795 546
282 408
338 717
244 783
55 195
922 11
480 981
978 72
420 500
617 553
915 674
967 811
754 895
597 686
118 645
206 697
415 357
358 328
149 347
372 599
927 572
875 164
243 326
402 784
66 79
357 185
160 669
553 52
23 279
193 536
630 771
341 883
293 342
204 188
443 914
132 597
68 259
329 155
87 45
962 760
561 729
135 278
808 585
845 97
349 232
923 957
820 916
552 346
680 848
996 252
477 153
112 971
942 515
778 262
542 658
640 716
922 321
853 990
89 687
539 640
590 583
64 46
172 367
404 813
566 873
193 747
765 117
161 187
493 452
713 206
336 687
709 287
132 767
559 334
109 875
853 111
713 263
200 756
948 791
125 511
495 567
836 396
296 590
597 359
468 712
36 725
836 554
721 488
610 954
764 95
156 966
839 564
948 986
97 227
815 432
134 303
370 273
605 529
332 391
634 137
529 620
224 28
392 669
194 911
694 669
981 977
705 54
938 682
639 622
437 887
136 570
875 665
938 711
15 892
641 657
649 348
21 809
308 15
86 228
978 202
339 871
777 521
864 759
350 954
191 600
410 896
414 33
185 945
851 231
132 59
470 254
106 608
557 103
236 597
769 777
80 367
35 899
845 749
426 967
555 98
269 303
839 487
584 509
189 868
228 254
646 505
436 334
594 197
676 612
26 980
639 497
818 284
189 122
18 760
18 923
95 756
245 763
984 815
159 551
808 23
3 293
779 31
525 649
434 549
67 927
707 276
530 985
763 107
549 24
891 357
977 994
41 303
921 910
537 306
375 406
680 906
38 933
10 765
908 613
549 385
64 634
620 244
42 331
852 547
426 804
636 502
952 170
637 889
246 136
210 324
975 602
763 290
118 223
258 138
845 306
922 103
554 191
384 179
876 644
598 898
742 93
21 694
277 12
47 704
175 950
69 866
145 123
618 430
850 332
983 857
751 302
174 518
937 679
591 278
918 517
943 971
219 367
410 541
250 920
844 569
60 652
32 695
748 358
555 550
24 679
451 520
921 353
658 858
734 698
346 702
318 452
839 192
703 318
837 107
161 461
836 332
213 133
447 45
816 127
984 131
805 361
169 199
746 561
838 775
986 513
404 453
209 645
870 341
362 67
518 335
914 967
183 735
143 835
545 798
516 68
649 920
317 887
894 465
624 732
867 446
936 558
343 656
156 490
707 724
18 799
659 68
710 438
794 966
908 400
107 10
24 668
899 547
956 796
85 95
596 703
420 237
813 819
955 557
659 850
297 979
793 493
329 644
929 651
302 612
419 458
380 311
412 54
156 568
796 586
930 154
45 453
468 514
286 341
524 480
653 675
798 680
163 449
513 627
786 828
791 411
638 747
395 881
123 59
759 291
317 351
449 936
18 672
208 716
856 843
589 818
608 172
666 407
643 612
778 38
516 447
376 126
443 520
296 10
738 111
354 69
301 49
864 790
797 565
131 352
325 115
315 716
228 986
253 434
915 912
637 822
406 311
880 766
409 543
685 522
291 512
178 750
985 133
499 349
214 670
468 272
718 685
549 898
568 355
682 55
258 977
136 640
456 430
744 884
791 110
591 302
279 967
253 117
964 130
716 208
164 120
372 703
855 814
881 975
439 961
289 312
281 632
878 927
774 604
884 144
546 420
491 928
967 540
893 663
427 685
634 568
144 570
909 308
723 177
623 919
424 997
581 69
435 40
199 731
938 880
645 175
551 825
178 338
526 950
398 700
713 866
360 42
104 951
799 231
937 901
432 590
206 900
973 486
628 792
477 940
587 978
257 343
295 467
958 740
28 731
842 769
864 136
460 678
137 666
117 556
556 142
731 749
547 339
229 298
961 474
901 689
758 1000
741 443
702 34
340 554
314 184
529 748
749 667
324 720
633 235
513 659
932 317
458 787
196 464
745 463
718 328
697 745
683 494
202 978
285 859
676 417
228 995
62 805
531 978
427 88
114 829
987 896
940 715
412 134
343 929
9 927
45 938
878 24
912 762
309 1000
263 85
994 289
721 838
15 970
184 310
548 973
464 766
364 654
441 445
84 714
582 577
982 210
684 776
51 627
988 71
846 736
850 720
653 416
295 606
458 993
519 741
580 292
31 885
266 642
189 114
327 401
902 843
817 11
630 957
755 518
81 68
561 15
374 476
25 337
797 260
676 522
336 385
981 375
52 767
489 764
145 591
632 416
588 505
714 706
390 137
848 303
490 10
91 827
422 301
816 633
793 511
724 928
589 736
68 301
699 101
604 607
68 705
58 444
311 195
674 301
475 719
535 512
112 657
711 300
101 997
517 695
221 719
330 62
211 202
962 391
349 604
392 35
952 166
780 954
658 623
933 834
933 958
847 76
14 664
891 319
182 498
781 336
878 544
236 739
848 476
991 858
835 475
534 479
371 831
106 471
948 842
128 690
391 659
893 800
885 461
996 647
866 301
746 970
541 157
226 641
256 798
287 657
999 1
758 423
73 556
36 447
510 507
538 544
692 436
613 184
618 6
967 444
213 789
981 142
377 106
189 119
207 153
52 143
957 878
349 602
60 734
18 542
128 695
699 847
986 609
856 478
881 580
41 204
474 626
952 701
588 865
578 885
70 440
494 488
452 517
662 569
124 139
377 103
913 391
745 282
672 86
69 566
318 637
16 322
841 348
611 61
440 474
69 304
783 66
833 835
235 104
357 926
270 359
502 561
585 579
14 108
599 977
325 817
445 422
853 917
272 871
142 321
664 871
340 126
636 455
329 355
250 668
951 192
839 818
68 706
446 221
902 16
619 988
407 343
15 362
313 251
740 753
887 658
578 959
155 191
713 273
614 868
297 386
36 341
250 136
923 976
632 267
814 330
168 883
912 529
709 994
552 225
410 590
547 322
108 605
604 782
946 750
655 750
153 816
279 122
861 769
22 717
764 395
641 227
933 351
312 613
314 152
614 540
518 527
397 411
308 29
692 523
527 693
524 485
974 546
179 397
999 39
575 903
542 804
158 553
717 574
68 899
966 785
28 437
352 663
899 59
958 780
701 708
756 373
979 610
244 119
192 153
937 543
436 222
715 368
912 730
847 731
993 624
561 362
984 634
26 559
591 43
176 527
696 774
66 469
281 5
252 987
857 888
640 261
779 628
996 618
547 338
433 435
832 61
2 403
373 13
299 560
568 754
546 302
178 980
605 688
19 860
183 758
477 967
769 267
333 711
571 235
227 207
838 511
17 739
863 812
109 858
751 388
64 735
939 289
400 414
169 52
233 667
557 852
59 964
965 729
251 981
914 37
159 506
98 344
351 90
318 552
132 996
744 906
35 646
275 542
677 911
328 689
188 972
240 399
379 59
625 290
101 333
142 687
513 720
504 948
275 154
323 427
750 34
399 505
822 73
229 179
490 262
689 620
189 885
352 170
31 215
256 691
820 723
142 642
484 613
815 550
860 675
112 358
136 132
247 687
143 639
952 254
317 250
706 876
699 641
760 251
645 925
684 978
902 553
872 203
729 805
407 190
75 576
819 869
213 807
495 320
916 86
855 344
727 250
220 289
509 200
754 443
404 589
138 873
142 623
554 95
182 610
405 328
108 537
170 790
839 1
244 743
768 57
997 5
139 923
459 847
916 800
632 821
356 156
915 209
467 179
228 42
464 727
771 347
255 886
919 4
815 183
482 554
517 525
365 85
403 420
875 100
792 92
66 757
724 80
865 575
224 710
647 395
870 720
570 668
873 52
385 917
143 936
561 139
381 487
692 639
767 120
69 835
224 768
982 353
625 751
182 490
827 286
835 303
871 83
289 139
265 19
851 819
709 698
120 726
176 318
817 89
908 632
696 129
622 616
300 14
505 796
176 866
781 668
378 651
883 270
700 124
449 106
404 717
505 47
956 105
149 464
417 776
867 671
211 360
128 52
585 387
228 802
911 416
797 252
836 398
268 176
197 897
676 69
740 96
676 275
735 948
625 121
491 365
12 647
884 601
933 184
622 693
978 178
880 431
778 393
374 725
344 440
36 95
127 23
309 264
634 632
708 436
852 110
835 813
710 275
900 497
100 644
676 412
78 933
490 754
731 899
883 63
246 415
241 78
596 58
999 517
381 583
670 675
213 393
705 541
603 980
320 942
358 50
678 135
90 50
724 609
93 417
982 898
981 170
288 554
986 58
755 729
197 290
995 308
629 284
41 647
346 524
294 20
294 43
883 818
525 823
333 685
242 383
197 1
290 439
706 981
808 132
569 375
395 595
195 861
649 163
582 621
529 532
552 385
231 50
44 825
208 887
60 295
775 619
546 759
768 943
141 598
497 477
132 906
861 786
711 616
856 852
278 554
80 641
500 290
876 427
881 498
954 16
705 356
723 323
157 573
228 278
683 265
742 753
538 14
478 313
218 930
184 761
359 46
457 372
607 860
54 825
756 338
287 674
299 740
337 382
828 413
973 189
235 444
454 806
33 256
595 31
629 987
210 657
744 279
762 400
975 535
140 655
769 70
457 374
254 164
880 128
736 800
119 439
695 820
846 630
126 968
932 561
221 549
961 824
770 106
114 825
319 612
341 964
526 393
30 971
362 868
646 137
61 192
335 716
259 188
384 32
17 379
451 957
563 639
779 871
920 671
594 319
351 177
304 454
156 864
465 12
84 171
487 119
190 242
460 370
699 744
695 743
536 286
843 640
681 263
888 743
83 467
639 454
684 743
311 828
498 58
990 396
134 38
42 368
443 255
856 617
970 618
638 378
955 572
88 792
732 226
897 965
312 789
753 779
612 305
410 580
543 596
91 608
828 160
985 370
918 975
369 612
632 911
99 458
121 291
227 565
827 485
634 848
439 815
20 722
441 176
79 748
835 275
447 540
826 956
35 100
753 129
282 443
833 445
188 285
822 223
464 339
166 832
423 152
692 68
392 974
793 811
764 856
940 859
580 710
837 477
660 350
660 176
411 14
973 606
752 455
924 486
800 211
935 430
354 519
2 137
579 677
169 114
166 29
553 39
293 998
530 834
810 210
953 971
464 736
762 945
393 68
275 238
447 836
229 716
543 151
133 734
994 463
193 262
308 757
502 1000
386 218
955 777
109 404
19 174
632 400
559 200
430 806
687 691
281 722
897 39
88 79
126 979
380 302
837 525
440 142
32 100
674 220
237 669
290 253
151 124
516 25
612 872
884 26
734 971
541 114
463 754
896 148
224 252
553 615
902 584
767 426
846 276
297 381
731 976
191 942
129 430
648 863
711 1
869 995
423 7
828 669
871 805
866 168
95 30
305 140
311 290
621 213
56 778
186 299
303 832
403 738
527 54
449 386
541 140
942 269
961 503
858 173
579 230
894 733
390 802
37 243
957 973
927 806
727 721
809 156
609 192
296 254
326 843
790 346
690 237
822 898
323 469
289 638
391 726
431 982
132 883
960 529
137 354
792 169
935 861
993 183
465 611
555 975
998 519
246 533
958 182
77 770
326 811
813 117
709 668
853 157
776 766
647 384
718 201
796 541
804 438
416 933
253 67
770 607
142 365
776 373
982 581
227 677
426 380
639 442
397 789
428 92
263 559
662 632
305 546
964 567
340 917
117 837
376 611
387 321
85 257
730 782
514 150
245 374
190 887
100 768
402 89
593 253
420 356
248 146
272 17
817 549
639 50
488 774
3 383
871 211
717 103
673 244
812 99
608 274
935 135
757 899
348 445
972 932
81 546
903 943
243 982
808 563
339 214
989 304
786 704
316 644
542 961
318 663
598 5
408 81
646 748
820 536
868 874
341 645
986 786
864 811
920 221
330 933
221 201
994 82
714 857
297 873
102 696
348 170
652 445
571 800
393 191
406 236
714 307
588 277
499 237
274 64
724 591
105 753
259 252
536 906
265 361
18 785
130 468
239 742
511 864
744 303
725 328
123 739
775 862
419 920
870 70
568 95
832 854
180 969
401 134
864 406
614 91
591 777
788 382
756 17
855 561
213 796
996 784
970 649
638 128
722 345
511 806
867 95
282 719
564 771
144 489
610 491
213 15
682 907
459 882
929 458
688 141
977 397
536 141
266 779
897 813
267 53
526 345
46 847
493 140
784 27
410 282
968 488
67 439
216 200
981 351
731 526
28 890
143 311
311 617
788 667
547 897
211 180
652 461
509 952
436 22
665 927
720 819
480 611
855 409
661 18
753 659
981 659
405 998
656 758
435 773
205 105
240 605
562 444
815 44
305 948
835 142
122 225
484 382
732 661
631 378
764 648
647 790
622 803
379 652
924 547
749 430
29 777
813 471
306 594
802 801
829 192
372 382
993 254
85 746
351 763
367 107
143 176
456 242
229 985
944 157
391 1000
552 680
367 246
662 159
834 982
796 160
352 590
746 296
189 10
263 296
628 147
960 717
952 52
187 719
155 384
194 430
290 183
406 448
193 812
966 72
841 534
328 70
122 389
377 554
202 617
85 433
241 619
928 41
914 884
904 508
626 509
512 256
2 763
507 399
522 744
658 353
986 235
164 340
66 321
340 571
22 761
257 585
862 326
799 788
224 724
315 205
209 111
434 213
606 28
168 251
801 169
718 191
690 80
517 155
504 380
983 588
316 174
690 529
252 353
284 102
296 955
235 210
884 847
723 999
628 907
37 95
37 342
721 68
920 767
151 3
842 706
587 914
397 636
676 170
2 917
87 999
186 183
792 271
234 518
367 440
407 821
423 103
213 55
731 691
710 656
137 38
490 819
823 434
20 202
593 299
511 467
994 537
216 245
605 907
605 575
871 549
929 45
273 911
111 34
506 456
891 84
891 173
717 327
479 414
25 522
828 66
567 162
563 703
91 738
902 81
749 965
64 959
57 544
496 987
134 782
488 614
691 518
836 976
617 271
602 964
177 701
77 506
715 922
989 948
138 772
605 355
775 193
447 515
271 200
537 929
935 63
357 11
541 222
374 858
382 908
697 265
91 316
743 383
279 243
186 444
876 939
615 794
295 483
16 250
982 148
633 908
519 649
912 59
435 562
500 626
833 775
151 801
672 379
935 158
793 555
485 821
382 431
989 638
797 553
849 143
853 429
990 41
237 666
824 414
241 108
739 358
907 888
528 394
211 875
603 753
669 939
346 295
950 36
490 287
219 884
110 989
236 571
714 492
156 521
863 385
118 489
923 379
179 70
999 638
143 320
395 913
163 721
15 286
686 70
40 797
423 527
710 148
419 464
689 897
510 376
755 757
891 242
360 207
555 177
172 186
806 687
369 233
421 751
324 304
574 448
403 446
453 47
976 588
436 103
492 943
557 348
406 450
13 651
797 536
96 413
307 252
750 115
881 73
103 168
98 428
321 7
476 556
959 518
908 577
495 737
754 784
86 75
197 995
794 628
286 125
760 506
676 138
184 176
518 309
726 878
616 885
201 919
72 678
670 286
778 831
675 823
548 597
161 690
878 653
9 52
411 294
949 13
115 292
893 81
983 716
319 309
495 224
275 445
438 122
863 735
131 253
39 501
827 55
162 23
281 639
962 71
95 730
464 710
695 758
679 391
742 347
19 704
156 636
751 847
779 670
646 482
296 887
586 707
964 729
77 149
440 149
813 664
27 20
47 237
897 813
880 123
986 797
502 132
236 986
448 577
816 871
295 707
702 612
612 205
621 736
549 768
229 896
734 504
375 160
772 392
238 157
460 765
856 208
20 926
890 94
311 530
680 344
61 885
708 766
556 541
505 654
227 25
206 482
759 729
382 799
720 903
562 626
27 269
987 169
323 289
962 568
220 539
234 604
271 613
31 628
704 148
335 370
920 746
437 131
19 524
904 567
220 855
249 964
206 155
102 357
848 522
986 127
298 168
521 487
520 848
128 824
580 915
216 93
364 338
175 292
214 428
736 870
73 216
875 184
996 694
426 689
731 90
731 270
125 941
360 564
604 333
124 8
93 374
222 764
80 236
817 935
86 53
326 808
643 759
332 931
425 645
325 366
571 637
84 636
582 993
999 440
862 976
52 439
840 291
255 344
408 899
485 555
880 792
998 182
100 469
840 10
93 856
524 600
479 115
181 10
403 340
234 656
137 32
159 743
24 699
211 488
599 35
777 229
244 312
834 943
205 677
178 150
188 440
138 118
685 433
108 771
786 61
70 936
340 147
196 865
374 503
325 158
994 248
588 579
332 486
287 391
865 822
419 837
325 959
594 817
481 754
632 943
741 272
367 450
724 735
564 865
933 759
38 409
795 33
45 858
304 214
809 476
853 406
390 882
100 727
451 747
272 78
128 410
701 175
306 743
898 633
799 269
633 591
594 348
198 375
642 866
675 697
58 51
832 625
268 767
818 599
621 137
583 927
480 141
444 761
188 396
580 115
878 483
260 688
212 826
703 652
934 427
390 974
424 686
182 462
78 249
905 833
167 534
557 525
312 16
201 563
247 953
615 358
461 31
632 496
518 251
140 268
164 280
456 698
742 471
177 38
514 855
953 223
570 603
872 72
122 967
448 33
231 700
652 863
471 624
347 824
871 168
699 778
991 828
887 372
721 116
857 209
890 419
417 199
145 291
731 27
96 893
393 367
937 203
870 832
712 905
515 712
928 949
938 888
350 263
643 29
823 398
391 28
395 619
366 544
715 308
852 472
34 648
484 121
286 351
895 659
860 168
589 357
444 261
80 95
625 576
999 384
346 648
875 377
686 661
664 35
890 516
882 765
376 761
792 996
171 273
819 727
1 714
838 35
716 395
965 902
994 767
836 921
657 98
76 376
873 607
803 527
673 952
524 299
507 155
219 983
281 693
227 326
491 293
768 580
252 601
644 275
758 442
848 730
570 798
246 78
809 497
904 544
624 273
82 772
773 464
256 942
189 136
283 448
406 286
91 91
558 908
957 952
611 301
340 155
544 542
412 47
764 838
291 176
317 374
56 313
190 450
621 986
656 563
607 391
135 878
391 295
293 226
756 777
441 799
945 679
568 311
985 589
409 516
917 993
125 840
228 685
736 582
891 13
874 77
743 255
1 808
661 164
851 557
634 541
996 824
792 409
728 852
876 844
447 966
883 467
292 177
130 994
137 794
45 450
689 817
530 647
340 555
616 320
611 842
962 412
701 112
65 227
135 713
793 578
597 340
910 279
682 928
843 742
943 924
854 828
146 85
59 490
931 242
235 814
620 39
107 455
394 278
432 862
76 119
195 724
244 956
712 720
397 659
407 439
582 391
248 697
141 32
226 49
794 102
695 520
477 634
790 472
197 923
58 836
77 161
511 328
61 641
634 555
939 135
910 5
753 662
199 699
351 843
372 247
358 904
657 481
562 974
864 167
696 875
322 578
90 152
221 827
307 198
29 205
272 976
34 1
793 805
266 154
732 654
292 599
923 404
450 327
237 620
109 655
265 928
261 785
643 811
829 985
708 811
221 209
328 820
56 851
407 46
113 804
995 412
540 300
603 186
277 728
696 45
206 99
363 847
637 901
87 385
674 672
856 705
748 495
198 553
346 994
761 145
535 972
230 434
255 824
698 757
313 452
479 825
158 63
776 760
356 507
497 375
765 227
87 527
219 211
375 701
713 86
22 810
377 327
807 266
96 23
747 872
756 626
300 169
597 857
986 856
754 368
159 750
981 545
768 232
897 710
981 474
739 171
525 556
7 587
396 671
135 41
587 424
936 635
632 61
348 697
310 819
796 614
499 219
227 876
303 402
50 372
972 137
247 432
879 854
248 871
233 517
148 265
169 677
110 528
261 873
761 143
875 411
89 256
830 622
653 872
72 114
482 999
870 790
726 508
118 760
197 877
559 909
948 137
241 4
552 348
364 458
258 709
531 418
557 377
254 752
706 375
595 762
782 169
780 898
181 222
822 950
838 975
34 766
825 673
591 253
320 969
505 933
338 689
356 987
782 130
305 358
299 389
101 799
978 297
696 78
304 966
535 570
803 94
81 99
206 367
452 671
759 887
953 631
322 501
267 191
446 836
828 317
604 128
249 693
238 682
238 546
690 198
169 686
882 60
111 430
83 941
687 815
5 204
234 909
830 323
601 458
410 208
603 522
929 708
485 924
798 523
338 285
154 260
209 58
240 232
736 352
450 265
189 159
495 140
305 406
499 936
153 709
136 897
670 830
956 274
917 1000
762 334
774 783
744 832
886 590
47 99
578 203
19 2
130 123
566 858
293 63
851 362
173 106
741 793
76 466
361 955
419 535
226 49
271 625
483 565
349 522
619 699
492 319
343 583
572 538
542 42
664 909
429 610
292 595
743 853
804 440
981 913
290 292
751 676
194 280
784 995
351 765
546 208
37 186
455 343
22 77
660 152
889 761
979 442
890 754
203 631
781 107
55 927
731 962
537 779
199 765
515 243
504 160
562 825
606 304
456 733
574 551
105 429
980 529
324 511
936 855
162 189
293 315
758 520
398 9
938 278
516 562
119 159
902 250
145 610
825 333
134 689
909 632
107 384
678 674
425 656
717 255
153 619
720 681
437 896
921 64
27 581
300 750
957 48
612 319
612 417
831 140
223 637
14 385
919 595
326 693
401 51
128 684
434 877
523 950
255 583
1000 525
659 826
45 554
126 148
860 568
722 740
928 978
182 749
960 682
260 373
558 950
816 513
13 779
552 984
50 509
114 579
946 704
67 827
530 769
825 42
333 609
126 345
363 765
773 134
451 84
327 356
821 375
997 962
186 813
228 626
279 107
943 882
439 22
947 599
702 261
627 395
101 505
647 838
210 869
290 887
271 978
498 340
887 768
350 980
647 391
670 214
133 845
413 240
680 903
783 456
276 216
858 378
393 656
995 360
577 933
552 451
655 592
206 877
590 50
94 313
187 279
590 699
189 948
867 353
415 480
73 698
966 387
39 821
410 858
721 165
264 842
324 797
177 726
31 774
790 302
979 268
727 361
458 505
511 370
874 822
737 219
290 819
106 603
129 594
705 813
48 13
104 74
955 909
878 228
496 698
944 420
364 400
936 371
451 251
694 239
853 782
315 987
103 670
626 630
54 974
855 128
716 442
324 52
273 117
299 600
876 878
744 837
507 662
150 540
598 93
381 510
179 62
274 678
297 370
645 36
16 585
664 980
116 534
412 923
219 923
412 514
207 554
568 831
894 442
712 841
126 34
125 529
351 379
406 736
48 485
37 114
990 518
594 933
247 175
770 767
40 768
608 703
212 614
755 65
948 257
670 47
791 965
990 277
518 84
770 382
55 854
758 165
948 101
887 655
124 696
410 513
250 18
66 257
244 812
839 933
456 614
508 846
118 600
755 938
851 64
864 280
853 485
59 539
942 590
220 966
801 284
405 960
737 311
2 405
443 423
727 476
460 458
94 589
538 416
580 161
783 783
588 660
299 273
265 284
204 436
119 941
219 898
651 86
178 831
39 557
744 589
504 920
452 325
861 73
255 422
154 274
93 250
470 887
542 764
751 610
354 104
746 144
828 229
929 59
641 525
966 107
787 466
340 515
271 504
780 158
323 192
110 848
636 979
30 864
640 733
41 296
480 754
958 463
158 937
579 453
729 136
399 745
349 460
264 119
56 535
210 304
362 4
396 948
220 25
625 904
977 217
283 181
880 222
622 493
941 547
1000 848
955 396
962 833
201 645
556 749
595 751
202 6
469 328
259 685
291 328
957 859
468 591
739 516
941 168
327 37
627 577
590 225
147 309
30 507
436 580
829 922
650 642
683 774
491 540
344 589
99 49
633 25
598 401
25 363
795 326
443 320
17 306
537 639
830 199
825 995
323 815
203 292
865 276
994 143
550 789
734 197
484 84
197 142
287 281
857 236
12 858
155 358
383 313
684 239
769 496
38 859
114 34
990 248
311 583
450 118
56 429
702 337
608 778
832 949
360 308
252 985
657 368
103 833
81 678
207 732
533 53
739 755
773 627
810 295
314 468
225 288
696 456
807 397
606 535
570 946
408 77
450 945
254 906
868 287
570 548
510 805
676 22
592 676
659 570
123 214
602 414
512 102
733 117
705 734
716 557
349 486
88 812
950 294
931 598
464 665
187 382
183 880
487 704
230 271
818 861
22 879
561 7
437 853
767 558
340 328
961 102
787 311
853 225
688 349
56 838
882 52
318 471
206 481
371 702
11 15
796 580
305 404
375 710
243 30
930 177
508 507
243 909
971 947
34 897
418 184
340 57
263 168
37 750
633 955
943 665
615 103
251 648
173 494
546 898
203 374
675 140
657 708
495 349
6 668
534 554
311 545
437 122
539 810
148 157
847 253
915 839
465 828
440 544
299 306
782 718
478 454
135 95
729 260
726 379
804 215
656 324
774 875
167 429
366 665
723 21
832 759
691 911
10 236
296 582
802 294
404 348
471 917
861 463
188 756
23 381
772 281
560 473
986 605
147 746
644 853
143 189
909 936
952 632
143 891
662 887
891 385
1 779
98 48
385 670
9 979
927 796
685 38
899 464
909 535
529 636
979 581
71 631
849 362
676 864
323 715
847 34
901 82
620 126
683 133
991 685
614 594
456 674
108 904
708 508
592 533
277 217
757 123
564 954
318 944
179 110
106 190
885 644
721 171
253 283
402 76
1000 800
232 793
832 817
94 862
19 294
379 42
627 738
510 265
225 614
810 978
70 551
810 381
802 156
442 135
668 74
257 145
540 27
990 106
450 439
469 721
863 695
628 190
381 925
121 800
614 765
651 13
904 41
221 577
918 399
234 352
712 879
976 61
536 733
956 18
255 17
694 449
916 286
973 785
778 721
784 813
851 544
428 608
374 903
307 846
356 368
338 599
196 877
922 737
58 286
822 946
17 300
788 392
14 607
566 523
477 535
183 252
548 394
534 57
241 329
101 219
460 803
45 651
38 560
256 577
484 58
291 521
640 195
982 842
900 376
429 999
59 158
880 886
983 9
455 131
55 322
963 549
291 78
755 620
719 675
320 806
140 315
216 114
569 779
836 983
919 131
926 576
589 837
330 119
537 760
778 829
454 469
711 640
882 37
475 890
133 656
319 170
929 926
420 687
786 220
989 702
92 848
90 517
59 91
188 34
759 917
585 136
520 765
828 258
605 917
862 83
517 638
691 856
667 563
518 756
442 162
698 308
639 382
175 872
142 845
923 883
871 62
851 182
262 617
223 117
477 196
878 219
396 873
875 467
5 858
825 112
730 253
826 310
157 56
782 361
959 757
140 658
919 957
581 340
76 603
332 956
545 329
430 221
385 725
545 973
357 529
803 786
692 63
506 5
297 156
706 677
765 407
958 309
180 990
735 299
272 579
591 303
111 792
10 604
733 70
389 799
190 65
298 175
192 866
392 459
588 293
833 703
927 87
940 158
466 570
571 148
765 347
848 947
86 349
875 282
700 802
643 76
345 698
215 550
541 416
450 256
983 405
569 751
53 193
411 680
682 609
522 857
636 879
121 558
757 650
857 237
113 60
935 132
266 662
366 119
58 904
523 658
704 284
508 232
988 739
816 125
355 996
796 285
105 709
769 235
383 308
201 601
370 671
437 510
620 134
123 448
140 266
513 713
92 932
919 198
807 200
972 22
904 796
184 687
260 400
35 83
416 869
106 6
534 856
6 390
696 480
529 947
615 228
93 930
756 844
298 610
591 7
522 993
754 650
569 10
772 31
36 599
40 38
508 444
851 675
656 113
36 190
167 923
652 861
843 104
882 899
711 17
686 471
344 144
455 115
177 880
963 87
55 36
967 751
251 935
667 596
388 541
950 756
468 612
839 981
512 4
645 893
973 861
813 533
656 648
921 586
838 478
784 768
578 853
879 583
684 375
397 979
187 130
708 42
821 345
404 342
167 734
468 537
962 32
816 14
893 584
614 52
885 882
569 301
118 506
529 154
512 933
608 506
725 433
368 587
892 88
240 647
89 570
413 257
49 391
115 94
66 894
502 168
576 333
718 456
101 958
768 455
51 183
972 544
383 772
657 557
302 867
93 437
343 710
660 109
760 494
173 771
350 267
856 214
419 29
368 368
62 189
225 372
712 239
737 384
991 781
63 187
185 22
493 995
977 288
982 13
711 509
401 526
380 973
634 903
447 57
451 890
18 158
59 405
947 223
149 961
457 945
746 420
402 88
510 280
191 380
280 117
426 85
938 877
873 118
623 132
796 167
768 375
986 508
510 211
509 842
272 528
341 163
815 268
924 171
880 933
412 771
418 853
94 999
393 744
618 231
388 911
542 524
512 73
719 526
497 235
303 693
519 929
791 432
272 217
19 975
349 229
175 676
46 143
153 136
463 763
458 729
658 327
134 182
356 668
798 333
970 933
65 731
896 59
848 33
265 441
22 628
153 743
987 29
555 718
554 28
808 449
104 721
67 792
131 968
438 651
663 253
964 10
765 685
665 964
545 459
774 540
117 616
221 407
623 73
975 28
554 308
997 193
439 677
9 68
340 538
977 13
764 413
546 493
359 921
438 516
942 601
873 538
444 506
569 992
80 296
134 25
363 631
164 187
96 352
740 805
489 351
205 478
780 792
339 509
292 349
64 858
175 216
363 227
533 386
704 417
305 716
721 462
584 954
904 132
759 120
315 789
88 383
842 225
119 261
12 96
109 75
238 991
153 670
513 404
810 702
379 758
775 136
34 139
42 710
436 175
394 424
771 843
758 456
420 155
797 351
804 7
896 107
720 967
391 262
277 742
965 509
407 351
520 88
74 8
552 159
503 570
341 943
465 415
376 923
428 200
971 108
89 430
703 551
160 62
43 343
841 484
778 744
17 267
768 489
808 824
742 286
704 526
979 93
393 313
780 465
19 974
375 597
559 798
839 624
243 586
24 16
245 603
201 120
277 642
86 712
212 695
25 20
112 44
111 908
589 900
772 129
81 297
501 822
199 168
104 626
830 824
679 660
722 874
510 388
368 37
489 273
888 62
213 463
118 91
144 969
963 320
895 822
330 551
486 153
713 330
353 145
718 164
628 752
704 916
831 134
266 280
261 826
891 352
731 346
360 288
302 533
690 874
401 281
453 870
778 147
153 646
536 626
988 502
329 497
473 400
95 978
986 159
29 784
474 366
861 928
18 679
227 214
465 372
552 407
464 941
692 75
336 821
249 375
26 670
542 73
929 315
307 747
555 809
17 330
249 27
622 58
645 323
789 580
464 173
590 40
340 983
648 50
985 373
783 953
330 321
917 985
537 843
545 493
86 380
51 897
753 929
151 968
603 410
696 656
398 679
159 541
91 290
115 495
665 547
662 219
424 911
741 475
222 274
870 630
142 188
394 643
523 770
249 447
462 943
51 860
161 841
434 507
820 171
273 484
619 348
697 350
945 825
385 362
937 239
336 249
701 166
409 763
240 572
895 617
662 924
889 37
947 935
746 702
975 387
483 462
357 308
819 640
822 164
224 621
410 935
224 387
571 567
113 498
288 924
551 579
570 398
857 521
138 420
295 661
475 293
173 548
82 591
881 940
832 993
591 605
77 309
373 960
153 832
962 840
124 225
518 187
433 929
299 426
603 554
991 746
798 870
482 220
742 629
499 343
789 722
975 772
792 391
295 997
914 437
299 165
300 660
323 460
814 30
655 410
471 855
543 363
323 192
714 328
156 319
927 22
761 966
830 206
692 124
26 142
193 211
580 863
43 106
93 326
637 975
320 575
542 191
2 97
191 412
135 149
374 359
615 605
708 774
672 788
764 874
305 676
446 165
100 346
70 40
516 949
649 323
303 999
10 418
160 1
276 25
86 504
870 276
22 61
934 120
661 899
955 599
753 648
381 671
805 420
152 420
526 39
997 93
567 460
750 826
805 906
659 60
878 178
906 651
310 104
649 731
478 683
970 293
604 292
248 881
909 484
187 774
716 138
752 557
721 877
478 80
226 995
626 262
202 803
531 437
283 404
888 610
333 651
792 704
326 583
813 560
458 61
754 874
125 278
787 777
851 364
217 231
320 629
646 467
695 223
575 776
579 258
589 191
302 839
21 213
336 649
854 613
378 17
346 982
951 47
283 955
828 25
782 379
63 572
118 604
677 577
350 634
626 605
576 733
601 804
162 846
854 382
810 20
597 44
476 644
16 82
573 739
963 154
801 581
931 776
215 51
104 971
164 446
117 990
188 75
733 167
274 941
138 845
630 347
41 327
860 316
770 851
190 262
459 206
128 238
594 587
743 334
855 702
46 401
193 93
611 153
467 742
378 427
89 67
279 118
59 701
602 458
307 612
798 271
188 85
73 409
782 936
381 93
543 988
842 787
260 467
20 877
870 281
494 678
66 869
701 333
840 136
229 962
46 438
466 503
977 586
193 168
218 565
839 712
605 215
906 576
474 90
133 909
502 778
538 31
520 267
207 205
159 50
915 24
419 346
302 290
664 134
860 350
889 367
167 938
369 321
886 36
116 11
833 676
533 461
99 696
182 461
14 990
928 119
449 546
787 356
564 867
249 778
356 767
321 209
819 181
652 349
925 631
171 368
95 198
928 578
540 695
484 593
237 522
306 914
637 647
39 611
974 835
308 319
125 601
404 13
102 781
111 772
977 789
47 700
248 618
149 608
129 789
346 500
87 571
142 674
127 981
258 377
995 827
323 94
83 384
433 979
249 630
445 64
772 272
836 400
915 735
214 551
514 384
750 33
256 447
757 34
493 702
275 835
894 653
743 956
266 206
787 503
237 863
86 210
926 690
516 487
147 842
567 634
767 312
443 600
244 486
42 654
182 377
745 163
443 388
458 386
608 865
525 145
780 781
890 185
68 521
352 166
431 671
485 131
90 511
211 813
886 673
588 594
610 526
889 480
131 751
898 881
303 519
149 666
337 536
989 894
60 129
754 620
646 333
706 632
353 598
699 581
409 179
804 12
41 33
301 735
484 89
709 45
282 751
563 866
900 657
928 460
646 653
275 417
733 898
66 240
386 199
769 623
904 209
64 533
440 172
209 854
374 576
113 287
258 145
874 662
17 149
609 171
587 926
760 7
542 969
355 230
226 455
435 597
303 614
216 95
476 185
842 314
160 3
805 333
185 823
457 616
528 284
745 854
993 810
980 621
370 277
976 110
477 699
443 620
627 362
740 847
627 713
922 884
714 870
721 485
612 688
579 49
675 596
812 969
706 465
728 134
636 261
952 923
235 909
740 866
390 220
484 27
105 698
803 260
655 682
281 163
985 180
785 646
389 710
750 705
813 770
930 839
344 80
774 714
443 827
785 891
782 780
661 433
479 550
980 62
500 662
447 651
548 353
633 119
267 79
183 553
60 469
95 447
704 88
683 161
661 999
560 508
99 514
422 390
838 403
102 198
996 241
694 521
332 355
344 952
953 702
507 917
276 544
114 774
813 912
601 502
241 376
181 396
208 896
240 541
340 233
19 839
983 854
180 499
724 400
9 413
666 658
237 757
232 58
690 399
202 967
251 405
489 688
227 40
357 657
319 674
597 696
592 324
826 732
382 882
651 670
909 305
538 163
780 922
952 505
782 552
62 560
261 794
63 536
966 304
268 525
814 755
821 637
2 123
556 27
968 46
783 359
273 222
676 755
976 973
868 816
774 659
683 997
242 196
783 662
73 354
856 246
150 645
959 521
639 435
493 920
71 156
605 159
616 404
520 487
926 725
155 528
845 850
91 390
56 661
717 431
720 771
835 481
28 419
10 960
702 881
747 63
430 738
989 412
727 665
787 769
591 718
754 111
779 982
633 776
860 791
879 913
201 842
85 897
993 800
316 854
174 446
757 44
99 725
109 927
905 181
808 397
417 984
468 10
905 225
565 488
620 624
234 140
621 451
758 144
669 263
909 972
582 156
826 218
920 837
218 29
605 389
144 243
152 517
128 106
716 75
24 809
462 457
887 713
49 427
284 880
494 221
875 993
977 544
758 88
551 291
830 713
943 43
370 349
241 352
222 291
708 947
75 262
505 20
265 660
847 977
966 335
445 514
141 672
82 741
339 148
78 815
590 950
417 632
563 829
371 936
888 440
727 936
309 60
372 586
744 442
138 62
686 627
352 335
315 372
249 744
854 205
129 635
878 623
104 599
421 521
836 983
479 989
818 916
692 781
486 917
791 256
51 549
950 678
67 535
608 748
853 850
901 10
695 43
45 689
628 383
345 317
644 723
703 264
594 676
317 528
410 796
887 141
917 739
618 91
495 960
28 777
587 520
999 843
907 221
660 310
706 364
212 791
969 839
51 575
670 738
286 600
496 818
155 126
468 694
968 37
102 498
627 245
812 469
82 170
385 988
884 902
451 286
525 258
85 991
426 822
63 615
633 693
957 908
208 103
119 636
896 628
214 705
231 148
869 669
265 719
479 704
721 135
267 743
803 886
301 798
13 406
105 127
828 241
599 582
210 682
413 336
346 363
450 64
8 808
919 201
159 433
266 237
428 271
30 236
297 33
132 303
233 666
221 176
529 828
742 876
690 644
160 798
320 207
846 209
424 969
918 413
618 264
534 13
275 814
258 214
58 726
743 200
619 708
235 160
344 918
421 673
628 596
759 804
53 851
116 948
725 312
780 276
620 384
3 677
281 211
620 410
883 443
238 807
748 228
344 531
21 933
908 65
315 419
793 984
259 888
192 270
617 315
530 68
194 585
591 447
693 587
796 131
383 870
958 472
703 353
848 334
603 552
569 411
694 736
961 790
492 539
785 678
426 276
387 84
196 886
286 312
165 593
492 567
867 786
414 453
329 107
492 355
98 158
487 220
998 968
679 773
133 655
841 171
188 481
742 541
984 280
858 584
772 286
605 278
599 908
277 587
376 752
169 628
301 755
359 472
56 150
899 179
657 58
726 951
523 649
663 463
238 140
490 430
868 926
561 394
389 925
209 839
747 197
155 547
684 120
752 904
830 573
789 663
23 525
4 279
49 620
253 246
978 45
229 317
721 887
186 158
505 471
928 351
619 6
976 703
525 303
105 35
302 630
546 661
401 922
189 196
25 585
483 903
36 822
969 685
494 876
484 389
53 658
386 671
393 854
688 959
476 632
910 883
621 687
736 87
377 431
767 495
987 412
147 18
827 182
106 320
35 396
69 86
683 267
139 735
880 204
79 959
130 530
966 995
109 618
570 930
470 375
868 707
827 680
708 795
985 818
521 12
622 280
456 461
9 941
81 258
898 790
296 664
112 438
469 398
269 369
833 36
671 467
566 799
417 338
340 76
330 597
249 441
481 201
299 123
750 528
142 514
831 662
752 991
107 688
168 814
670 44
899 925
653 431
139 83
915 528
310 108
103 127
442 388
933 37
305 587
772 645
410 526
893 937
846 746
497 778
555 737
812 603
127 677
37 717
331 622
870 934
443 770
981 754
76 67
68 467
18 5
854 357
339 302
578 639
320 279
589 375
978 846
183 910
564 844
137 352
561 422
276 474
649 996
206 254
884 426
998 804
142 992
43 332
167 757
689 154
393 467
624 598
504 957
574 56
212 343
505 40
11 334
829 396
847 501
274 335
564 28
963 30
428 38
617 89
119 324
569 514
124 935
720 32
669 752
841 359
937 716
987 266
797 966
613 471
527 545
26 742
248 256
496 714
813 320
877 621
632 224
356 929
910 889
99 873
404 5
888 557
727 262
859 405
859 605
802 866
986 402
779 806
982 745
732 100
757 388
668 272
794 716
893 716
555 869
607 34
486 839
338 896
734 923
538 157
709 117
432 797
434 620
180 928
795 845
681 570
794 632
942 248
79 678
394 857
204 883
565 143
747 704
29 410
387 514
160 899
672 1000
210 206
499 872
148 659
723 550
771 946
25 947
275 235
49 150
37 578
861 568
957 101
514 353
98 372
620 317
710 925
724 66
743 937
848 910
311 193
71 462
526 95
975 790
702 182
699 35
388 875
189 785
426 40
517 813
159 512
822 782
221 754
766 435
631 668
727 877
985 285
215 696
197 428
532 442
644 227
407 316
734 276
52 576
562 61
553 558
786 91
29 818
805 330
284 141
425 715
248 472
573 195
729 880
264 153
540 854
711 829
689 255
893 963
363 907
65 31
410 642
664 236
606 399
336 9
523 506
515 766
258 202
955 301
231 664
841 80
860 316
260 809
49 534
885 464
109 310
302 214
32 123
669 297
669 621
974 854
202 149
467 684
656 436
536 630
686 303
590 94
108 875
500 863
42 725
351 42
319 674
941 691
69 772
714 871
893 633
875 589
273 322
13 987
479 446
918 745
673 192
991 65
748 122
173 285
231 543
588 759
190 855
562 553
182 904
102 709
685 36
778 395
556 1000
723 519
542 999
658 586
390 450
641 417
177 900
237 260
785 943
859 462
423 649
3 464
331 425
247 586
687 723
342 119
565 132
996 535
362 706
157 977
801 315
375 766
77 572
623 190
1000 145
300 334
434 760
560 220
522 155
535 433
935 942
255 672
538 475
798 580
184 387
485 949
36 655
477 60
93 541
299 470
971 818
240 537
909 721
51 458
355 63
351 375
911 795
24 336
836 833
896 763
915 322
964 273
340 736
18 872
755 725
425 743
371 640
341 674
634 84
977 859
197 267
250 108
895 982
417 847
218 936
767 581
236 56
977 676
344 914
991 575
762 147
508 6
659 582
48 652
572 752
929 498
483 743
647 343
420 800
119 790
800 26
464 207
343 115
786 978
466 800
278 117
994 477
419 376
904 265
689 282
873 939
673 613
940 555
668 892
204 439
297 583
238 865
828 410
16 83
355 872
566 323
718 548
923 89
104 186
870 238
424 361
365 353
1 246
155 3
438 526
69 282
35 386
348 877
678 265
24 813
97 516
289 188
28 898
69 901
116 800
945 942
160 900
637 637
358 872
514 167
294 388
208 311
672 164
343 639
473 345
585 845
58 559
67 741
563 388
518 836
228 631
165 333
300 90
475 530
688 448
313 401
828 884
278 418
2 252
935 153
844 923
863 998
754 220
208 830
571 994
943 209
524 501
827 729
955 890
384 785
903 111
299 927
285 849
453 753
798 332
57 183
153 868
318 645
312 394
757 27
827 897
826 226
534 798
101 675
328 928
53 482
516 638
158 658
527 335
731 26
601 882
369 704
855 949
778 685
781 432
367 359
471 425
712 597
422 904
232 6
524 151
163 127
819 464
320 163
855 559
295 438
78 522
684 767
529 637
205 876
96 311
79 413
644 578
193 358
843 145
379 404
336 421
771 257
804 721
367 8
706 900
128 428
156 298
802 454
72 159
241 974
178 2
75 780
821 368
860 467
891 407
159 720
1 413
309 510
359 42
829 735
425 100
421 608
528 770
78 760
925 260
202 466
639 560
488 34
86 484
883 234
569 439
938 789
961 264
915 916
535 885
26 731
235 252
411 566
585 927
65 291
481 200
464 190
577 147
923 240
218 11
158 347
767 737
722 278
704 826
699 858
966 435
931 190
177 107
134 35
385 9
614 557
967 797
253 732
169 456
407 227
101 18
158 402
872 50
980 416
977 808
444 370
843 873
595 831
267 913
440 657
961 692
753 835
321 713
841 724
15 561
784 978
452 996
484 175
193 219
370 554
509 254
917 97
808 504
624 503
743 150
951 129
280 97
23 961
182 556
757 224
32 726
237 526
511 565
960 568
556 991
765 354
427 940
194 893
537 287
154 17
45 383
597 29
584 272
584 751
100 652
118 419
283 976
680 569
250 82
999 637
992 512
262 10
545 177
24 446
466 776
392 788
828 944
856 983
10 159
902 175
194 167
544 762
825 946
549 755
586 589
967 351
577 812
209 623
762 744
254 349
520 330
660 928
440 561
733 795
445 825
269 558
385 779
902 181
904 566
823 998
714 19
832 199
207 632
19 140
340 827
715 703
426 839
641 849
436 494
997 207
445 416
535 945
207 835
189 157
306 577
112 617
669 937
455 571
278 561
128 902
198 692
130 102
30 615
769 466
284 292
766 132
79 662
662 618
166 446
757 253
922 557
182 448
293 587
600 703
945 201
541 400
709 441
553 962
498 350
654 787
344 15
689 988
319 135
630 420
635 622
726 708
266 521
588 524
501 543
281 978
915 727
815 386
427 282
793 785
420 877
704 912
233 123
274 70
424 102
467 346
908 631
184 904
383 989
325 689
579 797
477 363
553 671
540 107
975 75
291 942
823 634
627 987
836 688
815 170
561 849
725 127
875 673
492 638
340 73
585 40
731 328
155 898
174 865
888 664
319 906
387 100
108 344
958 468
602 244
850 378
777 713
383 513
641 639
85 443
567 335
689 994
45 87
866 455
528 366
565 821
834 706
156 185
198 894
609 532
790 961
335 820
3 761
931 481
724 845
719 415
84 887
666 272
16 561
371 190
572 575
133 17
124 769
26 870
611 353
545 460
69 202
910 478
584 228
785 663
689 775
901 790
733 101
169 795
248 162
970 391
263 220
892 982
577 203
360 583
58 190
638 286
474 524
519 967
496 348
865 846
624 163
601 519
447 293
206 11
560 112
265 761
365 365
818 760
656 664
607 545
237 491
975 838
116 45
70 961
570 992
648 68
804 251
709 57
626 60
977 62
943 813
437 813
807 40
868 610
789 477
709 407
855 254
848 711
25 503
245 106
14 985
908 626
46 271
934 70
854 852
839 629
660 38
775 410
99 78
798 584
184 560
689 576
971 864
3 289
513 710
700 115
376 827
698 947
871 873
516 275
631 772
633 589
906 788
35 773
858 180
601 582
759 709
756 997
348 523
387 909
537 169
807 528
368 479
757 450
533 506
279 257
609 919
635 327
410 723
268 926
387 277
393 552
195 107
566 565
27 729
945 678
456 742
358 797
330 955
706 132
695 378
393 488
711 262
588 656
697 748
801 790
487 923
329 142
58 461
547 815
445 402
52 57
297 926
536 653
895 748
261 60
277 507
115 343
792 246
813 968
106 219
912 7
496 485
806 993
691 43
45 341
992 298
718 358
37 812
543 275
812 411
194 96
92 110
286 896
909 112
645 62
744 747
392 265
564 93
369 325
690 48
128 97
185 540
201 760
328 237
943 659
211 917
964 591
847 613
671 375
71 626
363 487
606 607
201 587
851 992
34 213
445 872
21 553
40 41
281 860
186 27
462 274
429 252
781 307
784 477
835 724
37 581
787 467
546 415
150 770
874 397
574 640
207 767
195 907
828 662
826 517
595 704
356 503
820 417
680 418
194 317
189 630
415 380
156 31
537 974
458 231
642 5
199 497
350 423
410 821
840 299
418 813
614 115
785 328
119 970
466 598
248 12
955 649
915 77
230 666
183 681
705 632
184 708
245 929
288 454
455 579
996 516
383 156
713 856
824 824
839 159
49 630
541 291
903 48
821 34
323 863
762 643
788 436
882 248
123 944
753 65
639 736
919 729
724 195
804 854
116 417
325 721
501 7
300 385
638 905
360 567
323 186
331 41
722 435
908 295
286 324
465 31
343 83
250 317
644 55
934 729
280 346
46 380
424 549
508 534
109 755
1000 814
116 907
153 349
964 93
152 344
297 36
637 579
399 228
662 928
166 379
847 400
752 737
847 601
463 183
277 910
875 622
667 379
852 376
569 95
282 667
441 400
2 456
161 456
467 139
325 697
88 285
743 830
6 170
407 737
118 278
564 382
962 921
532 749
449 380
768 845
786 347
683 720
933 44
595 375
715 677
893 111
864 653
179 686
721 476
444 58
205 602
1 204
370 21
258 297
91 456
287 389
247 247
20 523
730 605
166 407
408 851
109 540
495 152
8 104
746 358
756 547
519 331
299 895
36 214
980 863
515 749
1000 691
227 126
736 339
855 630
447 826
655 904
807 229
130 15
565 938
55 518
744 844
238 82
254 197
470 724
739 443
22 196
135 831
162 125
259 518
719 745
999 935
344 781
478 187
514 479
927 330
793 703
849 141
184 466
956 450
926 550
737 924
724 293
382 875
702 972
742 759
451 498
256 648
676 988
858 587
62 727
311 489
583 85
23 194
854 820
805 404
742 522
413 934
669 986
364 235
809 796
377 122
876 818
699 255
843 588
837 571
844 699
863 305
204 327
419 288
553 850
141 40
961 48
155 889
659 403
262 400
354 145
858 295
619 755
421 470
914 869
34 61
895 391
832 925
946 3
55 163
392 380
876 206
179 29
828 288
754 605
603 186
236 700
492 675
139 987
602 156
874 454
353 825
833 131
300 620
128 461
313 926
399 244
202 571
865 314
875 820
45 810
764 315
154 179
206 592
817 907
450 329
919 496
605 817
963 112
708 160
122 726
877 15
307 493
908 225
321 843
388 856
665 740
912 26
848 965
405 362
902 546
988 327
694 929
476 598
970 842
186 688
845 18
713 761
565 823
533 33
142 944
284 491
997 838
57 350
788 978
140 643
975 351
925 675
23 712
454 613
117 76
533 914
263 217
548 479
675 708
63 380
282 6
82 445
330 5
125 508
978 567
525 402
106 446
910 431
636 41
702 841
983 196
225 948
620 720
821 516
437 67
246 681
316 695
683 703
713 655
784 993
299 843
786 892
839 449
70 746
213 860
631 17
605 225
657 556
82 596
551 915
654 778
893 793
890 278
658 650
810 732
31 703
288 949
829 35
323 523
206 435
608 714
71 600
506 579
938 710
422 56
748 485
608 3
170 412
784 573
621 544
613 56
332 209
784 382
249 700
927 206
961 510
147 367
144 809
954 298
964 98
980 885
133 147
853 15
538 500
569 77
532 526
875 763
825 244
845 504
676 988
819 211
206 391
102 525
15 818
228 325
969 360
898 539
981 2
1000 439
425 232
182 430
802 552
955 809
958 179
107 671
546 58
312 266
505 939
989 170
609 729
215 751
624 958
901 69
488 230
977 979
432 650
459 659
786 161
733 763
696 249
513 641
558 794
440 629
639 543
79 315
6 283
932 390
467 189
472 923
731 515
711 380
196 51
157 192
957 944
546 376
971 49
423 270
586 237
954 737
350 673
346 390
763 956
310 199
821 431
591 271
329 949
147 885
460 767
959 464
661 895
758 552
942 807
933 160
908 265
513 992
976 492
493 583
480 794
66 876
621 443
404 745
805 855
59 621
311 631
889 832
110 366
508 730
201 512
924 63
382 997
810 885
347 490
155 263
134 770
616 317
108 566
402 533
805 560
249 141
699 953
23 460
141 553
160 106
829 569
154 194
493 499
533 236
693 524
323 378
199 31
537 160
732 470
434 392
337 645
408 619
192 655
719 243
228 607
200 691
144 887
358 958
113 115
555 159
50 158
469 828
361 798
825 770
792 236
331 931
354 256
729 387
884 668
770 446
737 944
376 650
903 383
191 937
563 407
331 36
657 260
664 575
321 27
378 324
488 588
316 905
410 799
39 567
106 640
879 65
499 472
884 464
693 924
812 305
595 382
258 783
351 653
813 589
123 536
889 462
923 5
41 782
536 724
840 780
717 955
958 860
779 689
798 682
834 210
633 914
602 16
902 323
830 555
983 869
180 832
927 395
655 478
239 746
173 108
208 157
1 882
594 956
231 117
89 425
396 885
164 357
180 878
657 241
269 699
805 387
630 957
303 591
178 714
574 828
322 263
511 246
175 408
220 711
917 670
663 658
216 731
436 567
734 335
768 45
684 1
981 865
949 311
150 546
588 723
459 668
106 212
463 892
65 858
343 718
422 956
659 926
987 724
55 710
80 88
478 327
859 874
8 46
226 275
92 532
929 746
639 753
254 201
798 72
57 98
116 280
773 321
229 793
255 600
326 524
796 510
913 173
926 85
774 306
961 828
663 911
733 669
848 215
450 381
740 746
166 938
275 756
448 694
663 362
814 28
609 748
456 836
779 882
532 842
701 222
891 899
722 516
532 325
404 107
366 320
147 335
704 53
987 388
920 843
827 193
466 795
85 196
462 576
664 818
42 964
848 957
205 612
778 530
307 890
161 814
527 180
338 823
716 898
715 176
198 518
150 178
926 744
84 136
214 919
242 265
221 946
535 936
28 939
986 241
26 301
208 136
640 317
772 879
11 902
107 233
406 498
940 490
144 929
613 685
346 238
57 532
528 521
233 156
814 182
322 444
959 883
524 638
710 50
392 513
379 470
955 304
310 580
463 517
251 783
145 983
222 696
481 868
972 544
334 103
418 876
911 186
475 267
569 790
83 880
277 574
77 85
845 755
488 841
910 851
34 202
371 809
597 338
118 732
695 373
214 684
902 293
255 935
400 411
738 672
884 465
455 77
834 112
642 690
193 11
976 199
291 167
827 969
890 740
153 693
336 367
225 971
215 279
403 953
858 692
825 228
196 69
290 391
425 169
532 133
624 977
365 646
616 197
234 370
729 510
65 764
853 551
864 221
28 813
97 223
512 874
888 430
342 630
186 726
501 233
105 286
610 329
380 870
80 360
754 265
433 774
378 842
958 974
334 944
740 889
528 365
219 371
77 219
231 182
974 590
611 260
329 344
399 976
491 554
693 80
628 857
265 625
450 291
322 980
630 615
402 356
354 836
114 919
786 605
558 362
204 966
261 924
304 885
457 74
85 595
676 178
398 950
324 263
537 119
255 444
735 228
685 225
230 390
274 474
676 556
70 417
893 345
923 973
362 74
17 964
652 46
217 515
778 463
530 142
529 574
912 962
331 956
201 106
422 554
382 257
521 977
155 910
958 4
103 738
556 558
146 358
764 467
805 145
281 306
192 127
154 53
187 19
257 775
182 856
112 377
508 685
14 661
345 322
791 666
634 901
344 309
30 757
912 219
485 287
860 946
151 44
768 107
823 170
227 390
534 694
416 161
74 54
46 902
65 578
280 763
280 493
898 261
68 572
180 147
548 348
209 757
569 196
701 561
55 386
707 863
42 675
49 820
386 373
390 32
759 749
535 50
697 71
872 813
654 530
965 496
357 957
437 499
789 708
31 364
260 774
528 984
780 890
682 853
56 33
572 793
168 79
875 713
742 158
73 228
447 434
851 402
272 968
684 86
387 30
243 201
824 276
501 922
439 81
721 595
186 475
15 141
748 311
10 805
54 901
546 624
937 534
209 392
68 783
899 63
665 59
864 297
871 10
5 967
396 240
736 996
852 197
219 721
280 591
844 814
118 711
423 766
150 57
987 263
224 836
237 980
90 821
356 842
15 722
90 28
751 8
632 33
140 970
957 908
884 807
721 494
833 936
819 716
333 841
205 39
527 866
701 484
775 324
472 279
907 579
781 389
80 264
62 704
962 841
251 462
428 370
749 108
330 237
857 183
789 418
795 283
346 134
702 204
358 451
994 631
977 90
268 114
889 882
750 325
156 314
339 621
797 312
580 21
502 152
621 67
964 722
438 92
414 962
780 470
685 329
593 199
226 373
28 776
171 871
696 441
443 503
444 508
975 162
128 477
811 846
741 837
873 240
95 515
365 294
976 978
24 721
528 204
98 776
933 675
586 581
450 139
164 482
215 513
951 941
992 152
84 178
911 865
712 916
154 666
932 593
544 259
272 265
574 290
663 437
41 250
838 997
537 821
104 685
335 777
745 968
651 367
416 9
301 801
994 621
448 259
909 473
379 273
305 341
439 2
421 639
37 810
25 887
570 561
812 776
506 418
420 957
725 568
281 743
40 639
510 445
582 501
549 293
124 428
699 835
504 17
947 584
33 803
967 990
476 499
131 79
284 874
449 846
541 491
72 905
701 752
502 203
372 412
582 455
942 202
51 521
504 416
146 647
114 273
854 924
208 776
290 419
220 232
234 21
460 260
614 813
791 310
918 566
163 159
41 661
780 50
890 584
473 163
730 497
330 81
270 685
74 596
207 233
617 822
540 538
497 932
296 573
421 559
119 28
411 315
154 265
93 75
834 776
381 766
664 166
568 720
57 236
805 965
279 129
252 140
347 159
926 66
855 559
138 518
540 254
322 534
751 948
689 604
393 17
990 767
71 741
817 544
581 274
622 43
329 180
843 375
200 675
727 254
840 151
889 641
918 355
777 854
446 318
662 810
947 736
865 607
752 752
552 38
39 852
949 110
327 162
419 413
881 511
44 779
596 659
504 791
137 87
202 329
829 687
519 52
447 417
102 386
763 573
621 563
956 326
34 207
560 351
459 822
789 983
770 830
803 144
755 978
147 220
331 847
763 389
794 253
218 375
136 473
139 634
651 105
281 659
516 225
308 105
625 546
388 660
839 93
469 695
690 803
546 954
671 585
287 914
532 456
698 846
642 639
52 52
877 942
554 358
732 766
56 720
34 296
570 836
252 455
326 658
34 835
36 44
513 241
983 320
344 608
348 554
554 939
232 913
220 203
413 965
816 897
879 496
99 494
213 569
825 700
392 518
790 165
241 963
124 959
548 843
873 992
22 499
707 129
118 17
282 846
564 396
548 833
723 569
278 979
38 212
958 880
344 938
446 310
793 938
398 63
786 527
834 124
775 981
27 364
800 48
206 676
613 187
108 786
747 211
760 961
418 134
778 333
261 7
120 913
325 976
943 860
680 148
955 648
401 460
512 63
543 509
396 174
178 964
222 92
954 763
41 300
180 667
780 526
944 87
976 125
483 548
817 750
783 710
371 638
226 833
965 649
842 314
489 290
337 86
897 705
188 656
470 862
807 922
885 490
795 284
557 441
319 954
956 826
238 855
526 887
122 879
897 446
638 207
965 560
612 208
702 246
68 346
236 245
725 574
62 717
50 420
648 696
86 692
828 757
687 751
127 158
839 819
76 265
83 349
977 732
680 255
405 805
653 37
526 57
859 368
254 144
727 521
609 592
930 226
997 712
728 580
651 213
124 990
178 733
182 319
607 752
370 725
348 13
264 609
363 660
593 5
108 728
19 684
655 174
820 274
51 924
354 411
658 459
301 555
250 257
882 118
93 194
832 899
569 943
493 974
386 730
110 845
312 683
900 263
729 601
250 469
990 202
824 71
552 750
7 567
553 214
994 601
652 849
985 864
350 153
476 712
303 313
640 900
249 653
999 417
925 574
369 765
919 730
171 505
950 909
781 394
187 404
463 505
909 741
437 36
973 808
805 695
160 912
361 913
739 778
41 544
336 729
304 785
173 678
821 881
60 539
807 585
297 246
994 942
752 727
40 346
674 715
494 937
354 18
271 259
478 474
104 372
434 192
197 155
803 229
510 223
231 35
313 639
147 543
323 6
756 636
656 574
236 430
299 168
484 694
284 676
701 505
245 13
28 54
830 355
886 720
282 963
981 964
999 749
826 486
696 749
313 922
369 684
443 301
326 894
189 770
169 541
594 440
706 506
363 531
728 517
672 848
892 577
266 315
995 792
84 431
430 745
729 306
957 975
23 238
873 112
110 217
52 176
596 269
239 708
36 920
227 130
799 350
80 538
652 927
415 360
549 38
658 628
137 980
482 486
727 273
199 756
925 973
532 622
612 351
241 596
402 34
969 291
239 901
845 94
250 571
201 719
69 879
937 87
206 300
416 295
409 530
649 609
734 913
699 256
612 391
926 812
436 307
95 456
756 576
888 326
908 787
640 497
209 902
446 664
36 438
5 52
951 691
686 382
741 656
580 189
442 782
760 137
458 538
636 792
789 304
692 868
358 584
941 752
793 675
531 285
387 230
770 773
171 223
194 949
164 524
698 463
841 947
187 31
951 908
948 309
390 262
867 116
848 848
41 324
987 91
936 982
39 339
814 678
145 363
507 238
412 768
337 85
401 250
116 126
892 889
45 400
26 84
365 234
925 139
805 802
287 525
323 165
63 400
321 965
305 493
18 808
564 176
222 526
652 516
435 337
222 771
12 455
900 733
572 769
203 164
19 614
640 341
776 495
372 433
109 17
14 501
1000 178
611 970
941 130
277 853
477 390
472 43
630 13
267 194
726 673
738 76
737 439
384 927
712 439
2 853
569 274
137 790
584 247
507 139
58 694
481 757
762 49
148 488
203 992
984 191
110 385
711 545
690 609
168 729
962 61
115 248
707 1000
741 381
207 593
52 197
456 700
623 649
904 661
907 129
634 536
381 946
64 845
290 425
248 911
411 984
95 721
278 657
699 1
415 948
641 278
763 969
763 119
799 294
689 24
924 781
121 17
666 445
961 910
371 266
600 819
511 283
864 340
797 256
879 976
57 749
2 719
407 873
665 49
268 38
5 582
249 165
852 876
334 530
749 751
21 130
996 567
708 315
672 655
100 136
299 122
776 685
171 236
403 862
187 926
117 649
775 137
268 431
294 534
26 799
158 674
946 810
19 631
47 375
966 852
402 299
792 541
551 960
711 202
2 668
80 719
447 922
91 989
769 132
193 408
78 559
779 144
247 702
400 33
567 708
80 317
736 198
686 892
646 517
156 519
643 120
724 259
191 101
862 837
391 876
478 727
557 344
577 900
540 775
737 338
817 312
310 364
431 133
470 915
197 945
910 741
326 393
909 436
239 719
995 630
4 822
51 6
20 188
550 755
620 238
809 987
750 507
423 464
815 549
433 644
197 975
768 905
636 590
410 134
767 611
374 640
496 704
514 560
611 790
823 163
45 409
874 669
819 449
195 725
359 660
681 768
699 107
124 823
691 41
13 697
438 380
428 908
80 43
662 546
519 213
836 277
317 911
695 257
78 282
625 393
775 314
10 674
767 163
539 310
450 141
287 985
849 316
649 10
455 710
584 609
353 647
887 378
295 801
772 630
435 100
133 450
572 483
104 810
984 363
953 815
129 616
916 527
858 617
257 926
88 935
888 16
312 329
546 451
767 5
786 855
157 440
383 124
784 763
32 732
379 955
757 524
965 416
185 756
845 619
35 973
713 759
520 28
699 59
454 665
826 185
115 67
397 288
209 296
174 23
974 255
692 741
108 246
622 778
706 81
2 716
717 568
405 813
924 512
618 931
617 634
9 432
510 396
776 322
378 264
382 223
414 830
417 146
242 147
81 272
558 417
594 760
584 453
392 303
461 526
91 654
194 253
859 720
679 514
884 182
588 143
820 565
991 353
174 641
892 547
925 144
118 458
228 196
578 297
309 48
696 39
940 999
735 45
262 474
56 695
441 544
270 593
564 505
853 812
953 494
215 794
275 651
394 618
987 793
703 180
922 457
774 773
459 37
547 701
285 439
853 24
730 121
570 141
762 525
304 432
924 195
637 266
347 117
606 701
622 244
906 273
956 881
788 820
61 725
718 907
445 647
208 924
683 588
309 751
880 418
947 834
696 730
460 736
532 479
369 103
108 993
229 19
986 829
591 284
331 875
641 737
889 791
919 320
552 849
283 882
561 239
384 362
114 717
93 283
658 269
26 33
885 565
472 841
902 600
710 125
763 695
768 621
208 314
86 47
429 84
421 699
456 374
75 858
959 318
214 698
108 122
56 667
167 310
600 803
538 578
993 518
284 537
137 459
58 395
171 853
751 542
292 614
277 728
810 583
926 790
569 6
662 918
160 811
177 810
635 660
357 23
327 225
458 651
752 785
227 796
595 467
896 326
644 827
863 292
665 924
644 246
300 420
131 876
380 868
786 155
598 77
344 398
85 669
913 118
676 451
704 721
95 123
508 670
448 915
963 639
568 242
350 357
573 827
181 564
943 864
840 287
418 980
379 382
181 512
791 374
361 259
659 750
545 559
711 409
358 85
453 442
662 643
742 496
307 579
346 962
153 743
288 16
36 507
426 971
250 391
395 414
948 452
118 928
90 265
916 133
819 993
780 941
285 985
887 427
632 792
369 792
55 565
494 739
140 213
172 714
280 544
927 121
606 296
464 458
294 970
903 541
246 390
816 937
350 965
425 622
431 670
36 233
633 704
471 141
709 5
876 973
634 878
92 472
578 357
542 2
391 26
10 456
510 362
990 573
289 299
7 130
212 402
321 236
746 517
492 968
718 173
349 753
425 927
277 51
637 761
566 581
501 150
582 876
148 848
102 646
758 85
37 349
746 997
248 968
468 444
545 671
414 778
778 457
924 433
951 14
322 601
168 726
739 68
661 793
65 314
956 129
740 265
179 267
535 314
744 101
720 406
380 947
296 862
513 36
655 277
233 82
698 441
309 626
903 980
657 588
975 323
51 314
652 129
577 496
487 623
424 689
66 407
421 74
59 673
910 844
243 33
948 1000
238 975
188 478
336 509
757 95
683 323
821 481
523 328
645 828
53 173
600 557
734 788
614 612
184 863
879 744
327 684
256 674
651 389
836 318
380 719
453 870
418 696
222 627
663 90
819 751
232 954
202 334
313 287
709 689
139 416
819 351
59 414
32 950
912 286
196 106
295 168
952 252
451 318
888 745
381 526
239 37
180 712
857 354
313 955
94 496
366 679
307 681
891 743
839 791
892 436
417 981
148 149
169 921
557 873
477 454
978 782
13 653
558 845
323 34
104 819
283 498
850 651
190 712
55 268
839 738
246 366
814 450
844 515
855 986
874 584
837 483
245 331
104 836
856 473
347 589
738 597
969 643
276 208
532 671
765 757
835 448
217 277
695 290
446 516
277 944
741 241
299 877
101 907
465 471
171 442
682 962
690 726
344 496
258 316
658 488
878 697
691 500
626 788
170 774
318 198
431 737
961 784
420 848
667 131
840 503
405 2
784 630
936 24
461 166
736 141
447 684
857 688
613 996
724 844
889 712
593 259
636 165
688 883
672 93
951 856
423 339
925 277
912 507
280 881
775 51
708 107
413 353
705 88
186 65
82 652
302 296
445 406
591 249
879 622
714 701
308 437
476 116
980 389
951 254
774 326
566 941
984 572
541 936
915 200
271 186
392 414
332 159
128 300
24 97
604 200
473 706
184 948
709 78
594 214
998 210
864 325
416 347
417 609
191 580
423 62
368 324
982 170
566 509
478 153
144 545
49 120
26 568
969 645
200 73
492 520
425 356
924 743
216 34
134 375
87 890
407 132
708 443
959 666
983 681
278 934
914 312
21 177
361 789
687 18
718 70
419 135
881 72
439 191
163 884
538 200
797 491
487 651
283 978
530 82
642 452
906 687
218 449
115 1
431 915
759 594
512 557
274 383
962 47
852 315
392 713
934 640
940 791
433 899
668 491
40 410
111 801
350 877
47 373
852 280
179 311
683 775
835 782
219 74
252 505
317 944
787 683
568 557
829 223
60 289
193 302
424 585
374 843
769 933
429 64
835 991
358 12
205 676
957 436
505 526
441 142
67 559
716 418
777 232
584 274
47 223
310 795
163 427
531 728
681 417
518 260
49 704
494 771
726 589
949 810
363 634
899 568
257 598
70 971
33 956
848 54
252 978
293 552
545 559
544 129
412 724
677 251
382 15
202 242
273 445
29 64
313 57
345 313
527 711
943 532
918 211
187 58
271 746
455 650
937 824
183 913
25 937
212 269
378 769
576 894
79 848
993 768
733 366
590 908
897 943
281 791
207 484
259 384
431 69
334 842
878 997
935 162
842 874
873 466
173 228
201 90
671 16
811 807
851 199
654 533
116 374
950 228
598 996
846 112
229 545
353 622
103 237
249 564
388 283
58 950
59 244
364 156
671 588
46 641
475 680
539 446
869 824
903 573
830 746
335 76
45 430
569 892
760 152
568 285
540 188
841 954
540 749
835 525
659 79
546 13
15 645
26 61
881 216
312 56
203 865
175 609
293 972
755 151
493 634
167 878
719 535
854 617
31 147
126 435
303 620
76 739
792 690
247 436
858 206
738 381
393 607
594 453
340 975
351 662
546 481
345 27
316 275
445 302
138 487
127 957
780 275
711 226
48 623
619 92
51 814
11 911
375 659
445 609
729 329
289 489
728 54
259 121
765 240
663 478
670 326
372 208
872 332
262 553
743 815
823 887
453 310
891 2
945 266
960 342
478 933
340 724
241 440
242 668
249 446
945 572
763 355
56 97
54 836
52 12
538 49
1 109
572 85
469 540
879 463
178 206
628 934
113 78
698 287
38 679
720 328
880 900
424 432
782 746
389 904
986 133
758 372
982 772
691 955
272 97
463 789
570 290
712 602
180 767
231 554
979 218
545 870
543 419
648 411
502 823
655 95
714 778
156 989
655 281
613 271
54 868
136 408
274 363
506 211
719 563
7 910
818 455
233 325
556 316
723 252
285 352
849 552
481 428
740 581
17 97
799 14
452 576
800 237
826 740
243 285
501 527
271 626
172 761
203 881
921 442
201 583
675 48
418 422
233 613
508 482
273 663
867 68
73 505
101 926
231 219
453 985
985 540
500 367
233 158
2 223
278 215
335 865
604 625
369 300
261 721
13 422
310 663
869 666
751 160
721 420
539 250
417 406
364 26
351 993
431 232
807 174
861 987
613 767
153 188
586 944
503 475
635 668
684 410
331 951
979 238
287 417
648 185
469 382
246 721
376 662
208 641
364 860
777 79
111 878
250 976
316 448
595 704
752 12
393 996
774 175
596 318
842 900
19 375
802 906
133 694
519 28
47 78
192 607
305 647
487 94
272 437
187 282
704 984
938 770
654 233
149 889
878 909
236 33
212 493
484 610
833 47
984 608
504 679
224 725
169 74
588 392
253 508
580 977
104 329
208 984
906 341
576 590
830 310
868 45
990 326
699 375
619 883
261 990
4 966
8 746
566 760
735 533
490 883
327 96
157 708
441 520
478 566
216 37
773 18
946 111
725 460
530 467
353 911
376 715
404 453
393 272
380 598
77 114
89 626
973 517
766 11
417 563
484 198
445 895
298 864
30 337
228 653
877 765
563 419
719 217
952 532
417 261
85 946
4 767
661 396
110 755
527 964
134 379
25 659
865 271
138 541
897 791
938 67
888 667
109 137
964 184
668 885
872 401
156 430
433 699
111 250
222 787
53 358
997 279
519 295
1000 279
737 424
173 763
372 313
826 943
416 715
138 254
442 393
308 836
681 700
970 538
414 985
874 258
363 904
506 810
412 527
315 112
628 898
707 640
668 485
43 846
946 171
459 636
683 163
569 447
946 303
843 57
567 82
771 746
138 425
765 462
962 440
341 149
56 628
541 808
207 875
412 401
119 513
478 451
72 458
27 448
159 849
335 555
58 918
432 909
440 585
942 229
516 374
61 699
434 796
158 954
999 412
133 769
851 602
323 775
701 220
918 526
87 319
924 592
796 768
828 467
196 251
749 911
444 198
217 186
512 776
425 161
312 641
1000 260
513 44
914 153
103 210
2 608
490 782
278 313
554 466
55 880
483 784
456 368
941 701
251 419
469 789
659 133
183 106
949 220
270 254
116 905
409 973
940 913
157 252
774 729
10 561
573 598
131 306
923 487
854 519
428 84
265 522
455 794
281 327
933 680
904 65
616 796
422 818
982 358
433 374
924 285
235 131
662 200
772 49
543 492
858 658
118 692
650 865
420 117
807 933
962 608
601 117
316 918
719 9
209 690
769 342
945 907
179 438
327 413
127 373
586 608
599 83
514 2
765 153
834 26
795 682
437 288
259 660
673 159
346 804
655 190
330 417
200 131
261 438
130 687
393 78
634 433
508 573
274 499
476 721
392 887
961 404
443 785
818 258
798 937
476 592
914 75
963 69
712 167
832 992
956 935
843 99
623 576
546 707
216 984
613 795
539 936
794 769
918 560
451 296
39 427
917 318
112 495
705 175
144 182
175 18
462 787
694 65
13 65
513 24
553 213
592 155
667 718
869 233
106 519
571 768
281 232
128 41
948 153
689 162
879 402
936 992
394 864
503 697
631 708
749 534
796 138
665 914
836 621
137 70
2 82
253 570
572 837
792 542
116 781
364 6
102 541
595 365
583 509
955 670
116 60
228 207
685 429
843 287
868 445
586 849
295 996
522 346
318 263
172 818
216 37
354 751
932 784
103 456
440 562
410 114
1 429
993 429
76 275
253 329
169 137
254 167
411 529
369 579
285 734
789 28
1 410
291 262
656 987
494 476
144 109
940 469
251 997
280 275
969 91
280 848
122 130
684 991
244 136
689 285
245 764
65 145
722 656
427 737
488 989
912 144
864 285
473 325
981 76
474 507
754 327
663 881
624 388
787 117
123 534
278 2
511 593
41 230
12 995
841 46
227 996
640 105
58 52
587 635
138 180
366 291
524 356
758 623
70 454
813 328
908 603
255 86
315 651
77 21
886 986
473 834
885 290
956 164
129 582
193 72
275 680
194 676
751 666
781 708
946 844
836 103
287 817
801 310
560 637
836 837
990 167
111 799
432 421
380 337
766 544
783 449
655 16
790 242
148 289
144 444
601 999
874 891
646 638
479 136
49 827
142 779
531 334
48 592
40 826
246 482
950 142
627 64
445 525
366 96
547 6
642 688
658 342
155 635
319 810
52 253
962 761
835 708
731 489
798 130
778 843
925 990
976 408
263 591
335 568
323 684
84 890
656 418
497 533
464 146
867 402
774 678
599 946
719 67
565 694
170 643
257 816
436 313
417 701
910 86
57 155
323 529
285 245
497 650
719 642
650 505
769 873
772 953
404 633
656 168
118 582
477 212
524 175
379 687
626 262
160 104
641 292
703 445
735 899
64 288
286 947
157 294
141 686
706 659
625 919
153 479
33 984
411 33
168 415
880 53
531 221
362 593
161 884
668 354
58 855
866 900
470 377
363 286
779 957
621 927
137 74
43 664
211 326
372 87
452 808
86 577
191 702
916 454
607 999
862 619
722 602
435 462
748 410
404 98
455 630
698 628
569 558
32 376
636 283
457 24
752 299
443 524
726 118
733 801
323 60
67 675
53 981
825 763
45 608
381 426
624 362
106 637
631 218
226 414
421 413
544 689
816 770
329 971
242 271
755 966
493 761
343 218
719 903
436 586
635 185
236 270
719 703
533 464
926 222
757 112
711 594
4 716
373 948
98 556
196 664
142 58
319 745
594 740
635 586
339 656
122 627
336 709
390 754
178 327
45 883
803 462
944 317
656 739
197 680
355 477
82 252
463 290
977 632
973 955
346 970
297 578
350 166
677 785
659 209
290 520
406 697
648 713
762 735
521 957
658 382
920 45
695 965
420 763
337 87
224 763
748 220
26 996
542 373
37 468
30 110
919 468
44 704
593 729
867 758
152 169
181 957
400 81
995 468
489 143
879 478
112 188
130 632
272 51
445 737
323 844
794 867
174 15
46 165
947 462
746 787
487 655
571 979
216 603
633 246
646 471
393 916
123 474
82 541
984 302
747 577
246 61
752 569
619 537
376 462
336 56
169 849
473 158
515 171
500 575
700 303
578 861
47 12
170 197
570 806
272 463
294 116
923 275
946 326
4 3
511 6
260 426
251 623
559 602
43 66
748 481
256 732
872 663
899 398
386 178
569 366
884 465
32 755
560 891
619 809
711 11
422 465
260 780
124 164
346 456
558 312
749 376
467 916
58 511
891 118
227 222
349 575
807 323
269 289
192 924
796 130
686 632
329 152
544 917
426 188
870 655
518 181
282 778
837 738
375 469
845 416
29 159
632 198
30 798
926 393
272 128
233 158
534 899
769 158
748 573
234 35
438 738
347 709
772 774
432 521
172 877
495 397
384 913
661 486
475 300
972 692
265 130
279 219
947 666
35 261
179 604
264 863
684 886
248 115
415 949
862 745
78 747
972 908
288 926
18 692
116 112
343 13
517 746
432 978
528 465
176 240
958 799
923 469
822 659
375 306
263 329
58 135
72 430
783 859
681 451
946 306
252 876
973 396
273 365
835 859
840 857
486 129
144 582
709 120
106 710
855 742
610 680
945 252
895 596
303 89
727 447
797 846
832 66
34 453
214 940
281 648
400 820
929 478
506 63
934 223
524 571
580 918
313 808
570 463
600 509
6 140
596 559
704 56
152 890
312 991
774 358
831 375
39 100
449 441
328 667
651 989
720 448
783 327
357 441
683 835
159 844
318 86
515 871
822 260
752 388
4 942
385 996
788 913
224 299
697 234
42 388
116 438
985 500
910 596
751 721
751 136
223 248
697 162
840 942
54 108
894 970
753 392
541 677
163 677
670 825
258 593
943 233
512 725
610 395
989 579
865 247
60 989
932 907
411 190
843 852
36 449
233 128
432 911
690 6
535 969
841 406
246 217
384 660
397 427
899 680
568 657
702 595
206 38
764 133
971 328
898 469
443 797
937 602
734 651
171 985
716 119
951 615
378 514
170 238
32 158
639 590
155 923
599 516
797 432
906 10
445 375
569 95
454 847
361 888
358 900
36 262
503 712
970 122
771 553
141 698
111 275
705 140
345 456
244 431
929 560
751 583
946 228
316 491
23 365
868 91
60 253
480 909
281 90
155 464
508 542
767 310
432 355
893 109
218 791
185 541
322 907
314 40
650 697
191 833
477 668
438 323
243 894
950 868
777 442
132 497
502 762
209 173
108 242
285 679
775 581
38 235
941 226
504 569
636 628
849 822
88 923
612 339
583 904
972 583
620 103
719 275
279 912
212 560
175 212
443 344
312 317
596 738
656 743
9 184
330 803
804 737
601 473
790 186
124 924
239 945
392 356
488 300
120 527
376 322
653 227
260 967
467 262
80 766
448 912
418 330
553 738
376 502
692 279
428 624
451 157
589 972
665 161
706 911
814 495
102 162
662 548
452 444
690 972
317 221
265 355
524 525
558 669
975 557
813 529
116 846
150 179
932 46
437 199
267 733
638 402
508 628
682 4
713 987
578 991
316 665
835 652
645 68
169 381
986 282
683 624
714 558
558 222
576 337
789 881
661 198
953 634
84 857
895 737
684 269
166 441
202 827
805 218
750 560
566 980
578 577
287 889
552 229
84 496
257 271
44 825
252 893
103 411
215 592
286 163
603 263
31 626
327 307
266 539
671 920
500 639
823 207
202 79
159 348
846 845
787 98
913 290
56 947
116 452
979 486
930 665
109 286
382 236
43 812
949 341
84 345
732 197
237 224
184 470
249 521
644 187
706 417
381 945
87 28
114 118
251 688
979 68
792 233
866 728
523 135
664 318
904 28
809 167
76 173
918 48
397 463
861 834
132 307
1000 583
356 434
604 648
850 311
805 932
948 560
122 755
580 401
607 318
666 612
987 588
368 969
582 498
437 693
219 133
526 892
934 554
913 929
915 402
879 382
303 877
611 725
917 589
739 496
421 783
243 891
178 330
451 950
495 615
73 892
738 978
995 92
60 965
644 480
843 589
983 71
108 436
535 110
890 660
169 194
581 75
154 224
98 533
234 233
343 91
94 414
916 577
39 657
442 888
304 622
966 311
558 869
20 443
536 411
648 275
998 211
999 34
71 408
483 830
845 247
208 316
63 297
274 579
752 192
25 812
500 410
715 632
299 25
506 623
841 381
360 937
3 609
981 831
955 301
154 912
527 474
499 296
633 443
767 367
79 26
2 252
61 933
684 441
335 409
316 629
50 538
553 677
689 153
104 113
462 93
180 34
449 631
187 972
832 167
835 788
345 8
619 396
6 380
997 177
395 997
662 702
146 488
408 660
926 42
410 735
761 160
539 234
193 11
303 629
34 258
365 94
885 3
538 756
1 313
618 290
996 861
44 143
97 794
703 665
957 219
792 210
336 351
258 222
729 690
150 165
634 470
686 677
481 853
386 316
262 229
782 14
45 428
127 99
731 310
30 613
169 85
226 142
841 450
333 942
332 972
468 256
959 236
345 825
661 807
874 783
5 700
644 222
235 614
609 66
148 618
488 156
421 304
289 521
362 178
733 363
538 978
115 571
805 135
164 8
942 768
155 658
64 704
493 910
413 870
682 434
19 566
242 21
190 944
866 538
406 619
119 578
333 413
442 802
738 687
893 741
185 658
697 598
16 284
869 638
800 356
478 596
639 691
535 972
773 392
629 172
953 424
789 577
744 936
37 148
391 338
900 351
669 110
762 819
903 429
438 711
659 934
530 355
998 990
101 599
264 233
80 265
751 510
249 131
664 689
800 423
303 17
111 558
252 936
707 548
496 648
541 78
684 165
131 96
2 838
76 492
914 551
754 186
611 177
280 518
859 464
686 931
804 547
353 910
512 398
452 80
598 426
539 421
318 797
445 993
235 151
901 287
680 278
985 934
110 342
397 170
519 760
787 877
167 66
310 707
666 713
259 72
611 720
897 656
533 753
474 261
767 61
338 340
797 461
761 545
752 736
514 917
654 374
734 52
666 429
585 101
69 24
208 459
867 134
5 314
167 832
252 722
82 608
354 474
355 613
333 991
245 722
780 70
153 287
754 796
156 34
191 924
957 190
940 221
256 35
763 911
43 340
831 476
986 256
761 598
137 661
749 917
592 774
100 635
351 639
110 700
123 255
188 98
599 445
116 538
945 204
619 86
353 575
637 112
493 496
991 372
463 630
592 961
603 650
782 146
79 424
940 285
471 613
702 305
482 308
374 383
485 836
393 806
71 908
928 584
354 883
32 424
802 115
580 616
192 654
188 644
310 372
663 5
50 762
48 75
224 877
835 667
430 277
176 69
230 40
652 497
424 605
633 526
660 824
764 309
54 707
593 333
276 133
739 877
352 315
717 387
578 673
783 374
724 762
840 769
525 678
800 964
203 402
241 654
352 927
551 699
782 864
907 242
173 174
808 305
813 954
722 207
847 385
165 64
963 784
314 183
888 397
837 770
337 811
723 565
147 563
656 13
836 481
734 848
197 555
781 126
570 515
607 423
464 658
606 782
250 246
805 442
769 929
451 93
739 3
855 91
571 453
344 776
146 488
30 285
855 447
741 146
521 163
988 992
551 475
151 411
729 711
84 517
516 582
473 415
777 289
657 562
366 922
698 412
704 642
524 676
600 386
242 280
761 692
119 812
116 598
684 576
503 192
106 320
604 937
274 595
232 32
334 555
976 903
457 575
97 427
432 76
376 799
750 60
265 285
682 320
462 675
960 171
884 798
825 433
388 446
775 914
111 99
996 389
355 613
966 503
261 979
156 57
379 669
841 214
447 471
821 424
804 248
222 989
718 235
525 579
354 56
502 293
184 91
539 878
921 234
543 901
370 190
360 583
55 389
192 38
17 450
740 473
667 447
531 555
972 266
239 791
449 850
637 724
688 515
525 575
498 578
699 973
688 201
947 598
564 534
180 620
85 147
285 344
719 354
351 952
338 930
177 808
721 618
635 822
880 75
616 328
226 953
677 804
661 95
34 734
485 839
334 489
206 779
224 874
739 318
947 14
39 917
459 235
336 568
500 319
291 19
411 965
952 34
91 531
658 840
836 468
75 972
266 974
863 348
899 897
410 944
794 202
868 538
67 293
901 887
308 856
801 529
473 525
149 294
661 338
582 187
668 790
420 638
424 86
288 205
584 332
450 219
298 532
416 57
460 546
687 116
449 56
402 361
856 262
218 174
588 405
523 720
264 984
255 153
882 293
311 142
998 932
497 441
475 356
57 994
1000 414
519 42
921 176
282 773
726 674
104 773
520 144
259 857
22 771
505 692
443 517
822 477
197 680
951 353
456 479
69 598
777 146
908 330
418 733
357 30
139 187
282 836
293 648
800 519
506 960
272 799
784 360
541 206
443 946
155 626
708 838
750 515
157 355
701 467
330 655
860 205
930 849
373 408
518 278
281 498
374 768
305 427
451 366
989 740
669 920
244 666
143 899
416 585
744 99
487 254
582 493
675 779
99 995
305 255
152 162
318 50
16 65
767 427
546 396
774 16
443 16
894 28
542 186
510 682
618 406
453 655
608 384
927 538
679 329
563 942
214 181
247 976
920 364
66 73
694 130
179 322
834 340
438 723
760 448
785 961
361 598
744 72
89 422
782 573
447 224
322 75
73 143
821 116
986 594
347 234
709 810
390 981
848 883
172 641
960 328
476 259
606 226
334 73
514 138
584 374
661 938
698 139
265 199
211 910
663 98
95 217
343 137
771 542
515 522
795 957
118 707
636 753
484 726
227 432
324 116
189 720
705 593
511 798
452 717
804 299
512 302
754 433
965 161
348 887
189 871
730 255
508 231
310 32
970 967
657 790
401 932
526 122
780 523
230 121
244 380
625 266
771 494
311 540
789 584
622 135
99 810
512 581
546 274
443 342
617 470
511 925
330 588
710 606
842 163
658 926
21 266
577 556
931 254
111 280
207 167
368 535
432 111
227 131
834 803
904 662
348 564
595 530
668 67
465 127
734 877
366 160
507 463
306 933
18 339
309 622
884 550
811 467
5 272
741 325
92 721
110 731
805 302
730 163
387 75
805 715
379 603
740 415
321 635
344 171
556 119
768 899
27 739
185 78
865 769
982 432
253 29
8 266
520 931
686 931
914 950
258 948
840 16
90 432
770 959
225 557
793 996
751 714
195 203
14 717
416 193
130 412
628 201
686 516
201 254
531 370
700 23
66 400
321 422
943 550
697 336
874 843
621 68
239 447
137 793
669 18
319 489
569 761
787 318
90 131
782 1
895 41
43 889
474 363
444 773
944 20
531 984
525 419
31 592
974 458
619 996
36 664
191 341
16 474
218 946
545 529
585 80
73 971
683 608
659 129
682 381
977 627
581 901
437 863
191 806
322 587
187 140
902 993
69 994
215 520
918 241
531 211
798 461
661 652
610 447
919 897
913 352
922 58
788 106
949 525
400 316
986 307
744 998
158 448
751 43
312 905
698 997
102 774
680 776
391 521
730 483
170 980
141 479
516 718
574 743
230 464
699 118
610 301
56 308
601 647
355 366
263 463
575 280
708 937
118 116
310 609
489 802
891 732
690 429
559 385
984 466
540 358
399 489
95 847
387 25
239 509
583 582
196 107
513 217
605 354
298 401
537 599
635 312
854 272
10 241
583 476
333 331
17 573
893 585
519 925
4 760
85 985
46 316
933 453
229 630
872 482
400 453
255 600
392 330
589 746
386 962
459 752
413 547
334 312
791 550
673 586
359 917
21 43
843 458
390 920
126 16
555 641
107 418
389 14
253 539
573 290
582 427
371 986
46 236
640 401
376 496
453 675
5 190
619 386
85 881
202 180
353 30
620 776
406 690
296 900
312 93
928 927
76 673
825 697
602 107
730 369
720 326
684 126
491 858
886 348
743 662
349 482
760 885
486 34
846 324
822 408
861 291
353 399
794 377
105 121
102 783
721 918
389 68
161 495
159 94
995 816
331 449
399 967
208 402
767 817
42 318
892 3
273 235
232 250
101 480
546 780
694 849
534 999
644 289
955 351
677 270
441 150
746 508
329 925
295 476
810 212
248 977
32 631
497 501
808 812
900 895
135 262
306 97
470 528
983 785
754 189
53 310
516 954
561 601
954 403
875 243
901 491
901 453
900 553
422 651
404 283
362 118
515 73
686 700
919 919
978 454
886 782
61 287
795 218
897 170
658 246
964 496
896 699
310 167
302 816
156 958
212 374
540 313
343 274
18 4
24 748
990 12
33 130
573 114
806 474
693 81
438 685
812 677
154 774
778 92
182 137
795 557
5 538
225 741
613 108
2 224
350 844
900 334
808 662
969 182
900 373
191 611
815 818
960 726
896 13
760 107
613 804
129 202
574 768
238 902
986 452
555 842
867 863
867 124
573 820
551 213
770 268
726 46
595 830
178 6
508 849
62 531
975 716
136 574
634 573
634 410
328 166
929 129
951 50
366 225
337 368
267 13
449 404
146 709
575 756
821 930
766 161
114 415
822 818
232 812
995 208
187 125
138 962
847 740
744 323
413 783
893 185
410 284
640 81
702 260
302 602
846 764
901 754
595 527
251 295
103 634
231 933
341 948
251 353
673 416
407 520
482 58
763 69
560 547
806 792
687 318
506 263
527 641
43 569
22 41
817 972
278 155
3 639
560 546
372 454
538 671
699 680
388 917
286 166
273 939
477 817
634 115
460 779
558 516
604 460
449 923
568 15
254 237
882 23
880 23
519 952
24 741
368 101
529 143
328 443
785 640
373 619
675 259
979 144
99 708
219 55
528 479
802 40
676 898
446 591
94 817
404 908
495 815
47 39
319 393
953 435
568 791
21 720
190 401
811 131
620 684
92 483
425 581
220 455
402 173
994 897
909 382
460 472
424 254
256 724
100 251
799 902
168 703
704 775
577 742
819 774
666 413
143 970
415 15
680 336
666 855
478 483
698 724
884 520
81 210
779 492
103 792
653 302
349 968
549 984
452 386
186 358
602 93
690 567
109 566
92 956
44 868
416 266
134 599
712 123
300 597
134 119
535 496
141 191
676 689
699 328
43 374
17 434
810 214
698 792
868 64
665 378
443 593
86 942
275 820
923 882
164 619
938 927
454 477
324 433
596 604
795 166
118 289
405 345
4 818
245 65
2 774
860 107
817 48
79 246
709 800
231 525
312 263
145 587
778 832
66 458
402 99
129 554
493 63
596 948
380 548
427 250
573 713
775 3
182 312
992 370
300 658
836 887
786 493
217 435
294 630
954 898
340 734
451 907
365 61
5 408
104 571
128 684
542 626
385 796
100 977
295 340
591 264
865 545
824 680
289 943
674 840
421 594
740 743
545 683
142 754
235 323
34 463
17 791
192 95
264 99
666 339
983 468
405 370
64 348
100 491
201 462
736 17
269 503
457 45
43 933
580 14
702 511
337 293
766 954
931 596
431 542
852 502
96 995
396 531
290 892
999 763
218 276
989 912
492 162
328 771
314 397
683 172
862 471
567 687
564 181
408 233
323 229
151 266
201 915
728 706
157 361
204 612
467 130
257 465
770 826
306 877
553 749
615 638
276 147
80 518
696 368
50 753
5 592
984 363
982 740
9 351
293 825
708 636
322 405
396 530
99 482
112 92
443 453
125 291
537 818
455 193
729 109
880 900
134 125
168 138
61 614
160 860
389 245
887 697
774 708
135 42
19 345
405 982
557 488
828 784
269 185
278 614
135 604
600 285
954 138
240 618
532 188
615 150
7 840
934 105
949 518
45 392
782 318
320 275
488 755
58 873
152 554
530 715
798 966
151 459
313 2
288 915
256 888
696 587
855 969
490 688
812 882
180 484
800 986
586 843
358 244
922 285
307 652
856 72
700 909
961 130
641 97
564 809
815 632
251 481
40 715
286 930
263 305
771 322
601 309
703 916
30 850
434 57
285 182
316 923
190 748
207 602
442 388
964 448
809 662
198 658
171 949
842 940
420 706
888 856
140 784
586 853
941 438
31 366
699 85
598 861
548 242
732 815
983 936
804 447
75 885
558 240
676 111
635 747
848 551
185 770
2 332
251 628
427 809
340 368
448 730
29 953
524 606
623 370
451 286
948 846
583 393
44 982
407 597
798 382
395 33
780 593
305 424
165 125
93 458
340 522
738 285
919 451
738 755
888 155
759 649
852 989
179 375
108 545
146 63
91 787
82 143
135 792
370 517
662 772
788 567
279 643
717 435
546 216
622 739
510 623
769 693
756 166
834 258
478 460
763 333
479 160
797 91
97 516
211 666
605 150
498 524
835 732
993 365
186 402
76 500
401 391
137 608
366 492
804 506
748 964
252 474
630 997
371 864
412 819
831 786
793 28
595 768
933 584
700 548
370 292
957 759
725 674
21 67
917 395
813 735
953 622
222 238
968 823
44 141
604 630
909 978
872 450
108 603
462 350
782 248
438 786
998 803
513 826
628 515
11 460
813 37
119 447
647 516
57 299
437 885
378 826
297 615
243 349
329 918
905 839
715 496
68 419
638 691
355 92
471 151
383 908
392 876
695 948
146 778
3 101
824 763
285 957
413 800
278 767
720 416
499 803
901 496
86 337
327 138
396 201
599 195
678 856
88 775
754 643
698 335
958 521
449 561
842 805
154 896
693 785
616 943
386 465
844 153
935 581
125 204
731 333
897 471
465 135
77 55
240 584
766 175
424 996
619 263
527 31
808 834
767 273
394 343
156 930
440 745
519 840
433 354
329 622
315 917
518 53
947 639
809 211
651 870
930 318
958 601
992 264
290 874
23 328
613 785
281 401
605 938
335 183
906 61
626 955
788 951
181 563
924 687
439 970
326 309
219 450
124 506
458 482
917 440
553 812
251 19
280 867
573 306
125 449
486 925
289 747
33 933
925 492
908 87
20 274
314 665
920 635
862 242
339 55
909 756
532 355
436 879
676 452
603 747
315 105
673 966
223 835
350 881
589 942
861 849
927 709
568 873
287 542
326 551
310 142
587 601
812 739
617 861
250 63
181 212
31 709
276 137
189 890
68 406
28 36
296 218
110 201
174 147
743 172
961 161
802 956
664 679
158 687
156 193
964 928
362 78
534 823
387 482
382 368
197 961
658 980
956 606
42 480
574 64
114 275
166 743
236 108
671 300
369 291
860 61
271 248
682 425
2 331
66 824
844 559
101 114
132 410
687 196
433 312
700 63
107 298
749 218
957 251
153 472
496 562
101 782
954 380
407 681
606 359
77 521
748 947
432 666
424 840
999 269
42 76
919 659
220 436
166 41
283 546
255 481
363 829
822 468
407 481
982 427
918 696
11 668
245 657
374 978
136 934
898 544
384 805
130 52
539 267
51 597
50 562
974 554
820 498
199 983
490 592
958 826
507 545
83 309
247 107
642 665
991 883
221 720
441 745
61 128
278 937
347 613
827 805
832 481
911 670
974 496
126 608
504 90
218 111
508 800
753 797
847 459
322 780
183 894
710 510
537 654
418 611
557 411
234 339
936 622
41 903
700 475
516 681
536 979
889 853
523 277
168 581
753 470
106 415
925 993
755 322
760 394
493 578
977 196
988 704
428 16
505 99
499 251
643 498
420 542
49 139
787 966
436 433
38 375
724 418
751 80
316 579
831 790
370 801
951 65
642 175
255 213
174 338
496 696
383 993
428 914
738 642
706 543
294 377
203 868
563 617
461 589
345 450
725 593
826 649
3 224
370 781
431 18
673 107
568 467
701 743
90 786
225 646
70 380
795 78
295 961
541 885
482 93
896 468
565 353
760 542
563 48
115 524
568 881
506 18
480 142
723 224
107 330
132 918
768 95
121 576
944 925
694 124
741 239
501 686
858 152
325 259
692 887
408 818
761 701
818 71
233 290
658 345
33 16
956 977
971 7
183 806
412 692
140 207
936 105
862 634
84 900
189 887
903 829
390 783
419 897
988 691
220 511
272 251
179 72
455 140
394 464
408 451
742 990
488 451
588 528
526 258
620 588
242 79
98 554
556 600
408 919
924 240
716 750
142 443
778 97
30 590
898 10
701 804
104 517
405 188
917 725
336 453
842 962
143 290
915 932
48 995
446 872
393 748
880 703
715 636
543 396
899 240
108 658
416 662
919 769
908 887
350 385
419 761
260 521
934 694
391 978
289 15
561 10
703 571
138 570
964 283
504 479
319 628
960 735
567 567
428 838
859 163
775 733
270 943
431 548
797 851
114 184
628 701
57 750
491 380
306 470
614 901
355 866
323 698
460 721
991 946
556 554
345 985
313 439
32 237
368 161
372 99
840 645
511 997
266 973
401 743
807 142
633 775
716 763
476 968
633 964
658 319
574 86
589 129
121 516
374 991
630 736
393 445
508 122
238 165
645 626
563 622
128 989
676 661
345 141
764 243
876 542
343 39
657 902
778 420
724 312
860 840
658 96
780 392
975 552
356 526
289 367
951 780
736 690
51 86
961 894
437 275
241 551
538 917
228 336
423 982
396 171
293 434
542 583
73 201
664 656
867 124
89 958
511 67
698 300
660 526
802 175
288 878
53 165
837 401
28 585
616 526
107 678
839 193
530 947
801 605
585 30
189 149
704 130
447 224
610 601
468 755
227 287
519 850
600 136
700 743
974 618
611 63
310 468
223 838
816 110
774 150
662 391
838 655
458 12
81 885
578 861
493 747
58 871
297 134
161 204
828 610
999 468
122 104
708 90
697 122
307 127
151 219
873 272
185 538
468 738
47 311
327 632
655 759
518 559
686 235
193 666
766 88
619 565
574 703
778 653
655 945
181 971
974 787
186 351
490 401
405 61
741 678
762 942
953 341
142 935
467 814
886 727
708 869
629 599
547 99
878 406
909 923
942 88
769 280
488 337
496 573
688 957
800 651
547 192
166 149
894 446
256 125
685 884
946 736
586 627
225 137
771 375
590 122
762 332
669 95
860 140
780 58
196 905
617 694
200 313
120 953
328 548
159 778
931 379
568 231
371 359
165 250
363 434
799 190
180 511
785 110
789 309
90 698
176 574
770 919
127 485
976 120
904 505
651 159
748 902
757 776
245 92
166 163
690 676
942 851
498 489
957 63
118 744
911 613
856 604
74 876
724 229
137 689
740 689
682 443
39 312
402 557
197 931
834 465
287 331
55 864
41 16
681 524
593 972
603 23
958 520
565 12
167 468
258 462
849 157
795 465
55 963
275 45
595 284
225 533
521 249
479 600
392 30
255 468
565 266
425 353
712 84
552 910
926 11
349 688
932 933
123 10
499 472
851 434
742 889
638 418
67 105
218 756
396 259
517 147
253 385
329 101
247 897
584 498
132 533
235 230
900 456
204 398
453 999
274 282
81 99
114 543
379 614
274 345
392 503
968 387
737 39
182 531
557 597
383 515
594 773
201 511
932 287
342 832
924 875
739 625
422 602
941 411
609 38
571 167
485 519
60 365
615 379
137 564
663 960
959 870
276 275
268 278
900 321
146 730
699 498
110 791
615 480
759 99
241 277
810 773
397 610
196 524
671 658
735 58
732 676
342 315
238 635
666 870
452 339
746 579
513 671
136 342
235 11
442 747
783 418
492 213
73 663
21 25
870 989
615 220
553 495
167 38
505 914
733 520
759 621
114 39
255 672
145 71
793 802
574 578
474 432
747 191
159 293
25 448
86 844
757 847
104 5
376 733
223 27
464 472
407 498
36 437
957 503
909 286
610 552
43 769
989 555
511 81
993 850
592 41
474 884
868 319
67 183
543 906
889 753
413 975
213 218
6 569
609 392
822 708
688 110
14 8
922 598
698 17
701 297
914 668
462 564
474 713
912 789
402 365
338 465
429 261
280 846
636 436
190 852
798 551
555 885
355 44
162 865
464 890
812 103
860 69
275 879
415 545
124 58
188 22
911 936
504 27
630 204
780 21
44 772
950 21
633 964
513 710
771 372
741 681
479 185
78 884
720 938
47 685
401 247
702 338
189 781
660 966
923 57
816 449
959 751
117 444
343 850
959 317
45 552
745 416
83 672
167 60
982 195
325 155
478 828
922 199
707 946
64 182
93 976
243 21
183 592
19 893
994 873
133 167
390 262
263 843
550 758
913 737
514 305
81 664
811 786
214 834
522 783
793 194
22 623
509 566
484 337
825 112
916 619
755 264
347 673
704 570
676 78
453 547
790 752
702 552
612 144
995 172
443 326
872 598
636 770
838 72
220 300
333 764
725 692
677 920
52 172
842 903
507 152
667 531
656 781
897 978
198 487
925 438
741 579
750 881
739 205
551 127
976 546
272 620
31 711
70 2
556 759
389 478
676 480
561 701
11 386
69 295
468 221
963 618
999 885
271 2
124 543
264 510
422 298
480 580
755 130
321 793
430 720
490 882
250 176
755 747
458 4
621 747
157 206
71 266
115 280
846 669
507 674
655 822
874 416
942 232
555 479
607 374
367 637
301 251
91 827
103 8
175 837
265 980
628 552
567 267
925 293
421 811
564 602
948 343
192 407
448 811
791 689
481 443
476 982
156 659
374 866
72 540
339 476
522 273
36 63
328 435
466 107
358 91
771 540
504 587
295 993
348 874
177 780
456 180
990 183
964 542
103 620
386 332
827 378
360 177
421 103
853 443
710 79
784 152
434 449
438 742
636 815
346 863
302 502
118 302
209 311
365 909
229 217
961 106
927 709
756 174
557 817
553 924
93 887
820 444
360 378
255 669
19 390
815 942
888 296
775 483
824 312
692 668
871 430
616 581
810 727
108 501
211 691
698 225
772 242
485 763
321 560
735 41
881 703
818 774
967 386
512 367
402 560
205 366
37 432
616 642
824 57
778 131
500 732
787 255
277 764
695 273
287 624
496 961
800 663
374 169
513 319
931 793
69 779
147 736
466 897
80 76
296 844
540 137
546 561
953 563
636 782
238 631
543 708
647 418
344 543
691 337
130 108
428 244
985 951
655 605
977 714
36 774
38 103
983 387
876 708
633 630
496 864
364 990
8 700
787 78
595 138
166 162
625 824
697 139
529 359
768 934
451 821
798 901
254 671
132 522
599 444
867 185
952 520
156 397
710 483
409 70
347 352
899 17
959 676
847 659
891 795
437 630
371 545
572 264
286 206
307 210
608 22
261 671
482 512
823 50
443 249
743 77
920 874
184 931
384 855
884 350
534 75
878 999
290 334
297 221
114 74
316 15
341 495
187 352
375 37
750 24
648 250
892 841
633 974
817 138
248 119
832 900
897 669
169 339
421 967
805 731
826 887
7 201
298 800
757 788
665 733
465 56
531 718
24 312
278 989
660 329
53 481
839 747
322 815
591 881
236 110
748 825
171 76
421 779
55 368
403 724
813 99
61 929
924 431
844 899
894 727
432 190
760 872
745 654
885 427
926 547
613 969
531 448
422 744
827 150
460 119
191 633
351 221
280 512
125 722
156 145
109 178
20 870
134 238
457 12
796 354
387 540
129 575
180 597
966 942
172 94
901 183
544 251
545 688
719 485
897 123
918 956
610 862
503 760
386 294
114 387
735 22
716 79
351 780
275 773
595 822
5 395
416 286
162 619
869 65
950 270
53 394
404 363
564 244
826 106
759 660
767 788
933 465
548 604
447 229
52 543
861 708
117 257
354 322
707 556
735 880
56 437
404 869
384 93
174 774
40 342
410 4
163 465
521 334
806 332
414 774
93 907
347 802
123 878
952 138
986 927
896 880
564 410
592 833
572 473
46 780
79 202
495 448
667 362
366 428
819 771
759 290
994 331
791 989
426 966
931 981
221 109
939 591
55 667
998 231
623 338
418 100
622 502
167 660
786 772
656 818
514 270
391 307
262 240
192 948
337 550
900 289
400 180
993 393
880 409
325 264
693 94
811 477
641 184
788 456
16 110
45 488
527 525
703 840
562 916
127 187
994 650
622 794
753 384
402 713
583 70
68 790
586 539
203 600
101 980
379 191
793 209
739 797
960 423
963 349
183 281
518 959
585 858
880 364
421 624
359 172
543 108
126 689
779 36
901 584
335 227
9 738
774 976
838 123
958 805
691 527
793 962
924 408
944 491
858 404
418 470
321 721
796 926
140 868
741 356
955 268
343 619
712 925
662 76
621 146
921 735
488 499
502 860
17 483
760 938
853 560
650 501
4 283
135 80
281 670
312 485
951 470
686 137
211 923
547 782
819 710
179 930
655 702
224 947
842 544
662 128
572 498
33 724
449 337
603 958
825 955
557 758
503 897
969 178
129 742
997 746
411 902
211 752
978 526
490 505
20 865
800 263
133 199
42 789
753 192
980 71
545 296
780 408
965 996
316 176
400 159
156 188
677 120
605 749
200 935
324 161
301 784
855 955
29 819
859 372
117 18
290 550
621 24
53 993
682 346
974 100
409 455
966 300
411 415
63 807
85 213
251 929
804 990
357 109
364 570
8 752
864 299
917 972
119 990
727 831
365 390
50 422
780 136
38 854
786 266
759 785
872 69
490 20
176 107
132 298
17 617
358 468
814 74
452 639
159 66
663 733
1000 820
696 466
170 175
961 121
413 760
856 430
899 844
377 341
160 581
910 570
196 919
638 114
742 5
771 244
789 109
989 854
885 494
245 588
467 476
835 434
909 323
930 406
368 148
98 467
420 139
16 442
542 96
249 757
675 736
842 472
187 943
662 907
601 852
400 335
817 498
455 349
944 356
427 201
123 193
187 900
108 792
503 485
857 974
849 621
192 458
254 961
242 903
327 724
619 14
272 297
403 125
970 335
407 599
620 497
812 906
369 240
451 684
697 84
158 67
720 873
781 883
565 226
879 697
638 784
7 217
627 121
669 902
145 934
618 470
439 845
564 41
411 509
723 831
457 323
624 165
1000 447
660 418
506 283
608 373
36 486
244 160
59 230
11 515
698 332
987 254
802 707
466 572
623 310
473 458
8 680
592 162
439 970
447 413
793 997
315 712
978 428
639 516
743 346
132 891
696 925
17 482
135 660
803 568
14 446
865 973
646 500
16 374
102 108
953 257
413 906
537 840
455 21
24 994
718 161
661 362
275 73
64 637
750 480
720 2
898 858
415 104
725 443
221 222
132 576
354 642
352 876
766 687
10 867
194 445
218 601
800 776
309 665
510 130
683 978
663 976
700 449
940 994
629 372
551 682
282 575
421 337
344 605
13 594
846 267
769 154
597 4
823 261
446 951
768 924
338 678
589 393
47 940
433 384
78 16
177 437
115 185
601 878
600 534
493 793
343 849
940 984
245 990
133 786
601 278
35 739
891 363
542 425
276 823
803 813
831 482
437 636
251 33
327 372
925 122
86 525
938 455
38 907
107 593
787 232
752 537
706 619
485 557
450 417
503 586
881 422
187 943
196 75
511 688
980 260
49 221
316 167
114 470
305 860
545 190
762 532
862 871
956 787
553 540
702 550
238 628
449 73
990 193
964 813
434 677
78 327
275 564
126 873
712 30
562 175
440 79
995 121
534 670
936 545
431 969
7 717
665 784
472 913
867 455
255 3
723 61
2 897
640 468
165 307
836 17
88 956
536 570
805 644
15 704
514 102
293 525
351 85
949 852
400 990
164 995
125 660
771 728
166 63
347 312
333 792
18 70
561 14
715 626
78 823
590 535
260 64
397 490
697 801
548 719
242 313
985 259
579 436
12 713
58 852
691 447
184 391
560 350
869 78
276 352
372 229
377 218
394 508
643 785
497 438
646 116
677 773
374 329
136 332
448 29
726 515
506 755
996 907
518 857
423 280
954 614
163 584
156 282
691 761
214 239
70 323
259 378
446 125
290 793
113 413
511 441
29 708
526 731
923 272
786 933
780 413
476 628
532 908
310 518
268 139
215 830
122 485
370 953
780 42
832 254
355 416
404 972
365 521
133 361
506 922
37 249
711 539
136 409
919 85
645 756
431 832
639 878
12 722
77 491
116 117
550 578
906 22
873 184
840 513
880 849
215 588
341 770
621 281
662 349
789 799
634 607
660 111
431 457
754 319
357 968
53 128
182 209
981 326
920 899
563 518
350 315
202 214
246 336
137 446
755 458
151 597
21 132
77 841
989 746
360 897
234 613
525 72
577 433
832 211
390 599
927 246
408 890
923 737
430 114
366 611
90 172
416 818
220 854
949 739
590 384
271 449
651 95
895 243
434 641
164 238
341 477
430 900
167 187
971 808
997 989
175 513
253 120
663 168
756 156
863 51
917 993
435 183
716 916
859 149
176 26
74 370
899 893
273 51
814 795
498 490
759 993
501 93
699 113
701 140
211 122
785 257
505 150
744 883
653 261
897 939
105 572
550 412
360 536
582 816
594 922
92 366
253 166
36 677
878 973
174 639
588 937
286 565
340 387
571 955
668 137
173 401
322 306
741 706
565 101
360 39
997 230
532 93
21 506
98 280
941 841
799 609
780 108
607 710
762 607
536 128
199 840
712 504
548 782
208 660
859 21
704 413
17 552
30 394
997 252
526 8
418 366
330 235
79 569
374 692
532 101
783 703
740 298
303 2
459 328
579 260
475 815
960 493
733 281
582 772
803 955
357 674
509 436
194 682
984 663
548 68
948 883
420 813
188 544
160 908
133 929
768 743
664 958
919 842
507 382
529 378
815 726
115 757
273 74
896 549
28 246
270 79
189 221
78 86
77 951
792 919
401 788
438 228
327 927
590 313
66 195
630 710
864 549
388 424
661 40
528 982
902 323
175 776
54 526
143 718
433 369
27 471
428 411
835 2
255 35
204 692
192 270
692 635
453 486
960 403
141 837
782 390
654 948
85 560
654 91
633 139
15 830
670 950
281 430
699 338
226 521
470 966
559 302
601 315
859 664
246 212
870 67
824 611
319 733
825 95
108 242
413 61
518 713
548 720
786 223
348 932
679 599
118 301
53 803
396 876
367 785
142 440
443 953
768 648
557 977
262 685
457 775
392 88
201 931
274 242
235 673
831 796
596 842
788 438
412 87
522 21
481 389
53 366
686 458
915 290
956 776
848 123
426 716
849 66
530 499
736 325
783 897
324 689
909 454
859 544
107 729
173 259
242 140
943 621
795 358
488 544
132 305
663 993
323 90
937 908
952 73
751 461
165 109
939 401
553 18
659 728
860 920
238 252
715 438
644 401
416 520
995 75
740 261
273 903
868 870
447 340
326 233
470 531
708 990
122 776
285 153
856 100
333 832
682 878
782 895
252 970
273 341
20 637
436 939
859 165
952 382
987 219
514 612
206 684
212 924
108 630
823 189
136 859
731 552
412 211
656 957
58 224
253 954
698 856
36 345
201 254
588 88
172 959
402 78
516 475
975 927
203 648
237 926
394 404
83 377
479 625
842 233
8 378
816 633
159 911
844 575
470 450
59 943
16 448
821 715
934 643
425 189
736 138
428 375
805 419
825 324
173 631
800 573
345 569
810 764
74 191
786 243
32 135
623 98
463 792
118 288
266 621
296 976
128 893
716 296
630 647
803 929
559 131
855 269
957 630
465 470
65 345
843 229
454 804
665 830
118 967
496 201
549 897
555 112
507 381
590 4
57 652
415 961
13 827
167 195
31 652
282 811
542 737
386 303
519 980
747 423
458 829
776 636
548 246
203 619
218 633
47 116
676 981
427 164
555 1000
360 317
90 219
87 574
194 523
352 687
78 636
867 496
312 439
90 532
962 85
770 5
535 832
21 718
125 173
236 903
371 533
556 217
245 100
94 138
828 929
96 12
714 31
689 838
302 863
899 324
945 635
817 734
596 718
112 782
193 191
915 28
541 348
138 624
222 433
511 541
794 958
28 245
408 136
221 107
124 221
705 86
128 888
38 125
156 141
997 137
228 942
924 72
822 89
407 235
981 610
234 740
847 604
242 500
83 454
385 812
691 936
808 847
788 900
735 853
968 332
514 43
749 315
39 475
777 632
259 165
264 890
631 456
473 652
44 1000
465 263
344 288
627 783
719 832
170 241
475 351
278 334
592 649
175 487
367 199
228 466
465 207
314 961
627 353
462 855
677 683
431 910
708 396
129 276
26 303
294 598
910 423
862 504
714 858
437 736
362 546
471 668
347 180
575 268
837 992
956 756
443 936
190 982
424 203
408 107
256 400
762 615
48 757
955 316
944 802
39 100
401 429
880 608
112 900
573 84
544 549
576 944
962 269
557 708
265 190
987 999
447 943
246 393
433 393
39 944
635 295
345 25
284 267
835 952
722 100
290 875
650 617
811 831
463 308
865 752
692 999
59 676
704 566
581 323
916 442
216 539
142 875
917 504
227 595
184 519
94 24
951 860
3 829
395 879
468 630
805 655
298 303
876 953
96 823
890 780
139 745
443 512
187 797
300 720
904 830
75 51
188 366
14 847
609 286
957 35
911 139
374 656
255 378
837 732
829 527
769 463
277 921
363 903
638 524
379 349
752 451
275 501
17 618
386 605
953 367
28 244
38 425
611 83
411 225
479 376
239 219
815 303
118 656
304 647
966 616
361 254
271 830
599 227
655 879
301 339
101 56
303 46
654 502
475 785
201 81
225 769
130 613
685 216
195 768
291 893
989 182
738 205
880 681
846 987
769 642
348 194
460 755
523 223
116 509
518 471
178 729
369 138
740 528
370 893
87 809
164 114
235 621
437 359
861 577
172 924
80 829
865 371
164 699
869 849
318 484
939 818
601 264
689 784
640 731
82 564
11 374
587 978
193 827
285 96
461 184
472 718
636 124
318 983
896 234
814 637
267 847
778 451
677 771
821 797
2 701
693 641
614 891
680 54
891 821
877 381
601 491
262 486
112 184
114 414
259 1000
959 340
5 812
343 476
777 919
141 104
529 632
780 276
218 516
802 282
513 805
363 54
155 814
47 529
35 83
850 814
29 388
767 913
529 879
230 667
144 56
907 317
996 838
857 235
474 677
124 64
442 127
827 897
887 859
619 537
180 769
205 34
608 972
363 117
992 225
544 120
722 870
38 392
343 530
929 461
421 375
69 618
371 176
870 725
391 47
327 671
396 633
772 371
355 549
248 602
969 495
35 763
88 481
942 805
129 711
120 548
396 432
724 193
799 521
15 983
685 622
759 805
399 911
596 656
110 587
876 579
916 855
1 480
523 328
880 670
380 965
968 659
70 923
708 52
523 137
203 447
907 841
445 666
898 180
997 988
937 522
941 555
293 762
444 426
329 982
356 700
211 385
943 230
527 803
9 133
429 848
835 827
49 15
731 293
709 48
402 399
904 558
619 942
796 522
298 512
491 801
551 131
164 518
13 1
999 858
383 821
259 594
377 94
807 55
611 158
912 786
172 228
705 831
522 508
978 810
829 198
700 699
905 536
261 34
303 603
339 2
845 167
998 997
741 522
796 990
269 595
714 693
180 65
245 285
282 353
654 795
978 535
984 741
482 42
330 580
283 678
163 443
92 356
290 513
56 400
367 359
315 354
588 986
908 113
820 891
81 259
339 67
281 995
680 18
35 13
883 272
831 79
951 12
120 54
306 102
718 627
155 904
58 910
610 763
577 763
747 312
759 63
24 491
378 206
906 332
276 391
900 511
903 400
512 911
68 494
51 486
556 622
230 741
620 475
501 957
296 74
70 440
358 891
571 31
535 3
638 321
748 658
238 224
620 761
51 675
592 964
185 603
582 625
814 789
925 412
255 661
908 137
796 95
986 512
330 689
493 485
33 456
638 474
24 776
844 263
188 648
144 152
318 76
372 365
758 989
51 477
695 4
83 644
509 523
686 495
462 618
772 951
620 656
539 500
228 476
541 610
15 177
362 786
192 331
559 822
25 265
699 671
930 450
784 347
427 931
159 317
733 723
736 557
410 354
589 301
524 679
898 908
333 225
592 878
551 341
975 46
236 870
589 907
448 561
670 403
567 298
234 364
673 400
304 772
902 742
455 270
868 487
288 25
227 943
853 928
6 85
743 689
206 921
120 36
626 540
42 590
241 576
157 703
342 387
566 425
951 284
90 616
241 757
17 315
770 289
969 540
181 588
756 668
199 827
883 5
295 756
730 420
19 745
545 862
494 453
493 670
372 865
900 96
733 147
38 158
824 440
670 417
994 321
908 435
866 606
59 863
327 309
822 549
145 944
445 467
388 704
337 541
909 639
308 200
234 839
343 10
341 865
48 460
787 847
152 172
185 179
787 132
841 712
954 505
606 824
873 519
775 56
705 370
425 633
203 377
314 465
580 183
87 812
127 953
58 825
851 241
522 379
656 815
801 398
433 540
460 494
876 445
668 494
119 874
916 414
525 679
283 467
189 335
192 297
289 285
254 809
869 379
295 526
157 249
342 968
867 162
166 685
328 143
948 27
642 552
303 409
815 231
699 664
306 111
156 811
529 572
865 535
620 909
673 273
212 809
94 451
145 490
361 631
643 173
342 888
42 675
513 262
66 603
667 867
190 808
942 64
456 106
385 767
849 550
703 909
687 230
630 126
115 208
635 711
929 459
202 359
364 894
769 964
114 338
552 839
283 440
689 562
289 487
251 673
750 730
397 459
274 475
435 818
462 385
772 49
630 126
448 311
502 858
684 792
779 249
214 588
771 707
498 20
743 496
790 578
683 878
14 195
585 300
498 366
71 285
833 184
115 634
474 917
375 980
587 649
279 635
963 357
329 266
486 278
198 308
832 368
505 836
250 815
999 689
315 118
395 56
415 592
492 501
138 739
225 224
118 139
917 814
937 995
627 913
476 517
169 689
311 267
152 536
496 196
798 839
223 585
419 783
192 512
901 736
412 108
682 947
478 374
501 151
519 257
509 171
813 266
229 163
19 955
384 366
33 28
192 458
922 166
135 291
289 250
520 197
925 766
88 320
269 852
839 930
334 189
731 541
972 421
64 395
642 471
940 8
878 850
65 190
388 355
961 738
326 651
949 151
360 768
403 415
369 886
539 56
785 704
461 299
571 317
222 764
424 279
746 879
736 547
315 480
177 351
273 783
237 814
354 959
92 927
586 701
725 906
438 330
564 542
981 877
61 323
122 608
848 780
948 111
124 576
290 506
170 271
813 505
920 278
974 920
981 202
103 935
592 82
529 194
412 240
681 722
275 445
342 575
264 210
505 46
792 756
16 385
342 66
716 173
549 349
578 462
168 590
64 352
822 725
833 616
63 707
805 279
143 692
437 843
29 17
900 390
480 877
497 188
599 840
570 655
718 694
997 980
524 655
146 542
218 422
847 533
233 851
354 491
958 658
254 931
963 660
334 730
999 186
256 12
643 551
352 945
597 230
970 122
265 373
563 709
596 998
179 553
581 685
864 275
699 778
717 92
931 48
80 260
967 746
135 1000
696 734
238 687
253 228
24 544
22 799
576 842
546 667
455 671
862 480
266 783
241 786
212 764
723 519
488 440
819 54
89 760
605 12
779 606
584 23
642 528
449 755
332 293
746 613
801 806
741 100
826 879
461 193
657 985
857 349
983 485
79 362
713 972
125 534
514 331
269 723
870 912
988 624
557 918
203 991
199 809
964 112
710 753
84 3
654 71
964 112
686 853
649 547
18 763
622 255
992 605
116 94
856 947
487 56
280 680
713 569
178 731
496 866
988 832
216 659
547 180
242 929
789 735
594 180
219 722
282 571
33 870
304 573
357 382
555 387
494 174
147 229
379 718
466 732
374 780
905 441
261 602
582 21
428 340
543 481
969 596
850 946
488 931
925 12
666 414
105 278
325 579
77 928
918 280
438 174
650 43
805 529
48 568
66 497
215 112
125 482
849 820
91 655
594 657
3 503
730 628
540 450
901 908
251 548
897 360
190 76
904 608
555 180
243 519
439 946
359 32
480 273
949 466
706 272
902 12
166 705
543 992
946 54
294 266
942 707
663 336
21 151
632 468
903 283
738 659
906 195
31 747
542 206
763 645
963 44
612 502
934 175
331 662
468 566
298 681
885 201
317 750
587 193
584 190
186 697
219 166
297 242
719 785
297 506
698 391
815 480
514 711
601 837
320 209
753 532
859 288
635 210
398 973
329 502
666 218
316 615
947 626
518 813
298 809
654 417
233 311
71 918
715 149
999 88
51 356
97 71
778 350
888 687
740 213
252 199
119 936
963 844
143 73
772 702
517 811
858 13
17 790
6 205
187 457
885 616
416 169
295 413
257 113
267 351
776 259
884 970
115 912
212 502
690 1
644 810
237 480
803 778
94 487
957 391
954 341
394 416
254 578
627 548
73 966
829 107
276 505
556 457
922 421
173 593
876 757
704 15
910 380
365 260
798 846
180 220
616 144
421 899
510 162
653 858
959 651
767 680
189 843
707 484
310 759
893 9
145 587
265 208
767 965
627 61
393 780
668 740
668 277
18 279
263 513
521 410
811 229
989 935
148 423
770 900
173 402
57 530
381 430
245 968
616 742
259 892
404 301
424 45
684 325
602 182
952 686
234 423
220 665
790 583
379 628
961 632
762 738
429 464
762 652
977 307
675 543
463 112
939 378
416 130
759 218
764 237
12 489
164 813
526 838
63 975
237 622
99 276
986 24
710 270
660 14
648 604
687 921
70 422
159 50
93 555
130 137
478 237
60 411
434 38
678 782
976 117
26 537
434 736
575 146
789 261
210 817
569 144
515 199
972 469
611 515
333 71
778 472
452 493
473 608
594 452
280 150
671 670
360 776
917 174
366 413
150 991
64 352
496 558
915 866
841 280
444 226
132 743
201 628
62 708
610 620
21 764
347 38
96 112
829 78
662 365
488 169
742 39
829 395
409 700
643 7
881 972
372 48
678 468
536 581
771 131
304 899
704 37
240 678
644 400
713 811
134 130
836 9
318 290
853 894
7 463
245 495
337 223
971 643
21 968
649 287
442 657
152 683
751 275
328 973
223 862
294 536
154 155
192 655
987 975
7 766
693 446
623 908
724 597
134 161
91 719
39 213
98 77
204 163
349 229
929 191
432 630
171 278
196 430
994 640
461 965
349 347
932 503
668 516
229 696
505 876
820 424
41 869
557 713
673 809
3 841
780 809
294 807
502 586
431 505
999 980
634 651
281 508
985 949
297 154
874 234
639 279
446 640
705 475
231 461
137 107
799 660
920 193
674 237
760 59
461 761
835 641
580 640
435 769
676 969
33 597
37 268
583 820
328 542
437 366
867 694
861 177
96 356
856 533
546 256
723 40
784 521
732 694
2 891
703 713
242 158
32 205
628 121
755 179
278 647
382 516
641 501
78 224
425 527
384 216
839 452
853 825
234 115
433 930
182 477
77 720
319 259
581 238
860 944
473 734
395 443
35 77
386 337
767 500
361 355
648 999
992 401
135 246
624 427
535 552
650 617
728 277
372 290
100 704
520 663
898 609
869 312
599 45
447 190
176 80
131 638
950 970
531 348
922 63
145 469
26 959
630 265
172 450
309 886
471 689
503 853
7 99
379 562
141 340
2 102
966 299
172 630
817 74
612 366
211 10
381 207
123 595
871 79
763 736
479 221
177 63
600 998
106 956
448 467
323 267
138 520
367 204
699 682
84 133
895 176
949 702
539 399
939 672
47 862
273 113
917 601
560 620
694 416
65 784
292 13
847 426
927 920
598 910
576 393
157 282
355 309
116 605
507 558
945 584
13 407
816 417
754 31
352 714
383 376
64 674
62 722
112 100
317 799
229 475
586 56
440 746
393 811
576 794
471 953
513 271
738 2
246 188
48 795
736 264
138 566
853 555
969 488
306 96
122 920
338 533
833 337
400 832
379 682
735 752
52 637
846 808
795 871
780 805
649 936
112 369
153 552
572 790
462 446
881 483
844 756
499 372
146 428
881 226
549 40
970 853
394 487
991 537
304 155
211 370
245 496
632 419
1000 448
608 317
536 498
785 643
672 297
346 855
801 964
853 107
899 169
909 846
807 222
899 507
565 341
75 861
329 482
697 982
485 787
190 390
800 288
129 655
708 247
499 286
639 36
480 183
464 350
834 563
349 379
25 100
918 963
561 377
240 691
573 408
845 635
905 289
777 141
202 972
969 149
656 646
925 253
278 962
106 750
226 218
889 694
645 577
207 593
725 360
245 288
131 847
266 583
245 825
944 50
486 447
104 961
974 531
421 818
261 504
849 701
673 438
602 828
614 570
445 483
314 753
724 216
819 436
49 5
956 136
161 439
523 564
246 312
255 988
535 542
508 85
942 753
965 119
817 501
834 80
21 929
243 364
234 112
546 151
63 895
473 75
646 995
834 262
973 526
259 801
516 562
142 858
159 950
387 936
844 313
63 568
469 729
414 848
594 893
930 909
276 808
382 413
973 334
332 873
904 138
721 835
801 754
712 394
641 446
781 973
789 80
186 267
200 707
75 687
830 693
547 262
36 971
181 569
553 518
104 389
312 445
544 187
141 59
494 377
644 451
677 497
944 906
333 403
894 769
17 401
647 889
888 444
783 706
99 354
485 880
136 261
605 271
113 946
843 119
784 34
38 1
789 570
603 923
909 498
148 167
851 557
208 184
950 837
912 682
981 297
852 710
513 998
410 825
104 86
786 133
56 252
496 995
45 713
107 237
146 954
48 277
561 636
781 827
97 418
99 200
649 571
969 455
73 930
903 298
83 449
211 184
766 491
542 213
465 781
510 650
429 766
627 707
880 272
117 337
681 803
518 841
82 187
62 853
926 925
793 150
701 246
418 329
896 410
887 105
136 977
55 15
576 172
170 500
240 857
650 976
243 200
87 754
121 963
938 786
736 783
713 554
398 899
520 377
301 157
797 218
591 211
761 415
543 526
619 54
318 680
269 574
819 717
384 769
861 724
451 91
455 664
132 693
115 973
682 918
270 656
338 830
619 631
562 419
457 680
759 300
212 916
962 224
215 335
941 699
150 551
662 460
214 81
732 426
746 266
861 870
722 603
705 748
988 173
145 265
676 645
85 818
459 834
526 25
324 985
778 181
232 54
430 572
882 746
106 361
409 161
516 574
490 584
135 832
59 799
608 486
77 519
253 924
962 557
211 207
911 820
535 80
102 262
933 366
336 943
642 847
21 435
328 9
292 196
374 468
685 47
140 583
659 879
974 344
280 658
725 800
740 76
448 507
689 218
795 313
73 16
4 689
617 277
661 81
14 170
118 919
802 192
325 319
715 296
780 29
318 115
701 283
391 151
257 956
76 722
829 968
669 800
395 679
502 540
872 30
148 516
106 166
540 405
381 28
151 335
37 678
937 138
192 244
898 223
17 735
235 535
28 142
854 325
438 127
634 299
209 504
102 62
886 75
863 435
660 193
939 973
330 936
204 380
540 248
17 802
823 670
65 626
873 430
362 582
908 592
524 812
808 779
800 970
102 802
489 793
206 482
169 391
549 49
39 292
512 295
659 747
979 5
559 572
401 398
618 756
197 381
47 994
570 471
418 902
364 560
584 387
630 514
456 584
538 538
556 845
670 705
206 172
724 138
492 229
594 100
451 965
62 258
394 928
367 920
186 342
644 450
700 679
684 134
347 754
950 110
263 962
951 125
896 238
883 471
898 83
74 993
282 12
760 340
762 430
714 294
22 993
517 270
355 960
693 915
36 862
112 87
860 42
672 366
295 399
763 362
377 52
346 199
685 249
203 60
902 115
402 689
314 44
103 727
229 361
514 963
917 68
848 94
745 571
495 820
757 423
302 468
158 261
627 772
212 339
412 942
212 606
325 383
427 674
327 926
614 246
718 230
835 931
117 934
193 715
530 294
824 936
824 855
429 149
225 652
745 386
68 44
440 982
616 445
846 658
720 622
564 523
507 293
577 264
96 968
170 896
232 145
30 751
942 204
453 975
53 510
111 242
183 338
365 972
313 511
200 124
4 892
830 781
175 466
232 944
113 424
156 895
185 875
869 641
766 171
467 113
223 884
612 262
119 751
335 978
82 859
772 22
734 711
854 652
804 378
373 615
913 343
850 326
278 238
137 682
867 268
615 751
844 377
909 720
622 617
973 420
418 64
762 211
197 624
189 837
64 652
646 599
109 170
205 691
622 375
685 139
603 602
171 591
24 870
337 741
902 379
627 455
344 734
148 920
656 562
372 963
761 743
814 781
418 322
244 145
113 467
590 671
808 457
23 247
164 490
849 942
953 32
279 345
193 499
535 499
664 358
733 565
305 974
715 152
932 539
470 487
601 2
927 242
359 24
895 725
319 390
859 523
833 415
726 206
504 510
759 213
335 561
969 561
842 364
829 808
680 753
248 707
551 159
761 250
999 639
852 101
747 917
577 361
20 302
168 795
845 10
820 733
625 789
353 458
82 540
253 32
571 84
911 399
737 905
786 59
105 770
213 917
9 397
602 162
773 762
128 467
593 330
491 476
149 457
878 74
835 405
732 58
324 96
633 670
536 103
356 21
747 150
269 99
341 951
579 199
422 476
571 832
188 39
397 626
319 339
897 687
950 863
736 595
682 126
204 444
765 126
121 521
974 337
346 107
675 432
558 578
923 951
923 132
698 244
359 19
14 894
931 939
477 649
47 107
411 139
85 857
773 163
159 487
375 703
670 218
918 794
133 572
59 873
54 597
621 308
66 980
381 246
521 156
73 591
394 246
450 820
531 24
249 468
440 417
715 493
419 379
750 307
693 1
206 300
634 552
954 536
75 628
798 799
834 516
605 810
537 12
702 906
785 363
345 683
572 360
1 563
518 173
614 405
28 140
778 795
315 266
135 718
253 196
60 131
102 747
116 524
452 735
468 107
195 194
20 885
164 637
279 204
978 142
743 833
342 232
89 356
917 708
874 227
369 585
167 671
868 668
878 881
134 442
667 732
476 969
243 123
288 71
790 726
255 961
536 844
886 612
984 643
259 23
310 848
329 33
697 376
53 678
248 415
387 744
399 720
221 212
313 303
211 538
550 395
83 938
872 669
399 729
15 663
214 195
827 352
684 85
19 830
135 198
693 962
178 722
740 546
950 905
420 7
344 709
423 959
942 350
938 404
693 255
962 223
471 171
137 469
290 482
895 647
534 633
58 459
863 697
616 67
955 1000
246 771
659 729
875 960
768 353
55 367
287 628
771 311
156 180
283 611
522 221
7 344
155 696
13 520
972 794
329 558
797 848
400 580
662 695
152 188
143 868
505 242
714 927
644 515
830 772
816 622
3 703
588 655
819 830
934 258
669 307
297 448
286 821
88 738
243 314
408 557
152 970
28 309
716 974
256 660
557 125
867 385
423 520
932 820
209 508
953 885
952 409
64 143
376 514
249 266
376 962
673 793
387 47
595 520
721 18
602 752
387 899
773 203
451 972
33 336
644 524
140 320
583 821
172 600
934 993
64 314
349 327
324 471
833 823
465 714
596 477
666 914
159 486
458 40
307 762
718 478
310 509
724 792
929 12
26 847
273 209
621 644
271 225
825 621
593 637
629 775
685 536
733 336
930 924
852 651
924 515
52 238
884 23
637 971
185 992
316 355
563 167
926 260
162 685
767 738
727 847
409 448
384 340
663 947
760 827
249 437
11 505
738 484
396 859
828 810
129 820
258 619
9 354
837 138
527 578
742 68
156 41
502 731
762 257
658 218
334 906
192 52
75 133
669 242
785 134
582 846
178 188
154 135
511 961
29 230
214 227
689 876
10 923
25 381
275 413
404 327
489 771
236 419
878 580
477 839
101 730
256 924
250 780
973 19
419 65
809 996
892 72
9 686
469 114
388 168
516 565
953 511
342 63
152 938
677 47
632 935
359 251
733 965
322 766
396 324
205 147
496 428
368 248
558 465
772 128
393 937
475 84
522 385
501 592
124 98
862 755
936 120
37 573
97 616
300 862
41 408
60 954
472 714
186 361
90 919
36 616
212 184
920 381
78 213
178 905
801 455
140 521
875 565
803 926
902 156
472 156
316 889
470 57
954 667
180 763
283 346
42 971
530 439
521 696
273 475
29 490
499 115
258 644
367 421
816 483
690 201
958 573
224 738
82 113
97 962
251 718
808 771
498 313
711 700
866 993
447 148
600 620
635 124
209 171
353 81
477 650
613 675
715 285
438 994
837 106
700 876
526 416
164 557
805 286
727 137
634 569
564 407
228 122
576 912
615 121
867 363
67 240
246 402
328 92
141 466
898 844
76 783
941 7
138 83
344 12
782 745
525 313
185 35
379 256
62 615
621 26
720 531
445 417
640 371
252 661
895 411
609 783
441 695
902 957
295 248
232 344
914 950
81 806
335 888
277 515
389 76
436 580
576 661
54 27
872 350
600 92
51 537
593 24
710 423
425 182
14 207
423 309
946 62
94 799
963 88
593 859
995 715
817 473
845 15
432 683
107 506
806 457
218 965
782 331
510 330
522 450
499 455
107 636
89 774
48 409
402 370
173 136
123 691
237 694
903 606
121 720
259 279
870 64
403 936
421 286
164 816
76 419
581 943
605 190
173 206
471 388
141 630
806 696
488 225
558 394
90 253
502 597
823 458
947 130
770 82
195 474
134 340
419 621
916 440
365 83
119 2
842 679
365 561
561 604
637 167
703 894
344 878
736 312
413 916
279 663
362 704
603 909
394 146
613 56
155 41
659 622
840 96
483 902
874 926
493 844
109 587
562 491
572 321
675 934
392 607
745 549
399 351
900 349
999 570
1000 573
132 742
500 562
232 791
354 567
12 164
446 280
974 273
446 976
349 561
14 104
395 866
60 662
774 476
620 445
911 997
582 79
812 564
406 14
364 953
799 817
129 478
223 33
824 579
269 727
50 915
213 681
271 769
878 395
989 383
748 419
979 65
442 475
399 249
896 720
868 141
414 32
734 756
942 598
867 625
2 948
353 24
347 136
657 551
606 835
240 833
557 844
783 469
6 603
436 917
51 248
111 491
108 107
431 35
959 56
314 39
496 693
442 120
468 310
636 220
989 444
912 790
462 164
990 201
57 978
644 660
983 12
684 894
180 741
928 855
931 387
955 34
4 618
878 665
671 431
199 100
729 408
784 815
177 939
823 315
430 385
732 19
177 751
688 149
683 677
946 294
450 941
925 43
694 436
613 610
293 173
999 265
552 112
214 983
584 850
615 265
506 435
403 401
755 932
623 598
244 500
889 68
375 334
710 633
695 501
225 544
960 295
422 941
667 815
94 621
245 440
555 612
169 170
622 384
812 107
32 938
701 525
606 649
200 517
773 273
183 723
568 661
540 332
603 818
145 478
569 732
396 698
665 213
764 684
715 842
542 152
199 362
807 41
157 954
324 261
659 361
982 525
464 691
239 648
823 759
177 606
637 752
894 652
899 762
105 24
729 446
941 188
96 961
54 241
383 473
746 849
469 85
847 790
767 107
318 349
982 802
244 60
671 19
286 426
860 430
900 920
994 131
977 124
454 797
778 757
45 409
930 446
715 294
365 521
958 789
460 97
70 129
139 198
790 746
54 123
939 13
147 237
542 558
706 673
54 684
788 765
689 933
975 111
492 437
791 748
294 216
640 807
416 746
514 449
948 255
312 717
212 670
313 29
26 807
216 593
816 294
652 843
29 746
121 669
347 27
447 716
250 300
580 985
454 444
659 627
712 505
125 390
645 994
408 686
979 491
580 414
839 190
872 353
615 527
818 645
610 461
498 522
496 60
238 825
833 824
467 46
714 183
375 461
89 827
526 532
439 150
761 778
471 772
694 862
747 619
763 136
523 384
453 836
96 819
820 162
441 702
957 563
512 90
85 891
322 476
57 546
159 745
694 372
710 653
813 361
9 500
874 562
72 47
681 36
475 142
866 855
490 725
797 929
370 474
586 72
784 136
986 290
619 846
601 557
500 137
829 306
720 993
750 399
601 1
8 558
72 224
140 821
13 152
78 634
655 758
868 285
285 52
387 98
807 64
689 329
188 982
110 532
820 492
866 238
303 410
912 315
890 965
169 678
498 746
137 131
398 798
132 442
730 122
895 178
854 130
896 935
337 442
980 726
502 116
932 98
164 722
792 492
718 283
954 610
776 672
474 72
1 849
504 77
75 112
762 209
627 956
64 286
462 449
906 410
580 625
290 963
123 561
478 24
747 767
869 539
51 193
778 63
48 878
943 877
523 674
585 410
283 890
168 892
128 203
313 445
593 41
358 1000
179 409
340 640
570 29
88 185
756 180
861 41
817 26
47 826
963 170
101 556
756 750
675 757
942 491
832 744
443 990
129 342
743 195
73 875
979 687
612 457
872 451
22 891
906 208
651 456
713 873
211 29
798 437
604 929
853 457
979 633
957 926
931 440
8 314
44 572
960 949
223 492
397 298
179 295
662 303
773 377
16 338
594 659
299 403
547 347
838 886
471 669
462 654
974 167
574 773
775 899
632 181
873 76
802 211
216 765
829 218
505 965
492 101
701 371
807 472
684 200
898 582
301 597
370 330
119 437
992 712
559 463
498 403
579 12
920 355
470 514
606 509
499 915
741 451
252 10
135 895
120 414
90 355
226 815
493 89
261 582
527 624
130 884
530 329
787 38
389 173
599 425
870 271
763 318
51 914
415 774
954 544
156 727
816 701
522 223
815 566
839 712
155 637
289 740
540 761
448 982
974 519
191 281
217 949
813 397
652 457
479 623
238 375
681 361
316 475
28 432
358 318
1 143
215 523
150 457
674 87
822 807
204 185
435 501
681 852
646 612
495 595
910 673
147 576
840 52
7 799
454 113
535 234
844 84
168 295
459 954
44 289
831 613
289 569
690 144
229 250
189 891
224 611
664 738
437 229
382 952
782 438
234 548
228 137
65 266
563 303
622 601
920 390
503 614
67 444
352 93
135 242
373 807
724 624
884 729
562 598
162 469
107 140
165 71
624 404
457 714
647 416
244 654
696 239
305 353
850 78
248 72
930 192
51 930
192 598
158 919
465 353
360 179
217 606
963 219
669 138
980 960
312 403
774 513
960 243
766 710
295 781
822 268
458 244
744 314
630 309
872 374
913 383
67 341
810 900
693 904
583 14
617 210
392 265
47 898
215 561
49 47
566 751
128 984
198 815
240 643
691 711
478 71
723 981
612 174
644 10
912 743
66 665
939 41
563 629
484 117
841 809
240 861
815 349
811 248
876 834
898 749
56 204
475 719
910 215
755 908
902 444
261 725
100 46
730 357
51 674
312 27
783 476
906 988
278 897
13 784
822 66
622 702
333 630
56 992
246 604
611 925
318 539
194 911
936 363
122 635
945 1000
367 755
608 789
691 821
566 372
537 605
313 293
313 92
552 353
639 259
804 792
902 461
113 932
803 841
134 379
611 630
894 116
199 309
351 454
704 925
159 785
74 574
839 586
217 462
181 341
874 86
447 445
284 784
831 468
337 429
198 724
755 779
513 640
322 893
5 70
596 569
815 438
195 334
374 592
194 629
877 591
852 123
866 597
345 914
375 338
980 334
962 275
321 580
757 783
242 875
454 862
869 126
838 414
251 6
906 177
99 458
663 400
675 411
553 700
19 979
270 631
88 959
189 412
435 147
60 1
870 78
250 557
441 524
98 824
423 913
858 277
217 549
919 478
426 842
235 825
830 46
893 269
175 111
728 440
898 485
227 235
952 313
329 845
244 181
866 597
290 681
734 680
578 27
700 161
777 403
874 615
222 512
305 286
1 299
212 640
940 322
204 662
718 120
551 972
487 760
58 969
797 63
994 280
409 497
255 373
210 200
16 496
856 623
800 775
721 473
772 660
270 353
595 327
216 636
241 871
354 759
212 368
472 600
287 249
229 849
506 574
144 277
126 460
138 759
454 903
897 718
818 952
959 825
402 85
786 314
793 196
463 43
475 431
919 777
932 35
389 551
966 256
376 330
918 61
129 622
134 854
187 487
313 699
414 395
180 770
368 773
329 143
985 11
19 519
505 697
934 89
804 167
9 226
490 125
618 424
226 329
249 960
943 168
750 891
761 357
323 103
110 993
394 843
655 769
290 202
401 934
97 340
15 734
906 1
598 98
483 668
454 244
689 370
216 722
66 124
270 447
897 217
474 80
529 551
398 747
311 1000
821 634
321 64
770 204
664 299
289 123
271 415
655 662
166 366
259 977
517 746
645 915
667 660
759 904
746 557
284 804
82 790
5 276
402 314
845 486
281 428
561 912
497 859
593 706
761 755
829 148
236 776
424 852
59 449
96 728
32 603
89 889
540 297
447 570
431 630
61 415
599 383
937 394
478 793
24 588
116 576
630 128
181 460
981 132
141 456
844 534
692 97
905 668
996 499
116 630
193 912
780 966
