100000
657 657
586 586
451 453
457 457
473 472
511 511
623 623
331 331
338 338
431 432
632 632
406 408
541 541
660 660
455 455
537 537
563 564
292 291
683 683
580 580
435 435
514 514
507 506
515 514
508 507
460 459
569 568
463 462
552 553
413 412
537 538
593 596
447 446
600 599
561 561
517 516
415 415
591 593
415 416
592 592
528 528
576 576
495 494
475 477
536 535
475 474
461 461
463 464
521 522
350 350
629 629
451 451
490 490
536 535
425 426
631 631
558 560
526 525
520 519
604 605
354 353
543 543
444 443
403 403
547 546
594 593
530 529
527 526
432 432
462 462
623 624
587 587
406 407
444 447
380 380
410 409
494 493
504 503
674 674
504 503
307 309
746 746
589 588
354 354
445 450
472 471
358 358
414 414
505 506
544 543
672 671
637 637
484 483
430 433
610 609
493 492
572 571
454 454
462 461
720 720
448 450
501 503
500 502
364 363
547 546
615 615
580 581
520 520
381 381
381 380
535 534
394 395
613 612
279 279
535 535
370 371
486 486
413 412
428 428
492 492
513 513
532 534
699 698
465 465
575 574
644 643
499 499
511 512
341 341
435 437
557 558
622 622
476 476
507 507
715 716
540 541
335 337
350 350
453 454
482 481
563 563
475 475
151 151
580 580
376 376
539 539
528 528
713 712
501 500
571 573
439 438
513 513
543 542
775 775
504 504
527 527
324 323
607 606
617 617
375 374
702 703
332 333
595 595
548 547
596 596
504 505
482 482
460 461
548 548
530 530
559 560
513 512
530 529
471 473
710 711
664 663
462 461
444 443
627 628
300 303
515 514
580 579
554 553
483 483
587 587
467 467
452 452
535 537
560 560
501 501
462 463
387 386
418 417
540 540
470 469
432 434
554 555
454 455
473 472
604 605
338 339
652 652
379 378
540 540
416 416
421 421
561 560
421 420
346 345
572 571
560 559
415 414
527 526
446 445
494 494
544 543
274 275
418 417
518 517
710 710
571 571
351 351
416 417
657 657
541 540
483 484
381 380
431 430
355 354
450 449
497 496
394 395
392 392
629 631
335 334
499 498
586 585
617 617
390 389
622 621
323 322
588 587
340 339
597 596
417 417
372 375
344 345
481 480
520 521
462 462
523 523
434 434
555 557
480 479
461 460
419 420
640 640
532 531
589 589
557 557
440 440
534 533
517 517
372 371
480 479
485 484
558 559
516 517
277 277
387 388
478 477
381 380
464 465
432 431
430 430
553 552
382 381
529 529
449 448
514 513
543 542
647 648
617 617
666 666
552 551
545 545
571 571
634 633
497 497
566 566
688 688
385 385
532 533
558 558
504 504
560 559
449 449
445 445
494 495
596 596
437 436
577 576
483 483
483 483
403 403
418 419
666 665
667 667
641 640
577 577
530 530
219 220
589 588
558 558
574 573
591 591
526 525
560 560
455 455
522 522
614 614
426 425
500 500
500 499
509 509
452 451
539 539
473 472
501 500
553 552
497 499
466 465
509 510
541 540
480 484
561 560
354 354
546 545
514 516
531 530
447 447
506 506
418 417
490 489
421 420
572 571
615 615
600 601
306 306
465 464
438 439
448 447
397 396
398 399
602 602
350 350
665 664
603 603
455 456
352 352
448 450
676 676
587 588
405 405
531 530
465 465
381 381
441 442
554 554
284 283
522 523
560 561
705 707
513 513
558 558
573 573
488 488
452 451
456 455
385 385
376 376
644 643
570 571
501 501
436 435
602 603
377 377
545 547
252 252
476 480
501 505
602 601
399 399
381 380
399 399
518 518
554 553
608 609
423 425
482 482
517 516
420 420
367 367
665 666
354 353
540 540
379 379
506 506
664 663
532 531
569 568
588 587
578 578
600 601
389 388
441 442
421 420
601 604
455 454
482 481
660 660
446 445
483 482
285 285
464 463
389 389
441 443
548 549
505 504
463 464
493 492
720 719
586 586
507 506
528 529
541 542
439 440
651 650
636 635
414 415
440 439
588 589
568 569
557 557
685 686
606 606
446 445
491 490
472 473
375 375
501 502
582 582
431 432
579 579
355 355
428 428
615 616
727 727
394 393
493 493
591 591
634 637
510 509
428 427
462 461
607 607
603 602
452 453
566 565
491 491
669 669
328 327
482 482
452 451
625 626
392 392
569 568
457 456
567 569
538 540
394 394
654 653
667 667
594 593
503 504
506 505
444 444
320 319
540 540
428 428
434 436
643 643
436 437
274 275
320 319
462 461
445 447
514 514
615 614
594 595
522 521
424 423
576 576
447 447
555 555
375 375
318 317
554 553
485 484
392 392
530 532
547 551
685 684
362 362
668 669
298 297
555 555
471 470
399 399
727 726
423 423
591 591
470 474
623 623
532 531
375 375
392 392
323 322
408 407
472 471
694 694
409 409
361 361
443 442
443 445
377 377
452 455
478 477
469 469
549 549
421 420
366 367
414 414
609 609
580 581
486 486
571 571
372 371
266 269
445 444
447 451
472 471
348 347
330 331
721 721
577 577
602 601
392 392
531 531
510 509
433 434
544 544
434 434
485 485
489 489
627 628
451 450
678 679
517 517
360 360
509 509
253 254
625 624
537 536
581 581
477 478
512 511
638 638
594 593
404 403
507 506
389 389
515 516
514 513
409 411
429 428
505 504
560 559
510 509
474 474
540 539
483 485
542 541
615 615
378 378
649 654
347 348
558 558
664 664
467 466
590 591
348 347
451 451
547 547
509 510
513 512
628 628
735 736
460 460
688 688
464 463
619 619
411 411
575 575
457 460
692 692
595 594
584 583
435 436
440 441
445 444
550 549
313 313
551 550
633 632
613 613
606 606
581 580
542 541
547 549
611 611
621 621
525 525
535 534
600 600
382 383
547 547
386 386
587 586
493 495
376 376
499 498
543 542
540 540
385 385
400 401
545 544
436 438
431 431
492 494
550 549
364 363
514 514
458 457
314 313
584 585
505 505
553 552
552 551
605 605
644 644
362 361
673 673
725 724
566 565
404 404
414 416
653 652
464 464
539 539
489 489
656 655
530 531
616 616
605 605
527 527
384 384
475 476
769 768
581 582
426 425
621 622
500 500
553 552
450 451
574 574
491 493
329 333
541 541
482 482
541 541
323 324
507 507
506 506
380 380
485 485
448 447
440 440
497 496
519 519
357 356
443 442
442 444
430 429
278 278
517 518
465 465
554 559
516 515
461 462
387 388
424 423
365 364
501 500
484 483
697 698
444 443
543 542
491 492
561 561
472 471
505 505
468 468
592 592
483 488
518 517
271 271
613 615
571 571
580 579
443 442
556 555
409 409
506 506
580 580
593 597
410 409
530 530
539 538
582 584
500 499
712 712
616 615
526 525
404 403
697 696
554 554
351 350
578 578
601 602
414 414
602 602
480 483
438 438
562 563
597 598
419 419
461 463
441 441
528 527
514 513
434 433
499 498
517 516
593 593
330 331
609 609
421 420
523 522
298 298
349 348
553 553
437 436
425 426
511 510
499 499
409 409
490 490
563 562
554 553
509 508
545 545
496 495
395 396
486 490
645 647
628 627
449 449
553 554
383 384
445 444
439 438
564 563
569 568
469 469
746 748
533 532
406 405
570 570
396 395
516 516
470 472
431 431
533 532
639 640
450 450
725 725
540 540
359 358
349 349
438 439
373 372
545 545
556 556
435 435
597 597
715 716
453 452
414 413
456 456
370 371
354 354
523 522
598 600
629 629
448 449
392 391
671 675
482 483
540 541
482 482
380 379
464 464
640 639
594 594
710 710
396 396
709 708
581 581
479 478
358 358
502 502
555 554
469 471
339 338
399 399
464 464
334 333
545 545
499 498
497 498
400 400
485 484
497 497
457 458
524 525
615 615
482 481
747 747
534 534
511 510
649 649
367 367
351 350
554 554
397 396
630 630
440 440
608 609
555 555
423 424
548 549
582 582
329 329
440 439
566 565
538 541
611 610
357 358
587 587
600 600
609 608
584 583
386 385
387 386
729 732
386 386
511 511
746 746
438 440
495 497
574 574
501 501
492 491
196 196
606 608
448 447
523 522
499 498
445 444
508 512
286 285
485 484
639 639
547 546
622 622
633 632
543 544
428 429
272 272
476 476
528 528
525 524
367 368
693 692
434 433
656 656
491 490
410 410
437 438
437 436
266 266
271 271
581 580
635 634
432 432
361 360
611 612
294 293
410 410
764 763
333 333
718 717
614 613
419 419
577 577
516 516
605 605
538 538
588 588
351 350
429 428
658 657
573 574
475 475
714 714
423 423
465 464
620 620
473 473
366 367
732 733
317 317
358 359
640 640
320 319
324 325
498 497
432 432
544 543
483 482
521 523
549 548
507 506
388 389
616 615
683 682
476 476
824 824
493 492
421 422
477 477
540 540
485 487
405 410
546 546
615 620
640 641
693 692
293 293
532 532
610 610
460 459
472 471
499 498
262 263
477 476
497 497
505 504
295 297
420 419
611 611
445 445
560 559
448 448
412 416
565 564
481 480
499 498
602 606
461 460
491 491
464 464
395 396
379 379
493 494
466 466
566 566
563 563
542 541
623 623
408 408
620 620
483 483
526 527
711 712
570 570
346 346
462 461
553 554
326 325
370 370
393 393
648 648
504 506
332 333
490 489
524 524
495 494
403 403
442 445
527 527
395 395
502 501
496 497
680 681
540 540
318 317
582 581
381 380
514 513
560 560
530 529
557 558
518 517
598 598
397 397
475 474
400 400
622 622
411 410
461 460
449 448
525 525
583 582
681 681
272 275
498 497
468 469
557 557
401 400
625 625
397 396
437 438
727 727
416 415
488 488
380 380
515 515
664 664
190 190
389 389
595 595
599 601
594 594
385 385
537 537
625 625
667 667
580 582
596 596
525 524
355 354
441 442
346 346
530 529
602 602
441 444
681 680
592 592
583 582
372 378
664 664
710 711
444 444
544 545
562 561
489 490
537 536
585 585
842 841
620 620
655 654
477 479
448 448
531 530
555 556
351 353
483 485
529 531
317 316
466 469
534 535
575 574
603 603
434 436
492 492
667 666
623 622
455 455
498 499
694 696
572 574
491 491
513 514
540 539
459 458
562 562
502 501
497 496
491 490
589 588
464 463
427 426
451 451
631 631
393 392
743 744
400 401
543 545
589 588
408 410
480 481
529 528
672 673
530 532
299 298
505 506
310 310
476 475
504 503
581 581
703 702
415 415
441 441
548 547
518 518
562 562
624 624
500 501
528 528
421 421
476 476
402 402
538 537
444 446
449 448
543 544
516 515
537 536
539 540
359 359
455 455
676 675
436 436
591 590
518 519
574 574
494 499
481 481
496 496
551 550
545 545
617 616
461 461
411 410
473 472
719 720
558 558
659 659
493 492
451 451
818 817
203 202
486 485
584 584
395 394
517 517
503 502
627 626
621 621
463 463
471 472
439 441
455 455
186 186
552 553
487 487
386 386
529 529
599 598
532 533
345 344
392 392
463 463
452 451
448 447
606 605
434 434
773 772
733 734
479 479
563 562
470 469
642 644
494 493
615 614
402 401
675 674
502 501
534 534
620 620
495 494
517 517
570 569
392 393
314 313
366 366
362 361
529 531
544 545
618 618
501 500
535 535
476 475
444 444
624 624
400 399
434 434
454 454
584 583
389 388
477 477
586 586
446 445
431 430
415 415
264 264
531 530
445 444
591 590
345 344
464 464
582 582
656 658
569 570
374 375
465 465
542 542
372 372
532 532
278 277
492 492
470 470
418 417
437 438
702 702
673 674
331 333
464 464
533 533
535 536
534 534
313 312
479 479
449 448
457 459
541 542
444 445
437 437
395 394
447 446
503 504
513 512
470 470
444 444
472 472
527 526
370 369
548 547
609 610
505 505
397 398
393 393
492 492
554 553
390 389
465 464
614 613
542 543
494 493
579 579
489 488
502 501
421 420
471 474
418 419
493 492
396 396
353 352
429 430
326 325
527 527
369 374
676 677
571 570
506 505
361 360
822 821
559 559
269 268
606 605
453 452
567 566
553 552
481 482
325 324
387 386
689 689
437 438
405 404
356 356
390 390
401 400
391 391
474 476
442 442
471 471
297 296
583 582
561 563
457 457
582 581
604 604
506 506
527 528
724 725
500 502
588 588
530 529
511 510
395 395
399 400
313 313
554 553
530 530
561 562
510 509
596 595
450 449
736 736
611 610
380 380
564 563
456 458
446 446
470 469
346 345
405 406
485 486
397 397
555 556
686 685
526 525
402 403
340 341
391 391
464 463
417 417
412 412
558 558
493 492
618 624
508 507
460 459
390 389
499 498
575 576
420 422
455 455
326 326
534 533
485 488
613 613
547 546
685 684
338 337
572 572
361 361
500 500
620 619
398 398
581 580
446 447
451 452
442 443
309 310
590 590
389 389
504 503
577 579
634 638
561 561
455 456
444 443
581 580
536 536
492 491
385 388
670 669
474 473
456 455
651 650
411 411
662 662
415 414
648 649
474 473
612 611
425 425
456 455
556 557
651 650
575 575
542 543
407 406
727 728
450 449
386 389
486 485
427 430
604 604
423 423
584 583
541 541
515 514
488 488
505 510
403 403
566 568
559 560
461 461
635 640
544 543
402 401
576 576
408 408
334 334
558 558
459 458
539 539
317 317
488 488
409 408
618 617
349 349
636 635
317 317
548 548
349 349
596 596
491 490
472 471
512 512
559 558
547 547
494 495
262 262
560 559
338 338
359 359
594 594
413 412
424 423
289 288
415 414
474 475
615 615
528 531
509 508
474 474
628 627
538 537
549 550
325 325
661 660
583 584
560 560
478 477
630 633
533 532
375 374
662 662
567 566
441 441
599 598
576 577
545 544
528 527
511 511
414 414
412 412
511 510
616 615
480 479
491 492
504 504
599 598
610 612
502 501
458 458
598 599
638 639
628 627
562 561
573 573
470 469
422 421
488 489
473 472
367 366
521 521
537 536
523 525
454 453
557 557
506 506
591 591
721 721
402 402
378 377
546 545
723 723
297 298
402 402
420 420
412 411
320 319
588 587
541 540
561 563
545 545
525 525
475 475
308 308
707 707
472 473
463 462
719 718
558 557
433 433
458 458
560 561
644 643
655 655
655 654
553 552
563 563
628 627
390 389
501 501
659 659
586 586
413 417
563 562
606 606
591 592
527 526
536 539
571 570
697 697
478 479
592 592
641 641
244 243
468 467
628 628
585 584
475 475
623 623
326 326
430 430
546 546
489 488
676 677
529 528
595 595
360 359
535 535
494 494
523 522
528 527
628 628
444 443
375 378
552 552
628 628
362 361
393 396
545 544
579 578
411 411
476 475
382 383
607 606
560 561
537 537
453 452
456 456
495 495
508 507
648 647
542 542
517 517
515 515
621 620
437 436
477 477
538 537
631 630
590 590
517 517
651 651
624 624
605 604
482 486
551 550
536 536
448 448
468 467
606 606
407 406
483 483
451 452
479 481
569 569
492 492
470 469
577 576
457 457
508 507
670 671
548 548
298 298
611 610
632 631
469 470
513 513
351 350
391 390
361 360
601 602
573 573
482 482
491 491
466 466
541 541
414 413
622 621
562 561
330 329
631 630
246 246
488 488
497 498
369 369
424 424
578 579
371 371
465 464
536 535
476 475
495 494
368 368
663 663
641 640
404 403
523 523
558 557
507 508
525 524
593 592
458 458
619 618
548 549
527 527
571 570
265 265
373 372
493 492
413 413
464 465
590 589
374 376
587 588
366 365
436 435
604 605
489 488
409 410
555 555
394 393
545 548
563 562
486 486
416 415
700 701
423 424
494 494
483 482
592 591
421 421
355 357
654 653
449 448
479 480
469 469
705 707
324 325
470 472
538 538
548 549
543 543
572 571
479 480
474 473
517 518
470 470
450 449
604 604
613 612
433 433
545 544
382 382
420 420
482 482
394 394
564 564
507 511
581 580
623 623
185 185
530 530
472 474
647 646
516 516
430 433
505 505
514 514
431 430
524 525
583 585
612 612
565 564
399 399
399 398
519 519
525 524
493 495
598 597
649 649
518 519
397 397
604 606
526 527
340 339
614 615
680 680
403 403
487 487
585 585
835 834
308 307
354 354
439 438
458 459
487 486
486 486
645 644
394 393
443 443
627 626
464 464
530 530
456 457
395 394
657 660
452 452
461 461
546 547
556 556
625 625
516 516
466 465
562 561
487 488
466 465
444 443
442 443
571 570
578 577
537 536
493 495
315 314
495 495
364 364
316 315
547 548
649 649
593 593
418 417
618 618
458 457
437 437
580 580
577 578
267 266
641 640
493 493
483 482
481 480
400 399
470 469
527 526
536 536
607 609
503 503
422 422
641 641
584 583
340 340
605 605
471 470
505 504
379 378
549 549
493 493
363 364
415 415
457 457
599 598
455 458
434 433
682 683
658 658
602 602
572 572
572 571
470 472
509 509
476 477
390 389
472 471
480 480
407 407
405 404
426 426
521 524
575 576
558 560
512 512
568 568
414 413
399 401
657 656
405 404
420 421
713 712
494 494
480 481
422 422
520 520
369 368
435 434
393 394
434 437
612 611
522 521
547 548
323 324
440 440
441 441
542 541
532 531
478 478
378 378
831 830
599 600
404 404
731 734
432 433
532 532
508 510
591 590
561 564
418 421
444 444
464 464
593 592
373 374
431 432
604 604
618 620
610 610
479 478
287 288
520 522
302 303
569 571
516 516
485 485
425 425
569 569
441 441
547 546
453 452
542 541
519 518
510 510
519 520
675 676
456 456
402 403
581 583
373 374
394 395
464 463
566 567
388 388
601 601
633 632
442 441
413 415
541 541
531 531
491 491
397 396
304 303
531 531
413 413
391 392
572 572
412 411
363 368
451 453
606 605
463 462
562 561
487 486
466 466
604 604
426 426
579 579
606 605
443 443
615 616
426 426
546 546
537 536
423 422
556 556
436 437
384 386
469 469
466 465
550 550
398 397
604 604
494 493
600 600
671 671
558 558
640 639
588 588
554 554
443 443
593 594
482 482
525 526
548 548
541 541
411 411
625 625
448 454
427 426
407 406
267 267
537 536
402 402
450 449
400 400
753 756
651 651
386 385
514 514
278 278
480 479
517 516
575 575
423 422
525 525
476 476
391 390
461 462
508 509
512 513
598 597
518 518
503 503
428 427
457 457
512 512
447 451
593 595
713 713
377 376
370 369
368 367
472 473
465 464
536 536
542 542
491 491
477 476
632 631
431 431
546 546
531 532
280 281
606 606
510 511
436 437
422 421
443 442
422 422
531 530
453 453
648 647
595 594
489 488
620 622
470 471
591 591
520 521
637 636
528 528
464 467
320 321
438 438
521 523
478 477
682 682
638 639
361 362
381 381
631 630
436 436
598 597
336 335
487 487
559 561
729 729
255 255
450 451
419 419
715 715
568 567
469 471
481 483
305 304
459 459
646 649
411 411
561 561
546 547
512 511
621 622
632 632
380 379
516 516
602 602
408 407
391 390
459 458
636 637
404 403
673 672
377 377
422 422
371 371
494 493
508 507
596 596
461 460
491 492
647 649
513 512
562 564
469 473
457 458
651 652
704 703
475 474
420 420
417 417
388 389
503 503
647 647
487 486
532 531
400 399
596 596
493 493
658 657
527 527
557 557
436 435
417 416
329 330
589 588
395 394
621 621
499 499
497 497
304 304
518 518
411 411
648 649
491 490
483 485
471 470
522 521
778 779
591 591
543 543
437 439
517 519
465 464
589 591
476 475
581 582
489 488
359 361
406 405
495 495
566 565
482 481
553 552
702 701
589 593
600 601
560 560
519 519
465 465
402 401
615 614
609 608
647 647
515 518
547 548
420 419
580 579
461 463
474 474
451 450
730 731
603 602
423 423
477 477
699 699
390 392
347 347
507 507
453 452
487 487
603 605
435 436
450 452
550 550
443 442
454 453
428 427
451 450
473 472
532 531
644 644
598 599
276 276
556 555
564 565
522 523
362 362
578 578
494 494
500 501
694 693
563 562
550 549
390 389
405 405
543 543
617 616
412 412
338 338
401 400
321 322
426 425
418 418
465 464
545 546
578 579
430 430
667 667
428 429
601 602
535 534
473 472
473 474
591 594
386 385
522 522
544 544
685 684
397 397
527 526
497 496
477 477
552 551
397 397
410 410
544 543
458 457
447 447
608 609
482 483
551 552
492 492
607 606
426 426
515 517
521 521
496 496
581 582
565 564
475 474
522 523
466 467
519 518
423 424
483 483
401 402
369 370
535 536
531 531
597 597
603 602
513 514
410 409
442 444
641 642
459 458
375 375
511 510
670 670
344 346
389 389
399 399
448 448
501 503
593 595
569 569
456 456
349 349
373 372
365 366
455 454
450 452
522 522
445 445
599 598
539 538
473 474
417 421
614 614
560 560
423 423
465 465
454 455
537 537
343 344
402 402
410 411
521 527
511 511
555 554
368 368
437 439
620 620
489 489
520 519
547 548
493 493
587 586
508 507
448 448
551 553
629 631
488 488
476 477
535 537
558 557
386 385
601 601
489 489
394 394
475 476
411 413
387 387
521 520
425 424
535 535
388 388
461 460
643 648
401 403
457 456
516 516
489 489
594 593
520 519
560 559
702 702
524 524
467 467
499 498
442 442
451 451
505 504
431 431
396 396
530 536
555 554
579 578
636 637
257 257
416 415
596 597
540 540
368 367
530 529
520 520
581 583
487 487
559 559
571 571
616 616
551 550
449 449
256 258
469 468
388 390
592 593
738 738
662 662
433 433
532 533
445 444
448 448
344 345
666 665
668 668
702 702
543 542
481 481
723 722
412 412
705 704
562 561
620 619
528 529
285 286
335 334
378 379
474 474
347 347
615 616
464 463
490 490
392 392
373 374
233 234
433 433
311 311
556 556
609 609
492 492
375 376
555 554
643 643
405 405
580 580
563 564
264 265
358 357
445 447
540 540
372 371
375 374
482 482
506 505
435 436
436 436
475 475
451 455
462 461
718 718
673 672
447 446
676 676
498 498
381 381
452 451
505 507
379 378
567 567
527 527
384 385
577 577
277 277
484 483
662 662
602 603
475 474
384 388
464 464
416 415
451 450
658 661
516 515
480 480
599 599
376 378
320 319
466 467
557 557
526 526
588 588
506 509
541 541
556 555
485 485
528 528
589 589
581 580
456 455
574 574
629 628
577 578
669 668
459 460
377 377
539 539
423 423
526 525
371 371
562 562
516 516
519 519
396 395
401 400
563 563
461 461
528 527
626 626
462 461
515 514
479 478
479 480
598 598
466 465
586 586
456 455
492 493
412 412
347 346
288 288
457 456
402 403
471 470
460 460
583 583
528 529
466 467
250 249
561 561
530 529
563 562
318 319
496 495
407 408
303 303
525 526
524 523
276 275
517 519
351 351
488 487
575 576
683 683
656 655
406 405
381 380
393 392
496 495
515 515
635 634
440 440
403 403
512 511
537 536
853 853
462 464
667 666
498 499
541 540
498 497
498 500
531 530
544 545
453 453
505 504
343 342
552 551
416 416
335 335
437 436
387 388
486 486
424 424
430 430
336 336
411 411
542 542
527 527
606 605
515 515
555 555
539 538
587 587
635 635
580 581
410 410
412 411
351 351
495 494
394 393
589 589
395 395
512 514
603 603
446 446
466 467
477 476
306 306
606 606
432 432
335 336
494 493
549 548
734 734
485 484
465 464
655 654
557 558
726 725
517 519
546 549
434 434
406 408
476 475
616 616
308 307
572 571
382 382
404 403
430 430
600 600
554 553
476 475
582 582
576 576
377 377
325 325
330 331
669 668
319 318
435 434
635 634
621 624
530 529
442 442
407 406
472 472
511 510
406 405
371 372
347 347
581 581
415 414
587 587
289 288
461 463
375 374
421 420
672 672
524 524
330 330
514 515
335 334
516 515
501 501
547 546
559 558
658 657
526 525
497 496
462 464
560 559
474 473
596 596
459 459
584 583
514 514
470 470
543 542
440 440
509 508
319 319
329 330
506 506
520 519
603 603
467 467
588 588
559 558
462 462
443 442
417 417
399 399
273 273
529 528
487 487
302 303
535 536
436 436
658 657
510 509
440 440
557 558
398 397
535 535
523 523
520 519
484 485
379 380
260 260
392 391
711 711
463 463
657 658
429 428
463 462
645 644
271 272
566 565
617 620
395 397
508 507
429 428
545 544
445 446
364 365
450 450
458 458
433 433
461 460
557 556
307 306
515 514
583 582
541 541
503 502
459 459
505 505
492 491
398 398
378 377
372 371
686 685
579 578
360 360
535 535
461 461
423 425
686 687
546 546
565 565
539 542
327 329
486 485
483 484
443 443
526 526
375 377
350 351
397 396
566 567
438 438
437 436
465 465
588 588
530 531
480 479
526 528
293 292
694 695
634 634
457 457
628 627
528 529
454 454
460 459
640 642
447 446
300 300
574 576
520 520
507 506
498 499
530 530
537 536
386 386
545 545
477 476
564 564
529 530
617 617
566 565
484 484
553 555
515 516
400 400
614 613
539 538
589 589
352 351
530 530
485 484
590 589
413 412
531 531
394 393
456 456
775 774
423 425
455 454
617 617
494 494
500 500
568 567
592 592
372 372
560 560
470 473
591 590
371 371
390 391
519 520
499 500
576 575
612 612
301 302
374 375
350 350
371 372
481 481
489 488
530 530
638 638
459 458
571 572
504 504
667 668
404 405
278 278
464 464
554 555
414 414
454 453
729 728
493 492
587 588
440 440
498 498
490 489
450 449
637 637
508 507
340 339
640 639
507 507
523 524
640 640
477 477
490 489
477 476
294 293
532 531
546 547
489 488
313 312
554 554
305 305
387 387
334 333
290 289
534 533
513 512
342 342
464 467
391 390
534 534
457 458
494 493
636 636
495 495
561 560
466 465
388 387
658 657
478 480
588 588
584 583
442 443
252 252
482 482
449 449
552 553
291 291
354 355
437 438
492 492
491 491
635 635
411 411
516 515
607 608
676 676
408 408
292 294
567 566
542 541
681 680
485 485
519 519
494 493
461 461
306 306
424 427
460 459
413 412
555 556
540 540
232 231
521 521
380 380
570 574
467 466
560 559
511 511
361 361
648 647
512 513
409 408
522 523
462 463
586 585
450 450
608 609
469 469
591 591
386 387
625 625
427 427
586 587
689 689
504 503
363 362
413 415
421 421
699 699
426 425
516 517
618 617
591 591
540 541
462 463
466 465
538 538
526 525
590 591
559 558
496 495
511 512
351 351
385 384
417 418
607 609
472 471
451 450
229 230
458 457
581 583
610 610
504 504
489 489
490 490
449 450
368 369
603 602
399 399
595 595
522 522
670 671
468 467
430 429
403 403
385 384
639 638
600 601
472 472
616 615
420 420
454 453
397 396
507 508
428 428
588 591
428 427
659 658
604 604
506 505
461 461
633 634
406 406
353 353
432 431
321 321
496 495
451 450
384 386
555 555
524 523
475 475
609 609
485 485
474 474
500 499
487 489
574 575
477 477
389 389
526 526
494 495
424 427
399 398
649 648
599 603
461 460
582 582
387 386
472 471
355 355
602 602
560 560
482 483
447 448
699 699
228 228
496 496
563 564
528 527
590 592
610 610
522 523
680 680
662 665
410 409
352 353
497 498
402 403
472 472
642 641
623 623
374 373
436 437
584 584
511 510
282 282
383 383
435 435
522 521
568 568
485 485
423 423
392 392
496 499
517 518
298 298
509 508
582 581
558 558
655 654
517 516
439 444
643 645
550 550
528 530
538 538
339 338
558 557
495 494
655 656
445 444
572 571
387 386
374 373
594 595
541 541
456 460
421 421
465 464
322 323
496 496
525 524
514 514
459 459
575 574
484 483
579 579
600 601
605 605
383 382
534 533
512 511
557 557
679 679
631 631
443 442
446 452
527 527
560 560
522 522
484 484
520 520
596 597
430 431
359 359
582 581
521 520
533 532
495 494
604 605
399 398
555 555
522 522
457 457
475 475
592 592
472 471
346 346
467 467
557 557
552 555
530 530
632 634
405 404
468 467
566 566
450 450
467 466
520 519
396 395
416 415
579 579
585 584
553 552
316 317
670 669
532 532
572 571
388 389
425 425
501 501
495 496
724 723
470 469
564 563
520 520
535 540
424 424
666 665
504 503
501 501
706 706
572 571
334 334
491 490
511 511
512 512
527 526
610 613
562 561
380 380
427 426
338 340
495 495
522 521
483 485
550 550
370 369
432 432
733 735
540 541
670 671
542 541
412 411
521 521
409 410
532 535
323 323
684 684
339 340
554 553
380 380
711 712
588 587
539 538
624 626
439 439
562 562
474 474
418 418
513 512
392 392
634 633
371 371
541 542
619 621
503 503
498 497
590 590
470 469
531 531
474 474
407 407
443 442
431 430
453 454
442 442
551 550
526 525
613 612
498 498
580 579
520 519
578 578
278 278
541 540
476 476
568 567
448 448
451 451
438 437
621 621
635 634
425 426
563 562
182 181
542 545
280 280
593 592
621 621
594 595
361 362
368 368
442 441
549 548
413 412
535 535
251 250
598 597
438 438
614 614
563 563
580 579
608 609
458 458
341 341
557 558
612 612
617 617
412 413
557 556
503 502
473 474
561 562
482 482
464 463
362 361
595 594
702 701
574 573
595 595
498 497
543 542
543 542
566 566
432 432
380 380
533 532
523 522
747 746
705 704
636 636
499 498
489 488
455 455
572 571
523 524
356 356
432 431
270 269
577 576
308 307
626 625
508 507
706 705
564 563
584 583
341 343
510 510
654 653
546 545
294 296
524 523
582 581
428 427
660 661
526 526
508 510
372 372
427 435
343 343
482 484
446 448
467 467
349 350
438 437
330 330
572 571
484 484
444 444
614 613
367 367
547 546
519 518
326 325
508 507
339 339
433 432
583 582
523 523
435 435
361 360
492 491
463 462
451 450
646 646
645 644
488 490
621 621
535 535
523 523
556 555
401 406
272 271
377 377
414 413
721 721
659 660
470 470
621 621
579 580
399 399
431 430
487 486
620 619
431 432
531 530
604 604
502 501
438 438
525 526
525 524
660 660
412 415
675 675
511 512
565 565
497 498
392 391
511 511
397 397
269 268
323 323
560 559
541 542
401 403
456 455
627 629
360 359
400 399
401 400
293 294
336 336
517 516
617 616
629 628
478 477
287 287
477 478
365 365
478 479
384 383
649 648
635 636
505 506
670 671
432 432
485 484
483 483
443 442
504 504
342 343
410 409
561 562
459 459
423 424
505 506
383 382
657 657
582 581
568 567
586 586
347 347
568 567
323 323
601 601
512 512
583 583
582 581
379 379
586 585
556 556
459 458
616 617
577 577
565 564
523 522
450 452
661 661
680 679
501 500
530 529
453 453
616 616
531 532
599 598
425 429
220 219
536 535
425 425
518 518
511 511
549 550
403 406
778 778
508 507
444 444
529 528
574 574
554 557
590 590
528 528
540 539
487 488
494 493
312 311
522 521
371 370
518 518
426 425
294 298
695 694
564 565
515 514
405 404
386 388
406 405
532 532
551 550
646 646
443 442
480 480
500 499
403 403
568 570
568 569
568 567
451 450
513 514
474 474
595 594
433 433
419 418
568 567
515 516
613 612
509 510
684 683
508 507
282 282
363 362
556 555
464 464
574 573
558 557
483 482
586 585
646 646
386 385
655 655
654 655
477 476
616 615
328 327
369 368
484 485
482 482
408 407
503 503
565 565
562 562
510 510
586 585
545 546
541 541
525 524
583 584
525 526
519 519
566 565
579 581
583 583
552 551
345 346
549 550
449 449
543 542
526 525
615 614
467 466
386 386
453 453
515 515
486 485
613 613
590 589
264 263
424 423
574 573
519 518
663 663
464 463
489 488
461 460
599 598
561 562
507 507
587 587
609 608
638 637
587 590
495 495
450 449
546 546
482 482
437 436
506 505
555 555
418 418
640 640
489 489
627 627
401 400
548 548
455 454
471 471
762 761
612 612
547 547
516 516
478 477
504 503
557 557
533 532
456 455
464 464
531 532
416 415
497 496
534 533
348 348
488 487
479 478
547 550
513 513
561 561
712 713
445 445
451 450
573 573
399 399
395 395
345 344
781 781
532 532
505 505
545 544
508 508
414 414
426 426
546 547
428 428
633 633
406 406
358 361
540 541
533 532
521 520
542 542
735 735
434 433
509 509
669 668
542 541
596 597
547 546
499 498
438 439
545 544
375 375
519 519
327 328
570 570
646 647
373 372
613 612
453 453
247 246
446 445
492 492
419 419
550 549
522 524
468 468
532 532
541 541
300 300
593 592
460 460
502 502
698 697
347 350
522 522
495 495
707 710
539 538
688 688
451 451
349 348
454 454
458 458
407 407
500 499
456 457
553 552
446 445
294 293
515 516
416 415
866 865
343 342
389 389
540 539
502 502
515 516
384 385
444 443
426 425
366 366
562 563
497 496
468 467
637 637
412 412
498 498
600 599
570 569
702 703
455 456
275 275
473 476
372 371
512 511
538 537
527 528
396 395
481 481
527 528
426 428
442 442
362 361
522 521
513 512
508 507
508 508
445 445
506 506
508 507
329 330
408 407
483 482
708 708
400 400
547 547
539 539
516 517
526 525
499 498
545 544
420 421
699 699
547 548
484 483
428 427
483 484
742 741
533 532
407 410
559 560
366 366
456 456
575 576
456 456
531 532
475 474
521 522
425 426
651 651
572 572
335 334
351 350
512 513
476 475
551 550
523 525
401 402
731 733
517 516
560 560
548 549
462 461
454 454
660 660
612 611
428 428
414 413
794 793
512 511
591 591
470 470
503 503
507 506
483 482
376 378
570 571
600 599
397 397
624 624
465 464
578 578
547 546
553 553
550 550
385 384
375 374
526 526
412 413
598 597
370 369
631 630
485 485
438 438
514 515
463 462
393 392
522 521
441 441
370 369
422 422
558 558
435 435
717 717
664 664
461 462
299 299
535 535
527 526
512 513
595 595
524 526
558 557
441 445
428 427
292 291
614 614
460 459
599 598
501 502
505 504
421 420
551 552
471 471
531 530
554 554
459 459
522 522
534 534
320 321
427 427
615 615
558 560
586 585
591 590
606 606
518 517
507 507
517 517
588 591
520 520
642 642
441 442
570 571
419 420
431 431
508 507
527 526
303 305
519 519
531 530
387 389
496 496
475 475
500 500
492 493
610 609
410 410
414 413
623 622
446 446
551 551
298 297
609 609
616 615
488 490
492 494
254 257
486 486
467 466
516 516
470 470
367 367
391 390
573 572
622 624
594 593
613 612
697 698
533 532
288 287
530 529
466 466
438 439
570 570
400 400
641 641
613 612
513 513
517 516
500 502
558 559
506 506
571 570
570 570
638 639
385 385
489 489
518 517
623 622
558 558
403 403
315 315
537 537
547 546
588 588
509 510
474 475
475 478
639 638
523 523
316 317
562 561
646 645
734 735
416 416
577 579
449 448
514 513
466 467
453 452
521 521
405 405
400 400
345 345
449 449
653 653
449 448
433 432
354 354
345 344
509 511
481 483
627 628
484 485
378 378
524 525
519 518
547 546
589 591
499 499
501 501
539 538
654 653
651 651
348 347
531 530
471 470
694 695
515 516
671 671
503 503
371 371
593 593
371 371
652 651
435 436
424 425
466 465
405 404
585 586
533 533
571 570
381 380
426 426
664 664
641 640
595 594
414 414
485 484
491 490
580 580
511 511
391 391
474 474
503 502
661 660
476 476
466 465
475 475
623 622
579 579
627 626
283 284
538 539
533 532
402 402
712 712
468 471
529 528
734 739
513 513
678 677
387 387
466 465
477 477
741 742
473 475
500 499
496 495
540 542
461 460
734 734
460 460
544 550
390 389
488 487
238 238
417 417
572 571
379 378
436 436
373 373
572 572
469 469
468 468
445 445
455 454
475 475
519 518
478 482
473 474
378 380
325 328
631 630
603 602
493 496
428 428
549 549
557 557
512 512
511 511
637 638
499 499
443 443
573 572
460 459
754 755
608 610
582 582
486 485
332 332
592 591
400 405
431 431
484 484
340 341
630 630
455 455
630 630
436 436
632 632
361 365
604 603
632 631
444 443
378 377
511 510
576 576
444 444
569 569
505 504
408 407
538 537
576 576
454 454
575 575
421 422
556 555
426 425
459 458
478 478
592 592
522 522
398 397
648 647
466 465
530 530
522 523
462 461
647 647
513 514
444 444
583 582
442 443
604 604
423 422
374 375
518 517
297 298
593 592
529 530
456 455
574 573
520 520
672 672
364 363
583 583
501 501
491 490
591 593
534 533
426 425
352 351
411 410
559 559
507 507
574 574
479 479
496 496
571 570
469 469
599 598
554 553
697 696
641 642
375 376
435 435
425 424
401 403
446 447
404 404
384 386
664 663
650 649
641 642
486 485
461 461
474 474
558 557
610 610
700 699
574 575
612 612
580 580
360 360
492 492
432 431
546 546
417 417
641 641
411 410
495 495
544 543
573 573
463 462
600 599
363 364
439 438
440 441
439 438
515 516
480 482
660 661
492 492
561 560
336 337
508 507
505 507
377 378
559 558
562 561
602 601
545 546
516 516
444 445
355 355
675 674
560 562
369 369
413 413
449 449
351 351
401 401
471 470
606 606
380 380
413 413
442 444
389 388
461 461
532 532
640 639
395 394
495 495
378 377
355 354
433 433
442 442
330 330
495 496
437 436
440 440
621 620
547 546
540 539
568 568
550 553
530 530
497 496
450 450
641 641
401 402
432 431
536 536
354 356
483 482
650 651
501 501
497 498
463 464
583 583
481 484
448 448
366 368
559 558
468 467
425 425
394 394
526 526
577 577
386 386
424 424
590 589
537 537
494 494
353 352
408 407
672 672
579 581
462 462
656 655
614 615
481 481
569 569
416 416
476 476
536 535
495 494
638 640
291 291
627 627
523 522
674 674
627 626
539 540
347 347
536 537
461 461
629 628
662 662
633 633
579 580
786 786
536 536
601 600
529 530
559 558
528 528
487 487
533 534
532 532
643 644
335 335
505 505
443 442
611 610
584 584
510 510
530 531
494 494
378 377
341 341
483 482
558 557
474 474
370 371
274 273
648 647
507 506
446 445
738 738
477 477
609 608
224 224
728 731
499 499
451 452
628 627
429 429
449 452
635 636
498 498
422 422
550 550
570 569
698 698
503 503
668 667
372 372
454 454
679 679
587 587
483 484
516 515
603 602
462 461
578 577
477 477
699 698
469 471
643 644
419 418
552 555
534 534
702 701
493 492
339 338
413 414
596 596
456 455
395 394
554 555
330 330
613 613
345 344
588 588
545 545
572 571
632 634
462 462
418 418
566 565
554 554
408 408
301 300
508 508
393 392
394 393
499 500
523 522
414 414
616 616
468 467
449 448
428 428
549 549
466 465
448 447
593 592
638 638
647 646
318 317
598 597
398 398
453 452
632 632
544 546
488 490
533 532
396 395
448 447
713 716
530 530
357 357
583 583
403 402
549 549
464 464
326 325
709 709
492 491
455 455
415 414
567 567
529 531
322 322
398 397
483 482
464 463
562 561
563 563
653 653
336 335
664 664
533 533
434 436
240 239
596 596
489 488
599 599
357 357
361 360
525 524
593 593
470 470
349 349
498 499
495 495
586 586
552 551
409 408
467 466
560 559
468 468
558 558
501 500
468 467
305 306
546 546
367 368
486 485
534 533
466 466
569 569
441 440
416 419
605 605
337 339
437 436
382 382
328 327
602 602
471 471
321 324
493 493
485 484
582 585
492 493
389 389
593 593
606 605
627 628
666 666
723 725
571 571
631 630
558 560
350 351
450 449
439 441
527 527
428 428
368 367
453 453
605 604
565 565
427 426
460 460
540 539
479 478
491 490
413 416
460 460
546 547
550 552
348 348
649 648
352 352
503 503
398 398
439 438
577 577
601 601
330 330
518 518
744 743
635 635
415 416
636 635
516 515
364 363
461 461
507 506
477 478
581 580
490 489
414 413
526 526
449 449
549 549
426 425
628 628
583 587
518 517
562 562
632 632
337 337
617 617
490 489
495 495
534 533
685 686
553 552
410 409
633 632
600 599
390 391
304 303
523 523
339 339
536 540
461 460
471 471
466 465
571 572
516 516
509 508
500 499
530 531
630 630
548 547
566 566
447 448
322 321
506 507
576 576
495 494
491 490
400 400
556 556
574 575
508 511
659 658
561 560
565 565
548 547
635 634
503 503
474 474
476 475
529 528
497 497
436 439
635 635
411 410
423 422
550 550
330 331
412 414
567 568
447 446
571 570
636 638
619 620
303 302
456 456
463 463
627 627
553 552
539 539
371 372
478 479
622 622
673 673
542 545
811 813
305 307
495 494
427 427
438 437
459 460
629 629
538 538
401 403
741 741
633 635
612 612
427 426
636 635
501 500
524 523
410 414
444 444
672 671
502 502
625 625
472 472
444 443
488 488
546 545
402 402
601 601
404 403
472 471
594 594
456 456
541 541
543 542
593 593
330 329
443 442
243 244
609 610
408 409
342 343
517 517
611 610
434 434
409 410
383 383
600 600
512 511
392 392
680 680
589 588
438 437
529 528
422 422
440 439
290 291
460 461
252 252
519 519
331 333
435 435
613 613
516 515
433 436
564 563
686 686
475 474
634 633
534 534
623 622
453 454
423 425
478 478
448 448
618 619
524 524
653 653
394 395
400 400
480 479
325 324
695 695
491 490
400 401
615 615
432 431
402 402
483 482
531 533
571 571
492 492
475 474
502 501
272 272
477 477
515 515
552 551
549 551
541 541
569 569
412 411
525 524
488 487
356 355
614 613
650 651
628 628
565 565
360 359
381 381
366 365
516 515
472 471
504 503
437 439
413 413
674 673
511 512
639 638
626 625
527 527
589 588
475 474
459 458
477 477
384 383
324 323
510 511
536 539
492 491
512 511
520 520
581 581
489 489
744 743
538 538
477 477
487 487
647 646
582 581
447 446
269 268
441 440
725 724
618 617
765 764
389 389
610 610
394 393
566 566
574 576
349 348
548 547
659 659
511 511
502 501
564 564
482 482
512 513
674 674
592 591
514 516
579 578
477 476
578 577
639 641
574 574
288 289
700 701
581 581
388 387
508 508
355 356
386 385
445 445
444 444
348 348
321 320
483 483
390 390
493 493
547 548
600 600
527 529
368 367
509 511
343 343
440 440
426 425
521 520
573 572
484 483
481 481
561 562
404 403
475 475
407 407
614 613
571 570
373 374
458 458
726 726
479 478
689 689
537 537
417 421
546 547
582 582
379 378
613 613
460 461
544 544
604 603
640 639
551 552
580 579
590 591
444 444
778 778
550 549
577 576
688 687
496 495
394 393
579 578
576 576
549 549
539 539
351 351
418 418
511 511
721 723
500 500
250 250
394 395
407 406
487 489
404 405
359 360
646 646
561 560
327 331
525 526
386 387
265 266
473 472
573 573
554 553
527 527
642 642
602 602
417 417
399 399
581 580
427 426
535 534
437 436
572 571
573 573
611 611
374 373
524 523
433 434
560 561
518 518
453 452
415 415
478 477
469 468
491 493
410 410
256 255
602 603
482 481
489 491
667 668
604 604
699 698
435 435
565 565
561 561
573 572
404 404
442 441
509 509
469 468
436 435
451 450
397 397
550 550
539 539
603 603
471 471
445 444
186 186
340 340
724 724
414 413
588 587
455 454
462 461
599 600
471 471
398 398
549 549
639 638
316 316
572 571
656 656
506 506
549 548
561 561
388 387
581 582
400 399
556 556
560 562
413 413
491 491
692 691
400 400
482 484
693 693
482 483
384 384
457 456
408 408
398 398
704 705
350 350
341 342
452 451
382 381
475 474
371 372
718 722
453 452
463 463
439 438
562 563
407 407
640 639
581 581
616 616
568 568
448 448
477 477
395 395
481 480
385 384
523 523
464 464
517 517
629 628
638 638
335 335
609 608
483 483
464 463
539 538
464 464
436 435
490 490
421 424
280 280
606 607
439 438
604 603
469 470
410 409
429 429
437 436
445 444
356 356
706 705
360 359
528 528
475 474
575 575
513 512
528 529
399 398
497 497
595 600
389 389
629 629
409 409
443 442
521 521
482 482
500 500
678 679
506 506
495 495
421 420
392 393
594 594
637 637
508 508
548 548
627 628
411 411
295 294
416 415
597 599
533 533
476 476
435 435
542 543
660 660
531 532
518 517
464 463
403 403
409 408
477 478
495 494
370 369
498 498
503 504
393 393
599 599
423 422
540 539
317 317
376 376
452 452
474 473
626 627
514 518
463 462
585 587
436 436
525 524
420 420
508 507
324 324
491 492
404 403
385 385
578 578
445 446
343 342
529 529
373 372
579 579
537 537
379 379
317 318
652 651
478 478
622 621
336 337
405 405
590 590
654 654
491 491
379 379
364 365
439 440
441 441
624 626
592 591
359 359
639 638
467 467
536 535
637 636
603 603
366 365
368 371
451 450
587 587
459 459
527 526
484 484
498 499
587 588
420 419
642 642
477 478
524 524
484 483
488 491
424 424
408 408
562 561
315 314
459 460
511 510
494 494
287 287
479 479
518 520
465 467
282 282
382 381
268 267
544 548
495 496
379 379
448 448
595 597
657 656
317 316
506 506
484 485
499 499
514 514
534 534
451 450
449 449
436 436
331 331
666 666
482 482
477 476
634 633
443 444
313 312
612 612
521 520
508 508
554 553
271 271
379 378
550 550
504 503
711 710
400 399
604 613
530 529
391 391
566 566
708 707
491 491
539 538
587 586
344 343
456 455
581 580
445 449
323 323
604 604
346 345
319 320
638 637
450 449
526 526
505 506
503 502
439 439
548 550
613 615
404 403
676 676
509 508
395 394
619 618
545 544
466 466
332 332
444 443
579 579
368 368
445 444
568 567
696 695
389 388
561 560
603 603
505 504
419 420
591 592
459 458
392 393
463 463
493 494
364 364
577 576
502 502
607 606
353 353
644 644
584 584
563 562
495 497
372 373
418 417
502 502
615 615
625 624
468 467
520 519
505 505
434 434
451 450
377 376
479 478
413 413
413 413
589 590
444 444
406 408
347 346
544 546
415 414
461 461
584 583
455 454
415 414
444 443
572 572
590 590
557 558
712 713
428 427
482 483
372 371
476 477
568 569
599 599
509 508
444 445
358 359
499 501
324 323
536 536
547 547
360 361
419 420
442 443
575 575
581 580
450 449
594 597
705 705
549 548
302 302
451 451
550 550
431 431
395 395
520 523
507 506
474 473
627 627
436 435
644 643
505 506
541 540
454 454
433 434
337 338
579 579
386 386
423 422
551 552
402 401
557 556
452 453
460 461
372 371
541 540
521 520
562 561
582 582
405 404
471 471
655 654
397 396
515 514
434 433
467 468
562 562
367 367
532 531
501 500
306 309
699 699
647 646
572 572
487 486
450 449
631 630
458 459
394 394
410 410
636 635
398 397
426 426
674 676
366 366
443 445
448 447
700 699
488 488
431 432
475 475
612 613
522 524
366 369
459 458
556 555
466 466
503 503
445 445
308 307
665 664
382 384
496 496
578 577
323 322
335 334
372 372
551 553
445 444
522 522
440 439
547 547
530 529
319 321
316 315
402 401
450 450
617 617
503 502
463 463
361 362
576 577
504 504
610 610
288 290
691 691
488 488
394 399
541 540
450 458
568 568
481 481
587 586
427 432
471 470
436 436
654 654
387 386
645 646
455 456
466 466
343 343
513 512
639 643
376 376
501 501
556 556
412 412
742 742
635 636
486 485
455 455
499 499
493 492
543 542
526 526
408 410
528 527
417 423
457 458
592 592
332 331
422 422
465 466
430 429
588 590
676 676
428 428
520 519
767 767
486 485
421 420
452 452
423 423
398 398
565 565
525 524
535 535
529 531
592 593
496 496
557 556
763 763
501 500
461 460
501 502
514 513
342 341
561 561
551 550
551 553
643 642
457 457
693 692
479 479
561 561
591 592
559 558
544 544
470 469
772 771
602 601
538 538
735 734
394 395
548 548
436 435
536 536
361 360
543 543
463 462
432 431
539 538
753 752
535 535
484 483
415 415
476 477
529 529
390 389
567 566
506 506
379 378
507 506
394 394
353 354
328 329
585 585
454 454
509 509
552 553
814 814
628 628
586 586
450 449
514 513
470 469
553 556
630 629
397 397
343 342
638 638
501 501
548 547
586 586
559 558
277 276
599 598
600 601
500 502
605 604
413 413
494 493
422 422
545 544
363 362
357 357
508 508
458 458
415 416
480 479
495 494
634 634
559 562
494 493
363 363
423 424
469 469
450 451
180 179
347 347
541 542
455 454
597 598
306 305
623 624
452 452
385 384
445 444
358 357
585 584
468 469
555 555
663 664
394 397
576 575
505 505
541 541
648 647
423 423
429 430
742 742
518 517
550 549
521 522
689 688
657 657
398 399
470 469
543 546
500 500
533 533
326 326
452 452
532 532
548 548
446 446
460 460
539 538
394 394
569 568
494 494
550 550
471 470
504 505
518 517
456 458
350 349
380 379
472 471
562 562
351 351
394 394
455 454
409 408
473 473
479 478
400 400
456 457
519 521
458 458
617 617
605 604
513 512
414 414
502 504
486 486
431 430
469 469
532 533
493 492
453 452
595 595
481 484
414 413
582 581
618 618
416 416
451 451
535 535
523 522
396 395
571 571
652 651
504 506
690 692
471 471
396 395
638 637
343 342
490 489
563 562
573 572
531 532
303 304
544 545
499 499
441 443
482 482
430 431
542 543
550 549
558 557
470 471
448 448
531 531
466 465
332 332
417 417
291 290
346 348
605 606
340 341
531 531
584 583
583 583
445 445
560 560
566 568
439 438
573 574
572 571
426 426
553 552
490 489
542 542
510 511
560 561
444 443
438 437
469 473
586 585
303 302
453 453
500 499
422 424
455 456
504 503
440 439
489 488
640 639
503 502
565 566
472 471
539 538
632 631
605 608
533 533
386 385
628 631
443 442
572 572
558 558
402 401
459 459
334 334
563 562
663 662
536 537
492 496
268 267
544 544
500 500
559 558
353 354
489 491
581 582
615 614
460 460
495 495
525 526
522 521
498 497
416 415
553 552
463 463
612 612
495 494
720 720
564 563
530 529
418 419
468 468
467 466
397 396
488 489
423 423
456 457
451 450
615 615
331 332
444 445
487 486
432 432
603 603
576 575
645 644
701 701
541 541
531 531
434 433
381 380
425 425
598 598
622 624
367 366
570 569
646 647
395 395
542 544
565 564
492 491
618 618
472 472
479 478
346 346
696 696
384 383
616 616
444 443
561 562
490 492
441 441
440 441
625 627
296 296
362 362
680 681
219 218
611 611
401 400
396 397
594 594
413 413
559 561
652 652
430 429
411 413
526 527
393 392
528 528
524 524
454 455
345 344
549 549
457 458
471 470
443 444
288 288
613 613
524 524
462 462
457 456
437 437
476 477
581 584
563 562
705 704
409 409
639 639
567 567
375 375
779 783
435 434
522 522
533 532
350 351
549 550
407 406
553 554
411 410
620 622
506 507
609 608
455 455
523 524
402 401
587 588
451 452
504 504
663 663
668 667
357 358
623 623
463 463
386 386
485 487
467 467
483 482
526 525
429 429
318 318
380 380
645 645
516 515
501 503
629 629
582 582
228 230
517 516
511 510
527 527
576 575
553 553
535 536
366 365
467 467
564 566
713 713
411 410
608 607
449 452
495 496
434 435
517 516
524 525
626 625
491 491
576 576
556 555
443 442
513 512
511 510
463 462
486 485
640 639
372 372
592 593
701 701
403 403
670 670
423 423
691 691
380 380
596 595
439 440
533 533
426 429
598 598
366 365
462 461
433 434
618 621
687 687
440 440
387 388
473 472
361 360
281 281
437 437
599 602
522 523
549 549
523 524
438 438
572 571
492 494
450 449
625 625
421 420
362 364
470 469
690 689
521 522
580 579
475 474
545 544
512 512
449 451
541 541
519 520
541 541
590 590
385 385
494 493
478 477
412 413
396 396
552 552
450 449
493 493
617 616
618 618
561 561
641 643
429 430
518 518
584 583
290 292
446 446
521 521
620 620
392 392
228 229
667 669
654 654
407 407
484 483
380 380
463 464
423 423
388 389
338 337
569 568
583 583
508 508
499 498
431 432
470 471
556 555
570 569
460 459
484 484
613 613
534 534
597 596
627 628
476 475
508 507
614 613
386 388
579 579
603 604
615 615
438 437
582 581
427 428
522 521
510 512
399 399
351 351
549 548
658 659
483 483
408 407
393 392
628 627
641 640
579 579
482 482
438 440
534 534
452 451
501 502
496 495
679 679
531 530
391 391
539 538
611 614
596 596
582 582
513 513
527 527
358 358
501 501
342 344
632 633
610 609
418 418
536 535
339 338
505 506
438 438
594 594
390 389
574 573
578 577
510 510
509 509
524 523
653 654
467 466
557 560
399 402
561 560
344 343
406 406
491 492
436 436
538 538
408 408
528 528
614 614
466 466
529 528
614 615
332 331
510 510
503 502
454 453
612 612
570 570
562 562
248 249
568 567
499 498
458 458
407 407
668 667
369 369
436 436
517 518
735 737
522 521
515 514
470 470
419 418
448 447
415 416
629 628
633 632
658 658
410 410
339 338
419 418
586 585
609 608
400 399
337 337
391 390
462 464
370 370
579 578
421 421
642 642
439 438
429 428
578 579
591 591
528 530
435 435
415 415
532 532
384 383
581 580
581 582
568 568
612 612
384 383
464 467
527 526
463 462
528 529
477 480
586 586
611 610
424 423
455 454
434 433
425 424
351 352
735 735
663 664
566 566
507 508
526 526
324 324
369 368
618 618
672 673
557 557
447 447
463 463
450 449
576 575
388 388
514 514
420 419
580 581
562 562
297 297
440 440
282 283
339 338
467 466
465 465
378 377
527 529
228 228
431 431
580 580
423 423
436 436
402 401
658 658
639 639
399 399
405 404
582 582
519 519
498 500
573 572
428 427
397 396
440 439
507 506
268 268
394 395
619 619
652 651
449 448
534 533
485 486
528 528
455 455
490 490
581 581
553 554
419 418
557 557
437 436
449 451
575 575
594 593
592 591
620 620
356 355
443 443
475 476
396 395
524 524
494 493
528 529
397 398
571 573
565 565
423 424
479 480
501 501
464 464
403 403
400 400
381 381
476 475
436 436
460 462
525 526
420 419
545 544
622 623
503 502
448 447
616 616
538 538
583 583
522 522
677 677
405 404
596 595
588 588
649 648
496 496
536 536
585 585
469 468
383 384
616 615
478 477
462 461
406 406
347 346
561 561
553 554
369 369
612 612
295 294
389 391
458 460
484 485
622 622
450 450
521 521
359 359
499 499
509 508
475 475
509 508
614 615
446 446
684 685
504 504
391 391
743 745
495 495
451 451
448 447
486 486
344 344
350 349
283 284
655 658
504 505
436 436
621 621
608 609
506 506
478 478
515 516
513 517
526 526
451 451
521 520
531 530
606 607
334 333
522 521
468 467
384 384
652 653
463 462
457 456
436 435
615 617
458 463
483 483
495 495
657 656
558 557
575 574
477 477
436 436
555 555
617 616
437 436
595 595
482 481
662 663
556 555
385 384
555 556
493 493
544 545
645 644
679 678
584 584
359 359
519 518
554 554
518 517
518 518
400 399
545 547
663 663
595 597
340 343
420 423
439 440
584 585
515 516
551 551
524 524
626 629
561 560
701 702
620 619
641 642
295 295
520 519
328 327
421 422
498 498
456 456
774 775
492 493
649 649
574 573
492 491
480 480
464 463
415 414
576 575
456 456
479 478
534 534
448 447
498 497
570 569
591 592
445 447
574 575
478 478
506 505
418 422
345 345
470 470
473 472
457 457
404 403
535 535
489 488
563 562
388 387
497 497
476 475
558 558
470 469
459 458
521 520
328 328
380 380
459 459
480 481
691 692
474 474
419 419
680 679
687 686
598 597
574 573
331 331
600 599
403 405
403 402
463 463
660 659
460 462
335 335
504 504
584 583
417 417
377 382
302 301
497 499
615 616
491 490
584 584
397 398
388 387
558 559
359 358
511 511
396 395
440 441
427 427
370 369
464 464
498 500
609 609
533 532
370 369
556 555
578 577
726 725
630 632
503 503
427 426
519 518
564 564
564 565
709 708
371 370
374 374
419 419
504 504
425 425
481 480
569 569
381 381
538 538
400 399
671 670
583 584
501 500
534 533
328 327
322 321
558 558
583 582
461 461
521 520
528 527
347 347
408 409
516 515
419 419
413 413
681 682
571 572
473 472
593 592
560 561
378 377
371 372
519 520
447 446
466 466
368 367
655 654
455 454
405 406
574 574
368 368
400 400
377 378
378 381
380 384
600 599
506 507
547 546
442 442
558 558
499 499
512 512
493 494
262 262
400 399
483 485
371 370
433 433
585 584
490 490
631 631
564 564
625 625
463 463
471 471
426 425
300 299
567 566
568 569
378 378
499 498
430 430
611 610
609 608
535 536
412 412
487 488
559 560
368 367
370 371
559 558
602 603
537 537
281 280
623 623
376 375
415 415
643 643
584 583
441 441
409 408
559 560
491 492
484 483
353 353
510 511
413 412
523 523
503 506
631 632
449 448
632 631
391 390
470 471
580 580
567 568
656 656
439 438
335 335
427 426
452 452
601 601
549 548
492 493
582 582
413 412
577 578
639 638
360 360
329 332
527 526
305 304
552 552
534 534
599 599
495 496
593 592
507 507
572 572
766 766
492 492
581 581
451 451
301 300
513 513
628 627
460 461
469 472
458 458
511 511
577 577
726 727
592 592
476 475
491 490
484 485
606 605
439 441
536 536
462 463
505 504
555 554
495 494
621 621
360 359
523 523
485 484
412 412
433 435
399 398
322 322
557 557
426 425
530 530
406 406
532 532
533 532
560 565
518 518
723 722
455 454
425 424
512 515
573 572
507 508
382 382
399 399
561 562
397 397
515 514
458 458
377 377
449 448
662 661
463 465
461 460
441 440
449 448
455 456
313 313
576 575
658 658
634 633
668 668
494 493
529 529
339 340
540 540
677 677
181 181
431 430
506 505
458 457
290 290
456 456
492 491
652 652
391 391
456 456
447 446
526 526
643 642
356 356
467 469
414 413
435 435
621 621
347 348
604 604
540 540
550 549
516 517
344 343
510 509
542 541
220 219
445 445
539 539
645 647
558 557
480 480
308 308
455 454
543 544
513 514
507 509
500 500
452 452
557 556
398 397
631 631
712 712
507 507
492 492
735 735
329 329
443 445
402 401
456 456
336 335
542 542
395 394
478 479
451 452
387 386
368 371
511 510
413 412
577 576
607 607
423 424
539 539
483 483
485 485
388 387
653 652
575 576
528 530
600 601
530 530
547 546
529 528
440 439
569 569
427 426
453 453
405 406
558 558
373 372
572 571
451 452
421 420
585 584
551 550
497 496
467 466
627 627
482 482
582 583
481 482
466 465
568 568
508 508
396 396
367 366
666 666
539 539
337 336
764 765
415 414
622 621
579 579
486 486
527 529
513 513
507 507
631 634
572 572
577 577
368 368
409 412
486 488
541 542
346 345
560 559
287 287
477 476
318 318
519 520
544 544
386 387
606 609
536 535
516 516
469 469
193 194
560 560
378 379
525 524
687 687
581 580
493 494
563 562
415 414
538 538
511 511
619 619
447 447
409 408
441 440
546 545
439 438
466 465
668 667
583 583
496 495
497 496
306 306
589 588
445 444
230 231
417 417
601 604
378 377
402 401
472 474
746 745
615 615
313 313
578 577
423 424
506 506
511 510
537 536
441 441
516 515
601 601
497 496
558 561
548 548
574 573
477 476
551 551
504 506
482 483
584 586
477 477
463 462
474 475
363 363
468 469
698 698
394 395
529 529
598 599
424 424
582 581
498 498
497 497
435 435
627 627
527 528
464 464
477 476
563 563
454 453
614 614
407 406
574 574
225 224
605 605
432 432
337 337
570 571
563 564
366 367
774 775
383 382
531 531
608 607
636 636
444 443
708 708
424 428
647 649
496 495
519 518
523 523
400 400
540 539
563 563
257 259
568 568
582 588
653 654
677 678
329 329
540 543
587 586
515 515
609 609
559 558
242 241
502 503
384 384
302 301
705 705
487 486
521 520
458 459
565 564
617 617
727 726
347 347
605 605
589 589
540 539
455 454
613 614
536 536
302 301
454 453
585 585
412 413
350 352
569 568
480 480
576 577
447 448
513 512
529 530
494 496
519 518
495 496
587 586
447 447
543 542
530 530
551 551
378 381
572 572
622 624
404 407
586 585
548 548
711 711
494 493
443 444
506 505
348 348
574 574
428 427
628 629
604 603
321 322
467 467
585 584
633 632
672 674
574 574
385 384
527 527
461 462
557 556
488 488
546 546
559 558
434 434
391 390
587 588
440 441
605 605
505 504
626 625
561 561
446 447
496 495
366 365
460 462
482 482
678 678
432 432
392 392
508 508
506 506
578 578
357 358
392 391
533 533
558 558
595 595
589 588
366 365
722 721
448 450
507 507
458 458
401 401
506 505
487 488
651 651
561 560
407 406
527 527
356 355
544 543
526 525
800 801
482 482
536 535
511 510
452 452
386 386
416 416
408 408
542 542
360 359
564 563
394 394
561 561
656 655
518 518
452 452
466 466
464 463
473 474
369 368
506 506
482 483
489 491
577 577
423 423
541 541
519 520
352 354
632 631
554 553
569 569
563 563
690 689
545 544
533 532
427 428
554 555
739 738
573 574
392 391
520 520
424 423
455 454
298 298
558 559
467 467
561 560
628 628
453 454
634 633
516 515
683 682
486 486
483 484
430 430
471 470
601 602
701 701
647 647
656 656
463 464
533 532
585 585
501 502
486 487
592 592
474 475
460 460
490 490
494 497
512 512
584 584
537 536
487 488
579 580
595 598
532 532
682 682
514 515
598 598
559 558
518 518
487 488
479 478
578 579
543 544
568 568
333 333
537 536
374 374
573 574
506 505
672 673
506 505
600 599
547 548
292 291
536 537
591 591
378 381
414 414
599 601
649 649
498 498
507 507
552 551
634 636
373 373
386 385
343 343
544 545
434 434
476 481
408 407
590 590
365 366
421 420
480 479
436 436
494 493
680 682
476 475
577 577
598 598
533 532
405 405
356 358
522 523
650 651
270 272
678 678
556 555
488 489
454 455
481 481
715 716
655 655
337 338
545 545
845 845
612 614
419 420
450 451
620 619
382 382
571 570
501 500
630 631
553 552
459 459
563 563
639 639
495 498
421 420
492 495
505 504
402 402
385 387
625 624
523 522
424 424
430 430
291 292
423 422
366 365
606 607
452 453
520 521
442 442
592 592
601 601
484 485
443 444
436 435
565 564
398 397
809 808
709 709
440 440
373 374
462 462
442 441
520 522
550 550
484 483
434 434
546 545
615 615
438 437
409 409
385 385
540 539
681 681
475 474
519 521
449 448
477 477
412 411
513 512
384 383
345 344
480 481
644 644
638 637
553 553
512 513
566 566
552 554
638 640
684 684
583 582
454 454
631 634
553 554
418 420
497 496
552 551
461 461
367 367
581 581
396 396
393 393
519 518
440 442
552 551
560 559
575 575
647 647
618 617
297 297
626 625
627 626
537 536
407 407
601 604
334 335
693 692
739 740
447 446
485 484
637 637
416 415
695 695
568 567
465 465
287 286
551 552
436 437
442 443
454 453
527 527
421 421
526 526
606 605
453 452
573 575
454 454
610 610
661 662
281 283
297 297
449 450
553 555
431 430
740 739
612 611
344 343
411 410
510 509
389 388
596 595
409 408
573 572
543 542
513 512
441 441
504 505
517 518
485 485
456 459
335 339
643 643
327 326
499 498
509 509
617 616
429 430
454 453
343 343
447 447
512 511
390 389
572 572
590 590
315 317
558 560
485 485
461 460
362 363
652 656
555 555
593 593
381 383
595 594
290 290
390 390
444 444
426 425
522 521
695 694
419 418
236 236
565 565
521 521
615 617
673 672
560 559
540 540
599 598
622 621
405 404
482 482
585 586
474 474
544 543
414 414
475 474
429 429
370 369
495 494
465 466
434 433
588 587
417 416
496 498
545 545
391 390
585 584
287 286
495 496
383 382
625 625
376 375
678 678
483 483
421 420
546 545
414 414
479 478
513 512
472 473
424 423
599 599
481 484
503 503
536 537
614 614
443 443
516 516
536 535
349 349
629 628
504 503
280 281
539 539
571 571
508 507
474 473
530 530
562 562
521 520
407 408
476 476
475 475
311 312
549 551
581 580
543 542
391 391
564 563
484 489
702 701
451 451
519 520
613 614
549 549
725 725
514 515
491 490
402 401
666 666
633 634
688 688
585 585
499 498
392 391
465 467
402 401
214 214
446 450
329 330
553 554
437 437
547 546
567 567
597 597
403 404
548 550
393 393
515 514
530 529
384 384
475 475
491 491
558 557
675 674
348 350
397 396
573 572
370 370
469 468
423 424
472 471
381 381
612 612
515 514
521 522
512 511
493 492
588 587
310 314
448 448
588 588
405 405
566 567
376 376
508 507
458 457
543 543
637 638
607 606
452 452
557 557
488 489
480 479
393 392
501 501
460 460
591 592
529 529
266 265
502 502
584 584
609 610
570 569
698 698
786 791
518 517
685 686
487 486
404 404
512 514
478 478
693 694
429 429
626 626
197 198
504 504
685 684
568 567
487 490
500 500
545 545
508 508
451 450
493 493
433 432
515 517
541 541
580 579
506 506
596 597
609 609
377 376
323 322
525 525
584 583
409 408
499 500
579 578
782 782
474 473
448 447
569 569
375 375
573 573
371 371
622 624
542 542
624 624
557 557
548 547
474 473
552 552
505 505
454 454
638 638
555 555
415 417
552 556
392 392
502 502
597 596
303 302
451 452
539 540
520 519
235 234
545 544
544 543
493 493
447 448
502 502
488 488
270 269
424 424
608 607
612 611
526 525
518 519
559 559
542 541
454 453
612 611
388 387
417 416
522 522
376 376
598 598
432 431
478 478
403 406
449 450
583 583
439 439
491 490
524 525
358 359
528 527
592 591
744 743
479 481
461 461
476 477
450 449
315 315
556 555
416 415
379 379
290 289
565 564
592 594
452 454
488 488
605 605
502 504
379 381
634 636
560 560
557 558
502 502
397 398
566 569
548 547
472 471
273 272
632 632
477 478
451 452
603 602
558 558
624 623
619 619
530 531
426 425
541 540
439 439
696 695
586 586
497 497
580 580
460 461
536 538
543 544
604 605
520 522
489 490
524 525
604 604
637 636
373 376
508 508
407 408
339 339
471 471
646 646
631 630
449 448
476 476
386 387
575 575
471 471
454 456
453 454
577 577
402 401
530 530
535 534
622 622
652 652
670 670
602 601
366 365
462 461
509 508
555 556
507 506
473 472
324 326
443 442
570 569
545 544
502 502
413 414
633 633
600 600
424 424
402 403
552 552
589 590
783 785
511 511
409 410
583 583
340 340
379 378
494 493
507 506
567 567
573 572
563 562
495 494
710 709
325 325
464 463
732 734
403 404
553 552
515 514
568 568
442 441
552 551
604 603
466 465
608 607
597 596
553 554
452 452
571 572
498 498
575 574
443 443
329 330
507 507
397 396
364 364
594 595
497 497
656 657
465 466
544 545
558 559
468 469
548 547
529 529
615 616
551 550
385 385
574 574
469 469
304 304
460 461
412 412
417 416
564 563
699 699
531 531
460 463
512 511
510 510
558 558
514 513
346 346
589 589
401 400
339 338
594 593
582 581
709 708
454 454
562 562
693 693
556 556
608 609
529 528
709 709
612 612
562 563
654 654
492 491
419 420
566 568
457 457
590 590
482 481
459 459
591 590
530 531
574 574
477 476
453 452
683 683
434 433
688 689
522 523
336 336
601 602
542 541
392 392
271 273
603 604
554 554
622 622
400 399
442 442
739 738
394 393
349 348
592 592
418 418
371 370
439 438
499 498
693 692
406 405
362 361
602 602
488 487
383 384
429 428
716 718
514 514
600 599
546 546
514 514
593 592
467 468
555 554
496 497
399 400
540 539
358 358
411 411
458 458
569 570
526 525
530 530
747 748
548 548
282 282
373 373
572 572
283 283
565 564
445 444
347 351
510 510
677 677
494 494
524 524
488 489
510 510
497 496
510 510
439 438
422 422
589 590
388 389
236 238
596 596
475 475
427 426
478 477
361 363
597 598
538 537
693 693
407 407
357 357
480 480
424 423
478 478
612 611
358 357
576 576
554 557
627 628
528 528
539 539
474 473
527 528
488 487
537 537
426 427
638 638
482 486
663 663
487 488
438 438
477 476
479 478
444 446
609 608
456 456
187 189
395 394
369 370
419 418
509 508
610 610
614 616
335 334
522 523
580 580
375 375
612 611
607 608
538 538
574 574
318 320
464 465
509 509
497 496
202 203
314 314
442 442
653 652
593 593
574 573
449 448
505 506
532 533
509 509
516 515
613 614
224 228
440 439
605 604
422 421
665 665
464 464
444 443
429 429
358 358
715 714
529 528
462 461
431 431
499 499
739 742
261 260
499 498
419 418
459 460
509 509
581 580
558 557
325 325
434 434
607 610
394 396
405 405
626 625
476 475
598 598
480 480
573 572
498 497
367 367
711 711
436 435
704 703
451 451
524 524
381 382
567 566
773 772
626 625
560 560
732 731
557 558
400 400
600 600
516 515
556 555
568 568
412 411
633 632
522 521
583 583
504 505
464 465
547 547
599 598
398 398
450 450
494 497
552 552
343 342
568 568
620 619
615 615
458 457
293 292
419 419
479 479
567 567
637 637
672 673
476 476
278 279
376 375
660 659
366 368
500 499
553 552
548 547
529 534
564 565
302 301
612 613
474 474
525 525
536 535
653 655
403 402
445 446
412 411
355 356
490 490
425 425
472 472
429 430
469 469
427 427
582 581
580 580
634 633
429 428
446 445
458 457
519 518
512 512
548 547
528 527
503 504
419 420
430 429
624 624
313 312
364 364
425 424
489 488
571 572
611 610
368 368
496 495
595 595
338 338
598 601
416 417
477 477
387 387
522 521
336 336
525 525
390 390
451 452
624 624
483 482
492 492
325 325
558 557
490 491
552 551
449 449
501 500
514 516
510 511
644 643
471 470
498 499
262 261
506 505
373 375
367 369
350 350
423 422
475 474
251 253
423 422
297 296
564 563
417 416
445 444
535 535
506 506
444 444
608 608
541 540
388 388
439 438
516 516
425 424
495 495
675 675
569 568
294 294
646 645
364 369
391 391
305 305
510 509
656 655
562 563
393 393
358 358
578 578
570 570
483 482
564 566
525 525
322 321
476 475
529 528
465 464
556 557
635 639
600 599
373 373
407 406
398 398
591 590
600 599
475 474
453 453
496 497
456 456
536 538
488 487
428 429
521 523
435 435
437 438
752 752
471 470
524 523
387 388
437 437
454 456
400 399
480 479
591 593
513 512
534 535
593 594
375 374
703 702
605 606
540 539
494 496
448 447
562 561
424 424
635 636
360 359
482 483
412 415
632 632
386 386
506 507
557 556
329 329
392 392
362 363
471 470
588 588
527 526
440 440
519 521
408 409
520 519
395 395
360 361
493 495
576 576
490 489
317 317
473 476
492 492
401 401
634 633
416 417
552 552
380 379
341 341
442 447
609 608
388 389
691 692
490 489
451 454
597 597
567 567
467 467
498 497
598 599
550 555
707 706
552 552
506 506
748 748
547 547
576 575
505 505
478 478
582 581
543 544
582 583
434 434
548 548
642 641
464 464
300 301
445 445
368 368
483 483
387 387
451 451
397 397
636 636
359 358
615 614
564 565
539 538
334 333
558 557
638 638
708 707
444 443
602 602
394 393
526 526
583 583
481 482
560 559
572 572
548 548
636 637
440 440
568 568
402 401
380 382
478 479
548 549
439 439
519 521
534 535
601 601
395 394
319 318
587 588
684 684
548 549
613 613
408 407
410 410
637 636
303 302
468 467
583 583
538 539
573 574
365 366
460 460
445 445
437 439
588 587
456 456
422 421
525 525
462 462
475 475
460 460
628 627
421 422
613 613
433 432
403 404
569 570
511 514
505 504
500 500
647 647
483 484
329 329
574 575
637 637
690 690
393 394
513 512
452 452
518 523
615 616
566 565
466 465
455 455
563 563
347 347
287 287
363 363
374 373
519 520
517 517
548 548
628 628
615 615
489 488
586 586
477 477
758 758
529 528
489 489
470 469
458 458
457 463
540 540
505 506
578 578
455 458
567 566
588 592
547 547
361 360
566 566
538 538
560 560
505 506
433 434
388 387
406 405
604 603
516 516
499 499
521 521
484 484
453 452
470 470
583 582
625 625
469 468
668 668
294 294
588 588
519 518
420 419
551 550
532 531
388 387
505 505
552 551
694 693
530 529
359 360
406 406
714 714
499 499
305 306
669 669
468 469
537 537
640 639
558 558
443 442
545 545
425 424
682 682
211 210
549 550
478 478
323 322
856 856
385 384
394 393
477 477
620 620
495 495
526 526
491 491
608 607
486 488
434 434
432 431
572 573
629 629
576 576
425 427
585 586
451 450
495 494
550 550
490 491
545 546
552 554
527 526
480 480
414 415
567 566
577 577
660 660
348 347
612 611
558 559
544 544
587 587
658 659
439 438
366 366
344 343
452 451
656 657
326 325
426 425
576 576
547 547
501 501
466 465
544 544
410 410
387 386
567 568
485 485
362 363
499 503
290 290
342 342
607 607
453 452
643 642
450 449
538 539
526 526
587 587
457 457
458 457
479 478
391 391
274 273
512 512
366 366
526 525
659 659
655 655
428 427
590 589
377 378
619 619
460 460
470 471
443 443
544 544
362 361
356 356
366 365
519 518
451 451
363 362
594 594
529 533
411 412
661 660
471 470
555 556
254 253
668 668
546 546
418 417
615 615
510 512
518 517
700 700
393 393
498 497
468 467
402 402
336 336
463 464
469 470
744 744
555 554
447 446
491 491
376 376
436 436
533 533
434 434
643 644
538 540
353 353
537 536
550 549
483 484
534 538
511 512
365 366
531 532
454 453
375 376
309 309
582 582
516 516
512 512
451 451
439 439
479 479
603 603
705 704
409 408
462 464
366 367
484 483
396 396
202 202
578 578
514 514
431 431
508 507
441 442
372 371
508 508
304 304
445 444
501 500
608 609
537 536
480 481
681 681
709 708
466 466
516 515
390 390
454 454
474 474
450 450
363 363
298 297
504 504
461 461
515 514
341 341
464 463
559 559
457 456
546 546
436 436
406 410
542 542
449 450
573 572
415 415
442 441
401 402
531 530
550 549
582 583
588 589
539 540
671 671
419 419
340 339
529 528
566 566
479 478
384 384
441 441
612 611
427 427
539 539
458 458
401 401
749 751
623 623
417 418
497 497
427 427
260 261
520 519
420 420
463 462
460 459
455 456
589 588
431 430
686 685
436 436
672 674
393 393
489 490
516 515
437 437
452 451
463 462
482 481
335 337
657 657
593 595
628 627
331 330
574 573
334 333
624 625
521 522
422 423
422 421
556 555
518 519
375 376
386 385
555 554
508 508
487 486
507 507
438 439
497 496
602 601
304 303
527 526
459 459
357 356
513 514
609 608
491 491
536 536
593 594
539 539
595 596
419 419
598 597
361 360
395 394
619 619
492 492
411 410
393 398
531 532
564 563
517 517
624 624
515 515
483 483
544 545
424 424
425 428
469 468
648 648
473 473
488 488
565 566
645 644
570 571
777 778
596 596
424 423
467 466
424 424
484 484
500 499
429 428
743 747
690 690
510 511
535 535
456 456
597 597
580 579
306 305
309 310
428 428
468 467
581 580
436 435
544 543
591 591
308 308
546 548
514 513
524 523
495 494
560 559
466 466
442 441
535 535
394 394
333 334
540 539
545 544
489 488
565 564
612 613
499 498
398 397
493 495
607 608
427 427
675 676
564 563
390 389
565 564
555 554
430 430
669 672
456 455
470 470
632 632
436 435
555 557
689 688
629 628
498 498
575 578
369 369
410 411
523 522
422 423
619 619
304 303
512 511
575 576
544 544
463 463
455 456
460 459
313 313
428 427
557 557
386 387
388 389
445 445
538 537
695 702
365 365
528 529
416 415
504 503
564 563
580 580
472 472
364 363
374 374
377 377
586 586
615 615
475 475
525 525
491 491
572 573
587 586
459 460
449 449
472 473
522 522
563 566
549 549
467 466
444 445
625 626
221 225
442 443
497 498
571 572
403 402
550 549
466 465
613 614
508 509
515 515
414 414
528 527
454 455
544 544
417 416
578 578
488 489
627 627
428 428
368 367
466 465
503 503
335 335
425 424
532 531
612 612
525 525
370 369
503 503
571 571
344 345
417 419
449 449
538 539
543 542
487 488
508 508
559 560
549 548
652 653
617 618
473 472
561 560
219 221
574 574
370 369
596 598
709 709
459 460
522 523
585 584
517 516
417 417
531 531
565 566
675 675
567 568
497 496
596 595
629 629
319 318
401 401
351 350
628 630
609 608
531 530
591 590
613 614
304 304
712 715
453 453
422 423
448 447
421 421
527 527
544 545
597 598
402 402
361 360
777 777
455 456
441 440
565 571
482 481
417 417
276 277
380 380
560 560
421 422
447 446
536 535
517 519
525 524
603 602
468 468
509 510
638 638
556 556
515 514
511 510
476 476
592 591
576 578
558 559
419 418
525 524
485 485
465 465
495 498
567 572
455 454
567 567
484 486
312 312
519 519
473 473
539 538
445 444
543 543
513 513
498 502
535 534
461 461
317 316
462 461
480 480
459 458
484 483
543 543
389 391
615 614
592 592
510 510
565 565
487 487
546 546
417 417
520 519
594 595
485 485
707 707
568 567
466 465
460 461
539 538
431 430
510 510
434 434
509 508
388 388
458 458
297 297
697 697
564 563
331 334
529 530
669 670
520 520
429 429
486 486
501 501
488 488
435 435
327 328
561 562
376 375
521 520
496 497
605 605
487 487
519 518
373 374
575 576
514 513
629 628
410 410
585 584
481 481
622 621
472 471
627 627
559 560
392 392
538 538
513 515
523 526
358 358
272 272
508 507
473 472
444 446
635 635
405 405
509 508
441 441
622 622
421 421
475 477
498 498
633 632
564 563
394 397
560 559
722 721
554 554
576 575
387 389
506 505
446 445
453 456
494 493
550 550
635 634
591 591
316 315
455 454
614 615
596 595
467 468
697 699
541 542
317 318
556 556
567 569
470 470
421 426
548 548
517 517
526 525
366 367
606 605
492 492
402 401
458 459
442 442
339 339
445 445
634 633
427 429
515 515
479 479
576 576
599 603
512 511
519 519
549 549
519 518
474 474
556 557
543 543
389 388
743 744
467 466
478 479
423 425
539 539
286 286
419 418
629 628
620 620
685 684
599 598
420 421
595 596
558 557
551 551
499 498
589 588
614 613
538 537
584 585
504 503
453 452
467 468
678 677
615 617
651 650
575 575
426 425
497 498
563 564
614 614
334 333
403 402
374 374
442 441
479 479
374 377
657 658
477 478
674 674
577 577
459 459
609 610
505 504
546 545
434 433
587 587
546 545
622 622
363 362
576 576
438 439
363 362
500 502
366 365
380 380
700 700
480 479
589 590
393 394
475 474
409 411
440 443
507 508
493 493
721 720
489 488
457 457
406 406
354 355
602 602
340 342
420 421
390 389
605 604
399 398
671 671
505 505
712 711
604 605
642 642
474 474
343 342
343 342
517 517
612 614
570 569
529 528
539 539
405 404
514 516
450 450
549 549
521 520
474 474
833 834
443 442
394 394
588 587
505 505
435 434
551 550
453 453
532 531
418 418
481 484
485 487
350 350
530 535
811 810
645 646
678 678
459 459
687 687
489 489
409 408
479 478
469 468
511 512
558 557
526 527
428 427
371 370
454 454
429 429
404 403
417 418
489 489
603 602
398 398
564 563
585 584
328 328
432 431
513 513
531 531
641 641
621 622
547 546
491 491
513 512
521 521
417 417
487 488
660 659
457 456
410 409
556 557
568 568
476 475
503 503
680 679
561 561
504 503
526 530
489 489
620 619
531 532
516 516
320 319
664 663
443 443
506 505
645 646
397 398
373 373
591 592
279 279
556 556
442 441
529 528
557 556
485 487
538 537
639 638
703 702
486 486
339 339
519 518
565 565
578 577
375 375
458 458
520 520
606 605
587 586
535 535
458 458
530 530
417 418
414 414
435 434
490 490
562 562
716 716
486 487
391 391
592 592
419 418
496 495
399 398
343 344
456 457
497 497
598 598
621 622
375 375
527 526
405 404
612 613
330 333
568 567
601 602
478 481
533 533
607 609
460 461
584 586
504 504
364 364
332 332
433 432
460 462
532 531
427 429
551 550
448 448
628 629
480 481
482 481
588 589
491 492
532 531
692 691
435 435
587 587
383 382
536 540
433 433
679 679
466 465
396 396
567 566
516 517
339 338
683 682
437 439
550 549
409 409
585 585
481 481
330 330
389 389
435 435
581 581
448 448
428 428
526 528
470 469
567 566
675 675
426 425
479 480
637 637
432 431
348 348
331 331
455 456
493 493
543 543
643 643
414 415
216 216
588 591
530 529
472 472
358 358
554 554
493 494
378 377
751 750
516 517
320 319
459 459
545 545
410 411
502 501
446 446
506 506
456 455
643 642
456 456
430 429
552 552
415 416
471 470
309 309
545 544
469 470
371 371
411 411
473 473
532 532
474 475
482 482
634 633
676 676
566 565
455 455
472 471
406 406
518 519
529 528
694 696
584 584
455 455
521 521
603 603
410 410
629 628
464 463
390 390
396 395
591 591
499 498
530 530
470 469
498 497
621 623
441 440
598 599
735 735
452 452
524 524
592 591
459 458
405 405
457 456
703 704
418 419
596 596
407 406
546 546
552 552
488 488
435 435
641 641
381 380
525 525
326 327
309 308
558 558
469 469
608 609
374 373
650 649
471 471
669 668
518 517
440 439
643 642
499 499
545 545
668 667
617 616
710 714
593 593
466 466
488 488
440 439
496 495
436 436
611 612
523 522
319 319
697 698
428 428
635 637
540 540
491 490
567 568
428 427
717 716
631 630
502 501
484 483
456 457
418 420
546 546
714 714
611 611
469 469
514 514
408 407
454 453
449 451
448 448
501 502
569 568
534 534
438 437
490 489
426 425
398 400
353 352
549 549
498 497
346 345
464 464
482 482
357 357
584 583
403 402
553 553
541 543
473 472
501 501
461 460
411 413
513 512
436 436
532 532
515 515
424 424
555 554
436 435
390 392
299 299
554 557
492 491
469 470
436 436
562 564
381 381
627 627
662 662
524 524
532 533
467 467
315 315
627 627
570 569
374 375
637 637
688 688
467 467
458 458
345 345
570 571
563 562
535 535
628 630
688 687
448 448
497 498
699 698
405 404
602 602
549 548
373 373
609 610
700 700
542 542
291 292
297 297
543 544
366 367
679 678
621 620
447 446
422 423
623 622
443 443
626 625
441 441
466 465
616 615
470 469
375 375
501 500
421 420
426 431
547 546
503 504
506 506
579 580
467 467
750 749
484 484
457 460
429 428
391 392
553 552
395 395
523 523
550 551
569 569
245 246
697 698
562 562
375 375
462 462
484 485
565 564
449 450
520 520
508 510
491 491
470 471
577 576
664 663
477 476
551 551
561 561
481 480
516 518
798 801
527 526
523 523
446 445
411 411
436 435
452 451
651 650
590 589
524 524
628 627
571 571
443 444
453 452
594 593
514 513
492 491
736 735
559 559
601 600
628 627
313 313
780 780
555 555
548 548
403 403
532 531
568 567
705 706
537 536
542 541
691 690
469 468
552 553
490 489
466 466
569 568
597 599
548 548
494 493
577 576
537 537
684 684
274 273
517 516
369 370
612 612
425 424
502 502
390 390
404 403
324 323
515 515
460 460
558 557
515 516
432 431
401 401
550 549
359 358
573 573
647 649
628 628
583 582
332 333
468 469
432 432
420 419
374 374
635 635
594 594
628 627
450 449
679 679
447 447
429 428
619 619
638 637
503 502
576 575
676 675
620 620
501 501
464 466
447 447
562 561
565 565
553 552
537 536
271 272
429 428
521 522
508 512
563 566
548 547
565 565
465 464
470 470
472 471
329 328
522 522
457 456
468 468
445 444
268 267
424 425
652 652
408 408
672 672
606 608
523 522
467 466
411 411
372 371
558 558
653 652
542 543
392 391
609 609
557 559
393 393
530 530
515 514
543 542
524 525
546 545
594 593
303 302
500 500
398 397
554 554
459 459
670 670
571 570
431 430
425 425
450 450
390 391
437 436
585 584
441 442
566 566
530 530
471 471
601 601
518 518
446 446
549 548
518 518
488 490
467 466
559 558
573 573
259 259
550 551
386 389
530 532
522 522
452 451
561 560
477 477
625 625
345 345
488 490
460 460
426 426
438 438
408 408
595 595
454 453
445 447
457 457
599 599
589 589
334 337
465 465
554 553
451 451
535 535
552 555
501 500
411 413
511 511
618 618
338 338
632 633
572 571
532 532
411 411
479 478
593 593
623 623
284 283
377 376
562 564
606 605
385 384
322 323
714 714
671 670
692 697
427 426
515 515
472 471
620 620
728 728
492 491
446 445
554 554
606 607
396 396
591 591
449 449
504 503
473 474
238 238
458 461
378 377
418 417
605 605
465 465
425 424
485 488
484 484
524 523
414 414
432 432
335 335
421 421
335 335
576 579
398 398
518 517
414 413
443 445
501 503
753 753
590 590
389 389
649 649
581 580
595 594
388 387
145 144
455 456
548 547
615 614
544 544
521 521
458 458
524 525
613 614
500 499
540 540
521 521
464 464
503 502
380 381
646 645
448 448
375 374
307 306
562 563
406 405
293 294
542 542
402 402
506 507
420 419
655 659
349 348
431 431
601 601
513 512
491 491
443 443
554 554
505 504
486 487
411 412
273 273
569 569
474 475
535 535
446 447
549 548
563 563
579 580
309 309
412 412
643 643
601 601
499 500
570 569
631 632
632 631
688 688
399 399
576 575
453 453
490 489
527 527
328 328
338 338
577 577
511 511
412 412
478 478
574 575
565 564
623 622
723 723
582 582
618 619
635 634
529 529
465 464
505 505
419 418
396 396
376 376
677 676
393 393
467 466
292 292
482 481
503 506
399 399
411 411
471 472
506 506
600 601
629 629
509 509
364 363
549 548
542 541
431 431
408 408
367 368
543 543
597 597
469 469
653 652
383 384
463 463
741 742
366 365
395 395
707 709
490 490
549 550
467 467
575 574
560 559
654 654
488 489
536 535
535 535
573 572
719 719
617 617
240 239
485 485
372 372
529 530
712 711
305 305
679 678
732 732
433 433
593 593
562 561
422 422
514 513
550 549
465 465
412 411
512 511
417 416
644 644
529 531
500 499
474 473
527 527
618 618
546 545
429 432
394 396
422 421
425 424
332 332
515 515
520 519
338 339
628 627
446 445
596 596
627 628
369 368
598 597
440 439
516 515
514 515
556 555
531 531
419 420
149 148
491 494
484 483
510 509
374 374
566 567
476 475
537 539
476 475
491 494
380 380
602 603
531 531
585 584
402 402
589 589
574 574
689 690
427 427
605 605
756 760
452 452
588 588
583 582
392 393
515 515
434 433
549 549
410 412
664 663
438 437
330 330
309 310
533 533
358 359
540 539
566 565
494 496
413 414
391 392
365 365
362 362
564 564
652 652
629 630
543 546
607 608
491 490
427 427
391 391
475 475
435 434
404 403
351 351
372 372
442 443
463 464
363 363
486 485
322 321
558 558
615 614
638 637
494 494
591 591
507 507
486 485
474 474
399 399
545 545
568 567
542 542
330 332
574 574
419 419
618 617
652 652
485 484
380 379
415 416
504 503
547 546
554 555
700 703
589 588
482 484
208 208
572 571
531 530
543 543
515 518
457 456
533 532
602 602
514 515
571 571
446 446
427 427
375 374
445 444
432 434
512 514
468 467
574 573
504 506
531 531
626 626
369 369
584 583
398 398
462 465
459 459
564 563
485 485
523 523
521 521
366 368
350 350
524 524
412 412
475 476
609 610
508 509
476 475
509 509
454 454
582 583
462 463
379 378
502 503
687 687
600 600
393 392
526 525
417 416
599 599
640 641
523 523
414 414
503 504
359 359
480 480
559 561
279 279
602 601
487 487
490 490
643 643
464 464
348 349
552 551
439 438
462 462
591 591
223 222
513 513
545 546
414 414
453 452
454 456
651 652
581 580
607 606
347 347
649 648
408 410
553 553
588 588
421 421
596 595
675 674
495 496
668 667
375 376
406 406
489 489
563 562
601 601
471 470
603 603
559 558
414 417
387 388
546 545
562 561
509 509
347 349
431 431
667 667
516 515
518 520
495 495
542 541
384 383
504 503
413 413
591 591
270 270
504 504
548 548
426 426
219 218
447 448
417 417
530 529
469 471
450 450
469 468
348 347
455 455
667 668
531 531
409 408
483 486
608 608
620 620
368 368
584 584
469 469
439 439
506 506
400 400
381 383
592 592
483 484
463 463
533 534
480 479
597 597
562 561
435 435
396 395
598 598
507 508
575 578
468 468
551 551
522 521
323 322
424 424
430 430
429 429
584 584
530 529
555 558
418 424
535 535
459 460
510 510
520 519
416 416
400 400
496 495
366 369
467 467
560 560
275 274
505 505
438 438
619 618
385 385
548 549
329 329
560 560
324 325
595 595
566 565
425 424
445 445
480 479
708 708
638 637
528 528
831 831
456 457
507 508
502 501
584 584
647 647
481 481
360 361
492 493
500 500
444 444
245 246
289 288
737 737
607 609
280 281
478 477
555 555
501 501
422 421
503 503
429 428
458 459
539 538
531 534
729 729
546 545
515 516
472 472
597 597
399 400
589 588
532 532
478 478
567 567
499 498
663 663
409 408
664 664
515 515
367 367
535 536
378 377
567 566
498 497
608 607
585 585
595 594
467 466
517 519
544 543
417 416
589 588
584 583
462 461
427 427
449 449
592 593
413 412
350 349
583 584
633 633
423 423
594 593
372 372
466 465
499 498
443 442
526 527
361 360
361 361
460 461
550 550
511 510
635 635
548 549
377 378
537 537
586 585
686 685
488 489
370 371
386 385
572 572
512 511
554 555
358 357
397 399
184 186
468 467
634 636
307 306
441 440
393 394
549 549
619 618
429 430
476 475
529 529
436 435
561 562
510 509
614 613
517 517
511 511
601 601
489 488
579 579
455 456
384 385
492 492
470 471
557 556
540 539
616 617
677 676
519 519
381 380
490 492
564 565
481 482
512 511
460 461
517 516
525 526
562 561
469 469
618 618
443 443
641 640
592 591
529 530
459 463
483 482
529 530
627 627
452 452
336 339
706 705
575 575
517 517
476 476
565 565
323 322
294 293
548 549
652 652
592 591
569 569
363 364
439 438
456 455
536 536
558 558
589 588
510 511
581 581
408 407
538 540
384 383
467 467
603 602
535 536
461 461
565 565
471 470
604 603
367 367
546 545
455 456
457 457
670 671
456 455
498 499
438 437
655 654
566 566
615 614
542 541
298 297
670 670
336 336
408 411
536 536
553 555
587 587
673 673
393 396
376 376
397 397
612 612
440 440
659 660
561 560
445 444
472 473
567 567
416 417
477 480
412 412
588 587
587 586
606 605
554 554
490 490
428 429
566 568
377 377
619 619
459 459
462 461
386 385
520 520
649 653
498 499
476 475
527 526
433 433
452 454
377 377
570 570
725 724
466 466
540 543
583 582
605 606
460 462
535 534
551 551
390 389
456 455
507 507
335 334
582 581
496 497
333 332
408 408
452 453
587 587
551 551
556 555
275 274
623 622
408 407
476 475
646 645
315 314
402 402
596 598
567 566
586 585
459 459
432 432
564 563
558 557
420 420
585 585
612 612
493 493
508 508
393 394
614 613
683 682
646 646
394 394
563 562
498 499
427 427
353 354
366 367
522 521
279 279
612 612
599 598
563 562
516 515
543 542
502 502
543 542
545 546
476 475
475 474
541 540
409 408
656 659
541 542
674 674
369 370
614 613
490 492
436 436
462 462
449 448
486 486
251 252
552 551
515 519
552 552
268 269
419 418
548 548
575 575
494 495
475 474
285 284
397 396
341 342
574 573
487 486
605 605
612 613
610 611
673 673
612 611
377 376
452 452
541 540
547 547
473 472
445 445
573 573
392 393
604 603
650 649
235 236
593 592
706 706
364 364
750 749
322 321
660 659
661 660
427 427
629 630
443 445
444 444
480 479
560 560
545 545
382 381
616 615
466 466
511 512
585 584
481 480
470 470
499 499
693 693
403 403
459 460
582 585
447 447
416 416
490 490
377 376
458 458
484 484
634 635
578 577
453 453
467 466
461 461
558 557
579 579
246 245
518 517
535 534
643 644
399 398
466 466
499 502
479 481
583 582
473 473
465 465
551 552
356 355
512 514
449 450
490 490
538 539
561 560
498 497
513 513
496 499
450 449
401 402
551 550
381 380
550 549
595 598
477 478
587 586
508 508
468 468
591 590
468 469
604 605
564 563
569 568
672 672
481 481
586 588
560 560
745 744
669 669
433 436
315 315
541 541
472 471
366 366
469 468
426 425
467 467
500 500
443 443
534 533
602 603
409 408
559 558
672 671
315 315
449 448
501 501
380 379
495 495
404 404
457 456
507 506
423 425
617 616
543 543
767 767
545 544
650 650
592 591
592 591
565 565
324 323
590 589
399 400
629 628
501 500
507 510
461 461
619 619
260 262
541 540
555 556
437 439
495 497
597 596
549 550
442 442
780 779
550 552
484 483
452 453
579 579
349 349
511 510
400 400
480 479
518 518
401 401
481 482
391 392
494 493
488 488
491 491
558 557
473 473
471 471
606 607
563 563
629 633
511 510
369 369
605 605
666 665
541 541
543 544
429 430
631 632
549 548
390 389
431 431
453 452
341 342
443 442
452 452
419 419
629 628
614 613
495 497
463 462
479 478
581 580
572 572
441 441
542 542
704 705
411 411
602 603
570 573
609 608
494 495
462 461
523 524
383 385
653 653
453 454
462 462
558 558
512 512
575 575
636 636
305 304
469 468
349 351
582 582
337 336
760 759
535 536
655 654
704 704
480 479
561 561
393 393
595 595
544 544
314 313
573 572
425 424
439 439
455 456
584 583
536 536
411 410
458 458
573 573
558 560
409 409
470 470
563 562
581 581
308 307
453 453
570 570
474 474
595 595
667 671
328 327
450 450
493 493
548 548
688 687
333 332
381 380
408 409
542 541
353 354
576 576
500 499
619 619
386 386
560 559
459 459
494 494
488 488
421 421
537 537
500 500
382 383
262 262
466 466
348 349
355 354
446 447
594 594
539 538
334 335
471 471
534 533
591 590
399 398
417 416
522 522
518 517
510 510
616 616
658 658
441 441
667 667
573 574
531 531
688 688
512 511
435 435
355 355
569 568
583 583
452 451
445 446
488 490
459 458
588 589
359 359
431 431
655 656
414 413
570 570
464 463
313 314
489 488
455 455
492 491
444 444
469 471
568 568
442 441
657 658
436 436
688 688
528 528
425 424
399 399
349 350
448 448
507 507
621 621
416 415
476 477
541 542
567 566
548 547
441 440
532 531
295 294
274 274
572 573
557 557
305 305
377 377
354 354
461 460
654 653
413 414
509 510
570 570
566 566
656 656
544 547
488 488
561 560
493 494
348 348
479 479
531 530
657 656
553 552
352 351
522 521
580 580
545 544
402 402
291 290
522 521
410 410
493 492
501 500
545 544
540 540
587 588
414 414
393 393
492 491
556 556
509 509
563 563
512 513
504 504
519 520
414 415
340 339
352 351
368 367
624 623
606 605
502 502
514 513
398 397
463 462
568 569
570 570
626 625
729 729
542 541
467 467
371 373
524 524
451 451
603 603
466 469
473 475
595 595
486 485
488 488
483 484
509 508
510 509
600 600
378 377
624 623
458 458
590 590
478 478
570 570
403 403
441 441
572 572
400 402
617 617
495 496
333 332
269 268
440 442
404 406
341 340
566 565
664 663
535 534
533 532
315 316
573 572
511 511
453 454
517 519
596 597
631 630
469 469
476 476
558 557
508 508
568 569
598 597
602 602
523 523
440 440
340 340
756 755
333 333
422 422
476 475
456 457
638 637
443 442
485 485
477 477
391 390
540 540
497 498
557 557
447 447
497 497
505 504
588 587
612 612
572 572
556 556
308 308
357 357
472 476
461 460
384 383
440 440
568 567
643 643
570 572
549 548
394 397
389 389
561 561
745 746
518 518
281 281
504 505
509 508
332 332
456 456
662 664
269 272
348 348
466 465
446 448
463 462
532 532
596 597
544 544
759 758
404 404
545 545
485 486
475 475
636 636
417 416
479 479
407 407
384 383
457 456
521 521
506 506
533 537
266 267
472 471
402 403
497 496
618 618
570 569
464 465
411 414
533 532
452 452
436 436
571 571
458 457
526 526
509 508
511 514
491 491
514 513
641 641
648 647
590 589
555 555
436 436
470 470
395 394
497 497
595 596
421 420
457 456
678 677
413 413
556 556
409 409
500 499
418 419
575 574
443 444
555 554
478 477
563 562
535 534
249 248
561 560
505 505
429 429
581 580
318 318
492 492
527 526
406 405
638 640
409 408
598 597
515 515
497 496
497 497
415 415
612 612
604 603
631 631
489 489
545 545
392 391
223 223
430 432
536 541
566 566
458 459
672 672
472 471
391 390
408 411
560 561
502 502
734 733
446 445
645 646
270 269
406 405
407 409
383 382
379 378
471 471
279 283
564 563
587 587
437 437
479 478
373 372
410 410
591 591
428 428
564 565
420 423
291 290
637 638
579 578
313 312
460 459
446 445
377 379
632 631
636 637
486 487
554 553
368 368
508 508
315 317
509 508
580 579
377 378
487 486
580 579
209 209
417 417
362 361
417 417
509 509
399 399
541 542
400 399
593 593
444 444
374 378
503 502
618 617
477 479
589 588
551 552
311 310
379 379
628 627
361 361
424 424
578 577
537 537
432 431
532 535
583 583
413 413
505 505
430 429
535 534
413 415
575 576
477 477
546 546
572 572
444 443
377 376
632 631
493 493
606 605
346 345
584 584
577 576
410 409
430 431
502 503
526 526
448 448
519 518
344 345
449 449
494 494
450 450
579 578
413 413
600 600
434 434
451 450
505 510
477 476
424 424
478 479
404 405
277 276
452 452
526 527
475 475
492 491
604 604
412 412
383 384
613 612
508 507
515 515
594 594
378 378
414 414
514 513
553 554
507 509
522 522
407 409
332 333
530 531
448 448
497 500
455 454
554 555
569 568
495 494
631 630
625 628
264 264
555 554
678 678
337 336
476 475
552 551
462 461
627 627
410 409
669 669
289 288
375 375
425 424
490 489
452 453
610 613
544 543
474 474
411 410
522 525
505 507
515 515
389 388
567 566
619 619
367 366
387 386
446 447
500 499
671 672
463 462
592 591
487 487
629 631
538 540
329 329
697 698
594 593
401 400
534 535
291 290
578 579
459 458
528 528
596 596
526 525
588 588
455 455
450 451
560 561
517 516
562 562
372 373
461 460
340 340
573 572
561 560
681 680
497 496
348 349
549 549
421 421
614 615
537 537
380 379
495 495
566 565
602 601
692 692
568 569
399 399
566 565
368 368
359 361
535 534
506 506
552 553
616 616
705 706
596 596
451 453
662 661
485 484
461 460
324 323
429 429
360 361
349 348
514 514
647 646
353 353
507 508
567 566
331 331
270 269
519 519
582 582
579 579
485 484
375 374
555 557
403 403
578 579
644 644
406 407
529 528
475 475
614 614
488 487
327 327
615 616
522 523
450 452
391 390
444 444
519 518
603 602
501 500
569 568
665 665
486 487
240 239
487 487
469 468
366 366
544 547
494 493
314 313
512 511
560 560
650 649
471 474
625 624
557 558
395 395
564 563
514 514
345 346
513 515
406 407
454 453
647 649
439 439
470 469
385 384
617 617
468 469
454 455
323 323
454 453
364 363
597 597
574 573
270 270
706 705
348 347
516 515
476 476
514 513
394 394
437 437
451 452
403 402
433 433
455 455
344 343
487 487
390 390
463 464
544 544
467 467
467 466
384 384
543 543
548 548
424 426
586 586
627 626
541 540
538 537
449 449
694 696
742 741
572 572
401 401
253 252
378 378
595 595
373 374
584 585
294 294
638 639
508 509
646 645
620 620
502 502
621 622
452 452
425 426
473 473
333 339
505 505
519 519
442 442
423 424
603 602
600 600
665 665
639 639
295 297
461 462
534 534
453 452
446 446
648 647
536 535
548 549
618 619
381 380
565 565
384 385
521 520
425 426
484 483
481 480
609 611
687 687
452 452
533 533
488 491
528 527
409 408
287 286
591 590
506 506
604 604
532 531
245 245
572 572
324 323
510 509
382 382
424 424
422 421
523 522
558 558
324 324
279 279
578 578
479 478
407 408
583 583
747 746
325 325
572 573
531 531
492 491
521 522
333 332
256 255
410 411
463 463
443 443
378 378
354 354
609 609
555 554
486 485
711 713
510 509
664 663
455 455
478 479
441 440
441 440
252 252
561 560
382 382
548 547
494 495
554 555
403 403
603 604
557 557
443 442
641 640
555 557
537 539
374 374
599 601
397 397
571 570
434 434
455 455
576 576
439 439
570 570
360 361
525 527
497 496
512 512
429 428
657 657
425 424
559 559
500 499
503 503
571 571
436 436
490 492
563 562
547 547
483 484
383 383
679 680
521 520
572 574
562 562
443 442
457 456
502 502
425 426
538 538
569 570
480 479
463 464
520 519
455 455
542 544
515 515
536 536
565 566
506 506
325 324
488 488
492 491
760 759
330 332
522 521
417 416
391 392
636 636
583 582
491 490
419 421
414 413
539 539
553 554
422 422
437 438
423 422
407 406
591 593
648 647
393 398
514 515
489 488
645 644
464 463
369 368
562 561
604 605
491 490
611 610
688 688
529 528
505 504
391 390
387 386
577 579
426 425
496 495
363 363
505 504
564 563
483 484
457 457
463 462
720 720
371 370
583 583
398 399
686 686
517 516
565 565
364 363
614 615
269 269
434 436
612 611
474 473
604 604
577 576
401 401
446 446
497 498
517 516
513 513
653 654
329 329
596 596
372 371
587 588
695 695
606 606
410 411
579 579
417 416
617 618
452 453
451 450
658 657
403 402
588 588
400 400
450 450
611 611
507 507
512 512
489 490
483 482
765 764
508 507
525 524
274 274
604 604
404 405
451 454
538 539
504 504
567 568
505 509
563 562
543 542
609 608
444 443
564 563
619 619
672 671
485 484
484 485
552 551
388 388
773 774
409 409
466 466
611 610
358 358
556 556
372 371
449 448
693 695
454 454
609 608
506 507
578 578
390 390
424 424
424 424
569 569
493 492
549 549
550 549
555 555
389 388
451 451
471 471
553 552
673 672
521 521
474 474
434 436
534 535
541 541
478 479
511 511
323 323
622 621
426 425
765 769
568 567
518 518
714 713
525 525
519 518
309 309
401 400
611 611
657 656
476 476
542 542
371 371
461 462
421 421
583 583
525 524
706 706
436 435
459 459
553 554
317 317
507 507
445 444
492 494
503 502
524 526
606 606
532 532
532 532
524 523
539 541
445 445
428 429
495 495
557 559
538 537
486 487
385 384
320 319
401 400
508 507
499 500
385 384
533 533
442 441
382 381
553 553
619 618
510 511
547 547
374 373
616 616
514 513
537 536
612 611
423 423
496 495
342 342
415 414
547 546
503 502
405 405
421 425
486 486
533 532
517 517
569 569
406 406
413 412
441 442
453 457
357 356
565 565
569 569
571 570
592 592
377 376
464 464
430 430
579 578
558 558
550 549
447 446
452 452
645 645
589 589
406 405
381 381
450 449
469 468
520 519
437 436
556 556
538 538
534 534
644 644
574 573
657 657
557 556
570 569
296 297
406 405
641 640
412 411
544 544
565 566
393 393
472 472
563 562
538 537
628 627
467 467
627 627
472 472
490 490
290 289
450 449
382 385
474 474
533 532
460 462
381 381
454 456
466 468
659 658
507 506
681 681
396 395
416 416
453 453
396 396
415 415
536 537
687 688
504 504
671 672
440 439
446 446
425 424
585 585
476 475
603 602
359 358
623 622
448 449
476 475
506 506
716 716
419 420
536 537
663 665
403 403
591 591
626 627
763 763
740 739
466 466
663 662
492 492
411 410
565 564
754 753
536 538
529 528
402 402
708 710
469 470
327 329
450 449
458 458
710 709
559 561
466 466
447 446
461 461
480 479
623 622
476 476
597 596
539 542
646 647
589 589
485 486
633 632
530 529
542 541
572 571
454 454
506 509
463 463
473 474
506 511
533 534
551 552
522 521
668 668
342 341
629 632
353 355
538 537
561 567
630 630
545 545
532 531
517 516
139 139
520 520
518 518
645 645
379 378
359 358
481 482
647 647
444 444
307 307
565 565
586 585
385 384
467 467
507 507
505 504
527 527
290 291
518 517
492 491
516 516
474 473
520 519
502 502
462 462
537 538
398 398
547 547
285 284
399 399
573 574
520 522
601 601
511 510
345 345
459 458
511 511
568 568
508 507
559 559
481 483
505 507
536 536
504 504
537 536
338 341
316 316
504 503
534 534
571 571
503 502
522 522
608 609
613 612
590 591
583 585
577 577
279 279
619 618
396 395
286 285
513 513
569 568
402 401
484 484
441 440
586 585
452 451
463 463
465 464
632 633
571 570
333 333
550 550
500 502
553 553
731 731
672 671
401 401
556 557
382 381
595 595
530 530
389 390
552 551
637 637
361 362
406 407
537 537
597 600
665 664
559 559
658 660
481 481
313 315
371 373
323 322
508 508
529 530
454 454
547 547
535 534
448 448
514 513
646 645
557 556
503 502
569 569
370 369
611 610
499 498
221 221
572 573
452 452
420 421
339 338
538 537
467 466
451 450
526 525
558 557
345 344
392 394
559 558
442 442
616 615
344 346
563 563
609 608
758 758
708 707
569 569
639 640
381 381
505 504
472 472
258 258
526 527
522 523
481 480
531 531
725 725
403 403
586 585
499 499
582 581
401 401
584 584
449 448
291 291
416 415
321 322
501 500
510 510
609 608
448 448
361 360
460 459
603 603
514 514
489 489
464 464
566 565
423 423
369 369
516 516
378 379
478 478
414 417
555 558
470 470
465 464
504 503
389 388
399 399
596 597
510 509
393 393
483 482
337 336
506 505
605 604
492 492
554 553
585 586
448 448
438 438
508 507
414 414
511 512
523 522
382 381
577 576
461 461
402 406
658 659
364 364
590 590
397 398
443 444
500 500
296 295
492 492
641 640
628 627
597 598
431 431
422 421
581 580
563 562
384 383
537 536
605 604
520 520
554 556
663 664
456 455
418 417
624 625
519 518
512 511
463 463
531 530
516 515
410 409
430 429
504 503
448 448
523 523
531 531
571 577
495 495
536 536
483 483
484 484
630 631
291 291
585 585
431 430
415 414
429 429
629 629
571 570
522 522
430 429
597 596
344 343
476 477
390 389
421 420
425 425
547 548
575 574
523 522
449 449
602 601
481 484
428 428
499 500
501 500
410 412
528 527
500 499
522 521
510 509
577 576
449 449
550 550
323 323
455 455
432 432
739 738
539 539
334 334
462 461
469 468
406 405
194 196
439 439
652 653
487 487
468 467
226 226
396 395
451 450
555 554
318 317
509 508
501 500
469 471
609 608
603 604
490 489
443 443
525 524
542 542
406 407
593 593
636 635
388 388
335 335
493 495
507 506
375 376
399 400
650 652
536 536
478 477
583 582
545 547
537 536
439 439
737 736
346 347
344 344
450 450
396 397
620 621
573 575
514 516
657 657
550 550
322 323
386 387
358 358
532 532
494 496
537 536
520 519
720 720
679 678
305 305
715 715
433 437
471 471
454 454
483 482
498 497
438 439
536 537
520 519
513 513
540 539
604 604
523 523
380 379
750 750
504 503
423 422
627 627
441 442
461 461
370 370
506 506
423 424
433 433
509 509
454 454
616 616
540 540
497 497
711 710
397 398
519 519
567 566
515 514
356 357
499 501
589 593
505 505
687 687
575 574
652 653
765 765
719 718
406 406
493 493
261 261
499 498
408 407
442 442
477 477
592 591
550 551
692 692
543 544
572 571
535 534
461 460
380 379
466 465
398 397
613 615
702 703
487 488
556 556
626 626
402 402
626 626
449 449
663 663
467 468
598 597
487 488
456 459
430 433
414 414
523 522
474 473
552 551
379 378
534 533
531 532
523 525
731 732
472 472
599 598
538 539
464 463
589 589
613 613
573 573
311 310
437 437
716 716
634 635
435 435
434 434
597 596
562 562
471 472
457 458
516 516
742 742
579 579
564 563
404 405
349 350
491 491
475 476
321 322
662 664
527 527
565 564
542 541
592 591
522 522
637 636
372 371
527 528
588 590
723 723
512 513
515 515
442 442
407 406
336 337
395 395
367 368
361 361
478 479
517 517
684 685
202 202
486 487
520 519
470 469
446 445
428 427
635 635
640 641
439 439
282 282
645 646
482 481
611 611
613 613
584 583
371 370
622 621
548 550
575 575
485 485
481 481
532 532
813 812
456 456
595 596
498 497
612 614
535 534
557 557
507 507
301 300
600 600
351 353
623 624
489 491
600 603
539 538
490 489
517 517
659 658
314 314
628 627
389 388
498 498
507 507
379 378
527 527
534 533
520 520
532 532
347 346
373 373
447 447
495 494
301 301
372 372
599 598
564 564
538 538
488 488
454 455
361 361
489 488
647 647
449 450
436 435
300 300
386 387
359 359
423 424
409 408
405 406
556 555
503 504
485 486
488 489
542 542
690 690
514 515
584 584
654 654
476 476
422 422
544 544
421 420
422 423
320 321
597 597
578 578
469 469
417 416
546 545
591 591
396 396
611 615
671 674
544 543
452 452
501 501
479 478
402 402
647 648
479 479
342 341
379 379
520 522
346 345
406 405
551 552
436 435
514 514
401 400
498 498
450 449
492 491
328 327
452 452
317 318
568 567
537 536
357 358
407 407
592 591
442 441
492 494
506 505
661 660
560 559
488 487
564 568
297 296
479 479
429 429
516 519
528 528
612 611
225 224
503 503
437 437
550 550
496 496
599 600
428 427
674 673
710 710
658 658
590 590
308 307
489 490
645 644
421 422
452 453
330 329
583 582
439 439
512 512
467 466
442 441
466 466
375 374
456 457
606 606
265 266
531 531
417 417
440 440
761 760
496 497
451 450
617 618
528 528
545 545
608 607
437 436
672 672
494 493
389 388
557 556
543 545
517 519
524 524
498 498
578 577
658 657
433 433
370 369
538 537
351 351
314 313
554 555
669 668
604 604
608 608
512 517
676 676
396 395
532 531
609 610
377 378
605 605
544 545
390 389
539 538
619 619
552 551
474 473
603 602
354 353
558 559
360 359
498 499
421 420
443 442
501 500
512 514
438 437
356 355
653 653
439 439
477 478
457 456
438 438
300 301
666 666
478 478
550 553
297 297
591 591
594 593
504 504
528 527
489 489
451 450
476 475
516 516
390 389
635 634
346 345
579 579
564 563
551 551
563 563
616 616
534 533
411 412
486 486
379 378
623 623
610 609
568 568
450 453
454 454
636 637
418 420
497 496
613 613
498 497
569 570
421 420
441 443
542 542
643 645
695 695
408 407
507 506
565 565
670 672
610 609
390 390
425 424
606 605
656 657
581 581
309 311
431 433
387 386
531 532
312 313
647 648
503 502
645 646
437 436
513 516
652 652
450 451
551 553
404 406
597 597
414 414
292 291
497 499
444 443
428 427
616 615
406 406
397 398
513 513
429 429
419 419
509 508
518 518
580 581
463 463
581 580
291 290
510 509
429 428
355 355
474 473
496 495
582 581
652 652
578 578
453 453
501 502
562 561
452 451
530 529
408 410
463 462
467 472
554 553
470 469
489 488
356 356
513 513
512 512
587 586
604 604
469 470
647 646
560 559
397 396
457 456
659 658
349 351
434 434
606 607
492 491
390 389
519 520
546 548
359 358
362 364
534 534
557 558
605 605
478 478
476 475
523 523
602 602
507 508
603 604
500 499
584 587
587 587
402 403
626 625
402 402
418 418
647 648
563 562
420 420
522 521
630 630
454 456
350 349
550 550
524 523
666 666
338 340
502 502
564 563
521 520
549 549
326 327
467 466
657 656
460 459
526 525
515 515
519 518
418 418
357 357
475 475
470 470
614 613
314 313
522 524
619 618
584 584
534 534
654 653
493 493
404 403
469 469
550 549
523 523
498 499
496 496
546 546
726 726
415 414
314 313
424 423
395 394
712 712
637 637
288 288
562 561
522 521
438 437
493 493
317 316
427 426
411 410
522 522
492 492
475 475
584 584
529 530
525 527
484 483
518 518
636 635
575 577
412 411
549 550
544 543
282 281
527 528
536 535
613 614
604 603
558 558
613 615
388 388
530 530
478 478
461 461
650 650
418 418
456 456
528 530
444 443
326 325
331 330
609 608
482 481
575 576
543 543
435 435
488 489
521 525
450 449
558 557
553 553
461 461
477 477
433 433
594 594
654 654
474 474
330 330
493 492
294 293
595 594
470 470
591 590
509 510
344 343
554 553
402 401
601 603
487 487
668 668
471 471
479 479
335 336
535 534
580 580
502 503
344 344
346 345
676 676
434 433
508 509
545 544
581 580
693 692
320 320
216 216
475 475
455 454
628 627
382 381
394 393
521 522
538 537
618 618
680 685
397 396
623 623
617 619
589 591
354 353
575 574
616 616
421 421
506 505
472 473
562 561
480 480
546 545
660 660
661 663
493 492
586 586
375 375
486 485
520 521
541 541
461 461
505 505
461 461
489 488
387 387
399 403
659 659
644 644
480 482
463 462
480 479
355 355
485 485
674 677
477 477
616 615
593 594
420 420
405 405
446 446
324 323
582 581
543 542
760 760
462 463
575 574
542 542
416 416
537 537
574 574
572 571
482 482
647 646
417 417
507 506
497 496
381 381
602 601
552 552
488 489
506 506
549 549
406 407
471 470
554 554
274 275
655 654
430 430
554 554
559 560
535 538
718 717
651 650
527 527
520 520
308 309
465 466
350 351
442 441
681 681
510 510
547 548
455 456
504 504
675 674
395 396
282 281
575 575
523 523
468 468
516 515
324 324
443 444
647 647
588 587
485 485
366 366
428 427
689 688
663 662
485 485
431 432
571 570
648 649
321 320
585 585
510 509
477 478
669 669
514 514
580 579
518 519
518 519
483 484
579 578
588 589
298 297
336 338
536 536
492 491
433 434
456 456
576 577
545 546
382 383
637 638
343 343
551 550
541 540
435 435
418 418
362 361
502 501
385 385
347 349
413 414
576 575
623 623
636 636
361 361
606 606
525 525
477 476
459 462
397 396
642 642
334 334
461 460
546 546
340 340
425 424
524 523
683 682
582 582
519 518
656 655
452 452
452 451
734 735
367 366
402 403
484 485
508 508
298 297
568 568
508 510
535 535
474 474
229 228
552 551
519 518
592 591
442 442
414 417
499 499
597 597
660 660
385 385
458 458
733 734
473 476
754 753
552 551
434 435
558 559
257 256
454 453
425 424
558 562
479 479
594 593
753 753
421 421
581 582
468 468
442 442
504 503
565 565
532 533
590 589
512 512
406 405
580 580
348 349
644 643
460 460
584 585
554 553
341 340
376 379
489 489
520 520
644 644
357 356
462 461
374 373
445 447
673 673
519 521
543 542
542 542
609 610
593 594
487 488
541 540
618 618
417 416
392 391
519 519
393 392
494 495
556 558
437 437
424 424
539 540
564 566
470 470
672 673
375 376
445 445
341 341
623 624
522 521
465 465
452 452
328 328
506 506
584 587
494 493
483 486
702 703
394 393
739 742
519 520
461 463
566 565
479 478
322 321
517 518
502 501
562 564
389 389
357 360
615 615
508 509
506 506
398 399
354 356
489 488
556 557
462 462
414 414
437 436
490 489
560 559
635 634
399 400
577 577
472 471
456 456
476 476
458 459
592 592
553 553
330 329
481 480
379 379
508 508
597 596
565 564
434 433
412 411
634 633
562 561
723 723
469 468
597 597
480 480
650 651
497 497
437 436
330 330
433 432
329 328
659 658
416 416
473 476
535 535
470 469
432 434
437 437
485 485
738 737
497 497
453 454
659 658
554 554
459 458
578 578
375 375
360 361
389 394
559 558
409 409
527 527
481 483
461 461
584 584
474 474
552 552
489 491
545 544
520 520
477 476
437 437
583 582
501 501
442 442
554 553
608 608
454 455
424 424
531 531
593 593
517 517
316 315
721 721
412 411
756 757
446 445
514 516
464 464
539 539
555 556
436 436
440 442
477 477
519 518
671 671
563 563
407 407
435 435
492 491
534 533
367 368
560 559
431 434
356 357
324 328
620 619
456 458
578 579
532 532
683 683
594 595
494 494
429 428
546 546
389 389
499 502
358 357
324 327
438 438
456 456
804 804
432 431
513 512
466 465
468 468
554 554
542 542
574 573
423 422
320 320
513 513
578 577
458 457
468 467
596 597
365 364
507 506
411 411
331 331
577 577
331 330
405 404
513 514
479 479
522 521
461 466
527 529
398 399
563 563
464 464
545 546
579 579
390 389
440 439
597 598
319 318
299 299
430 430
537 537
306 305
347 347
461 460
463 462
323 325
495 495
327 327
513 513
612 611
434 435
593 592
517 517
568 569
568 568
642 642
391 392
499 499
433 432
538 542
411 410
481 480
766 766
354 354
567 566
578 578
624 623
539 538
460 460
395 394
211 210
594 594
419 419
490 496
701 700
372 375
366 366
690 689
674 673
501 501
485 487
434 433
635 635
267 266
411 411
340 339
347 347
597 597
462 461
513 514
571 572
440 439
473 473
534 533
545 544
424 424
373 372
431 434
502 503
593 593
475 475
472 472
442 442
538 537
438 438
525 524
570 570
464 465
461 460
509 508
536 540
394 395
461 461
632 634
450 449
576 575
379 378
580 580
374 375
532 532
474 475
531 532
424 427
389 388
254 256
477 481
322 322
567 566
661 660
595 594
633 635
553 554
461 460
416 415
577 577
454 453
748 749
512 512
450 449
552 556
699 699
341 341
522 523
602 603
418 421
382 382
450 452
557 557
427 428
456 456
473 473
584 584
403 403
604 604
486 485
650 652
695 695
539 538
443 442
469 468
544 548
592 592
405 405
286 286
470 471
519 518
615 615
428 427
537 537
447 447
361 360
347 346
407 406
595 594
563 563
489 493
429 428
428 428
555 555
510 509
504 503
530 530
284 284
510 510
568 567
511 515
585 588
676 676
414 414
509 513
553 552
524 523
507 509
383 382
688 688
425 426
525 526
698 698
602 602
434 435
584 584
450 450
469 469
323 325
316 317
473 473
485 485
431 432
529 528
466 465
620 622
521 521
446 445
622 623
491 490
570 570
507 507
361 365
428 427
486 487
368 367
609 610
772 775
600 600
464 465
459 458
414 413
593 593
681 681
458 458
394 393
445 444
496 496
513 513
497 496
453 452
499 499
579 581
513 512
496 497
289 290
557 558
413 414
406 408
549 548
469 468
465 465
500 501
575 575
444 443
541 540
577 577
556 555
356 356
372 371
359 360
473 473
498 498
413 413
720 719
517 516
447 447
436 435
764 763
442 443
447 449
332 332
489 489
515 514
672 672
569 568
603 603
467 467
456 455
748 748
471 470
690 691
474 474
486 486
585 584
455 455
584 583
728 728
535 534
513 514
445 446
581 582
655 654
465 466
598 598
540 540
409 410
695 694
425 424
569 569
323 323
495 494
668 668
626 625
582 582
370 369
540 540
513 513
561 560
528 529
587 587
488 488
624 625
403 403
558 559
466 465
415 414
465 464
574 573
496 496
514 514
353 353
622 625
540 543
566 568
415 415
625 624
512 511
306 306
312 311
534 534
559 559
504 504
206 206
397 396
511 511
706 706
377 376
450 451
434 436
382 381
561 561
583 583
378 377
513 514
277 279
545 544
505 505
463 464
521 520
293 294
752 752
631 630
675 676
495 494
392 393
494 494
456 457
600 599
525 526
361 360
541 541
558 559
494 497
481 480
288 290
452 451
601 602
527 526
567 566
375 375
498 499
573 574
526 525
561 561
729 729
448 448
371 371
673 672
477 476
529 529
682 681
448 447
417 416
476 475
692 691
605 605
484 483
252 252
555 555
471 474
474 474
630 630
384 385
326 327
697 698
465 466
490 490
439 438
351 351
589 588
502 502
430 431
665 666
425 425
357 357
449 449
550 551
550 549
473 473
248 247
611 611
449 449
604 609
521 522
568 572
463 463
465 464
616 619
479 478
547 547
497 497
408 407
444 447
451 452
648 648
432 431
418 422
673 673
534 535
530 529
387 387
582 582
621 620
520 520
553 552
542 544
629 629
592 592
430 434
459 458
480 480
591 591
465 464
589 589
529 530
559 559
503 504
514 514
514 513
591 591
558 559
435 436
485 486
531 531
528 527
672 671
433 433
683 683
347 349
479 478
616 616
576 577
470 470
504 503
515 514
354 356
579 579
452 452
413 413
436 437
559 559
480 481
466 466
530 529
492 491
366 365
484 484
482 481
563 562
500 501
638 637
565 564
514 513
530 529
419 421
442 443
494 493
518 517
655 655
453 452
399 399
627 628
547 546
442 441
562 564
409 409
557 556
649 649
289 289
739 740
470 472
487 487
456 456
459 460
547 548
353 353
598 597
435 434
409 408
700 701
477 477
299 298
588 588
550 550
460 460
380 379
531 530
414 413
415 415
594 594
508 507
614 615
415 414
551 551
680 679
459 458
612 613
676 677
420 419
447 447
413 412
401 402
616 616
731 730
445 445
560 559
451 450
575 575
515 515
467 467
444 443
579 579
465 464
542 542
463 464
563 563
366 366
537 538
506 506
451 453
455 455
591 592
554 554
516 516
528 529
481 481
529 528
468 467
432 432
583 582
321 321
394 393
441 444
464 464
386 386
505 505
414 415
504 504
371 371
486 487
636 639
427 426
318 319
610 609
512 512
301 304
573 572
431 432
678 678
343 344
662 661
509 509
521 521
610 610
390 389
526 526
510 510
599 599
387 387
533 533
564 564
388 387
371 370
473 472
548 547
399 399
582 581
600 603
412 412
603 603
460 460
396 396
628 628
691 691
549 548
658 657
223 222
317 317
478 479
488 488
524 523
524 525
589 588
371 370
548 547
342 342
568 570
613 612
402 402
617 616
621 621
388 387
619 618
626 625
555 556
449 449
587 587
446 446
404 403
679 678
528 528
460 459
487 486
600 601
559 558
378 378
315 316
616 615
638 637
342 343
338 338
707 707
606 605
356 358
627 626
457 456
527 528
302 302
637 637
350 349
517 516
546 545
536 536
546 545
489 490
676 675
506 505
431 430
430 430
439 440
617 617
756 755
562 561
510 510
494 493
365 368
453 452
504 504
464 465
480 480
514 515
292 292
454 455
525 525
461 460
401 400
589 591
416 416
681 680
374 373
378 378
646 646
345 345
556 555
335 334
558 558
461 461
544 543
385 385
446 446
453 454
503 503
446 447
561 561
330 330
579 582
432 431
535 536
724 724
518 518
561 562
394 393
657 657
335 334
550 550
570 570
361 360
381 380
366 367
468 467
538 537
599 599
487 486
436 435
517 519
513 512
551 551
478 477
561 561
460 459
527 526
500 500
517 516
503 502
418 417
480 483
373 373
497 499
426 426
515 516
589 589
647 647
377 376
342 341
446 445
442 441
600 601
605 604
573 573
597 598
388 387
500 501
631 630
470 472
551 550
616 616
622 622
338 337
674 676
383 382
655 654
562 563
420 419
616 615
562 565
379 379
436 435
578 577
506 505
625 624
615 614
633 632
576 576
450 451
406 405
581 580
490 489
516 516
504 503
450 450
516 517
522 522
587 592
495 495
495 496
608 607
450 449
559 559
445 445
544 544
593 593
420 420
551 551
639 639
407 406
364 363
577 577
583 582
619 619
588 588
515 514
616 615
471 472
448 447
463 465
450 451
546 547
606 606
489 491
388 387
514 514
460 460
610 609
325 324
538 537
350 350
597 596
447 446
487 486
542 541
265 265
308 308
411 411
749 751
487 487
446 445
641 641
685 689
592 591
426 426
372 371
393 394
573 573
613 612
378 377
578 577
771 770
458 458
429 429
574 574
429 429
576 576
549 548
641 643
458 457
598 599
728 728
416 417
506 505
363 363
516 516
565 566
626 627
549 548
423 422
400 403
433 432
507 508
435 434
541 541
431 432
533 533
735 735
480 479
447 447
539 539
419 418
540 539
444 443
492 491
336 335
335 334
466 466
523 523
489 489
508 508
582 582
446 446
361 361
487 488
674 674
396 396
451 452
548 548
558 558
458 458
459 458
372 371
462 464
469 470
517 517
216 215
751 751
598 597
490 489
451 450
452 452
342 342
449 450
403 403
484 484
638 639
437 436
636 637
562 562
654 655
456 455
461 462
551 550
564 563
762 764
360 359
450 449
357 356
430 429
381 381
470 470
583 585
504 503
557 557
456 455
357 356
724 724
467 470
496 496
340 341
569 568
553 552
551 551
573 575
587 586
341 341
622 623
794 793
515 515
521 524
460 459
576 576
407 408
546 546
309 310
604 604
446 446
582 581
652 652
630 629
439 438
575 576
346 346
608 608
610 611
697 697
682 683
469 468
659 659
444 443
597 596
392 391
649 648
570 571
449 450
578 578
454 454
428 429
693 692
534 533
354 354
537 539
543 544
669 669
273 273
510 510
407 407
428 429
514 513
513 512
474 475
556 555
328 328
532 531
419 419
519 519
281 280
580 579
492 492
411 410
556 555
558 557
533 532
394 393
462 462
559 559
391 392
447 446
483 482
316 315
497 496
620 619
332 331
528 530
357 356
604 604
528 530
523 523
553 554
341 341
615 615
534 534
572 571
506 508
599 601
542 542
445 444
536 535
652 651
501 501
496 495
509 509
477 476
491 493
706 706
634 635
541 540
570 572
611 614
353 354
634 634
288 288
341 341
531 530
575 576
355 355
468 468
531 531
636 635
632 635
571 572
403 403
695 696
693 693
281 280
483 482
465 465
858 857
391 390
502 501
340 341
490 493
633 632
597 596
557 556
573 572
564 563
635 635
223 223
647 647
667 668
626 625
497 496
632 632
527 527
408 407
555 557
496 495
395 397
519 519
484 488
418 418
493 493
527 527
197 202
548 547
659 659
509 511
527 529
407 407
532 531
512 511
569 571
515 516
503 502
755 754
583 584
456 455
546 545
446 446
427 426
633 632
461 461
455 455
548 548
455 455
391 392
517 517
501 501
437 436
383 383
395 395
468 468
506 506
548 547
484 486
575 575
313 312
364 364
555 554
607 608
313 313
524 524
494 493
413 412
477 477
504 503
284 284
397 397
556 556
553 552
555 555
459 459
416 416
611 611
485 485
642 641
587 592
404 404
462 462
588 587
361 360
577 578
675 675
526 526
447 447
471 473
518 517
476 477
575 574
474 473
541 540
494 493
515 517
482 483
381 382
473 473
710 711
523 523
442 442
426 425
479 478
384 383
479 479
537 537
463 465
588 588
325 324
622 621
606 607
498 497
575 574
505 505
316 316
454 454
463 463
506 506
549 549
534 535
499 498
496 497
472 471
403 403
270 270
483 484
747 747
476 476
581 580
503 503
434 434
586 589
602 604
479 479
583 582
548 547
467 467
663 663
664 663
545 544
384 383
651 654
595 594
352 351
540 539
558 557
295 295
168 168
525 525
453 452
569 569
421 420
627 626
435 434
376 375
375 374
331 330
515 515
483 483
558 558
344 343
463 463
405 404
440 440
604 603
499 499
274 273
565 565
602 601
538 537
369 369
733 733
580 579
543 543
359 358
572 575
524 523
434 433
539 540
518 518
377 376
426 427
447 446
590 589
366 365
475 476
405 404
372 372
570 571
434 433
569 568
627 626
569 570
485 485
558 557
490 489
458 457
468 468
463 463
397 397
487 488
674 673
393 392
470 470
583 582
550 549
512 512
531 533
418 418
255 255
482 481
572 572
482 481
606 606
459 459
700 701
386 386
475 475
476 476
349 349
621 621
639 638
578 579
490 489
694 694
475 474
472 473
424 426
397 396
566 566
526 529
633 632
413 412
718 718
539 541
492 492
552 553
489 488
466 466
595 595
427 426
587 587
231 231
452 452
460 459
549 550
396 395
506 506
622 621
543 542
557 557
538 537
550 550
475 475
655 654
405 404
411 410
605 604
536 536
554 553
681 681
562 562
618 617
681 680
491 493
466 467
531 530
650 650
529 530
479 478
518 518
510 510
567 567
460 460
384 384
608 609
689 690
531 531
382 382
292 291
651 654
302 302
591 590
532 534
555 554
568 567
629 629
458 458
460 462
423 423
420 419
491 490
428 429
437 437
590 589
462 462
457 456
549 548
622 621
213 212
460 460
393 392
502 501
479 480
604 604
561 561
470 470
673 674
568 569
589 589
409 409
547 546
348 348
444 445
344 344
470 469
712 712
457 457
459 458
469 469
538 537
592 591
318 319
506 505
585 586
498 498
696 695
611 611
543 542
609 610
425 425
463 463
336 336
402 402
578 578
324 324
654 653
420 421
599 598
706 706
610 609
513 512
616 616
703 703
451 450
561 560
553 552
443 442
444 444
415 416
550 550
479 480
541 540
646 646
438 439
458 458
614 615
553 553
337 336
666 666
474 473
386 389
410 410
489 488
381 382
639 639
546 547
476 476
445 445
451 451
350 349
498 498
450 450
317 317
507 507
451 451
483 482
472 472
706 706
479 478
607 607
629 628
497 496
418 420
500 501
654 659
540 541
518 517
347 346
532 533
502 502
475 476
581 581
442 443
508 507
486 485
458 458
397 397
306 307
199 202
384 384
579 579
409 410
370 370
415 415
562 563
457 459
427 426
480 479
612 611
490 489
477 478
449 449
496 495
569 568
227 226
358 359
550 550
446 446
366 367
363 362
531 530
732 733
587 586
498 498
589 591
464 463
499 498
570 570
426 426
409 408
624 625
555 554
467 467
531 530
506 506
452 456
514 515
324 323
497 499
475 474
635 636
621 622
417 416
537 537
602 601
481 481
651 650
503 502
576 576
370 369
435 434
408 408
378 379
359 358
490 489
494 493
562 563
605 606
404 406
650 649
461 461
597 597
454 453
332 331
346 345
409 408
340 341
538 538
403 402
490 489
689 692
470 472
466 466
583 583
502 503
399 400
391 390
408 407
588 587
382 382
243 242
465 465
499 499
483 483
402 401
586 585
233 232
511 511
450 451
527 527
544 544
518 518
326 327
528 528
637 639
696 696
593 593
570 569
356 358
471 471
548 549
352 351
439 439
594 594
640 639
422 423
572 572
572 571
491 490
432 432
512 511
509 510
380 379
593 593
614 614
421 422
660 659
393 393
466 468
526 525
461 460
492 492
485 484
547 546
432 431
504 503
669 668
374 375
569 569
549 551
474 474
590 590
393 393
463 463
447 447
462 461
597 598
486 485
286 286
537 536
574 576
420 420
508 507
525 526
506 506
458 457
578 577
382 382
578 577
621 620
458 458
419 420
576 579
585 584
471 471
647 646
572 573
686 687
452 452
543 542
544 543
540 540
479 479
353 353
505 504
414 414
485 484
641 643
577 576
535 534
615 615
512 514
405 404
623 625
456 456
645 644
545 545
566 566
576 575
470 470
337 338
659 662
446 448
346 346
371 370
534 534
530 530
401 402
461 461
500 501
599 599
457 456
492 491
541 542
396 396
539 538
629 629
323 323
500 501
392 391
562 561
736 735
441 441
533 533
512 512
642 641
567 568
544 545
473 474
469 469
613 612
443 445
492 491
438 437
622 623
388 388
572 572
321 320
567 566
472 472
420 420
618 620
436 435
490 495
794 796
439 441
532 531
386 386
604 603
513 514
594 594
502 502
249 249
682 681
171 171
503 502
455 454
594 593
491 491
684 684
406 405
692 692
444 446
564 564
551 550
436 435
362 362
580 579
381 381
514 514
465 465
401 401
608 608
498 502
473 474
439 439
545 545
442 441
490 491
402 401
351 351
502 501
571 571
584 583
487 490
497 496
497 496
604 603
433 433
388 388
534 533
486 485
601 600
399 399
386 385
554 555
459 459
355 355
742 743
545 544
596 596
476 475
428 428
359 360
490 490
506 506
496 495
672 672
339 339
421 421
516 515
556 556
471 472
777 776
415 415
410 410
571 572
480 481
467 467
284 285
529 529
421 420
416 416
607 611
559 558
608 607
551 552
658 659
566 566
487 486
755 755
675 675
481 483
391 391
440 440
481 482
473 472
425 425
378 377
330 330
563 565
372 371
562 564
409 409
589 588
625 626
530 533
324 325
500 501
526 527
444 444
574 573
333 333
470 471
453 452
506 505
386 387
555 555
602 603
503 503
412 413
524 524
462 461
515 514
540 539
691 690
570 569
451 450
521 521
404 403
705 706
423 423
513 512
609 609
414 413
435 438
556 556
588 587
497 497
472 472
511 510
450 449
443 445
614 613
522 524
675 674
468 468
455 454
516 517
368 371
733 733
672 671
462 462
484 484
514 513
640 642
491 490
541 540
363 364
544 544
407 408
363 363
491 491
515 517
685 684
501 502
499 498
595 595
483 482
492 494
349 348
509 509
555 555
395 397
535 535
640 639
397 398
290 289
623 623
550 552
527 526
599 598
575 576
514 514
489 489
508 507
457 457
589 589
316 316
712 712
436 435
443 443
395 396
479 478
399 399
471 472
516 516
449 448
398 397
471 472
516 516
725 725
427 428
470 470
386 387
490 490
553 552
590 590
434 433
514 513
558 558
628 627
481 482
506 505
490 490
443 442
493 492
561 561
366 365
686 686
387 387
498 498
480 480
469 469
522 521
494 493
472 472
557 560
347 346
559 559
693 693
236 237
480 481
538 537
594 593
618 619
477 476
425 424
505 505
572 572
426 427
521 521
765 766
395 394
444 443
474 474
530 529
686 685
403 402
341 341
440 439
594 594
348 349
568 570
473 472
619 619
499 499
665 664
474 474
375 375
556 558
525 524
363 362
488 489
533 534
467 468
617 616
580 579
308 308
533 532
291 291
435 434
562 561
415 415
467 467
491 491
405 404
611 610
446 446
496 497
410 410
482 482
496 495
635 635
399 398
520 520
462 461
244 244
691 691
696 695
615 615
459 459
583 583
572 573
496 496
505 505
618 618
521 523
464 464
350 350
508 508
523 522
519 518
634 633
535 535
493 493
503 503
344 345
466 465
568 567
491 491
601 601
623 623
413 414
477 477
375 376
566 565
445 447
532 532
321 320
527 527
529 528
417 418
553 552
500 501
532 531
477 476
386 386
433 433
543 542
493 493
451 451
590 589
421 420
534 534
561 561
648 648
559 558
574 573
414 415
419 419
603 603
535 534
400 399
575 574
574 574
568 569
469 468
391 390
612 612
445 446
527 527
578 577
506 507
685 684
548 547
604 603
530 531
473 473
679 680
662 661
370 371
518 518
551 551
632 631
634 634
399 400
690 689
604 603
517 516
594 594
638 638
522 522
574 573
470 470
467 470
444 443
514 513
539 538
355 355
365 364
585 584
410 410
402 402
526 526
531 530
748 747
275 274
450 449
587 587
475 475
681 683
590 589
393 392
691 692
556 555
532 532
536 535
719 720
246 245
535 536
538 538
477 477
582 581
609 608
581 581
304 303
539 541
450 449
488 490
559 559
562 563
637 636
527 527
614 614
467 466
412 411
569 568
467 466
355 358
437 440
427 427
427 428
644 644
599 598
584 585
451 451
455 455
353 353
522 521
464 464
629 629
333 333
498 498
567 566
635 636
403 403
511 511
443 442
641 641
442 442
545 545
313 316
582 581
456 455
572 572
505 504
432 432
657 656
482 482
397 396
518 521
501 503
555 555
667 668
496 495
362 362
465 466
329 328
401 402
436 435
473 472
730 730
391 392
478 478
269 268
424 423
473 473
445 444
371 370
445 444
564 564
485 485
473 472
685 686
512 512
323 322
405 405
562 562
475 475
345 346
469 469
534 533
443 442
636 636
500 500
360 359
587 586
433 433
507 508
480 479
460 459
625 625
567 568
693 693
530 532
495 497
682 681
571 571
482 482
186 185
407 407
371 370
503 504
459 459
409 409
527 526
259 260
543 542
643 643
426 426
488 488
568 570
723 723
579 579
559 559
535 538
625 624
536 537
453 454
583 583
573 572
613 614
362 361
564 563
473 472
522 522
403 403
428 427
455 456
642 642
271 271
504 504
249 250
495 495
619 619
438 440
407 407
466 465
724 724
481 481
528 528
442 443
628 627
424 424
532 532
568 568
519 519
573 572
489 489
408 407
610 609
472 474
316 316
446 445
549 548
499 500
504 504
400 399
377 376
441 441
429 428
565 565
490 489
534 534
605 605
383 382
391 391
488 487
398 398
408 409
582 581
428 427
490 491
578 577
515 514
428 428
721 720
519 519
544 544
507 507
297 296
569 568
318 317
364 365
418 417
342 343
447 448
414 413
488 489
382 383
432 431
397 396
637 637
480 480
612 613
569 569
526 525
585 585
697 696
540 539
573 573
478 478
494 499
372 371
512 512
532 533
566 565
633 633
688 687
651 653
594 595
410 413
611 612
471 472
519 518
487 488
516 517
480 480
471 471
485 486
539 539
489 491
656 656
541 541
427 427
546 545
570 570
437 437
329 328
410 409
422 423
505 504
505 504
562 562
551 550
563 567
482 482
554 554
525 525
549 549
515 514
415 415
396 397
348 348
442 442
682 682
426 426
554 555
458 457
731 730
447 446
404 403
594 593
594 594
518 518
348 348
644 643
612 612
526 525
514 513
414 413
496 495
635 635
460 460
323 323
436 437
676 675
295 296
467 467
597 598
450 450
596 596
397 397
439 441
496 496
569 569
564 563
514 513
442 441
541 541
532 533
391 391
422 421
609 608
516 515
564 565
587 586
529 534
479 478
726 727
673 672
503 504
532 531
357 356
548 547
515 516
600 599
478 477
293 292
529 528
359 359
320 322
417 420
463 463
333 333
372 371
502 502
615 615
632 632
465 467
399 398
465 464
519 520
672 671
376 376
645 644
255 254
423 422
583 584
453 455
447 448
409 408
464 465
568 569
449 448
540 541
595 594
479 479
569 568
353 353
575 574
538 539
697 697
493 493
624 623
525 525
604 604
576 575
447 447
686 686
519 519
392 394
424 423
414 415
281 281
581 580
389 389
646 645
507 506
484 484
721 721
538 538
324 324
574 574
468 469
374 373
584 585
324 323
575 575
550 549
442 443
448 448
597 598
637 636
437 439
575 574
403 402
335 336
364 363
639 638
542 541
726 725
565 565
528 529
490 489
567 568
548 550
561 560
538 541
413 412
272 271
524 524
477 476
585 585
566 567
555 554
473 472
554 555
458 457
534 533
466 466
526 526
601 605
490 489
626 626
422 421
542 541
230 231
469 469
352 352
407 406
434 433
431 431
467 467
636 636
614 614
453 452
570 570
505 507
647 646
509 508
400 400
471 470
421 421
600 601
406 406
483 483
625 625
530 531
622 623
505 505
394 393
445 447
370 370
561 560
388 389
622 622
421 420
515 515
551 550
513 514
453 452
435 434
607 607
364 365
365 367
401 402
628 629
500 500
491 491
407 407
546 546
547 547
543 546
561 561
434 433
517 517
511 513
410 409
563 563
478 477
341 341
637 639
375 375
283 282
365 364
607 606
446 447
484 486
600 600
605 605
379 379
457 456
329 328
699 699
336 336
535 535
504 503
426 425
639 639
495 495
556 560
744 743
546 545
441 441
482 482
676 676
454 454
438 437
516 517
386 386
347 347
374 373
366 366
655 655
611 610
658 658
405 404
532 532
219 221
467 466
337 336
583 583
669 669
416 416
674 673
405 404
491 491
706 708
645 645
430 429
530 529
571 570
679 678
530 529
585 585
596 596
543 543
487 487
544 544
614 615
485 484
540 541
352 352
517 517
693 694
448 447
514 514
493 494
427 428
492 494
584 583
399 399
417 416
694 693
358 357
375 374
425 424
661 660
329 331
476 475
505 504
610 610
564 563
620 619
547 548
535 536
593 593
338 337
480 480
491 491
566 567
509 508
471 470
549 550
547 547
309 308
152 151
557 558
543 542
613 613
634 635
409 408
406 406
607 607
619 623
446 445
465 464
607 606
574 574
558 558
344 345
549 548
495 495
495 496
637 638
570 573
394 399
368 368
402 405
543 543
421 421
478 477
651 653
538 539
404 403
505 504
684 686
508 507
521 521
348 348
601 601
460 460
638 638
504 505
542 543
297 299
502 502
550 549
574 579
390 391
480 480
505 505
467 469
529 528
495 494
513 512
492 491
559 558
671 670
529 536
602 601
511 515
449 448
367 367
506 505
426 426
524 524
584 583
618 620
352 352
598 597
438 439
415 416
523 523
417 416
478 477
434 433
503 502
436 437
502 502
413 415
447 449
525 526
633 634
514 514
468 468
555 556
463 462
278 278
490 493
565 565
377 376
544 547
735 734
568 568
531 531
707 706
418 418
397 400
612 614
439 439
677 678
439 438
580 579
554 554
343 343
502 503
363 363
518 518
313 313
634 634
351 351
531 530
406 406
410 412
370 371
613 613
496 496
602 602
466 466
451 451
437 437
521 521
488 490
496 496
362 362
424 423
520 521
463 462
639 639
608 607
626 626
545 545
471 472
532 532
668 667
469 469
634 633
749 748
585 584
410 410
522 521
623 623
469 470
647 646
458 459
533 534
508 507
672 672
578 578
609 611
455 454
455 456
601 601
470 469
453 453
523 524
650 650
538 538
511 510
502 502
495 494
597 596
472 472
680 681
523 524
402 401
579 578
342 341
457 457
367 367
540 539
408 407
248 248
505 504
494 494
656 656
562 561
327 327
576 579
472 473
504 503
476 476
470 469
539 542
512 511
381 380
494 494
443 443
469 468
548 548
728 728
493 492
671 670
374 374
302 301
384 384
545 544
599 600
387 387
474 474
327 327
382 381
440 439
543 543
486 485
576 575
436 435
381 381
483 483
502 503
494 495
488 487
672 673
420 419
343 342
764 765
543 542
546 545
393 393
480 479
528 528
486 486
424 423
430 433
313 313
508 508
394 394
543 543
574 574
600 599
253 254
449 449
582 581
515 514
525 525
460 461
499 499
505 505
610 610
574 575
294 293
571 571
759 758
407 406
537 537
459 458
529 528
531 530
453 452
407 407
521 520
596 596
539 538
470 470
520 520
508 508
348 347
381 380
505 505
479 479
453 452
570 569
774 774
500 500
726 727
341 343
443 442
521 521
632 632
591 591
307 307
599 599
596 596
341 340
367 368
542 542
339 338
514 513
408 410
416 416
503 502
259 258
604 603
461 463
541 541
348 348
542 542
510 510
415 414
280 279
504 504
321 321
548 548
391 391
531 530
528 527
574 574
472 473
516 516
462 462
545 544
579 579
586 586
412 412
350 350
564 564
494 494
464 464
416 417
576 576
427 427
498 497
263 264
579 578
598 597
567 566
661 661
472 472
620 621
521 520
520 519
420 420
414 413
591 592
507 506
643 643
484 484
618 618
503 503
478 478
552 552
486 486
582 581
610 610
632 631
701 701
289 290
412 412
632 632
455 454
278 277
519 519
508 508
564 570
488 487
566 566
494 496
375 376
569 568
733 733
378 378
585 585
518 517
477 476
684 683
478 478
469 471
440 439
431 432
493 492
482 481
586 586
503 502
285 284
352 353
484 483
482 481
566 566
490 491
660 659
546 547
375 374
461 460
468 468
512 513
524 526
524 523
559 558
562 561
561 562
490 489
379 378
563 562
462 461
384 384
468 468
440 440
539 538
487 487
542 543
486 486
650 653
460 460
414 413
458 457
296 297
449 448
303 302
560 561
544 543
358 359
463 462
258 258
571 571
429 429
566 567
492 492
338 337
377 377
490 489
536 536
505 506
642 641
405 404
502 502
381 381
570 570
497 497
548 547
444 444
487 486
436 436
522 521
587 587
591 590
595 595
270 270
565 565
439 439
728 729
446 453
407 406
510 513
651 650
437 438
572 572
486 485
367 367
464 464
549 549
468 468
558 557
647 646
406 408
663 664
595 595
701 705
584 583
423 422
625 624
686 685
375 374
371 371
502 504
706 709
586 585
424 424
507 506
246 247
578 578
599 602
490 494
302 302
417 419
333 333
443 442
455 455
552 551
572 572
425 424
514 513
528 529
575 575
517 516
479 480
502 503
537 538
480 480
413 413
554 553
527 526
714 714
541 540
501 504
398 397
213 212
726 726
478 479
737 736
471 471
653 652
321 320
442 441
401 402
452 452
397 398
704 703
551 551
346 350
422 422
382 383
415 416
591 590
620 620
498 499
542 542
538 540
480 480
409 412
486 486
485 486
403 403
516 515
488 488
369 370
477 477
647 647
343 342
313 313
551 550
585 585
535 535
557 556
490 490
546 546
513 514
411 411
485 485
538 537
368 370
579 579
518 518
396 395
502 502
484 483
585 584
555 556
401 400
620 619
516 516
433 433
462 462
681 683
457 457
510 509
717 719
351 350
542 541
556 555
413 412
473 473
576 577
640 639
584 584
608 607
414 414
476 477
464 463
632 632
662 663
609 609
586 586
432 431
525 524
568 567
471 474
711 710
529 529
624 624
630 630
596 597
692 694
613 612
586 585
574 573
386 386
336 335
516 516
593 593
542 542
398 397
743 744
488 488
548 548
511 510
514 516
435 435
496 496
602 602
630 629
459 458
342 341
602 602
521 523
387 389
318 317
576 577
358 358
548 550
459 458
593 595
469 470
410 409
505 505
483 482
420 421
474 475
425 425
649 648
595 594
327 327
326 325
657 657
486 488
545 545
493 493
485 487
601 600
451 451
580 580
512 512
441 440
372 371
601 601
596 596
620 620
429 430
522 521
536 536
514 515
434 433
687 688
405 404
477 477
472 472
550 549
416 416
434 435
383 383
599 598
564 563
427 427
334 343
571 571
372 372
463 463
328 328
595 595
413 413
425 424
517 518
466 471
461 460
460 460
430 429
514 513
477 477
415 414
498 497
564 564
466 465
424 423
490 491
587 588
580 580
508 508
516 516
529 529
521 522
637 637
490 490
460 460
581 581
487 489
553 552
630 629
465 466
606 607
378 378
434 434
631 630
388 387
585 586
393 393
444 444
332 332
599 598
538 538
620 622
534 533
434 434
488 488
462 461
600 599
477 477
558 557
465 465
446 445
408 407
479 481
314 315
476 475
724 724
544 544
275 274
544 543
628 628
376 376
375 375
389 388
483 482
726 725
608 607
621 621
417 417
516 515
249 249
524 524
408 408
428 430
552 551
565 565
445 445
568 570
402 403
580 582
537 537
463 463
344 347
616 615
632 631
659 658
630 630
562 564
505 506
402 401
470 469
311 312
414 414
467 467
454 453
382 382
579 578
486 486
627 626
681 680
528 527
509 508
681 681
333 333
340 339
533 533
366 365
558 557
390 391
427 431
614 615
323 322
419 418
423 426
437 440
622 621
612 611
441 443
642 643
340 339
540 541
504 504
414 417
366 365
578 578
548 547
508 510
619 618
418 418
304 303
419 419
449 450
483 483
421 421
654 654
404 404
395 396
352 352
469 469
468 468
385 384
607 608
743 742
470 470
425 425
468 467
359 358
465 464
569 568
507 506
522 521
602 602
454 454
551 551
234 233
747 746
494 494
572 572
408 408
492 492
470 470
506 508
501 501
393 394
454 454
588 589
706 706
540 539
533 533
454 454
460 459
601 600
399 400
663 662
428 428
485 484
506 506
608 607
540 540
489 488
485 484
305 304
471 471
312 313
503 503
518 519
329 329
537 537
419 421
539 543
484 483
458 457
506 506
477 477
266 265
422 422
550 549
498 498
422 422
410 409
411 410
389 389
427 427
600 599
355 356
540 539
456 457
455 454
557 558
452 453
372 372
534 534
312 312
454 455
422 422
600 600
608 608
599 598
517 516
534 535
439 438
565 565
653 654
351 353
521 521
532 532
448 447
569 569
269 268
575 574
418 417
567 567
571 570
692 693
508 509
475 475
411 411
533 533
395 396
444 444
484 485
504 504
508 507
452 454
531 533
338 338
463 462
619 618
384 384
544 546
432 432
530 529
523 522
608 608
442 442
550 551
468 468
397 397
412 412
655 655
496 496
393 392
470 470
488 490
477 477
579 581
580 579
650 649
601 601
688 687
327 326
592 591
480 479
672 672
700 699
448 447
584 585
372 372
382 381
440 441
548 548
599 599
498 498
619 619
577 577
513 512
573 573
516 515
411 410
559 558
566 565
490 489
620 620
435 435
521 520
587 587
391 391
554 553
447 446
455 454
517 517
403 403
450 449
498 498
492 492
565 565
482 481
564 564
609 610
519 520
493 492
555 555
389 389
461 461
538 538
579 578
572 572
542 541
210 210
422 421
565 565
559 558
513 514
520 520
474 475
662 663
541 543
565 565
472 472
475 475
525 525
644 644
653 653
349 350
449 449
524 523
441 440
651 650
580 580
313 313
469 470
452 453
488 487
621 623
392 391
404 404
492 491
388 387
538 537
451 450
467 466
415 416
418 418
523 522
569 569
489 489
421 426
306 308
427 428
365 365
408 407
529 529
550 549
385 384
368 367
794 795
612 611
584 583
479 478
344 343
592 591
520 521
315 314
497 496
500 501
549 549
577 577
551 551
652 652
636 637
527 528
428 427
466 466
588 587
305 306
316 317
378 377
648 647
565 564
266 265
525 525
379 379
711 711
477 477
540 539
585 586
586 586
490 489
458 458
540 540
407 407
476 478
584 584
470 470
551 551
520 521
400 399
350 349
486 486
500 499
624 624
514 513
424 424
660 659
432 432
604 605
467 467
606 605
550 550
674 673
683 687
499 498
547 547
482 482
410 411
476 475
472 473
560 560
474 473
335 336
574 574
565 564
702 702
551 550
591 591
547 546
364 364
642 642
524 524
580 580
658 658
495 494
452 452
551 552
294 293
595 595
394 394
751 752
545 544
391 390
473 473
556 555
604 604
510 512
433 433
582 582
609 610
307 307
330 330
566 566
550 549
397 397
401 400
498 497
421 420
557 557
410 410
466 465
522 523
494 497
830 829
516 516
476 475
619 618
479 478
508 507
544 545
604 603
323 323
432 431
357 357
346 346
497 497
350 350
623 623
479 478
625 624
604 607
456 456
404 404
666 666
646 645
543 544
535 535
571 571
581 581
396 395
579 578
397 396
516 515
484 483
461 461
457 457
320 319
580 580
454 454
484 485
656 660
473 477
621 620
621 620
424 423
542 541
518 519
483 482
511 511
477 476
607 606
533 533
706 705
338 339
509 511
466 465
539 539
253 254
424 424
537 536
340 340
592 593
457 456
544 545
373 372
416 415
516 515
413 412
478 477
534 535
411 411
686 687
604 610
614 614
426 428
572 571
393 393
689 690
442 442
435 434
461 460
394 394
359 358
403 402
299 300
400 400
447 446
488 488
728 727
490 489
523 527
272 271
397 398
678 677
451 451
563 562
524 524
427 429
502 503
344 343
452 452
387 387
559 560
392 393
481 480
582 582
399 400
518 517
679 679
477 477
511 510
661 661
382 381
463 464
485 484
470 469
511 510
438 437
611 610
475 475
587 586
314 313
644 644
517 516
641 641
400 399
336 335
480 480
512 512
483 483
411 412
554 555
511 510
518 518
402 401
412 413
493 492
655 655
490 490
408 408
529 528
611 611
544 543
438 439
688 688
390 391
578 578
652 651
395 395
492 492
481 481
493 492
332 333
511 511
545 547
580 580
506 505
461 461
822 821
357 356
557 557
464 463
674 673
506 506
608 608
357 358
475 474
488 488
336 337
520 520
442 441
451 451
548 548
544 544
768 768
413 412
498 497
436 435
468 468
435 434
635 635
299 298
459 461
314 313
335 336
661 662
548 547
510 510
492 492
589 588
483 483
565 566
523 522
475 474
419 419
544 543
429 430
349 349
573 573
257 259
365 364
605 604
508 510
550 550
599 598
509 508
431 431
553 553
449 450
455 454
519 520
508 507
426 426
509 509
535 534
529 528
676 677
412 411
443 442
599 598
475 475
608 611
506 505
372 371
516 518
353 352
570 570
524 523
518 518
503 503
374 374
594 593
457 458
468 468
528 527
386 385
645 644
457 457
511 510
545 545
399 399
708 709
562 561
548 548
601 600
670 670
386 386
512 511
542 541
467 467
386 385
441 440
524 523
477 477
316 316
511 512
700 700
589 589
503 503
752 755
454 453
614 613
428 427
515 516
294 296
499 500
574 574
520 520
424 427
510 511
558 557
394 393
458 459
580 580
582 582
416 418
600 601
482 481
633 632
611 614
510 510
474 473
581 581
465 464
497 497
392 391
346 349
499 499
597 596
427 428
368 367
360 360
504 503
645 645
437 436
604 605
647 646
559 560
343 343
551 552
452 451
547 546
440 440
604 604
421 422
465 464
383 382
615 614
315 315
442 443
450 449
343 342
592 593
514 515
601 601
501 501
577 577
542 542
566 565
592 591
347 347
495 496
658 658
573 573
446 445
447 447
571 570
533 535
484 483
583 583
422 421
460 459
298 299
588 587
566 566
400 399
470 471
470 473
583 582
588 589
528 527
316 318
472 472
440 440
562 562
513 512
563 563
605 605
368 368
445 445
474 473
605 604
658 658
505 505
557 556
523 523
513 515
688 687
318 318
348 347
487 486
467 466
503 503
481 481
621 621
438 437
577 576
368 369
460 459
460 460
564 563
570 569
420 421
581 582
785 784
495 495
631 631
400 400
436 435
470 469
581 580
610 610
598 600
384 384
454 454
477 477
432 434
541 540
378 377
606 606
498 500
530 530
539 539
658 658
578 578
465 466
435 435
502 501
508 508
506 505
374 375
548 547
524 525
376 375
612 611
544 544
504 504
384 384
425 425
399 398
679 679
518 518
554 553
713 713
657 656
462 465
586 585
528 529
691 691
528 529
396 395
560 560
424 423
562 562
692 693
470 471
488 489
313 312
493 494
445 444
308 307
659 659
532 533
340 339
320 320
590 590
395 397
363 362
400 400
423 423
445 447
426 426
597 597
725 724
661 661
444 444
451 450
508 510
618 617
558 558
529 529
548 550
503 503
311 311
435 434
523 524
573 572
337 337
559 558
386 386
399 401
434 435
600 600
618 618
519 519
644 645
439 439
428 428
532 531
580 580
474 474
350 349
665 665
662 662
540 541
308 307
516 516
522 523
290 290
664 663
497 497
457 462
435 436
660 661
471 471
639 638
585 585
302 305
611 612
564 563
575 575
436 436
441 441
525 526
461 460
573 572
582 582
704 706
360 360
413 412
404 404
589 588
361 360
416 416
637 637
525 525
420 420
510 510
453 457
628 629
554 555
418 419
260 259
446 445
615 614
276 277
602 601
437 437
484 484
449 450
432 431
520 520
421 420
479 479
399 398
568 569
624 626
586 586
498 499
498 498
552 553
396 395
522 521
516 515
559 558
612 614
519 518
669 668
572 571
459 458
433 432
559 559
455 456
553 553
434 435
452 453
555 555
607 608
324 325
496 495
666 667
511 511
479 478
663 662
437 438
607 606
419 418
549 552
545 544
511 510
582 583
612 612
389 389
347 347
650 649
605 606
555 555
465 464
328 328
498 498
667 667
676 679
466 465
620 620
539 539
524 525
674 673
742 742
518 517
562 561
258 258
355 355
597 597
419 418
598 599
536 535
578 578
473 472
519 519
417 417
520 521
605 604
649 648
406 405
542 544
561 560
537 536
325 325
559 559
433 435
554 553
619 619
537 541
435 434
453 452
479 482
610 609
344 345
498 498
634 636
669 669
615 615
496 495
616 618
489 488
590 589
611 613
654 654
482 481
720 719
546 545
495 494
362 361
391 392
648 647
610 609
536 535
604 606
620 623
616 617
576 575
497 497
680 679
550 550
407 407
619 619
648 648
274 273
413 413
447 447
345 345
484 484
516 515
430 430
664 663
475 475
484 485
708 708
495 495
351 351
540 539
644 643
577 577
474 474
416 416
435 435
610 610
369 369
412 411
432 433
519 518
385 385
434 433
551 551
312 312
522 523
529 530
383 384
513 513
620 619
475 475
400 399
301 301
658 659
494 493
613 613
627 627
534 534
574 575
453 452
437 436
545 544
468 467
413 414
557 557
529 529
377 376
599 598
570 570
662 661
526 528
604 604
626 625
627 626
586 586
575 575
540 539
561 560
539 538
470 470
447 448
508 508
342 343
506 506
639 639
381 382
481 480
400 400
472 474
470 470
620 620
617 618
556 556
601 602
421 420
752 752
471 470
384 384
549 549
515 515
430 429
478 477
428 427
544 544
596 596
519 520
418 417
501 500
467 466
579 578
741 746
411 411
452 451
608 608
616 617
493 492
463 463
378 378
381 380
620 619
601 600
522 522
374 374
619 619
224 226
377 376
403 403
380 380
483 483
533 533
514 514
477 478
718 720
476 476
523 524
386 388
413 414
386 387
426 425
645 644
527 527
310 310
375 375
537 536
680 681
547 547
572 572
525 526
471 471
518 518
392 391
399 399
598 603
459 460
297 296
540 540
606 607
360 361
528 527
341 340
600 602
429 430
589 590
549 548
534 533
713 712
457 456
654 653
447 447
448 449
356 357
564 565
336 336
646 646
617 617
647 646
505 506
391 390
596 596
672 671
710 709
614 615
437 436
615 614
520 520
454 454
539 538
384 385
527 526
350 351
499 499
638 638
468 471
626 626
304 304
652 651
587 586
514 513
630 629
578 577
656 656
357 357
609 609
622 622
493 493
451 450
518 520
408 409
667 666
435 436
557 556
536 536
323 322
589 588
541 540
666 665
497 497
439 439
553 553
435 435
475 475
445 445
504 503
540 540
266 267
447 446
509 508
427 426
459 459
531 531
442 441
499 498
589 588
421 421
352 352
517 517
458 458
378 378
658 657
623 622
297 300
598 597
665 664
549 548
539 541
516 515
352 352
512 513
481 480
484 483
610 610
696 696
577 579
521 523
548 547
320 319
526 525
396 395
271 271
524 524
376 375
555 554
441 441
530 530
418 418
470 469
529 529
557 556
457 456
472 475
657 658
474 473
536 541
575 576
606 605
675 677
394 395
420 419
552 553
371 370
457 456
423 422
597 596
596 596
327 326
348 348
605 604
493 492
440 439
603 602
448 448
604 605
404 404
506 507
520 519
412 411
349 349
544 543
429 428
432 433
457 457
587 587
427 427
493 492
456 455
615 617
597 596
600 599
578 577
427 428
406 407
506 506
516 516
452 452
419 418
728 729
501 502
552 552
624 623
527 526
585 586
412 411
357 357
532 534
398 397
524 526
491 490
456 455
590 589
522 522
476 478
456 456
625 627
486 485
506 506
422 423
550 550
591 592
583 583
407 411
385 385
419 419
500 504
334 334
621 622
554 555
315 315
485 484
344 344
508 511
413 413
358 357
449 448
634 634
563 562
457 456
582 582
496 496
392 391
455 454
271 272
426 426
566 567
670 670
359 359
502 501
340 340
483 483
514 514
460 461
346 345
455 457
606 605
369 368
694 694
439 438
468 469
686 686
419 418
659 659
480 482
580 580
540 540
545 544
522 521
510 511
617 621
445 444
398 399
631 630
443 442
696 699
402 404
386 385
584 584
432 431
410 410
595 594
539 539
533 534
482 482
637 637
562 561
439 438
300 301
493 492
491 490
375 374
638 638
604 603
551 550
508 510
656 659
531 533
590 589
555 554
678 677
591 590
396 395
310 311
616 616
390 390
467 467
389 392
411 411
587 587
406 405
422 422
566 566
546 547
375 376
322 322
514 513
580 580
431 432
623 623
486 487
391 390
459 458
487 486
386 387
476 477
635 636
393 396
408 408
601 600
488 488
585 586
594 593
578 579
489 489
462 463
531 531
574 574
494 494
670 669
557 557
524 527
347 346
500 499
453 452
444 444
486 486
562 562
649 648
269 269
413 412
665 665
341 342
429 430
651 650
644 643
453 453
534 535
535 534
409 409
512 511
676 677
457 457
467 467
372 374
491 491
494 495
576 575
750 750
638 638
481 481
448 448
511 511
520 519
335 336
511 515
394 393
501 501
522 522
330 330
629 631
267 269
389 389
532 531
538 538
674 673
510 509
474 475
459 460
467 467
757 757
607 606
541 540
442 442
380 380
512 512
505 505
278 278
239 239
459 461
485 485
448 447
361 362
454 454
314 314
528 529
631 631
560 559
533 532
413 412
559 558
591 590
435 434
539 540
434 434
295 295
465 464
580 581
400 400
511 512
543 543
452 452
503 503
564 563
491 492
518 518
123 123
480 480
647 646
571 572
576 576
442 443
524 526
534 536
747 747
452 452
472 473
355 356
620 620
450 449
568 568
510 510
600 599
583 582
308 308
612 612
416 416
555 554
496 496
554 554
584 584
284 284
453 453
375 376
392 391
379 380
553 553
378 378
390 390
328 327
555 555
332 332
584 583
590 590
514 514
408 407
435 434
498 499
488 487
349 351
521 520
657 658
504 503
399 399
367 367
556 556
423 425
392 391
491 491
438 437
496 496
497 497
624 624
530 531
432 431
399 399
478 478
533 533
658 661
610 610
425 424
425 427
350 350
515 514
395 396
542 542
312 311
605 604
383 382
527 526
546 545
558 557
521 521
412 414
624 624
273 272
658 657
590 589
412 411
507 507
517 516
827 827
582 581
467 466
610 609
570 570
689 689
469 469
475 475
673 673
474 474
462 461
400 402
523 523
616 616
647 648
360 360
555 554
608 609
783 782
516 516
394 395
446 446
673 673
540 540
447 447
366 368
531 530
546 545
547 547
451 450
602 602
431 431
521 524
475 475
478 478
473 474
537 536
701 701
504 503
581 581
429 431
533 532
416 416
437 437
538 537
572 571
362 362
571 571
541 541
573 575
499 499
442 442
560 562
362 363
404 403
447 446
400 400
489 489
451 450
746 749
376 376
465 468
595 598
600 600
539 541
402 403
597 596
469 468
503 505
489 489
548 547
408 408
469 471
552 551
465 465
461 462
466 468
610 610
300 299
555 556
443 444
502 502
534 534
487 489
457 457
409 409
575 574
509 508
529 530
508 507
536 535
583 584
529 528
605 605
434 435
545 546
571 570
448 448
449 449
395 395
464 463
700 700
498 497
413 414
637 636
559 559
535 535
546 545
642 641
401 401
545 544
466 465
498 497
598 599
631 632
443 442
413 413
504 504
548 547
337 337
603 602
402 404
665 664
529 528
453 452
455 454
624 624
236 237
453 453
507 507
518 517
472 472
500 500
460 460
622 622
493 493
399 400
574 574
524 524
456 457
646 647
550 551
528 528
562 562
653 652
531 532
427 427
483 483
503 503
585 584
503 503
491 491
484 485
540 540
541 542
503 502
524 527
622 622
446 446
596 595
497 497
527 527
471 471
493 493
449 448
514 513
469 469
436 436
542 542
507 508
550 550
516 516
315 314
459 459
394 394
455 457
400 400
535 535
514 513
375 374
386 387
527 528
442 444
602 602
683 682
605 605
498 497
568 568
655 655
239 240
446 448
519 518
632 633
402 402
472 473
494 494
467 467
524 524
387 387
535 536
406 405
425 424
414 414
528 528
438 438
666 668
533 533
269 268
488 489
589 589
527 529
404 403
510 510
563 562
630 629
660 659
391 391
475 476
454 453
697 698
702 701
431 430
508 509
687 687
488 488
509 509
526 526
421 421
493 493
520 520
487 488
635 634
536 537
489 488
633 635
725 726
447 446
571 571
431 432
446 445
583 584
288 288
391 390
414 415
474 474
613 615
537 536
401 401
478 480
455 456
445 446
410 411
508 508
503 506
401 400
552 552
672 674
462 462
630 629
565 570
555 554
459 460
523 523
468 467
585 585
511 511
389 389
395 395
610 610
303 304
488 490
554 554
252 253
590 591
555 554
516 515
395 397
467 466
461 461
466 465
647 646
553 552
503 502
294 295
418 418
601 605
636 636
412 411
541 540
432 433
485 487
538 540
485 485
414 414
552 552
571 572
432 432
587 587
371 371
364 366
428 428
582 582
533 534
455 456
417 417
374 376
682 682
431 432
386 387
381 382
579 579
436 436
589 588
525 524
556 555
483 483
488 488
421 421
578 578
311 311
356 356
245 245
551 551
492 491
478 477
364 364
564 564
462 462
395 397
286 288
555 556
531 531
706 706
401 400
518 517
766 765
439 441
591 590
559 558
405 404
456 456
566 565
578 579
552 554
590 590
334 334
465 465
302 302
330 330
623 626
431 432
499 498
470 470
435 435
457 456
490 489
340 344
553 553
456 457
410 410
344 343
263 263
655 655
482 482
388 388
459 459
428 429
418 420
604 603
439 439
505 505
480 480
572 574
254 253
489 492
499 498
437 436
577 577
466 466
400 399
401 401
586 585
552 551
538 538
523 523
725 726
543 542
532 531
449 448
594 593
525 524
436 436
596 595
480 481
428 428
539 541
367 368
386 387
563 562
343 343
537 536
430 429
411 410
280 280
492 492
503 502
583 583
424 425
523 523
596 597
558 557
446 445
426 425
256 257
683 685
387 386
531 532
631 630
480 480
519 521
390 394
543 543
537 537
358 358
592 592
438 437
537 539
438 437
525 525
475 475
509 509
527 528
567 567
535 534
180 179
632 631
612 612
584 583
512 512
643 643
432 432
511 512
628 628
412 412
515 515
522 523
628 627
497 496
472 474
599 598
583 583
413 412
634 634
535 534
532 531
518 518
346 346
345 345
438 439
481 480
390 391
427 426
517 517
584 584
582 582
556 556
533 533
584 584
571 571
435 437
490 489
345 346
440 439
550 550
603 606
252 251
464 464
449 449
388 390
491 490
456 455
706 705
515 514
526 526
663 662
417 417
551 553
518 518
501 501
466 466
525 525
493 492
328 328
513 514
552 551
412 411
495 494
568 568
424 423
508 508
455 457
477 477
437 436
490 490
474 473
568 568
383 383
653 652
546 546
596 599
478 479
490 489
430 429
485 484
574 573
420 421
494 497
397 396
574 574
516 516
578 578
294 293
693 696
624 624
552 552
501 500
704 703
491 490
476 476
528 528
764 764
525 524
614 613
491 490
626 625
668 667
561 561
383 382
555 554
400 399
675 674
519 518
696 695
592 592
461 462
583 585
596 596
534 534
572 574
434 433
358 357
472 472
424 423
296 295
550 549
518 517
443 442
555 555
602 602
521 521
337 336
431 431
360 359
868 868
447 446
561 563
603 603
348 347
490 490
321 320
434 434
592 592
512 511
494 493
518 517
521 520
598 598
375 376
441 441
660 659
638 638
427 426
571 570
577 576
409 408
506 506
493 492
583 583
538 540
515 515
566 566
560 560
439 440
607 607
537 537
624 625
378 377
425 424
628 627
601 602
441 442
451 451
459 458
517 516
419 419
545 545
433 433
434 434
462 463
684 685
447 446
434 435
545 544
611 611
524 523
405 405
379 379
646 646
654 654
419 419
630 631
367 367
490 489
756 755
541 541
574 574
457 457
456 457
317 317
563 563
496 495
492 493
443 442
477 476
410 410
375 375
613 612
449 448
610 610
740 741
432 432
409 409
535 534
553 553
378 380
388 389
616 615
403 403
432 433
475 474
590 589
489 489
627 626
393 392
352 352
609 610
480 479
731 731
497 500
619 619
631 632
393 393
406 406
463 463
571 571
375 376
465 464
637 640
603 603
538 537
588 589
519 519
718 718
488 489
449 449
437 436
379 379
590 591
556 555
477 478
521 522
480 481
453 453
564 563
546 549
489 490
356 356
484 486
466 467
499 500
381 381
573 572
521 521
546 545
296 298
497 496
583 583
541 541
437 437
517 517
303 303
508 508
484 483
513 514
466 466
438 438
656 655
422 423
269 268
537 538
653 652
417 419
440 440
392 394
665 664
557 556
330 330
420 420
393 394
409 408
534 534
492 492
534 533
605 606
392 392
422 421
463 462
558 559
433 432
424 429
484 484
645 645
365 365
340 339
594 597
359 358
505 505
612 611
568 568
412 413
570 570
295 296
522 521
545 544
486 486
422 422
518 518
520 519
455 454
492 492
470 470
393 393
385 385
422 421
349 348
504 507
421 421
349 351
672 672
349 348
529 528
558 557
594 593
612 612
534 533
354 353
425 426
409 409
393 393
551 550
483 488
430 429
580 584
476 475
539 539
428 428
497 496
519 519
522 522
409 409
651 653
416 415
483 483
505 505
585 584
501 500
561 560
395 396
641 641
434 433
571 570
410 410
465 464
367 367
752 752
449 449
425 427
399 398
457 458
707 706
657 656
518 518
525 527
646 646
552 553
240 240
486 487
513 512
594 594
522 522
633 633
479 479
447 450
401 402
501 500
387 387
489 488
538 538
697 696
742 741
526 525
356 356
372 371
479 479
370 370
432 431
646 646
587 588
717 716
453 452
484 484
472 471
455 454
559 558
561 560
587 586
607 609
531 530
442 441
365 367
460 460
498 498
452 452
390 391
430 430
556 555
574 573
514 514
548 547
334 334
564 563
338 337
351 350
505 505
386 387
597 597
651 651
432 431
407 407
316 316
534 533
688 688
356 355
715 715
456 456
497 496
448 448
539 540
495 495
622 622
488 488
724 723
537 536
685 684
644 643
484 483
443 442
438 437
521 520
600 601
459 458
554 557
558 560
399 398
501 501
589 588
517 521
520 519
430 432
447 446
446 448
507 506
564 563
555 555
548 548
428 429
503 503
493 492
598 597
420 419
547 546
627 626
370 370
756 758
418 418
546 546
630 629
522 521
586 585
433 433
343 343
358 358
432 431
525 524
562 561
399 399
378 380
469 471
485 486
556 556
327 326
426 426
480 484
460 460
477 478
632 631
454 454
465 464
598 597
338 337
493 493
623 622
604 603
461 460
443 443
311 313
611 610
537 536
442 442
478 478
470 469
290 289
438 438
659 658
501 500
469 468
577 578
611 612
539 538
519 519
489 489
497 497
505 504
529 528
531 531
462 462
439 439
328 329
499 499
523 522
441 440
588 587
472 472
556 555
495 494
593 593
623 622
401 403
732 732
393 392
546 545
390 392
701 701
718 722
356 355
424 424
404 403
549 556
587 586
491 491
577 577
489 489
438 441
397 396
545 545
344 343
454 453
627 629
481 481
581 581
348 348
505 504
471 470
500 500
476 477
388 387
355 355
504 504
378 378
552 552
494 493
371 372
456 457
403 402
445 446
542 541
569 569
416 416
595 595
434 433
328 329
608 610
542 541
402 402
384 384
513 514
649 649
568 567
453 453
535 534
477 477
367 367
531 531
638 637
536 535
389 389
370 369
667 669
526 527
612 615
415 415
670 670
422 422
454 456
551 551
488 487
497 496
348 347
618 617
460 460
514 513
468 468
619 618
555 554
542 543
583 583
529 528
443 443
477 478
444 444
352 353
578 579
431 431
679 679
591 594
437 437
381 381
583 582
462 461
412 415
541 540
426 425
343 342
456 455
476 475
483 482
447 446
605 609
397 396
490 490
454 454
442 442
586 585
590 593
330 330
454 454
506 506
457 456
513 514
238 237
549 549
604 606
493 492
438 439
468 468
525 527
539 539
454 454
600 599
562 565
489 489
514 513
430 430
514 515
448 447
486 489
509 509
362 364
609 608
575 575
466 466
595 596
360 361
456 456
398 398
557 557
538 537
460 459
466 466
426 426
539 540
406 406
484 484
560 560
460 460
356 359
533 532
569 571
557 557
551 551
315 314
378 379
571 570
369 368
424 423
321 323
348 347
485 484
349 349
684 685
517 516
408 407
504 503
674 676
397 396
489 491
506 506
619 618
504 503
400 399
572 571
557 558
585 586
529 529
376 376
512 512
301 300
610 610
404 404
512 511
516 515
470 469
419 419
545 548
446 446
579 581
460 459
573 572
342 343
624 623
505 505
522 521
438 437
589 589
591 591
524 524
650 650
486 486
552 553
394 394
321 321
418 419
543 543
469 468
643 642
435 435
532 533
538 537
404 403
574 574
449 450
538 538
311 311
692 693
535 535
564 563
456 455
393 392
289 292
529 528
514 514
429 428
588 588
511 511
506 505
370 369
573 574
524 525
539 538
593 592
456 455
299 298
377 376
570 569
569 568
595 596
329 329
588 588
302 302
401 401
469 468
590 590
536 535
483 483
531 532
679 679
549 549
487 487
609 609
378 377
404 403
492 492
428 431
536 535
497 496
577 577
537 536
430 430
563 564
686 685
673 674
515 514
563 562
645 648
499 498
554 554
493 494
528 528
536 536
516 515
380 380
431 430
445 445
574 574
466 467
361 360
579 578
579 578
495 494
514 513
292 291
635 636
471 470
448 448
459 462
541 540
512 511
652 652
579 578
610 609
303 302
417 416
416 415
582 582
323 322
558 557
552 551
621 622
430 430
407 408
571 571
494 493
553 553
404 406
545 546
524 523
631 630
330 329
492 492
492 493
474 476
707 706
620 619
419 419
604 604
536 536
380 379
511 513
458 457
531 533
310 310
570 570
433 433
342 341
465 464
453 452
487 487
440 439
496 496
601 601
530 529
310 310
547 549
461 461
390 389
550 549
639 639
340 339
459 458
537 537
606 605
636 637
379 379
586 585
478 479
628 628
466 465
563 562
456 455
554 553
473 472
525 525
528 529
598 598
461 461
526 527
316 316
413 414
595 595
441 442
298 298
530 530
568 568
434 434
537 536
602 601
730 730
529 529
570 569
516 517
549 548
524 523
482 482
526 527
414 416
329 330
677 678
478 478
633 634
512 511
645 644
413 416
347 348
558 558
570 575
646 645
380 381
430 431
516 515
446 448
574 574
534 534
485 484
520 519
262 262
637 637
591 590
479 478
526 525
645 645
619 619
406 407
574 576
519 518
354 355
503 502
651 650
516 515
527 528
359 361
657 656
606 608
474 473
587 586
459 458
483 483
445 445
530 530
405 404
606 605
447 447
505 505
401 401
511 511
402 402
473 473
495 495
393 392
545 544
620 623
518 521
398 398
353 352
422 423
482 481
482 482
487 487
558 558
535 535
495 495
525 525
566 567
673 673
395 396
608 607
619 618
243 242
472 472
502 503
590 593
477 478
301 301
397 400
552 552
464 464
697 697
446 445
545 544
457 459
540 540
443 444
458 457
492 494
589 589
546 545
547 547
598 597
415 414
343 344
480 480
546 545
566 565
526 526
270 270
465 466
563 563
499 501
586 585
499 500
528 529
485 485
445 453
779 780
451 451
337 337
495 495
668 667
588 589
531 533
484 485
458 457
574 574
568 568
573 572
651 650
498 498
668 671
596 596
484 484
303 302
531 531
255 254
647 650
590 589
455 455
520 520
414 414
441 441
482 482
581 581
473 472
346 347
567 568
725 724
635 636
590 590
568 569
512 511
580 579
702 702
528 527
339 339
448 448
592 592
384 383
403 402
355 356
385 385
432 431
456 456
526 527
361 360
511 510
602 602
543 542
298 298
397 398
590 590
636 636
482 482
526 526
440 442
551 550
452 451
428 429
594 595
539 539
308 307
436 436
566 566
422 422
490 492
371 372
399 401
579 581
663 662
378 378
535 536
415 414
422 422
499 499
619 620
444 445
696 696
627 626
361 360
255 255
559 561
519 518
581 582
443 442
555 554
368 367
318 318
481 482
636 639
485 484
628 628
407 406
348 347
522 521
440 440
361 360
339 338
579 579
387 387
473 472
572 573
588 587
501 502
559 559
476 476
478 477
522 522
511 510
563 563
467 467
640 641
606 605
551 551
614 613
477 477
524 524
558 558
634 634
634 636
505 507
503 502
513 513
504 504
553 552
431 430
474 476
318 319
498 497
590 590
523 522
523 524
408 409
677 677
510 512
428 427
645 646
465 465
806 806
574 574
474 474
491 492
571 572
649 649
504 503
429 433
565 566
491 491
464 464
533 533
552 551
393 393
385 384
407 406
336 336
488 487
341 341
427 427
371 371
521 521
648 648
687 686
721 722
660 660
678 677
624 624
376 375
568 568
477 476
454 453
633 634
443 443
436 440
540 539
408 407
585 585
376 376
410 409
526 525
629 629
600 599
471 470
444 443
442 442
508 508
447 447
612 612
422 421
604 603
551 550
541 542
552 551
396 395
548 548
612 612
538 537
475 474
450 452
459 459
584 585
466 466
577 577
707 706
427 427
498 497
385 384
516 516
506 506
481 481
614 615
503 503
353 352
423 423
435 435
716 716
454 453
526 525
706 705
534 534
720 719
572 574
489 488
349 348
607 607
361 361
609 608
524 523
464 465
450 453
460 459
547 546
600 601
389 389
588 587
510 510
508 508
510 510
480 480
537 537
531 532
459 459
457 456
386 386
541 541
454 453
491 490
436 439
361 360
578 577
734 735
583 583
373 372
469 470
529 531
425 427
419 418
350 349
393 393
574 573
572 574
583 586
527 526
562 563
547 547
500 499
377 376
484 484
475 474
332 333
558 558
586 585
709 708
510 510
519 518
603 609
412 412
670 673
526 525
487 486
582 582
630 630
475 475
647 649
630 630
666 667
541 540
663 666
497 498
391 391
408 409
614 615
552 551
571 571
461 461
192 193
522 524
486 486
438 439
379 378
376 377
478 478
643 642
511 510
517 517
660 661
426 426
482 481
593 592
551 551
639 639
566 567
423 422
571 570
493 493
425 425
707 706
500 500
473 475
579 578
443 443
625 624
634 633
531 530
447 446
566 565
378 378
249 255
343 345
435 435
450 449
535 536
424 424
542 541
498 499
540 540
379 379
451 452
519 520
634 635
771 771
400 399
400 400
499 498
468 467
453 452
399 399
371 370
473 473
568 570
575 574
431 431
608 609
481 481
558 557
287 286
385 386
401 401
574 574
551 553
580 579
509 510
531 530
460 461
563 563
617 618
547 548
356 356
517 517
412 412
409 409
499 499
421 421
448 448
499 500
497 497
457 456
376 376
555 557
603 602
562 564
647 646
499 498
457 456
408 408
288 288
561 562
587 588
564 566
452 453
658 657
686 686
657 656
424 423
435 437
698 698
485 485
511 510
574 575
481 482
402 401
550 550
558 557
512 513
442 441
655 655
565 564
576 577
445 445
493 493
488 489
371 370
541 542
621 621
450 449
557 556
447 448
517 517
624 624
391 390
404 403
458 458
425 424
552 553
475 475
572 574
558 557
484 483
469 468
457 458
572 572
468 467
425 425
422 422
408 409
388 390
426 425
537 538
474 474
504 511
622 622
397 396
570 572
324 323
435 434
563 563
417 418
406 405
676 677
452 452
429 429
267 267
504 503
428 429
578 578
250 249
432 431
619 619
506 506
492 491
599 598
501 500
492 491
464 464
518 518
475 474
426 428
401 401
542 542
402 403
618 622
572 572
450 449
567 567
559 559
569 569
541 540
483 483
630 631
558 558
512 512
413 412
529 528
309 308
336 337
654 656
516 515
642 641
551 551
471 470
516 516
392 393
503 502
344 344
647 646
436 437
455 457
580 579
462 462
630 630
527 527
407 407
534 533
286 285
405 404
579 578
542 542
545 546
599 598
477 477
420 419
420 419
489 488
602 604
467 466
617 616
494 495
728 727
475 474
314 315
350 350
442 446
417 418
435 434
368 368
636 639
515 516
382 381
419 420
464 464
590 589
391 391
496 496
577 581
360 361
308 307
585 586
500 500
538 539
386 386
481 480
458 459
543 543
366 365
626 627
525 525
521 521
549 552
657 658
471 470
589 588
516 515
562 563
617 618
476 476
709 710
592 593
423 422
574 573
419 419
384 383
459 458
609 608
516 517
509 508
557 557
589 590
443 444
649 648
381 380
706 705
634 634
586 586
467 466
576 575
442 441
420 419
572 571
496 496
692 692
594 594
587 587
491 491
333 334
458 460
417 418
548 548
524 523
588 588
558 558
358 358
648 650
579 579
338 337
578 577
488 487
506 507
450 449
411 410
432 434
322 321
490 490
557 557
535 535
417 417
523 522
511 511
484 483
516 515
640 640
465 464
479 478
592 591
510 509
480 480
438 437
662 661
496 497
458 459
345 344
372 373
555 555
548 548
384 383
557 557
467 467
683 683
552 551
474 474
622 622
512 512
410 410
668 668
409 409
487 486
614 613
376 375
686 686
704 703
622 621
531 530
498 498
530 529
346 345
672 672
368 367
508 509
541 541
482 482
395 394
313 312
661 661
425 425
567 569
518 518
539 539
571 573
525 524
434 433
456 456
684 683
531 531
507 507
529 530
524 525
486 485
490 489
540 539
488 487
546 547
472 471
504 505
478 481
392 391
466 466
486 485
460 460
485 485
610 609
504 503
460 461
515 514
583 582
447 446
366 367
732 731
439 439
594 595
440 439
515 514
312 311
599 598
522 522
516 517
457 458
634 634
499 499
593 594
604 604
539 539
586 585
413 414
372 372
433 432
457 456
450 449
535 536
637 637
597 598
418 418
298 299
547 551
460 461
558 558
447 448
644 644
507 508
575 575
341 342
417 417
675 674
525 524
458 457
435 435
546 545
539 540
567 567
772 771
421 420
624 624
381 381
374 375
627 626
606 607
465 465
573 573
479 478
559 561
595 594
654 653
331 331
398 398
416 416
573 572
578 577
686 686
384 384
432 434
588 589
375 374
711 715
420 420
520 521
433 434
612 611
546 547
571 570
523 523
637 637
404 403
636 638
503 504
525 525
417 419
806 805
685 684
485 484
630 629
656 655
595 595
474 473
553 552
599 599
636 643
601 601
476 476
518 517
547 546
722 725
551 552
539 538
480 480
653 652
402 403
648 647
625 625
603 602
517 517
226 226
724 725
302 301
520 520
689 690
325 325
471 471
615 617
441 441
541 541
663 663
475 474
577 578
593 593
593 593
487 486
523 522
378 378
504 506
512 512
544 544
568 568
574 573
528 527
433 433
696 696
617 616
445 446
566 566
790 790
577 580
628 628
529 529
451 451
596 595
662 662
604 604
613 612
604 604
316 315
395 397
455 454
685 688
413 413
447 448
636 635
334 333
596 595
705 706
525 525
466 465
619 622
516 515
471 470
440 440
482 481
570 570
621 620
472 473
550 555
384 384
574 573
438 437
469 470
555 555
476 476
807 807
507 507
531 532
418 418
434 433
603 603
527 527
603 603
568 567
524 523
444 446
650 650
511 510
547 546
520 520
621 621
572 571
747 746
670 670
718 717
321 321
457 456
580 581
577 576
222 223
479 479
517 517
532 534
546 545
465 465
429 429
521 521
485 484
682 681
524 523
324 324
377 378
480 480
595 595
424 424
503 502
369 368
458 458
381 380
546 546
417 416
526 526
653 654
487 488
565 564
493 492
514 515
357 356
572 571
386 386
361 361
551 551
309 309
601 602
492 491
484 484
562 562
478 478
518 518
557 556
354 354
480 479
825 827
511 512
552 551
421 420
527 527
527 527
441 441
318 319
595 596
617 617
542 542
349 348
634 636
465 465
658 658
497 498
504 503
506 506
321 320
540 540
396 396
562 562
423 424
293 296
462 462
361 360
544 543
471 471
472 472
580 579
441 442
559 561
582 581
405 406
716 715
481 481
556 557
545 545
472 472
450 453
436 436
405 404
575 575
508 508
341 341
473 473
490 492
628 627
650 650
535 534
458 462
563 564
591 590
551 552
673 672
278 277
423 423
367 367
536 535
642 641
581 580
591 590
714 714
649 650
562 561
475 474
300 300
476 476
500 500
547 546
523 524
428 428
639 639
402 401
321 320
705 705
538 537
466 467
387 386
429 430
501 501
564 563
411 412
557 560
581 582
418 418
517 518
440 442
664 663
503 504
435 439
578 577
407 406
505 504
698 699
386 386
562 562
531 531
459 458
410 410
410 410
441 441
287 287
411 410
501 500
469 468
482 482
443 444
562 562
305 305
473 472
348 348
406 406
541 542
607 607
457 457
623 625
319 319
540 540
499 499
576 579
598 597
536 535
363 363
566 566
393 393
421 422
329 328
612 611
763 763
625 624
471 477
603 603
474 473
522 522
446 446
493 494
494 494
319 319
444 443
396 395
386 385
516 515
559 558
481 481
663 662
500 499
816 816
558 557
501 501
460 459
363 363
399 400
594 594
419 418
476 476
427 428
547 547
556 556
447 450
435 434
418 420
567 567
614 614
578 577
438 438
512 511
487 487
549 549
633 633
413 412
580 580
296 296
434 433
492 496
544 547
708 707
564 565
402 402
353 353
476 475
693 693
766 766
455 455
551 550
361 361
474 474
526 526
506 505
521 521
336 335
609 610
553 554
437 437
644 644
570 570
566 567
632 632
503 503
292 291
532 533
484 484
458 457
545 545
373 372
617 616
383 383
508 508
627 626
486 485
322 321
455 454
675 675
473 474
379 378
352 353
580 579
200 200
437 436
419 418
540 539
499 499
543 542
366 365
584 585
374 375
709 710
546 546
475 474
495 495
360 359
418 418
586 586
618 618
471 470
344 345
511 510
466 465
402 404
352 351
669 668
560 560
384 385
680 681
452 451
378 377
481 480
378 377
258 257
612 611
481 481
516 515
546 546
595 595
473 473
275 274
467 467
569 569
683 683
672 672
447 446
374 373
727 728
547 546
569 571
586 587
477 476
589 589
441 441
304 307
501 500
391 391
467 467
364 363
555 554
517 516
596 595
502 502
336 336
505 504
426 426
436 437
426 426
365 364
760 760
569 569
433 433
471 470
550 549
476 476
279 280
448 448
469 469
377 380
575 576
485 485
661 661
559 559
543 544
331 332
501 502
541 540
560 560
596 595
619 618
498 497
678 680
536 537
498 497
503 504
527 527
440 440
435 435
400 399
442 441
461 461
648 647
487 487
460 460
648 648
435 436
511 511
513 512
631 632
414 413
420 419
583 582
643 643
641 641
412 412
442 444
497 497
538 538
546 546
410 409
431 430
580 579
476 477
366 366
557 557
444 444
607 607
494 493
517 517
303 302
562 562
695 696
558 560
385 384
489 488
335 335
479 478
464 463
480 479
663 663
447 449
305 304
538 537
534 535
503 504
472 472
515 514
626 627
504 503
543 543
552 553
427 427
506 507
536 535
518 517
550 549
370 369
496 496
505 505
588 588
428 427
574 574
553 552
779 780
227 227
443 442
503 503
270 270
799 799
286 287
519 520
436 435
534 533
327 327
310 310
557 556
369 369
456 459
569 570
571 571
423 422
348 348
518 524
512 512
559 559
577 576
556 556
516 518
429 428
453 454
747 747
425 425
525 524
553 552
495 495
436 438
453 452
364 364
457 458
578 577
454 455
638 637
337 337
655 655
338 338
565 565
581 581
359 358
459 461
472 471
580 580
394 394
407 406
408 408
549 550
442 442
433 432
583 583
495 494
642 642
447 446
379 378
549 548
500 499
318 318
409 409
345 344
500 499
374 374
680 679
652 652
585 585
557 557
490 489
362 364
623 622
408 408
522 522
399 400
599 599
550 549
639 639
479 478
647 647
441 440
434 435
531 531
336 335
447 447
417 416
314 313
556 555
500 499
556 556
536 537
699 699
453 454
532 534
597 596
575 577
412 412
531 531
348 349
425 426
327 326
334 334
659 658
447 447
554 553
349 349
440 440
568 567
235 234
516 515
409 409
671 673
434 436
547 546
488 490
394 393
544 544
526 529
518 517
498 497
499 503
420 419
499 499
462 461
418 420
648 649
339 340
507 506
597 597
569 569
478 479
376 375
523 522
490 490
492 492
459 458
647 648
513 514
514 515
497 497
373 374
517 516
499 501
452 452
277 279
470 470
220 219
563 562
724 723
453 455
354 354
418 417
730 731
484 483
323 323
355 355
586 585
575 574
388 388
487 488
502 502
686 686
555 555
415 414
621 620
502 502
586 586
665 665
627 628
471 471
601 600
427 428
575 576
509 509
431 430
656 656
409 408
370 370
513 513
300 300
626 625
440 439
633 632
570 570
423 423
559 559
298 297
718 717
278 277
414 415
447 446
705 704
544 545
309 309
508 508
536 536
471 471
471 471
295 295
580 580
637 636
423 423
657 657
548 549
598 597
396 397
469 469
598 597
560 559
649 649
564 564
602 602
448 449
377 379
693 694
423 422
351 351
692 691
398 397
500 500
448 447
366 366
377 378
398 399
372 372
483 482
569 568
355 355
489 488
585 585
531 530
588 588
594 594
583 582
297 297
563 562
284 283
571 570
495 494
768 767
453 453
474 473
652 652
384 383
557 556
469 469
379 378
602 602
588 588
591 590
545 544
474 473
509 511
607 606
392 392
528 529
508 507
615 614
460 459
349 348
526 526
491 491
422 422
573 573
510 509
584 584
599 598
306 305
410 409
439 439
469 469
653 652
486 486
488 488
396 395
682 682
489 488
620 621
545 545
447 448
512 511
444 444
473 475
532 532
518 517
577 577
480 479
323 324
610 610
485 484
551 553
383 384
334 335
455 458
560 561
489 489
372 371
451 451
563 562
560 559
473 476
605 605
666 666
432 433
376 376
363 365
556 555
512 513
443 442
525 524
525 524
508 510
547 547
448 447
387 386
434 434
622 624
502 501
656 657
580 579
525 528
480 481
466 465
584 583
332 331
484 484
652 652
556 556
580 581
433 433
674 674
532 532
446 446
373 373
440 439
489 489
390 390
394 394
499 499
309 309
504 505
413 412
709 710
314 314
656 655
694 694
392 392
569 570
423 423
539 538
565 564
425 424
292 292
520 521
523 523
460 460
640 639
521 522
445 445
554 555
551 552
583 584
559 559
550 549
419 419
650 649
517 518
440 439
447 447
563 562
418 417
367 369
530 530
362 364
586 586
383 384
510 510
568 569
591 590
453 455
407 407
474 473
392 393
665 664
533 532
687 686
464 464
348 347
560 560
411 410
492 494
415 414
619 618
417 416
414 414
494 493
637 637
550 550
419 418
637 637
630 629
475 474
687 686
431 430
571 571
448 448
661 660
558 560
186 185
513 513
460 460
639 638
435 435
562 561
487 488
548 547
284 283
551 552
595 595
488 488
385 385
551 552
610 611
549 548
473 475
641 641
375 378
439 439
428 427
738 737
478 477
413 412
553 553
345 346
416 416
547 546
507 507
388 389
647 647
433 433
431 431
409 409
612 611
620 620
415 414
596 597
517 516
508 508
604 603
566 565
447 448
503 503
607 607
496 496
478 481
444 444
614 614
425 425
618 617
534 533
498 498
539 539
309 308
439 438
605 610
447 448
503 502
608 607
254 254
671 670
638 637
763 763
599 599
488 489
710 709
276 275
606 605
537 537
454 453
396 399
608 608
178 178
570 570
474 474
470 470
633 634
354 354
471 471
534 534
433 433
435 434
576 576
674 673
391 391
637 637
409 408
509 508
404 403
542 541
440 439
446 445
440 440
445 445
365 369
454 453
544 544
412 412
493 493
318 320
543 543
523 524
342 342
410 409
439 439
564 565
384 383
418 418
469 469
547 547
470 472
585 584
593 592
506 505
600 600
536 537
562 562
537 538
534 533
470 471
523 522
578 581
457 456
399 399
485 486
363 362
588 589
614 614
608 609
668 667
550 549
561 560
531 530
620 620
464 465
227 227
491 493
596 597
535 537
547 547
413 415
671 670
380 380
391 390
505 504
493 493
448 449
424 424
460 460
532 532
505 505
663 663
591 591
494 493
401 402
411 410
673 673
450 449
469 468
455 454
484 484
580 580
512 511
656 658
541 542
510 509
445 444
368 368
660 659
410 411
431 431
280 279
531 530
474 473
479 478
504 503
456 456
584 583
522 523
493 494
443 442
506 506
405 405
225 224
593 592
402 401
416 419
443 442
598 598
428 429
249 249
383 382
461 461
602 602
491 490
466 465
500 500
693 694
690 689
512 511
624 624
462 462
588 587
481 480
364 365
550 549
567 566
514 517
613 612
538 537
566 565
495 495
629 628
571 571
622 622
409 408
598 597
446 446
592 591
487 486
575 574
569 568
381 382
352 352
606 606
586 587
606 606
432 431
625 625
631 634
518 520
592 592
609 610
575 574
399 398
492 491
584 584
523 522
523 523
633 632
371 370
454 454
443 443
525 525
340 343
375 375
471 470
534 535
662 661
419 419
557 558
702 706
335 335
422 422
595 594
328 329
477 477
483 482
575 576
601 601
482 482
514 515
587 587
620 619
570 569
456 455
457 457
575 575
639 640
642 641
428 427
462 461
505 506
563 562
414 413
453 454
595 595
532 531
462 463
505 505
437 436
578 578
439 438
377 379
538 538
305 306
419 419
415 414
356 355
477 476
451 454
418 417
337 337
511 512
622 622
432 432
525 525
371 372
432 434
356 357
482 482
457 456
503 502
375 374
462 461
422 423
430 430
510 511
538 539
517 520
545 545
461 460
480 480
404 404
494 494
584 583
564 564
298 298
388 388
563 562
646 645
579 578
496 496
458 457
461 463
547 547
496 496
559 558
594 594
571 571
574 573
518 519
280 279
337 339
488 488
459 458
482 482
527 527
439 438
492 491
437 437
501 500
537 539
456 458
616 615
569 570
351 351
422 422
520 520
367 367
524 525
396 397
501 500
327 326
319 318
472 471
631 634
476 478
591 590
488 487
559 560
460 461
497 497
582 583
700 700
458 457
576 576
270 269
406 406
403 402
371 371
411 412
609 610
419 418
347 347
414 414
470 470
581 580
582 581
545 544
477 477
539 539
361 360
622 622
466 465
533 534
573 572
500 501
368 369
459 460
570 570
439 439
501 501
587 586
546 545
625 624
418 419
550 552
696 699
268 268
535 536
466 465
541 542
462 462
450 450
534 537
613 612
714 716
579 578
518 518
568 568
440 440
541 541
466 465
512 512
485 486
541 541
482 482
376 377
537 537
551 552
409 408
379 378
442 441
592 592
342 341
652 651
471 472
425 425
667 667
423 422
547 548
537 536
611 610
476 476
507 511
741 740
599 599
539 539
523 523
513 512
445 444
549 548
504 505
463 464
572 571
657 657
626 625
586 586
636 637
682 684
587 588
356 356
360 361
352 353
565 564
579 579
639 639
632 632
411 411
390 392
521 521
316 315
574 574
474 474
621 620
579 579
408 409
389 388
308 308
514 519
762 762
448 448
555 555
444 443
623 625
494 494
500 500
517 516
397 396
410 409
441 440
534 533
503 503
389 388
405 408
576 579
497 498
533 537
459 458
680 679
387 386
515 515
461 461
537 537
742 741
430 435
389 389
440 439
495 494
542 546
432 432
412 413
545 545
449 453
511 511
442 442
450 450
468 467
485 487
584 584
567 568
559 559
502 502
603 606
500 500
461 461
358 357
604 603
368 367
502 502
510 509
547 546
386 385
355 354
386 385
437 436
573 572
541 541
633 633
569 569
485 484
550 549
385 385
493 492
468 468
517 517
504 504
398 397
591 591
385 387
398 397
551 551
517 519
501 500
605 605
393 395
607 608
468 469
569 569
491 490
436 437
523 522
525 525
675 674
684 684
479 480
541 541
567 567
566 567
625 624
367 367
375 375
605 605
506 505
544 544
451 452
431 431
580 579
427 427
424 424
730 730
585 584
518 517
594 595
368 367
540 540
178 178
670 670
518 518
500 499
528 527
428 428
181 180
517 516
504 504
519 518
564 564
436 435
490 490
488 488
695 694
415 416
566 566
388 387
596 600
372 371
562 563
721 722
480 479
636 635
452 451
401 402
465 465
502 502
609 609
406 406
421 421
660 659
429 428
423 422
504 503
431 431
594 593
518 522
692 691
557 558
425 424
502 502
593 592
654 653
633 633
521 520
630 629
694 694
484 483
507 506
415 414
416 416
655 656
299 299
648 647
422 422
487 486
391 391
427 429
495 495
564 563
785 785
519 518
470 470
604 604
450 449
534 536
550 551
459 458
610 609
252 251
621 621
419 419
552 551
554 553
532 532
399 401
342 341
534 533
576 576
557 557
536 535
494 493
594 595
353 353
489 491
659 658
553 552
433 434
787 786
281 281
451 451
350 349
464 463
339 338
274 274
511 512
601 603
423 422
487 486
449 448
360 360
360 359
544 543
494 496
481 481
526 525
456 457
383 383
470 470
609 608
488 488
652 652
597 597
566 566
493 493
579 578
414 414
430 430
371 371
540 541
498 497
621 621
693 694
492 494
650 649
402 402
327 327
521 520
415 414
496 495
511 511
572 571
499 498
522 521
633 632
376 375
591 590
465 464
218 217
504 504
464 464
465 465
408 408
346 348
414 413
321 321
601 602
533 533
685 686
613 612
508 508
545 544
755 755
416 416
521 522
586 585
525 524
470 470
551 551
686 687
551 550
464 464
554 554
588 587
670 670
411 412
388 388
478 478
511 511
510 509
371 371
511 510
669 668
669 673
555 556
543 542
607 609
757 757
474 474
580 580
482 482
573 573
549 550
609 609
520 520
502 501
566 566
563 564
506 506
586 587
463 462
572 572
426 427
643 645
504 504
475 477
258 258
528 528
475 476
510 510
512 512
465 464
364 364
421 421
244 244
537 536
366 369
578 577
533 533
512 512
522 524
438 437
628 628
457 457
612 611
424 423
571 571
537 536
664 665
643 643
369 368
510 509
415 415
492 492
526 526
549 548
559 558
408 407
197 197
435 437
795 796
757 756
578 577
564 563
375 375
467 466
535 535
562 561
560 559
596 595
484 484
534 537
440 441
556 555
526 526
422 423
515 514
426 425
520 520
425 424
510 510
513 512
539 539
646 646
452 451
396 395
651 652
534 534
536 536
525 526
418 421
433 434
456 455
503 505
542 542
566 567
518 520
530 530
477 479
688 687
463 463
467 466
541 540
258 259
573 573
604 606
525 524
406 410
415 415
405 405
502 503
546 545
570 569
531 531
517 516
461 462
497 496
527 527
541 541
539 538
660 660
370 371
460 463
622 621
687 687
727 726
623 624
531 531
397 396
394 393
481 480
392 392
355 354
626 625
192 193
478 481
503 503
398 398
471 471
343 342
551 550
686 688
570 571
573 577
326 326
562 563
455 454
517 517
699 698
324 325
661 660
490 489
419 420
473 473
467 467
436 435
505 505
583 583
359 358
564 564
690 689
374 375
453 453
468 468
592 592
672 672
538 537
615 614
424 424
557 557
462 461
488 489
378 378
437 437
588 588
551 551
599 599
655 655
563 562
693 695
325 327
383 383
631 632
475 474
563 563
527 527
403 402
548 547
589 588
458 457
677 678
525 527
591 591
374 377
540 540
370 369
579 581
339 339
486 487
422 423
640 640
561 560
487 487
563 562
431 430
556 555
520 520
439 442
390 389
361 361
459 459
366 365
624 623
392 393
346 345
548 547
413 412
518 518
470 470
399 400
538 538
433 433
663 664
529 530
446 448
347 347
358 359
455 454
519 521
465 465
491 493
347 350
370 369
649 649
517 517
499 501
381 382
516 517
458 457
478 478
500 499
595 595
629 628
511 510
362 361
557 556
581 581
388 388
619 619
534 534
537 537
406 407
628 628
568 568
428 428
572 572
533 532
379 378
359 358
692 692
663 662
511 510
491 491
713 713
416 416
601 601
502 502
379 382
368 368
689 689
416 416
624 623
679 680
368 368
488 487
607 606
502 506
549 549
506 509
609 609
253 253
687 690
551 551
400 399
403 403
376 375
582 583
544 543
573 575
531 530
501 500
599 599
559 558
673 672
533 534
504 504
694 693
556 556
407 408
522 522
473 472
448 448
519 518
530 530
510 512
534 534
461 462
459 458
517 517
548 548
523 522
342 341
431 432
267 268
494 493
438 438
401 400
698 697
541 540
401 401
504 505
579 578
604 603
437 441
704 704
489 488
550 549
446 446
472 472
507 506
485 485
444 443
576 578
588 588
656 656
415 414
484 484
648 647
650 651
440 439
345 344
461 460
490 490
363 362
489 491
461 461
279 279
497 497
556 555
465 465
452 452
657 658
675 677
643 643
555 555
387 388
576 575
373 372
592 591
465 469
477 477
448 447
551 550
442 441
569 570
419 418
404 403
427 426
556 555
481 482
438 438
611 610
565 564
652 655
372 371
652 652
352 352
445 445
535 536
650 650
525 525
410 410
534 533
565 565
653 653
516 517
610 611
563 563
465 466
541 541
477 476
543 543
583 582
549 549
414 413
354 353
305 305
300 300
530 530
434 433
583 582
565 564
641 641
551 551
454 454
531 533
600 600
670 670
483 482
490 490
510 509
570 569
361 361
609 609
534 536
526 527
453 455
265 264
565 564
570 569
419 421
490 490
431 431
365 365
417 416
435 435
747 746
708 707
445 446
549 549
419 418
441 443
448 447
392 392
617 617
625 625
466 465
412 411
407 408
543 542
593 593
457 456
400 399
546 547
447 446
549 551
330 329
377 376
486 485
509 508
500 500
620 620
578 577
597 596
707 708
436 435
721 721
490 490
347 347
383 386
510 510
439 439
631 631
435 435
421 424
427 427
397 396
441 442
461 461
633 633
264 265
629 629
526 527
552 551
507 507
516 515
454 453
373 372
528 527
516 515
394 399
540 540
327 327
508 507
336 335
446 447
430 429
287 286
407 408
445 445
713 713
556 555
669 669
424 425
468 468
460 461
462 462
439 439
407 409
635 637
442 442
519 519
410 409
405 406
478 478
320 319
521 522
612 612
524 524
408 408
301 302
584 583
685 684
445 444
396 396
383 383
510 510
377 377
451 450
240 239
416 419
524 525
462 461
448 448
310 310
442 442
356 356
502 501
330 329
445 444
549 549
567 567
720 719
494 497
397 396
486 486
533 532
451 450
480 479
492 491
381 380
442 442
547 547
397 398
627 627
623 622
644 644
564 564
367 368
528 528
454 456
458 458
470 470
324 323
385 385
720 719
569 569
528 527
406 406
558 558
379 379
581 582
451 451
614 613
468 472
653 652
492 492
423 423
602 601
391 390
449 448
229 228
367 367
404 403
566 565
422 421
528 527
593 592
629 629
637 637
503 502
356 356
468 468
346 346
425 424
405 406
393 393
681 680
491 491
313 312
460 461
546 551
636 637
389 389
595 594
442 441
422 421
587 587
512 511
513 513
353 353
544 543
590 590
376 375
566 567
591 591
558 558
479 478
439 441
437 437
451 451
491 490
497 496
638 638
497 498
534 535
406 405
529 528
428 427
510 510
385 384
523 523
427 426
551 550
458 457
575 576
376 375
325 325
585 585
538 537
507 507
317 316
542 542
338 339
444 445
547 546
296 295
472 471
547 547
489 489
331 330
600 599
640 640
343 342
384 384
534 533
583 582
508 508
598 598
225 224
407 408
695 695
513 512
408 410
511 512
399 399
369 369
374 374
629 629
432 432
498 497
520 519
394 394
642 642
461 460
474 474
596 596
353 352
543 543
368 367
413 412
630 631
516 517
446 445
423 424
620 620
623 623
463 463
432 431
530 529
433 433
320 319
518 520
470 470
448 447
394 393
495 496
597 596
544 544
399 400
488 488
721 721
457 457
572 572
438 437
584 585
580 580
456 455
620 619
511 512
519 520
455 455
572 571
523 522
581 581
591 591
564 563
545 547
436 435
485 485
354 355
639 640
562 561
622 621
494 493
781 781
359 359
654 654
588 588
539 538
408 407
452 451
642 642
471 471
344 344
626 625
689 688
591 591
419 418
555 554
712 712
542 542
489 489
342 343
454 454
692 692
641 641
387 386
698 697
335 335
407 407
573 573
470 470
509 508
426 425
549 549
577 576
600 599
489 489
420 419
395 394
416 415
701 701
569 569
461 461
493 493
369 370
496 496
496 495
541 541
555 555
410 409
495 494
465 465
588 587
421 421
479 480
189 189
538 538
515 515
559 558
517 517
499 499
504 503
628 629
509 510
410 409
470 470
491 490
577 576
559 558
441 442
447 447
334 333
441 441
402 401
512 512
512 511
491 490
444 443
566 567
465 468
299 298
479 478
613 612
493 493
435 434
380 381
562 562
468 471
433 434
515 514
455 455
624 623
438 438
668 667
588 587
472 472
512 512
465 464
535 536
530 531
651 650
663 663
573 573
439 444
670 669
600 599
498 497
650 650
639 639
391 392
466 466
444 445
480 479
451 450
484 484
495 494
476 477
535 534
426 426
572 571
645 645
477 479
385 386
557 558
497 497
338 338
338 338
407 408
404 403
513 514
637 637
633 633
310 311
536 536
447 447
598 599
422 423
713 712
339 338
466 465
367 366
381 381
444 444
583 583
485 485
512 512
430 429
610 609
472 472
479 479
305 305
712 712
263 262
429 428
492 491
371 375
519 518
498 499
592 592
530 530
457 457
531 534
495 494
572 572
536 537
502 503
551 551
437 436
378 378
458 457
617 616
505 506
510 509
433 433
446 445
532 531
675 675
560 560
442 442
764 767
345 345
411 410
566 566
738 739
423 422
542 542
588 590
482 483
435 435
549 548
586 586
485 485
428 428
456 456
603 602
526 526
573 573
399 399
360 359
438 438
403 402
400 405
538 538
466 466
592 591
382 382
646 645
574 574
742 743
608 608
420 420
448 448
363 363
519 519
419 418
467 469
443 442
668 669
668 668
541 540
570 570
457 456
564 563
413 412
586 585
592 592
441 440
588 588
466 466
478 478
440 441
565 565
256 258
476 475
533 534
465 465
401 401
539 538
492 492
562 561
477 481
612 614
434 434
730 730
404 404
448 449
503 502
473 472
543 543
401 400
591 591
655 655
484 483
456 456
574 573
366 365
484 483
469 468
576 575
631 630
430 429
536 536
551 550
554 554
499 499
621 621
732 731
478 478
619 618
613 612
696 698
517 516
559 559
563 563
553 553
471 470
508 507
326 325
502 501
496 496
621 620
505 505
459 459
655 657
429 431
360 359
496 495
544 544
367 366
392 391
434 436
410 410
441 441
458 458
416 416
669 668
425 425
586 586
456 457
419 419
359 359
625 625
448 447
447 447
426 425
324 323
553 554
526 526
421 421
407 406
538 537
541 541
384 383
505 504
461 460
386 386
488 488
403 403
428 427
523 523
359 359
663 663
624 623
539 539
682 682
567 566
419 419
526 527
539 538
556 556
344 346
698 700
468 469
463 463
496 497
552 552
468 469
565 565
447 446
504 506
396 396
578 578
438 438
362 362
392 391
623 622
581 582
617 617
506 505
586 587
482 482
552 551
374 373
531 531
495 494
532 531
455 455
490 491
538 537
653 652
571 572
604 603
447 446
477 477
412 412
386 385
580 580
439 438
477 478
451 452
330 330
515 514
500 500
371 370
487 486
342 342
590 590
212 211
393 396
646 645
353 354
628 628
459 458
518 518
425 425
367 366
407 406
567 567
407 406
466 466
431 431
678 678
426 427
478 479
437 436
520 519
515 515
222 221
362 361
594 594
463 463
421 422
556 557
467 468
519 518
432 432
523 523
393 393
509 508
734 734
404 403
410 409
457 456
407 413
700 699
363 363
397 397
510 509
541 544
538 537
563 563
583 583
369 369
451 450
496 497
552 553
449 448
445 445
333 332
456 456
387 386
709 709
400 401
532 531
419 420
601 602
461 463
519 518
456 458
369 368
570 570
654 654
401 402
522 522
499 502
474 473
417 416
418 418
619 619
565 564
638 639
606 605
503 502
537 537
378 377
587 587
434 434
364 364
386 385
397 396
545 544
567 567
449 448
499 498
612 611
524 525
417 417
540 539
569 568
578 579
418 418
405 404
570 570
483 482
562 562
499 499
407 406
433 433
615 614
388 387
548 548
474 474
422 421
370 371
602 602
491 491
388 389
449 449
522 521
462 461
481 482
536 535
676 679
485 486
454 453
554 554
586 586
429 428
504 504
389 389
524 523
505 505
462 464
523 523
557 557
669 669
615 615
491 490
603 602
445 445
702 701
781 780
462 465
367 368
487 487
551 551
558 559
534 534
520 523
515 514
507 508
541 541
589 589
346 345
400 399
469 469
706 706
610 609
604 604
567 567
563 562
567 566
574 574
570 570
434 435
517 519
372 371
419 419
758 757
561 561
438 437
433 434
502 502
405 405
615 615
418 417
657 656
376 376
702 701
284 285
577 577
450 450
550 549
445 444
584 585
451 451
328 327
484 484
694 693
428 428
565 564
562 563
630 630
479 479
486 486
414 413
343 343
581 581
435 435
558 560
428 428
460 459
303 302
394 393
355 355
584 583
607 607
525 524
610 612
721 720
547 547
459 458
434 435
568 570
560 560
876 875
422 421
675 678
410 411
364 365
593 593
547 548
584 583
467 470
442 441
471 470
375 375
446 445
549 548
343 345
556 558
386 385
598 597
503 503
574 574
458 457
327 326
610 613
552 552
553 555
396 395
459 458
470 469
516 517
545 544
803 802
498 498
450 450
398 399
629 629
475 474
377 376
416 416
401 401
724 725
479 480
376 376
384 388
531 531
340 340
743 744
581 582
505 504
325 325
342 341
551 551
608 610
462 462
607 606
520 519
611 611
410 413
555 555
517 517
353 353
584 585
508 508
497 497
448 447
619 624
441 441
598 597
495 494
588 587
586 586
520 521
409 409
648 648
618 618
338 341
608 608
510 509
729 729
501 502
517 516
480 479
437 440
550 551
563 562
505 507
648 648
642 641
434 434
592 594
421 421
398 398
412 411
584 583
441 440
658 659
562 562
547 546
543 543
598 597
486 486
688 688
344 344
530 533
474 473
557 558
496 496
454 453
486 486
548 548
376 375
477 477
556 559
262 263
589 589
677 677
516 515
611 610
405 404
512 512
430 431
270 269
480 479
797 797
421 421
613 612
665 665
280 280
550 550
672 677
541 541
582 581
400 399
440 441
574 574
474 473
473 473
498 497
469 470
565 564
588 587
705 704
519 521
550 551
314 315
504 504
572 572
426 426
252 251
413 413
468 469
428 427
521 521
601 600
375 374
430 431
472 472
483 482
560 559
528 528
598 598
500 501
332 332
318 318
459 458
569 568
580 581
502 505
513 512
510 509
470 470
661 660
286 285
355 355
408 408
550 549
315 316
355 355
341 342
558 557
407 409
561 561
375 375
649 649
487 489
603 604
431 431
596 596
503 504
453 454
442 442
487 488
314 314
714 713
523 523
505 506
487 487
510 510
505 504
431 432
657 657
447 447
456 456
569 569
502 502
541 541
344 345
462 463
536 535
601 600
514 515
439 438
514 514
531 531
491 491
555 554
581 581
563 563
621 620
612 611
402 403
655 656
619 619
441 441
347 347
462 462
535 534
558 557
583 582
664 663
211 211
396 396
557 561
751 750
447 447
379 379
515 515
466 466
594 593
595 596
629 628
576 578
612 611
374 378
542 542
612 613
520 519
556 555
467 467
595 594
409 408
493 492
741 740
269 269
404 403
360 360
574 573
424 423
411 411
438 438
576 576
627 627
730 731
498 497
628 631
560 560
548 548
449 450
399 400
608 610
337 336
346 345
420 420
507 507
482 482
314 313
580 579
508 507
390 389
436 436
588 587
577 577
492 492
359 359
606 606
542 542
530 529
448 448
403 403
498 498
414 413
784 786
653 653
305 305
498 498
513 512
497 497
451 451
544 544
418 417
481 480
477 476
490 490
528 527
572 573
604 603
587 586
490 489
435 434
416 416
642 641
433 434
429 429
478 478
412 411
502 501
470 469
439 439
381 383
688 687
555 557
437 437
356 357
448 448
504 503
481 480
423 423
599 600
321 323
691 693
615 614
495 494
321 320
656 655
406 406
473 473
661 660
318 317
690 690
470 470
664 664
392 391
614 617
593 592
486 485
510 511
681 681
590 590
529 530
513 515
535 535
495 494
646 646
555 555
473 474
324 324
736 737
543 542
418 420
771 771
662 661
479 478
477 476
504 504
441 442
587 587
354 354
523 522
607 608
346 346
460 460
726 727
330 330
249 250
363 363
488 488
568 567
440 439
531 532
456 456
511 510
540 540
451 450
301 302
456 455
598 598
704 704
616 616
439 439
579 579
471 470
382 382
491 490
581 581
399 398
574 573
701 701
354 353
616 615
476 480
371 370
401 400
470 472
522 522
513 513
371 372
508 509
568 570
410 410
608 608
550 549
485 485
519 518
485 484
286 288
786 786
406 406
317 317
581 581
514 514
423 424
553 554
604 605
604 604
475 474
498 498
466 466
412 414
590 589
456 455
459 459
509 508
654 654
544 543
649 648
460 459
484 483
476 475
503 503
629 629
450 449
528 527
521 522
494 495
492 492
508 508
501 501
561 561
471 471
516 516
584 584
614 614
445 444
542 545
420 419
590 589
563 564
522 523
404 406
558 558
439 440
608 608
471 471
370 370
637 637
498 497
310 310
532 532
658 657
455 456
349 350
599 598
410 410
471 470
503 503
494 493
515 515
462 461
530 532
428 427
728 728
600 601
450 449
633 633
503 504
427 429
486 485
488 488
604 606
327 326
463 463
570 569
291 292
655 654
429 429
498 497
350 350
469 468
440 439
397 396
630 630
686 685
621 620
427 426
407 408
509 509
606 606
431 433
638 637
354 354
322 322
352 351
373 373
560 560
675 674
664 663
661 661
546 545
604 608
429 428
453 452
346 347
662 664
549 548
510 510
419 419
482 483
569 568
499 498
626 625
468 468
571 570
544 544
443 443
540 540
488 489
579 579
602 602
579 578
486 486
555 554
490 490
620 622
305 306
578 580
709 709
355 355
486 485
623 624
549 549
570 569
345 345
590 589
523 522
667 667
509 508
521 520
474 474
556 555
648 649
526 525
518 518
584 584
638 638
710 711
410 410
486 488
416 415
478 479
450 450
351 352
546 545
543 543
560 559
460 459
489 490
603 603
342 343
605 606
426 426
516 518
469 468
375 376
515 519
504 503
581 581
516 516
549 548
534 533
581 580
511 511
520 520
646 646
468 467
530 529
459 461
555 555
603 602
566 565
524 523
608 609
561 562
749 749
351 351
483 483
636 635
390 391
379 378
471 471
545 546
653 653
571 570
635 635
258 258
495 497
432 432
583 583
646 646
606 606
472 472
569 569
638 637
396 396
551 550
524 523
581 580
433 432
554 553
350 349
369 368
583 583
651 650
410 412
489 489
611 610
379 379
486 486
576 575
374 373
488 488
624 623
450 452
620 620
763 763
426 426
491 492
429 430
380 380
424 423
459 460
441 440
569 570
483 483
635 635
577 579
608 608
404 403
468 467
388 387
364 364
565 564
350 349
626 625
511 510
513 512
567 566
411 410
199 199
555 554
559 559
264 264
316 315
358 357
451 453
526 525
533 533
581 582
343 343
481 481
443 443
466 465
569 570
570 570
498 498
555 554
384 385
427 426
486 486
479 479
462 461
429 430
551 550
573 573
532 533
423 422
488 490
485 485
432 432
448 447
431 432
438 438
556 556
461 463
374 373
519 520
423 423
471 472
537 538
420 421
503 503
450 449
655 655
353 352
428 429
447 447
563 563
531 531
458 457
574 573
463 462
512 511
551 550
608 610
468 468
341 340
361 360
710 711
628 627
285 285
482 483
543 542
441 441
377 377
699 698
500 499
548 547
483 483
377 377
581 583
474 474
254 253
535 535
365 364
518 517
679 678
662 662
397 397
674 676
615 614
411 410
532 531
371 370
417 418
433 434
666 666
552 552
390 390
422 421
585 587
547 547
585 584
490 491
561 561
468 468
430 429
486 486
457 458
434 434
539 538
461 460
517 518
560 561
317 317
372 371
486 486
356 356
446 446
478 481
667 667
435 435
426 425
635 635
377 376
672 672
605 604
397 397
466 465
417 416
545 544
309 309
537 536
693 693
690 691
717 719
446 445
555 555
453 454
475 476
561 560
547 547
617 616
444 444
469 471
407 409
447 447
370 370
393 395
627 626
544 547
328 327
491 491
517 517
433 435
413 412
363 363
507 508
521 522
664 664
511 510
425 425
504 506
552 552
570 571
443 442
558 559
334 334
248 247
404 404
524 525
651 650
631 633
543 547
508 510
564 563
354 353
476 476
605 604
549 548
646 645
579 578
558 558
370 369
418 417
560 559
397 396
514 513
364 364
502 501
477 479
601 603
381 383
521 522
501 500
656 657
557 556
496 496
493 494
511 512
269 270
621 622
447 446
543 543
348 351
592 591
460 459
613 614
486 485
401 404
639 639
638 639
554 553
366 366
723 722
490 493
532 531
586 586
538 538
392 392
396 396
582 581
289 291
603 603
548 548
368 369
524 524
495 496
391 391
379 378
371 370
442 442
196 200
562 561
423 423
781 782
632 631
650 650
657 657
361 360
665 664
512 512
363 363
582 582
390 389
352 352
596 595
702 702
640 640
523 523
530 529
418 418
420 421
669 669
485 484
511 511
545 547
577 577
329 329
526 526
414 413
483 482
575 575
523 522
465 464
624 623
473 472
486 485
540 541
462 461
550 551
612 612
461 460
535 534
395 396
629 628
422 422
516 516
451 451
379 379
467 466
445 444
380 379
499 498
538 537
632 632
408 407
436 435
401 402
612 611
513 514
434 436
529 528
508 511
545 544
453 454
539 539
343 342
531 531
469 468
574 575
648 648
521 520
460 461
384 384
427 426
350 351
624 626
373 372
399 402
576 577
542 543
402 401
430 430
618 617
651 651
582 583
468 468
584 584
547 546
445 444
384 384
487 486
602 601
643 642
379 378
538 540
526 527
579 579
517 516
338 338
406 406
328 327
548 547
470 471
552 552
343 342
513 514
504 504
217 217
542 542
567 566
242 243
372 372
366 365
427 427
352 353
470 469
516 515
493 494
259 260
358 357
645 647
466 466
397 396
587 589
404 404
499 498
489 488
437 436
620 621
598 597
421 421
515 514
618 618
593 593
392 392
335 334
471 472
318 319
565 565
565 565
367 366
560 559
527 527
684 683
276 275
582 581
549 548
619 619
589 591
510 509
505 505
455 455
518 517
316 316
386 386
473 473
407 408
420 420
243 245
462 461
398 399
462 462
465 465
452 453
500 499
549 550
580 580
475 476
428 428
463 463
497 497
533 534
446 446
629 629
636 635
454 454
606 605
541 541
494 494
421 421
443 443
508 508
442 441
659 659
663 662
483 484
266 266
612 612
455 454
465 464
563 562
412 411
612 611
433 433
523 522
429 430
383 385
477 479
518 518
500 501
473 474
570 572
530 530
526 526
355 354
559 559
528 528
585 585
423 423
576 575
557 557
313 313
510 509
415 414
355 354
576 577
553 552
506 506
576 577
552 552
565 564
460 460
486 487
677 676
609 608
501 501
373 373
521 521
565 567
437 437
361 361
588 589
661 661
499 498
478 478
476 476
457 456
436 437
405 406
446 446
485 485
401 401
609 614
523 524
522 521
475 475
593 592
511 510
342 343
624 624
463 462
335 335
392 395
520 521
514 515
393 394
384 383
541 541
413 414
424 423
581 580
327 326
563 562
483 482
432 431
541 542
579 579
522 522
618 617
404 404
426 426
252 252
479 479
536 537
420 420
587 586
408 407
342 342
684 684
326 326
483 482
346 346
670 671
619 618
552 552
567 566
513 513
467 467
514 515
459 458
593 593
519 519
590 591
444 443
508 510
533 533
557 557
502 503
353 353
503 502
392 392
401 401
573 576
457 457
559 559
323 324
423 423
474 473
609 610
420 419
434 433
513 512
476 475
475 474
524 523
377 376
501 500
372 371
517 518
562 561
471 472
360 359
505 505
535 534
442 442
444 443
468 467
600 600
595 595
538 537
498 497
463 462
515 514
417 417
521 521
385 386
448 447
208 208
568 568
504 504
428 427
512 512
408 409
526 525
607 607
622 621
581 581
605 610
598 599
473 473
319 319
497 496
525 525
610 611
430 431
447 446
507 507
431 430
462 462
421 421
486 486
477 479
408 407
631 630
479 478
493 497
476 477
443 442
435 436
459 459
602 602
486 487
409 408
389 388
521 521
503 502
631 630
465 466
347 350
516 516
572 572
513 513
680 680
511 510
530 531
527 526
478 477
595 596
666 665
292 293
507 507
693 692
425 424
366 366
472 472
620 619
531 531
382 384
555 555
487 486
505 505
438 437
475 475
567 569
439 439
607 607
460 465
502 502
666 666
428 427
409 411
384 385
402 402
573 573
566 565
542 543
358 357
369 368
459 460
562 562
472 472
593 592
421 422
606 607
602 602
549 548
540 540
345 344
614 614
495 494
483 482
588 589
430 429
422 421
382 383
607 609
503 503
644 643
429 429
569 568
575 580
376 377
492 491
643 643
507 508
586 586
414 414
299 300
666 665
487 487
585 586
509 508
528 527
442 441
292 292
603 603
388 388
373 375
458 457
573 573
548 548
611 611
633 634
631 631
499 499
521 520
497 496
375 375
472 474
496 495
250 249
475 475
633 634
394 394
366 366
492 493
522 522
569 569
462 462
468 467
617 616
367 371
674 674
606 606
384 383
570 569
705 707
586 587
618 617
365 365
456 456
435 435
626 626
389 389
549 550
363 363
427 428
568 568
362 361
500 499
461 461
490 489
439 438
537 536
684 683
510 509
530 530
467 466
534 534
508 508
427 427
468 467
599 600
566 567
449 450
595 594
568 568
370 371
550 549
552 551
608 607
466 466
308 308
445 446
357 356
598 599
443 443
534 534
363 363
584 583
699 699
456 456
337 338
567 571
600 602
796 796
312 312
456 456
501 500
466 468
571 570
436 435
502 502
338 338
465 465
473 473
522 522
668 668
502 502
646 645
363 363
517 520
545 546
446 447
537 536
527 526
593 593
586 587
540 540
587 586
468 471
511 511
567 566
385 385
704 704
435 436
523 523
501 502
442 441
576 576
488 487
431 430
526 527
497 497
442 442
658 658
462 462
633 633
526 527
524 524
469 468
430 431
472 472
453 454
656 657
495 495
399 400
511 510
429 429
624 623
606 606
548 547
468 469
483 489
618 618
403 405
322 321
458 458
408 408
566 565
352 351
743 742
494 493
388 388
416 418
616 616
566 565
602 602
518 517
378 378
497 497
379 379
294 293
400 399
498 497
558 559
523 523
489 489
370 369
420 420
528 528
376 376
528 528
638 639
388 389
483 482
463 462
410 409
622 622
566 565
306 310
748 748
303 302
287 286
559 559
550 550
525 524
501 501
347 346
489 489
454 455
350 354
624 625
608 608
510 513
449 450
623 623
501 500
536 535
511 510
293 293
623 625
501 501
624 624
564 564
531 530
548 547
349 349
536 535
630 630
497 497
484 484
445 444
407 408
310 309
495 496
509 508
541 542
398 398
558 558
543 542
541 541
606 606
509 510
431 430
485 486
573 572
455 455
653 652
590 590
472 471
577 576
464 464
544 543
398 400
401 401
570 570
636 636
211 211
492 492
296 295
356 356
583 583
430 429
424 423
412 411
454 453
429 429
349 350
393 393
516 517
419 418
492 491
529 529
660 661
500 499
484 486
658 657
395 396
400 400
558 557
377 377
375 374
622 622
418 419
413 413
465 464
455 455
557 556
442 441
615 616
529 529
460 459
581 580
619 619
466 465
520 520
532 531
598 599
423 423
391 391
398 400
399 400
570 573
501 500
328 327
454 454
340 339
506 506
431 431
539 539
664 666
511 510
360 360
439 439
611 610
472 473
556 555
523 523
598 598
408 409
472 474
602 601
585 585
485 486
441 441
590 589
523 522
329 329
406 406
527 528
535 535
470 469
314 314
368 367
417 418
528 529
496 495
427 428
480 479
452 452
568 567
507 508
461 462
740 739
462 463
206 206
493 494
504 505
575 574
354 354
425 426
458 459
602 602
478 478
444 444
546 546
515 514
437 436
477 477
451 453
494 496
616 615
477 477
485 484
478 481
427 427
668 669
573 572
322 321
430 429
630 629
418 418
552 551
381 383
656 657
478 477
438 437
574 574
556 555
475 475
571 570
530 530
535 535
349 348
384 384
274 273
426 425
389 389
669 668
514 514
497 497
449 448
539 540
632 631
708 707
720 720
469 470
467 468
825 826
462 463
312 311
387 388
516 517
527 526
509 508
600 603
427 427
344 343
607 606
475 476
444 444
536 538
548 547
485 486
383 384
533 532
496 496
353 353
506 510
573 572
243 242
470 470
496 497
529 529
420 421
515 515
651 651
662 661
216 218
546 545
394 394
712 712
648 647
570 570
596 597
433 433
581 581
503 503
557 557
569 568
536 536
330 330
369 368
378 378
450 450
582 584
648 649
517 517
411 411
621 620
573 573
543 543
489 490
643 643
528 528
767 767
611 611
435 435
565 564
496 495
649 648
611 610
558 558
339 341
365 364
533 532
542 542
563 563
517 520
617 618
501 500
427 427
654 655
590 591
414 413
523 524
502 501
482 484
470 470
645 646
447 446
562 562
564 563
638 638
495 494
365 366
598 598
576 575
542 542
517 516
577 576
468 467
700 699
531 530
565 564
590 589
317 317
536 535
529 528
416 418
512 511
449 450
475 475
546 548
510 509
338 344
373 372
503 502
314 313
459 459
686 686
580 581
510 510
376 375
419 421
410 410
632 632
381 380
536 536
454 453
738 738
629 628
430 430
462 464
664 665
559 558
620 622
585 585
424 424
407 406
358 358
419 419
547 547
622 621
570 571
604 603
534 534
497 497
474 473
409 408
400 399
416 415
470 470
528 527
652 651
550 549
570 569
557 556
412 411
449 449
267 266
417 417
630 629
571 572
719 720
579 578
495 495
519 518
559 559
633 635
412 411
251 251
642 643
652 652
562 561
646 650
557 556
457 459
366 366
466 466
471 471
576 576
510 509
433 433
626 627
459 459
649 649
488 490
472 474
440 440
438 442
657 657
381 380
329 328
525 524
534 534
298 298
662 662
693 692
530 530
334 336
608 609
529 528
450 452
593 593
563 562
300 304
491 490
539 539
478 477
679 682
634 634
514 513
368 368
608 608
520 519
411 411
481 485
466 465
418 418
656 656
301 300
427 426
315 314
475 475
314 317
592 592
536 535
625 625
378 377
583 582
701 700
451 452
608 609
794 794
414 413
714 714
532 532
425 425
589 588
801 800
410 409
538 538
433 433
483 483
570 569
483 482
438 438
354 354
624 623
460 460
449 448
657 658
410 410
495 495
577 577
595 595
507 506
519 518
424 423
466 466
484 484
529 529
469 470
418 418
624 624
425 426
556 555
587 586
388 387
422 421
508 511
600 599
294 294
436 435
473 472
595 595
578 577
496 495
577 577
498 500
628 628
525 525
661 661
529 528
469 468
474 473
446 447
466 465
570 571
488 487
351 352
582 582
360 359
642 643
591 590
568 568
533 533
475 476
700 700
494 493
507 507
457 457
520 520
459 459
539 539
453 452
556 556
589 589
508 507
549 549
535 535
476 475
507 506
481 482
379 378
462 462
518 518
462 463
505 505
408 407
663 663
432 433
458 457
483 483
590 590
483 484
577 578
566 569
458 459
597 597
629 628
710 711
534 536
449 449
395 396
622 622
502 501
646 645
500 499
436 436
505 506
418 417
411 411
432 433
470 471
524 523
411 410
527 527
588 589
560 560
416 416
492 493
487 487
372 371
491 490
538 537
422 422
567 568
521 521
586 585
703 702
688 688
681 681
516 515
493 492
621 621
282 283
508 508
281 281
651 651
518 519
663 665
581 580
277 277
384 386
473 472
520 520
588 591
423 425
564 565
534 533
306 306
503 503
448 448
447 446
404 406
574 573
554 554
433 435
476 475
528 528
604 604
406 405
553 553
529 528
288 288
472 475
604 604
554 554
466 465
440 439
630 631
481 480
668 669
403 404
544 543
491 490
422 422
642 641
438 438
492 492
594 594
619 621
427 427
487 486
482 484
652 651
288 287
413 413
718 717
284 284
437 438
654 654
569 570
499 498
411 410
474 473
404 405
441 441
499 499
448 448
530 529
487 487
278 277
434 435
482 481
327 327
476 475
518 518
548 549
524 523
501 501
509 509
581 581
478 478
418 418
636 635
488 490
708 708
534 534
574 573
479 480
507 508
564 567
566 565
495 495
592 592
548 548
613 615
557 556
287 288
332 331
423 423
490 490
571 571
510 510
385 385
462 462
383 384
408 407
527 527
407 408
658 658
613 614
405 405
572 571
438 437
473 472
498 497
525 525
621 620
458 463
537 536
279 279
499 499
486 489
535 536
502 502
327 326
317 317
557 556
492 492
499 498
523 525
515 518
379 379
624 624
471 471
478 479
367 368
605 606
621 620
382 382
475 475
537 536
461 461
418 418
618 618
548 548
376 377
373 373
612 614
484 483
377 376
318 317
514 514
512 514
539 539
407 410
481 481
661 661
429 428
555 555
401 401
468 467
723 722
485 485
619 619
737 737
417 417
438 438
484 483
419 419
425 425
609 609
580 579
515 515
539 538
489 490
369 370
331 330
520 521
553 552
495 496
353 352
579 579
582 582
539 538
474 479
598 599
568 569
530 529
351 352
414 414
595 594
621 620
343 343
614 613
596 597
441 441
426 428
448 450
663 663
552 551
475 477
533 532
412 411
529 528
543 542
415 415
529 528
558 557
519 519
608 610
557 556
698 697
448 447
489 490
552 552
664 664
612 612
453 453
600 599
499 500
433 433
447 447
430 429
501 501
416 415
443 443
348 348
312 312
538 537
511 511
557 557
488 488
552 552
442 442
310 309
535 535
667 671
603 602
686 686
450 450
618 617
427 427
440 439
545 544
491 491
535 535
447 446
539 538
611 610
442 444
462 463
503 504
433 433
532 532
562 561
442 442
564 564
485 485
568 568
542 543
542 542
418 418
575 577
574 573
443 442
441 441
523 522
651 650
516 515
550 551
505 506
498 498
521 521
485 488
531 531
344 345
484 484
567 566
506 505
472 473
548 549
499 498
484 484
578 579
320 320
543 546
466 465
570 570
479 479
549 551
582 581
586 586
601 600
475 475
531 531
404 403
425 424
576 575
569 569
484 483
566 566
599 600
564 563
509 509
619 619
658 657
588 588
466 465
423 422
561 560
457 458
523 526
656 658
559 559
580 579
445 444
645 646
397 397
440 439
432 431
635 636
431 432
454 453
663 662
695 694
498 498
668 668
572 571
428 427
583 583
446 445
518 518
406 406
571 572
450 450
560 560
528 528
439 438
319 319
690 690
590 589
549 549
542 542
457 456
540 539
440 440
443 442
404 404
447 447
558 557
563 563
558 557
327 326
400 400
185 184
426 425
322 321
374 373
424 425
440 440
544 543
249 250
527 527
453 457
435 434
425 425
571 574
459 460
608 607
574 573
474 473
505 504
396 397
308 308
501 501
426 425
567 567
466 466
617 617
240 239
459 458
502 501
634 635
444 444
574 574
652 653
682 684
399 398
678 677
518 520
444 444
526 527
391 392
524 523
510 509
451 451
444 443
527 527
471 470
494 494
443 443
542 542
562 563
520 520
456 455
584 585
518 518
297 296
529 529
484 484
651 655
450 449
653 653
589 588
628 628
575 575
445 446
530 530
186 185
588 587
387 387
435 435
332 331
716 715
529 531
487 487
462 462
551 551
516 517
549 549
524 523
307 307
377 376
511 511
480 479
293 292
656 656
495 494
641 640
365 365
665 665
549 548
557 556
317 317
557 556
431 432
457 459
552 552
315 315
610 610
681 682
308 307
634 634
517 517
478 480
444 446
326 326
462 462
522 522
604 605
496 497
486 485
572 571
275 274
709 708
446 446
389 389
308 307
693 693
552 551
486 490
451 450
332 333
496 495
503 503
472 472
595 594
402 405
627 627
486 486
506 507
595 596
521 520
523 522
549 549
484 486
451 452
443 443
523 523
483 482
596 595
390 390
649 649
726 725
416 416
454 454
687 687
611 611
448 450
463 462
539 539
460 459
364 363
585 587
406 406
351 350
406 405
753 753
539 539
467 466
379 379
495 495
381 380
567 567
810 810
403 403
455 458
489 488
403 404
425 424
635 634
464 463
503 503
441 441
325 324
595 594
557 556
507 506
659 659
599 598
477 477
497 496
319 320
383 383
450 450
322 324
499 499
695 694
290 290
411 410
512 512
609 608
454 454
613 613
411 412
662 662
392 392
448 448
564 566
562 561
470 470
551 553
491 490
366 366
254 254
593 592
507 506
322 322
408 409
442 441
462 462
461 460
540 540
470 469
604 603
514 516
533 533
363 363
482 482
467 466
390 389
452 451
422 422
480 480
536 536
613 612
429 429
381 381
611 610
464 463
622 621
418 417
411 411
559 559
390 390
413 413
371 372
496 497
652 653
445 446
293 295
458 458
442 442
542 541
454 459
585 585
486 485
344 343
561 561
676 675
593 594
693 692
640 639
611 611
522 522
433 433
489 488
595 594
695 694
568 567
539 541
552 552
632 632
510 509
627 628
541 543
635 634
498 497
481 482
615 615
524 524
494 493
551 550
460 459
379 379
499 499
458 457
563 562
580 580
234 234
627 631
594 594
371 370
682 681
560 559
425 425
393 397
796 796
648 649
443 442
494 494
486 485
386 388
394 393
356 355
538 538
458 461
345 347
373 372
475 475
463 463
320 319
622 621
628 629
527 527
647 647
382 382
510 510
492 491
525 525
587 589
545 546
659 658
486 486
535 534
493 492
358 357
614 614
483 483
357 357
433 432
621 620
331 331
504 504
601 601
502 502
359 359
539 540
396 395
242 241
549 549
506 505
367 368
571 570
598 597
556 557
504 503
371 372
425 425
498 498
547 547
597 596
560 560
443 443
368 368
658 657
393 393
474 473
454 456
502 504
496 495
600 599
565 564
587 586
429 430
404 404
622 621
454 453
480 484
415 415
501 501
522 522
528 530
415 415
617 618
595 595
609 608
351 350
617 616
306 305
478 478
533 534
434 434
488 487
338 340
345 344
584 583
422 421
465 464
352 352
519 519
548 548
631 630
416 415
698 700
518 517
531 530
396 396
609 609
401 400
456 457
315 314
367 367
595 597
181 181
547 547
432 431
390 390
728 729
493 493
495 494
355 356
467 470
380 380
620 620
503 503
679 680
589 589
435 437
566 567
475 475
514 514
463 465
521 520
684 684
424 424
448 447
596 597
476 479
723 723
459 458
495 495
403 403
594 594
518 519
641 640
496 497
366 367
493 494
582 582
344 346
498 499
542 541
538 537
430 430
406 405
582 581
574 575
341 342
477 480
476 475
534 535
250 251
330 333
427 427
244 245
455 457
605 605
416 416
595 594
580 580
512 512
483 483
433 432
581 581
357 358
406 405
490 490
283 283
700 700
455 455
577 576
410 409
542 545
555 556
417 418
447 448
545 544
454 454
474 474
544 546
380 383
501 500
623 623
467 467
530 529
739 739
550 550
563 563
472 472
626 626
646 646
405 405
559 558
494 494
471 471
557 557
559 559
388 387
543 544
256 257
380 379
418 418
385 384
424 424
612 611
454 454
376 376
515 515
370 369
597 597
398 398
451 450
356 356
479 479
464 464
520 520
371 372
451 451
505 505
490 490
605 607
512 512
505 505
625 624
557 556
578 577
550 549
445 445
368 369
607 608
521 521
620 619
591 591
413 413
520 519
502 503
371 370
385 384
393 396
422 421
513 515
289 289
311 312
564 565
581 580
454 453
644 644
273 272
590 589
459 458
482 481
450 449
612 612
516 516
402 404
425 425
599 599
416 416
402 402
569 569
465 464
566 565
575 574
476 476
463 463
379 379
285 285
404 404
513 514
569 571
345 347
426 426
402 402
587 586
412 414
503 505
535 535
498 498
347 347
382 381
384 384
446 445
507 507
353 352
631 630
653 653
548 548
501 501
378 377
596 595
379 379
398 397
389 391
510 511
511 511
444 443
553 552
414 413
572 572
582 582
542 545
545 544
507 507
462 461
657 656
684 685
459 459
504 505
502 501
403 404
491 490
373 373
303 302
333 333
727 726
545 546
635 635
514 514
428 427
468 467
607 606
586 587
463 463
424 424
578 578
438 437
448 447
497 496
583 584
459 461
383 383
627 632
718 718
424 426
354 354
553 553
386 386
338 338
533 533
486 485
379 381
295 295
306 307
507 506
475 476
498 498
673 674
332 332
492 491
593 592
476 475
420 419
558 562
477 477
572 573
595 595
385 385
361 360
582 581
541 540
271 271
384 385
613 613
435 436
399 400
477 478
474 474
378 378
618 617
562 566
499 498
424 425
436 435
488 491
589 588
434 434
598 599
693 693
630 630
584 585
531 531
467 467
427 426
466 465
413 413
501 501
422 422
584 585
628 628
551 550
480 479
606 608
449 449
480 479
415 416
561 562
306 306
537 537
310 310
536 535
531 530
348 350
605 605
502 502
379 380
235 234
532 533
332 331
546 546
468 468
447 447
443 443
578 577
464 463
400 402
478 477
684 683
545 544
346 345
499 502
523 522
653 653
352 351
573 574
535 534
591 591
679 679
537 537
629 632
502 501
498 498
532 532
497 497
506 507
603 603
342 341
578 581
505 505
397 397
530 529
538 537
394 394
339 339
700 699
435 436
497 497
621 621
584 585
464 463
329 328
390 390
514 515
602 604
499 505
348 348
707 709
508 508
506 507
496 496
391 390
520 519
582 581
328 328
624 623
434 434
612 611
579 581
434 435
383 382
480 483
560 560
584 583
450 449
442 443
303 305
454 453
345 344
407 409
494 493
523 522
327 327
520 520
544 544
637 636
577 577
534 536
744 744
526 525
519 519
515 515
501 501
470 469
579 579
495 494
523 522
550 550
708 707
550 549
534 537
397 396
383 383
540 541
650 649
711 711
594 595
539 541
526 527
387 387
482 482
572 571
321 323
507 506
454 453
513 513
372 373
461 460
473 473
495 495
410 410
567 567
656 657
502 502
273 273
483 482
485 484
530 532
340 340
362 361
548 547
663 665
667 669
340 340
357 357
567 567
461 461
428 428
548 548
527 526
567 568
464 466
589 589
407 407
577 578
493 493
528 528
471 471
606 605
463 463
426 426
304 304
513 512
631 635
420 420
494 493
592 593
596 595
637 638
496 496
537 538
710 713
460 459
538 537
493 492
388 387
385 385
424 424
506 508
445 444
614 613
556 557
686 686
420 419
537 536
413 413
413 413
541 541
470 471
499 498
422 421
512 512
547 547
629 630
370 369
591 590
300 299
467 466
514 514
544 546
633 632
475 476
497 501
504 503
515 515
509 511
515 515
640 640
519 518
461 461
521 521
658 657
523 522
472 471
573 573
356 355
344 345
293 294
528 528
580 581
580 580
737 740
532 531
664 666
566 567
412 411
547 546
524 523
530 535
619 619
549 549
530 529
425 425
443 442
743 742
507 506
500 499
542 544
429 430
580 580
693 693
455 455
453 453
508 507
607 607
335 336
762 761
554 554
390 390
422 421
341 340
437 436
272 272
531 532
599 599
566 565
463 462
492 492
433 433
263 262
582 581
668 669
507 508
748 747
386 385
276 276
599 598
460 459
362 362
612 612
487 487
483 483
450 451
405 405
518 519
638 637
484 483
512 511
553 553
654 653
345 345
502 501
408 407
537 537
491 491
686 685
407 406
695 695
538 538
613 612
499 499
395 394
540 540
532 531
341 342
419 420
444 443
502 502
515 517
432 432
525 524
463 463
524 523
575 575
343 343
495 495
749 748
623 622
536 536
647 646
397 398
257 257
565 568
414 415
579 578
611 611
433 433
600 600
463 462
449 449
466 465
569 570
565 564
518 517
457 457
607 606
542 543
603 603
361 362
415 414
488 488
620 620
357 360
631 631
336 336
390 389
467 466
718 717
414 413
656 656
502 502
529 528
521 520
552 552
453 453
481 480
722 722
420 420
552 552
293 295
481 480
429 429
508 507
454 454
373 372
410 411
587 587
647 648
357 358
640 639
589 588
446 446
412 411
486 485
660 660
406 406
525 524
475 474
580 579
166 168
402 401
624 626
518 518
488 489
574 575
495 496
526 525
639 641
650 650
716 715
537 541
484 484
473 473
449 448
372 372
552 552
556 556
430 429
429 428
700 700
481 481
493 493
496 495
413 412
541 541
413 412
560 559
519 519
350 349
431 430
421 421
603 605
472 472
469 469
579 579
364 365
675 674
366 368
525 525
659 660
476 476
409 408
419 418
515 516
348 348
285 286
677 677
557 556
513 513
580 580
559 558
430 431
539 540
576 577
411 410
423 424
430 429
518 521
645 646
651 650
694 694
345 344
453 453
582 581
565 564
592 598
446 446
511 512
393 393
631 630
452 452
588 588
480 480
436 436
360 360
434 434
634 635
552 552
477 477
583 586
512 511
549 551
435 437
365 364
455 455
517 517
410 411
459 458
354 354
657 656
461 460
612 612
353 353
434 435
383 383
395 396
491 491
524 523
399 398
614 614
471 471
395 394
467 467
388 388
522 521
593 592
651 651
678 678
554 557
546 549
693 693
504 505
561 560
695 694
641 641
397 397
479 478
456 455
491 492
541 544
647 648
307 307
509 509
571 571
647 647
514 513
488 489
676 676
448 448
585 584
329 331
536 535
526 525
575 574
576 575
408 409
465 465
293 293
549 549
556 555
417 417
451 450
457 460
556 558
533 533
405 405
401 402
486 485
279 281
415 415
510 509
566 565
608 608
624 624
470 470
520 521
404 406
434 434
511 510
607 607
633 633
637 642
564 563
445 444
478 478
575 574
502 501
668 668
511 511
487 486
379 379
558 558
564 565
463 465
449 449
474 473
430 429
471 471
503 503
586 586
577 576
633 633
472 473
634 634
231 231
460 460
453 453
427 427
407 407
411 411
595 596
439 439
406 408
433 433
505 505
616 615
545 544
638 637
674 674
525 525
555 555
503 502
446 446
514 513
633 633
534 533
423 423
493 493
696 696
459 459
458 458
557 559
449 449
605 606
414 414
459 458
683 683
537 537
442 441
634 633
667 668
580 579
345 345
481 480
594 594
454 453
493 493
533 533
465 464
421 421
380 379
631 633
628 630
303 306
386 386
567 569
438 439
480 482
471 471
643 642
435 436
503 503
568 568
564 563
385 385
420 420
606 610
513 512
596 596
776 777
716 716
304 303
395 396
535 534
295 295
455 454
408 409
550 549
543 544
418 418
574 574
618 620
406 406
525 526
461 461
614 615
480 479
337 337
619 619
495 495
679 681
548 547
395 398
567 567
578 578
453 456
511 511
595 594
437 439
535 535
475 474
492 491
409 408
439 438
654 654
487 489
655 654
517 517
509 509
456 456
576 576
638 638
380 380
440 440
390 390
498 498
489 490
385 385
452 452
508 507
499 498
482 485
570 571
609 609
425 424
524 524
486 486
248 247
535 535
472 472
385 385
412 411
511 510
515 514
529 529
405 404
363 363
555 554
355 354
526 526
455 454
467 467
578 577
603 603
537 537
501 500
439 438
469 469
510 510
221 220
454 454
425 424
612 615
215 214
474 474
467 467
220 219
271 270
467 468
438 437
580 580
648 648
424 425
435 435
569 568
605 604
550 549
571 571
429 429
473 472
237 236
706 706
563 562
474 474
389 388
546 545
510 509
371 372
527 527
350 350
460 461
430 429
654 653
443 443
425 428
649 649
503 502
719 719
532 534
447 446
496 496
683 683
520 520
421 420
337 337
506 506
575 574
550 550
364 364
668 668
423 423
314 314
452 452
593 593
626 626
405 404
523 523
558 560
428 429
582 584
633 636
323 323
436 436
447 446
393 392
377 376
350 349
595 594
569 568
444 443
361 360
682 682
638 637
450 449
545 547
514 513
669 669
360 359
553 552
558 558
426 425
298 298
332 333
589 590
427 426
538 538
391 390
457 457
536 536
463 463
373 377
541 542
554 554
599 598
517 518
419 419
575 575
604 605
373 372
513 513
388 391
359 359
441 440
516 517
505 506
477 477
546 547
398 398
620 620
518 518
441 441
541 541
673 675
447 446
509 508
524 523
640 640
484 484
502 501
655 655
559 558
542 543
376 376
611 611
352 352
484 485
445 446
581 580
356 356
359 359
583 584
589 589
669 670
600 599
429 428
564 565
536 536
640 639
359 359
285 284
446 446
592 594
366 366
506 505
410 410
419 420
472 471
358 359
541 542
526 526
388 388
485 484
246 246
466 465
461 462
409 410
611 611
501 501
297 296
522 522
569 568
386 385
596 596
510 509
560 559
583 583
695 695
520 521
638 638
429 430
580 580
540 540
450 449
430 433
460 459
661 660
646 646
455 454
548 549
757 756
484 484
591 592
439 438
406 405
351 350
601 600
564 565
438 440
726 726
461 461
471 473
567 566
495 496
482 481
363 362
664 663
461 460
284 284
563 562
598 601
580 579
581 582
595 598
572 571
629 629
584 586
264 264
503 503
561 560
484 486
579 580
670 670
432 433
552 551
435 436
479 480
497 498
375 374
380 379
374 373
398 403
474 473
720 720
547 546
311 311
537 538
714 713
647 648
480 481
466 465
541 540
419 418
462 465
665 664
358 357
443 444
512 512
349 351
407 407
466 466
579 579
415 415
584 584
428 428
494 493
334 334
514 514
515 514
522 522
478 477
441 442
553 554
500 500
501 500
666 665
440 439
205 204
451 450
563 564
527 528
453 452
542 542
365 364
331 330
583 584
554 554
346 346
391 391
583 584
631 631
516 516
515 514
488 487
566 565
443 444
400 399
501 501
595 596
491 491
694 694
509 509
602 601
552 553
436 436
383 382
607 611
470 473
524 523
425 424
369 370
476 475
410 412
407 406
641 641
517 516
571 571
481 480
497 496
696 696
422 421
620 620
532 535
638 638
537 537
486 485
672 671
429 429
449 453
689 689
525 526
485 485
485 486
424 423
416 415
556 555
459 458
722 722
342 342
465 465
500 499
201 202
727 726
451 451
627 628
403 403
487 487
460 460
572 572
621 620
426 426
358 358
457 457
339 339
562 566
354 354
475 475
339 339
358 358
481 481
343 342
565 565
584 583
432 433
531 532
582 581
466 466
478 479
516 516
221 222
495 496
511 510
521 520
580 580
553 556
524 525
618 618
520 521
449 450
471 470
400 399
383 382
551 551
417 420
656 656
470 469
633 632
445 445
412 411
370 369
596 597
643 642
528 528
447 447
576 576
653 653
425 424
751 750
598 597
465 466
350 349
664 665
357 356
521 521
319 319
381 381
327 328
352 352
601 600
543 542
411 410
496 496
332 333
434 433
543 545
601 601
373 372
530 532
524 524
546 546
572 572
634 633
536 535
499 498
458 457
529 529
559 558
383 383
564 565
632 631
471 473
431 430
428 428
695 699
497 497
539 538
517 517
504 504
456 456
634 634
245 245
450 449
593 594
458 457
578 578
428 431
523 522
464 465
534 534
520 519
410 409
368 369
583 583
632 631
444 445
514 514
517 516
476 477
389 388
682 682
662 661
550 550
307 306
579 579
462 463
659 659
543 543
368 369
478 478
441 441
593 593
524 524
518 521
522 522
424 424
521 520
623 622
559 559
516 516
607 606
434 434
547 547
550 550
528 529
597 596
788 787
547 546
415 415
420 422
478 477
543 544
572 571
401 400
375 375
377 376
588 587
347 346
362 362
587 587
542 542
576 576
492 492
639 639
402 401
503 502
373 372
580 580
495 494
482 481
569 568
506 507
340 341
407 407
578 578
465 464
497 497
445 446
560 559
746 745
523 523
599 601
488 488
232 233
601 600
458 457
480 480
570 569
490 489
468 469
522 521
684 683
440 439
518 517
600 601
640 640
425 425
545 545
448 449
394 394
542 541
563 562
505 506
393 393
333 334
467 466
373 373
485 484
583 583
574 573
555 556
445 445
585 585
473 474
531 530
416 415
540 540
646 646
486 486
574 573
554 554
386 386
510 509
502 504
580 580
541 542
543 543
484 484
432 431
766 766
396 396
554 553
614 616
535 536
418 417
428 428
549 550
553 552
494 493
604 604
465 465
623 623
579 580
425 424
534 533
165 165
559 559
442 442
517 519
501 500
545 545
636 635
467 466
651 651
403 404
487 487
651 650
530 530
453 452
517 516
443 443
583 583
583 582
451 452
310 310
480 479
458 459
597 598
560 559
528 528
462 462
533 533
590 590
450 450
348 348
557 557
574 573
477 477
519 519
474 473
536 535
388 392
565 570
450 450
449 448
447 446
455 454
416 416
519 519
492 495
490 489
475 475
497 496
412 412
583 584
529 529
425 425
583 583
513 512
485 486
435 435
389 388
450 449
680 679
473 475
387 387
456 455
505 506
556 555
387 390
575 576
408 408
466 466
344 343
595 595
524 525
237 242
451 450
515 516
484 483
424 426
513 513
341 341
565 564
292 292
348 347
345 344
488 488
485 485
550 550
408 409
333 334
454 453
560 560
451 451
394 393
355 356
427 426
500 499
497 496
588 588
576 575
363 364
483 486
417 417
448 449
720 721
585 585
456 455
476 475
397 397
513 514
446 447
461 463
333 333
475 476
717 717
581 581
561 560
580 579
640 639
410 410
532 533
522 522
444 445
648 651
499 499
473 473
462 463
483 483
423 423
463 465
451 450
438 437
355 355
640 640
666 666
638 637
528 528
533 532
594 594
518 519
375 375
399 398
387 386
513 512
484 484
639 638
447 446
573 573
541 542
456 455
481 481
635 637
416 418
399 398
634 634
484 483
553 552
560 561
548 547
343 342
671 671
363 363
501 501
471 471
613 612
520 521
613 612
493 493
464 464
465 464
455 454
365 366
565 565
465 465
605 605
499 500
427 427
535 536
333 334
226 225
585 585
594 594
324 323
541 541
560 559
495 495
433 433
419 420
584 584
663 663
394 394
378 377
494 495
475 476
605 606
439 438
512 512
598 599
495 494
496 496
580 583
542 541
454 454
440 439
510 509
473 474
602 602
493 492
529 531
441 440
443 443
457 456
373 374
560 561
523 524
549 550
395 394
376 376
377 376
608 608
328 329
690 691
554 554
490 490
536 535
435 435
462 461
537 536
629 630
513 512
539 539
563 562
626 626
413 412
399 399
464 464
329 328
417 416
623 626
535 534
566 565
706 705
426 426
263 262
446 446
411 410
608 607
558 559
392 391
552 555
509 509
389 390
550 550
681 682
581 580
596 597
682 682
504 505
533 533
641 642
333 332
551 550
622 624
509 512
427 427
516 515
532 532
625 624
540 540
580 580
527 527
381 380
670 672
448 447
614 619
568 569
523 523
263 264
430 429
681 681
623 624
509 509
681 681
275 277
533 533
506 506
522 522
681 680
448 448
438 438
663 663
500 500
541 543
447 448
608 607
508 509
572 573
472 472
700 699
253 254
356 359
509 510
425 428
485 484
425 426
400 400
442 442
431 430
567 568
532 531
385 384
403 405
509 509
433 432
568 567
436 435
533 532
595 595
522 521
454 454
463 463
404 403
430 432
489 488
506 505
558 558
314 316
571 571
491 491
400 399
635 634
358 358
380 380
512 511
376 376
429 429
463 464
567 567
591 590
569 568
487 487
380 379
506 509
467 467
453 453
491 494
478 478
699 700
525 526
549 548
383 383
486 486
525 524
545 545
514 514
636 636
514 515
430 429
471 470
496 496
541 541
550 550
540 541
576 576
535 534
700 700
735 736
482 482
412 412
411 412
566 565
330 329
350 349
488 488
368 367
524 524
610 610
419 419
559 559
495 494
418 418
479 480
643 644
546 546
614 614
814 813
478 478
541 543
484 483
413 412
573 575
373 372
439 438
412 411
467 468
460 459
496 496
559 559
495 495
524 525
536 536
680 681
446 447
533 533
439 440
524 527
330 330
538 537
379 381
611 611
510 510
429 429
571 572
629 628
559 560
608 607
509 508
498 500
489 488
552 552
481 481
499 499
481 482
376 376
490 490
568 568
591 590
477 478
325 324
466 466
196 198
581 582
552 553
511 510
450 449
448 448
462 461
463 463
465 464
341 341
613 612
481 481
406 405
461 463
592 591
479 478
547 549
538 539
384 384
472 472
530 529
520 520
501 503
461 461
550 550
419 420
430 430
521 521
472 475
509 511
475 474
582 581
443 443
512 511
365 365
190 190
513 512
472 471
449 452
429 429
458 459
330 329
585 584
372 371
244 244
342 341
458 458
673 672
370 370
495 494
441 442
653 653
425 426
463 465
486 485
466 466
614 615
674 675
475 475
717 716
248 249
396 395
391 390
443 442
513 512
459 458
470 469
389 389
416 418
421 422
437 437
581 580
555 555
502 502
508 507
457 457
326 325
517 518
565 564
513 513
688 687
435 435
667 667
565 565
372 372
605 605
551 551
433 432
515 514
314 313
520 519
363 362
628 627
614 613
647 647
330 331
604 604
580 580
576 575
473 472
546 546
660 660
530 530
289 289
556 556
644 644
506 505
557 558
501 500
448 449
399 399
679 680
500 500
466 466
327 327
453 453
466 469
704 703
602 603
573 574
553 553
459 458
512 512
411 410
534 536
706 713
645 644
489 490
418 417
539 538
701 701
489 490
412 411
394 395
521 520
645 647
554 557
347 347
718 719
588 588
572 571
562 562
399 399
377 376
486 485
567 568
593 595
357 357
564 563
576 576
624 623
707 709
337 336
366 365
589 589
609 609
464 464
472 471
376 375
593 592
570 574
537 539
385 385
668 667
449 448
509 509
369 369
468 468
474 475
631 630
493 493
449 449
309 310
520 520
376 376
540 539
566 566
401 400
702 702
443 443
640 640
374 374
474 474
446 445
544 543
534 533
675 675
271 274
373 375
372 372
575 577
437 436
477 477
479 478
412 412
440 440
516 515
493 492
438 439
465 465
564 564
492 492
489 488
691 691
376 377
524 524
353 353
425 424
495 494
462 463
366 366
630 630
497 496
481 481
516 516
623 623
389 388
455 454
623 622
620 619
402 401
618 617
433 432
695 694
565 565
577 576
521 520
402 402
451 451
690 689
381 381
594 594
517 517
498 498
600 600
559 558
569 569
327 327
633 634
548 547
419 419
544 544
446 445
653 653
410 409
500 499
304 304
317 316
648 649
406 407
441 443
419 418
576 576
630 629
451 452
354 353
521 520
447 446
516 516
673 672
341 340
425 424
529 529
623 623
608 609
526 526
607 607
557 557
378 378
540 541
591 590
380 380
401 400
549 548
421 420
405 404
458 459
399 399
448 450
689 690
377 376
440 440
582 582
461 461
400 400
613 615
501 501
297 297
515 515
580 580
501 500
668 667
513 517
489 490
432 431
703 704
399 399
525 524
643 642
507 508
456 456
521 522
504 504
305 305
477 476
598 598
359 358
447 448
460 461
411 411
579 579
574 574
512 512
387 386
570 570
293 294
295 294
469 469
393 392
512 511
462 461
472 474
571 571
474 474
486 486
407 407
473 472
446 447
332 332
482 484
425 424
712 711
547 546
475 474
512 511
504 507
548 547
565 568
350 350
370 370
566 567
431 431
635 635
486 486
519 519
644 644
620 620
572 572
466 466
382 383
398 399
564 563
548 551
621 621
493 492
468 467
401 401
444 443
485 485
418 417
495 497
505 504
536 535
479 479
594 594
592 591
633 633
578 578
604 603
284 283
654 655
722 721
497 496
475 475
524 525
423 422
527 526
298 299
492 492
445 444
531 531
550 551
442 441
511 517
572 571
466 466
483 482
579 579
642 642
453 454
483 483
414 414
362 362
609 610
480 482
589 591
559 560
356 356
529 530
500 499
543 542
665 665
508 509
548 549
525 525
489 489
596 596
539 539
556 556
540 541
380 383
602 602
498 497
597 598
582 586
618 618
495 494
606 605
516 517
396 396
569 569
598 599
565 566
472 473
386 386
635 636
519 518
643 642
569 569
367 366
697 696
541 541
695 694
523 523
524 524
481 480
450 454
408 407
616 617
472 472
488 488
575 576
624 624
581 580
568 567
398 397
450 451
631 630
520 519
503 503
317 317
632 633
406 405
339 340
628 627
516 516
467 467
506 506
595 594
458 458
451 450
478 477
491 492
434 435
429 428
421 421
331 330
563 564
419 419
531 532
448 447
536 536
572 571
562 562
493 492
605 604
616 617
384 384
470 471
492 491
473 472
440 440
482 481
373 373
610 610
490 489
759 758
489 488
734 733
441 442
369 369
498 497
613 614
567 569
433 433
546 546
599 600
500 500
746 747
459 459
414 413
650 649
505 505
281 280
668 669
521 521
470 471
592 592
524 523
411 414
490 489
543 543
528 527
386 385
442 443
576 575
450 449
630 629
490 490
465 464
446 450
400 401
407 408
593 593
307 308
451 450
512 513
547 546
441 440
562 562
507 506
502 503
559 558
494 495
520 520
552 552
560 560
422 422
277 276
500 500
459 458
284 284
454 453
405 405
577 576
551 551
435 436
545 545
430 429
308 307
467 467
769 769
617 617
734 733
365 365
595 595
509 511
619 619
424 423
529 531
543 544
514 515
566 566
404 403
634 635
518 519
432 437
563 562
468 468
537 537
410 410
470 472
468 467
712 711
422 421
481 481
545 544
458 458
582 584
586 586
399 398
282 284
630 630
487 487
455 455
474 474
397 397
639 639
520 519
591 591
529 530
612 611
611 610
456 456
425 425
453 452
579 580
536 535
505 506
486 485
520 519
485 485
573 572
552 552
489 493
653 653
598 598
467 466
421 420
682 682
367 368
561 561
575 574
609 608
551 551
533 534
399 400
414 414
405 406
409 410
403 402
650 649
562 563
482 481
513 512
467 466
433 433
443 443
595 595
610 610
424 423
504 504
644 647
623 622
550 551
633 633
523 523
417 417
357 357
501 504
516 517
264 265
570 569
557 558
461 462
501 501
545 545
259 258
526 530
599 599
640 639
390 390
357 357
689 689
457 457
509 511
513 512
705 705
587 586
524 524
473 472
558 558
423 424
633 633
554 554
466 468
572 573
461 461
679 678
563 562
313 313
471 470
646 646
562 562
566 567
472 472
584 585
539 539
528 527
277 279
493 494
500 500
603 602
541 540
541 542
437 436
478 477
636 635
423 423
421 421
691 693
545 546
441 440
604 605
287 286
567 569
419 420
504 507
560 561
664 664
483 482
355 355
555 555
641 641
547 547
458 457
464 466
542 542
386 385
555 554
565 565
486 485
545 544
252 252
407 407
567 566
304 304
497 496
379 380
474 475
560 566
456 456
550 550
413 414
351 351
371 371
506 505
365 364
390 390
335 334
558 557
282 283
496 496
318 318
455 456
524 524
439 441
334 333
606 605
546 545
381 380
420 420
433 435
422 421
347 348
450 449
415 414
701 700
519 518
287 287
658 658
487 486
564 563
566 565
458 458
475 474
486 485
330 330
604 606
266 268
457 456
548 548
517 518
646 645
583 582
540 540
595 595
362 362
631 633
412 411
472 472
538 537
564 566
563 562
462 462
514 514
408 409
471 471
437 437
477 476
458 458
533 533
567 568
523 523
512 511
584 583
498 498
484 484
534 534
538 542
659 659
414 415
491 491
467 466
466 465
555 555
544 544
484 483
317 317
548 548
545 545
479 478
339 338
468 469
406 405
654 656
532 531
682 681
418 419
338 337
592 591
603 603
347 348
557 558
420 420
457 457
432 432
555 555
689 692
249 248
638 638
453 453
496 495
510 509
380 379
564 566
562 562
445 445
368 369
455 455
490 491
594 594
687 688
526 527
545 545
705 704
291 290
687 687
531 531
532 532
545 544
542 541
309 309
590 590
576 576
521 522
598 597
672 672
390 389
375 375
524 524
415 414
469 469
531 531
675 675
601 601
614 615
491 490
522 522
464 464
602 602
466 465
474 473
610 609
492 492
595 595
361 360
543 542
482 481
351 350
654 653
480 480
583 582
370 369
575 574
463 469
519 518
336 335
338 338
444 444
490 489
543 542
371 370
455 457
511 512
474 473
460 461
767 767
580 582
469 469
557 556
534 533
552 553
470 471
744 743
238 238
521 521
633 633
423 422
549 549
568 568
653 653
491 490
451 452
433 435
376 376
539 539
599 598
547 548
575 576
574 574
307 306
258 259
409 408
542 542
479 479
487 490
561 561
379 378
648 648
562 561
560 560
641 644
465 467
672 671
281 280
546 546
435 435
407 407
412 412
589 589
649 649
426 426
471 472
375 377
488 487
605 606
393 393
564 564
527 528
422 423
436 435
384 384
658 659
518 517
682 681
591 591
596 597
484 484
425 424
614 614
426 426
554 554
464 464
673 675
485 485
427 427
498 499
433 433
501 501
390 390
541 543
518 518
570 569
556 556
344 343
362 362
566 566
450 449
298 298
634 634
416 417
602 602
549 548
506 507
489 489
460 460
388 390
412 411
539 539
706 707
641 641
522 521
492 492
616 615
660 660
541 540
510 511
354 357
706 706
629 630
501 500
598 597
566 565
512 512
538 538
393 392
501 505
397 397
651 650
414 414
312 311
430 429
555 554
528 527
464 464
498 497
503 503
415 415
639 639
398 398
463 463
654 653
660 659
555 554
322 322
472 472
463 463
499 498
521 521
483 482
350 350
556 556
564 567
556 558
419 419
539 539
496 496
475 476
478 477
596 597
396 396
577 577
502 503
373 375
752 754
272 272
425 425
609 608
506 507
519 518
459 459
535 536
584 583
314 314
543 542
364 364
495 495
531 531
578 578
490 490
471 470
659 658
475 475
616 618
345 346
438 437
466 466
531 530
248 249
378 378
514 515
449 448
325 325
505 505
681 680
783 783
470 470
510 510
520 520
407 406
445 446
454 454
408 407
407 407
492 493
679 682
440 439
465 464
439 438
569 568
413 413
423 422
524 526
407 407
449 450
647 647
491 490
466 465
616 615
562 562
596 595
460 460
547 547
510 509
519 522
433 434
512 512
416 417
573 572
494 493
564 564
337 336
604 605
561 561
400 400
385 384
358 357
513 513
562 561
394 394
524 523
523 522
478 478
739 740
596 595
401 403
460 459
507 506
481 482
581 581
590 591
491 490
473 473
411 410
531 531
313 314
498 497
574 575
486 485
496 499
330 332
241 240
556 556
456 455
526 526
495 495
410 413
426 425
431 430
335 336
626 627
728 727
474 474
717 717
372 372
593 594
634 633
725 724
465 465
442 443
571 571
532 532
493 493
553 552
342 341
631 630
496 495
421 421
430 429
473 472
565 564
372 371
347 347
448 449
620 620
443 442
388 388
387 387
508 509
483 482
567 571
410 411
438 437
601 601
455 455
617 616
405 404
399 399
285 284
641 642
470 470
442 442
627 626
397 397
376 378
581 582
563 563
430 431
663 664
478 477
570 571
545 547
515 515
502 501
619 619
550 550
647 647
530 531
505 505
533 532
408 407
542 541
457 457
342 343
509 510
689 688
380 380
469 468
380 379
281 280
584 584
501 503
603 604
547 547
433 433
572 571
467 471
589 589
552 552
505 505
675 676
527 526
470 469
470 470
428 428
473 474
487 486
489 489
426 426
385 387
700 699
593 593
491 492
508 507
487 487
559 561
425 426
388 387
477 481
545 544
526 525
553 553
501 501
596 598
587 587
505 507
570 569
436 439
514 518
412 412
438 439
535 535
537 538
482 481
760 760
420 424
354 353
616 615
542 542
529 529
605 604
399 399
421 422
457 457
480 479
558 559
458 458
503 503
506 505
627 627
450 449
485 487
650 649
596 596
499 502
666 667
586 587
490 490
500 501
595 598
601 605
436 436
507 508
521 520
370 370
690 689
387 387
502 502
348 347
401 401
612 611
634 635
451 450
444 443
398 401
561 561
612 612
539 539
373 373
514 515
461 461
365 365
388 388
392 393
579 579
494 494
497 496
651 651
485 484
506 505
384 383
380 379
548 547
418 420
397 396
432 431
398 398
660 659
621 621
401 400
355 355
368 367
428 428
680 679
503 503
519 518
567 566
461 461
494 493
445 445
256 255
472 472
534 538
325 324
509 510
475 475
465 464
607 606
442 444
538 537
539 538
539 539
659 659
422 422
473 472
459 458
820 819
639 639
595 595
415 416
695 696
429 429
504 506
511 512
401 400
672 672
412 412
514 514
642 641
594 593
625 624
575 574
572 573
456 459
594 594
285 286
553 553
508 508
663 662
373 372
426 426
317 317
684 683
550 554
570 570
526 527
643 642
490 489
484 483
457 457
336 338
340 340
478 478
381 385
366 365
372 371
532 533
535 534
426 426
569 568
461 461
491 491
376 376
407 406
382 383
473 473
459 458
549 548
565 565
666 668
487 487
681 681
365 367
360 362
453 453
368 367
568 568
368 368
463 464
559 560
378 378
614 613
468 468
563 562
310 310
554 554
673 672
431 431
489 488
620 619
539 538
544 544
501 501
666 666
585 584
470 469
632 632
408 407
541 542
581 580
558 558
482 481
620 620
503 503
454 456
419 419
741 740
373 374
409 412
461 460
445 444
513 513
493 495
531 530
596 596
540 539
682 682
427 426
558 558
649 652
576 576
563 564
645 644
533 533
352 353
402 403
381 381
551 552
692 692
264 264
513 512
509 510
660 659
400 400
661 661
622 622
472 471
437 439
562 565
506 505
457 457
492 491
359 358
530 529
395 395
631 631
621 621
504 506
387 387
282 282
461 461
603 602
441 441
516 516
499 499
532 532
479 479
650 649
559 558
556 555
686 686
517 517
530 531
615 616
437 438
517 517
323 322
485 486
535 536
595 595
506 506
517 518
576 576
601 600
675 677
428 427
207 207
516 517
632 631
567 566
493 492
386 385
444 445
719 719
441 440
360 363
496 495
548 547
382 381
592 591
447 449
554 553
410 411
506 505
281 281
520 519
542 541
526 526
548 547
413 412
487 486
474 474
592 592
411 411
566 566
469 469
475 475
470 469
659 659
505 506
620 619
594 594
502 501
459 458
582 582
575 574
377 376
491 490
668 668
705 705
418 419
448 449
558 557
758 757
500 499
578 582
612 611
415 416
624 624
348 348
502 502
376 375
581 580
342 342
572 572
405 404
485 484
640 639
547 548
455 455
414 414
614 614
470 469
566 568
618 619
437 436
480 479
434 433
532 535
274 274
474 473
464 464
450 450
318 318
325 326
710 709
520 520
568 567
369 369
593 594
295 296
393 392
441 441
540 539
425 425
437 436
277 276
632 632
567 566
457 456
445 445
476 475
583 583
360 361
587 586
520 520
469 469
435 437
595 595
364 363
442 443
579 579
357 356
534 533
492 491
474 473
409 409
547 548
337 339
380 380
476 475
510 511
574 576
416 415
486 486
548 548
591 590
443 446
590 589
636 636
568 568
531 531
503 502
466 465
623 623
291 291
588 588
454 453
404 404
525 525
462 464
647 646
478 478
541 540
617 618
585 584
395 395
428 431
463 464
546 545
539 538
570 570
569 568
394 394
405 405
501 501
420 420
477 477
471 470
361 361
544 543
454 454
488 487
541 542
338 337
528 527
491 490
491 491
497 497
560 559
474 474
443 444
524 525
555 555
519 519
624 624
378 382
684 683
371 371
465 464
451 452
495 495
589 588
540 539
728 728
742 741
439 438
411 411
343 342
316 316
466 466
518 521
503 502
617 619
498 498
681 682
485 485
378 377
438 438
526 525
384 385
518 518
380 380
570 569
650 650
362 361
645 644
517 517
514 514
465 465
604 604
505 505
534 534
631 631
632 632
534 533
563 564
531 533
378 379
614 616
549 553
455 455
433 433
502 501
541 540
640 641
560 560
367 366
615 616
524 524
274 273
474 474
334 333
393 395
651 651
579 581
635 636
474 478
426 425
460 460
453 453
748 748
628 628
618 617
648 649
579 578
301 301
487 487
561 560
363 364
360 359
418 417
571 572
523 523
636 635
535 534
577 578
521 521
537 537
540 540
635 635
451 450
354 355
738 741
617 616
584 583
361 360
467 466
495 495
397 396
429 428
431 430
534 535
450 451
598 599
498 498
373 372
437 436
547 546
381 381
417 416
581 580
598 598
492 491
733 732
440 439
504 503
408 407
587 586
346 345
504 505
645 645
451 451
491 491
655 654
336 336
369 369
523 522
646 645
569 569
403 403
593 592
587 586
439 439
498 500
461 460
514 513
454 454
646 647
525 525
589 589
404 405
643 644
623 622
445 445
329 330
552 552
401 403
395 395
463 462
442 442
593 592
596 596
733 733
520 519
545 545
504 508
589 588
403 403
440 441
365 364
428 427
436 435
429 429
559 558
390 389
531 532
385 385
565 564
496 495
740 739
460 459
456 455
651 651
543 542
476 476
472 471
464 464
444 444
348 347
541 541
475 474
351 353
551 551
641 640
449 450
495 495
400 401
542 541
618 617
350 350
464 463
521 520
632 632
404 403
616 617
651 650
554 554
270 269
640 639
430 430
394 393
531 532
617 616
508 507
577 578
421 420
592 592
514 517
284 283
416 415
318 317
543 543
631 630
545 547
477 477
509 511
384 384
571 570
441 440
298 300
568 567
534 533
615 614
560 561
564 563
518 517
408 407
629 630
532 533
285 284
694 694
426 426
534 534
600 602
622 622
601 602
344 343
643 643
547 549
557 557
446 446
533 533
524 527
427 429
410 410
395 394
578 579
600 600
492 492
575 574
541 541
477 476
348 348
565 564
489 489
525 526
571 570
557 558
468 468
418 417
372 372
695 695
412 411
538 539
553 553
511 510
551 551
423 424
504 504
623 622
426 427
485 485
482 481
337 336
435 434
390 389
676 676
476 480
286 285
473 474
434 434
510 509
445 449
666 666
513 513
410 409
785 787
549 550
537 537
559 561
574 573
462 462
527 527
327 327
492 491
524 523
542 542
555 554
323 322
489 490
633 633
568 567
619 619
273 273
385 384
513 512
509 508
492 492
560 560
175 174
494 494
500 500
374 373
430 431
442 442
199 200
548 548
498 497
542 542
572 572
518 517
344 343
499 498
415 414
491 491
452 452
487 486
426 426
224 224
561 560
410 409
525 524
561 561
627 627
600 599
584 583
531 531
392 393
581 580
518 521
451 450
524 523
431 431
662 663
579 578
420 420
413 412
275 277
514 513
423 423
556 555
331 332
422 422
464 464
517 516
462 461
305 305
475 475
409 409
349 348
320 321
370 369
515 516
454 454
594 594
498 498
447 447
588 588
616 617
565 567
503 504
555 556
554 553
639 638
477 477
579 580
516 518
743 743
568 568
483 482
404 403
434 434
468 468
555 555
470 469
471 471
540 540
453 452
439 439
456 456
393 393
550 550
727 727
478 477
513 513
554 554
421 423
482 481
644 644
411 410
500 500
606 605
514 514
525 524
536 537
578 577
384 383
387 389
607 607
501 502
642 643
547 547
345 345
517 517
454 455
491 491
440 439
593 593
377 376
408 408
399 399
521 520
395 394
506 506
414 414
409 409
461 460
526 527
382 381
661 660
304 305
622 622
475 477
465 465
443 442
592 592
548 548
630 630
493 493
548 548
562 561
412 413
519 520
315 314
367 368
560 560
483 483
398 397
352 352
587 590
442 442
646 646
480 479
471 471
441 441
482 482
495 494
355 354
541 540
566 568
591 591
392 394
506 505
270 271
308 310
451 451
506 505
318 319
708 708
483 483
531 530
602 601
476 476
579 579
434 435
471 472
295 294
670 670
420 420
352 354
601 600
374 373
629 628
477 477
562 562
474 475
459 458
619 618
469 468
450 450
510 510
590 590
525 528
643 645
505 505
473 473
628 627
511 511
312 312
496 496
608 607
300 300
491 491
467 467
346 346
477 476
612 616
550 549
506 506
701 700
457 458
695 695
518 517
520 521
458 458
604 603
425 425
370 369
560 559
282 283
479 478
537 536
538 539
396 396
446 446
435 434
491 493
723 724
581 580
524 524
518 520
484 484
593 592
383 382
336 335
557 557
707 708
477 478
652 652
492 492
490 489
513 512
393 394
571 572
519 520
627 627
526 525
320 320
526 526
545 545
593 592
445 445
276 276
346 345
550 549
491 491
410 411
404 403
356 356
526 528
438 438
556 555
607 606
523 522
490 489
419 420
470 470
602 602
453 453
495 495
389 388
583 583
580 580
735 734
463 463
464 465
603 602
377 376
441 442
429 429
441 441
634 633
441 440
491 492
613 615
531 532
463 463
417 416
487 488
477 477
517 516
692 691
646 646
593 593
522 522
402 404
606 605
439 438
609 609
417 418
626 626
717 717
650 649
502 501
611 610
477 477
562 561
567 567
582 582
601 602
548 548
587 589
447 448
681 681
494 495
354 354
610 610
637 637
463 462
438 438
396 395
480 479
502 502
374 374
338 339
547 546
358 361
539 538
467 466
582 583
350 350
550 549
303 302
765 764
431 431
509 509
498 498
468 468
662 661
464 463
345 344
460 460
444 444
610 611
339 339
430 430
470 471
433 433
529 529
508 507
503 502
399 399
615 614
313 313
551 550
503 504
501 500
506 506
526 525
529 532
592 592
388 389
498 499
471 470
378 377
464 463
441 441
654 653
448 448
383 382
560 560
453 453
445 445
471 472
462 462
492 491
617 617
606 606
562 562
427 427
482 483
427 427
585 585
594 593
453 455
625 626
464 467
435 435
623 624
613 615
560 560
439 438
604 603
494 493
544 545
506 506
397 396
458 458
336 335
419 419
407 407
556 557
284 284
502 502
600 602
403 402
505 505
401 403
504 507
623 622
750 752
563 562
574 573
626 626
577 577
526 525
567 567
544 544
445 445
467 475
498 498
454 454
531 531
579 579
374 377
480 479
444 443
565 566
535 536
212 215
620 619
412 412
560 561
620 619
569 571
460 460
611 610
467 466
746 746
293 292
578 580
414 414
399 398
456 456
602 603
364 363
475 475
422 422
572 572
412 411
603 602
460 461
365 364
517 516
524 523
623 623
500 500
594 593
333 332
590 589
606 606
530 531
585 585
373 376
410 410
603 604
514 514
732 732
580 579
524 523
259 258
661 660
630 630
530 530
596 597
551 551
426 426
543 544
442 443
473 475
362 364
550 550
550 551
551 550
446 445
504 504
678 677
415 414
625 624
372 372
584 584
548 547
624 625
412 412
376 376
637 637
585 588
493 494
530 530
399 398
524 525
559 559
646 645
630 629
556 556
528 527
501 500
292 292
613 613
380 381
599 601
269 269
521 521
363 363
615 615
453 453
559 558
512 511
579 578
417 416
376 375
573 574
397 396
521 520
611 611
595 594
475 476
284 284
417 418
407 407
587 589
257 256
581 581
415 414
523 523
385 386
491 490
381 380
612 611
382 382
574 574
609 608
531 530
439 439
447 447
551 552
405 404
609 609
584 584
576 578
441 441
645 644
363 363
450 451
302 301
597 596
381 381
681 682
468 468
590 589
515 514
327 327
438 438
475 474
749 748
445 444
478 477
519 520
304 304
437 439
497 497
417 419
602 606
582 581
509 512
632 633
271 272
369 369
400 401
375 378
687 687
521 524
265 264
424 424
521 522
519 518
379 380
483 483
397 397
453 453
705 705
481 483
342 342
318 317
546 546
561 560
495 496
370 369
398 398
577 576
305 306
661 661
533 532
736 736
563 562
342 343
280 281
504 505
530 530
378 377
536 536
377 378
658 662
534 537
463 462
574 573
500 499
506 505
667 666
464 464
491 491
673 673
576 575
392 392
678 677
456 455
450 452
425 425
762 761
446 445
546 545
597 596
598 597
466 466
584 584
490 489
575 575
583 583
582 583
508 507
361 361
334 336
544 544
587 588
391 391
390 390
420 421
614 613
395 396
514 514
688 688
563 563
506 506
471 470
488 488
485 484
446 446
705 704
407 406
527 526
495 495
586 586
548 548
712 712
623 622
580 579
629 629
463 464
378 378
367 366
493 492
584 585
511 510
419 419
331 331
524 523
427 426
890 890
643 642
373 372
656 655
445 446
504 504
530 529
622 621
389 388
496 496
453 452
459 460
549 549
530 529
429 428
519 520
502 502
565 565
463 463
415 414
353 354
370 369
584 584
793 794
500 500
556 555
496 496
499 500
540 541
489 489
401 401
375 375
359 358
453 453
449 449
606 606
373 374
662 661
345 345
494 496
684 685
469 470
467 467
465 464
651 651
603 604
602 602
478 478
571 570
671 672
547 548
440 440
399 400
383 383
552 551
583 585
343 344
559 558
476 476
467 467
468 467
313 313
568 568
535 536
476 475
449 449
402 401
529 529
442 443
548 547
572 572
488 488
442 441
665 665
603 604
371 374
516 516
355 356
539 538
610 610
355 355
434 433
690 689
501 501
559 560
639 640
524 523
467 467
676 676
494 495
622 622
415 415
376 376
400 400
531 532
369 369
511 511
498 498
417 417
296 296
556 556
485 484
412 412
553 552
471 472
395 395
343 343
393 393
652 653
425 426
527 529
662 661
585 584
537 537
593 592
440 439
413 412
416 417
534 535
220 220
385 384
589 588
535 534
526 525
687 687
607 606
451 451
423 422
697 697
517 517
686 687
566 565
504 503
387 386
564 563
578 577
452 452
564 564
551 550
601 601
640 639
658 657
443 443
586 585
555 555
447 446
543 542
587 588
666 667
618 618
484 483
466 466
356 355
518 518
574 573
591 590
469 470
289 291
429 428
219 218
365 368
507 506
477 478
297 296
442 444
620 619
540 539
443 443
501 501
576 577
701 700
604 606
644 648
564 563
540 539
680 680
567 568
610 612
428 427
633 633
525 525
487 487
444 444
477 477
581 581
541 540
681 681
453 453
502 502
475 475
507 507
531 532
485 486
647 647
519 519
590 590
482 481
411 411
401 400
549 549
549 549
551 552
488 488
417 416
390 394
511 510
603 605
417 416
467 467
622 624
417 416
526 525
340 340
431 432
542 542
365 365
453 452
554 553
539 539
476 475
467 467
579 578
534 534
532 531
415 415
641 641
653 656
322 322
542 541
485 485
495 495
561 560
554 555
335 335
469 469
527 527
560 559
518 518
570 569
569 569
590 589
555 556
375 375
612 611
517 517
582 581
551 553
431 430
559 562
359 358
490 490
537 538
537 538
313 313
442 441
338 337
651 653
382 383
483 482
723 724
411 411
617 617
424 423
534 535
370 369
360 360
519 520
807 806
395 395
349 351
274 273
422 422
474 475
543 543
424 423
589 589
459 458
579 581
446 446
194 193
432 432
565 564
553 553
525 525
491 491
461 462
428 428
496 495
617 616
540 540
326 325
214 215
353 353
823 826
555 557
511 511
584 584
503 504
408 411
388 387
275 274
499 502
415 414
521 520
584 583
731 732
547 548
535 535
457 456
575 575
587 590
498 497
566 567
394 394
474 478
712 711
605 605
401 400
527 527
519 519
695 695
654 653
607 611
450 449
639 640
719 719
520 521
353 356
602 603
623 622
613 613
588 591
541 541
598 598
452 452
323 324
507 507
420 419
654 654
593 596
476 475
535 534
607 607
419 420
343 343
419 419
444 444
537 537
393 394
729 733
443 444
416 415
379 379
588 587
533 534
509 510
458 460
616 615
577 576
534 535
400 401
546 546
411 412
410 409
416 417
599 600
504 504
622 622
439 438
443 445
525 524
314 315
594 594
595 596
353 353
608 608
448 448
527 528
586 585
629 629
560 560
399 398
291 291
595 594
428 427
414 413
559 559
551 551
537 537
427 428
608 609
544 543
584 583
479 479
277 277
456 460
539 538
422 422
369 369
501 501
445 445
535 535
601 601
563 563
580 581
474 474
593 592
297 296
552 552
587 588
531 530
515 520
521 520
480 480
528 527
701 702
494 493
341 342
553 553
558 558
465 465
419 419
389 389
688 691
571 573
574 573
716 716
474 476
349 356
458 459
486 487
413 412
336 336
440 440
602 602
427 428
445 445
436 438
481 480
427 429
484 483
477 477
511 511
447 446
510 510
554 553
562 562
531 532
558 558
368 373
358 359
549 549
472 473
433 436
591 592
385 385
610 611
394 395
655 654
622 622
557 556
500 500
427 427
584 584
585 585
560 559
750 751
690 690
401 401
270 269
447 448
553 555
368 368
375 374
481 480
548 548
518 518
411 411
369 368
505 504
580 580
560 560
612 614
376 375
664 663
705 705
434 435
588 589
476 475
522 521
542 542
673 672
540 539
435 435
505 506
552 552
445 446
430 432
604 604
506 506
585 584
476 475
611 610
509 508
424 424
316 316
515 515
541 543
482 483
473 474
500 501
470 469
450 449
577 578
478 478
341 341
514 514
536 535
438 438
203 203
600 600
362 362
679 679
448 447
447 447
569 569
561 561
421 422
568 567
516 515
531 531
656 657
608 609
292 293
549 548
369 370
508 508
460 460
500 503
412 412
401 400
527 526
489 489
447 447
482 484
390 390
459 458
440 439
568 568
505 504
592 594
437 438
314 313
579 580
620 620
470 469
378 378
597 598
524 525
498 497
686 686
246 246
588 587
422 422
350 350
554 554
650 649
613 614
529 529
409 409
586 586
502 502
389 390
568 567
507 509
523 523
564 563
456 457
409 411
562 562
523 522
591 592
505 505
421 423
376 375
275 274
490 489
391 390
659 660
663 664
339 338
502 501
478 478
445 444
546 545
503 502
540 540
609 610
424 423
601 600
600 602
591 594
387 386
543 542
464 464
399 398
608 608
493 495
316 315
626 626
229 229
710 711
378 377
532 532
401 401
326 327
639 639
620 620
313 312
442 441
414 414
643 645
608 607
471 470
563 563
642 641
495 495
511 511
622 621
629 628
402 403
384 385
538 538
529 530
357 359
431 431
460 459
407 406
340 339
436 435
450 450
475 478
406 407
456 457
560 559
524 525
562 564
529 531
481 481
404 404
489 489
589 589
290 290
560 560
579 578
572 571
598 602
619 619
357 358
488 488
483 482
571 571
461 461
540 539
307 311
402 403
443 443
579 580
525 526
525 524
527 528
632 631
531 531
440 440
515 515
588 588
597 596
623 623
678 679
548 547
674 675
456 455
697 696
453 453
495 498
373 373
327 329
487 487
462 461
380 379
495 495
380 380
549 548
465 465
522 521
499 499
571 571
588 587
509 509
491 490
499 498
324 323
503 503
521 520
554 553
478 481
539 542
458 457
504 503
422 422
368 367
395 394
260 261
375 374
430 430
661 661
697 696
436 437
453 454
547 547
495 495
545 544
443 445
633 632
575 575
518 517
387 388
386 386
292 293
625 625
520 519
413 412
528 527
566 567
539 541
378 378
261 261
313 312
710 709
448 449
564 564
616 616
437 437
562 564
545 545
393 394
552 551
392 392
542 542
617 618
500 500
500 499
728 728
444 445
394 395
585 588
267 267
474 475
564 563
610 610
535 534
556 555
636 638
617 616
422 422
414 414
504 503
550 549
496 497
439 439
719 720
370 369
417 418
684 683
620 620
480 479
564 563
509 508
637 638
639 638
402 402
245 246
260 259
469 468
632 634
560 559
553 553
674 673
431 433
684 686
344 345
582 587
592 592
492 492
356 357
467 467
311 310
388 388
457 457
530 529
429 430
433 432
477 479
465 464
721 720
626 625
596 604
403 402
472 472
381 380
647 649
469 468
464 463
483 484
442 443
638 637
547 548
381 381
549 549
509 508
533 532
342 343
463 462
487 486
491 490
476 476
504 504
517 517
316 316
482 483
458 458
584 584
521 520
481 481
519 521
389 389
602 601
616 617
477 482
520 519
508 508
501 501
416 417
424 425
524 523
189 189
574 573
385 386
541 540
564 565
625 626
677 677
590 589
531 530
460 459
617 618
467 468
534 533
445 448
716 716
499 498
499 498
710 710
416 416
415 415
316 315
317 317
622 622
469 471
523 522
538 538
439 438
382 381
361 362
616 617
459 460
503 503
629 629
564 564
477 477
584 585
561 561
617 620
469 468
671 670
374 373
703 702
499 499
492 491
341 340
385 384
504 503
439 439
460 460
458 462
341 341
474 475
380 380
584 584
542 541
550 549
439 438
439 441
541 541
549 550
459 461
371 372
527 529
607 607
383 385
359 358
664 663
272 273
555 555
539 539
534 534
442 441
493 496
406 405
645 644
592 594
441 440
535 536
584 584
440 439
527 527
522 521
433 432
461 460
703 702
519 519
404 404
443 444
357 356
615 614
467 466
651 650
387 387
413 413
465 465
370 372
368 369
488 487
598 599
390 389
498 498
401 400
324 324
491 490
444 443
870 870
575 575
590 590
570 569
628 627
443 442
443 442
584 584
478 478
599 599
570 569
702 702
562 564
512 511
580 580
486 488
381 381
671 671
469 468
478 477
422 421
616 617
610 612
469 468
370 370
469 470
555 557
460 459
656 655
512 511
492 491
643 642
525 525
505 506
442 444
504 504
534 534
506 506
455 455
558 558
509 509
595 595
530 530
456 455
397 397
325 325
423 425
501 500
543 543
438 437
424 423
592 592
529 528
603 604
519 518
409 409
464 465
485 485
355 354
679 681
645 646
543 543
444 443
460 459
417 418
795 795
594 595
457 456
610 610
474 474
534 534
609 610
244 244
567 570
355 355
662 663
305 306
589 589
579 578
459 460
588 588
452 452
367 366
481 480
664 663
567 566
549 551
586 587
613 612
385 385
458 457
616 615
632 635
471 470
397 397
636 636
479 481
483 483
450 451
398 399
462 462
515 515
477 477
591 593
587 586
480 480
482 481
446 447
420 421
416 417
406 405
413 413
657 656
330 331
738 737
397 399
540 539
581 580
416 415
451 450
377 377
438 438
531 530
602 602
700 700
353 354
509 511
584 585
429 429
471 471
482 481
290 289
653 652
474 473
555 556
408 408
486 488
543 543
340 341
412 413
554 556
603 602
344 343
582 582
399 398
460 460
482 481
654 654
305 305
546 546
679 680
381 381
690 690
575 576
536 535
389 389
570 569
497 496
423 422
483 482
467 467
763 762
482 481
529 528
492 493
447 446
518 518
533 532
681 681
535 536
613 614
615 615
619 621
480 480
563 562
284 283
589 589
465 465
352 351
621 620
298 298
374 375
641 642
499 498
545 544
463 466
657 657
430 430
535 537
395 394
594 593
406 405
516 515
313 313
685 685
607 607
489 488
551 550
503 502
619 621
329 328
472 475
592 591
496 496
450 451
471 470
435 434
434 433
328 327
501 501
565 565
346 345
573 574
614 614
582 582
574 575
321 320
397 396
403 403
585 586
512 513
517 516
551 551
517 516
648 648
591 590
498 501
447 446
669 672
527 526
535 534
595 595
363 362
227 231
469 470
391 390
439 438
451 451
651 653
464 463
325 325
585 587
597 597
448 447
496 496
551 550
589 588
464 463
474 474
539 539
284 285
452 453
668 668
507 506
500 500
227 226
530 531
366 366
479 482
449 449
549 549
550 550
482 482
523 522
544 543
510 510
480 480
499 499
426 426
548 547
347 346
305 307
483 483
601 602
392 392
504 507
535 534
453 453
253 253
411 410
543 542
576 575
585 584
354 358
568 568
488 490
449 448
447 446
521 520
441 441
595 595
468 468
506 505
508 509
612 612
432 431
506 505
455 454
619 619
650 651
503 503
710 713
583 586
393 395
493 494
434 434
437 436
470 471
663 663
425 424
575 574
495 495
577 576
391 390
551 550
463 463
554 554
550 549
493 494
427 428
549 549
486 485
566 565
406 406
432 431
534 533
573 573
368 367
714 713
347 348
580 580
546 545
579 578
430 429
316 316
421 422
569 568
552 552
608 607
452 451
606 605
406 406
575 576
473 473
362 362
319 319
447 448
369 370
388 388
618 618
543 542
365 365
394 393
558 557
365 364
306 307
442 441
651 650
478 480
499 499
461 461
490 489
619 620
588 592
454 454
501 500
398 398
449 452
479 482
512 513
437 437
462 462
547 548
630 630
400 400
548 549
645 645
265 265
427 427
474 474
563 563
641 641
671 671
435 438
604 604
483 483
355 355
443 443
404 403
546 545
591 591
664 663
562 561
602 601
629 628
458 457
635 634
509 509
435 436
361 361
644 643
381 382
445 445
570 570
564 564
441 441
538 538
732 733
548 547
431 431
456 457
591 591
606 606
447 450
465 464
581 582
523 522
411 411
533 533
322 323
421 420
487 486
459 460
663 662
374 373
674 676
650 653
246 245
548 547
598 600
484 484
427 427
448 449
555 556
457 457
510 510
649 649
532 533
635 635
271 271
581 581
483 482
549 551
513 512
494 493
511 510
531 530
299 300
670 669
498 498
541 544
506 506
670 669
427 428
492 491
532 533
322 324
485 485
458 457
611 611
493 496
591 590
616 616
542 542
555 555
294 293
519 518
505 505
480 480
448 447
337 337
478 478
389 389
405 405
328 328
468 470
514 516
444 443
528 528
434 433
433 433
431 433
568 567
638 638
469 468
760 759
565 566
655 654
367 368
594 596
537 538
435 435
436 436
592 592
529 529
475 475
438 439
345 345
487 487
686 686
642 642
497 497
375 376
629 629
394 393
649 648
324 324
538 539
415 416
463 462
551 551
485 484
585 585
623 622
359 363
306 306
436 435
530 530
481 480
515 516
435 435
525 525
610 611
457 456
572 572
549 548
685 685
207 208
553 554
476 477
593 596
585 585
630 630
554 553
462 462
441 441
361 362
461 461
351 353
582 582
559 559
384 383
414 413
590 589
613 613
385 386
488 487
577 577
597 598
690 690
529 528
462 462
554 555
489 489
582 582
458 458
476 475
386 385
507 506
612 612
625 624
522 522
382 383
526 527
596 597
261 261
433 432
430 429
506 506
462 462
380 380
468 470
434 434
308 308
482 482
400 400
567 567
351 350
508 508
452 452
407 406
352 352
601 601
398 397
468 470
654 654
343 343
578 577
417 416
403 402
489 489
308 309
517 519
385 384
663 663
614 613
477 476
449 448
570 570
485 484
651 651
561 562
414 413
563 563
539 539
514 513
555 556
345 347
357 356
462 462
327 327
614 614
561 560
615 615
375 375
246 245
710 712
400 400
486 485
357 357
580 580
645 645
540 540
477 477
333 333
673 672
579 579
510 509
571 570
315 314
529 528
284 283
700 702
251 250
588 588
429 429
503 505
473 473
542 543
482 481
513 513
509 508
669 668
383 384
514 514
475 477
552 554
490 489
597 597
366 366
592 594
433 433
591 590
309 308
562 561
445 444
373 375
774 776
552 552
416 415
493 493
448 449
487 488
551 550
451 453
493 494
489 489
466 467
413 412
621 622
469 469
562 561
526 525
371 371
549 548
554 553
427 426
554 554
696 695
565 564
545 544
566 566
644 644
382 381
422 421
446 445
443 442
722 723
585 584
546 545
640 640
535 535
366 365
672 673
454 455
560 559
434 434
454 453
337 338
414 414
307 307
459 459
610 610
348 348
494 495
552 551
630 629
540 539
479 479
625 624
385 384
689 688
575 574
487 487
480 479
635 635
501 500
478 477
368 367
486 487
404 403
403 402
460 460
395 395
534 533
493 494
456 456
324 324
398 398
434 433
281 281
462 463
454 454
504 503
588 587
472 471
419 420
542 542
648 647
574 577
491 491
461 460
567 567
446 446
567 568
580 581
449 449
489 489
504 503
349 349
563 564
613 613
486 487
309 308
460 460
487 486
542 543
448 447
700 700
213 212
313 313
430 430
587 586
574 573
321 322
540 540
391 391
475 474
703 703
392 392
404 403
564 564
538 538
607 606
550 550
505 504
554 555
567 567
684 683
595 595
508 509
429 429
486 487
401 400
440 441
371 370
465 464
671 671
669 669
523 523
345 346
475 475
475 475
453 453
357 356
549 548
469 470
271 272
434 436
483 482
652 651
361 363
286 286
644 644
489 490
393 393
552 551
511 511
517 516
590 589
523 522
465 464
473 472
460 460
689 689
331 330
540 540
606 607
548 551
280 280
382 383
410 409
361 361
527 526
431 432
531 530
333 332
358 357
322 321
436 435
535 535
599 598
691 690
451 451
629 629
432 431
540 539
557 556
499 499
431 433
403 405
764 765
439 438
724 724
425 426
538 537
428 428
527 526
624 624
497 497
518 517
357 357
473 473
390 390
457 456
768 768
511 512
348 348
543 543
531 531
541 542
494 494
663 663
682 681
483 483
551 552
471 471
535 537
683 683
452 452
337 336
572 573
447 447
587 587
473 474
626 626
337 338
522 522
534 533
512 511
540 543
597 597
477 476
493 492
459 459
410 411
585 587
469 471
567 566
559 560
488 487
683 682
426 427
786 785
305 307
646 645
604 603
519 520
418 417
535 535
677 677
409 408
387 386
423 422
355 354
578 577
503 503
599 598
509 510
430 429
508 509
490 490
584 586
491 490
445 444
379 378
472 472
464 466
508 507
609 608
634 636
374 374
745 745
538 539
359 358
587 586
487 486
578 577
544 543
514 516
584 584
531 531
555 557
343 342
417 418
539 538
628 627
509 508
554 553
660 660
371 370
479 481
537 538
420 420
519 518
476 476
326 325
499 499
540 540
583 582
453 453
520 520
493 494
418 419
495 495
434 435
400 399
441 441
540 540
476 476
473 473
194 194
534 534
523 522
540 540
561 560
444 444
375 374
470 472
541 540
318 320
400 399
366 368
469 469
548 548
599 598
563 563
511 511
412 413
488 487
569 569
493 492
472 472
515 515
559 561
469 468
642 641
442 441
721 720
537 536
438 439
465 465
486 487
641 641
626 625
600 600
433 436
592 592
618 617
425 424
499 499
332 331
606 607
491 494
739 738
590 591
607 608
393 392
215 215
599 600
547 549
590 589
572 571
443 443
485 485
468 468
465 464
389 389
374 374
451 452
354 355
608 609
540 539
539 540
629 629
634 634
572 573
417 416
443 445
483 483
462 461
408 407
404 405
626 625
433 432
594 594
603 603
500 500
491 491
594 594
655 654
391 393
444 444
415 414
609 608
392 392
365 367
327 327
631 632
447 448
524 524
671 670
320 320
512 511
502 501
531 533
453 452
570 569
550 549
343 342
620 620
715 714
581 580
637 636
637 636
518 517
691 691
554 555
560 561
671 671
484 484
409 409
511 511
550 549
398 398
564 563
600 600
464 463
549 548
421 421
691 692
457 456
484 485
605 606
486 487
417 417
525 524
559 561
609 610
446 446
561 561
687 686
624 625
443 442
605 604
528 527
532 534
598 599
570 570
544 544
552 551
465 464
447 448
430 429
566 566
463 463
579 579
559 560
450 449
526 525
385 385
346 348
342 341
618 617
591 591
392 392
405 404
472 471
518 519
531 530
460 460
607 607
499 499
561 561
519 518
591 591
340 341
574 574
573 573
577 577
454 454
597 597
538 538
438 438
475 475
399 398
563 563
422 422
478 478
456 458
530 529
684 685
481 480
510 515
449 449
649 650
519 519
441 442
613 613
466 467
469 469
527 529
398 398
486 486
519 518
384 385
633 633
530 530
553 553
456 456
439 438
343 345
572 572
455 455
426 426
678 678
624 624
651 650
646 646
741 742
524 525
454 454
524 524
573 573
589 589
453 452
599 598
438 438
650 650
322 321
629 628
481 481
491 491
396 398
410 409
435 434
738 737
464 466
557 556
576 579
555 556
648 648
327 328
590 589
544 546
621 621
345 344
440 442
596 596
551 551
590 590
577 577
495 496
575 574
498 497
342 342
432 432
552 552
581 580
582 581
355 357
554 553
632 633
297 298
433 432
478 477
483 483
415 415
588 588
446 446
544 545
363 363
497 497
386 385
588 588
492 492
493 492
581 580
479 478
381 382
484 483
460 459
556 555
281 284
339 338
540 547
608 608
402 402
540 540
469 469
434 433
641 642
589 588
349 349
533 532
369 369
718 718
361 361
443 442
515 516
383 383
505 504
556 555
401 402
419 418
508 507
566 566
464 465
523 522
523 522
292 291
405 406
390 390
310 312
406 406
497 497
497 497
429 428
623 623
482 483
593 594
270 269
537 536
607 606
664 664
364 363
531 531
503 502
488 487
375 377
252 251
414 414
587 586
467 468
595 595
530 529
549 550
358 357
391 390
651 651
499 499
498 499
484 483
491 490
692 692
232 231
666 667
451 450
530 530
538 538
469 469
624 624
585 585
657 657
371 371
702 702
355 356
338 338
546 545
588 589
528 527
475 474
386 385
643 643
665 665
455 456
615 614
310 310
565 564
501 502
529 529
359 359
626 625
356 355
592 592
570 573
501 500
454 453
384 385
560 560
529 528
603 603
549 548
362 361
536 536
484 484
538 537
459 460
633 634
466 466
440 440
489 491
539 538
711 710
438 438
428 429
531 531
484 483
213 213
483 486
477 477
445 447
355 355
535 534
372 372
648 652
455 454
689 690
451 450
481 480
586 586
466 465
569 568
505 505
525 524
547 548
493 493
568 567
417 417
354 355
687 687
382 381
525 524
620 620
585 587
540 542
551 550
551 550
415 416
558 559
476 475
526 527
546 545
379 378
523 523
412 412
563 563
415 414
646 646
618 619
697 696
632 633
512 512
599 598
401 400
535 534
578 578
442 443
453 452
573 573
505 505
595 595
704 706
446 445
521 520
593 593
401 400
314 313
528 527
693 692
507 507
599 602
420 420
518 518
468 468
492 491
397 398
590 590
604 604
381 380
566 565
506 505
455 454
475 474
617 617
553 554
615 614
637 636
380 380
499 499
664 664
609 609
548 548
571 571
518 517
530 529
497 496
576 576
362 363
439 439
309 308
640 640
506 505
589 590
501 501
530 530
555 555
442 442
533 535
343 342
292 293
523 524
503 503
494 495
577 577
444 445
358 357
450 452
563 562
378 379
318 318
280 279
378 379
501 501
549 548
509 511
564 564
447 447
574 575
513 517
456 456
484 484
430 430
366 366
627 626
264 265
564 565
575 575
624 623
322 322
462 462
437 437
351 352
386 385
570 569
399 403
385 387
482 482
571 570
269 269
562 562
383 382
614 617
416 416
543 543
427 426
384 383
465 464
521 521
634 633
555 555
388 390
638 637
574 573
342 341
772 772
642 647
210 210
513 513
561 561
398 399
562 561
229 233
508 509
268 268
499 498
454 454
638 638
359 359
338 337
655 656
492 492
486 488
565 565
411 412
241 240
399 399
508 507
254 254
418 417
609 609
429 429
431 430
446 448
349 349
546 545
389 388
495 494
440 440
463 464
448 448
707 707
615 614
444 445
481 483
357 356
428 427
612 612
498 498
451 451
592 591
494 500
551 552
145 144
498 498
559 559
592 591
667 667
533 532
361 363
583 583
781 781
417 416
541 541
510 511
573 573
675 674
349 348
503 502
327 328
420 420
355 355
662 662
670 670
416 417
347 348
361 361
424 423
520 520
436 435
545 545
395 395
734 733
468 469
464 464
644 644
683 682
587 587
488 488
621 620
657 656
519 520
508 509
581 581
558 558
664 664
473 473
417 420
555 555
516 516
688 687
694 694
531 530
558 559
233 233
625 625
596 596
616 616
497 496
430 429
536 535
370 369
617 617
583 582
554 554
210 210
545 546
416 416
584 585
536 535
376 375
580 580
535 535
515 514
532 532
480 480
466 466
629 629
429 428
383 383
680 682
389 392
624 623
559 558
691 691
676 675
539 538
454 453
475 474
510 510
527 529
377 377
488 488
536 537
671 671
520 519
618 618
526 526
464 464
540 540
498 497
629 629
443 443
480 481
448 448
539 539
439 438
598 598
302 301
284 283
503 503
625 624
535 538
646 646
563 563
524 526
549 549
360 361
328 327
526 526
544 543
416 415
518 517
504 504
534 535
348 347
500 499
462 461
568 568
521 520
391 394
352 352
395 396
624 625
371 370
389 388
470 469
284 284
577 577
638 638
505 506
386 387
640 642
341 341
325 326
402 402
403 404
567 567
356 355
468 467
458 457
435 434
561 561
403 402
534 535
599 601
272 272
505 506
539 538
623 622
614 614
540 539
386 385
537 538
360 360
578 578
413 413
418 417
318 318
434 433
693 693
568 567
352 352
507 508
497 497
457 456
404 403
586 585
659 659
314 313
562 562
368 368
348 349
512 512
555 555
392 391
506 505
645 644
470 469
470 469
507 508
460 460
529 528
549 550
576 578
601 600
427 427
399 398
406 406
621 623
518 517
392 392
506 507
463 462
297 296
583 583
630 630
558 558
406 407
298 297
628 628
590 589
562 561
568 568
399 399
396 395
603 603
667 668
608 609
572 572
556 556
515 514
625 624
483 482
429 429
477 476
565 564
570 570
522 521
523 523
490 489
441 444
548 550
497 497
342 344
451 452
531 530
471 472
625 624
649 648
492 497
364 363
504 503
547 547
485 484
516 515
505 504
540 541
593 592
412 411
508 507
446 447
560 559
325 330
467 468
444 443
544 546
372 373
433 433
521 521
469 470
436 437
531 530
408 409
590 589
571 572
488 488
497 497
499 500
587 588
298 299
485 484
503 503
625 625
584 583
650 650
539 541
528 527
414 414
395 395
320 320
510 509
432 432
601 601
454 454
509 509
486 486
600 599
551 550
364 364
490 490
501 500
798 798
591 591
423 424
594 593
81 80
564 564
495 495
285 285
531 530
417 416
340 342
446 447
445 448
526 526
402 403
462 462
422 423
605 606
557 556
634 633
458 458
402 401
513 513
484 483
571 570
381 380
494 493
472 471
579 579
508 507
473 472
439 440
420 420
437 437
530 529
471 470
692 691
604 603
471 471
453 452
527 526
533 532
450 449
496 496
584 584
594 593
569 569
347 348
583 583
480 484
420 420
573 575
523 523
607 606
470 470
582 581
357 357
504 505
495 495
506 507
454 455
466 467
521 522
422 421
394 394
525 524
568 570
572 571
492 492
443 443
312 314
685 686
491 496
579 579
689 688
511 510
531 530
523 524
517 518
610 611
551 552
485 485
271 271
462 462
470 469
571 570
546 546
431 431
331 330
483 483
480 479
499 498
464 464
398 398
318 322
389 388
411 411
450 451
406 406
591 590
513 513
463 462
476 478
624 627
329 329
448 447
443 445
523 523
522 523
536 535
328 327
575 574
553 552
527 527
480 480
474 473
468 467
513 513
543 543
593 594
522 522
363 363
573 573
629 628
594 595
596 597
528 530
538 537
367 366
431 430
485 484
407 408
273 273
738 737
547 546
452 452
559 558
457 456
650 651
603 603
447 447
451 451
558 559
430 430
485 485
629 629
492 492
577 578
471 471
347 346
544 544
577 576
392 391
378 377
631 630
741 742
521 520
468 468
618 617
506 507
455 456
598 598
616 617
449 450
502 502
507 507
608 607
431 432
561 561
498 498
559 560
490 491
300 299
335 335
596 596
557 557
588 589
593 594
573 576
328 327
407 406
479 480
340 342
442 441
507 508
491 491
540 540
560 563
297 296
315 315
517 517
305 304
437 438
564 564
420 420
487 486
438 437
445 446
404 404
363 365
493 493
631 631
607 606
535 536
382 383
517 516
350 352
475 475
654 653
320 322
571 570
446 445
439 439
598 597
468 469
469 469
531 531
534 534
608 608
500 499
564 565
638 637
588 589
361 361
434 433
475 474
492 492
680 680
351 350
505 508
389 388
425 426
452 451
537 538
584 584
471 470
467 468
584 584
560 562
504 503
442 442
416 417
473 473
460 460
573 572
399 400
438 440
500 499
496 496
579 578
449 448
530 529
408 410
419 422
598 598
274 273
461 463
614 617
486 485
440 439
473 475
475 474
639 639
481 482
547 547
607 606
388 389
612 611
427 427
456 455
475 474
514 517
554 553
577 576
503 502
400 401
507 506
530 529
545 544
647 646
587 586
464 464
579 578
694 694
392 392
636 636
395 396
529 528
557 556
572 571
372 371
323 322
401 400
472 472
355 356
532 533
698 697
759 758
525 524
570 569
535 535
332 333
407 406
441 441
345 345
398 399
565 564
445 446
543 542
558 557
522 523
598 598
511 510
571 570
499 499
425 425
635 637
373 372
509 510
583 583
402 401
587 587
566 566
507 507
333 332
603 603
371 371
317 316
396 395
260 260
504 503
573 572
496 498
377 378
428 429
533 538
332 331
610 609
647 647
668 667
247 247
456 457
309 309
629 629
437 436
559 559
530 531
462 462
570 569
593 593
558 557
513 514
565 565
390 390
538 537
534 533
555 555
383 383
653 652
368 368
460 460
418 417
482 484
613 613
432 431
448 448
502 502
488 487
665 665
656 656
469 469
302 301
436 435
467 467
603 604
510 512
538 537
411 411
530 529
242 242
504 504
645 645
523 522
544 544
573 572
360 361
566 566
506 505
547 547
584 584
607 606
456 455
633 633
513 512
593 592
469 470
465 467
548 548
459 460
535 536
538 537
454 453
389 389
525 525
628 631
341 343
505 505
550 549
771 771
631 631
261 260
400 399
413 413
532 532
434 436
553 553
424 424
593 593
661 661
594 595
574 574
586 585
273 273
330 331
705 706
391 391
541 540
587 587
584 587
306 306
397 398
464 464
663 662
349 348
429 428
537 536
349 348
580 580
326 325
569 568
404 403
409 408
517 516
438 439
478 478
486 486
436 436
489 489
493 492
680 679
574 575
476 475
231 230
408 407
537 536
519 519
391 390
387 387
588 588
488 487
482 482
282 282
628 627
510 511
480 482
570 570
386 386
526 526
403 402
452 453
497 498
623 622
437 436
571 570
551 551
645 644
557 558
409 408
440 439
533 533
508 507
584 584
587 586
703 702
418 417
392 392
611 611
505 505
509 510
258 258
504 503
463 463
400 400
610 615
686 688
611 612
617 616
646 645
556 556
491 491
524 523
390 389
433 433
500 499
624 625
420 421
381 382
539 541
534 534
445 445
498 497
486 487
478 477
306 305
565 566
343 343
425 424
589 590
691 690
643 643
725 725
473 473
496 496
352 352
431 431
775 774
547 548
379 379
430 429
425 424
471 470
518 518
378 378
394 396
605 605
512 511
571 570
465 465
596 595
655 654
555 557
522 521
518 518
351 351
445 444
435 435
438 437
519 518
371 371
330 331
310 311
582 581
355 356
484 483
557 558
530 535
593 593
509 510
542 543
444 444
630 629
547 551
448 447
586 586
358 359
433 432
264 263
604 607
518 517
548 549
441 441
668 668
445 444
553 552
561 560
710 710
456 457
310 309
746 745
453 453
518 517
479 480
606 605
528 527
376 375
656 655
331 331
370 370
520 521
432 431
662 665
354 354
607 609
526 526
501 500
591 590
655 656
620 621
464 465
554 555
609 609
576 577
479 479
494 493
586 588
503 507
369 369
480 480
430 432
421 421
429 430
437 441
478 478
391 391
545 546
346 345
378 381
355 355
584 584
604 604
405 406
519 521
493 492
533 533
507 506
544 544
452 452
557 557
476 475
466 467
406 405
403 403
665 666
337 337
525 525
549 548
393 392
504 503
446 446
518 517
548 547
385 386
507 507
649 649
447 447
518 517
541 541
502 503
530 531
567 567
464 463
601 600
462 462
627 628
549 549
416 416
575 575
321 321
641 641
527 527
349 348
780 779
654 654
630 629
538 538
535 535
299 298
547 547
366 365
481 480
592 591
399 398
546 547
630 630
387 386
680 679
472 472
689 689
473 474
373 375
597 597
554 553
552 552
474 476
433 433
543 543
516 516
501 501
569 568
544 545
574 573
324 326
355 357
472 471
639 639
461 460
602 603
561 560
449 449
404 403
599 599
425 425
534 534
635 634
426 426
576 576
666 666
488 487
365 364
509 511
480 480
503 503
607 606
543 542
448 447
523 522
586 585
498 497
500 500
594 596
311 311
533 533
456 456
521 521
464 464
436 435
343 342
792 792
585 585
770 771
420 420
656 656
600 601
438 438
455 454
279 279
429 429
577 576
525 525
417 416
606 606
546 545
684 683
657 657
425 424
411 410
519 518
689 688
636 635
633 634
490 491
386 387
485 486
544 545
468 470
505 504
482 481
333 335
541 542
573 574
557 556
523 526
537 537
386 386
474 474
540 541
392 392
433 434
369 369
521 521
478 478
451 450
521 520
368 368
470 470
633 634
515 514
571 572
391 390
605 604
464 465
381 380
360 359
477 477
571 570
326 326
487 487
521 521
439 441
512 512
507 506
571 572
577 577
392 391
513 513
452 452
411 412
398 397
480 480
527 528
381 381
534 533
489 488
694 694
573 573
637 639
530 529
443 443
391 390
551 551
507 507
476 475
331 333
460 461
535 535
562 562
459 458
522 522
515 515
612 612
625 624
544 543
293 293
364 363
457 456
516 516
555 554
556 556
448 449
635 637
463 463
466 465
442 442
470 471
649 648
265 265
565 565
388 388
506 506
466 465
473 473
492 492
499 498
500 499
581 587
427 429
523 522
458 457
419 418
734 733
260 260
523 523
516 515
600 599
510 513
681 680
641 641
527 527
461 460
607 607
482 481
581 581
471 472
520 520
466 467
558 558
540 540
661 661
514 513
465 464
567 567
421 421
489 488
441 442
563 562
259 260
456 456
363 362
377 377
677 676
511 512
489 489
519 518
502 501
487 486
689 690
600 601
514 513
622 621
441 442
472 475
417 418
399 401
567 567
625 626
493 495
496 495
579 579
467 466
339 338
548 547
419 418
502 502
336 335
518 517
375 375
385 386
542 542
288 287
659 659
594 594
541 541
679 681
551 551
550 550
409 409
454 454
502 504
456 455
580 579
728 727
582 581
580 580
414 417
525 526
583 582
356 355
413 413
508 508
412 411
557 556
398 398
397 397
637 636
517 517
306 305
603 603
357 357
622 621
449 450
575 574
629 629
564 564
492 492
500 500
493 495
434 435
564 564
549 548
556 555
540 539
370 369
508 508
344 344
375 375
572 571
620 621
498 500
355 354
492 492
582 581
476 476
543 547
450 450
453 452
562 562
752 752
573 572
636 636
353 353
482 482
672 671
546 545
525 524
566 566
354 354
524 524
299 300
577 576
583 582
559 559
651 650
484 484
489 488
532 532
306 306
620 620
590 589
549 549
430 430
400 401
393 393
538 539
633 634
564 565
512 511
452 452
534 533
442 442
421 421
341 341
574 573
630 629
407 406
306 307
481 480
608 607
463 463
386 385
643 643
518 517
433 432
560 560
435 435
750 749
293 294
508 507
437 436
381 381
263 262
435 434
480 479
731 730
217 217
547 548
563 562
307 306
567 566
572 571
464 464
391 392
487 489
580 583
401 400
372 372
429 430
360 360
425 427
495 496
358 360
361 360
554 553
515 515
628 628
469 469
350 350
338 339
538 539
478 478
534 535
673 674
441 441
513 512
425 425
483 485
520 520
603 602
598 598
514 514
485 485
560 559
495 494
425 425
456 456
512 511
448 447
635 634
553 552
499 498
502 502
428 428
311 311
557 557
494 494
654 654
400 399
521 520
593 592
379 378
807 806
549 548
578 578
492 491
453 455
546 546
358 357
425 424
667 667
420 420
378 377
732 733
490 490
413 414
495 497
731 731
399 398
565 565
539 539
319 319
255 255
495 494
534 534
415 415
585 585
552 552
390 390
470 470
377 378
314 313
395 394
403 403
664 664
375 376
447 447
595 596
435 435
289 289
570 572
376 375
598 598
425 424
616 615
540 540
419 418
612 613
445 444
548 547
654 654
528 529
484 484
421 421
506 508
527 527
642 641
499 498
396 395
450 450
386 385
285 284
504 504
553 554
551 551
471 472
646 645
536 536
564 563
543 543
386 385
587 588
488 488
602 606
488 488
442 443
476 480
349 349
395 394
439 438
576 575
504 505
464 463
369 370
686 687
513 514
561 562
430 429
329 329
526 525
581 582
482 481
557 558
573 572
595 596
383 382
404 403
388 387
500 499
487 486
483 482
589 589
592 591
451 450
512 511
498 497
453 452
489 488
398 398
546 546
370 369
488 488
521 520
541 541
391 392
508 507
480 482
539 541
453 453
319 319
622 622
471 471
398 398
519 521
372 373
550 550
550 550
402 401
497 497
473 473
481 481
444 444
553 555
448 447
513 513
307 306
789 788
485 484
271 270
632 631
585 584
530 529
316 317
446 445
507 506
633 632
605 607
435 434
491 490
500 500
715 716
343 345
392 392
556 555
190 189
637 637
380 380
441 442
420 420
341 341
277 277
532 534
442 441
432 431
356 356
504 503
590 590
629 629
494 493
542 541
583 582
557 558
533 532
444 445
562 561
403 406
418 417
675 675
469 468
558 559
599 600
554 554
442 441
569 569
496 496
249 249
681 681
559 559
562 562
574 575
397 398
817 816
674 673
458 458
562 561
674 674
444 444
381 380
516 517
439 438
533 533
631 631
438 439
613 613
502 501
397 396
471 471
688 690
554 554
453 452
478 477
509 509
565 564
540 541
568 568
672 672
539 540
521 520
537 539
638 637
434 433
546 548
509 509
489 490
450 450
314 313
478 478
412 414
601 600
544 543
317 318
514 514
530 529
571 570
363 362
721 721
482 481
487 487
500 499
258 257
460 459
608 609
506 507
396 396
611 610
538 539
403 402
440 442
427 428
439 439
391 391
618 618
555 555
633 632
604 606
597 596
333 334
418 417
479 478
537 536
410 409
474 473
468 467
413 412
577 577
385 384
451 450
521 522
540 540
569 568
335 336
415 416
563 564
519 520
400 400
589 588
672 674
544 543
434 434
439 439
378 377
587 586
335 335
511 510
529 528
478 479
535 536
559 559
365 364
508 507
624 623
496 495
535 535
497 496
611 611
497 496
523 522
229 229
548 550
659 659
664 664
430 431
482 482
546 547
487 488
318 318
508 511
527 526
341 341
498 498
528 528
560 560
400 399
385 385
422 423
407 406
579 579
573 573
609 609
457 457
377 382
442 441
495 494
671 671
568 567
554 553
484 483
514 515
504 505
497 497
456 455
597 599
704 704
594 593
564 564
458 458
503 502
480 482
378 377
455 454
410 410
650 652
864 864
519 518
493 492
598 598
589 591
503 502
483 483
646 645
475 477
456 456
382 386
184 183
629 630
574 573
443 442
530 534
545 547
475 475
486 485
374 374
654 653
557 559
460 459
433 432
358 359
337 336
541 542
405 405
635 639
431 430
452 453
436 435
461 461
462 461
594 593
612 611
597 597
647 648
678 679
378 377
487 487
577 576
457 457
488 491
489 489
506 505
506 506
596 596
456 456
542 542
528 528
656 656
495 495
461 460
420 420
310 311
408 408
335 336
673 675
514 514
333 333
647 647
567 567
594 594
527 527
582 581
511 511
672 671
451 451
587 588
462 463
614 613
305 304
432 432
513 513
565 564
312 313
496 498
603 603
487 487
542 541
415 417
423 422
439 438
728 727
551 552
491 492
363 362
557 556
544 544
577 578
533 532
464 463
568 568
465 465
436 435
651 652
497 497
563 562
384 383
680 679
509 508
231 231
348 350
558 557
496 496
521 520
380 380
598 598
412 411
525 524
503 502
579 578
663 662
599 599
346 345
391 390
312 311
541 540
494 494
490 490
367 367
395 394
641 641
589 588
258 258
595 595
516 519
292 291
511 511
547 549
542 542
612 613
419 419
432 431
434 435
306 307
407 407
490 490
433 435
384 387
576 575
626 626
504 503
639 638
530 529
418 419
482 486
540 539
386 386
598 600
541 540
684 684
545 546
319 319
525 524
425 424
374 373
305 307
674 674
646 646
426 426
624 623
541 541
402 401
356 356
466 466
584 584
570 569
537 538
418 417
566 565
573 573
591 591
555 554
429 428
383 383
594 596
484 483
287 288
390 391
628 627
318 318
329 328
414 415
500 500
619 619
448 449
695 694
386 386
400 400
488 489
496 495
774 773
506 505
487 487
478 478
704 703
614 615
397 398
620 620
561 561
478 478
653 653
502 501
324 324
600 600
550 550
532 531
604 604
665 664
595 595
360 364
493 492
433 433
465 465
535 534
450 451
563 563
532 531
638 638
198 198
621 621
493 493
484 484
441 442
332 332
590 590
486 485
448 447
392 391
693 694
557 557
443 442
315 314
551 551
564 565
609 609
603 604
397 396
361 362
426 425
454 454
737 737
457 456
417 417
419 418
303 303
525 524
424 423
545 545
430 429
669 668
535 535
502 506
477 476
559 558
494 497
554 554
346 346
487 487
497 497
394 394
493 493
544 543
602 601
365 366
351 350
387 386
517 518
749 749
424 423
635 634
539 538
545 545
482 481
477 476
310 309
536 537
475 474
525 525
564 565
552 552
667 666
508 508
553 552
556 556
503 503
530 530
539 539
527 528
414 416
570 569
599 599
363 363
414 414
562 563
666 665
586 586
398 397
569 569
411 414
524 523
532 531
518 517
389 389
518 517
688 688
503 502
603 602
650 650
269 271
513 513
683 684
524 524
387 387
318 318
519 521
413 413
496 495
503 503
374 373
577 576
558 557
419 418
707 710
511 510
593 593
564 565
620 621
424 424
442 441
682 682
363 366
510 509
467 468
707 708
432 435
640 640
446 446
565 564
501 501
585 585
441 441
566 566
635 635
531 531
523 522
686 687
383 384
590 591
595 594
364 364
593 593
242 241
316 315
697 697
523 524
241 241
504 504
491 490
549 548
479 478
335 339
569 574
576 576
611 611
595 595
509 509
362 361
649 648
364 365
634 633
598 598
501 500
536 535
615 614
464 465
451 450
274 274
572 573
486 486
392 392
663 663
599 601
393 392
413 415
581 580
424 426
426 425
405 411
366 367
420 419
361 360
513 515
518 518
546 545
533 533
555 554
369 368
566 565
477 478
335 334
514 513
486 486
418 420
644 643
487 487
360 360
613 615
451 452
542 542
401 401
673 673
406 405
449 449
523 522
270 269
560 560
435 434
427 427
598 597
587 587
554 553
376 377
541 542
557 556
529 529
567 566
486 486
555 557
461 461
577 576
333 332
502 502
572 571
561 561
407 407
378 377
566 565
687 687
419 421
476 476
446 449
414 414
523 525
517 517
451 451
476 476
372 371
562 563
684 683
578 578
544 543
505 504
572 574
648 648
751 751
545 544
569 569
313 313
392 392
466 465
434 433
554 554
413 413
365 367
604 603
467 468
551 550
518 517
608 607
683 682
444 445
403 402
404 404
390 393
663 663
556 555
549 548
533 532
615 618
489 489
650 650
632 633
494 493
467 466
543 542
433 433
294 295
520 521
476 477
530 529
636 636
635 636
419 418
418 419
483 484
698 698
541 540
501 503
612 611
556 556
416 415
502 502
564 563
564 564
579 581
436 435
638 638
634 637
465 464
638 641
402 401
400 400
470 469
538 538
537 536
508 507
660 660
517 517
457 456
625 624
703 703
483 483
512 512
304 307
727 727
399 399
389 388
674 674
504 505
511 511
604 608
447 446
397 397
558 558
344 344
397 397
454 453
446 446
580 580
481 480
502 501
414 414
410 410
472 471
448 448
523 524
440 439
661 661
303 302
393 394
471 471
599 598
577 579
631 631
512 511
568 567
455 455
268 270
560 560
427 428
629 628
587 587
526 525
483 483
509 508
681 681
587 587
425 427
493 492
466 465
351 351
340 340
538 540
318 318
558 557
412 412
710 709
519 520
446 448
662 661
628 627
527 527
480 483
522 522
450 450
519 519
309 309
372 372
498 500
577 576
548 548
587 588
475 474
564 563
339 339
496 495
506 506
526 525
392 392
542 542
264 265
455 455
410 411
398 398
595 594
732 731
364 366
642 642
576 575
451 450
445 446
398 398
511 510
436 436
322 323
350 350
389 391
544 543
488 490
311 310
527 528
496 496
554 555
618 618
540 539
564 563
410 410
534 536
528 528
481 482
392 391
379 379
575 574
506 505
496 496
656 655
711 712
597 596
463 462
460 459
558 557
430 430
460 459
517 518
448 448
425 426
619 620
537 537
422 422
361 361
474 474
333 333
647 646
414 413
483 483
430 431
499 498
471 471
434 434
537 536
458 459
448 448
510 514
515 514
495 495
421 421
485 484
516 521
579 579
647 646
508 507
594 593
464 464
396 398
548 548
514 513
629 629
667 667
459 459
507 507
519 518
465 465
506 507
443 444
491 490
692 692
581 580
692 692
534 535
558 558
391 391
460 459
804 803
576 578
632 631
502 503
485 485
381 380
574 573
488 488
633 633
572 571
606 606
464 463
387 386
519 518
405 405
388 391
593 593
410 409
669 668
593 593
588 587
581 580
491 491
620 619
508 509
409 408
668 667
549 548
514 515
432 432
545 545
648 648
513 513
552 551
482 481
604 605
470 469
643 643
549 548
464 465
371 371
554 554
460 460
602 601
323 324
511 512
492 492
749 748
553 552
408 408
499 498
476 475
434 434
691 692
336 336
612 612
369 369
415 416
421 420
305 304
623 624
493 492
625 625
488 489
521 521
492 494
459 459
382 382
541 540
454 458
440 440
404 404
669 670
417 416
654 656
490 490
509 511
635 637
583 584
533 532
611 613
488 489
641 641
550 549
256 256
321 322
436 436
420 422
516 517
723 722
432 432
622 621
491 490
469 470
806 805
601 600
578 577
587 586
443 442
637 639
408 408
437 439
571 570
451 451
604 603
481 480
543 542
580 579
483 483
550 550
611 611
599 598
548 547
425 426
466 468
504 503
446 446
668 668
545 545
385 386
467 468
419 422
615 614
633 632
591 592
488 488
373 373
390 390
545 545
482 482
344 343
496 496
397 397
490 490
664 666
497 498
479 478
446 445
606 607
549 548
478 477
577 576
421 420
607 606
620 620
710 709
574 573
509 508
609 608
418 418
638 638
538 538
453 453
313 313
506 505
531 532
534 534
675 675
595 597
485 484
467 466
469 468
500 499
719 719
546 547
670 669
656 655
466 467
505 506
572 577
410 411
492 492
489 489
461 464
507 507
610 610
478 478
396 395
526 526
588 588
656 656
471 471
312 312
689 688
469 469
390 389
336 336
482 483
631 631
734 736
452 451
453 456
489 489
423 423
633 632
664 663
225 226
554 553
441 440
637 637
332 332
408 408
402 401
464 463
442 442
478 477
466 466
572 574
541 541
451 451
565 565
442 441
558 557
616 615
380 382
496 496
596 596
520 521
575 575
504 504
456 456
604 605
548 548
476 477
628 628
459 459
502 502
531 530
565 564
538 538
534 533
438 438
399 398
546 545
515 517
456 456
654 654
614 614
507 506
481 480
585 584
307 306
623 624
486 486
247 248
510 513
508 507
528 528
579 578
671 670
626 626
564 566
378 378
525 525
534 535
541 540
484 484
735 736
517 518
547 547
584 584
397 396
648 647
564 564
444 444
463 462
451 452
450 450
487 490
540 540
530 531
546 545
584 585
457 456
528 531
565 566
491 492
322 321
517 516
552 552
549 549
612 612
506 505
381 382
510 509
504 503
594 597
434 433
521 522
591 592
554 554
507 506
541 540
575 575
532 532
447 447
605 605
475 474
347 349
502 501
385 384
398 397
567 568
567 566
391 390
433 432
403 403
595 594
353 355
548 549
632 631
708 707
410 410
424 424
548 548
446 446
509 508
546 546
442 441
449 449
541 540
526 525
610 609
507 509
604 603
417 417
638 637
629 631
530 529
623 623
511 510
407 407
382 382
445 446
568 569
556 556
519 519
447 448
506 506
470 469
341 342
671 673
472 472
455 455
413 413
463 462
466 468
503 502
574 575
588 588
654 655
534 537
361 360
466 466
549 548
428 427
568 568
468 467
428 429
440 441
476 477
439 439
403 402
533 532
450 451
636 642
619 619
565 565
814 813
646 646
492 491
409 408
463 462
511 511
353 354
742 742
608 611
487 487
455 455
549 548
522 521
622 621
490 490
392 391
350 350
573 572
552 552
722 722
473 473
537 536
517 517
630 631
575 575
496 496
624 623
681 681
457 458
490 489
550 551
495 494
577 577
620 620
491 493
528 528
419 420
481 480
368 368
487 488
632 633
468 468
495 496
618 621
514 514
656 655
426 426
522 525
446 446
518 518
741 740
519 521
454 454
451 451
504 504
487 486
715 715
622 621
545 547
520 520
456 459
529 529
596 598
596 596
583 583
303 302
331 331
576 575
635 635
571 571
552 552
723 722
398 398
509 508
557 557
554 553
569 569
809 808
579 579
551 550
654 654
333 333
570 571
611 610
413 415
557 556
533 532
666 665
518 517
409 409
628 628
536 536
401 401
427 427
463 462
529 528
457 457
495 494
431 430
253 252
436 435
606 606
614 613
345 344
422 423
626 628
531 532
469 469
458 457
193 192
691 692
581 582
480 479
661 660
584 586
352 352
562 561
553 554
467 467
608 607
519 519
411 410
504 504
423 422
639 638
457 457
609 608
454 453
509 509
503 505
538 538
688 689
482 481
538 541
479 478
541 540
576 578
612 613
674 675
481 480
572 571
340 339
546 545
596 595
516 516
516 516
506 506
555 556
444 443
150 150
705 707
639 640
510 510
473 475
576 575
505 504
547 547
373 373
565 565
447 448
547 547
593 592
449 449
435 435
731 732
578 578
726 725
436 436
402 402
328 331
590 589
500 499
393 393
860 862
544 544
520 520
423 422
568 569
326 326
517 516
488 490
431 431
662 662
337 337
575 575
369 368
500 501
400 400
431 431
517 516
319 319
446 445
419 423
584 584
628 629
481 481
507 507
525 527
500 499
575 575
712 712
446 446
507 508
452 453
663 663
512 511
529 528
306 306
366 365
380 381
620 623
401 401
577 577
380 379
680 680
433 432
371 370
308 308
440 440
512 514
514 513
553 553
477 476
359 359
603 604
536 535
377 377
506 506
482 482
609 611
592 592
403 402
442 442
366 365
270 272
604 604
278 278
561 561
406 409
385 384
642 642
560 560
470 469
548 551
309 308
706 705
599 599
509 508
501 501
676 675
569 571
555 555
288 287
417 419
527 528
431 431
320 319
496 496
554 553
369 369
640 640
578 577
600 599
607 606
523 524
645 644
442 444
503 502
318 318
297 296
568 568
426 430
545 546
399 398
528 527
303 303
493 492
573 572
655 654
300 300
597 597
454 454
556 556
477 476
608 608
705 706
469 469
475 474
468 467
474 473
311 310
603 604
707 707
535 534
419 420
472 471
580 580
507 507
514 513
434 433
457 457
281 283
499 498
594 594
479 478
562 565
425 425
432 432
501 501
562 561
420 422
604 604
487 486
576 576
470 470
584 584
316 317
426 426
444 445
503 503
519 518
402 403
536 536
538 538
390 389
584 583
514 513
655 655
567 567
595 595
543 543
750 751
446 446
489 492
491 490
542 541
693 694
401 400
494 496
610 611
491 491
398 397
395 394
528 527
520 519
392 392
612 612
469 468
663 664
531 532
524 523
532 533
557 556
471 477
479 478
570 569
568 571
404 404
445 445
567 566
694 693
310 311
523 522
548 547
609 614
586 586
610 609
431 432
405 405
557 559
463 463
345 345
513 512
644 643
414 414
646 646
465 466
547 546
495 494
572 572
566 566
401 400
395 394
329 328
448 450
449 449
274 275
372 372
412 411
413 412
618 619
544 545
540 540
434 433
451 451
471 470
683 683
398 397
507 507
397 397
432 432
433 433
435 435
360 359
643 642
496 496
453 453
546 546
555 554
445 446
545 545
617 617
621 621
367 369
445 445
433 433
411 410
420 419
356 356
526 526
487 486
496 496
708 710
563 563
514 515
610 609
601 604
609 608
361 361
539 538
319 320
365 364
424 423
397 397
462 461
452 452
423 423
383 385
516 516
528 528
456 456
452 454
583 582
555 554
326 330
655 655
478 478
537 536
581 580
522 521
381 383
507 508
332 331
534 533
371 372
513 514
342 342
454 458
684 684
504 506
626 625
541 541
477 476
411 413
361 361
321 321
555 557
505 504
522 523
469 469
412 411
408 408
494 493
399 400
356 355
558 557
502 502
385 384
504 503
668 667
654 654
471 470
662 661
633 632
478 478
557 556
513 517
543 547
466 466
647 647
307 306
431 431
460 459
645 644
656 655
537 540
444 446
615 614
620 621
563 562
461 461
557 557
467 467
420 420
437 438
648 649
619 619
298 297
359 360
645 647
541 541
618 618
489 488
646 645
389 395
390 390
671 670
462 461
357 356
604 604
512 511
587 590
516 515
539 539
677 678
334 333
587 588
566 565
571 571
534 534
382 381
542 541
424 423
526 526
464 464
596 595
430 430
573 572
612 612
477 478
504 503
480 479
302 301
334 333
305 305
397 396
448 447
616 616
325 325
354 353
468 467
559 559
554 553
501 501
341 340
399 399
389 390
427 427
506 512
363 362
436 438
313 314
413 413
641 641
521 521
524 524
446 445
454 453
541 540
459 462
459 459
361 360
521 521
442 442
437 437
671 671
434 434
603 602
509 509
540 541
625 624
584 584
517 517
491 491
624 624
578 579
525 524
344 344
611 611
541 540
659 659
520 519
629 629
524 525
469 471
476 475
417 416
451 453
567 567
294 296
378 377
565 564
443 443
384 384
371 371
426 425
469 469
495 494
636 637
531 531
458 458
591 592
595 595
471 471
497 497
341 341
622 621
578 578
442 446
251 253
382 382
582 581
472 476
453 452
510 510
488 490
522 521
466 465
637 637
533 532
559 561
637 636
395 395
468 467
540 539
608 608
607 607
676 676
517 519
387 386
438 440
333 332
553 552
411 410
750 750
614 613
518 518
669 669
419 419
550 550
609 610
441 440
345 344
413 412
406 406
679 679
620 619
374 373
512 512
464 464
502 503
426 425
515 514
398 398
437 437
566 568
520 520
432 432
563 563
510 511
337 339
481 481
662 661
531 531
599 599
567 567
536 536
539 540
356 356
522 522
474 473
411 411
262 261
591 591
501 501
514 513
599 599
608 608
639 639
503 502
496 496
522 521
344 343
559 558
453 454
686 685
544 543
366 366
470 470
381 380
278 278
469 468
450 450
459 458
458 457
435 435
408 407
500 500
641 641
609 609
374 377
540 539
685 684
528 527
614 617
432 434
451 450
641 642
586 585
497 497
383 386
593 592
473 473
517 517
450 449
487 486
589 590
542 542
412 415
451 450
513 512
563 562
427 427
416 416
630 631
500 502
624 623
391 390
513 512
567 569
352 352
354 354
613 612
535 534
592 592
527 527
499 498
475 476
339 339
513 512
547 548
574 575
537 536
431 431
589 588
652 651
640 641
620 624
509 509
529 528
550 552
506 505
558 558
646 646
588 587
433 433
408 409
510 509
519 519
524 525
560 561
435 437
503 502
465 466
557 558
512 512
642 642
521 520
489 489
656 657
520 520
531 533
495 495
404 405
420 421
747 749
535 535
456 456
713 713
524 524
373 376
484 484
299 298
516 517
483 482
544 546
605 604
398 398
372 371
422 423
429 430
505 505
404 407
274 274
349 349
454 454
602 601
438 437
329 329
539 539
470 471
622 621
528 528
417 416
417 416
693 693
525 525
615 615
580 581
502 502
504 503
561 560
584 584
495 498
533 533
359 359
571 571
595 594
668 669
625 625
588 587
379 379
654 655
797 796
619 619
578 578
719 720
405 406
511 511
527 526
435 435
712 713
488 490
498 499
681 680
473 472
489 489
612 613
394 393
552 552
437 437
526 526
602 602
273 273
641 641
368 367
442 442
636 638
599 600
521 520
391 392
528 528
520 519
578 579
530 529
569 571
288 287
466 467
461 461
542 541
406 406
273 273
499 498
547 546
486 486
525 525
764 763
489 488
589 590
595 595
728 727
677 677
535 535
629 629
309 308
536 536
477 476
481 481
466 466
412 413
640 641
408 408
504 504
406 405
341 340
508 509
463 462
618 617
492 492
385 384
175 175
505 504
599 600
490 489
575 574
481 481
607 606
695 694
662 664
522 521
684 683
367 366
650 651
533 533
504 505
507 507
376 376
446 445
425 426
413 412
411 411
458 457
626 628
360 359
283 283
585 585
391 391
625 624
625 624
547 546
347 349
525 525
384 383
347 347
522 522
374 373
497 496
576 575
390 390
466 466
533 532
466 466
485 485
677 676
429 430
645 647
367 367
587 587
451 452
515 515
600 600
598 602
345 346
360 360
455 454
499 499
646 646
493 492
428 428
673 674
540 539
485 485
530 530
756 757
627 626
396 395
537 536
656 656
564 565
462 461
293 294
175 176
551 554
645 647
478 477
553 554
420 419
530 529
447 447
593 593
354 353
581 582
452 451
680 679
427 428
514 513
310 310
478 477
389 388
552 551
480 479
533 533
527 527
633 633
331 331
635 636
367 366
493 493
455 454
380 381
500 499
613 613
508 511
388 389
419 419
363 364
438 439
440 440
475 474
337 338
379 379
305 310
546 547
532 532
338 340
476 476
704 705
615 614
442 441
556 556
637 638
384 385
461 461
509 509
575 575
558 557
619 618
470 469
433 432
404 404
463 462
493 492
424 424
549 549
502 501
599 599
734 733
461 460
541 544
456 456
601 601
552 554
456 455
506 506
529 529
511 510
586 585
563 563
417 418
379 379
417 420
346 346
482 483
597 596
463 462
528 528
483 483
483 482
537 536
554 554
592 592
287 286
440 439
430 430
408 407
544 545
594 594
482 481
394 393
392 391
488 489
346 345
437 437
501 501
451 451
601 601
508 507
518 519
555 554
443 443
717 717
555 555
483 483
448 448
310 311
500 499
388 387
472 472
536 535
452 452
630 630
451 451
486 485
528 527
517 516
505 506
429 428
441 440
409 408
416 415
457 457
512 513
589 589
354 354
445 444
421 420
456 455
437 436
514 513
301 300
512 511
617 616
406 406
548 548
578 578
587 590
542 541
609 610
636 636
642 643
475 474
337 337
403 405
382 384
630 629
434 433
564 563
434 433
597 597
596 595
712 712
564 563
546 546
579 579
528 528
379 379
482 482
463 462
497 497
466 467
694 694
459 458
402 403
300 299
548 549
481 480
491 491
322 325
575 575
503 503
585 584
442 444
507 506
429 428
535 535
513 514
655 654
513 514
692 691
551 551
502 502
331 330
424 423
163 163
502 502
614 613
503 504
614 613
439 438
560 560
474 474
278 279
386 385
533 532
412 413
613 615
567 567
603 603
446 446
581 584
231 230
600 602
496 497
538 537
529 529
626 626
425 424
557 557
493 492
474 474
385 386
481 481
504 503
379 378
501 501
535 535
392 391
532 531
409 411
691 690
631 631
559 559
678 678
463 463
444 443
557 556
563 562
631 630
465 465
544 543
363 364
390 389
531 530
498 497
350 349
490 491
571 570
371 370
558 557
643 643
600 599
576 576
592 591
424 423
395 395
363 362
463 464
585 585
442 443
352 354
509 509
676 676
573 572
470 472
511 512
581 581
616 617
466 466
279 279
558 559
564 563
474 473
498 497
493 493
495 496
538 537
605 604
541 541
303 302
642 642
423 424
250 250
533 532
470 470
356 355
589 589
371 370
278 279
609 609
556 556
608 609
580 579
513 512
534 534
566 566
635 636
456 455
587 587
378 377
342 342
557 557
457 458
362 362
506 509
431 430
432 431
554 554
482 481
517 518
549 549
532 531
373 372
472 471
512 511
580 581
581 581
538 538
621 621
372 371
517 516
339 340
490 490
385 385
520 519
563 562
523 522
539 538
566 567
488 488
434 433
431 430
390 390
519 519
448 447
666 670
592 593
474 477
433 433
583 583
355 355
476 475
525 526
544 545
462 462
555 555
421 421
737 737
432 431
751 751
337 336
503 503
543 542
629 629
662 661
551 551
387 387
316 317
663 663
593 592
573 574
588 588
439 439
432 432
554 554
394 393
539 540
797 797
734 734
539 539
493 493
519 518
504 503
627 627
530 530
492 495
683 684
545 545
446 445
508 508
511 510
304 304
403 402
570 570
449 448
532 532
591 590
544 543
570 569
500 501
591 591
497 497
690 690
519 520
471 470
518 518
465 464
518 518
472 473
393 393
368 369
512 512
488 487
462 463
630 630
172 171
571 573
410 410
596 595
409 412
564 564
392 392
284 285
235 234
598 597
565 564
424 424
452 452
478 477
527 528
663 664
546 546
433 436
450 449
539 539
558 558
427 427
479 478
573 573
469 468
512 512
549 548
512 515
655 656
538 538
542 542
390 393
557 559
698 698
384 383
441 441
675 675
606 606
547 546
578 577
651 652
465 467
462 463
493 493
462 461
477 476
602 602
593 592
511 510
552 551
408 407
543 543
522 522
476 475
368 367
531 530
528 528
354 354
517 517
503 503
494 494
546 546
640 639
423 422
435 434
391 390
400 400
404 404
563 562
468 468
640 640
336 335
444 445
393 392
401 401
408 408
620 619
484 485
370 369
660 660
489 489
503 503
620 619
539 539
494 494
373 373
553 556
553 552
432 432
558 557
463 462
695 694
648 647
394 393
541 541
419 418
435 436
543 543
637 637
521 521
601 601
460 460
639 639
626 625
298 298
343 344
542 541
496 495
466 465
440 440
570 569
440 439
484 483
332 335
425 425
601 602
401 402
404 404
388 387
599 601
503 502
581 580
443 442
408 407
453 452
426 426
629 629
574 573
531 531
533 532
380 383
628 628
585 587
605 604
366 365
563 562
565 564
410 409
461 460
560 560
592 591
537 536
570 570
504 505
527 528
607 606
721 722
358 360
503 503
572 571
562 562
508 510
481 484
435 435
476 477
490 489
537 537
489 489
509 508
555 555
476 476
555 555
476 479
346 346
506 505
651 651
804 806
397 396
464 465
469 468
507 507
565 565
402 403
463 464
489 489
594 593
479 479
465 465
540 542
538 538
414 413
624 623
483 483
556 555
383 383
510 509
514 513
319 319
522 523
411 411
448 447
478 477
501 500
341 343
385 385
376 376
675 675
725 724
658 659
541 540
345 344
543 543
517 518
346 346
441 440
586 586
603 603
566 567
485 485
502 502
836 837
491 490
361 361
538 537
491 490
307 306
557 557
641 641
594 594
698 697
548 547
605 604
475 474
514 513
530 529
521 522
568 569
625 624
498 499
401 400
506 507
516 519
459 462
361 360
460 459
524 524
495 494
378 378
569 568
540 540
396 396
421 421
461 461
391 392
388 387
471 470
693 693
585 584
843 843
640 640
568 567
636 635
555 554
401 400
599 598
538 539
491 491
650 650
617 616
648 648
504 505
499 501
595 598
695 695
552 552
563 563
593 593
636 637
465 465
728 727
554 553
498 497
426 426
548 548
369 369
500 501
261 260
463 466
508 508
344 344
436 436
530 529
634 633
565 568
514 514
262 261
526 527
543 543
512 512
440 440
397 397
574 574
499 499
524 524
374 374
475 474
287 289
498 500
520 520
769 769
503 503
442 443
639 641
379 380
414 414
417 418
676 675
753 752
579 579
642 644
495 494
613 612
429 428
448 447
406 405
553 554
375 374
435 436
434 433
519 520
482 484
858 858
626 625
592 593
487 486
639 640
462 462
460 461
438 437
479 478
565 565
338 338
598 599
479 479
526 527
567 566
517 516
643 642
511 510
453 453
501 500
663 662
348 348
539 538
550 550
571 570
515 516
512 512
595 595
301 300
639 639
298 297
554 556
342 343
421 421
525 526
397 397
492 492
614 614
295 294
534 533
499 498
464 464
431 430
525 524
526 526
594 593
628 627
473 472
551 552
583 582
508 507
503 503
505 505
681 680
517 517
435 441
482 486
481 482
592 593
494 493
537 536
461 461
434 434
521 520
486 488
510 512
626 626
591 590
463 462
598 598
581 582
378 379
356 356
582 581
451 458
460 460
406 406
453 452
410 409
491 490
416 415
614 613
431 431
522 522
400 400
498 497
666 666
464 465
332 331
525 525
321 321
506 505
379 378
417 416
541 541
616 616
630 631
508 507
463 464
372 373
684 683
527 526
496 496
555 556
441 441
325 328
642 641
436 436
549 548
416 415
559 559
478 477
383 383
457 457
568 569
586 585
505 505
441 440
455 455
455 455
442 442
487 487
539 540
687 687
485 486
382 383
397 400
425 427
609 608
331 330
397 397
354 353
619 618
386 386
423 424
528 527
589 591
441 441
479 479
464 464
606 605
525 526
349 349
561 561
534 534
521 521
509 514
649 649
460 460
657 657
534 535
469 471
601 601
376 375
401 400
499 499
380 382
613 613
616 616
492 492
482 481
664 665
424 424
633 632
381 380
525 528
485 485
444 444
480 480
481 481
520 519
527 527
501 501
377 376
557 561
482 484
554 554
522 522
525 525
554 555
479 481
487 489
575 576
441 440
616 615
375 374
417 417
292 292
658 658
615 614
359 358
574 574
523 522
430 430
340 340
649 648
467 467
535 536
439 440
730 730
587 592
559 559
479 480
464 463
489 489
492 492
482 482
476 475
462 462
465 465
266 265
399 398
415 415
421 420
481 481
538 538
586 585
426 426
509 510
461 461
607 606
429 429
638 640
459 459
595 595
527 526
603 602
505 504
369 372
472 472
493 492
589 589
498 498
579 578
505 504
450 449
506 505
445 444
426 426
443 444
258 259
658 659
386 386
552 552
558 558
369 371
434 433
685 684
635 636
466 468
486 485
390 390
492 495
255 257
483 483
381 380
386 387
692 691
584 583
646 645
404 403
460 459
505 504
607 607
666 667
454 456
256 255
370 370
501 500
291 293
459 460
524 524
539 539
654 656
630 631
502 501
595 595
449 449
625 625
420 420
465 466
652 651
641 642
433 432
460 459
570 569
584 586
482 482
418 421
495 494
411 411
439 439
486 485
510 509
462 462
483 484
537 537
432 432
511 510
628 629
647 647
429 428
353 353
698 697
459 458
554 555
469 468
567 570
493 492
475 476
466 467
466 469
632 632
502 501
503 503
473 472
528 531
342 344
477 476
541 541
547 547
520 520
597 598
525 524
344 343
650 650
628 629
353 354
396 395
554 554
656 655
629 628
259 259
379 378
594 596
578 578
465 467
327 326
374 374
705 705
664 664
325 324
645 645
486 486
692 691
495 495
364 365
266 269
443 442
465 464
319 318
694 694
544 543
519 519
510 509
394 395
344 343
582 582
669 669
661 662
521 520
588 587
536 535
406 406
333 336
495 495
320 321
508 507
394 395
449 448
518 518
398 398
525 524
397 397
423 423
551 550
642 642
545 544
485 485
342 344
529 528
460 459
475 475
447 446
331 331
497 498
531 530
456 456
501 502
381 381
610 610
298 298
674 674
443 442
499 499
321 321
534 533
487 489
440 439
242 244
556 556
421 421
512 511
503 502
385 385
507 507
539 540
696 696
522 522
478 480
594 596
389 392
470 471
529 528
310 310
420 419
487 486
479 479
534 534
369 368
516 517
372 374
564 564
414 413
428 428
486 486
475 474
481 481
513 513
520 519
610 614
390 389
621 620
445 445
536 536
502 502
387 386
533 533
504 503
413 413
371 370
732 732
559 561
527 526
398 399
465 464
347 347
461 461
633 634
509 510
511 511
358 357
317 319
534 534
657 657
581 581
450 449
410 410
392 391
654 653
464 465
401 401
462 462
579 579
569 570
536 536
411 410
350 350
451 450
398 399
513 512
420 420
339 340
542 541
482 482
690 690
636 636
429 430
670 669
544 544
695 695
383 386
472 471
460 462
588 589
592 592
577 578
440 440
490 493
560 561
521 520
394 394
525 525
449 448
551 552
552 551
599 600
436 438
495 494
513 512
464 463
559 558
490 495
539 538
226 225
477 478
553 555
571 571
361 361
621 622
440 441
463 464
488 489
393 392
583 583
477 477
584 585
472 473
586 585
315 321
584 586
418 417
389 389
414 414
350 352
440 439
451 450
517 517
520 522
426 426
637 637
373 372
475 475
491 492
550 550
642 641
512 511
370 370
220 220
490 489
599 598
749 749
546 546
589 589
638 637
307 309
596 596
512 511
512 514
557 557
543 542
483 483
565 564
440 440
626 627
658 658
496 498
479 479
510 510
488 487
364 363
553 553
389 389
502 501
533 534
545 546
593 593
548 550
460 459
544 544
628 628
434 437
426 426
476 476
439 439
552 554
631 630
367 367
443 442
504 503
425 426
564 565
493 493
542 541
514 514
607 609
646 645
443 445
484 484
590 589
354 353
346 346
431 430
416 415
478 481
549 549
497 496
357 356
510 510
520 520
491 490
535 534
459 459
454 453
437 438
512 513
274 274
624 626
418 418
562 562
888 887
443 443
401 401
575 575
446 446
541 541
577 576
632 631
604 604
469 469
485 487
348 348
412 413
592 591
814 813
473 476
580 579
446 446
459 458
512 511
572 571
473 472
486 485
627 626
565 564
583 583
607 606
651 653
671 671
588 589
561 560
474 476
439 438
422 421
513 512
489 488
423 422
300 300
626 625
511 510
439 439
723 722
573 572
505 504
624 624
551 551
448 448
550 552
484 486
639 639
570 569
548 548
472 471
446 446
509 508
547 547
559 559
548 548
775 774
483 483
522 521
562 562
545 545
420 419
368 371
286 287
448 447
446 447
629 628
543 543
521 521
530 529
484 485
415 414
654 654
676 676
463 462
387 387
694 693
458 457
554 554
464 463
560 562
555 555
313 312
321 321
579 579
319 318
474 474
351 351
458 458
592 592
502 502
451 452
410 409
538 537
220 219
597 596
490 490
611 612
335 335
490 490
661 660
418 419
503 503
298 297
534 534
404 405
492 491
780 780
428 427
435 434
483 483
569 571
640 640
557 558
470 470
256 255
617 618
470 469
426 425
534 534
527 527
472 474
512 512
484 483
743 742
690 690
344 344
404 404
520 520
382 381
325 326
525 525
413 414
372 372
487 487
499 499
544 544
467 466
398 397
393 392
312 313
491 490
397 396
469 468
492 492
459 460
541 542
525 524
669 668
610 610
273 273
466 467
349 350
539 538
545 544
512 512
532 532
352 352
590 591
491 491
469 469
432 432
472 473
592 591
388 387
527 526
523 522
546 545
296 296
363 362
613 613
508 508
452 452
378 377
443 442
322 322
480 480
406 405
627 626
577 576
538 537
443 443
565 564
449 449
527 526
292 293
512 513
520 519
762 762
452 453
349 349
375 376
635 634
454 456
479 479
652 653
531 531
401 401
563 562
574 574
666 666
637 636
621 622
581 580
699 699
581 580
455 455
425 426
770 773
536 536
489 489
517 517
648 649
432 432
462 461
543 544
486 487
646 646
511 513
251 251
552 552
406 407
337 338
470 469
463 463
531 531
460 459
343 344
356 356
537 537
586 587
613 613
620 620
440 440
488 487
548 548
474 473
476 475
443 443
553 552
433 433
528 528
454 453
612 611
367 367
698 698
633 636
714 714
585 584
571 570
339 341
504 504
643 642
564 566
544 544
523 523
592 591
449 450
679 679
465 464
519 519
488 489
602 602
550 550
506 505
544 544
314 314
618 617
301 302
507 506
544 544
488 487
393 394
519 518
430 429
487 486
582 581
458 458
487 490
453 454
509 508
279 279
419 419
632 632
328 327
501 500
544 548
377 377
420 420
555 554
420 419
490 489
466 467
422 424
647 646
316 315
513 514
650 649
420 419
577 577
461 461
593 592
474 473
509 509
472 473
589 589
308 308
535 535
424 423
533 532
666 665
415 414
431 431
328 328
532 531
539 539
374 374
422 423
486 486
532 531
533 532
453 453
394 393
539 538
369 370
358 358
495 495
565 566
546 545
362 362
576 576
312 312
438 438
735 737
463 463
648 648
530 529
409 409
388 387
441 444
599 598
522 522
495 495
595 595
639 639
522 523
419 418
547 547
459 459
441 441
663 662
320 320
339 338
265 265
519 519
547 546
379 378
489 488
490 489
587 586
537 536
362 361
408 407
606 608
502 501
491 491
398 398
303 303
553 553
335 336
427 426
582 583
632 633
522 523
531 530
388 387
508 507
437 436
590 590
460 461
438 438
377 376
478 478
474 474
514 514
528 527
633 634
455 455
449 449
505 505
434 435
590 591
364 364
457 456
631 630
318 318
467 468
430 429
540 540
568 567
655 654
332 331
531 530
460 459
392 391
423 422
415 414
497 496
361 360
344 343
319 319
363 364
610 610
332 335
309 308
577 576
358 357
469 469
560 561
561 562
596 598
589 589
544 543
395 395
750 749
507 507
726 726
345 345
395 395
556 556
580 582
785 784
221 222
597 597
569 570
743 742
686 686
331 331
442 442
592 591
588 587
383 383
490 489
431 430
495 494
737 737
423 422
630 629
578 577
542 544
451 452
724 724
584 583
540 540
654 653
347 347
473 473
351 351
500 500
468 467
646 645
561 567
519 518
597 597
426 426
475 476
623 622
541 540
733 732
423 425
543 543
424 423
560 561
563 562
643 642
294 294
434 434
435 435
391 390
498 498
569 569
371 371
438 438
619 618
432 432
668 668
651 650
438 438
505 505
509 509
293 293
599 599
545 544
526 527
597 596
458 457
400 399
554 553
523 522
553 553
185 185
490 490
663 663
719 719
720 719
747 747
452 452
483 482
413 412
421 420
589 590
515 514
310 309
552 553
458 458
475 474
497 497
623 624
467 467
613 615
554 554
445 445
461 463
385 385
568 568
440 440
413 414
657 658
626 626
543 543
522 523
347 347
699 698
667 668
364 363
542 542
676 677
642 643
450 449
537 538
517 517
548 550
618 618
401 400
461 461
472 472
577 576
572 574
456 457
328 330
480 479
376 376
513 513
691 691
659 658
477 476
501 501
450 451
507 507
786 785
415 418
732 731
562 561
770 769
569 568
502 501
604 605
519 518
351 351
320 319
476 475
522 522
440 440
604 605
336 339
534 534
576 576
484 486
514 513
586 589
640 641
383 383
342 342
282 281
330 332
707 707
645 645
647 646
578 577
482 485
500 499
489 489
507 507
613 612
672 672
537 536
470 471
304 303
467 466
475 474
544 544
495 494
418 417
468 467
561 560
332 334
672 671
635 634
362 363
618 618
588 588
458 458
545 546
591 591
450 450
381 382
526 526
472 472
460 459
642 643
593 593
453 452
308 308
497 498
426 426
530 530
472 472
424 423
552 552
440 439
518 517
500 499
455 456
557 557
627 626
596 595
471 471
419 419
494 493
686 685
649 649
338 338
517 516
418 418
610 609
366 365
529 528
615 616
472 473
614 615
739 740
571 570
499 499
445 445
584 584
533 532
517 516
452 451
550 550
167 166
332 332
419 418
342 341
554 553
348 347
531 532
459 459
566 567
669 668
539 538
543 542
457 458
306 306
494 493
438 437
440 440
377 378
299 298
535 535
404 403
368 367
391 391
454 454
530 530
595 595
458 459
289 290
449 448
509 509
683 682
695 695
569 569
435 435
401 401
475 474
359 358
592 594
590 592
482 482
447 446
274 274
585 588
565 565
230 233
598 597
280 280
622 621
464 465
451 450
460 459
531 531
376 375
535 536
565 564
380 380
617 617
511 512
667 669
525 525
552 554
474 474
335 334
389 389
561 561
341 341
536 536
288 287
559 558
383 382
533 533
428 428
385 384
580 580
614 613
479 479
589 588
515 515
571 572
589 590
557 556
524 523
395 394
609 608
349 349
273 273
390 389
609 608
431 430
343 342
525 524
619 619
503 503
476 477
612 612
487 486
582 582
463 464
587 587
520 520
513 512
449 448
406 405
459 458
549 549
612 613
467 467
374 374
507 507
617 617
558 558
437 437
591 592
181 180
552 552
631 630
694 693
381 381
472 472
652 651
466 466
445 445
555 554
497 498
483 483
248 247
519 519
654 655
510 509
418 417
625 625
424 424
568 567
447 448
432 432
617 617
513 513
587 587
386 386
439 440
492 492
455 454
582 581
726 725
685 685
433 432
363 362
478 479
416 415
541 541
386 385
663 662
436 437
622 621
506 505
546 546
456 456
557 557
507 508
555 555
663 663
556 557
514 514
398 398
360 359
568 567
497 497
284 284
425 424
416 416
656 657
443 442
360 359
605 604
488 487
492 491
370 370
375 374
475 475
599 600
541 540
601 600
516 517
505 505
401 400
474 477
568 567
528 529
445 446
410 410
276 275
534 535
638 639
618 617
518 520
671 672
552 552
507 507
457 457
370 369
744 744
527 526
330 330
383 382
542 543
555 554
522 527
349 348
576 576
619 618
521 522
535 536
669 671
414 414
331 330
392 391
495 495
710 711
494 495
596 595
587 586
409 408
454 453
477 477
717 716
377 376
259 258
492 491
510 510
348 350
621 620
484 484
352 351
365 365
677 677
511 511
529 529
398 399
713 712
511 511
551 551
369 368
572 572
426 427
471 471
361 360
370 369
477 479
493 494
443 443
517 518
701 703
420 419
448 447
460 460
400 399
613 613
675 675
461 460
484 484
557 558
409 409
484 483
462 464
496 495
511 511
387 387
587 587
549 551
415 414
442 441
395 395
468 467
726 726
495 495
558 559
464 464
550 550
464 465
561 560
512 513
600 599
449 450
706 705
698 697
263 263
357 357
455 454
534 534
486 487
641 641
520 521
511 510
350 350
469 469
614 614
493 494
407 407
512 512
507 506
545 546
551 553
440 439
300 299
478 478
591 591
461 460
609 608
626 626
467 467
629 630
431 431
411 411
334 338
445 444
418 420
306 305
589 589
350 350
620 619
499 499
399 399
386 387
530 530
610 611
652 651
566 566
627 627
453 453
571 570
370 369
606 606
641 641
605 605
552 551
553 554
570 569
510 510
471 471
519 519
503 502
611 611
563 562
468 468
384 383
550 550
537 536
540 540
389 389
372 372
412 414
678 678
614 615
449 449
615 614
598 598
435 435
603 602
431 430
478 478
664 663
507 506
368 367
745 745
475 474
481 480
322 322
499 499
565 569
361 360
484 483
651 652
626 626
497 497
448 447
425 425
530 530
566 567
506 507
639 639
422 422
475 474
580 580
734 733
546 546
548 547
434 433
501 501
605 605
503 503
392 392
655 655
471 471
432 431
541 541
447 446
592 592
445 445
549 549
603 602
489 488
592 593
372 371
574 573
396 398
566 567
462 462
577 576
214 213
429 428
511 511
723 722
322 323
432 431
411 413
594 597
469 468
443 442
645 644
473 473
637 636
459 459
549 549
633 633
441 443
451 452
404 405
472 471
543 543
556 556
493 494
605 604
531 530
425 424
596 595
566 565
491 492
576 576
661 660
524 525
524 523
518 519
443 444
419 418
530 529
522 521
389 394
770 769
418 418
495 494
527 530
286 285
426 425
650 650
589 590
341 341
545 545
668 668
538 538
267 267
496 497
593 592
446 449
406 405
481 483
550 550
583 584
573 574
297 296
539 539
444 443
392 393
364 363
545 546
297 296
526 526
462 463
469 469
481 481
225 224
585 585
496 500
409 410
349 348
555 556
703 704
648 649
648 648
527 527
529 529
534 535
542 542
381 380
570 569
461 464
550 552
660 661
545 546
495 494
625 625
433 435
523 522
542 543
534 533
461 462
420 419
648 647
552 551
542 542
561 561
391 392
587 587
547 546
312 313
721 721
389 389
587 586
342 343
404 403
695 695
306 305
382 383
523 522
559 558
499 499
559 560
537 536
760 760
383 382
243 245
481 481
384 384
507 506
441 440
398 398
572 572
596 596
696 695
578 577
402 402
383 382
480 479
664 663
569 570
448 448
524 524
664 663
348 348
588 588
573 574
421 423
774 774
497 497
464 464
269 268
442 441
472 471
625 625
557 557
447 447
527 526
634 633
407 406
431 431
444 444
535 534
482 481
534 537
361 363
404 404
575 575
555 555
490 489
474 474
576 576
409 409
442 441
428 427
649 653
377 377
620 622
449 448
500 500
483 483
389 389
467 468
411 410
411 411
395 395
589 593
491 491
532 533
620 620
358 357
426 425
464 463
592 593
490 492
412 411
641 642
533 532
505 508
592 594
501 502
387 386
553 552
656 655
616 615
492 492
433 433
487 486
634 635
671 671
549 550
583 583
448 447
609 608
365 364
503 503
662 661
609 609
605 606
495 496
466 467
538 537
356 355
357 356
457 456
596 597
638 638
416 416
532 532
585 585
471 471
633 632
433 432
434 434
272 271
409 408
290 289
529 530
440 439
401 402
439 438
424 424
530 530
689 689
488 488
517 517
446 447
566 567
468 467
484 484
376 376
391 390
605 608
484 483
341 341
390 390
583 582
428 428
770 769
413 412
381 381
601 601
505 509
586 587
663 663
406 406
367 367
395 395
478 480
358 357
380 380
584 585
408 408
613 612
482 482
556 556
448 448
402 403
507 508
373 374
238 237
538 538
562 564
562 561
527 527
441 441
513 513
417 416
414 414
462 462
559 560
491 490
618 618
192 192
579 581
517 518
706 705
639 638
417 417
370 371
442 442
586 587
463 462
471 472
437 437
513 513
586 586
349 349
452 451
274 273
504 506
458 459
717 717
526 525
551 552
364 364
640 641
592 591
401 403
390 392
610 610
545 545
519 518
484 484
357 356
493 493
444 444
578 578
496 495
369 368
502 502
462 462
489 488
405 405
636 635
754 753
437 436
496 495
457 457
414 414
416 415
432 433
422 425
364 364
488 487
314 314
314 314
479 478
553 552
518 518
497 496
488 487
450 450
738 737
651 652
535 534
329 330
281 281
318 317
491 490
423 422
572 572
477 480
555 555
359 359
523 523
444 444
516 516
378 379
368 369
549 550
633 633
623 623
322 327
400 403
724 725
677 677
410 411
541 540
565 566
613 614
530 533
726 726
412 411
568 567
457 456
355 355
475 474
457 456
545 546
379 381
593 592
487 487
582 581
256 255
341 341
302 302
618 617
275 277
758 757
397 397
455 454
616 618
477 479
439 439
504 503
452 452
369 370
628 630
515 515
438 438
578 578
512 511
568 567
454 453
563 563
643 642
415 414
330 334
490 490
599 602
442 443
286 287
391 391
599 598
541 542
402 404
549 549
446 446
438 440
476 476
409 408
441 441
387 389
386 385
584 583
492 493
532 531
477 476
384 383
595 595
545 544
638 638
640 643
541 540
522 521
580 579
657 660
547 546
434 434
580 580
613 612
498 497
553 553
558 557
413 412
601 600
478 478
520 519
406 406
447 448
327 326
549 548
434 437
556 557
561 560
505 506
652 654
579 578
479 478
500 499
348 348
506 505
478 478
577 577
433 434
658 657
515 515
244 245
379 378
594 595
421 420
453 454
456 456
407 407
768 768
564 564
564 568
601 600
601 600
684 684
340 341
545 545
418 419
455 454
425 426
598 597
723 723
720 721
635 636
598 597
347 347
386 386
513 512
606 608
452 453
459 460
349 350
359 359
488 489
462 464
571 571
512 512
419 419
624 623
599 600
471 471
561 560
583 584
452 453
451 451
462 466
498 499
493 499
573 573
569 569
358 357
438 437
584 583
623 622
514 514
689 691
296 296
567 567
283 283
441 441
583 585
439 439
551 551
417 418
624 624
448 447
437 438
682 682
404 404
613 613
473 474
468 469
569 570
507 508
803 803
508 509
525 524
520 520
415 418
546 546
385 384
384 385
492 492
636 636
579 580
360 359
464 464
538 538
566 566
522 522
431 431
366 366
626 625
316 319
430 429
385 385
495 494
486 485
428 427
484 483
422 421
551 552
664 664
369 369
425 424
463 463
622 621
652 652
526 528
598 598
591 594
452 451
590 590
710 710
747 748
640 639
479 478
530 530
346 345
747 747
486 486
610 610
485 485
618 617
515 516
515 516
555 555
431 430
619 620
465 464
355 358
562 561
421 423
190 191
452 452
558 559
427 428
637 636
423 424
457 457
465 464
612 612
549 549
523 522
431 431
536 535
449 448
390 390
371 370
383 382
499 499
684 684
531 530
490 490
442 443
488 487
534 533
485 484
453 452
153 152
519 518
496 495
330 330
548 548
538 537
444 443
551 550
522 521
563 563
536 535
627 626
547 547
421 421
528 528
502 501
489 490
582 583
371 370
416 416
443 443
574 573
524 524
595 594
475 476
593 593
384 383
275 274
591 591
379 380
411 411
605 605
544 544
505 506
614 614
475 474
556 558
518 517
546 547
313 312
478 480
359 358
336 336
479 478
559 559
497 499
545 546
467 468
634 634
469 468
693 692
490 491
603 603
585 585
343 342
251 250
425 424
382 383
477 476
408 407
594 593
428 429
310 309
555 555
394 394
445 444
600 600
626 625
498 498
332 333
450 449
292 292
552 552
490 489
594 596
569 572
418 418
500 499
607 607
471 470
656 655
364 363
389 389
490 490
514 514
502 502
472 472
406 406
463 463
668 669
582 582
542 541
277 276
441 441
589 588
546 546
282 282
488 489
534 534
627 626
624 623
655 655
558 559
545 547
765 764
576 576
657 657
616 615
580 579
371 372
549 549
599 598
415 416
559 560
493 492
387 388
564 563
382 381
396 395
344 344
373 372
518 518
314 315
533 535
479 479
550 550
636 637
497 500
598 599
572 571
511 510
566 567
512 512
469 470
340 340
537 537
344 343
391 390
676 676
482 482
447 447
570 569
470 469
480 479
667 668
445 445
426 426
534 534
415 415
479 479
544 543
401 404
576 576
661 661
475 475
516 515
421 420
456 456
558 559
454 454
739 738
295 296
458 460
492 493
439 438
523 522
493 492
638 637
388 387
581 581
609 609
590 591
523 522
564 565
564 563
545 545
673 675
508 508
195 195
549 548
596 596
546 546
568 568
470 470
563 563
490 491
490 489
206 205
478 478
558 558
341 342
584 584
498 497
372 374
597 596
345 345
623 622
375 374
344 343
561 561
499 499
614 613
672 672
254 257
589 588
456 455
603 607
272 272
441 441
443 443
666 666
407 407
282 283
403 402
595 594
500 502
431 435
558 560
491 492
304 304
782 782
440 439
438 437
379 379
584 584
474 473
735 734
270 270
487 487
503 505
340 339
429 429
569 568
508 508
581 581
348 347
408 408
726 725
660 660
527 527
537 537
486 486
391 390
543 543
577 577
323 323
367 368
478 477
578 577
534 534
411 411
284 283
517 517
602 602
401 402
313 312
536 536
611 612
562 562
515 515
357 356
502 503
288 288
627 626
505 504
565 565
573 575
266 266
332 331
575 574
573 572
533 533
613 613
306 306
626 625
474 474
391 392
386 386
263 264
369 371
462 462
538 537
351 350
404 404
517 517
664 663
558 558
474 474
453 456
658 660
650 650
542 542
413 413
407 407
389 390
686 686
439 440
566 565
474 475
487 486
596 595
435 435
467 467
653 653
496 495
460 460
494 494
598 598
267 270
344 343
500 500
494 493
496 497
624 623
400 400
683 683
525 528
518 518
453 452
648 647
428 428
658 658
483 483
633 632
505 505
558 557
526 525
504 505
538 539
508 509
467 466
507 508
417 416
536 536
388 388
341 341
359 359
325 324
235 236
495 497
545 545
522 521
393 394
336 337
688 688
395 395
544 544
563 565
555 554
625 624
475 474
548 547
443 442
554 557
694 694
579 579
606 610
349 349
505 504
371 371
674 675
364 363
439 438
550 550
646 646
386 385
625 626
434 433
375 376
587 586
393 392
587 591
601 601
519 519
539 538
583 583
457 457
706 706
639 639
660 660
535 535
473 473
442 442
470 470
748 748
411 412
666 666
585 585
223 223
596 595
456 455
437 438
711 710
633 632
595 595
544 543
690 691
789 788
399 398
543 542
466 466
425 425
657 656
566 567
631 631
573 572
572 572
471 470
557 557
661 665
436 437
459 462
646 645
381 380
356 356
384 384
629 630
584 584
534 534
515 514
549 550
574 574
382 382
483 484
519 519
388 388
602 607
611 612
484 483
599 600
550 550
531 530
679 681
422 422
356 355
478 477
490 491
425 424
381 380
501 502
497 496
514 513
475 474
416 415
500 499
421 421
429 430
358 357
485 485
396 395
432 431
433 434
529 528
595 595
551 551
717 717
513 513
556 558
561 561
599 598
521 520
548 547
582 581
625 626
453 453
617 616
398 397
439 440
584 584
437 437
411 411
388 389
606 606
528 527
430 430
488 488
392 391
512 511
414 413
375 375
422 422
509 510
471 472
589 589
361 361
571 572
606 607
248 248
621 621
458 457
534 534
659 658
397 396
651 650
464 465
609 611
411 411
532 533
521 521
547 547
532 531
427 426
561 560
557 557
513 512
383 383
585 586
613 614
490 491
572 574
533 532
471 470
301 301
315 315
461 461
606 606
376 376
627 626
603 603
549 550
539 541
342 342
586 588
478 478
446 446
546 545
479 479
618 618
555 555
724 723
709 709
521 521
578 578
581 581
534 534
557 558
439 438
539 540
555 555
629 628
423 424
599 598
625 625
548 547
405 404
648 647
575 575
550 550
560 559
475 475
407 407
486 487
510 509
330 329
612 611
571 572
546 546
544 544
540 539
570 570
496 497
425 424
514 513
388 388
619 624
602 602
350 349
463 463
464 465
436 435
606 605
329 329
500 500
378 377
413 415
498 498
604 604
556 556
519 521
417 417
486 486
376 376
623 623
335 337
635 634
675 675
393 392
511 512
546 546
553 556
351 352
462 462
424 424
512 513
591 593
451 450
546 545
444 443
546 546
576 575
502 502
539 539
510 510
480 479
415 414
559 562
549 549
439 439
590 590
617 616
625 624
529 528
582 581
673 673
507 506
660 663
347 346
626 626
633 632
494 493
525 526
586 586
604 604
395 394
572 573
551 552
728 727
458 458
537 536
436 435
409 409
470 471
575 574
429 430
432 432
462 461
455 454
634 634
448 448
443 443
555 556
566 566
360 360
446 446
449 449
477 477
480 480
522 522
538 538
626 630
341 340
711 711
640 639
390 390
342 341
445 445
381 382
332 331
639 639
589 589
407 407
591 591
485 485
562 563
485 484
451 450
483 482
633 632
571 571
645 648
557 557
526 526
620 619
470 469
542 543
475 475
550 549
545 544
540 539
400 399
578 577
271 271
205 206
415 416
571 572
598 597
457 457
717 716
497 496
451 451
170 170
426 425
560 559
386 386
430 431
518 518
274 276
533 535
395 395
627 627
407 408
607 607
499 498
438 438
509 509
501 500
668 669
655 654
416 415
442 442
531 531
544 544
525 527
538 538
492 492
592 591
563 563
579 579
359 358
564 563
386 386
625 624
443 443
667 666
611 611
520 519
546 545
525 526
306 305
522 521
604 604
666 665
487 488
418 418
715 714
680 680
522 521
584 584
680 680
423 423
341 341
552 551
455 455
555 554
361 362
396 395
535 536
591 590
545 545
531 530
479 479
637 637
431 430
569 568
488 488
389 389
593 592
474 475
610 610
485 485
623 624
530 530
527 528
571 571
487 488
442 441
526 526
471 470
544 543
290 290
412 412
366 366
649 650
673 674
346 346
483 488
334 334
418 418
708 708
404 405
553 554
435 434
378 378
339 338
375 376
289 289
499 500
673 672
391 390
460 460
596 596
539 539
562 562
607 606
458 457
479 480
458 458
456 457
398 400
520 522
402 401
481 480
315 315
556 556
505 505
217 216
433 432
604 604
449 450
786 785
455 455
597 600
742 747
560 559
346 347
599 600
566 567
317 317
425 425
387 386
428 433
457 456
553 554
404 403
567 567
494 494
409 408
501 503
474 473
497 496
587 587
495 494
524 523
382 381
486 485
404 403
729 729
449 450
522 523
457 457
517 516
536 536
618 617
519 521
392 392
539 538
518 519
451 451
392 394
548 548
536 536
706 707
472 472
315 317
499 498
577 578
577 578
297 296
422 421
723 725
520 520
611 612
491 491
537 537
574 574
670 671
588 587
610 610
460 459
352 352
565 565
522 522
484 483
492 492
525 524
532 532
576 575
483 483
585 584
404 404
509 508
507 508
523 523
341 340
444 444
565 568
612 611
591 595
419 420
483 483
291 290
537 536
529 532
510 509
625 624
537 538
553 553
410 412
535 534
598 600
459 460
667 666
547 547
500 501
318 317
609 610
751 751
651 654
462 462
345 344
373 374
658 657
667 666
419 418
498 499
571 571
478 478
584 584
584 584
490 489
579 580
564 564
476 475
499 498
534 533
578 577
430 431
609 609
429 429
370 370
573 576
542 543
362 362
495 494
532 532
381 381
568 567
451 451
510 510
535 535
460 460
526 526
678 678
365 364
508 507
478 480
534 533
632 631
647 646
622 621
490 489
587 587
340 340
453 453
403 403
518 517
271 272
396 396
484 486
757 756
580 581
359 358
450 450
570 571
485 484
486 485
350 349
413 412
434 434
540 541
577 576
529 530
628 627
638 637
556 555
507 507
322 322
395 395
434 434
507 508
540 539
467 467
463 462
493 493
406 405
613 616
356 357
463 463
350 350
546 546
521 520
601 601
467 468
504 504
488 487
470 469
430 429
546 546
308 309
618 618
462 463
660 659
541 542
390 390
437 437
674 673
371 371
446 446
562 562
516 515
579 579
303 304
451 451
562 561
540 539
531 533
468 469
652 652
501 500
431 430
414 413
497 497
406 407
429 430
638 638
592 591
306 306
450 449
466 465
629 630
591 591
435 434
439 438
529 529
611 611
464 463
557 556
394 393
512 513
499 498
480 480
503 503
498 498
503 503
520 521
479 479
451 451
243 243
467 466
475 474
496 495
419 419
443 442
501 500
660 660
567 566
562 561
531 530
529 528
455 455
587 586
287 294
419 419
542 541
754 753
645 644
565 564
581 581
553 552
422 422
541 541
618 619
629 629
596 595
512 514
405 405
442 442
546 546
499 500
571 571
543 546
452 452
663 663
337 337
675 677
389 388
437 437
573 574
441 441
425 424
568 570
563 563
501 501
453 453
454 454
355 354
306 306
544 545
469 469
547 547
529 529
431 431
535 535
558 558
409 408
463 463
511 511
423 422
481 481
573 573
389 388
462 462
536 538
558 558
457 456
710 710
674 673
467 467
589 589
515 514
505 505
396 396
347 347
353 352
413 412
573 573
501 501
738 738
420 420
594 596
595 595
587 586
579 579
397 398
704 704
541 541
621 621
560 559
575 574
481 480
583 584
444 444
381 382
532 532
426 426
537 536
483 482
451 452
343 342
605 604
393 395
437 436
486 485
493 492
431 431
468 468
683 685
431 432
310 311
449 448
535 535
372 372
352 353
546 549
475 474
559 559
418 417
483 484
490 489
558 560
623 623
638 639
590 589
489 490
364 364
612 611
425 424
452 451
357 358
593 596
596 596
469 468
422 421
408 408
502 502
461 463
553 553
422 422
498 499
480 479
467 466
467 467
392 392
507 507
329 331
486 487
475 475
520 520
319 321
517 517
413 412
567 567
335 336
441 441
551 551
461 461
615 614
675 676
646 648
548 548
475 475
584 583
474 474
251 250
358 358
557 557
480 479
470 473
404 404
519 519
611 610
505 505
525 525
627 627
331 330
488 488
548 550
679 678
719 720
594 593
514 514
580 579
432 432
482 482
539 538
396 396
482 482
499 500
497 498
604 604
417 419
475 475
559 559
573 572
635 635
551 552
635 639
448 448
519 518
416 416
735 735
468 469
597 598
444 443
392 391
574 573
639 639
503 502
481 481
488 487
559 558
581 582
432 438
389 389
517 519
460 459
684 683
502 502
397 397
586 586
381 381
574 573
409 410
498 498
402 401
587 587
491 490
579 579
501 500
576 575
350 350
440 439
477 478
459 460
337 337
563 562
262 262
429 428
366 366
505 504
526 526
418 417
505 506
393 392
405 406
520 519
547 549
445 444
403 402
455 455
393 393
548 550
354 354
430 430
607 607
343 343
485 485
452 452
460 459
483 484
441 442
502 505
516 516
567 570
648 647
231 231
515 515
504 503
555 554
427 426
454 453
578 578
485 484
602 602
235 236
406 406
346 346
552 553
466 465
355 356
475 476
406 405
494 493
495 494
478 477
602 602
433 432
433 432
306 305
521 520
553 553
691 690
253 253
437 436
471 472
491 491
679 679
558 557
605 608
712 711
360 359
497 496
629 629
470 470
644 646
475 474
376 375
572 574
539 539
522 527
411 411
531 533
459 460
407 406
496 495
477 476
647 646
497 496
572 573
476 475
487 487
498 501
476 476
495 495
413 413
558 558
624 623
557 557
578 578
644 644
704 704
477 477
527 526
642 642
537 536
545 545
499 499
598 598
467 467
332 332
414 414
596 596
399 399
523 522
296 296
544 543
534 534
680 682
593 592
477 476
412 412
525 526
348 348
553 553
560 562
466 467
395 395
516 515
623 625
487 486
612 612
551 550
413 412
565 564
460 460
482 482
371 371
380 381
585 584
366 365
442 442
758 760
505 504
690 690
254 255
386 387
605 604
439 439
292 291
416 416
535 534
516 516
505 504
566 566
481 482
394 393
384 384
529 528
520 519
337 336
614 614
557 557
645 644
419 419
368 368
499 498
457 456
445 446
565 564
652 653
552 551
539 544
397 397
514 514
434 434
326 326
404 404
398 398
375 374
564 563
750 749
472 471
493 492
594 596
350 353
646 646
581 580
576 575
689 689
525 526
571 570
622 621
542 542
447 447
419 420
386 386
456 458
422 424
511 511
457 456
412 412
554 554
536 537
697 696
459 460
654 653
434 433
434 434
415 415
500 499
540 540
486 485
419 419
513 513
480 480
659 659
360 359
602 601
485 487
490 490
566 565
558 557
511 511
538 537
595 594
584 584
412 411
574 573
571 570
508 512
576 578
529 529
548 547
489 490
489 488
544 544
431 431
332 331
599 598
554 553
457 458
308 308
299 299
511 510
455 454
503 502
519 518
499 498
637 640
422 421
512 511
576 577
635 638
448 448
446 447
545 544
542 542
485 485
515 516
528 529
605 606
510 509
373 375
432 432
486 485
473 472
555 555
680 680
458 458
345 345
528 528
542 541
569 568
304 303
509 508
492 491
629 629
517 518
574 574
549 550
298 299
458 458
523 524
441 440
322 321
347 347
492 491
580 581
533 533
551 550
467 466
627 627
452 453
347 346
708 707
452 452
471 472
630 629
335 335
389 388
584 583
356 355
546 546
365 364
364 363
565 565
444 444
557 556
540 540
470 469
585 584
643 643
511 511
360 360
658 657
555 555
700 700
365 365
401 403
447 446
516 518
616 615
635 634
583 583
475 475
499 499
513 512
718 718
734 733
522 521
495 497
679 679
534 533
589 589
479 479
465 465
503 503
531 531
180 179
523 522
483 482
425 425
449 449
491 492
441 443
705 706
571 572
570 569
465 464
507 507
422 422
487 488
502 501
495 494
569 569
488 488
421 420
510 510
234 233
500 501
519 521
405 404
539 538
444 445
418 417
503 502
486 486
514 514
633 634
291 290
447 448
608 608
535 535
468 468
507 509
472 472
325 326
537 536
441 441
530 530
671 672
272 272
348 348
537 536
514 513
688 690
606 606
627 627
624 623
557 557
561 560
430 430
512 512
643 643
598 598
567 567
404 403
374 374
413 413
644 645
391 390
554 553
449 450
642 641
559 559
671 671
640 639
559 560
596 598
560 559
504 504
453 453
685 686
443 442
559 559
576 576
557 557
420 420
600 600
363 362
468 468
500 500
572 572
405 405
393 394
571 570
352 353
364 365
510 509
395 395
518 521
406 407
574 574
511 512
456 456
608 609
507 510
720 719
419 419
415 416
539 540
479 479
565 564
487 488
557 559
583 582
611 610
743 742
671 671
585 586
556 556
700 699
357 356
330 329
516 516
726 729
531 530
399 399
514 513
429 429
497 496
500 501
453 453
469 469
553 553
698 697
551 551
292 291
493 493
564 566
485 484
293 294
266 269
477 476
533 533
492 492
613 613
604 604
512 516
495 495
321 320
456 457
480 480
556 557
652 651
533 532
558 558
414 413
464 464
342 341
517 518
535 535
517 518
491 491
530 533
429 429
564 564
597 598
373 372
569 568
591 591
622 622
415 416
613 613
341 343
563 564
580 581
493 492
483 484
635 634
402 402
512 512
425 424
444 444
311 313
737 739
472 471
641 641
739 738
392 392
426 425
469 469
380 381
563 562
565 565
395 394
416 416
327 328
672 672
245 245
496 496
529 528
353 352
591 591
304 303
546 546
562 561
483 484
553 552
485 486
462 463
531 530
410 410
574 573
600 600
647 646
632 631
627 626
548 547
458 457
594 594
445 445
576 576
418 418
547 546
334 333
494 493
507 507
454 454
495 495
414 414
436 437
645 645
459 458
380 381
406 407
555 555
497 496
430 429
468 467
644 646
646 646
503 502
554 554
448 447
516 518
432 431
460 461
303 303
421 423
458 458
472 472
689 689
351 352
329 329
680 680
712 712
580 579
515 514
531 531
475 475
584 583
558 557
302 301
423 422
385 385
664 664
504 504
519 519
522 522
438 439
511 513
454 453
574 575
473 472
713 712
410 409
468 469
632 633
686 685
556 557
467 466
454 454
462 461
296 295
494 495
304 304
535 534
694 693
444 443
459 461
655 654
422 421
508 512
167 167
193 194
422 421
400 400
437 437
541 544
408 410
601 600
331 331
553 554
514 514
458 458
620 620
429 428
652 651
304 304
421 422
278 278
262 261
575 574
397 397
381 382
541 541
485 485
522 522
457 457
525 525
542 541
628 629
394 393
457 457
634 634
578 578
567 567
477 478
454 454
495 495
510 511
447 446
487 486
371 371
526 527
731 733
504 504
588 587
496 496
501 500
594 593
550 551
401 401
433 433
567 569
491 492
474 474
543 542
472 472
540 540
433 435
420 420
534 533
647 649
670 669
542 543
382 382
428 428
631 632
441 445
741 742
400 399
519 519
579 578
610 609
539 541
482 481
510 509
426 426
515 514
562 563
384 383
447 447
472 473
515 515
505 505
428 428
514 515
660 661
677 676
547 547
532 532
507 506
486 485
595 596
444 443
492 491
567 575
491 491
519 520
506 507
598 599
498 498
369 369
526 526
374 374
548 548
651 651
393 392
525 524
524 523
646 646
453 452
513 512
513 513
540 540
530 531
431 430
510 509
400 400
404 405
506 505
555 555
584 584
546 547
515 514
395 396
600 600
600 600
419 418
397 401
671 673
614 616
576 575
783 784
608 607
564 564
546 545
530 530
544 544
463 462
580 580
557 556
672 671
592 593
463 464
527 526
422 422
426 425
350 350
416 416
513 515
542 541
509 509
380 379
594 594
610 609
564 564
449 448
414 414
477 476
549 548
504 503
501 502
646 646
677 676
442 441
526 527
278 277
630 630
416 416
364 364
589 589
659 659
504 503
623 622
568 568
256 255
627 626
640 641
441 440
394 393
423 422
660 662
462 462
487 486
519 518
506 508
379 379
489 488
365 365
469 474
531 531
674 674
593 592
671 671
465 465
439 438
625 625
465 465
545 545
578 577
329 329
414 413
533 533
589 589
557 558
611 610
568 568
482 482
374 374
354 353
500 499
458 458
530 530
558 557
496 496
589 590
503 502
330 329
622 621
451 450
534 534
555 555
572 574
453 453
572 571
436 436
538 539
601 600
483 482
470 469
411 410
489 489
372 371
632 633
372 371
383 383
594 593
740 740
428 428
411 410
234 233
543 543
549 550
376 375
364 364
600 599
298 300
506 507
579 581
501 500
534 533
683 683
596 596
580 579
486 486
501 500
489 489
515 516
349 350
486 486
504 504
368 368
587 586
546 547
437 436
606 605
409 410
486 486
433 432
512 514
488 489
398 400
358 363
609 609
601 602
598 597
715 715
513 513
375 375
569 569
445 444
359 359
651 651
478 477
461 462
611 611
208 207
535 534
311 310
537 536
362 361
570 570
562 562
510 511
581 582
593 592
722 723
555 554
440 439
404 405
521 524
432 432
379 379
276 277
320 320
570 569
502 501
638 638
498 498
429 428
504 503
432 434
439 439
590 590
484 485
458 458
523 522
491 491
475 474
331 333
488 488
354 354
555 555
537 537
533 535
601 601
272 272
578 578
643 642
428 427
620 620
594 593
532 532
440 439
408 409
469 468
657 657
638 637
582 584
468 467
592 592
466 465
519 519
502 503
419 420
337 336
373 373
373 374
594 594
475 475
432 431
725 730
502 501
586 585
518 518
553 552
496 497
702 704
488 487
517 516
436 436
591 591
462 462
514 513
610 610
525 524
554 554
502 502
537 536
528 527
479 479
486 485
577 577
382 386
479 480
388 388
597 596
350 353
528 527
345 345
445 444
488 488
618 618
455 454
539 539
578 579
659 659
374 374
549 549
470 470
572 572
378 379
482 482
606 607
468 471
426 426
381 380
481 481
561 561
379 378
481 480
739 739
565 566
455 456
429 429
693 692
502 501
672 672
395 394
435 435
450 451
562 561
558 558
536 538
495 494
520 520
445 445
364 364
382 382
345 345
511 510
526 526
506 506
654 654
382 387
578 578
369 369
608 607
498 497
594 595
519 518
379 379
505 508
582 583
409 408
505 506
447 446
499 502
421 420
455 455
596 598
230 232
326 325
557 560
482 482
353 353
294 293
626 625
602 601
559 558
567 567
529 528
470 470
287 286
328 327
517 517
473 473
456 456
549 549
622 622
604 605
632 632
334 336
438 440
590 592
629 628
391 390
351 350
202 201
414 413
600 600
599 603
430 435
418 419
627 626
542 541
638 638
648 648
330 330
454 454
497 496
532 532
660 659
681 683
485 484
324 323
510 509
456 456
278 279
601 601
328 328
423 424
339 338
503 503
514 514
462 461
502 501
586 588
354 356
528 529
611 611
423 425
541 540
533 533
300 300
553 555
357 356
529 529
453 454
575 574
381 381
565 564
477 477
501 500
524 524
461 460
490 489
563 563
535 534
363 362
499 501
623 622
400 401
504 503
479 479
375 374
448 448
535 534
429 429
353 355
419 419
467 468
388 388
276 275
631 630
509 509
607 613
534 533
447 446
608 608
559 561
516 516
368 371
424 424
236 235
448 450
545 546
462 462
435 436
534 534
522 521
492 491
535 534
552 551
500 501
569 569
570 569
800 803
404 403
289 289
402 401
542 541
525 524
688 687
400 403
445 445
529 529
468 468
501 501
522 522
597 596
465 464
488 490
486 491
392 392
595 599
560 560
327 326
485 485
469 469
517 517
516 516
414 413
533 535
474 473
489 489
568 567
471 470
662 665
435 435
258 257
400 399
270 271
451 450
378 377
465 466
541 540
380 379
469 468
464 463
564 563
616 617
731 731
411 410
549 550
458 457
393 393
595 598
318 319
384 383
562 561
314 313
519 519
378 379
478 478
686 686
687 688
395 395
461 461
581 581
481 481
359 358
422 421
405 405
456 457
503 503
559 560
584 583
586 585
642 644
502 502
413 413
450 449
453 452
445 448
450 449
424 425
366 367
550 549
567 567
526 525
358 360
387 386
426 425
650 649
434 435
577 581
463 465
519 518
614 614
628 628
232 234
436 436
416 416
577 576
462 463
468 467
615 614
566 566
568 567
523 523
485 486
420 420
480 479
429 430
380 380
636 636
689 689
471 471
554 555
414 413
411 410
607 606
651 651
501 500
465 465
524 524
434 434
644 644
385 384
596 596
633 633
570 570
423 423
306 305
540 542
439 439
390 390
585 584
467 466
579 580
500 501
463 466
556 556
492 492
600 601
424 424
542 542
505 505
776 775
450 450
411 410
480 479
435 436
459 459
671 671
398 398
569 569
530 533
569 568
521 521
578 577
655 654
560 559
372 371
365 364
508 507
532 531
351 351
513 513
494 493
458 458
488 488
570 570
723 724
356 357
475 475
499 499
459 459
520 519
575 575
359 360
639 638
636 637
537 537
580 579
416 415
657 659
441 441
494 494
615 615
255 255
387 387
585 584
488 489
530 529
328 330
406 407
527 527
391 394
435 435
371 371
434 433
305 305
346 345
456 456
509 509
621 621
680 681
446 446
490 489
570 570
433 438
461 460
543 544
454 455
425 425
388 388
473 473
413 412
370 369
393 393
623 627
611 618
450 449
412 412
632 633
321 320
365 365
694 694
593 594
435 435
552 551
490 489
401 401
521 521
491 491
371 371
561 560
256 256
495 494
422 421
624 625
446 445
527 526
558 559
488 487
654 653
446 446
472 472
646 645
570 573
519 518
404 403
423 422
500 500
708 709
272 271
484 484
473 474
541 541
605 605
773 772
615 614
666 669
576 575
371 371
534 533
331 333
438 437
356 356
618 617
489 491
382 382
536 535
409 408
467 466
467 467
459 459
635 634
413 413
487 487
529 528
321 320
427 427
485 485
497 499
428 427
553 552
718 717
570 571
473 472
428 429
365 367
428 429
586 586
640 640
370 369
479 478
509 511
561 560
517 517
293 295
592 591
657 664
444 444
542 542
779 778
495 496
542 542
454 454
622 622
487 487
585 587
522 522
476 477
512 512
511 510
613 612
439 438
460 460
568 567
415 415
506 505
542 545
627 628
616 616
430 429
338 338
607 608
335 336
416 415
500 499
560 560
506 506
635 634
586 588
486 485
594 594
316 317
469 468
554 556
492 492
479 478
619 619
410 409
576 576
500 499
473 474
403 403
550 550
373 372
524 524
531 531
335 334
350 349
464 463
529 531
389 389
511 511
481 481
429 428
686 686
496 497
408 408
441 440
342 342
382 383
531 530
428 427
445 445
518 517
417 417
735 734
550 550
539 538
462 463
315 314
286 286
390 389
616 616
686 687
434 434
522 521
419 419
441 440
374 374
430 429
528 527
593 595
662 662
349 348
497 496
363 362
607 609
487 486
496 496
491 490
595 595
527 527
397 397
374 374
636 636
310 312
332 332
776 775
372 371
594 594
505 504
575 574
440 440
452 453
498 497
588 588
394 394
546 551
452 451
577 577
533 534
461 461
585 584
302 301
658 657
599 601
728 727
489 489
356 357
645 644
511 511
540 539
620 621
505 507
563 564
588 588
466 466
559 560
440 441
619 618
463 463
542 542
502 501
558 559
401 400
365 365
577 579
502 501
580 579
507 507
428 428
531 530
704 703
492 491
560 560
607 609
376 376
247 246
584 585
505 504
635 636
539 541
499 498
714 714
494 494
333 333
448 449
408 407
406 405
332 332
458 457
590 596
613 613
658 658
391 390
583 582
477 485
574 573
398 398
330 330
569 571
464 465
413 413
429 428
481 481
511 510
590 589
536 536
562 563
471 472
452 452
538 538
603 602
436 436
390 391
524 523
501 500
394 394
350 350
510 509
689 688
666 666
465 465
419 419
302 301
669 680
467 467
385 385
494 493
427 427
602 601
590 590
347 346
279 278
537 536
546 545
377 377
520 520
289 288
566 565
399 398
559 558
690 689
534 534
561 562
390 389
596 598
633 633
723 723
449 449
526 526
558 558
256 256
419 418
535 534
510 510
519 518
443 442
664 664
293 294
434 435
511 512
330 331
482 483
582 583
315 315
390 390
367 367
498 500
656 656
438 438
536 537
558 558
572 572
430 430
600 599
546 545
535 536
418 417
397 396
580 580
423 422
483 483
425 427
511 510
496 496
589 588
560 560
595 594
470 469
602 604
416 417
398 397
659 663
631 631
413 415
284 284
463 463
669 668
552 553
437 436
614 613
500 501
388 387
552 552
432 432
499 498
655 654
442 444
467 467
574 573
693 692
568 567
537 536
546 546
538 538
599 599
420 420
551 551
556 556
599 599
427 426
538 537
521 521
404 405
490 490
619 618
555 554
612 612
550 549
533 532
414 415
632 631
588 587
637 637
487 486
507 507
332 331
509 509
531 530
714 713
522 521
604 603
479 479
589 588
537 537
528 527
643 643
364 363
560 560
351 352
312 313
561 562
405 405
487 486
437 437
507 508
428 427
481 481
526 527
307 308
366 367
576 576
299 298
445 445
304 303
551 551
501 502
501 504
452 452
663 664
493 494
600 600
651 650
376 375
682 684
415 415
312 311
699 699
399 402
426 425
559 559
615 615
399 398
402 401
588 588
510 510
502 502
436 435
608 607
408 408
612 611
484 484
361 361
400 399
437 437
568 569
528 527
569 570
538 538
745 746
629 629
562 562
375 375
701 700
442 442
500 499
587 588
620 620
495 497
566 566
357 356
439 438
521 521
563 563
267 266
601 601
435 435
517 516
601 602
491 490
505 505
383 382
524 524
426 426
660 659
511 512
395 395
469 469
556 560
402 401
521 520
356 357
573 573
605 604
366 365
432 433
419 418
551 551
469 470
453 452
577 576
586 586
437 436
316 315
411 412
311 311
500 499
404 405
566 565
453 454
509 509
587 588
664 666
377 376
521 522
304 304
352 353
475 477
526 525
390 394
510 510
484 483
596 596
471 471
530 530
415 415
537 536
556 555
449 448
468 468
485 486
791 791
431 431
505 505
635 635
636 636
386 386
380 380
720 720
454 454
611 613
422 424
558 559
483 482
426 425
674 676
645 647
383 384
556 555
629 629
475 474
495 496
475 476
688 689
685 684
473 472
460 460
521 521
596 595
469 468
587 586
493 493
450 449
415 415
432 431
473 472
517 516
401 400
606 605
377 379
466 466
448 447
569 568
521 521
395 395
416 415
426 426
722 722
472 471
539 539
439 438
543 543
512 513
380 381
640 640
494 493
405 404
382 382
444 443
413 413
496 496
595 595
506 505
430 429
470 470
631 631
479 479
463 462
585 584
468 468
467 466
373 372
345 345
470 470
513 512
559 558
416 415
392 391
424 425
592 592
482 481
552 552
629 629
599 599
348 350
524 524
320 320
364 364
456 460
452 453
452 452
471 470
476 475
530 529
455 455
657 656
510 510
419 418
520 520
620 620
598 597
483 484
408 408
530 530
421 420
586 585
515 516
462 461
515 514
396 395
301 300
534 534
451 450
339 338
487 487
440 440
625 625
371 371
559 558
507 506
409 408
552 552
499 499
426 427
435 435
551 550
496 498
534 533
552 554
516 516
686 686
529 529
293 293
622 622
634 636
564 564
583 583
548 547
497 497
415 415
503 503
687 687
529 530
464 463
400 399
463 463
536 536
571 571
429 428
651 650
465 464
467 466
434 434
368 371
413 412
563 562
394 393
395 396
486 486
480 480
493 492
406 407
538 538
671 670
522 521
622 624
607 609
399 399
557 556
517 517
554 554
518 518
517 518
704 711
478 478
493 493
565 565
516 517
448 448
451 451
348 347
523 522
499 498
518 517
490 490
375 375
380 380
495 495
457 456
433 433
541 540
473 473
312 312
430 430
382 381
469 469
552 552
579 579
462 463
498 497
453 452
510 510
462 462
505 505
603 606
499 498
325 325
493 493
434 434
659 659
583 583
317 318
505 505
542 541
380 379
402 401
588 588
595 595
474 473
358 357
576 575
488 487
531 531
473 474
434 433
491 494
452 451
475 474
399 398
585 584
389 389
377 377
397 397
347 346
668 668
667 667
466 467
643 642
496 497
452 451
451 451
409 411
298 299
588 589
594 593
558 557
742 744
515 516
428 427
712 713
321 320
642 645
445 447
634 634
614 617
381 381
490 491
543 543
475 474
431 433
449 449
339 339
531 530
656 656
534 533
435 434
419 418
580 580
353 353
327 327
620 619
574 573
532 531
539 539
525 524
371 371
499 499
475 474
553 554
624 623
524 524
508 508
394 395
655 655
457 458
355 354
724 724
471 470
424 424
437 436
472 471
418 418
357 356
634 634
434 435
562 563
477 477
413 413
695 695
410 409
583 584
393 393
560 560
437 440
530 530
499 500
481 481
669 668
432 431
450 450
421 421
443 443
572 571
496 495
460 460
654 654
610 609
423 424
672 671
513 516
481 481
434 434
638 638
604 603
512 511
516 516
677 677
530 532
501 503
684 683
520 519
567 566
240 239
524 523
385 385
438 440
419 419
562 562
697 697
664 666
455 455
592 591
646 646
611 612
478 480
540 545
390 389
658 658
477 476
620 620
480 481
512 512
541 541
610 610
502 501
603 603
410 410
565 566
474 476
544 544
476 477
484 483
620 621
448 447
433 434
389 390
490 490
533 533
538 538
337 337
407 406
435 435
554 555
524 524
565 565
493 492
411 413
452 452
401 401
523 523
518 526
556 555
443 443
422 422
617 616
533 534
538 541
530 529
498 498
624 625
519 518
425 425
643 642
420 420
549 550
567 566
464 463
486 488
477 479
488 489
506 506
493 492
311 310
474 474
340 340
430 430
470 471
513 515
534 533
234 235
533 534
560 562
247 247
516 519
460 459
402 403
399 398
489 488
564 564
392 392
568 567
409 412
514 513
439 442
657 656
707 706
395 394
522 521
541 541
575 574
486 485
525 524
526 526
525 524
463 463
496 495
386 386
387 386
529 530
448 449
600 599
522 523
524 525
540 540
437 437
516 515
466 465
470 471
340 342
406 406
483 489
528 528
295 294
452 451
398 397
343 343
374 374
431 430
515 515
494 493
490 489
684 683
489 489
560 559
388 389
720 719
525 526
446 447
501 502
461 463
679 678
531 535
344 344
365 365
468 469
630 629
421 421
463 463
416 420
451 451
566 565
538 538
514 513
472 472
604 603
592 593
598 600
453 453
442 444
499 501
549 549
538 537
639 639
510 510
437 438
712 712
353 353
617 617
298 298
601 600
543 547
469 468
498 497
522 521
591 591
460 459
522 522
730 731
476 475
586 585
353 352
397 397
223 222
627 629
470 469
367 367
588 588
546 546
589 590
363 363
432 432
507 506
591 593
462 461
523 525
439 438
395 396
664 664
413 413
602 601
478 477
393 396
402 401
502 501
642 642
360 360
464 464
491 493
523 523
463 462
556 556
593 593
425 426
615 616
364 364
417 416
572 572
430 429
436 436
521 524
598 601
424 423
541 540
678 680
452 451
258 258
564 563
487 487
590 589
569 568
520 520
523 524
389 388
546 547
431 431
517 516
513 513
322 321
831 831
443 442
436 435
486 486
432 431
450 450
613 613
454 453
560 560
625 626
453 452
627 626
530 530
465 465
562 562
444 443
430 430
571 571
554 556
455 455
619 619
394 393
429 429
643 652
496 495
682 684
461 460
563 562
302 302
554 554
494 496
578 578
278 279
467 466
496 495
587 588
390 390
498 497
655 655
554 554
633 632
439 439
521 521
408 408
460 459
547 546
730 730
486 486
543 543
505 504
456 455
678 678
429 428
418 418
516 517
467 466
558 557
521 520
401 400
403 403
521 520
447 447
455 455
472 472
518 517
517 517
478 477
442 441
652 652
450 449
616 615
458 458
473 472
342 341
453 452
507 506
445 445
480 481
398 398
583 582
343 342
440 439
470 470
632 633
445 445
521 521
463 465
640 640
496 496
539 539
680 679
480 480
514 514
410 409
595 595
589 588
480 480
557 556
578 577
727 727
703 704
624 626
579 579
604 603
568 567
580 580
609 608
589 589
536 538
547 547
303 302
579 580
524 523
327 327
446 445
554 555
297 296
432 432
571 570
452 452
595 594
549 548
570 570
577 576
498 499
605 604
417 416
605 605
498 498
466 466
397 396
336 338
549 550
557 556
513 514
486 485
482 484
476 476
419 419
428 432
467 467
368 368
348 348
327 328
562 562
366 365
372 373
434 434
560 559
395 394
458 458
486 485
669 670
504 504
563 563
591 590
668 668
210 209
654 653
458 459
422 421
490 491
408 410
726 725
518 517
456 456
434 434
418 417
540 542
632 632
319 318
372 372
409 409
387 387
638 639
378 377
537 536
463 464
516 515
575 576
641 641
641 641
514 514
612 612
632 631
513 512
679 680
405 404
522 522
364 363
469 468
351 351
659 658
514 513
543 542
588 587
473 474
466 465
312 311
622 621
441 442
493 493
375 375
629 628
540 540
375 374
664 663
525 525
304 304
616 615
480 480
460 460
675 678
515 514
587 587
418 418
573 573
341 340
431 431
455 455
371 371
442 442
432 433
403 402
461 460
533 532
414 414
577 576
371 371
490 493
517 516
624 624
579 579
609 609
651 653
628 628
553 552
421 421
559 560
301 302
470 471
464 464
435 435
645 645
544 543
399 399
446 445
471 471
568 570
415 415
333 333
509 509
500 499
500 500
329 328
603 602
505 505
408 408
550 550
642 643
579 579
631 630
562 562
624 623
256 255
495 495
472 472
483 484
406 409
623 623
442 441
543 542
626 626
435 434
252 252
298 298
470 469
536 535
462 462
522 523
597 597
452 451
474 473
614 614
417 416
335 336
629 628
401 400
623 623
562 562
498 500
545 544
353 354
577 578
588 589
248 250
528 527
566 565
496 496
360 360
635 634
419 421
559 559
362 361
668 667
710 710
489 489
411 410
536 537
269 268
401 400
383 384
670 670
707 708
554 553
707 706
507 506
431 431
550 549
560 559
473 473
584 585
478 477
624 623
574 573
470 469
414 413
630 630
337 336
568 568
590 589
458 458
439 438
365 367
548 548
561 561
603 603
661 661
562 561
375 374
207 206
579 580
566 566
406 405
636 635
354 353
355 355
440 439
303 302
626 628
683 683
425 427
430 430
338 337
387 386
604 605
638 637
399 401
428 427
445 444
341 341
495 497
556 556
492 491
420 420
459 460
429 428
458 457
457 456
682 682
423 422
369 369
500 500
524 525
527 526
612 613
572 577
411 411
635 640
402 402
275 276
350 350
503 502
499 499
464 466
538 537
481 481
587 587
610 609
458 458
465 466
497 496
555 556
380 380
550 551
633 632
239 239
521 520
319 322
619 618
635 634
482 483
621 621
430 430
481 482
571 571
423 422
568 568
499 498
594 596
379 378
633 633
330 329
406 405
421 420
411 413
489 489
370 370
512 511
341 341
557 556
375 376
263 265
640 640
596 596
394 394
445 444
638 637
531 531
599 598
441 442
432 432
581 582
492 493
736 735
438 438
607 606
290 291
627 626
573 572
486 485
719 719
439 438
677 676
496 496
610 610
379 378
587 587
673 677
539 539
386 387
530 532
571 570
564 564
340 340
693 693
582 581
424 424
647 647
539 539
636 636
711 711
653 653
768 768
608 607
670 671
564 563
448 450
549 548
491 492
335 335
669 668
630 631
391 392
396 395
585 585
478 477
447 447
473 473
521 522
562 562
504 505
530 530
317 320
510 509
505 504
525 525
453 453
502 501
512 513
476 475
641 643
518 517
436 438
496 495
446 446
541 542
470 469
561 560
435 435
440 441
520 519
401 401
392 392
497 496
607 607
498 498
632 632
509 508
561 561
440 440
506 506
507 507
516 516
575 575
559 559
524 524
479 478
655 655
583 583
598 597
533 532
349 354
468 467
509 509
488 488
379 379
474 474
461 462
501 501
584 585
490 490
479 479
355 355
406 405
513 513
464 463
562 562
451 451
507 506
471 470
344 344
563 563
515 514
391 390
457 456
512 513
382 389
533 534
585 585
505 506
414 413
732 734
673 672
446 445
562 563
628 627
473 473
512 512
611 611
477 476
502 501
568 569
312 311
408 412
391 390
347 347
330 329
519 519
785 786
602 602
459 459
409 409
655 654
449 448
396 395
358 359
525 524
729 729
538 539
460 462
466 466
302 301
455 455
397 396
414 415
470 469
470 472
522 522
458 457
543 545
539 538
566 567
305 305
365 365
501 500
346 347
457 457
391 391
483 483
658 659
458 457
478 479
430 430
424 423
475 474
403 402
489 491
645 644
513 512
474 473
559 558
624 624
553 553
397 397
580 580
432 433
416 417
733 733
440 440
419 418
655 655
458 458
623 623
488 495
578 577
338 339
517 517
463 463
351 352
488 489
393 393
484 483
389 389
496 496
678 678
352 352
547 547
582 583
642 642
369 369
286 286
414 414
740 739
570 570
475 474
488 487
531 530
459 459
475 475
437 436
509 508
453 453
488 487
343 342
489 488
651 651
550 549
367 367
445 444
526 527
473 474
359 358
548 547
430 430
433 433
469 469
351 351
545 545
571 572
600 600
458 457
709 708
409 409
581 580
621 620
572 571
439 439
396 397
603 604
405 404
462 461
565 565
423 423
563 562
582 582
550 550
584 584
672 671
380 380
573 575
544 544
566 565
345 344
403 403
534 535
486 485
439 439
553 552
511 510
361 361
556 555
705 705
442 443
482 481
500 499
499 498
490 491
547 547
552 551
387 389
559 560
290 289
494 497
482 482
343 344
482 482
526 527
538 537
454 454
690 689
567 572
513 515
577 576
361 361
602 601
539 538
510 510
393 393
392 391
535 536
510 510
510 511
447 447
475 474
573 572
446 446
611 612
446 445
558 558
498 497
511 511
414 413
532 533
436 437
352 351
395 396
515 516
450 450
629 629
427 427
494 493
467 467
520 519
543 544
480 482
424 424
697 696
532 532
509 509
576 575
480 479
627 627
738 738
685 684
623 623
512 512
680 680
434 433
620 619
480 480
667 667
707 706
495 497
621 621
451 450
490 490
677 677
543 542
430 431
473 474
521 520
546 545
305 304
486 488
366 366
559 560
489 488
633 632
286 286
515 515
314 315
483 482
507 507
425 425
343 344
495 494
523 522
628 628
355 356
676 675
373 372
505 509
511 511
280 280
487 486
632 632
536 536
572 572
410 410
425 424
558 559
370 372
647 648
410 411
459 458
557 557
453 452
379 379
538 538
645 644
458 458
546 545
574 576
414 414
560 560
755 755
363 364
622 624
416 418
493 493
481 481
528 528
477 477
551 550
432 434
481 480
444 444
522 522
532 531
663 663
455 454
361 361
654 654
436 437
428 429
519 519
468 467
547 547
591 591
173 173
444 444
387 387
554 555
257 258
429 429
597 597
467 467
538 538
653 653
579 581
680 681
285 284
437 437
468 467
615 617
552 553
489 488
324 324
557 556
398 398
576 575
373 373
511 510
574 574
395 395
374 374
423 422
490 490
530 530
615 618
550 550
452 451
522 521
413 412
680 681
431 430
327 326
546 545
713 717
423 423
398 398
638 638
599 600
689 688
690 690
572 572
404 404
396 395
411 412
543 543
384 384
418 419
510 510
719 718
660 660
384 384
353 354
344 344
556 557
618 618
525 524
458 457
517 517
697 696
495 495
539 538
690 689
471 471
447 446
577 576
610 610
455 456
567 566
351 350
409 410
416 415
535 535
518 517
466 466
443 442
445 444
477 478
541 543
540 539
457 457
419 419
466 465
613 612
504 504
505 506
476 476
507 508
731 732
662 663
560 561
586 590
464 464
440 440
619 618
516 516
475 475
463 462
574 574
484 483
486 489
394 394
598 598
491 491
485 486
598 597
509 509
489 489
536 536
582 582
534 534
596 596
492 491
578 577
441 441
415 414
488 489
676 677
624 624
427 427
508 507
555 555
443 444
459 458
686 685
479 480
484 484
432 432
380 380
481 482
328 327
540 541
551 551
562 562
533 532
378 377
662 661
611 612
511 512
459 462
603 604
274 275
465 465
526 525
467 467
655 654
508 509
484 484
446 447
601 600
497 497
407 407
366 366
599 600
422 421
820 820
464 464
468 467
421 422
566 566
544 543
540 540
609 609
684 683
431 431
485 485
687 688
449 449
408 407
538 538
371 372
551 550
473 472
487 487
495 495
649 649
641 641
405 405
510 509
535 536
471 470
634 634
513 514
563 564
482 483
334 334
561 561
462 462
522 523
448 450
446 447
568 567
432 431
483 482
329 328
434 435
377 377
362 362
579 581
365 365
544 544
636 635
565 565
407 408
521 521
476 475
469 468
498 499
488 488
335 334
511 511
571 570
501 501
489 489
549 549
468 468
592 594
515 517
464 463
480 481
464 463
411 410
510 510
475 475
525 524
487 487
546 546
608 607
440 440
431 430
532 533
441 441
345 345
457 457
441 440
496 496
411 410
527 528
386 386
392 391
493 493
587 588
564 565
462 461
352 352
686 686
557 557
414 413
660 659
466 465
504 504
562 562
507 506
514 514
460 460
343 347
550 551
534 533
643 643
388 388
388 391
537 536
494 494
476 475
456 456
523 522
458 457
580 580
494 494
613 613
378 378
533 532
446 446
499 498
381 382
545 544
538 538
608 608
516 516
472 474
469 470
316 315
486 486
438 439
530 530
369 368
490 489
664 664
265 264
450 450
540 539
366 365
494 493
591 592
585 589
586 586
465 464
411 410
513 512
408 407
464 464
520 520
431 430
407 406
460 460
591 590
504 504
431 430
438 438
694 694
366 365
437 436
211 210
414 413
765 765
459 458
595 594
443 443
402 403
188 189
319 319
585 584
483 483
362 362
503 504
595 594
653 653
598 600
619 618
644 647
429 428
526 526
359 359
605 605
611 610
478 479
393 393
369 369
495 495
529 529
403 402
545 545
515 516
515 514
591 593
539 539
576 576
585 586
637 637
583 582
417 416
519 518
441 441
436 436
485 485
510 509
608 609
784 787
561 563
667 667
488 488
522 521
352 351
735 738
391 394
499 498
521 521
501 500
380 381
515 514
435 437
504 503
584 583
489 488
528 527
400 401
442 441
498 500
475 476
546 547
431 430
497 497
532 533
616 617
536 536
443 443
339 340
587 586
508 508
486 485
642 642
519 518
411 411
602 604
470 470
311 311
514 513
454 454
458 458
432 431
535 536
331 331
500 499
520 519
501 501
664 663
578 577
386 386
597 597
292 291
529 529
513 512
489 492
456 455
383 382
509 510
675 675
667 666
346 347
595 596
678 678
509 510
364 367
542 542
529 529
576 577
543 545
367 366
459 460
370 369
438 437
701 700
475 475
497 496
596 596
477 477
678 677
529 529
560 563
443 443
533 534
472 474
610 609
260 261
552 552
552 552
426 425
333 333
585 585
597 598
671 670
564 563
503 502
624 625
394 393
430 430
465 465
396 396
439 441
420 420
421 421
601 603
312 311
469 468
508 508
482 482
613 612
532 531
373 372
510 509
353 352
460 459
573 573
435 435
502 503
562 563
456 456
484 483
433 433
560 559
519 519
439 438
512 511
297 297
499 499
444 447
582 586
662 664
622 624
431 430
583 585
421 421
385 385
526 527
484 483
481 481
472 472
474 473
428 427
464 465
374 373
577 577
352 352
583 582
418 418
669 668
498 498
301 303
449 448
611 610
421 421
455 454
533 533
545 544
564 564
450 450
391 391
414 416
499 499
387 387
573 573
480 479
560 559
658 657
567 570
470 470
564 563
354 353
569 568
440 441
601 601
630 630
341 342
421 421
441 440
515 516
559 558
447 447
307 306
650 652
547 548
349 350
534 534
539 539
402 403
399 400
384 384
420 420
509 508
710 709
615 614
556 556
495 494
581 581
464 463
377 377
587 586
589 588
562 562
541 540
468 467
544 544
558 557
324 323
478 477
430 430
621 620
433 432
556 556
647 646
655 654
574 574
600 600
673 673
550 549
501 500
488 487
546 546
449 449
527 526
400 399
506 506
722 722
419 418
591 590
496 496
398 397
398 399
481 480
678 677
498 498
451 453
524 524
652 654
376 375
310 309
325 325
403 405
659 658
483 483
552 552
515 516
463 462
607 606
535 539
487 486
430 429
526 525
615 615
584 583
577 578
607 606
545 544
383 383
498 501
467 468
509 508
622 621
516 516
405 405
393 394
395 397
612 611
478 477
471 471
515 514
386 385
462 462
677 677
442 442
586 587
466 466
525 525
547 547
682 681
493 492
617 617
332 331
513 513
519 520
510 510
507 508
464 463
406 406
518 518
533 532
602 603
701 700
568 568
488 487
460 461
439 438
352 352
516 516
348 348
551 557
484 483
412 412
370 370
445 444
495 495
481 481
461 461
349 349
319 320
360 360
596 595
588 587
463 463
344 343
448 448
493 493
476 477
278 277
578 578
610 610
424 425
479 479
675 674
456 457
497 496
567 569
556 556
563 562
533 533
514 514
665 665
451 451
372 372
548 550
245 245
670 670
505 504
564 563
539 538
573 576
471 470
424 424
600 600
610 609
553 552
588 588
520 521
441 442
517 520
417 416
483 483
408 407
378 378
307 307
528 527
620 619
486 485
538 540
632 632
468 467
445 446
657 660
506 505
520 521
678 678
442 442
343 342
533 532
628 628
412 412
437 436
514 515
465 464
607 607
456 458
350 351
539 538
417 417
556 556
558 557
679 678
422 426
501 502
471 471
513 512
406 408
424 425
368 367
462 463
451 450
413 413
312 311
434 434
504 505
371 371
445 445
565 565
462 461
330 330
420 422
619 619
365 365
481 483
552 552
551 550
472 472
322 323
596 596
477 476
571 570
435 436
486 486
359 359
372 372
489 489
535 535
437 437
489 490
496 497
670 670
470 470
413 413
634 635
457 457
698 699
484 484
493 493
648 649
491 490
617 616
611 613
509 509
511 510
241 240
568 567
576 577
519 518
344 343
523 523
426 426
620 619
388 389
561 561
514 513
365 365
657 658
515 514
545 547
428 429
546 546
538 538
534 534
461 461
455 457
631 631
520 520
557 558
550 550
435 434
328 327
436 436
603 602
512 512
505 505
393 393
405 404
405 405
395 395
328 328
398 397
482 482
524 525
413 414
528 527
483 482
432 431
497 496
563 563
564 564
439 439
475 474
417 417
540 540
485 484
561 561
507 511
491 490
441 442
350 349
362 362
520 520
529 528
603 604
566 565
384 385
395 394
536 536
379 379
539 538
527 526
552 555
264 265
480 480
292 292
489 488
624 623
512 512
592 592
532 537
758 758
531 530
471 472
185 185
516 515
550 550
511 510
569 571
469 469
463 463
449 451
510 509
512 511
451 451
637 636
391 392
617 617
564 564
481 481
557 557
518 518
488 489
548 547
591 590
635 635
602 603
475 476
410 410
587 588
641 640
482 482
623 622
476 476
562 563
574 573
608 609
447 447
609 608
395 395
457 458
601 602
584 584
401 402
288 288
609 610
447 448
492 491
484 484
359 358
444 444
527 526
189 189
485 485
625 624
366 366
447 447
594 593
606 608
482 482
462 462
545 545
549 548
520 520
461 460
324 323
516 516
476 475
338 338
356 355
533 533
237 236
568 567
414 414
281 283
649 649
511 511
348 348
444 444
488 487
524 524
673 672
529 529
616 616
555 554
588 587
463 463
399 398
537 537
401 400
428 428
364 364
580 579
476 475
696 696
367 368
472 472
605 605
499 499
452 451
519 520
522 522
546 547
614 615
597 598
476 477
480 479
529 529
372 371
481 484
424 423
608 608
395 394
614 614
486 485
536 536
469 469
430 430
434 434
386 387
459 458
562 563
636 636
553 554
516 515
402 402
645 645
541 543
641 641
425 424
658 658
520 519
604 604
343 343
393 393
703 703
444 443
698 697
519 519
438 440
542 543
511 510
522 522
416 415
579 579
340 340
526 530
527 526
732 731
522 521
306 308
404 403
665 665
267 267
533 533
548 547
477 476
424 424
392 395
404 403
407 406
279 279
566 565
495 494
554 554
442 442
650 649
391 390
562 561
514 515
748 748
649 648
340 341
653 654
477 476
465 465
554 555
621 620
451 450
403 402
442 441
413 413
462 461
442 443
595 595
427 426
560 560
592 592
586 588
582 581
681 681
483 483
570 569
542 542
494 494
488 487
519 520
530 529
673 672
419 422
332 332
559 559
484 484
502 502
567 567
585 584
630 630
580 579
345 345
517 519
672 672
497 497
502 502
573 574
540 541
485 489
487 486
568 570
513 512
570 570
463 463
381 382
523 525
616 616
600 599
424 423
548 547
534 535
565 565
387 389
460 460
383 389
487 489
753 754
542 542
542 541
603 602
632 632
538 537
558 559
574 573
403 402
580 580
527 526
433 435
572 572
492 492
416 415
526 525
562 562
713 713
572 573
587 586
485 485
459 459
520 519
425 425
557 556
496 495
463 462
578 578
527 527
603 603
289 289
556 556
528 528
485 485
627 627
408 408
514 513
404 404
680 680
472 471
524 524
632 632
481 480
582 582
564 563
679 680
459 459
435 436
393 392
575 574
529 529
359 360
456 455
405 405
656 656
658 658
467 467
379 379
530 530
436 438
380 380
642 642
656 656
569 570
404 403
678 678
466 466
510 512
407 408
433 432
637 636
542 543
507 506
400 399
490 489
544 547
517 517
494 494
510 509
503 502
492 492
517 518
423 422
710 709
346 346
628 628
502 501
553 552
468 470
464 464
416 416
488 487
287 287
715 717
541 540
552 551
719 719
482 482
325 324
469 469
669 668
653 653
509 508
436 438
358 357
386 388
593 594
514 513
642 641
659 658
403 402
448 447
482 482
594 598
509 509
603 603
444 444
570 569
454 453
572 572
399 398
506 507
321 320
359 358
461 460
573 573
645 647
475 475
227 227
531 530
539 539
361 361
441 442
563 562
418 419
537 536
577 576
395 394
493 492
428 429
483 487
412 414
373 374
557 556
603 607
528 528
479 479
612 612
522 521
442 442
507 506
616 616
522 524
491 492
410 409
483 483
484 483
579 578
606 605
454 454
624 624
396 395
546 548
566 565
499 499
504 504
541 540
524 528
429 430
504 504
369 368
585 585
484 484
540 540
548 548
424 423
467 466
634 633
600 599
516 516
600 599
477 477
542 544
474 474
542 541
377 379
545 545
688 689
526 525
465 466
386 386
479 479
434 434
522 523
417 417
348 347
560 562
420 421
328 327
537 537
407 406
368 367
801 800
340 339
544 543
642 642
499 500
714 715
693 693
615 615
340 340
445 445
550 550
558 560
670 670
523 523
487 486
486 485
590 590
534 533
418 418
464 464
399 398
414 414
565 566
458 457
562 562
649 648
481 481
389 390
424 425
703 702
311 312
600 600
371 370
626 626
313 312
479 479
770 770
621 621
622 621
376 375
675 675
622 622
528 528
469 468
612 612
417 416
345 344
531 533
631 630
454 455
523 522
345 346
470 470
310 309
460 460
524 525
320 321
710 710
511 510
509 509
505 504
491 491
309 308
429 428
326 327
715 716
427 427
619 619
485 484
362 362
470 469
665 664
432 431
497 497
382 381
509 509
378 378
458 457
507 506
683 683
422 422
585 585
491 490
496 496
413 412
378 378
532 531
602 601
590 590
466 465
592 593
371 370
611 610
550 549
535 537
630 629
466 466
495 494
448 449
468 469
306 305
535 536
476 476
461 462
491 490
353 354
360 359
649 649
591 593
388 389
667 668
333 333
239 238
674 675
393 393
585 586
573 573
551 550
643 642
733 732
706 706
442 441
721 721
706 705
496 495
550 550
427 428
505 505
620 619
424 424
495 494
197 196
368 369
666 666
548 547
771 771
513 513
306 307
577 577
509 508
682 681
522 523
474 474
685 685
468 468
620 620
661 663
562 561
583 583
625 624
490 489
587 587
604 605
437 437
529 528
483 483
567 566
600 600
459 459
394 394
426 426
571 571
491 492
353 354
344 343
541 540
603 602
296 295
553 552
409 409
513 513
542 543
644 645
435 436
379 379
632 631
544 544
362 362
504 503
551 554
418 417
419 422
363 362
359 359
512 513
486 486
627 627
433 433
574 574
525 524
435 434
629 629
432 432
556 556
409 410
467 467
515 514
419 420
535 535
477 477
579 579
351 351
482 481
490 489
434 433
586 586
413 413
403 403
704 704
495 499
604 608
512 511
519 519
549 549
604 603
425 424
577 576
629 629
373 373
452 451
784 784
531 530
350 349
454 454
535 536
405 404
575 575
378 377
464 463
673 673
502 502
518 520
598 600
512 513
512 512
592 591
521 522
393 396
379 378
392 391
614 615
484 484
623 623
431 430
457 456
513 516
580 579
489 495
377 377
601 600
679 678
612 611
252 251
453 455
678 678
366 365
423 422
486 486
421 422
479 479
260 261
451 451
537 536
455 456
669 669
500 499
405 405
593 593
455 455
439 439
542 542
524 524
414 413
344 343
291 290
513 513
547 548
541 542
534 533
622 622
499 498
562 562
582 581
495 494
504 504
500 499
436 438
395 394
522 521
279 278
588 588
541 541
498 497
306 306
423 423
594 594
417 417
535 535
663 662
436 435
362 362
529 528
573 572
417 417
579 579
521 522
599 599
525 525
470 470
598 597
565 566
481 480
333 334
530 531
484 483
442 442
729 729
542 542
707 708
603 603
471 470
559 559
709 708
428 428
473 472
507 506
403 402
484 484
360 360
646 645
452 452
558 557
552 552
527 527
487 487
665 665
566 566
527 530
441 440
531 530
271 271
440 441
503 504
288 288
523 523
796 796
416 417
613 613
524 526
376 375
414 414
533 532
379 379
520 521
593 592
439 439
408 408
490 490
501 504
462 461
528 528
595 594
520 521
564 564
421 422
472 472
475 474
589 589
562 569
594 593
582 582
601 600
350 351
520 519
493 492
600 600
611 610
355 355
468 467
462 461
401 400
566 568
547 546
473 474
388 389
599 598
307 307
591 591
559 559
448 448
734 734
431 430
417 418
538 537
578 577
572 571
370 370
559 558
430 430
421 421
404 406
448 447
295 295
459 458
512 512
417 417
368 368
425 424
341 340
303 306
494 494
434 434
614 614
418 419
668 671
425 425
491 491
512 513
376 375
588 589
230 229
521 521
632 632
597 597
449 450
438 437
467 467
498 497
581 580
311 310
432 432
593 595
400 399
592 592
628 627
584 584
512 512
429 428
283 282
540 540
452 457
545 545
607 607
543 543
313 312
413 413
498 497
628 628
518 517
585 585
410 412
493 493
449 452
612 611
552 552
516 516
411 411
606 605
350 351
591 591
554 554
540 540
719 720
731 731
381 380
515 515
489 488
582 581
428 428
420 420
629 629
672 672
500 499
606 606
374 374
428 427
651 651
534 537
425 424
581 580
605 605
536 536
524 523
658 659
304 303
642 641
485 488
476 477
748 747
575 574
573 572
496 497
602 607
618 617
514 514
566 565
516 516
345 348
336 336
446 446
459 458
294 294
445 444
797 798
435 435
453 456
355 355
520 520
630 629
480 479
425 425
618 617
521 520
524 524
355 355
564 563
437 438
498 499
354 353
486 485
421 425
571 571
468 467
580 579
635 635
394 395
496 496
512 512
572 571
479 479
552 551
610 609
465 465
407 410
530 530
523 523
571 570
693 694
458 457
680 679
417 417
465 464
604 603
549 548
407 406
514 513
478 481
411 410
478 478
657 657
266 265
459 462
321 321
573 573
488 487
571 571
584 583
498 498
376 377
291 291
593 593
311 310
448 449
471 470
505 504
323 323
311 311
338 339
286 287
547 547
590 590
602 602
421 421
409 408
711 710
408 407
444 443
563 563
564 563
521 520
576 578
649 649
378 377
401 401
460 461
301 303
524 524
438 438
502 503
433 433
379 382
709 708
600 599
351 350
450 452
543 544
664 663
632 631
359 358
455 454
575 575
578 577
339 339
615 615
621 620
354 353
537 537
612 611
462 462
437 437
484 484
476 476
616 617
482 483
550 550
598 598
469 469
672 671
392 395
526 527
615 615
765 765
398 399
677 676
553 552
319 319
537 537
503 502
403 404
533 532
469 469
509 510
538 538
556 558
643 643
609 608
543 542
491 490
669 668
700 703
336 336
306 307
490 489
482 486
578 578
608 608
591 591
471 471
571 571
328 327
296 296
353 353
380 380
579 578
537 537
369 370
511 511
410 412
508 507
571 572
620 620
467 467
360 363
580 580
637 637
497 497
456 456
279 279
574 576
564 564
454 456
430 430
259 259
650 649
531 530
513 512
461 460
588 587
507 506
542 542
452 452
556 557
542 541
469 468
564 564
532 531
695 695
461 461
464 464
447 449
448 449
632 632
475 474
753 754
450 450
421 421
669 668
345 345
556 556
604 605
579 578
469 469
330 330
658 659
428 428
462 462
325 325
522 522
558 558
408 408
677 676
661 660
516 519
439 438
447 447
482 482
573 572
429 428
440 440
470 469
587 586
489 490
415 415
514 517
569 568
573 574
487 487
531 531
421 421
515 515
426 425
651 651
511 511
499 498
534 534
566 568
446 445
499 498
437 437
352 352
378 381
364 364
519 518
527 527
541 541
328 328
496 496
630 632
534 534
708 710
603 602
553 553
363 362
702 701
747 747
553 553
295 295
719 719
480 480
398 398
492 492
618 617
547 546
396 397
404 408
521 523
597 598
438 438
519 518
495 496
518 519
661 661
309 310
421 420
540 539
480 479
528 528
515 514
429 432
531 530
570 569
470 470
419 419
458 457
591 591
445 445
442 441
574 574
534 534
644 646
553 553
354 354
573 573
476 476
522 522
542 542
479 479
555 555
358 357
512 512
465 465
507 507
333 332
453 455
484 484
575 574
375 374
482 481
635 635
624 624
423 424
493 493
579 578
395 394
449 449
500 500
550 550
490 489
494 495
583 582
551 551
386 387
469 468
474 473
445 446
568 567
521 521
748 747
537 538
354 354
370 372
498 497
437 437
481 482
453 453
529 528
672 673
499 498
335 335
341 341
499 498
790 790
484 488
319 319
479 479
391 392
497 497
411 410
424 423
563 563
534 534
668 669
352 352
482 483
539 538
572 571
751 753
505 505
456 456
584 584
470 470
570 569
480 480
393 392
623 623
339 339
520 521
570 569
555 555
380 380
340 341
457 456
471 470
520 519
426 426
458 457
483 482
558 558
549 548
522 521
597 598
460 462
573 574
378 378
482 481
503 503
450 451
488 487
617 617
554 554
187 186
439 439
518 518
509 509
572 571
440 440
548 548
354 355
418 417
515 514
577 577
519 519
694 696
271 273
662 662
285 285
496 497
397 399
547 547
523 523
289 290
392 393
486 487
584 585
564 563
411 411
380 380
501 500
554 554
338 338
563 563
533 533
522 521
457 456
440 439
516 515
569 568
600 600
534 534
495 495
400 401
197 197
374 374
442 441
420 420
296 295
599 599
498 499
428 429
637 637
533 532
692 692
555 554
453 453
523 524
596 597
551 550
647 646
467 466
504 503
494 493
477 477
455 455
559 559
561 561
355 356
529 529
596 597
384 384
445 444
599 598
613 613
519 519
500 500
524 523
461 462
317 316
502 501
415 416
271 270
670 670
443 443
437 437
658 658
532 532
504 507
470 470
452 452
578 578
542 543
572 571
454 453
410 410
462 462
692 692
492 492
478 478
374 374
369 368
499 499
337 339
482 483
385 384
414 413
601 600
498 498
729 730
275 277
709 710
454 453
372 372
355 356
571 571
498 498
465 464
585 585
477 476
555 555
464 467
470 470
282 282
495 495
589 588
520 520
514 519
603 602
559 558
619 619
691 690
677 677
302 302
630 629
454 456
561 560
482 481
594 594
648 648
558 558
461 461
450 452
415 415
536 538
504 503
568 569
460 461
435 434
525 527
693 693
315 315
486 487
421 421
407 407
746 746
373 373
337 338
532 532
554 554
666 670
252 251
564 563
411 411
572 573
737 738
493 494
385 385
758 758
433 432
514 513
489 488
462 462
442 441
410 409
562 565
439 438
571 570
341 341
388 387
507 507
517 519
394 394
571 571
583 585
536 535
557 556
419 421
278 277
464 463
458 458
586 585
508 509
367 367
422 421
480 479
718 718
510 509
366 366
467 467
708 708
639 639
580 583
401 400
545 549
578 577
586 586
469 469
465 465
520 519
536 535
489 490
390 393
368 367
614 613
572 572
436 437
638 638
406 408
502 502
456 456
600 599
568 567
512 511
273 275
481 481
386 386
628 631
464 464
355 356
505 506
426 425
604 606
559 558
452 454
342 345
465 464
497 497
332 331
431 431
546 545
513 513
477 477
320 321
590 590
452 451
361 362
357 360
536 535
440 442
487 486
621 622
636 635
394 395
578 579
551 552
478 479
384 383
608 609
492 491
412 413
430 430
377 377
465 464
427 428
582 583
465 464
442 442
530 530
662 662
367 368
528 528
341 340
450 449
530 531
552 551
706 706
414 413
448 447
555 557
350 350
669 668
556 558
452 451
602 601
661 660
537 537
491 490
549 548
558 558
708 709
371 370
525 524
439 438
500 499
594 594
546 546
435 437
494 494
397 398
518 517
428 427
436 436
459 461
614 615
590 590
382 381
471 470
600 600
410 411
559 560
519 518
541 541
550 550
515 514
384 383
480 479
398 399
458 458
342 341
574 575
632 633
401 400
375 374
576 576
473 472
368 367
572 572
357 356
501 502
510 510
552 553
506 506
573 573
516 515
585 586
526 526
512 512
576 575
518 518
707 707
478 481
348 347
472 471
389 389
506 505
559 558
194 194
499 498
440 441
331 330
537 537
603 603
466 466
445 444
652 653
461 460
258 258
405 405
583 582
427 428
559 559
397 397
603 603
542 542
445 445
449 451
386 386
618 618
543 542
511 512
533 532
492 492
404 403
647 647
441 443
566 567
431 434
463 462
399 399
558 557
544 543
514 515
400 401
298 297
475 476
357 357
528 530
470 470
469 469
558 557
430 430
549 548
639 639
543 542
411 410
549 548
503 502
471 472
536 535
430 429
383 382
502 504
484 484
589 588
364 364
554 553
537 537
605 606
495 495
526 527
378 380
479 479
477 476
391 393
618 618
664 664
523 523
606 606
379 380
528 528
540 547
443 442
480 479
469 469
576 577
489 489
458 458
521 523
595 598
446 446
453 453
582 581
253 253
508 508
590 590
473 472
399 398
462 462
436 437
467 467
438 441
457 459
486 486
515 516
421 422
539 541
355 355
632 632
563 565
602 602
581 580
455 456
613 613
491 490
508 507
601 601
347 347
611 610
574 574
519 522
483 484
605 604
546 546
606 605
609 609
616 615
541 543
290 291
647 648
515 514
618 618
448 448
611 611
419 420
643 643
429 428
664 666
460 459
428 427
532 531
369 369
576 576
575 574
367 368
704 703
654 654
420 419
510 510
665 665
553 552
619 621
543 543
545 545
342 341
442 442
429 430
584 585
599 598
548 547
449 449
507 507
387 387
490 490
373 373
546 547
314 315
493 494
393 393
562 561
421 421
653 652
530 530
408 407
326 326
238 237
466 466
360 361
631 633
590 589
579 580
583 584
517 518
292 292
565 566
600 600
606 607
473 472
401 402
389 389
468 467
506 505
463 462
528 527
591 590
726 725
466 466
437 437
478 482
621 621
409 409
306 306
387 386
523 524
399 398
576 575
479 479
486 486
649 651
444 443
522 522
313 313
430 431
350 349
562 561
437 436
619 620
585 585
498 498
421 422
381 381
543 542
652 651
449 450
535 535
484 484
488 488
493 494
622 621
484 485
639 638
482 483
357 357
437 437
559 560
574 573
558 560
491 490
543 543
447 446
552 551
655 654
483 485
484 483
434 433
599 598
527 526
455 455
512 511
442 443
637 636
318 317
520 520
461 460
383 382
452 452
438 439
489 489
746 746
405 405
463 462
300 299
406 410
579 579
583 582
740 739
408 407
414 413
455 454
453 452
535 534
354 354
441 443
658 658
411 411
637 637
402 402
429 428
461 460
599 598
650 649
603 605
477 476
534 534
624 626
537 536
531 531
437 438
479 478
456 455
464 463
620 621
547 546
477 477
475 476
766 772
649 648
285 285
483 484
447 446
591 591
670 670
429 429
581 581
491 491
665 665
502 503
493 492
646 645
529 528
356 355
325 325
428 428
641 640
607 607
515 515
489 489
469 470
458 457
395 394
367 367
527 527
390 389
319 319
552 552
534 534
524 523
506 508
452 452
531 531
593 593
565 564
489 489
574 575
458 457
475 474
460 460
639 639
565 564
580 581
379 379
495 497
455 456
427 427
538 538
551 550
336 336
445 444
566 566
612 611
466 466
368 367
400 400
546 545
664 664
439 439
651 652
466 466
411 410
337 336
533 534
535 534
316 315
585 585
560 561
587 587
356 356
421 421
614 613
509 508
461 461
401 401
331 330
441 442
441 441
387 387
656 655
452 451
529 529
404 407
553 553
563 562
639 638
473 478
398 398
467 467
511 510
402 402
592 592
522 522
611 611
264 266
584 583
555 557
483 485
578 577
462 464
595 595
380 379
408 408
546 545
499 498
595 595
431 431
600 599
475 475
426 426
514 516
721 721
524 524
534 533
479 479
614 613
491 492
506 508
395 397
352 352
491 490
596 595
451 450
617 616
373 372
474 473
518 518
618 617
406 406
391 390
594 594
519 519
573 574
439 440
620 620
483 484
465 466
607 607
626 625
418 419
482 482
555 554
683 682
418 419
602 601
490 489
505 507
356 356
382 381
496 497
378 381
474 474
464 464
401 401
617 617
534 534
655 655
617 618
559 558
540 540
394 393
608 608
421 421
468 467
538 539
534 533
586 586
453 452
600 601
389 389
542 541
475 476
784 784
460 460
533 533
545 546
443 443
487 486
551 551
464 465
450 449
510 509
548 548
677 676
396 395
495 497
302 301
554 553
439 441
303 306
458 459
443 442
509 511
515 515
567 566
503 503
570 570
436 436
472 471
608 612
569 570
515 515
445 445
556 555
537 536
472 471
691 693
379 380
454 454
498 497
248 247
417 416
684 685
617 617
728 727
460 459
495 497
683 683
609 608
411 413
524 523
401 401
465 465
570 570
483 482
579 579
410 409
563 563
528 527
399 402
428 427
502 504
583 582
532 532
403 405
391 391
389 389
463 466
436 437
455 455
530 530
646 646
537 536
594 593
614 614
474 474
722 723
404 404
392 391
558 558
416 415
373 373
415 414
349 349
466 468
592 592
635 635
610 612
591 593
519 518
412 411
483 484
590 589
565 564
506 505
683 683
536 535
499 499
434 433
552 552
565 566
390 390
537 538
546 546
500 500
417 417
471 472
543 543
508 508
598 598
561 562
525 524
663 663
542 542
446 445
591 591
549 548
363 362
443 445
405 407
478 479
416 416
626 629
507 506
318 318
497 496
751 752
498 499
447 446
438 437
446 446
419 420
492 492
488 488
536 535
572 572
365 365
480 480
490 492
561 560
460 461
450 449
387 386
483 482
474 474
456 456
581 581
637 636
403 402
399 398
404 404
431 431
510 512
563 563
608 610
408 408
377 378
523 524
437 437
476 476
557 558
293 293
591 591
437 437
707 710
560 560
544 543
443 443
459 459
807 806
462 461
421 420
673 672
528 527
467 467
507 512
398 398
516 516
724 725
451 452
514 513
654 655
340 340
696 696
559 558
540 540
591 591
461 461
478 479
715 714
515 515
548 547
551 552
574 573
539 538
499 500
422 422
542 543
459 458
454 454
499 499
646 646
580 579
492 492
765 765
645 649
744 745
408 410
337 337
359 358
465 464
592 591
512 511
596 598
457 456
430 430
317 318
654 653
279 278
334 337
570 569
399 398
543 542
791 792
570 571
448 449
508 508
539 538
550 552
346 346
742 741
660 659
357 357
638 638
573 573
546 546
619 619
526 527
441 442
638 638
358 359
634 633
472 473
604 604
529 528
488 488
488 489
690 689
264 265
424 423
614 616
455 454
526 526
625 624
321 320
552 551
486 488
385 384
385 384
402 401
396 396
455 455
584 583
504 503
468 467
589 589
443 443
458 458
461 461
517 517
582 581
596 596
551 551
322 321
387 387
576 575
351 351
700 700
460 459
659 658
315 316
424 424
702 703
538 537
483 483
651 651
378 378
551 552
521 520
452 452
397 396
426 426
407 407
437 438
490 489
599 599
537 537
429 428
443 442
379 378
650 649
469 468
511 515
521 521
447 446
375 374
592 591
324 324
423 422
444 444
423 423
428 430
564 564
560 560
282 282
553 552
460 460
661 660
534 533
559 558
582 582
558 557
677 677
499 498
537 537
546 549
483 483
467 466
437 437
569 569
424 424
533 532
612 612
463 463
339 339
611 610
532 531
485 485
457 457
398 401
470 472
539 539
532 532
522 521
526 525
458 458
533 533
591 590
438 439
569 568
540 539
555 554
553 552
545 548
424 425
481 482
448 449
516 516
337 338
340 340
353 353
507 509
591 590
538 538
435 437
566 565
455 457
696 698
530 531
469 470
502 502
528 528
481 481
556 555
629 630
518 520
498 497
484 483
505 504
428 427
573 572
396 396
636 637
540 542
428 428
509 509
495 495
468 467
591 591
531 531
535 534
638 638
383 383
503 504
603 603
533 532
633 632
364 363
511 510
163 163
465 466
345 345
472 471
407 407
478 478
531 530
411 410
492 492
575 574
679 678
513 517
481 484
484 485
390 389
651 650
584 584
541 543
357 356
526 526
574 574
470 470
456 459
545 544
450 450
565 565
517 517
346 346
352 352
523 523
465 465
502 501
430 430
468 469
344 344
264 263
610 610
490 490
519 519
572 574
468 468
445 446
526 530
513 514
514 515
535 537
421 420
523 524
485 486
614 614
435 434
469 469
480 479
420 420
389 389
510 511
372 371
436 436
388 388
462 462
311 310
714 714
687 686
334 333
493 494
362 361
388 387
745 745
533 532
476 478
471 475
403 404
551 550
401 402
421 421
373 373
407 407
406 412
554 553
515 514
450 450
442 442
440 441
563 563
423 424
409 408
612 613
547 546
595 594
478 477
489 488
406 406
788 787
597 598
475 476
478 477
608 608
382 381
617 618
506 506
604 605
409 409
394 393
587 587
466 465
554 553
362 361
499 499
532 531
439 439
401 400
585 584
552 551
575 577
678 678
628 627
642 644
625 624
502 502
338 340
467 468
486 486
475 474
550 549
483 484
614 613
416 416
480 480
453 452
671 671
561 561
536 536
551 551
349 348
467 468
406 405
491 491
442 442
344 344
482 482
525 525
506 505
470 470
457 456
417 417
514 514
539 538
590 590
546 545
570 569
553 552
591 593
453 452
266 266
446 446
462 463
697 697
646 645
375 374
633 633
686 685
587 587
512 513
677 678
678 678
553 553
429 430
705 705
450 451
613 613
590 589
524 524
483 483
309 310
468 469
362 362
556 558
472 473
493 492
432 432
454 454
500 500
555 555
613 612
605 606
421 422
521 520
615 614
432 432
635 634
493 493
665 665
411 410
464 463
317 317
372 374
485 484
527 529
669 668
513 513
502 501
513 513
472 472
479 478
341 341
437 438
540 540
452 453
511 512
484 484
565 564
560 561
360 363
562 561
522 522
596 598
486 485
449 451
573 573
442 442
650 649
608 608
681 680
430 429
368 367
524 524
630 630
514 514
433 435
287 287
351 352
648 648
494 494
499 498
363 363
326 325
570 570
255 255
426 426
512 515
476 476
672 671
299 299
499 500
478 477
289 288
367 366
501 501
491 490
445 444
462 462
522 522
547 549
530 531
498 499
450 450
536 535
521 522
503 503
473 473
430 429
573 573
518 518
643 643
359 364
596 596
496 497
420 421
511 510
597 596
282 282
565 565
591 591
683 684
634 633
609 609
502 501
466 466
508 507
515 516
598 598
293 293
600 600
457 457
522 521
396 397
607 608
679 679
500 499
525 527
745 745
603 603
522 521
688 689
279 278
403 402
699 698
554 553
325 325
410 410
591 590
526 526
555 555
457 456
544 544
664 665
377 376
472 473
526 529
508 509
412 412
616 617
449 449
403 402
386 386
744 744
507 507
432 432
337 337
563 563
571 572
448 449
386 386
500 499
545 544
349 350
444 444
558 557
229 231
463 463
634 633
476 475
602 602
527 527
564 565
569 570
424 424
515 514
354 354
403 403
734 733
561 565
452 451
646 645
560 559
425 424
590 589
418 418
522 521
467 471
498 499
600 601
377 377
495 494
597 597
543 542
650 650
296 295
532 534
544 544
271 273
458 458
519 519
637 638
443 445
430 430
515 515
507 508
505 505
425 424
415 415
430 430
401 401
706 706
591 592
681 680
494 493
595 595
308 307
365 366
370 370
438 439
524 523
436 440
543 542
639 638
524 524
605 604
571 570
533 533
488 488
451 450
464 464
445 446
452 451
372 371
346 346
584 584
551 550
547 546
506 508
419 418
343 342
477 477
450 449
449 448
326 326
612 613
567 566
391 392
361 362
638 638
473 475
610 611
481 480
572 572
373 372
494 494
608 607
294 293
485 485
423 422
649 648
447 447
558 558
491 493
462 463
562 562
582 581
436 437
408 408
410 409
438 437
378 378
540 543
610 610
380 382
403 403
541 540
512 512
829 831
616 615
457 457
688 689
396 396
451 450
411 411
484 483
432 432
374 373
374 373
514 514
552 553
447 446
451 450
592 591
503 502
463 469
483 482
498 502
567 567
404 405
652 651
433 432
353 352
445 447
280 283
467 467
397 397
774 774
551 551
592 591
506 507
459 459
472 472
485 485
413 413
368 367
476 476
643 643
723 722
527 526
546 545
363 362
496 498
571 570
561 561
558 558
386 386
489 490
696 695
455 454
576 578
620 619
656 658
345 344
629 628
365 366
554 554
379 378
523 523
500 499
457 456
470 472
401 408
528 527
508 508
576 575
555 554
565 564
554 553
565 566
672 673
710 711
690 690
676 675
507 508
427 428
453 452
483 483
407 409
443 443
265 264
607 606
624 626
481 480
478 477
597 597
369 369
386 386
472 471
380 379
619 619
440 439
791 794
333 333
566 565
303 303
532 532
460 460
674 676
497 497
495 497
330 330
463 463
523 522
516 516
418 419
594 594
563 563
515 515
358 358
606 606
559 560
489 488
302 301
501 500
515 517
628 628
446 445
584 583
632 631
478 479
399 399
570 570
602 602
472 472
591 593
540 541
665 665
539 539
482 483
302 301
540 540
466 467
478 477
330 331
497 497
388 388
431 430
429 428
463 463
530 529
494 493
544 543
496 498
412 411
469 469
687 686
555 554
567 567
444 443
595 594
597 599
568 568
395 394
506 506
523 522
542 541
580 580
512 512
674 674
311 310
526 526
449 450
324 323
625 624
512 512
542 541
553 552
315 314
385 386
533 533
545 544
374 373
491 491
516 515
453 455
476 475
487 487
500 503
518 518
326 327
630 629
466 465
708 709
563 563
342 341
625 624
463 462
430 429
406 409
396 395
403 402
527 528
426 425
457 457
476 475
430 429
509 509
323 322
490 491
501 501
565 565
539 539
533 533
306 305
537 536
325 325
394 393
613 612
487 486
365 365
561 560
530 529
464 463
388 391
526 526
589 591
395 395
494 495
377 376
502 502
454 454
533 533
417 418
530 529
564 564
700 699
501 500
547 547
599 599
539 539
436 436
602 602
411 411
387 389
578 578
548 547
387 387
593 593
455 456
575 574
509 513
354 356
435 434
406 406
547 546
428 428
461 460
406 405
433 434
726 726
437 437
604 604
561 560
372 374
497 496
363 362
607 609
504 503
580 579
665 664
577 577
433 434
463 465
434 433
474 474
610 610
605 604
434 434
397 396
530 530
295 294
520 519
600 600
551 550
380 379
559 559
381 381
424 423
541 541
524 524
756 757
619 619
507 506
392 393
687 688
376 376
417 416
508 507
578 578
575 576
569 569
559 558
474 473
507 507
545 545
595 595
593 592
442 444
442 441
584 583
479 478
461 460
579 579
199 198
452 453
427 427
638 637
617 619
483 484
711 711
584 583
510 509
360 361
415 414
575 574
440 442
334 336
600 600
517 519
443 442
393 393
577 577
292 292
442 442
555 556
700 700
438 437
301 300
506 507
483 483
531 538
469 470
456 455
547 547
432 432
425 428
365 365
466 467
499 500
413 412
480 480
366 365
412 414
414 414
444 444
395 394
576 575
632 631
562 562
492 492
563 563
331 331
455 454
385 384
449 449
514 513
487 487
533 532
709 709
760 760
519 521
582 582
674 673
480 480
452 451
534 534
527 526
587 587
378 378
439 439
390 390
537 536
563 562
327 327
564 564
481 481
570 569
589 588
623 622
524 525
415 416
452 451
630 630
545 544
457 456
665 665
436 436
583 584
427 431
420 419
532 534
493 498
618 619
525 526
538 538
372 372
564 565
420 421
554 553
413 415
512 513
604 603
591 593
589 588
490 490
514 513
568 567
591 592
508 507
615 616
486 485
314 314
527 526
402 402
555 555
377 377
463 463
530 531
641 641
346 345
464 464
367 368
472 472
635 635
503 504
496 496
545 546
427 426
666 666
610 609
424 423
602 602
388 388
618 619
475 475
502 502
542 543
399 401
412 412
438 438
628 627
485 486
383 382
522 522
495 494
377 376
458 457
571 570
439 439
665 665
401 400
659 663
617 619
435 435
546 546
319 319
668 671
520 521
507 507
452 452
642 642
455 456
526 526
693 693
443 442
641 641
659 660
572 572
595 596
643 642
462 461
315 316
473 472
590 591
470 470
612 612
579 580
717 719
326 326
658 659
547 546
444 444
508 508
478 479
519 518
552 551
561 561
548 547
482 482
304 304
584 584
438 438
506 507
524 525
499 498
601 600
357 357
458 458
380 383
474 473
404 404
572 571
472 472
609 608
658 658
763 764
571 570
442 441
674 674
552 553
558 559
554 553
553 554
440 439
443 443
546 546
616 615
601 600
447 447
496 495
447 447
691 691
572 572
468 468
545 545
600 599
561 561
512 512
507 506
641 641
562 561
430 430
552 552
599 599
403 403
515 515
533 532
667 666
487 487
609 610
611 611
411 411
695 695
557 556
431 431
503 505
695 694
552 552
331 330
459 458
490 489
540 540
466 467
645 644
361 362
249 248
525 525
255 254
535 534
566 566
404 404
570 569
383 382
516 516
315 317
630 630
438 438
586 585
448 448
665 664
496 498
597 598
603 603
682 681
434 433
477 479
532 531
472 473
379 383
251 251
508 507
403 403
603 602
591 593
416 416
386 388
585 585
564 564
579 579
481 480
562 561
348 347
487 487
386 386
353 352
339 339
594 593
418 418
545 546
630 630
563 562
578 578
486 485
473 474
491 490
517 516
380 379
548 548
466 467
464 463
398 398
811 812
480 480
572 571
645 644
420 420
558 557
513 512
464 463
596 595
638 637
561 563
514 514
376 376
410 411
481 481
657 656
428 429
462 461
566 566
576 577
458 458
548 547
461 463
456 456
397 396
567 567
454 454
501 502
563 563
565 565
437 438
546 545
404 403
427 427
537 538
470 470
457 459
490 490
638 638
505 506
497 496
550 549
467 467
542 544
422 421
510 511
382 383
470 470
457 456
555 554
676 675
425 426
518 517
505 505
508 507
601 601
446 446
406 406
454 454
412 411
477 477
556 555
590 590
444 443
507 506
263 262
590 590
527 526
507 506
392 391
461 462
477 477
452 451
526 526
325 324
522 523
362 363
504 503
727 726
603 606
573 572
453 453
458 457
556 556
543 542
537 537
526 526
399 400
494 493
563 565
577 577
321 322
611 611
580 581
467 466
383 382
669 670
430 430
407 407
404 403
633 634
319 318
536 535
564 565
457 456
425 424
531 533
473 473
585 584
345 344
508 509
482 482
515 516
504 504
539 539
482 482
459 458
427 428
507 507
444 444
492 493
473 472
674 673
613 613
674 674
467 466
401 401
345 345
495 495
478 479
467 468
366 365
413 414
352 352
476 476
456 456
664 664
466 466
560 560
426 427
422 421
512 513
701 700
608 607
473 472
305 305
786 786
526 525
443 444
560 561
477 476
185 184
483 482
388 388
412 413
659 658
435 435
455 455
478 477
352 353
454 455
500 499
606 606
396 395
506 507
684 684
457 456
512 513
458 459
582 581
474 477
485 486
542 543
533 533
516 515
606 606
394 393
326 326
608 608
590 589
594 593
376 378
432 431
516 516
603 602
607 609
643 643
655 664
530 531
502 502
658 657
656 658
391 390
416 415
387 386
578 578
416 415
593 592
437 436
513 512
442 441
412 413
375 377
629 630
519 519
498 498
574 575
634 634
518 518
444 447
587 586
369 369
556 558
711 710
573 572
503 503
310 309
664 663
640 639
389 388
713 713
623 622
470 471
544 545
349 348
583 583
543 542
495 495
418 418
571 571
585 584
440 439
458 458
393 392
645 644
380 381
626 625
498 498
383 382
763 763
421 421
539 539
479 478
439 438
485 486
449 449
433 433
467 467
377 377
489 488
519 518
369 370
564 563
565 565
491 491
383 382
403 403
572 571
429 430
416 415
359 359
381 380
263 267
649 649
584 586
722 721
402 403
616 616
561 560
628 628
517 519
744 743
539 540
436 437
630 630
602 601
586 591
614 615
536 537
400 399
692 693
594 597
520 521
527 527
537 537
589 592
642 642
393 397
692 691
664 665
458 459
668 669
654 655
586 586
518 517
301 301
362 363
601 601
701 701
563 562
482 482
470 470
376 376
510 509
464 464
626 626
552 552
569 568
581 582
602 602
424 425
587 587
469 469
490 490
500 501
552 551
449 450
343 346
360 363
549 553
669 669
563 563
543 543
545 544
689 688
508 509
641 640
615 614
503 503
370 370
442 442
412 414
472 472
512 512
506 508
563 563
564 563
534 534
624 624
435 434
459 458
464 463
449 449
237 236
730 729
560 559
636 635
477 477
409 410
500 499
511 514
528 527
576 576
494 493
456 456
447 448
541 543
728 728
418 418
664 664
371 371
375 376
377 376
418 419
536 535
466 467
486 487
271 270
592 591
575 576
266 266
453 454
666 666
491 490
568 567
462 464
512 511
324 324
428 428
546 545
394 393
483 485
554 554
469 470
532 532
492 492
447 447
583 583
465 465
454 456
579 578
444 444
427 426
314 313
465 464
478 478
511 511
464 467
386 386
278 279
353 353
437 436
384 384
386 385
550 549
533 532
528 527
361 361
550 551
425 424
526 525
617 617
476 475
509 509
510 509
540 540
498 498
404 408
257 257
404 403
632 632
161 161
472 471
606 605
391 391
499 498
351 351
443 444
334 337
418 418
648 652
457 457
495 494
461 461
654 653
246 246
444 446
509 509
443 442
430 429
466 465
543 543
560 560
634 634
365 365
626 630
635 635
575 576
437 439
431 431
492 491
523 524
622 621
735 735
450 451
505 505
559 558
269 268
542 542
496 496
641 643
300 301
594 593
502 501
402 402
541 540
286 286
633 634
510 509
343 343
412 411
471 473
550 549
422 423
480 480
468 468
398 399
525 525
562 562
336 336
575 574
500 499
756 755
355 354
494 493
417 417
618 617
541 541
465 465
380 380
579 579
701 703
411 412
462 461
534 534
525 524
548 549
586 588
567 566
464 466
579 581
677 677
429 428
453 453
623 623
520 520
371 370
287 288
554 554
322 324
366 367
607 608
476 476
473 475
487 487
467 467
605 605
621 621
662 661
525 525
311 313
606 606
299 302
431 431
589 591
415 415
599 599
483 482
433 433
590 592
484 484
585 585
586 587
641 641
557 557
580 582
457 457
452 452
519 519
299 300
485 484
632 631
195 194
443 442
320 322
565 565
782 781
572 573
431 431
394 396
433 435
544 543
611 612
425 427
395 394
494 494
477 477
459 459
494 493
443 443
300 302
650 650
417 419
472 471
405 404
544 543
469 468
556 556
542 542
560 560
456 456
393 393
464 463
431 430
475 474
609 609
644 643
379 379
478 480
601 602
600 600
558 559
260 259
487 488
707 706
754 753
444 444
619 620
383 382
556 556
696 696
557 557
564 564
617 616
299 299
552 552
481 480
493 493
430 430
342 342
525 524
454 454
472 472
398 398
544 543
460 460
622 621
486 494
460 460
636 636
406 408
425 425
382 381
559 562
357 357
373 372
516 516
508 508
367 366
491 490
322 323
578 580
520 520
408 408
407 410
256 257
409 408
635 635
520 519
378 381
447 446
567 567
454 454
428 429
321 321
460 459
404 404
630 629
293 292
374 373
453 453
404 403
368 368
541 541
435 434
484 483
559 558
628 628
435 436
505 504
448 447
518 518
677 676
561 560
307 306
499 499
471 470
561 562
475 474
608 608
407 406
422 424
652 651
535 534
570 569
443 443
420 421
452 452
475 475
450 449
436 438
638 638
567 566
331 333
540 539
472 474
447 447
423 423
340 340
317 317
538 537
542 542
470 470
502 504
383 383
382 381
590 589
595 597
545 544
496 495
610 609
484 483
456 456
542 546
495 495
628 628
393 393
351 351
520 522
413 415
320 320
482 481
548 547
516 515
421 422
616 616
493 493
611 611
402 401
472 472
654 654
350 349
451 451
510 510
537 538
659 659
462 461
498 499
743 742
485 484
543 542
536 535
648 647
561 562
462 462
473 472
667 668
518 518
500 500
560 560
449 448
541 540
471 472
555 554
400 399
402 402
495 495
207 206
566 565
540 539
405 405
507 507
717 718
505 505
619 618
532 532
524 523
475 474
356 357
319 319
542 541
527 529
627 626
596 595
391 390
584 584
376 376
629 629
563 562
375 376
569 568
509 511
640 639
427 426
459 459
459 461
584 586
407 408
581 580
501 500
303 303
396 396
338 338
469 471
414 415
589 589
484 484
591 591
614 614
622 622
744 744
498 498
635 636
639 639
438 437
630 630
461 462
590 592
413 413
487 486
458 457
523 522
391 390
465 464
536 536
377 376
541 540
390 389
699 699
391 390
492 493
623 622
460 459
524 524
429 430
593 593
537 539
590 589
411 411
445 445
485 487
491 491
430 432
564 564
564 563
427 426
357 357
553 552
306 306
616 617
566 566
546 545
591 591
466 466
594 593
739 739
693 693
551 551
731 731
578 578
468 467
575 575
433 434
326 327
489 489
434 434
669 668
376 375
643 642
604 604
458 458
305 305
492 493
653 652
578 578
511 510
509 509
385 384
453 453
382 382
359 359
562 563
508 508
667 669
473 473
643 643
558 561
441 441
506 506
397 397
413 414
310 311
593 593
515 516
415 414
538 538
460 459
324 324
621 621
363 363
660 661
503 503
430 430
448 449
522 521
476 476
444 443
469 469
511 510
536 535
455 455
442 441
293 293
296 295
526 526
508 508
693 692
529 528
426 426
445 445
562 561
511 511
628 628
360 360
555 555
579 578
469 469
516 515
572 571
400 401
516 518
457 457
580 579
367 366
476 477
329 330
473 473
493 493
383 384
205 209
434 433
530 531
571 570
512 514
353 353
451 451
511 510
538 537
367 366
526 526
427 426
386 386
625 624
481 481
704 704
519 519
491 490
545 545
544 543
377 376
499 499
581 581
618 619
535 537
478 479
484 484
452 455
439 438
651 651
648 648
327 326
560 560
408 408
682 684
479 478
531 530
518 518
460 459
553 553
515 514
425 424
564 566
434 434
470 469
509 510
761 762
433 434
458 458
576 578
638 638
378 377
486 486
459 459
528 529
465 465
475 474
428 429
134 134
473 473
647 651
586 586
510 509
516 516
651 650
335 336
269 268
402 402
417 417
572 573
636 635
350 349
566 567
269 268
545 546
504 504
559 559
361 360
545 545
492 491
462 461
531 531
325 325
328 329
469 469
520 522
564 564
499 499
530 531
553 553
524 524
487 487
452 451
536 536
617 617
494 495
331 330
312 311
545 544
477 477
709 709
416 416
511 510
647 646
514 513
472 471
568 567
466 465
598 598
319 318
496 497
509 508
541 541
322 322
438 438
448 448
640 640
501 501
545 545
599 601
534 533
509 510
708 709
472 473
587 587
293 294
379 382
527 528
396 396
288 287
504 503
568 567
569 570
465 464
588 587
542 541
702 701
489 489
421 420
546 546
711 710
376 375
570 570
553 553
501 501
344 345
496 496
596 595
440 441
350 349
603 602
465 466
585 586
516 516
553 553
647 647
514 514
687 686
658 657
452 451
608 607
672 672
562 562
631 633
233 234
477 478
547 546
491 491
506 506
549 548
584 584
461 462
611 611
537 538
498 501
286 285
453 454
281 280
417 417
393 393
631 633
564 564
646 645
379 381
502 502
598 599
667 666
385 385
517 517
334 334
496 495
493 493
776 776
422 422
527 527
316 315
578 577
407 407
356 357
615 614
612 612
582 582
381 381
486 486
380 380
495 495
628 627
614 616
453 453
503 503
505 505
492 496
470 474
440 439
416 415
644 644
547 548
362 361
473 472
520 519
489 490
652 652
599 598
521 520
623 623
661 660
492 491
502 501
277 277
651 650
482 482
436 436
615 616
566 566
552 552
412 413
494 494
728 728
564 565
332 333
732 735
623 623
550 553
484 484
671 671
485 487
515 516
479 480
523 523
710 709
508 507
464 464
439 438
414 415
451 450
600 600
464 464
562 563
495 495
562 561
363 363
557 559
484 486
378 378
648 647
448 448
442 441
595 596
563 564
474 474
702 702
599 600
594 593
555 556
575 575
660 660
386 385
519 518
433 432
530 530
410 410
475 474
539 539
589 588
507 508
580 580
531 532
596 598
475 476
376 375
462 463
692 693
595 594
521 520
561 560
289 289
604 603
207 207
572 572
464 464
507 506
499 499
544 544
538 540
544 543
420 420
551 551
469 471
504 504
475 475
557 557
484 483
421 420
548 548
398 397
538 538
497 496
466 467
467 474
359 358
489 489
482 481
548 549
395 396
410 409
453 454
717 716
508 509
402 402
492 491
524 524
338 337
563 563
511 511
533 534
506 506
559 558
450 450
447 447
540 540
612 613
492 492
425 424
448 447
571 570
464 463
488 487
596 597
416 417
432 432
409 409
606 606
385 384
496 495
406 407
488 487
540 539
476 476
485 485
571 570
384 384
550 549
509 509
423 422
466 466
486 486
311 311
375 376
479 479
360 360
458 457
378 378
454 455
506 508
606 606
429 429
522 523
411 410
377 376
439 439
518 519
516 516
556 557
529 530
685 684
416 416
493 493
286 286
595 594
358 357
480 481
376 376
545 545
364 363
533 533
426 425
384 383
747 747
470 470
570 570
547 547
539 540
652 653
481 480
545 544
585 585
443 443
604 604
478 478
429 428
456 456
465 466
460 459
469 469
354 359
459 460
643 646
442 441
602 602
510 510
648 648
665 664
424 425
556 556
644 644
449 451
524 524
545 544
471 473
404 404
399 398
459 459
590 589
616 615
854 853
349 348
453 453
489 489
494 495
643 644
488 488
358 359
452 452
280 280
479 478
477 477
472 471
559 558
487 491
591 590
581 582
443 442
284 284
642 642
439 438
422 422
231 231
497 497
563 563
381 381
509 510
461 462
509 508
488 489
629 628
489 490
446 445
489 490
544 545
435 434
406 407
462 461
656 656
609 608
329 329
612 612
360 361
532 532
317 317
385 385
467 467
467 466
453 452
523 524
590 593
464 463
570 571
493 492
634 634
452 451
453 453
579 580
537 537
688 687
502 501
349 348
417 417
433 436
410 410
413 412
726 725
315 314
448 447
317 316
423 422
521 520
612 612
460 460
558 558
343 344
535 535
631 630
502 506
312 311
374 373
465 464
403 402
407 407
523 523
679 678
612 612
537 538
397 397
503 503
554 553
507 507
453 455
436 435
490 489
583 582
455 454
504 503
638 638
465 465
566 566
694 693
464 463
418 418
540 539
670 669
598 598
434 436
311 310
432 432
473 472
364 364
441 440
388 388
580 580
426 425
494 493
708 708
448 450
457 456
562 562
289 289
628 627
767 766
397 396
540 543
446 445
652 651
350 349
544 543
457 458
386 386
498 498
420 420
372 372
326 326
423 422
542 541
510 509
322 322
382 381
340 342
334 335
509 509
302 301
580 580
426 426
558 558
378 380
549 549
580 579
526 525
713 712
412 411
497 497
598 601
466 465
586 586
467 466
303 304
532 532
528 527
419 418
410 414
588 588
543 543
624 624
602 602
549 549
411 412
451 451
396 397
471 473
479 478
700 702
584 584
436 435
423 422
368 368
552 551
370 369
457 457
565 566
524 523
565 564
590 590
616 615
563 563
545 544
572 572
642 644
622 621
337 336
395 394
547 547
484 487
494 493
548 547
520 520
512 512
351 352
604 603
623 623
485 484
378 378
466 468
396 395
445 446
563 563
603 603
771 770
379 380
370 370
498 498
463 463
622 621
409 409
589 589
437 436
576 577
364 364
547 548
451 452
564 564
377 376
481 481
406 406
487 487
476 476
529 530
451 451
546 547
441 441
476 478
539 538
612 613
410 410
669 668
556 555
405 406
500 499
511 510
484 483
415 414
417 422
320 321
526 527
329 329
598 599
505 504
656 656
647 646
579 581
626 628
511 511
353 353
417 417
422 421
560 560
419 418
556 557
411 419
551 550
410 411
474 475
498 498
460 460
431 431
510 509
426 426
490 491
405 404
511 511
548 549
561 560
438 437
236 236
512 511
344 344
467 466
599 598
472 471
486 486
452 451
404 404
380 380
659 658
427 427
562 562
504 503
644 643
575 575
489 488
620 623
307 307
545 544
494 494
731 730
501 501
419 418
455 455
370 370
501 503
512 512
435 436
544 543
529 531
361 360
434 434
483 482
546 545
518 518
427 426
250 250
409 409
556 555
505 505
586 586
513 514
552 551
629 628
543 542
308 310
587 587
364 364
549 549
619 619
640 639
529 529
444 443
688 688
486 487
488 487
338 338
522 521
508 508
478 477
441 440
533 533
370 369
413 412
525 524
351 350
576 576
501 501
467 467
544 544
451 451
441 441
618 618
538 539
423 424
313 312
568 568
295 295
558 557
402 403
655 655
494 495
431 431
363 363
559 560
384 383
458 457
316 318
389 390
462 463
526 526
413 412
486 486
514 513
563 562
417 416
436 438
354 355
433 432
717 716
433 434
408 408
528 527
463 463
530 529
521 525
571 571
611 610
520 520
415 415
560 561
602 601
502 506
567 566
461 461
327 328
457 457
390 389
551 552
599 598
488 487
630 629
488 487
584 585
496 496
595 595
498 498
477 476
499 499
673 673
501 502
580 580
484 483
633 633
636 635
505 504
435 434
526 525
673 672
679 679
498 498
440 440
514 513
544 544
619 619
413 413
393 392
526 526
566 565
408 408
583 583
442 441
548 547
570 570
381 381
543 542
419 419
378 379
454 454
408 408
644 644
381 381
361 362
636 636
516 516
399 398
511 510
614 613
481 480
502 502
420 420
419 418
675 675
561 560
379 379
474 474
255 255
489 488
394 394
409 411
335 335
589 592
451 451
688 687
543 543
405 405
449 452
496 496
643 644
365 366
625 624
611 611
640 640
564 565
594 594
259 259
514 515
563 564
456 457
589 588
312 312
399 399
630 630
553 553
431 431
468 469
391 391
528 528
580 582
499 499
466 465
764 763
406 405
580 579
470 469
498 497
509 509
587 587
490 490
577 577
554 554
515 515
447 447
456 457
506 509
465 465
548 548
546 546
371 372
347 347
432 432
545 545
413 413
542 542
446 447
415 417
510 509
296 296
545 544
506 506
574 575
584 583
483 483
468 468
387 390
476 476
335 334
386 385
453 454
654 654
608 608
472 471
692 692
512 512
416 415
672 672
467 467
537 536
434 433
390 390
655 654
451 450
499 500
716 715
691 690
571 570
503 503
505 506
636 635
638 638
405 404
422 422
450 452
352 352
652 651
540 539
493 493
531 530
361 361
659 658
475 474
502 503
502 501
609 608
699 699
502 502
453 453
533 532
529 529
556 555
581 581
457 457
509 510
435 438
496 496
505 506
387 386
533 532
559 558
565 565
483 484
573 573
483 483
369 369
299 300
448 447
387 387
503 504
540 540
499 499
407 407
355 356
596 595
504 503
608 608
650 649
564 564
519 518
488 487
658 657
583 582
462 461
349 348
324 323
488 489
495 495
436 436
439 440
508 507
442 444
317 318
313 312
458 459
487 486
517 518
445 445
511 513
444 443
735 734
503 502
495 495
285 285
495 496
578 578
532 534
306 309
560 559
500 504
401 400
389 389
628 631
513 513
595 594
447 447
320 320
535 535
759 760
475 479
427 426
720 719
361 360
536 537
455 456
495 494
633 635
679 678
414 413
220 219
405 405
379 379
471 471
696 695
536 535
537 537
495 495
424 424
635 635
616 615
556 555
398 398
487 486
457 456
442 442
610 609
619 619
530 530
378 378
496 496
262 264
492 495
603 604
459 459
603 604
371 372
325 327
497 498
516 515
478 480
603 602
708 709
635 637
553 552
703 702
529 528
598 597
614 613
559 559
382 381
412 412
226 225
533 533
441 441
268 272
299 299
500 502
595 594
474 475
335 335
622 623
438 438
420 419
531 531
634 633
639 639
581 582
655 658
514 515
603 602
396 396
614 614
357 357
534 534
651 650
385 385
434 435
417 417
329 329
352 351
529 530
551 550
455 454
663 662
549 549
603 603
542 541
550 552
366 365
568 567
599 601
353 352
393 395
538 539
397 397
550 549
506 509
502 503
699 699
378 377
468 468
526 526
450 450
560 559
602 601
356 356
505 504
522 522
518 518
455 455
676 676
654 655
469 469
397 397
361 361
630 630
511 511
529 528
736 737
460 460
465 465
513 512
554 553
476 476
493 494
451 451
529 529
585 585
550 549
357 358
412 411
537 536
571 571
401 402
651 651
482 482
547 546
573 572
475 475
591 590
500 501
503 502
473 473
500 500
496 497
450 450
532 531
620 620
710 710
590 590
362 362
574 573
610 610
550 550
452 451
653 653
500 499
465 465
724 723
637 638
297 296
635 636
533 532
385 384
421 424
431 431
557 556
445 446
509 508
585 585
287 287
343 342
436 436
645 644
418 418
453 454
602 601
706 706
413 413
569 569
616 617
587 589
639 641
421 420
735 737
468 468
528 531
623 626
508 508
393 393
614 614
483 482
445 445
490 489
535 534
428 428
512 511
588 589
463 462
479 478
266 267
338 339
549 549
599 599
481 480
589 589
582 581
567 567
487 487
453 453
472 471
491 491
387 386
425 425
445 447
426 426
575 575
486 485
322 322
437 437
535 534
456 455
293 292
376 376
705 706
570 570
385 386
453 452
469 469
569 569
494 493
389 388
460 461
344 343
590 591
711 713
628 629
376 376
330 329
479 478
494 495
388 390
505 505
471 471
372 371
516 518
581 581
568 568
418 417
602 601
658 657
508 508
503 502
638 638
608 607
553 554
448 447
392 392
357 357
656 656
287 286
518 519
499 498
309 309
447 446
594 594
736 735
540 540
403 404
371 371
381 381
593 593
607 606
629 635
362 362
486 487
521 520
404 403
740 741
582 581
469 469
575 575
593 592
423 423
409 412
329 329
530 531
465 465
466 465
567 567
348 347
491 490
385 386
456 457
487 486
704 704
524 526
593 593
347 346
509 509
521 520
470 471
293 293
370 373
575 576
594 593
488 488
513 513
596 595
492 492
491 490
625 625
528 528
506 506
466 465
448 447
605 605
430 430
796 796
487 486
478 479
406 405
573 574
304 304
433 433
470 470
636 637
414 415
675 675
502 502
581 581
479 478
639 640
587 586
527 527
535 535
460 459
683 685
456 455
591 592
508 507
664 665
369 370
464 464
563 563
479 478
262 261
424 424
498 498
463 463
409 409
218 217
451 450
570 570
669 669
387 388
510 511
359 358
333 332
557 556
454 453
476 476
467 471
361 360
348 348
546 546
439 438
443 442
692 692
448 447
366 365
564 563
277 277
426 426
394 394
562 562
544 544
605 605
416 416
491 491
545 544
600 599
614 614
548 547
328 328
611 613
629 628
630 630
371 371
584 584
440 439
479 478
447 446
451 450
352 351
346 345
359 359
496 496
447 446
517 516
211 210
441 441
710 710
623 622
654 655
731 730
420 419
442 441
665 666
790 789
492 492
477 476
628 627
650 649
446 445
586 589
470 470
533 532
449 448
687 687
404 404
398 397
330 330
494 494
695 697
710 710
342 341
459 458
508 508
422 422
703 704
592 591
440 441
766 765
473 473
578 578
616 617
424 424
433 434
365 367
504 507
428 427
366 365
452 452
488 487
431 431
373 374
346 345
583 583
468 467
339 338
462 461
408 408
336 337
563 564
406 405
490 492
452 451
454 455
495 496
533 532
696 696
590 593
620 619
460 460
412 411
739 739
485 484
368 368
474 475
575 575
539 539
397 398
506 506
349 348
595 594
377 377
430 430
447 446
435 436
448 447
392 391
614 617
498 498
524 524
482 483
430 431
456 457
523 522
470 470
531 531
548 548
618 617
671 670
410 410
283 282
535 534
521 522
570 571
621 620
413 412
479 478
489 491
482 482
275 275
514 514
468 468
529 529
574 573
664 665
420 420
302 301
444 444
446 445
539 539
743 743
379 380
609 609
395 394
347 346
575 575
598 598
409 409
407 410
442 441
531 532
447 446
528 528
442 442
483 482
581 580
433 432
411 413
500 499
512 512
560 559
544 543
470 469
488 488
259 258
476 475
627 626
687 687
626 626
723 723
610 611
430 429
498 499
619 618
464 464
485 486
584 588
469 470
311 312
425 428
368 367
480 479
385 385
315 315
287 288
453 453
514 513
394 394
560 560
469 470
398 397
442 441
482 485
507 506
464 465
405 409
442 443
493 492
334 333
567 567
589 588
298 298
756 760
369 369
444 444
495 495
706 705
580 580
513 515
530 530
468 467
437 436
381 381
395 394
462 464
560 560
463 462
646 646
450 450
524 524
707 710
382 381
509 509
458 458
657 657
479 480
509 509
413 414
405 405
313 318
536 536
647 647
583 582
496 495
342 344
442 441
525 525
704 706
467 466
452 451
372 372
424 425
512 512
752 752
555 555
491 491
612 611
556 557
364 363
504 503
575 575
564 564
383 383
460 459
514 514
432 431
358 359
235 235
588 588
407 407
510 511
568 568
553 553
670 670
689 688
477 478
551 552
583 582
548 548
362 363
682 682
477 476
478 478
618 617
570 569
446 445
541 540
529 528
480 479
645 644
614 615
343 343
520 520
526 526
529 529
537 536
513 512
518 517
686 686
489 488
569 569
587 587
702 701
634 634
534 534
432 432
481 480
392 392
378 378
501 502
475 475
485 484
483 483
521 521
529 528
519 518
602 601
597 596
559 559
600 599
442 442
456 456
486 486
500 500
586 586
564 563
499 499
461 461
605 604
439 438
464 463
486 485
604 603
663 662
138 140
482 482
405 405
483 483
438 439
395 396
443 444
579 582
680 680
522 521
358 359
514 513
457 457
464 463
468 467
511 512
577 576
559 559
739 739
471 471
604 606
529 529
484 483
565 565
484 483
541 541
449 449
639 643
394 394
494 493
447 451
380 381
237 236
409 409
611 611
544 543
617 617
517 517
463 463
609 608
415 414
736 735
281 280
476 475
176 175
394 394
522 523
484 483
369 369
623 623
454 454
517 516
682 681
544 546
412 412
607 606
624 624
422 423
595 594
466 466
674 674
598 598
395 396
604 604
221 220
516 517
499 499
644 643
541 540
503 503
462 461
599 599
422 422
515 514
509 508
421 421
624 625
504 503
536 537
510 510
408 408
523 523
349 349
422 421
225 225
347 346
358 357
361 361
472 471
565 564
467 467
552 552
342 342
611 610
531 531
282 282
490 490
452 452
521 520
431 430
459 459
495 496
582 581
434 434
483 482
478 477
707 706
515 514
260 260
573 574
450 449
391 393
326 326
472 472
501 501
579 579
580 581
370 369
523 523
471 471
641 640
385 387
413 412
426 426
486 486
473 472
393 394
547 547
493 492
478 477
510 510
520 519
689 689
483 483
488 489
467 468
575 575
490 489
473 472
557 558
668 667
462 461
562 561
386 385
581 581
434 435
311 310
615 615
591 591
501 502
516 515
461 462
566 565
492 492
529 529
841 841
558 559
538 539
518 518
445 446
463 463
464 468
444 444
408 407
586 585
449 449
428 428
492 492
597 596
589 588
533 533
548 547
354 354
489 489
358 360
487 486
489 488
411 411
561 560
626 625
492 492
456 457
535 535
537 537
679 680
527 528
479 481
659 660
429 428
597 596
369 368
493 492
496 498
690 689
330 331
670 670
341 341
561 561
555 554
464 464
596 599
568 569
456 456
540 540
412 413
561 561
546 545
632 632
428 427
531 531
683 685
717 716
448 449
544 544
507 507
532 532
682 682
420 420
408 408
626 626
596 597
394 394
360 360
539 541
373 372
484 483
425 424
527 526
547 547
415 415
373 374
432 432
416 416
615 614
412 412
410 409
668 667
564 563
420 420
692 692
591 591
398 397
393 393
400 401
500 500
425 426
651 651
527 526
503 504
495 495
459 458
533 535
504 504
512 512
456 456
523 522
569 571
472 472
644 644
468 468
535 535
513 512
369 370
489 488
622 622
615 614
597 597
432 431
693 693
459 458
385 388
405 405
598 597
687 688
363 366
501 501
421 420
591 592
583 582
648 647
540 541
598 597
497 496
547 546
423 424
461 461
324 323
514 514
454 454
215 214
534 534
426 426
629 629
577 577
443 442
471 471
377 379
468 467
344 344
466 466
518 519
508 511
381 381
440 443
341 340
319 319
418 419
595 595
263 262
465 465
484 485
425 424
286 286
515 514
454 453
406 408
579 581
493 492
373 372
583 582
452 451
541 541
496 497
528 529
391 391
336 337
493 492
334 333
479 479
590 590
536 536
445 444
492 492
400 399
473 475
619 619
500 501
547 546
341 341
507 506
444 444
545 544
466 466
568 568
449 448
482 481
471 471
525 526
469 468
454 454
433 433
385 386
396 395
455 454
546 546
699 699
586 585
544 544
490 489
728 728
601 600
517 517
760 760
586 586
538 538
637 636
688 689
585 585
382 385
392 393
475 474
454 455
291 291
600 600
585 587
494 494
410 409
505 504
419 418
554 553
628 628
479 479
605 604
474 474
428 429
482 482
577 577
383 383
618 620
454 453
669 669
487 486
636 635
454 454
405 406
390 389
440 439
473 473
440 440
363 364
599 600
447 448
411 410
571 570
639 638
261 261
417 416
474 474
462 462
624 623
508 507
506 506
453 452
550 550
499 499
552 551
359 360
488 488
547 547
366 367
585 585
543 545
582 582
557 559
472 473
552 552
378 381
435 439
522 522
456 455
445 445
414 413
654 654
595 595
609 610
645 645
416 415
502 504
408 407
609 610
352 352
576 575
414 415
490 491
484 485
450 454
684 684
495 494
659 658
380 379
634 633
537 536
621 622
588 587
441 441
596 596
478 478
410 410
439 439
547 546
458 457
402 402
358 358
385 385
411 412
395 395
332 333
380 380
458 457
310 309
621 622
507 507
447 446
366 366
563 562
395 394
420 419
652 654
454 454
721 721
529 529
624 624
399 399
465 466
698 699
468 467
362 363
551 550
335 336
352 351
506 507
503 502
551 550
678 678
494 494
596 596
599 598
478 477
617 617
499 498
424 424
402 402
474 473
462 461
543 543
337 337
498 497
647 647
572 573
353 353
330 330
618 619
562 562
365 364
482 482
359 359
460 459
522 523
558 557
376 375
529 528
549 548
438 438
598 597
451 450
382 384
405 405
517 517
489 489
527 527
432 431
421 421
338 337
443 443
459 460
417 419
633 633
308 310
594 594
544 543
444 444
398 398
384 384
831 831
526 526
550 550
515 517
357 357
457 457
442 441
634 636
400 400
500 500
448 447
549 549
473 472
445 444
649 648
609 608
435 434
638 637
369 368
589 589
534 534
536 536
307 308
545 545
322 321
318 319
273 273
522 521
722 724
491 490
607 606
507 506
596 595
482 482
539 539
491 491
521 520
368 369
491 492
365 364
338 342
630 630
492 492
490 490
475 474
394 393
351 351
419 419
423 423
403 402
541 540
634 634
581 583
608 608
537 536
392 391
499 499
278 278
513 512
722 721
478 479
447 448
534 533
485 485
598 598
593 592
703 704
442 441
451 450
514 514
386 386
435 435
359 364
609 608
592 592
657 656
471 470
509 509
669 669
304 305
560 560
499 499
357 357
409 408
481 481
493 493
485 485
335 334
619 620
585 585
509 509
622 624
502 505
477 480
380 380
486 486
553 552
643 643
518 518
655 654
513 512
589 589
520 519
827 826
499 500
294 293
425 425
525 526
641 641
546 545
660 659
504 506
670 671
577 577
538 537
543 542
481 481
522 522
457 457
594 593
498 501
349 349
375 378
477 478
225 225
433 432
439 438
616 615
456 457
535 534
685 685
605 604
532 531
478 479
554 553
625 625
565 564
431 430
516 515
585 585
564 565
604 604
482 481
595 595
502 502
409 409
400 401
618 617
611 612
390 389
446 447
360 360
296 296
537 538
602 604
397 396
478 477
535 535
402 402
606 605
341 340
590 590
541 542
443 443
422 422
529 529
687 687
427 428
513 513
365 364
443 444
399 398
392 391
617 616
605 604
609 609
506 505
492 492
401 401
400 400
423 422
636 636
729 729
462 462
496 496
474 473
452 452
514 513
540 540
522 524
541 540
540 539
657 660
710 709
626 626
541 540
532 531
593 594
567 571
332 331
433 432
574 573
399 400
412 414
458 458
474 474
467 467
497 497
356 356
427 427
591 590
365 365
785 784
471 473
491 490
610 609
519 518
465 465
399 398
576 576
455 454
445 445
602 601
523 522
370 370
573 573
609 609
549 549
404 404
495 495
514 514
362 362
458 458
446 446
521 521
382 382
452 452
349 349
580 584
439 438
402 403
639 638
540 539
651 651
540 540
541 540
583 583
375 375
509 509
433 432
507 506
535 536
394 394
513 513
603 602
742 741
419 420
512 511
506 506
537 536
376 375
421 420
476 476
444 443
450 450
576 577
535 536
381 383
516 516
453 452
438 438
492 491
573 574
523 524
680 679
507 507
699 699
572 571
649 648
541 542
519 519
467 467
620 620
434 434
626 627
536 536
575 575
494 494
520 519
656 656
545 544
316 315
585 585
512 511
603 603
627 626
421 423
577 576
470 470
686 686
497 497
437 437
473 473
409 409
504 503
422 422
531 531
429 429
438 441
508 507
467 469
539 540
462 462
585 587
318 318
433 434
560 560
428 431
418 418
489 488
543 545
347 350
580 580
557 556
426 425
421 421
422 421
466 465
530 529
312 312
565 564
559 559
560 561
609 609
461 462
544 546
461 461
434 434
340 340
581 580
537 536
386 385
596 597
344 343
538 538
488 487
392 391
449 449
447 446
487 487
485 484
339 339
461 460
654 654
592 592
276 275
372 372
548 547
447 446
518 518
688 688
461 464
429 429
493 493
415 414
445 447
399 400
268 267
682 683
541 541
388 388
608 608
542 542
431 431
373 373
544 544
462 462
613 614
420 420
524 524
544 544
592 592
514 513
570 569
702 701
562 561
467 467
615 616
423 422
624 625
490 491
558 558
299 298
676 675
620 620
607 606
326 327
387 387
397 396
464 463
496 495
649 649
596 595
442 442
544 544
679 679
436 435
660 659
774 773
338 338
731 730
541 541
581 581
674 673
689 690
334 335
456 456
563 563
619 619
488 488
438 437
458 457
800 800
639 639
613 613
408 408
498 497
430 430
556 556
480 480
449 449
477 476
465 464
496 495
420 420
514 513
509 509
352 351
509 509
481 483
729 729
309 308
342 344
491 491
467 466
621 622
456 456
743 743
542 543
505 507
463 463
621 620
691 691
558 557
516 517
715 718
396 395
535 535
328 327
503 502
666 667
602 604
477 476
482 484
444 443
417 416
483 483
452 451
519 520
503 503
514 514
398 399
557 558
623 623
572 572
514 513
372 372
401 400
535 535
664 666
466 467
547 546
614 615
466 465
551 551
496 497
526 527
303 303
478 477
525 524
466 465
570 569
532 534
514 513
426 425
506 506
620 620
584 583
490 490
560 559
645 644
497 496
340 340
502 503
511 511
540 540
409 408
551 550
476 475
610 610
630 630
682 683
511 511
346 345
717 716
585 585
472 471
572 572
506 505
510 510
500 500
729 730
409 412
475 474
615 614
543 542
621 620
492 492
452 452
330 330
613 613
626 626
456 456
559 559
580 580
620 619
582 581
706 705
571 572
370 370
524 523
473 472
536 536
580 580
612 611
521 521
569 570
593 594
461 461
406 407
609 608
573 573
425 425
417 417
452 456
620 622
381 381
475 474
575 575
590 590
443 443
625 625
560 559
549 548
479 479
491 491
627 627
711 712
426 426
323 323
554 554
390 389
558 557
269 270
493 493
337 336
514 514
340 339
581 581
511 510
453 453
542 542
378 378
556 556
732 731
418 420
489 489
456 456
382 382
508 507
650 651
605 605
571 570
459 459
480 480
457 458
367 366
620 620
757 759
453 453
527 527
506 508
261 260
566 565
568 568
410 409
247 247
565 564
447 446
362 364
460 460
420 420
267 266
519 518
376 375
541 541
493 493
446 446
551 550
647 647
692 692
424 426
542 542
548 548
429 428
623 623
507 507
333 333
601 602
488 487
480 480
496 496
423 422
383 386
426 427
382 382
764 764
663 663
643 642
473 472
650 650
394 395
642 641
483 482
403 402
529 531
586 585
409 409
484 485
341 341
555 557
459 458
649 649
539 539
538 539
566 567
468 468
495 495
533 533
651 651
496 497
570 569
424 424
566 565
527 529
490 489
434 434
636 637
525 524
426 425
666 665
413 412
439 438
618 620
523 522
515 515
572 572
572 571
566 573
563 563
488 487
409 408
515 516
263 264
351 351
743 743
413 412
731 731
593 593
504 503
477 478
802 801
572 572
606 605
441 443
561 561
440 439
691 691
446 445
528 527
447 448
546 546
424 427
533 532
500 499
564 563
565 564
459 458
461 461
626 627
408 408
516 516
721 721
299 300
599 598
420 419
335 334
426 426
413 414
630 629
677 677
430 430
413 413
605 604
505 509
535 535
609 608
436 435
417 418
517 517
413 412
512 513
499 501
542 543
481 481
555 556
490 490
535 535
428 427
428 427
423 422
371 371
507 506
389 389
540 541
555 555
607 607
535 536
487 487
351 351
258 257
217 216
421 420
600 602
780 781
523 522
554 556
538 537
308 307
542 544
313 313
640 639
434 434
439 438
411 411
603 602
597 596
506 506
556 557
352 351
665 665
349 349
411 410
380 379
462 462
411 411
569 569
622 622
482 482
431 430
512 511
413 412
647 647
434 435
356 356
531 530
393 392
546 547
569 569
469 472
674 675
333 334
523 523
534 537
508 508
530 529
520 522
596 595
471 471
353 354
392 395
317 316
508 508
388 387
391 391
399 398
676 676
377 378
644 643
501 502
479 479
416 417
449 449
565 564
461 461
442 442
390 389
608 608
459 458
384 383
467 468
541 542
442 442
595 594
415 415
406 407
586 586
640 641
557 557
487 486
563 562
478 477
636 636
641 640
622 621
549 548
428 428
538 539
407 407
464 464
425 424
517 516
418 417
435 434
540 540
631 630
539 538
539 540
427 433
240 239
344 343
494 496
387 387
639 639
301 301
511 512
461 462
393 392
513 513
558 558
579 578
510 510
520 521
667 667
580 580
587 587
557 557
518 518
364 364
446 445
558 559
731 731
597 597
555 556
677 677
623 626
294 295
599 599
444 443
706 707
534 533
508 508
652 651
564 565
647 647
455 455
548 548
604 604
417 417
388 387
753 752
429 429
587 587
441 440
576 576
275 275
455 455
397 399
541 540
595 596
372 373
368 368
284 283
666 665
451 451
409 409
441 443
372 372
522 522
235 235
480 481
516 516
429 429
378 380
596 596
536 536
337 340
422 421
428 428
534 534
483 483
479 479
545 546
472 471
312 312
656 658
649 649
493 493
484 483
485 485
445 446
503 503
443 443
419 419
629 628
434 435
583 587
523 522
260 261
490 490
388 387
468 467
443 442
264 266
576 575
673 672
513 513
581 581
552 551
365 364
513 515
529 529
386 389
396 396
635 635
295 294
446 445
629 628
390 390
519 519
587 586
373 372
496 496
535 535
491 490
465 465
497 496
247 249
509 508
565 564
446 445
530 531
409 409
473 473
609 608
460 460
478 478
514 514
525 524
554 553
552 552
579 579
243 243
325 325
643 643
603 602
808 807
570 572
472 471
613 612
526 525
644 644
605 605
371 371
493 492
454 455
395 396
603 603
567 567
483 486
365 368
542 541
657 656
470 470
406 405
451 450
426 426
509 509
542 542
739 739
311 310
576 576
803 802
322 321
497 498
410 409
523 523
371 371
469 468
529 528
470 470
722 721
596 597
474 473
435 436
391 393
644 643
589 590
413 413
563 563
394 395
654 654
384 383
739 739
553 553
555 554
499 500
580 581
368 368
537 540
444 444
680 679
755 756
532 531
481 483
676 678
626 625
444 450
359 358
490 490
564 564
378 377
584 583
465 464
388 390
460 460
413 412
415 415
475 475
527 526
421 420
439 439
310 309
585 585
419 418
326 326
613 612
636 636
608 607
428 427
465 465
490 492
629 630
543 543
510 512
496 496
524 523
406 405
787 788
457 456
636 635
537 538
341 342
441 440
547 548
433 433
451 451
696 698
422 421
530 530
504 506
441 440
613 613
366 367
581 583
542 544
612 613
389 389
537 536
514 516
452 451
449 449
389 388
677 679
541 542
558 558
652 651
706 706
574 573
557 556
480 480
761 764
506 505
519 523
542 541
374 373
673 673
266 266
441 440
437 437
547 548
530 530
460 461
384 384
515 514
578 577
379 381
555 554
407 407
441 441
534 535
611 610
363 365
530 531
524 524
508 507
469 468
591 591
637 637
529 529
431 432
601 600
444 443
559 558
492 491
459 459
448 447
428 428
459 459
492 492
516 516
444 444
485 485
534 533
651 651
413 413
555 555
593 592
591 591
632 633
394 393
490 493
555 554
597 598
659 659
573 573
498 497
228 227
564 563
434 435
461 461
529 531
554 553
379 378
545 544
490 491
497 496
377 378
496 498
511 512
491 495
486 485
635 634
497 496
562 561
560 561
535 535
512 511
515 515
550 550
578 577
550 549
489 488
625 625
679 678
510 512
587 586
557 558
553 552
520 522
572 571
578 578
421 420
419 420
514 514
260 259
427 427
297 296
460 459
517 516
687 687
569 568
281 280
479 480
488 488
564 564
625 624
354 354
457 458
529 529
339 338
385 385
565 564
322 322
471 470
326 325
606 608
355 354
632 632
485 486
430 430
526 528
510 509
503 502
380 380
288 287
336 336
543 543
707 707
444 444
601 602
380 380
629 629
530 530
601 600
544 544
393 394
547 546
643 644
512 511
565 565
505 505
475 474
355 356
560 561
535 535
514 513
537 537
597 597
498 498
578 578
471 470
542 543
519 519
649 650
390 390
420 419
543 542
570 573
556 558
464 468
519 518
474 473
503 503
520 519
713 712
429 428
618 618
347 347
530 529
467 466
459 459
654 653
407 406
397 398
398 398
388 388
462 465
481 480
490 491
428 429
622 622
658 658
416 415
366 365
325 325
608 610
581 580
522 521
502 501
361 360
465 466
631 632
468 467
499 499
579 578
655 656
597 596
540 541
461 460
573 572
507 507
418 417
512 513
547 546
491 491
568 568
485 486
635 635
598 598
453 453
494 496
487 487
358 358
535 534
602 602
506 505
485 486
602 601
559 558
551 550
716 716
498 499
319 321
381 380
430 432
664 665
482 484
500 500
610 612
587 588
572 573
278 280
594 594
574 574
746 746
516 519
649 648
606 605
610 609
529 529
547 547
491 490
535 534
453 453
448 448
590 590
561 560
532 531
574 574
461 460
486 487
606 606
384 384
598 597
402 401
522 521
339 338
414 415
461 461
532 532
460 459
535 534
572 572
336 335
442 442
470 471
576 576
490 490
502 506
425 427
590 592
411 411
521 520
615 615
494 493
583 582
501 501
329 330
367 367
436 436
617 617
514 514
639 639
552 553
159 159
345 347
527 527
447 447
382 383
564 563
400 402
520 520
396 396
566 565
545 545
600 600
515 515
437 439
593 593
750 749
520 519
366 365
460 460
595 594
485 484
664 664
633 632
541 540
439 439
425 425
329 329
637 637
628 627
592 591
438 437
408 411
547 547
503 504
408 407
452 452
482 483
385 384
590 591
599 599
371 370
727 726
604 604
348 349
579 579
533 532
356 356
291 291
572 571
303 303
346 345
636 636
470 470
393 392
636 637
539 538
370 370
474 474
486 485
632 633
391 390
678 677
451 451
411 412
608 607
442 442
523 527
547 546
658 661
572 572
487 486
765 766
506 506
406 405
604 603
452 454
595 595
455 454
593 592
387 387
497 496
608 608
441 440
417 416
558 557
495 495
678 677
444 443
433 432
517 518
452 453
644 644
576 577
569 573
584 585
309 308
420 422
402 402
449 451
635 635
460 460
600 600
586 585
647 646
339 338
375 374
318 318
651 651
518 517
622 626
493 492
468 467
227 226
747 747
640 642
402 402
433 433
716 716
479 480
395 397
508 507
527 526
583 582
503 504
341 343
593 595
497 496
536 536
536 535
503 503
375 375
673 672
520 522
607 608
565 565
443 443
454 456
536 536
460 460
558 559
714 714
374 373
483 483
389 389
513 512
621 620
595 596
440 441
440 441
586 587
445 444
417 417
428 428
590 590
486 487
363 362
466 467
391 390
498 498
427 427
561 560
447 448
571 571
665 664
570 569
707 706
308 308
539 540
575 575
541 540
321 321
474 474
339 338
395 395
453 452
465 464
401 400
612 611
448 447
486 486
487 486
479 479
420 420
589 590
541 542
534 534
502 502
581 580
591 591
476 475
446 446
512 512
436 436
630 629
577 576
586 586
420 420
565 565
563 563
396 395
538 537
412 411
643 643
359 359
470 469
482 481
512 512
636 636
366 366
443 442
522 523
448 448
456 456
469 468
565 565
518 518
448 448
421 422
576 575
480 480
538 538
354 353
538 538
389 388
377 377
616 619
463 463
491 490
578 578
412 414
781 780
600 599
493 494
416 417
368 367
505 505
492 492
448 448
498 498
519 518
637 638
484 485
557 557
447 446
590 590
374 373
476 476
537 536
610 612
479 479
613 614
554 553
449 448
503 503
467 467
556 556
660 660
351 351
461 461
377 377
564 563
389 389
497 496
489 488
407 406
416 415
482 485
275 276
577 576
481 481
547 546
538 537
593 593
317 317
462 461
568 568
369 369
444 447
465 464
511 510
641 640
604 604
446 445
599 600
339 340
677 677
591 591
516 516
476 477
548 548
561 560
572 571
434 438
667 668
489 489
450 449
539 539
382 381
598 598
508 507
565 565
332 333
431 431
572 574
453 452
468 467
519 521
448 447
580 580
441 440
452 452
552 551
371 370
370 370
411 410
551 552
484 483
430 430
641 640
299 299
534 534
415 414
414 415
461 460
582 582
558 561
505 504
704 704
451 450
392 391
351 350
526 527
525 525
544 547
505 506
591 591
465 465
488 488
456 455
600 603
495 494
448 447
558 560
504 504
571 570
620 619
558 557
519 519
406 406
529 528
584 584
421 420
393 394
568 568
439 440
516 515
627 627
366 366
336 337
430 429
379 380
340 341
450 450
698 698
473 477
411 410
635 637
285 284
507 507
717 716
461 461
385 385
450 451
499 499
577 579
426 425
485 486
559 558
378 380
388 389
554 553
542 542
557 558
547 547
470 469
556 556
551 555
469 468
572 571
527 527
662 661
447 446
517 518
500 500
382 382
499 499
398 398
422 423
362 363
537 537
497 498
627 626
417 417
527 526
443 443
441 441
636 636
468 469
504 503
354 353
426 426
592 592
602 602
481 481
597 597
666 667
422 423
323 323
535 534
373 373
428 428
531 533
623 622
435 434
455 455
375 374
533 534
470 470
530 529
631 633
567 567
454 453
363 363
574 576
460 460
502 502
503 503
756 755
577 577
664 665
578 581
600 599
570 571
624 623
465 465
482 483
553 553
391 390
394 394
330 329
477 479
588 588
583 582
393 394
536 535
423 424
594 593
483 484
521 520
600 600
178 178
620 620
372 372
553 552
448 448
482 481
477 477
536 536
465 464
677 677
529 529
488 487
749 748
304 304
529 529
172 171
603 603
617 617
417 417
504 504
343 342
321 321
499 499
420 420
677 679
709 709
656 657
420 422
685 686
513 513
490 490
568 569
460 459
480 480
511 511
538 538
493 492
478 477
510 509
552 551
449 448
469 470
442 441
428 428
387 386
634 633
794 795
652 651
669 669
499 498
618 618
602 602
521 522
428 429
278 277
634 635
348 348
510 511
464 463
480 480
493 494
341 341
407 407
413 414
252 252
362 363
558 558
611 610
640 641
590 591
532 532
520 519
460 460
511 510
464 463
607 607
562 561
472 472
482 485
645 644
520 519
571 571
631 631
471 471
371 370
467 467
466 465
402 403
428 429
416 417
445 445
512 513
453 453
602 603
520 519
410 411
567 566
510 509
587 586
441 441
669 671
601 601
530 532
448 448
688 688
597 596
651 650
567 566
517 518
441 441
388 387
510 510
536 537
635 637
555 558
724 723
406 405
585 585
559 560
535 534
499 499
621 621
624 624
463 464
581 581
514 514
555 554
642 643
567 566
533 532
686 687
584 586
345 350
580 579
497 496
548 549
572 571
528 527
670 669
480 480
565 566
618 620
674 678
258 258
527 528
343 344
467 469
586 586
307 308
458 457
502 502
538 537
551 551
490 490
457 456
513 515
487 486
511 511
556 556
412 411
327 327
574 574
675 675
526 527
548 550
563 564
462 462
452 452
556 557
650 649
407 406
597 597
578 577
381 381
632 633
368 367
680 680
417 417
377 378
316 315
689 690
422 422
498 498
564 563
314 314
476 478
493 494
342 344
416 415
434 435
378 379
345 345
519 518
436 436
611 610
350 351
641 640
571 571
583 584
451 451
511 510
599 598
527 526
494 494
537 537
587 586
379 378
560 559
502 501
621 621
590 589
467 467
559 558
356 358
418 419
369 370
514 513
423 422
454 456
496 497
326 326
336 335
450 450
735 735
484 484
520 519
471 472
696 697
445 444
644 644
488 488
667 667
576 577
328 328
399 399
501 500
484 484
505 504
420 420
569 570
496 495
350 350
552 552
289 290
393 393
542 545
465 466
629 630
461 460
339 338
562 565
469 468
320 320
471 471
457 458
421 421
586 587
495 495
460 460
365 364
609 610
572 571
448 449
479 478
581 581
626 625
465 464
489 490
654 658
429 430
400 400
286 288
622 623
683 682
627 626
603 603
342 341
548 551
528 527
422 428
586 585
585 585
655 656
693 693
550 550
506 505
457 457
581 581
596 595
658 661
584 583
630 630
640 640
581 580
448 447
294 293
407 406
387 387
515 514
602 601
511 510
498 499
470 470
589 588
496 495
386 389
615 618
609 610
565 565
462 462
466 468
467 468
492 492
569 568
509 508
554 558
339 340
626 626
505 504
404 403
488 487
568 567
553 554
341 340
530 529
482 482
502 501
487 486
583 582
619 619
500 499
478 478
403 404
551 551
417 416
515 515
294 293
556 555
413 412
469 469
506 506
535 536
350 350
518 517
497 497
501 501
407 406
442 442
585 585
596 595
567 567
312 312
411 411
536 536
432 432
337 337
416 415
460 460
440 439
418 420
628 627
424 425
469 469
460 460
364 366
577 576
525 527
427 427
548 547
725 727
529 530
540 540
336 336
656 655
433 432
254 255
470 469
639 639
551 550
424 427
536 536
563 563
324 326
567 568
538 538
499 498
559 560
559 559
495 495
536 535
505 504
507 507
657 657
514 515
533 532
426 427
397 397
430 430
538 538
564 565
505 504
589 589
498 497
636 636
381 381
714 715
513 512
553 554
612 612
513 513
375 374
586 587
494 493
270 270
211 210
457 457
616 616
609 608
663 663
545 544
764 764
469 470
564 563
443 442
417 417
408 407
498 498
566 565
491 491
505 504
634 634
188 188
226 227
574 574
607 607
448 450
618 617
477 477
582 582
665 664
506 505
446 445
421 420
450 450
691 691
391 390
615 614
534 535
385 385
201 200
495 495
456 456
617 617
509 510
638 641
493 496
643 643
582 583
542 542
711 714
469 468
413 412
535 535
627 629
547 547
585 587
654 655
644 645
471 471
615 615
662 661
471 471
313 312
515 515
555 555
459 459
459 459
497 497
503 503
384 383
560 559
605 605
585 585
616 616
603 602
532 532
525 525
412 415
637 636
433 432
522 524
570 569
602 602
599 599
508 510
561 561
574 574
388 387
667 666
675 677
576 575
678 678
481 483
572 571
512 513
440 440
363 363
593 595
388 387
446 446
491 491
448 447
437 436
471 471
469 468
364 364
487 487
602 603
437 438
542 542
301 303
219 219
654 654
435 437
395 395
467 467
459 459
644 644
401 400
531 530
383 382
431 430
543 542
459 460
494 494
311 311
596 595
347 347
316 315
597 597
466 466
628 630
679 679
574 575
462 463
679 679
428 427
474 475
377 377
476 475
360 361
634 634
421 421
315 315
641 641
421 420
456 456
371 371
787 787
571 571
505 505
410 410
386 386
447 446
569 571
547 547
413 413
610 609
481 482
567 567
592 592
493 494
601 600
479 479
545 546
681 681
656 656
581 581
400 399
345 345
560 560
603 604
517 517
346 345
476 477
571 570
476 477
422 422
616 619
610 609
538 539
595 594
405 404
572 572
529 528
444 443
269 269
439 439
412 414
408 409
564 563
489 490
485 486
595 599
556 558
514 513
538 542
378 381
544 545
687 686
590 589
626 626
555 555
531 531
388 387
398 398
365 365
629 628
377 378
564 564
570 569
456 457
564 563
519 520
783 783
556 556
627 626
640 639
507 508
565 565
609 609
552 551
437 437
638 637
499 499
402 401
670 670
456 457
627 628
486 487
572 573
471 472
591 590
443 442
312 311
582 581
445 444
605 606
549 549
520 521
507 506
415 414
535 534
543 544
501 501
573 572
591 590
551 550
434 434
398 397
608 608
343 343
431 431
553 553
370 369
530 531
436 437
292 292
366 368
356 355
535 535
543 543
448 449
617 616
525 525
548 548
375 376
409 412
598 598
433 433
503 503
448 448
496 499
390 389
531 531
836 837
429 428
470 469
613 613
462 463
550 549
553 552
618 618
614 615
408 408
495 495
488 488
578 580
489 491
473 473
527 527
432 433
383 383
414 414
493 492
468 468
314 313
281 283
429 428
649 649
324 324
279 279
414 416
316 315
555 555
769 768
702 701
703 702
396 395
394 398
479 479
427 426
526 525
386 386
221 220
419 418
551 554
463 463
571 573
619 619
468 469
544 543
312 312
552 553
569 569
574 573
408 410
488 488
353 354
495 494
503 503
403 403
464 465
608 609
401 400
578 578
446 446
841 841
398 397
379 379
454 453
524 523
480 481
450 449
551 550
565 564
475 474
430 431
517 516
462 462
525 525
632 633
470 470
587 589
594 593
294 294
430 430
525 525
492 492
543 544
472 471
474 473
458 460
377 376
454 453
583 583
422 425
397 398
656 655
318 317
267 268
502 501
451 451
459 460
516 516
570 569
538 540
355 354
430 431
477 476
669 668
369 368
493 493
491 491
497 497
372 372
337 336
546 546
587 586
535 535
441 441
398 397
647 647
459 461
581 581
538 537
536 535
358 361
455 454
444 444
327 327
436 436
571 570
389 389
543 543
614 620
621 620
403 403
556 556
541 540
443 442
559 559
467 470
564 563
460 460
662 662
592 592
341 342
573 573
602 602
577 576
495 494
610 611
342 342
576 575
596 597
380 379
300 303
447 446
430 430
260 261
496 496
292 291
487 486
546 546
256 255
465 468
440 440
551 550
592 592
664 666
534 534
555 555
516 516
492 492
496 496
513 513
404 403
515 515
589 589
595 594
331 331
509 510
663 664
538 537
553 556
539 539
443 442
615 615
430 431
383 383
618 617
642 645
367 366
492 491
568 567
455 454
537 537
505 504
435 435
469 469
558 558
554 553
636 636
510 509
513 512
402 402
617 616
669 670
453 453
546 545
331 331
508 509
536 536
475 478
691 690
505 505
516 516
613 613
548 548
580 580
461 463
708 707
658 657
484 484
585 587
502 502
362 362
729 729
496 495
444 447
690 689
556 556
318 317
640 639
663 665
475 474
493 493
578 577
400 399
553 553
413 412
397 397
477 477
555 554
483 484
564 564
341 342
512 512
304 306
453 452
498 499
508 507
612 611
498 497
541 540
590 590
433 432
548 547
552 552
436 436
730 732
395 395
467 466
586 585
459 458
734 734
345 345
475 475
600 600
514 515
335 336
455 455
541 541
409 410
418 418
812 811
427 427
557 557
556 556
388 389
483 482
686 686
390 393
611 612
312 311
516 516
356 356
525 526
328 328
532 534
409 408
442 442
429 428
635 634
529 530
421 420
526 526
559 559
372 372
611 612
564 563
723 723
561 560
278 280
497 497
487 486
694 693
364 363
546 545
441 440
582 582
360 359
581 580
405 407
435 435
501 500
539 538
457 457
464 464
614 614
408 407
579 578
546 546
640 640
673 672
540 539
592 591
448 449
395 395
500 499
484 484
429 430
306 306
520 520
526 526
472 472
487 487
611 611
648 648
619 618
465 465
506 506
389 388
478 479
564 563
490 491
409 408
457 457
444 446
451 450
641 642
510 510
444 444
369 369
560 559
376 377
607 606
566 565
485 486
520 520
370 370
530 531
570 570
571 571
609 609
533 532
432 434
484 488
449 450
302 302
359 359
779 779
428 427
625 625
577 576
494 494
677 676
445 444
550 549
578 577
464 466
519 519
427 426
402 405
327 326
682 684
550 550
506 505
617 617
418 418
426 426
440 440
432 432
583 583
648 649
408 407
449 449
581 580
506 506
475 475
554 554
602 601
466 466
609 610
518 523
334 334
443 442
487 487
615 614
532 533
600 600
516 515
442 442
431 430
524 523
487 487
549 548
483 482
592 592
645 649
625 627
643 643
539 538
503 503
427 427
536 536
483 482
549 549
561 560
359 359
322 323
391 390
560 559
345 345
470 470
659 658
324 323
484 484
572 572
509 509
516 515
638 638
572 571
548 548
569 569
700 701
559 560
602 602
538 538
606 605
484 484
713 713
803 804
522 522
628 629
438 439
578 578
509 509
424 424
515 515
334 333
530 534
358 357
410 410
623 623
454 454
481 481
461 461
586 586
649 649
656 656
584 584
563 562
653 654
517 518
475 475
738 737
452 452
441 444
644 644
384 386
418 419
368 369
428 429
529 528
421 421
518 517
617 617
578 580
414 415
647 646
479 478
635 635
546 546
594 593
596 595
463 463
476 476
431 431
472 472
522 522
495 494
600 599
627 628
498 499
429 429
449 448
522 521
596 595
562 561
490 490
480 479
551 551
552 551
453 453
443 442
560 559
651 653
310 310
386 385
444 443
534 534
413 413
363 363
550 549
631 632
490 489
498 498
474 473
483 484
634 633
625 624
485 484
593 593
397 397
618 617
568 567
416 417
354 353
477 479
325 325
484 484
447 446
569 570
486 485
481 481
558 559
389 389
458 459
616 616
438 437
443 442
717 718
427 426
607 606
577 577
451 450
590 590
461 461
698 698
701 702
532 531
458 457
436 436
475 474
436 437
413 413
536 536
597 596
554 553
540 539
443 444
603 602
580 580
471 472
405 405
465 465
555 559
626 626
767 766
456 461
319 320
320 319
497 498
585 584
409 408
551 552
457 457
526 525
413 414
600 600
527 526
606 605
692 692
637 637
499 499
548 549
510 510
312 312
579 579
494 494
495 497
351 351
360 359
479 478
560 561
428 427
532 531
604 605
407 406
512 512
627 626
455 457
532 532
639 639
570 570
416 416
581 580
626 629
418 418
572 572
519 519
393 393
552 551
563 563
465 464
498 497
438 439
541 540
541 540
448 448
585 585
498 498
462 462
673 672
526 525
436 439
430 432
384 383
581 581
465 464
472 471
614 614
526 525
430 429
600 600
412 411
511 511
385 384
472 471
527 528
337 339
463 463
551 551
716 717
486 491
527 527
626 626
560 560
552 552
476 477
350 352
391 395
540 539
562 561
519 518
463 465
342 342
509 509
410 410
474 473
309 309
402 401
478 477
524 523
501 502
626 625
407 406
524 524
544 544
670 669
484 485
519 518
453 453
467 467
690 691
376 376
380 380
523 522
416 415
422 421
501 502
488 488
562 564
624 623
570 570
477 477
470 469
451 451
421 421
417 416
506 508
367 366
588 589
340 339
399 400
441 440
530 531
417 416
407 407
471 472
465 464
619 619
553 553
630 633
453 453
358 358
533 533
397 397
560 564
730 730
365 365
504 506
718 717
460 462
400 401
509 509
528 529
550 551
451 450
522 522
340 341
638 638
454 454
453 452
384 385
411 411
436 435
352 352
566 566
555 556
620 623
517 522
400 399
653 653
665 664
468 468
574 573
397 397
553 555
661 660
431 432
516 517
297 297
687 686
760 760
551 551
440 439
566 566
436 436
367 366
463 463
392 392
586 585
658 658
598 598
337 338
532 531
619 618
603 602
613 613
538 538
396 395
413 414
359 358
533 533
576 578
321 322
631 631
481 480
560 560
530 530
400 399
557 556
609 610
377 376
466 465
610 610
405 405
497 498
447 447
519 520
736 736
573 573
513 513
520 522
462 463
353 354
544 543
469 469
635 635
477 476
533 535
552 553
584 583
604 603
565 567
426 426
536 535
498 498
598 598
377 377
512 512
439 438
481 481
579 578
666 666
585 584
389 389
374 374
421 420
335 335
514 514
299 298
338 341
456 456
530 529
584 583
431 430
548 547
586 586
493 495
493 493
487 487
465 465
518 519
531 532
704 703
466 466
321 320
453 453
495 495
398 399
372 371
437 436
574 573
643 642
458 457
665 664
607 606
493 493
470 469
499 502
397 396
504 505
519 519
575 575
430 429
402 401
463 462
562 561
549 548
593 593
352 351
462 461
573 573
599 599
506 506
611 612
473 474
460 459
622 621
388 391
305 304
432 433
349 349
410 410
411 414
364 364
553 552
509 508
427 427
522 521
428 427
437 436
583 588
367 368
465 464
390 389
701 701
507 506
507 506
491 490
599 599
467 467
466 466
574 577
579 579
581 580
442 441
422 422
531 531
455 454
435 436
483 483
573 575
499 498
458 458
426 425
570 571
463 463
557 557
515 519
424 423
561 560
572 572
642 644
396 396
350 351
323 322
406 406
234 233
536 536
453 452
481 482
426 425
418 419
475 474
680 680
524 526
396 396
565 565
454 453
600 600
404 403
502 502
568 568
591 593
623 623
472 472
390 391
434 434
260 259
574 574
635 635
385 384
568 568
436 435
467 466
494 494
317 317
434 434
607 606
454 453
478 480
417 416
499 501
598 598
688 687
727 727
551 550
520 520
400 400
310 310
253 252
464 464
402 402
412 412
465 467
593 594
519 518
374 373
532 532
444 444
662 665
585 584
630 630
349 350
467 468
549 549
608 607
502 503
455 455
600 599
533 534
433 433
465 464
412 411
477 476
372 372
358 357
586 586
616 617
516 516
425 424
550 554
580 582
389 388
551 551
325 325
545 545
387 389
552 553
471 471
592 594
504 504
371 370
360 360
518 519
571 570
580 581
415 415
585 585
546 546
492 491
360 360
697 701
525 526
444 444
394 393
507 506
389 390
505 505
651 651
433 433
413 412
733 732
388 388
477 476
622 623
395 396
458 459
373 373
506 505
554 553
509 508
389 388
346 346
647 646
691 690
662 662
548 547
390 389
485 485
551 551
419 418
644 644
660 659
517 517
570 569
378 377
466 465
372 372
368 370
461 460
514 513
447 446
372 371
392 394
447 447
495 494
393 392
376 379
533 536
495 496
492 493
465 465
413 414
539 538
485 484
417 418
602 602
502 501
704 704
532 531
507 506
687 686
492 491
494 493
412 412
438 439
195 194
566 565
574 573
482 483
418 417
529 529
480 481
735 734
605 606
413 414
505 504
595 595
661 661
430 429
533 532
352 352
471 472
498 499
524 524
592 592
583 582
572 574
482 482
413 412
687 686
612 612
623 622
427 427
509 509
659 658
609 609
416 415
291 291
460 461
614 613
583 583
549 549
424 424
554 554
527 526
508 508
347 347
548 547
452 451
580 580
438 441
360 360
555 555
404 405
608 608
493 492
549 549
522 522
612 612
429 428
604 604
509 509
568 567
606 605
578 578
427 426
596 597
475 477
647 647
296 296
441 440
629 629
491 490
425 425
602 602
555 554
434 433
434 433
515 514
690 691
750 751
349 348
172 173
501 500
551 550
428 431
510 509
463 462
504 506
580 579
528 527
473 476
708 708
552 551
464 463
435 436
823 824
461 460
778 777
626 625
433 432
573 572
660 660
523 524
356 356
470 469
515 515
551 551
385 386
690 690
605 605
544 546
553 552
590 590
450 450
671 671
517 517
411 410
549 549
429 428
527 526
627 627
416 416
401 400
367 366
446 446
630 630
444 443
543 542
578 578
474 473
363 362
580 579
474 473
550 549
580 581
440 440
593 592
526 526
557 557
477 478
442 443
562 561
406 405
336 335
465 464
416 415
413 414
652 653
530 530
537 537
460 462
600 600
524 523
574 575
411 411
603 602
512 511
668 669
641 641
416 415
384 383
579 579
633 632
390 389
465 465
472 473
383 383
548 547
440 439
433 433
529 529
664 664
655 657
345 344
409 409
643 645
558 560
611 610
403 403
662 663
589 591
321 320
617 616
530 529
512 511
380 379
599 598
458 459
364 363
451 450
428 429
333 332
396 395
418 418
395 394
505 505
563 563
468 470
477 477
497 496
597 596
609 610
545 545
446 447
309 308
590 590
434 434
619 619
306 305
475 476
363 363
323 323
486 485
464 463
388 387
423 423
426 425
573 572
488 488
384 383
467 468
549 549
260 260
445 444
542 541
440 440
560 560
434 434
415 417
499 499
347 348
656 655
405 404
591 594
711 711
335 339
537 536
384 385
537 538
615 614
284 285
400 400
541 541
426 426
561 561
609 609
475 475
268 269
720 722
585 585
550 550
457 457
536 536
584 586
558 557
316 315
422 421
568 568
359 359
458 457
355 354
307 307
529 529
350 350
482 481
575 576
466 465
326 326
325 326
588 590
522 521
397 397
477 476
449 448
451 450
537 537
479 479
438 438
373 372
537 537
560 560
578 577
496 495
680 679
406 406
492 492
396 395
519 519
370 370
590 589
325 325
457 457
669 669
378 377
412 412
496 495
432 432
552 552
314 314
548 548
414 413
424 425
483 486
413 415
639 639
704 704
489 488
606 605
413 413
377 376
595 594
636 637
536 536
381 380
347 347
571 571
601 600
684 684
346 346
388 388
641 642
650 649
517 516
602 601
463 463
484 483
494 493
543 542
349 348
683 684
508 508
350 350
561 560
582 582
616 617
371 370
490 492
564 563
527 528
480 480
429 428
517 519
489 489
551 551
391 391
577 576
624 623
616 617
675 675
496 496
715 714
503 503
560 561
540 540
633 632
491 491
579 581
516 515
539 541
454 453
507 506
523 526
744 743
570 570
605 604
434 434
450 449
505 506
572 573
644 644
577 576
699 700
483 482
317 317
617 617
379 379
323 322
550 550
594 595
494 493
709 708
406 408
572 573
544 544
464 464
365 364
284 283
393 392
477 478
347 347
371 371
649 650
306 305
441 440
406 406
391 390
420 420
376 375
607 606
472 472
433 432
514 513
335 335
557 557
445 444
404 405
283 284
477 477
515 516
539 539
360 360
554 554
629 628
316 316
431 430
596 597
298 297
547 546
467 468
414 414
400 401
406 406
551 552
513 513
426 426
492 492
403 404
464 464
479 478
582 584
420 423
486 486
555 555
434 433
612 611
384 384
564 564
448 448
543 543
408 408
630 630
417 416
633 633
425 424
530 529
298 297
373 373
536 536
535 536
373 373
391 390
524 524
557 558
562 563
670 669
554 554
615 615
638 639
432 431
609 608
449 448
493 492
387 390
402 401
465 465
557 557
455 454
405 405
470 469
326 327
392 391
565 564
378 377
359 358
472 471
585 586
647 647
362 362
477 477
550 549
471 470
642 643
505 504
396 395
457 458
479 481
481 480
497 501
605 606
445 445
290 290
560 559
538 538
577 577
376 375
359 358
545 545
593 592
455 455
653 652
593 594
511 510
666 665
396 395
472 472
457 460
468 467
595 596
457 458
511 510
473 472
443 443
405 406
622 625
609 608
472 472
398 397
554 555
448 447
623 622
595 595
259 258
498 497
633 632
485 484
406 406
466 466
549 552
659 658
371 371
553 553
479 479
519 519
683 683
402 401
598 600
551 552
590 589
465 466
643 645
392 392
468 469
715 716
467 468
513 512
397 396
544 543
352 351
406 405
579 582
435 438
434 437
468 468
366 365
360 360
433 433
600 600
529 529
397 397
632 632
445 445
512 513
396 395
627 626
548 550
346 346
411 411
605 605
667 668
573 572
400 399
429 428
588 587
404 406
368 368
519 519
596 595
555 555
473 472
318 318
434 435
334 333
511 513
551 551
658 659
635 634
325 324
502 501
551 550
277 276
629 630
553 552
606 606
302 301
459 460
524 524
584 583
589 588
539 538
410 409
373 372
350 350
383 387
532 532
580 579
502 501
294 294
465 465
544 546
477 477
424 423
523 523
589 589
418 418
731 731
330 331
511 511
493 492
631 631
357 357
401 400
579 579
601 601
576 575
669 668
632 632
629 629
417 418
699 698
598 599
483 482
439 441
402 405
319 319
562 561
437 438
517 518
615 615
419 419
476 475
527 526
374 374
326 326
449 449
488 487
537 540
548 549
359 359
451 451
408 408
506 505
647 647
457 456
550 549
613 612
499 499
295 295
425 426
433 432
488 487
505 506
441 441
724 725
692 694
566 565
432 432
545 545
469 468
621 620
405 405
507 507
416 415
585 586
481 480
619 619
601 601
385 385
401 402
591 592
559 558
557 557
547 547
539 540
519 519
396 395
346 346
678 678
608 609
447 446
460 459
511 511
591 591
533 534
537 536
676 676
526 525
636 635
545 547
451 452
597 597
498 498
371 373
519 520
539 539
478 478
309 313
551 551
494 494
511 511
398 399
774 773
428 427
650 650
546 545
515 514
389 388
555 555
565 571
368 368
480 479
395 395
461 460
598 597
350 349
402 401
596 595
522 521
605 604
518 519
401 402
398 397
617 616
654 654
382 383
350 351
437 437
608 607
515 515
452 456
421 422
640 640
396 396
516 515
598 597
663 665
713 712
315 315
640 640
484 483
381 381
398 401
406 406
513 513
572 572
415 416
420 420
674 673
456 456
630 630
542 542
472 472
583 583
597 597
474 474
376 376
486 485
645 644
482 481
460 463
383 382
503 503
851 851
610 611
464 463
329 329
385 384
471 471
570 569
365 366
355 356
608 607
448 447
537 543
372 374
578 578
473 473
490 489
405 404
481 483
340 339
571 570
543 542
347 346
440 439
471 471
392 392
631 631
586 586
502 502
474 473
512 512
488 488
420 420
493 493
598 597
422 422
784 783
533 532
680 679
627 628
433 432
459 461
533 532
436 435
507 507
506 505
381 382
529 529
573 575
555 555
549 549
379 378
454 453
585 587
388 387
839 838
474 473
406 405
501 501
589 588
474 477
424 423
508 507
570 570
543 543
429 428
510 510
524 525
438 437
462 462
463 464
354 355
480 481
404 405
568 568
661 661
474 473
442 442
653 653
449 448
560 560
554 554
400 399
433 434
624 627
347 346
368 369
588 587
521 521
638 639
562 563
347 349
558 558
440 442
658 658
399 400
540 539
540 540
374 373
517 517
552 552
404 406
547 546
760 761
658 657
521 521
412 415
558 558
452 451
742 741
434 433
367 366
743 745
493 493
410 410
472 473
543 543
305 306
364 363
529 529
408 412
532 531
243 245
592 593
420 421
704 705
457 457
497 496
642 642
465 465
505 504
379 380
318 319
327 328
556 555
708 708
515 516
591 590
655 655
513 512
492 491
387 389
515 515
688 688
494 494
680 680
676 675
491 490
460 459
555 554
684 684
471 471
636 636
550 550
537 538
588 588
540 542
502 503
345 345
617 618
478 478
589 588
411 411
694 693
626 626
638 638
559 558
650 650
303 303
542 541
701 701
459 460
562 564
607 610
525 524
478 478
489 489
530 530
540 540
475 475
534 533
538 538
551 550
600 600
497 496
304 303
312 312
510 509
569 570
615 617
555 554
519 519
515 515
579 579
467 466
565 564
615 617
513 512
480 481
626 625
570 571
385 384
437 436
377 376
274 273
566 566
539 539
551 551
477 476
562 562
582 582
537 538
574 576
465 465
705 704
538 537
596 596
377 378
666 666
632 631
427 427
477 478
478 477
523 523
610 609
441 445
521 520
549 552
325 324
401 401
588 588
359 358
394 395
392 391
508 507
514 513
404 404
466 465
534 534
639 638
593 592
574 575
654 653
348 347
439 442
566 567
264 263
605 606
430 431
559 558
647 647
595 595
700 699
404 404
600 599
457 457
303 302
419 419
370 369
510 509
536 535
707 707
599 599
510 510
643 645
524 524
420 419
509 509
459 462
644 643
406 412
398 398
465 464
571 571
449 450
511 511
508 509
464 463
533 534
559 560
492 491
436 436
424 425
639 639
643 643
569 569
514 513
488 488
507 510
547 547
442 441
636 635
387 388
512 512
608 608
534 534
435 434
332 334
495 495
464 463
505 505
411 412
338 339
597 596
525 524
611 611
461 460
519 520
553 553
465 465
402 402
454 453
608 609
450 449
687 687
452 452
558 557
458 457
641 642
451 451
565 567
536 537
497 499
333 332
518 518
373 372
392 392
431 431
419 419
403 407
347 346
508 508
426 426
338 337
549 551
410 414
463 462
483 484
443 443
554 555
397 397
417 416
355 355
515 516
571 572
564 564
419 418
480 479
454 455
657 657
465 464
441 442
615 614
655 654
472 472
569 571
584 584
423 424
671 673
669 669
411 413
569 570
410 411
788 789
409 409
696 695
510 510
619 618
501 501
585 586
617 616
548 548
537 536
608 609
510 510
570 569
631 630
674 674
477 476
607 607
570 569
418 417
549 549
643 642
608 607
640 639
452 451
557 557
529 529
666 665
428 428
465 464
386 386
405 405
499 499
566 566
337 336
498 500
597 596
653 653
478 478
371 372
523 523
558 559
414 414
379 379
416 416
684 684
472 472
338 338
419 419
503 506
466 467
671 673
522 521
458 457
634 634
562 562
369 368
395 395
441 440
386 385
442 441
337 337
532 532
560 560
525 526
326 326
431 430
483 484
507 507
615 615
400 401
612 618
436 435
735 736
465 465
569 568
501 500
391 391
456 457
450 449
500 500
549 550
608 608
611 611
483 484
386 385
490 490
565 565
477 477
258 258
453 452
447 447
420 420
445 444
559 558
430 429
566 566
519 518
569 568
503 502
394 394
446 445
564 564
290 291
649 648
589 589
462 461
425 426
612 611
274 274
631 630
382 382
645 645
489 489
415 414
390 389
406 407
710 709
457 457
607 608
441 440
414 413
396 395
366 366
399 399
461 461
467 467
462 462
673 673
607 607
470 471
422 422
510 509
535 535
410 409
569 568
402 404
437 437
544 543
628 628
530 531
507 507
529 528
650 650
461 461
492 491
534 534
251 252
705 706
538 539
535 536
582 583
543 547
354 355
566 566
474 474
562 563
545 544
375 375
534 539
461 463
504 505
627 626
289 289
365 364
477 477
546 549
514 514
658 657
349 350
480 480
556 556
506 507
605 604
519 520
483 482
563 563
471 471
433 432
638 638
353 354
489 492
463 463
640 640
518 519
431 435
511 511
610 610
470 470
587 587
531 530
430 430
474 473
503 502
672 673
495 495
465 465
472 471
598 597
442 442
477 477
334 334
492 493
505 505
513 512
511 512
437 437
706 705
532 531
609 609
580 582
500 500
373 373
345 344
492 491
417 416
360 361
621 621
512 511
580 579
434 434
421 420
410 410
430 431
341 340
375 375
596 595
413 413
436 436
445 446
446 446
370 370
623 623
472 471
495 494
373 373
630 629
685 686
506 506
373 373
456 456
540 541
363 362
496 496
589 590
388 387
443 442
532 533
493 492
445 444
548 548
579 579
316 316
424 423
551 553
628 627
557 557
526 526
553 552
606 606
472 471
577 577
481 480
519 519
594 593
370 369
735 734
551 551
570 572
439 438
582 582
423 422
596 597
413 413
369 369
430 433
764 765
546 547
538 537
562 561
490 489
422 422
524 523
371 371
542 541
532 533
455 454
597 597
574 573
476 475
504 504
530 529
699 698
553 552
570 571
319 318
469 468
311 310
511 514
520 519
473 472
586 585
496 496
500 499
534 534
550 549
602 602
545 544
435 435
515 514
662 661
278 277
549 548
498 497
347 347
542 546
469 468
448 447
706 706
611 613
420 421
471 471
480 483
446 446
543 542
379 378
377 378
647 647
521 520
465 464
420 419
564 565
336 335
559 558
522 522
627 626
630 629
676 677
552 552
623 622
560 559
422 421
609 609
536 535
529 531
598 597
523 524
390 389
451 450
657 656
492 491
489 490
512 512
501 501
295 295
528 529
529 529
436 436
472 472
433 433
473 474
485 485
468 467
620 621
483 483
475 474
446 446
398 399
405 404
498 498
534 534
590 589
616 615
439 438
447 446
331 332
422 423
444 443
461 460
358 357
590 589
405 405
538 538
428 429
371 371
526 525
462 462
603 603
605 605
503 505
605 607
398 397
408 407
484 484
577 577
344 345
383 382
547 547
612 611
350 349
416 419
514 513
455 459
265 266
615 614
464 464
486 486
466 465
552 554
340 340
471 471
396 396
455 454
483 482
437 437
539 540
716 716
387 386
459 460
483 482
463 463
661 660
573 572
499 500
697 696
511 511
470 470
565 565
532 533
509 508
595 596
512 514
560 559
446 446
549 549
468 467
486 486
559 558
547 548
460 459
610 609
479 479
523 524
300 300
429 430
469 468
383 383
413 414
624 625
407 407
327 326
400 399
457 459
499 499
698 699
460 459
539 541
497 497
387 388
537 536
415 415
272 271
482 481
523 522
489 488
517 519
462 462
635 634
552 554
589 589
545 546
496 495
465 464
431 431
610 609
355 354
571 571
586 586
434 433
491 490
470 470
589 589
556 556
720 720
511 510
542 541
552 552
484 483
468 468
428 427
472 474
459 459
578 578
533 532
349 349
558 558
552 552
340 341
327 326
330 329
511 511
384 383
710 709
497 498
511 512
707 707
459 460
437 443
610 609
369 369
413 412
401 401
454 454
473 472
276 276
466 466
550 550
491 491
523 524
441 440
470 469
560 560
585 584
625 625
457 456
590 590
375 374
444 444
460 459
423 423
660 661
401 400
521 520
630 631
389 390
531 530
466 466
608 614
604 605
355 354
612 612
566 565
487 488
524 523
650 651
555 554
432 432
496 495
402 401
400 400
597 597
750 749
563 562
297 296
523 523
607 607
437 436
484 484
436 440
619 619
590 590
289 291
516 517
677 677
474 474
459 461
587 586
501 500
574 573
506 505
448 449
407 406
412 412
428 430
545 546
501 502
598 597
370 370
528 529
457 456
514 514
622 622
715 714
493 492
587 589
573 573
408 407
487 487
609 608
417 417
326 326
669 668
504 507
226 228
452 451
333 333
362 362
541 541
470 469
399 399
443 444
553 552
383 382
609 608
493 493
496 496
557 556
431 431
463 463
433 433
484 483
380 380
527 527
512 515
604 605
566 565
454 454
536 536
514 514
478 478
528 527
663 663
556 556
417 416
472 471
389 388
466 468
540 541
571 571
488 487
521 520
520 520
514 515
554 556
537 536
391 390
348 350
440 439
497 498
552 554
675 675
494 496
434 433
609 608
569 569
557 559
737 737
655 655
448 450
499 500
609 609
415 415
694 693
504 504
470 471
525 526
577 580
632 632
520 519
563 562
688 688
599 598
526 526
558 557
411 411
577 580
337 337
455 455
534 535
527 527
449 448
528 530
698 698
475 476
648 648
686 686
491 492
503 503
538 538
566 565
469 468
605 605
423 423
496 495
411 410
423 423
305 304
625 627
358 358
284 286
642 643
545 544
546 547
534 534
367 366
321 321
482 481
345 345
555 555
558 557
471 470
462 461
548 548
595 594
277 277
580 580
448 448
600 600
489 488
453 452
425 425
549 548
417 417
522 521
401 403
349 349
558 557
404 403
613 614
523 522
511 511
528 530
481 480
488 488
561 560
521 520
536 535
533 533
384 384
432 432
362 361
541 540
467 466
567 567
456 456
360 359
405 405
446 446
599 599
516 515
550 550
560 559
538 538
602 601
516 515
478 478
377 377
524 523
557 556
494 494
582 583
631 631
551 552
678 677
462 461
319 319
334 334
244 245
471 471
401 400
399 398
615 615
658 657
478 479
484 489
377 377
467 466
637 638
395 394
526 525
592 592
686 685
649 650
635 634
570 570
350 352
443 444
553 553
598 597
374 373
491 491
520 519
512 512
513 514
594 595
503 502
522 522
600 599
529 528
537 539
590 589
672 671
400 404
482 483
424 423
176 177
483 489
571 572
525 525
388 387
463 462
497 498
570 570
585 585
453 454
598 597
436 437
462 462
471 475
572 574
422 423
577 578
673 673
623 622
441 440
358 357
540 542
516 515
410 409
443 442
425 424
390 389
394 395
534 534
526 528
467 467
481 482
295 294
511 510
616 617
704 707
388 387
699 698
625 624
675 676
533 538
452 451
474 474
461 461
564 563
418 418
627 626
504 505
463 463
382 382
531 531
659 659
610 610
552 551
591 591
629 630
445 444
658 659
608 608
323 322
624 623
364 363
540 539
243 243
463 463
598 598
570 570
563 562
468 467
531 531
571 571
575 575
513 512
630 630
507 507
419 419
591 592
611 611
388 388
497 496
373 373
397 396
341 343
661 660
465 464
384 383
543 542
445 447
502 502
770 771
482 482
689 688
651 651
425 424
569 569
569 569
560 560
502 501
321 321
501 500
664 663
557 556
510 510
672 671
510 512
429 429
446 447
382 381
411 410
560 559
398 397
347 347
582 582
431 434
629 628
516 515
687 687
383 383
514 513
492 493
570 569
548 547
547 547
490 491
496 496
516 516
543 545
469 468
565 564
438 437
561 561
506 506
585 586
352 351
565 566
481 480
287 288
608 607
469 469
501 500
571 570
525 525
626 627
653 655
314 316
298 297
442 441
718 719
608 609
441 440
605 605
336 335
492 492
608 607
294 294
582 581
569 569
539 539
467 466
599 598
471 471
363 366
390 389
583 583
457 456
436 437
594 593
427 426
558 559
562 561
507 506
608 607
421 421
693 693
743 742
467 467
342 341
569 568
530 530
520 520
407 407
586 589
517 517
669 668
556 555
484 484
582 582
724 724
453 452
455 456
482 483
540 541
533 535
517 516
552 552
614 613
605 604
471 473
564 564
341 341
654 654
573 573
634 635
511 510
473 474
559 558
610 610
483 483
628 628
582 583
496 496
448 447
472 473
677 676
465 464
530 531
352 354
533 535
494 494
436 436
630 631
495 497
508 507
441 440
481 481
330 329
637 637
614 613
622 624
397 397
405 406
553 553
522 522
556 556
533 533
379 380
422 422
442 442
543 542
525 525
498 498
557 557
523 523
463 462
532 534
454 453
545 544
534 533
319 318
667 667
497 496
362 362
643 643
516 516
365 365
353 353
479 483
593 594
481 482
237 237
669 669
475 474
478 480
511 511
455 454
445 444
403 402
429 428
599 598
445 446
417 416
565 564
678 679
460 460
517 516
399 398
459 459
697 697
527 527
636 635
408 407
542 541
371 370
506 506
532 532
447 447
458 458
333 334
524 525
487 487
538 539
543 542
706 706
518 517
494 493
462 462
431 431
454 453
345 345
550 550
487 486
411 410
591 590
574 577
583 582
426 425
393 393
545 544
551 551
418 418
503 503
713 714
609 608
414 413
498 498
534 533
461 460
426 425
561 562
503 504
317 317
565 564
666 665
404 404
656 655
683 684
585 585
686 686
482 484
270 269
722 721
554 553
599 598
429 430
550 549
444 444
393 392
485 484
557 558
568 570
243 242
459 459
450 450
390 390
486 485
456 456
476 476
430 429
356 356
550 551
427 427
582 581
463 463
498 498
405 404
536 536
588 587
414 413
187 186
285 284
619 618
393 394
576 575
631 632
481 483
596 596
664 665
554 556
442 441
604 603
630 631
715 715
447 446
512 511
654 655
433 434
614 614
428 429
517 518
505 505
370 372
706 707
652 652
609 608
429 429
484 484
475 475
609 609
476 475
535 535
532 531
556 557
488 490
556 555
515 515
507 506
420 420
426 426
538 538
395 394
526 525
442 444
703 702
335 336
494 494
600 602
586 587
671 671
378 377
599 600
697 696
510 510
526 525
368 368
503 503
458 457
602 603
557 557
426 428
431 431
519 519
656 656
560 559
627 628
499 499
350 350
449 449
679 679
290 290
472 473
631 630
342 341
613 612
455 456
552 551
519 518
366 366
536 538
457 457
346 346
419 420
556 555
514 514
568 567
518 518
464 464
553 552
483 483
525 525
668 668
534 533
435 434
452 451
589 588
498 497
535 535
407 406
572 571
479 479
554 553
506 506
452 451
427 426
422 421
443 443
468 470
495 494
483 484
558 557
578 578
356 355
680 680
526 525
657 659
732 731
307 307
467 467
421 422
369 369
516 516
499 499
385 385
521 521
596 598
478 477
538 537
499 499
419 421
534 534
529 529
397 397
465 464
492 495
552 552
500 499
377 377
593 592
615 616
493 492
522 521
515 515
372 373
497 497
479 480
497 496
479 479
565 565
559 558
470 470
451 450
340 341
578 578
353 353
630 630
439 440
366 365
512 512
472 471
604 603
224 223
498 498
399 399
559 558
282 282
433 432
546 547
519 518
608 608
321 321
418 419
524 523
646 646
519 519
651 651
414 417
611 611
571 571
603 603
534 534
508 510
562 561
448 448
411 413
441 440
423 423
529 529
472 471
552 553
463 463
371 370
334 335
595 594
536 536
470 470
415 414
600 599
207 207
548 547
413 412
483 483
540 540
720 720
508 508
583 582
450 449
535 534
432 433
551 550
451 450
657 657
547 547
642 642
681 682
526 525
529 529
430 429
542 544
418 418
601 600
491 491
531 532
406 407
583 583
573 573
561 560
542 541
435 434
409 413
520 520
519 518
430 429
578 578
404 404
604 604
379 380
591 590
602 601
527 527
625 624
507 507
476 475
563 564
580 580
362 363
570 569
428 428
522 521
493 492
447 447
470 474
433 433
578 577
593 592
485 484
709 708
413 413
486 488
387 387
598 601
499 499
571 570
272 271
416 415
602 602
395 394
434 434
466 465
343 343
475 475
586 587
456 456
650 650
412 412
611 610
445 445
581 580
635 636
405 404
580 579
429 432
409 408
393 393
420 420
457 456
373 374
631 633
733 733
391 390
416 417
577 577
600 603
520 520
582 581
415 414
542 541
451 452
491 490
693 692
605 606
512 512
527 526
426 427
301 300
567 567
545 546
595 595
536 536
462 463
500 500
402 402
503 504
541 541
611 610
608 608
630 629
461 464
416 416
592 593
500 500
264 268
673 672
392 391
632 633
580 579
531 530
617 616
551 551
533 532
519 519
603 603
555 555
428 429
477 478
500 499
355 355
455 455
408 407
700 699
508 508
491 492
597 596
537 536
559 559
420 419
491 492
531 531
575 574
615 616
390 395
414 413
241 240
761 760
768 767
647 646
520 520
531 531
568 567
544 543
546 545
363 363
581 581
694 693
513 513
646 645
437 438
516 516
498 498
420 420
496 496
350 351
576 575
371 370
545 544
475 475
358 358
334 333
580 580
339 341
700 701
588 587
639 638
513 512
589 589
321 320
446 445
590 589
517 517
447 446
500 500
405 405
309 309
497 496
452 451
611 613
526 527
689 689
576 575
579 583
545 545
524 523
454 454
491 490
520 520
517 516
512 511
596 596
318 320
559 559
470 469
571 571
446 445
434 434
492 491
328 327
361 362
640 640
512 513
539 538
418 420
383 382
525 524
514 514
421 421
421 421
501 501
540 539
522 522
407 406
339 339
422 422
585 584
427 426
697 698
531 534
641 642
499 499
374 379
638 637
488 487
462 463
713 714
493 495
301 301
453 454
587 587
517 517
688 687
487 486
567 567
486 490
496 496
368 367
404 403
537 537
497 497
583 587
518 519
491 491
387 390
408 407
675 676
562 562
509 509
532 532
366 368
335 335
453 452
548 548
500 500
324 324
473 473
584 584
544 544
507 507
579 578
597 596
454 453
468 467
661 661
471 470
464 463
363 362
387 386
400 401
415 416
564 565
569 568
391 391
498 497
444 444
514 514
532 531
493 492
461 462
467 466
403 402
533 533
534 535
311 312
346 345
538 537
531 531
311 312
525 524
532 531
594 593
486 486
417 418
299 300
415 414
504 504
593 592
391 391
597 599
560 559
428 427
540 540
578 577
373 373
460 459
632 631
385 384
425 424
559 558
652 656
481 480
657 656
350 349
522 523
581 582
476 477
562 561
619 618
432 431
517 516
555 554
493 495
719 719
466 465
408 407
294 294
560 561
532 531
516 516
549 550
361 360
593 592
435 435
436 436
595 594
544 544
518 517
545 545
604 604
541 543
512 511
309 309
575 575
610 609
447 447
555 555
514 514
618 620
668 667
509 508
387 386
569 569
620 620
361 360
363 362
364 363
604 604
513 512
549 548
425 425
425 425
494 494
564 563
448 448
319 319
663 663
418 417
538 538
546 545
505 505
556 559
512 512
370 374
560 561
555 555
357 359
584 583
560 561
583 582
485 485
440 441
400 401
494 493
306 306
668 668
552 551
389 389
503 502
439 440
533 533
479 479
444 445
483 482
493 493
499 498
520 520
447 446
579 579
438 438
558 561
533 533
511 510
485 484
643 644
328 327
482 482
367 366
552 551
656 655
689 689
603 605
577 577
585 586
503 503
739 738
565 566
428 427
468 467
534 534
540 540
385 385
656 656
453 454
636 635
455 457
537 536
473 474
563 564
472 471
443 445
609 609
471 471
671 672
356 356
536 536
634 634
467 467
548 547
404 405
532 531
678 679
639 638
418 417
478 478
625 626
499 498
435 435
383 387
605 604
562 561
415 415
567 567
517 517
722 722
478 484
462 462
420 420
447 447
591 591
581 581
609 611
567 566
486 486
396 396
338 339
476 475
503 502
629 631
483 482
577 578
452 452
338 338
392 394
535 535
498 498
513 512
629 628
356 356
374 373
573 573
598 597
683 682
328 329
528 529
678 678
445 444
488 489
606 606
643 644
415 414
365 364
629 629
580 579
437 437
423 424
556 557
302 302
434 434
610 611
483 482
444 443
721 721
450 451
536 535
403 403
346 345
572 573
515 515
770 769
435 436
419 419
559 558
545 544
495 494
483 487
360 359
363 363
489 489
547 547
328 330
475 474
446 448
567 566
437 436
425 425
470 470
560 559
512 512
378 379
515 515
604 605
470 469
602 603
596 597
502 501
479 479
462 462
362 363
436 439
440 439
630 630
358 357
438 437
189 188
477 479
535 534
488 487
488 488
731 731
477 477
504 506
493 493
543 542
621 621
647 646
398 397
445 444
732 731
439 441
352 353
501 500
673 672
440 439
331 331
426 426
489 488
678 678
424 424
516 516
435 435
501 500
333 335
424 423
282 282
416 416
509 509
568 568
524 524
508 507
331 330
631 630
533 536
495 495
469 468
410 411
411 411
731 732
533 534
281 281
410 409
569 570
452 451
581 582
654 657
604 604
403 402
606 605
418 417
717 717
439 441
492 492
418 418
480 481
445 445
324 323
503 504
625 625
622 621
574 574
509 509
700 699
502 502
664 664
394 394
519 519
520 520
458 458
585 584
513 514
414 414
577 576
679 678
586 586
599 598
629 628
430 430
421 420
351 352
267 266
764 764
453 454
511 510
465 464
407 407
369 368
514 513
581 581
430 429
556 556
501 501
480 482
529 530
438 437
561 560
438 439
604 605
650 650
400 407
263 262
606 607
523 522
652 653
446 445
628 629
475 475
436 436
445 445
523 522
561 560
388 387
431 431
414 417
519 519
264 264
479 479
575 575
582 581
611 610
343 344
565 564
389 388
539 539
619 619
460 459
472 473
411 410
513 512
564 566
438 438
699 698
389 389
435 435
396 397
441 441
764 764
564 563
480 481
414 416
336 336
528 528
556 556
552 556
607 608
582 582
477 479
389 389
430 430
432 432
721 725
567 566
615 614
480 481
706 708
454 453
549 548
624 623
511 510
571 570
632 632
517 517
487 486
409 409
411 410
620 620
453 453
507 507
542 541
644 643
429 430
458 459
472 471
431 430
827 826
553 553
536 535
663 663
645 647
338 340
334 335
458 458
539 540
502 501
467 466
577 579
503 503
681 681
481 480
491 492
490 489
422 421
545 544
660 660
366 365
621 621
510 510
567 567
453 452
562 563
261 260
556 558
540 539
433 433
493 494
475 478
545 547
504 503
435 435
346 346
386 386
605 604
383 383
523 523
654 653
555 558
420 422
594 596
444 445
405 405
620 619
596 596
459 459
574 574
414 413
541 540
574 574
413 413
580 580
286 285
724 724
405 407
609 609
435 434
518 517
402 403
477 477
474 475
277 278
647 647
625 626
471 470
720 719
567 567
604 604
557 557
355 355
407 407
561 561
364 365
350 349
669 669
364 365
687 688
579 579
705 705
359 358
601 603
420 419
517 516
637 636
610 609
393 393
610 609
406 405
544 545
746 746
408 407
482 482
456 455
266 266
430 433
589 588
414 415
478 479
494 493
662 663
473 473
494 493
531 530
626 625
452 451
367 366
367 366
548 549
575 575
360 360
555 554
492 492
289 288
494 494
509 509
457 459
423 424
666 665
474 474
632 631
690 690
381 381
453 453
394 394
398 399
390 390
522 521
586 585
594 593
634 633
416 416
464 463
498 500
601 601
442 441
578 578
423 425
492 492
639 639
416 417
740 740
300 300
549 550
294 295
494 494
386 386
587 587
633 633
477 477
528 528
592 591
524 523
585 585
363 364
596 595
426 425
503 503
562 561
524 523
382 382
558 557
459 460
460 460
350 349
489 488
315 314
545 545
382 385
542 541
511 510
384 384
462 462
479 479
284 285
446 447
498 497
533 532
470 470
555 554
567 566
490 490
425 425
676 676
403 403
514 515
602 601
681 681
433 432
685 686
630 630
460 460
502 502
458 458
417 416
563 565
483 484
549 548
723 722
435 435
543 544
601 600
440 440
536 535
491 490
362 361
609 608
515 515
634 633
503 502
341 341
649 649
389 388
288 289
434 434
355 355
495 496
416 417
595 598
524 523
506 506
525 526
409 412
508 507
368 368
496 498
421 420
296 298
455 454
660 661
605 605
527 527
467 469
367 366
563 564
586 585
629 629
380 379
562 561
443 442
553 552
589 588
302 303
391 392
477 477
427 427
344 344
493 493
534 534
622 622
520 521
393 392
636 636
417 416
568 567
562 561
649 649
508 508
455 455
644 644
271 271
426 425
405 410
381 381
486 487
559 559
531 530
581 581
343 343
512 512
87 87
455 455
427 427
559 558
302 305
362 362
421 420
498 498
478 477
617 617
495 495
577 578
574 575
437 437
506 506
340 341
496 495
424 426
451 450
258 260
410 410
492 495
665 667
448 447
636 636
677 678
577 578
491 490
468 469
375 375
765 764
448 448
529 529
541 540
481 480
643 643
559 560
523 524
655 655
511 512
606 606
501 500
290 290
507 512
625 625
570 570
329 330
407 406
510 510
540 540
393 392
403 403
551 551
551 551
435 434
532 537
479 479
515 515
508 508
469 468
572 571
214 213
485 485
398 397
576 577
421 420
402 402
525 524
430 429
351 351
511 510
370 369
567 568
561 562
427 428
745 744
444 443
335 334
362 365
279 279
381 381
714 713
524 524
431 430
461 460
561 560
618 620
407 408
438 437
459 459
481 480
571 572
438 438
550 549
564 563
358 358
612 613
538 537
576 575
472 472
465 464
374 373
434 434
384 383
510 509
595 594
290 289
326 327
484 485
647 646
622 622
583 582
528 528
317 316
299 299
443 443
556 557
498 499
502 503
476 479
725 724
552 552
454 453
483 483
619 619
478 477
602 602
375 375
527 526
443 442
420 420
560 559
534 533
504 504
459 459
493 493
460 459
581 582
510 509
297 299
393 394
304 304
514 513
544 543
290 289
524 523
584 585
304 305
502 501
579 581
506 505
459 463
591 592
632 631
325 325
416 416
408 407
434 435
570 574
414 413
475 477
311 311
561 560
534 535
458 458
665 665
442 441
529 529
552 553
595 595
494 494
440 440
453 455
411 411
585 585
543 543
494 494
540 540
467 470
526 526
292 292
553 554
571 571
428 427
507 507
401 404
415 415
382 382
459 458
559 559
478 477
565 565
327 326
428 428
527 527
549 549
473 473
412 411
510 512
584 584
438 437
707 706
556 558
483 483
562 562
610 610
486 486
373 372
520 519
545 544
427 426
444 443
464 464
621 622
499 498
406 406
541 543
628 627
474 474
433 432
574 573
467 466
431 432
527 527
387 386
784 784
555 555
414 415
328 329
506 506
619 619
540 540
634 633
484 483
368 368
496 495
575 575
422 421
461 461
417 417
486 486
519 518
605 604
414 413
415 415
624 625
674 673
403 405
407 407
562 563
451 450
378 379
385 385
435 434
292 291
594 593
592 593
357 360
484 484
408 407
486 486
450 449
499 500
695 695
465 468
538 538
466 467
493 492
422 421
470 470
668 668
519 519
528 528
321 320
681 681
419 419
322 321
575 575
593 592
433 432
668 667
536 536
554 555
623 622
440 440
643 642
613 612
482 481
519 518
605 605
623 622
566 566
439 439
515 514
498 497
629 628
602 603
559 559
490 490
443 442
505 504
532 532
617 617
515 514
499 498
262 263
524 523
542 542
499 499
532 533
501 500
684 684
549 550
422 422
315 315
486 486
590 592
427 426
548 548
493 492
530 529
621 622
604 603
568 570
628 628
517 517
738 738
521 521
585 584
388 389
666 665
660 660
641 640
554 554
634 634
514 516
586 586
652 651
576 575
371 371
555 555
497 498
476 475
605 607
593 592
614 613
540 540
352 352
479 479
462 461
351 351
410 409
352 351
405 404
428 429
619 618
592 592
365 365
560 564
571 571
556 559
326 325
589 589
537 537
691 690
610 610
479 478
500 499
435 434
616 616
446 445
607 607
480 480
398 397
513 512
501 500
450 449
305 306
506 505
523 522
369 368
502 502
341 340
424 423
583 583
477 477
452 452
320 320
389 388
366 366
493 492
411 412
468 468
459 461
500 499
471 471
575 576
498 498
485 485
355 354
380 379
448 447
571 570
576 577
594 595
591 591
648 648
246 247
444 446
602 602
569 568
356 358
485 484
483 485
489 488
669 671
548 548
520 520
559 559
534 535
435 435
542 541
622 624
522 523
482 483
409 408
561 560
630 629
560 560
408 408
525 524
402 402
594 593
456 458
619 619
707 706
665 664
442 441
502 504
556 555
464 463
335 335
498 497
575 575
393 394
764 764
301 300
613 612
462 462
355 354
395 395
500 499
461 460
488 491
366 366
371 372
693 693
297 298
674 674
500 500
422 424
553 553
621 620
607 607
363 363
502 502
372 372
477 476
556 555
402 403
417 417
391 392
424 424
624 624
607 607
350 349
533 533
482 481
584 585
606 607
439 438
391 390
490 490
608 608
426 426
605 605
409 408
500 499
580 579
739 740
442 442
421 421
555 558
397 396
420 419
351 351
364 365
619 619
385 385
676 677
563 563
539 538
379 380
624 624
388 388
566 567
525 525
527 528
578 578
617 617
391 391
571 570
650 652
341 341
679 678
345 344
484 485
571 570
488 488
627 627
368 368
553 552
426 426
257 257
685 685
643 642
428 428
447 447
541 542
428 428
437 436
425 424
422 422
572 573
726 726
583 583
531 531
392 391
432 431
388 389
424 425
653 655
506 506
464 463
445 445
642 643
652 652
473 472
524 528
474 473
484 485
556 557
318 318
666 667
596 596
419 419
485 486
381 381
358 358
810 809
422 422
453 453
500 499
685 684
471 471
510 512
624 624
487 486
450 449
447 447
454 453
486 485
631 631
433 434
466 465
537 536
461 461
541 542
423 422
501 500
476 475
419 419
689 689
328 328
507 509
591 590
427 427
549 548
592 593
346 348
568 568
500 500
374 373
395 397
641 640
570 572
379 379
505 504
305 305
545 546
622 622
420 420
398 398
559 558
536 537
481 481
589 589
419 420
622 622
408 410
384 383
668 668
458 458
513 512
411 410
638 639
443 443
434 433
623 622
506 505
277 277
563 562
356 355
351 351
418 419
420 420
504 504
611 611
410 409
486 485
377 377
626 625
711 711
441 443
560 560
460 460
436 437
466 468
579 578
401 403
530 531
564 563
629 628
451 450
602 602
403 402
442 441
442 441
302 302
593 592
352 351
600 600
489 489
438 437
532 532
551 550
382 382
356 355
443 444
481 481
479 479
419 419
535 536
451 452
548 548
534 535
511 511
372 371
430 430
474 473
587 587
487 486
641 641
512 511
440 439
460 460
486 485
652 652
598 598
385 387
504 503
576 578
463 465
668 668
425 424
475 474
549 550
403 403
533 532
494 495
446 445
404 403
365 365
471 470
488 487
535 537
352 353
399 402
495 497
435 435
632 632
459 459
417 416
633 633
491 490
602 601
456 457
519 519
478 478
382 388
393 392
436 437
673 673
372 371
530 532
552 551
558 560
384 383
699 698
361 360
644 643
557 556
564 566
368 367
534 534
379 378
471 472
486 486
596 595
424 424
426 425
522 524
268 267
573 574
439 438
631 630
473 472
393 392
269 270
309 308
495 495
576 576
431 433
520 521
562 562
384 384
569 569
606 606
496 497
592 593
513 513
412 412
616 615
430 429
506 506
566 567
495 499
574 574
431 432
419 418
455 455
649 650
420 419
331 331
637 637
368 368
428 427
593 593
491 493
435 435
542 543
475 475
443 443
529 531
825 824
551 552
473 472
637 636
332 332
553 553
523 525
346 346
471 474
608 607
667 667
338 340
348 347
590 589
603 603
611 614
634 636
523 524
430 431
409 408
380 381
526 527
362 361
589 589
554 553
401 404
361 361
519 519
383 383
654 654
378 380
439 439
585 586
580 580
445 445
508 508
450 449
372 372
496 496
475 475
497 497
558 557
356 356
437 436
474 474
669 670
242 242
376 375
372 371
501 501
439 441
392 391
347 347
450 449
463 462
432 432
593 596
584 583
459 460
446 446
464 463
708 708
526 526
471 471
499 499
529 529
626 625
340 341
601 601
361 361
363 362
429 429
564 563
510 510
444 444
576 576
403 403
601 600
432 433
465 465
473 472
622 621
500 500
477 477
430 430
586 586
562 561
551 551
543 542
414 414
416 415
414 413
431 430
457 457
503 504
606 613
584 584
311 312
586 586
503 503
610 610
684 685
567 567
592 593
562 561
401 402
566 567
480 482
506 506
485 485
471 471
540 540
404 405
279 278
427 428
471 471
557 557
331 330
460 459
566 565
284 283
664 664
531 530
577 580
395 394
464 463
486 487
609 609
466 465
535 536
561 560
333 333
549 548
569 569
439 441
419 418
524 523
580 580
348 348
552 554
740 740
565 564
571 570
593 593
325 325
616 616
557 556
409 409
396 398
369 369
654 654
757 757
643 642
573 574
489 488
614 614
474 473
517 516
606 605
756 758
387 387
469 469
615 615
685 684
399 398
398 398
455 455
470 472
436 435
577 576
487 486
455 455
421 423
543 543
706 708
443 444
370 370
420 419
466 465
421 421
337 337
572 571
448 447
497 499
492 491
580 579
481 480
502 502
410 410
370 370
494 495
448 448
369 369
490 491
519 521
461 461
555 555
618 618
401 402
433 432
727 728
622 623
522 523
499 504
436 435
576 575
482 481
493 496
621 621
525 524
518 517
394 393
567 566
414 414
496 495
426 426
449 452
698 698
420 421
535 536
539 539
393 392
389 388
499 498
461 460
458 458
567 567
657 656
452 451
590 589
400 399
562 561
617 616
480 480
486 486
431 431
492 492
513 513
451 452
632 633
432 432
483 482
645 645
582 581
418 418
559 558
512 511
509 510
305 305
415 415
383 388
276 277
579 579
634 635
587 587
495 494
312 315
319 319
458 459
581 581
591 591
712 711
488 487
520 521
833 832
501 500
456 458
625 626
451 451
315 316
330 329
424 424
500 499
534 534
559 559
389 389
620 619
563 562
689 688
425 425
444 443
480 480
524 525
654 653
523 522
578 577
504 504
479 478
534 534
387 386
802 802
604 603
520 519
389 388
481 480
536 536
730 729
670 674
435 434
614 613
534 533
416 415
578 578
430 429
486 485
312 312
401 400
716 715
651 650
561 561
528 529
589 589
431 432
512 514
575 576
625 624
430 430
572 571
420 421
430 429
495 494
274 275
426 427
475 474
568 569
662 662
516 515
417 416
437 436
404 404
598 598
504 503
628 627
661 660
496 496
597 597
423 422
579 579
502 502
408 409
529 529
363 367
423 423
544 543
432 431
615 615
500 499
505 506
499 498
372 372
507 507
494 494
400 401
594 594
492 492
677 677
526 526
400 400
544 544
456 456
537 536
436 435
547 546
501 501
366 365
361 361
512 512
419 418
495 494
677 676
472 472
419 418
475 474
394 393
447 447
460 460
529 529
674 673
524 525
532 532
634 636
433 433
430 429
658 657
332 332
374 373
526 525
263 264
402 402
591 591
395 398
594 594
491 492
411 411
625 625
564 564
280 280
428 427
593 593
373 374
578 581
515 514
552 554
543 542
552 551
506 506
438 437
291 291
560 560
537 536
545 547
532 532
712 713
544 543
584 583
576 575
534 534
422 421
684 683
552 553
676 676
463 463
563 563
440 439
405 404
412 411
437 436
375 374
620 621
466 467
540 540
624 623
429 428
501 501
440 442
384 386
572 573
499 499
479 479
641 643
684 686
563 563
496 496
491 490
603 602
500 499
463 463
513 512
488 488
520 520
344 344
443 444
538 538
785 786
600 599
473 473
379 378
261 260
596 596
529 529
437 437
404 404
509 509
472 471
537 538
468 468
481 480
625 626
438 437
359 358
440 439
543 542
257 259
464 465
646 646
592 592
488 488
422 421
637 637
629 629
398 398
373 373
581 580
528 527
567 567
505 507
412 412
590 590
492 491
633 632
530 531
446 445
497 496
388 388
561 561
443 442
654 653
367 366
501 500
674 674
626 626
429 429
587 587
611 611
608 608
457 457
554 553
355 357
515 515
565 564
469 468
310 312
450 454
574 573
438 439
418 418
569 568
400 402
643 644
595 595
482 481
521 521
533 534
623 623
526 525
412 415
499 498
473 473
406 406
598 597
640 640
711 710
448 447
588 588
399 401
1 1
431 430
463 462
592 593
577 577
564 563
445 446
439 439
302 304
475 474
369 369
539 538
587 586
371 370
432 432
485 484
200 199
439 438
483 482
537 537
486 486
548 548
542 542
450 449
498 499
529 529
548 547
547 547
667 667
535 534
563 562
600 601
652 652
366 365
438 440
400 403
495 494
499 499
686 685
551 551
491 490
616 615
506 506
470 470
475 474
644 643
455 455
558 559
519 518
561 561
478 479
525 525
471 471
472 471
374 374
559 559
417 418
728 727
621 622
536 535
491 490
505 504
573 572
535 535
475 475
446 446
507 507
616 616
609 609
481 481
537 538
358 360
451 450
528 530
367 368
526 527
528 529
567 566
549 550
285 286
422 422
480 479
428 428
418 417
487 486
429 429
494 493
557 557
446 445
581 581
416 416
548 547
533 533
388 388
562 562
392 392
436 436
411 411
392 391
608 608
329 330
417 416
634 635
504 505
561 560
620 619
521 520
609 611
477 478
422 422
542 544
497 497
379 378
545 545
581 582
397 396
471 471
635 634
519 520
613 613
389 389
590 589
696 696
603 602
341 341
586 589
526 526
374 374
504 505
452 452
584 583
479 478
614 615
446 446
384 385
511 513
215 219
519 518
517 517
549 548
458 458
541 540
459 458
538 537
516 516
512 511
561 561
581 580
526 527
568 568
488 487
561 561
525 525
606 606
525 524
681 682
403 405
486 486
464 465
421 420
480 484
605 604
482 482
309 308
528 530
444 443
452 453
428 429
481 481
402 402
404 403
343 342
515 515
492 492
547 547
473 473
708 708
533 533
247 247
482 483
424 424
462 462
499 502
420 419
506 508
568 568
487 487
493 493
491 491
446 446
473 473
503 503
495 495
522 521
351 350
393 392
435 434
543 544
443 444
370 371
480 480
450 449
606 606
472 471
446 446
634 633
580 580
652 652
372 371
385 384
415 416
342 341
466 465
290 290
312 312
532 532
366 366
445 446
307 307
484 483
522 523
698 697
394 396
544 544
387 387
335 335
355 355
694 694
362 361
710 709
446 447
524 524
539 539
487 488
463 462
517 517
541 540
638 638
343 343
626 625
575 575
511 511
567 567
342 342
521 520
586 585
535 534
469 469
414 416
513 513
389 389
517 517
538 538
562 562
583 582
541 541
470 470
596 596
566 567
506 508
518 519
485 485
540 539
462 462
569 568
585 584
428 427
541 540
632 632
434 433
683 683
620 620
493 494
264 263
566 565
434 433
458 458
621 620
529 528
621 621
677 678
568 569
466 465
707 706
436 436
559 559
512 513
503 503
627 627
408 408
529 529
369 369
584 585
547 550
514 514
562 563
434 433
317 316
382 381
356 355
540 539
408 407
516 515
642 641
489 489
414 413
457 458
474 474
684 684
517 517
484 486
360 362
477 478
602 603
431 433
555 554
519 519
559 559
411 411
636 635
609 612
355 354
434 433
604 604
557 557
558 559
576 576
591 591
375 376
389 390
713 713
621 622
241 240
528 527
584 584
437 440
492 491
506 506
598 600
416 415
686 685
412 411
357 356
397 396
407 407
289 288
439 438
434 438
354 353
452 453
463 463
537 537
593 593
468 468
526 526
457 457
556 557
287 290
531 531
478 477
457 456
506 505
577 577
598 598
413 413
492 491
523 522
495 494
612 614
575 575
468 468
604 605
607 607
630 630
508 507
579 579
589 590
569 568
405 406
498 497
524 523
458 458
568 568
511 510
493 492
536 536
460 459
520 520
335 336
406 405
635 636
374 375
641 640
385 386
465 465
242 242
706 706
551 551
536 535
536 536
398 399
579 579
514 513
495 495
466 465
427 426
440 443
516 515
435 435
343 342
561 561
334 333
384 384
603 603
501 501
667 667
652 651
622 622
416 415
603 605
534 533
424 423
559 558
402 401
595 594
483 485
525 524
564 564
590 589
579 578
604 604
446 445
762 762
468 468
539 539
442 443
407 407
450 450
397 398
574 573
445 444
613 613
380 379
488 488
560 561
491 491
567 566
431 434
658 657
487 487
403 404
585 584
494 496
551 550
419 418
458 457
480 479
711 712
508 507
541 543
422 421
475 474
306 305
344 343
319 320
664 663
465 465
567 566
581 581
576 575
454 453
631 630
606 608
702 702
612 611
506 505
573 573
562 562
472 471
536 540
432 431
532 532
553 553
526 526
518 518
506 509
599 600
618 618
466 466
487 486
310 310
558 557
595 597
503 503
445 445
639 638
444 443
531 530
473 472
378 379
484 483
560 562
623 622
452 452
607 607
694 693
457 458
580 582
527 529
465 464
542 543
388 388
510 509
598 597
562 563
483 483
487 487
412 412
431 431
629 628
346 345
447 447
410 411
376 375
372 373
547 547
489 488
562 562
662 662
402 402
444 444
651 651
497 497
463 463
533 533
532 533
344 343
700 700
561 562
493 492
602 601
528 531
648 648
516 517
350 349
636 636
533 535
520 522
436 436
477 476
498 498
438 438
502 502
507 508
436 437
593 594
531 531
548 548
502 501
477 476
515 514
615 614
564 564
692 691
530 530
552 552
405 404
387 389
413 412
409 409
552 553
444 445
439 439
643 644
316 316
621 622
437 436
598 598
402 404
382 382
481 482
389 389
449 449
357 357
501 500
407 407
617 617
487 487
532 531
478 480
530 530
503 502
552 551
408 407
429 428
423 422
463 463
480 480
632 631
636 639
512 512
430 429
604 604
758 758
555 557
360 360
354 353
602 603
626 626
495 495
444 444
293 292
475 475
488 487
434 434
459 458
404 404
269 268
368 368
583 583
674 674
447 447
572 573
550 549
466 466
583 582
353 352
627 627
552 551
425 424
450 449
609 608
712 713
399 398
404 403
313 312
643 644
468 468
509 509
490 492
491 491
677 677
519 518
702 701
509 509
424 424
401 401
431 435
601 601
520 519
461 460
530 530
549 549
354 353
593 592
465 468
605 605
524 525
428 430
447 448
572 572
652 652
359 358
388 388
368 368
745 747
560 559
579 578
553 553
506 508
462 462
665 665
571 571
558 560
488 488
471 470
420 421
458 458
545 546
628 628
341 342
648 648
454 454
491 496
446 445
631 631
466 466
561 561
561 560
527 526
562 563
473 474
458 458
552 551
441 441
401 400
576 576
306 307
428 429
536 536
456 455
377 377
478 479
701 705
489 489
403 402
604 603
583 582
306 306
552 551
708 710
633 632
423 423
485 484
433 432
391 390
405 405
576 576
411 411
528 529
507 508
431 431
381 382
324 326
478 481
587 586
603 603
531 531
312 311
498 498
477 476
713 714
591 590
691 691
458 461
439 438
670 670
591 593
563 563
605 605
460 461
595 594
381 381
498 498
476 476
511 513
476 475
457 456
702 701
486 487
662 662
401 401
435 435
496 496
708 707
294 294
384 383
415 415
518 518
595 594
465 465
541 541
726 726
539 538
727 727
510 510
473 472
466 465
532 532
588 588
362 363
401 402
551 550
505 505
386 386
358 358
663 662
631 630
412 411
449 448
534 536
616 617
556 555
247 248
650 651
542 542
359 359
461 460
403 402
428 429
621 621
332 333
498 497
548 547
380 379
588 587
477 478
479 480
546 546
490 492
365 366
433 434
318 317
515 515
702 703
436 435
554 556
391 391
561 561
491 490
697 697
469 468
304 303
588 588
464 463
227 226
481 481
428 427
594 595
476 476
478 478
633 632
424 424
420 420
317 317
433 434
407 406
491 491
452 454
487 488
713 713
543 542
562 563
594 594
287 286
650 650
539 541
387 388
521 526
281 280
393 392
398 399
443 443
434 433
484 483
489 489
451 452
385 384
509 510
379 379
510 509
495 494
373 374
496 496
478 479
552 552
471 470
418 417
467 466
445 445
344 344
585 585
675 677
673 672
728 729
423 423
341 341
511 511
499 498
586 585
613 613
508 508
547 546
518 519
627 627
433 433
539 538
495 498
505 505
462 462
459 460
614 614
428 428
320 320
650 650
419 418
378 378
628 627
503 502
379 379
620 620
573 573
568 568
465 464
568 567
417 417
537 537
463 463
290 289
358 360
429 430
513 514
508 509
632 631
347 346
436 436
493 494
626 628
394 393
448 448
501 500
463 464
587 587
581 581
570 569
479 480
723 723
536 536
484 486
423 422
399 399
384 386
377 377
591 593
675 675
474 475
458 458
522 521
467 467
307 307
490 489
580 579
458 460
623 624
647 646
504 504
660 661
589 590
414 414
314 315
343 343
476 477
446 446
541 540
332 333
590 589
530 530
494 494
479 480
539 538
505 506
604 604
558 558
485 486
535 535
565 566
503 503
674 675
433 432
540 540
438 438
362 363
499 498
537 536
598 597
418 418
432 431
597 596
583 584
430 429
482 482
562 562
762 762
467 467
512 513
445 445
562 562
682 681
407 407
434 433
369 369
568 567
431 432
454 453
470 472
376 375
362 363
484 483
515 515
393 393
674 675
417 417
614 615
632 632
493 493
515 517
492 493
422 424
498 497
248 247
527 526
677 681
439 438
399 399
526 525
560 559
536 537
403 402
521 524
559 559
475 475
503 503
533 533
324 323
445 444
610 612
460 460
421 420
590 589
677 676
484 484
582 582
479 479
690 692
422 421
356 359
595 595
590 589
437 437
409 410
471 471
409 408
495 494
462 461
845 845
397 396
473 476
404 404
586 586
394 395
675 675
492 493
470 469
428 429
382 381
440 440
209 208
725 726
498 501
279 279
484 483
682 682
318 317
509 509
529 528
423 423
414 413
544 544
574 576
396 395
556 555
342 341
418 418
393 394
588 587
449 448
569 569
409 408
473 472
320 321
277 277
434 433
459 460
629 629
364 365
626 626
520 521
677 677
634 634
438 440
470 470
630 630
517 517
595 594
530 529
403 403
440 439
544 545
492 491
446 445
578 578
680 680
678 678
730 730
374 376
515 515
435 434
444 443
408 407
483 483
485 486
560 560
167 169
524 523
369 369
568 567
562 564
522 525
647 648
438 437
433 432
450 450
410 411
454 455
479 479
391 392
506 505
449 448
585 584
421 420
380 379
516 516
729 729
494 493
419 420
591 592
642 642
506 508
447 446
417 417
398 398
532 531
362 362
519 521
398 399
500 500
460 459
509 510
505 506
509 509
652 652
583 582
533 534
426 426
365 365
541 541
409 408
555 554
540 540
536 537
534 536
453 452
401 400
483 484
481 481
506 509
484 486
430 429
428 427
535 534
668 667
528 527
352 351
528 527
320 321
550 550
542 542
493 492
481 480
430 429
563 566
418 417
486 486
604 605
641 641
538 538
566 565
265 265
397 397
588 589
395 395
554 554
587 586
478 478
707 708
660 661
373 375
403 403
476 475
522 521
717 718
502 501
527 526
405 404
435 435
505 505
616 616
517 517
215 214
495 495
504 503
643 643
406 406
615 615
376 375
539 541
636 635
487 487
423 423
429 428
473 474
602 601
446 446
412 413
397 396
556 555
501 501
228 227
599 598
628 627
365 365
573 572
421 421
458 458
321 320
645 646
445 446
466 467
463 463
508 507
490 490
309 309
651 655
529 529
545 544
413 413
624 623
509 509
526 525
506 505
659 659
545 546
412 412
630 630
589 588
469 468
590 591
586 586
759 760
504 503
535 535
214 215
548 547
600 599
610 610
522 522
500 500
513 512
528 527
608 611
652 652
325 324
610 610
467 467
613 612
484 484
436 436
306 307
427 426
540 539
580 579
310 310
706 705
445 444
325 325
512 512
469 469
545 546
510 510
503 503
604 603
353 354
536 535
433 432
615 616
405 404
498 498
475 476
279 278
459 459
564 564
578 578
584 583
654 653
550 550
683 682
499 498
497 498
654 653
492 493
507 506
505 504
467 467
543 544
483 483
465 465
511 513
392 391
762 762
457 456
777 777
386 385
633 633
537 537
592 591
651 650
459 459
571 571
522 522
583 583
466 467
485 485
588 588
435 434
330 330
524 523
598 598
641 642
411 411
431 431
448 448
537 537
392 392
481 481
483 483
517 517
415 414
732 731
624 623
407 408
597 597
451 451
588 587
583 583
530 529
528 530
443 443
487 486
600 600
455 455
603 603
418 418
386 386
523 523
695 694
534 534
435 434
533 532
459 459
557 557
533 534
284 285
204 203
434 434
490 491
572 574
362 362
570 569
564 567
430 430
462 464
613 613
418 418
509 509
573 572
504 505
442 444
507 506
268 269
572 571
311 311
540 539
474 475
387 386
702 701
576 577
541 540
520 520
533 532
515 514
394 394
510 511
528 529
508 507
537 536
561 560
388 389
452 453
517 518
342 344
485 484
543 542
403 404
586 587
490 489
562 562
549 549
498 498
761 761
499 501
531 532
566 567
400 405
393 392
456 456
378 379
451 451
460 459
418 417
480 480
467 467
474 475
460 460
460 459
281 281
476 476
505 505
278 277
742 744
607 607
548 549
410 411
524 523
400 400
522 523
539 538
493 492
565 565
435 436
408 408
432 435
350 351
449 448
313 314
447 447
590 593
544 545
418 417
469 469
699 698
526 525
546 546
536 536
376 376
477 477
554 554
427 426
204 204
417 417
470 469
438 437
453 453
330 333
565 565
539 538
543 542
528 527
425 425
352 354
649 649
562 561
554 554
401 400
650 650
491 490
496 496
468 469
484 484
516 515
565 565
519 518
516 516
502 502
508 508
407 408
592 592
662 661
450 449
534 533
488 487
556 555
616 616
403 403
550 550
446 446
663 662
392 392
397 397
396 396
569 568
507 508
609 611
563 562
554 554
373 372
538 538
528 527
444 445
498 498
511 512
473 472
391 391
513 512
393 393
510 511
473 472
530 529
511 510
468 467
312 311
485 486
442 442
647 647
387 386
528 532
499 498
605 604
441 440
539 539
443 444
514 513
484 486
495 494
465 466
416 417
597 598
549 549
474 474
510 509
557 556
408 408
538 540
482 485
249 248
574 573
441 442
324 325
432 432
576 575
509 508
541 541
483 484
450 450
507 507
282 281
472 471
727 726
508 508
526 526
484 483
450 451
705 706
462 462
355 354
446 445
449 448
361 360
437 437
525 527
527 528
448 448
708 709
446 445
636 635
281 282
534 533
696 695
612 611
256 256
590 589
439 439
524 524
618 618
412 411
471 470
571 571
612 613
544 545
511 513
458 458
520 520
526 529
365 365
587 586
598 597
423 423
569 569
438 438
664 666
571 572
628 628
556 555
393 393
670 670
434 434
391 390
677 677
497 497
448 448
529 529
429 429
389 390
576 576
385 385
354 355
526 525
557 556
494 493
502 501
645 645
578 578
453 453
622 621
601 601
567 568
385 385
528 527
354 353
431 431
551 550
703 702
492 491
669 669
374 375
427 428
366 365
269 268
594 593
508 507
476 475
627 626
501 501
362 362
617 616
529 528
543 544
700 699
631 630
572 571
509 508
424 425
542 542
345 344
621 622
517 516
452 452
603 602
483 486
437 437
274 274
427 427
417 418
515 514
489 488
571 573
370 371
511 511
523 522
462 462
518 517
692 691
556 555
378 379
484 484
534 535
393 393
569 569
361 363
527 527
478 479
574 574
308 308
389 388
771 772
458 459
515 516
411 411
588 588
671 670
504 504
600 600
534 533
617 617
565 564
463 463
451 451
527 527
542 541
606 606
534 535
615 616
447 446
509 511
536 536
485 485
648 649
338 339
445 446
602 601
415 416
392 393
536 536
507 506
555 554
608 609
427 426
444 448
455 458
427 429
491 492
412 412
493 494
340 342
557 556
525 525
539 539
606 606
606 605
530 529
612 612
675 674
408 408
495 495
599 598
468 468
456 455
653 657
519 519
501 500
390 389
625 626
545 544
595 595
523 522
498 497
410 410
429 430
456 456
384 383
352 351
471 470
484 483
428 427
420 420
667 666
486 485
542 541
570 569
598 597
761 760
491 491
540 539
398 398
320 320
372 372
433 432
502 501
497 498
428 429
504 503
549 548
541 542
460 459
637 636
521 520
591 592
651 650
518 518
511 510
480 480
560 559
420 420
530 533
306 305
568 567
393 393
428 428
394 393
483 482
573 573
469 468
473 472
505 505
524 523
524 523
591 590
542 542
488 488
451 450
363 362
681 680
469 469
626 626
477 476
546 547
492 492
591 590
443 443
511 510
300 299
519 519
683 683
528 529
524 524
621 621
604 604
609 609
550 551
451 455
647 647
475 474
513 513
541 542
262 262
722 722
448 447
415 415
370 371
461 462
490 489
568 568
481 480
237 237
475 474
550 549
461 461
616 615
397 397
379 379
604 605
575 580
505 507
708 709
449 450
473 472
486 485
642 641
513 512
577 576
613 613
595 594
621 621
500 501
460 460
457 458
605 606
466 466
399 400
532 531
326 326
445 444
643 642
596 595
518 519
432 431
432 433
410 409
589 591
560 560
411 411
537 537
571 573
579 580
267 267
580 580
482 483
597 596
460 461
476 476
537 536
524 524
552 551
304 304
673 672
555 557
439 439
414 414
561 561
572 573
637 636
502 503
523 524
474 474
400 399
388 389
592 592
685 685
568 567
423 423
613 613
392 391
459 460
439 440
437 437
451 451
493 492
322 322
572 571
438 437
457 457
574 573
665 664
603 602
596 596
309 309
476 475
561 560
498 497
524 523
607 608
693 693
577 578
366 366
559 558
476 475
607 606
482 482
499 498
675 674
446 447
345 345
422 422
502 503
545 544
223 223
351 351
444 443
581 581
440 439
523 523
389 390
556 556
592 594
347 346
535 536
594 594
493 492
643 642
447 446
665 664
350 349
423 422
460 459
434 433
511 510
469 468
593 594
477 478
450 450
614 613
532 531
548 548
427 427
518 518
278 277
566 565
520 519
635 635
589 589
315 316
598 597
648 649
516 516
660 660
533 533
773 775
534 533
403 406
460 460
506 506
544 543
329 329
453 453
442 442
391 391
505 504
726 729
318 318
501 501
555 554
423 422
545 545
605 604
565 566
788 789
305 305
417 417
508 508
686 687
620 619
459 460
491 491
371 370
528 527
415 414
447 446
485 484
610 610
456 457
262 261
431 432
544 544
532 532
501 500
595 594
379 379
672 671
525 524
567 566
523 523
525 525
321 321
543 542
588 588
516 517
511 511
538 538
403 402
417 416
449 450
463 462
435 436
479 478
406 405
487 486
450 451
578 578
327 327
354 354
490 489
494 495
534 533
349 349
536 537
473 473
418 418
369 369
497 498
563 562
566 565
370 370
552 553
619 619
705 705
476 475
481 481
513 513
435 436
358 361
649 650
579 578
529 529
367 366
591 594
591 590
584 587
674 674
403 403
330 331
448 449
555 554
767 768
398 398
565 564
472 471
668 667
402 403
370 369
462 461
658 659
540 539
482 482
381 382
552 551
336 337
493 494
657 657
522 522
473 473
575 575
465 466
519 519
533 533
439 438
312 311
518 517
506 506
488 487
386 386
495 494
426 427
511 512
449 450
636 635
550 550
367 368
280 282
578 577
669 669
394 394
536 537
662 663
342 345
557 557
312 312
609 614
594 596
565 567
654 653
505 505
497 496
478 479
331 331
498 498
370 369
499 499
498 499
494 495
438 438
834 833
642 641
500 501
410 410
458 460
663 662
530 529
678 677
447 447
482 482
365 365
641 640
395 396
647 646
450 449
499 498
594 593
558 559
409 409
610 611
424 425
409 408
551 550
555 554
527 526
582 585
561 560
511 511
522 521
406 407
540 540
480 481
566 566
360 360
543 543
452 451
529 529
657 657
502 502
508 508
528 529
636 636
530 533
540 539
480 480
744 744
623 623
636 635
656 658
478 477
383 383
421 420
342 346
448 449
419 420
403 403
542 542
530 533
415 414
546 545
656 656
485 486
671 671
665 664
562 565
683 683
308 309
577 578
465 464
502 502
488 487
579 579
468 467
469 468
780 780
325 324
430 430
435 436
577 578
505 505
575 574
393 394
372 372
525 524
370 369
598 598
313 313
429 429
591 590
536 536
501 505
532 531
445 446
516 515
629 630
504 504
494 493
543 542
518 517
355 354
547 547
595 594
396 395
549 550
338 338
524 524
516 516
502 501
318 317
485 485
511 510
510 509
480 479
515 514
425 424
649 648
492 491
408 409
489 489
467 467
443 443
600 599
456 455
526 526
588 587
505 504
647 646
520 520
560 560
471 471
661 663
466 466
482 482
485 488
398 399
520 519
541 540
439 440
534 534
707 707
576 579
654 654
466 465
431 431
569 568
513 518
740 739
451 451
579 578
390 391
665 664
416 417
453 454
601 600
536 536
557 556
638 637
533 532
523 522
510 512
582 582
575 574
533 533
570 569
595 594
622 621
574 575
566 565
391 390
495 494
629 629
562 562
469 468
322 322
430 429
630 630
651 651
515 515
598 598
613 613
593 593
678 677
425 427
604 605
539 542
444 444
539 538
464 463
771 771
488 488
461 460
514 517
455 455
595 594
394 393
353 353
678 680
415 415
370 370
659 659
613 614
597 596
658 658
782 782
621 620
386 385
335 334
350 349
370 371
546 546
439 438
492 491
481 480
417 416
516 517
299 300
453 453
473 472
587 586
497 496
364 365
318 317
554 553
408 407
569 568
305 306
632 634
637 637
451 452
509 508
436 436
484 485
428 430
531 530
595 594
593 592
577 577
531 530
505 504
483 482
456 457
585 584
453 454
653 653
475 475
418 420
755 754
662 662
440 440
590 590
555 556
658 659
501 501
587 586
471 471
547 546
356 356
595 595
580 579
594 593
575 576
660 660
569 569
577 578
578 581
418 417
295 294
510 509
583 584
396 396
571 571
467 468
715 716
435 434
506 505
431 431
312 311
531 531
474 476
423 422
540 541
436 436
457 458
663 665
619 621
388 388
510 511
327 327
497 497
538 540
547 546
451 450
351 350
554 556
458 458
363 364
506 507
463 462
391 391
630 629
565 565
409 408
531 536
531 530
673 673
431 431
423 422
324 325
377 376
412 411
674 674
484 483
608 607
550 549
623 623
558 557
327 326
550 550
309 309
435 435
596 597
472 473
620 621
468 467
515 515
426 426
659 659
553 557
491 491
543 542
506 505
434 435
552 552
440 440
463 467
651 651
608 607
359 358
488 488
382 381
557 558
628 628
561 560
405 405
368 369
491 491
443 442
490 492
714 713
433 432
520 520
533 538
491 492
502 505
669 669
529 528
529 530
475 475
658 657
567 567
370 371
388 387
675 675
350 350
555 555
582 582
563 562
490 489
471 473
692 691
369 368
370 370
501 500
554 553
538 537
478 478
420 420
595 595
403 403
409 409
575 575
512 512
723 723
503 502
485 486
474 473
405 404
563 563
454 454
554 554
655 654
566 566
551 552
545 544
521 521
366 366
569 568
674 674
443 442
567 566
594 593
488 487
386 387
551 550
374 374
302 302
521 521
636 636
531 531
597 597
401 400
326 325
453 454
356 356
615 614
618 617
503 502
647 648
298 297
470 470
652 653
556 556
627 627
492 492
581 581
538 538
539 538
547 550
572 573
497 497
533 532
484 483
416 415
608 608
503 502
535 536
382 384
615 615
456 455
495 494
405 406
477 476
497 497
664 666
457 456
339 338
584 584
530 530
366 365
527 527
572 571
528 527
550 550
328 327
524 523
375 374
476 476
615 615
438 437
448 447
318 317
502 502
464 466
665 664
561 561
535 535
538 538
394 393
459 458
526 526
605 607
367 366
523 525
451 451
631 631
522 522
497 498
380 381
572 572
547 547
433 433
506 506
527 528
550 549
349 349
484 483
353 353
626 626
338 338
393 392
412 412
349 349
278 279
612 613
432 431
324 323
494 494
313 312
367 366
480 480
437 436
598 598
506 508
382 381
461 461
527 529
531 531
619 618
516 515
672 671
700 700
384 386
407 409
459 460
553 552
391 390
459 458
459 460
385 386
434 434
402 402
436 435
565 565
431 431
577 576
495 495
525 526
371 370
403 405
640 639
541 540
399 399
485 486
660 661
293 293
373 373
500 500
554 554
384 391
611 610
452 451
321 322
535 535
495 494
459 458
540 543
443 442
512 511
558 558
682 681
401 403
594 593
351 352
454 454
445 446
585 585
624 624
405 404
604 604
493 493
506 506
662 661
517 516
488 489
553 553
302 301
601 601
569 569
555 556
439 438
372 371
583 582
479 480
602 601
432 431
506 506
532 533
577 578
460 459
514 514
533 533
504 507
451 451
675 675
584 585
461 462
485 486
453 452
365 365
484 485
455 454
458 457
627 627
476 479
565 566
440 441
368 368
591 590
531 531
420 419
659 658
596 596
496 495
651 652
409 409
489 490
397 397
572 571
576 576
513 512
315 316
557 559
486 485
452 452
597 596
453 458
486 486
323 322
588 587
469 468
441 440
483 483
619 618
530 529
602 602
424 424
376 378
545 545
659 658
476 476
676 675
588 588
547 547
507 506
704 704
581 582
558 558
422 421
507 506
608 607
563 563
485 485
558 558
567 567
616 616
544 543
500 500
584 583
555 555
527 526
319 318
470 471
313 313
574 573
549 550
525 528
567 567
483 482
499 500
723 723
442 441
578 578
471 471
400 399
624 623
733 733
599 599
302 301
425 425
450 450
622 622
554 554
557 557
389 388
479 479
563 563
569 568
555 555
453 452
518 517
587 588
475 476
482 481
461 460
446 447
444 444
587 587
404 403
509 508
287 287
465 464
769 769
523 524
354 354
449 449
442 441
396 396
370 370
637 637
546 546
500 499
552 551
403 402
370 370
418 418
534 534
485 486
438 437
452 451
710 711
529 530
438 438
537 537
387 386
468 467
393 393
608 608
332 331
681 681
416 417
469 468
530 529
498 497
386 389
443 442
687 687
644 643
438 437
827 826
637 636
527 526
295 297
565 565
450 450
607 606
400 400
672 671
588 588
560 560
395 397
526 527
389 390
511 511
434 433
426 425
488 488
450 450
465 466
446 446
633 633
425 424
646 645
595 595
603 607
635 636
460 460
485 485
444 443
595 594
316 315
339 339
494 493
670 669
434 434
353 355
276 276
444 443
395 394
545 544
700 700
530 530
357 356
586 585
556 556
405 404
578 578
546 545
418 417
565 565
627 626
480 480
513 513
510 509
485 484
678 677
651 650
336 336
489 489
619 618
406 405
461 462
372 372
315 314
451 451
459 459
488 487
608 607
347 346
475 474
623 624
444 443
284 284
465 465
539 541
686 687
453 453
538 537
411 410
425 424
334 334
602 603
461 461
550 549
499 498
566 568
398 400
451 450
678 679
455 455
615 615
684 683
511 510
498 500
548 549
579 580
422 423
383 383
470 471
468 468
514 514
402 402
425 424
654 653
375 376
541 540
525 524
385 384
483 482
593 593
333 332
525 525
604 604
392 392
413 413
235 236
532 531
430 434
601 601
551 553
367 368
595 596
514 514
574 575
483 484
500 501
465 464
423 422
489 489
617 617
529 530
560 562
439 438
542 541
444 444
481 481
378 377
519 520
521 521
477 477
611 612
403 404
617 616
592 592
298 298
571 571
512 511
595 595
458 457
554 554
512 513
471 471
483 483
562 562
327 327
518 520
499 501
520 521
445 445
369 369
445 444
540 539
496 495
504 504
469 469
510 510
644 647
467 468
496 495
456 455
374 373
307 308
569 570
342 341
548 548
645 645
591 590
428 427
630 630
519 518
485 484
458 457
381 381
512 511
481 481
467 467
500 499
309 308
599 599
499 500
517 516
415 417
635 635
523 522
579 578
512 511
528 527
377 378
665 664
528 528
429 428
527 527
432 431
434 434
462 462
458 457
629 628
494 493
689 692
453 454
681 682
532 531
413 413
523 524
582 582
488 487
524 524
436 436
575 574
490 490
599 601
672 672
359 359
483 483
444 444
519 519
426 426
496 497
461 461
613 613
590 590
482 481
519 518
569 569
550 549
611 612
478 479
573 572
497 496
552 553
512 512
456 455
508 508
645 644
464 466
497 496
608 608
423 423
495 494
431 430
361 361
517 517
650 650
664 663
555 556
442 443
450 450
412 412
583 583
555 556
455 455
313 312
471 471
531 530
384 385
409 409
553 553
596 596
552 551
699 699
509 508
415 416
507 507
650 649
209 209
586 588
488 487
548 548
571 570
577 576
634 633
701 700
494 494
442 442
529 529
716 716
441 440
520 520
475 475
347 348
570 571
535 535
459 458
608 611
462 462
563 562
417 418
456 455
451 450
492 491
426 425
486 487
561 561
500 499
550 549
504 506
567 566
643 643
470 471
558 559
403 402
461 460
425 426
565 565
667 666
381 381
416 417
486 486
438 437
367 367
583 582
543 543
547 548
493 493
492 491
602 602
561 560
679 678
584 584
436 435
381 381
457 457
495 494
507 507
567 567
586 585
417 418
483 482
555 556
544 546
159 160
452 451
555 555
655 655
672 671
396 396
410 410
658 658
691 692
573 573
498 498
487 487
472 472
753 752
581 581
606 605
441 440
378 378
472 473
423 423
561 560
746 746
635 635
268 268
568 568
622 622
704 703
563 562
471 471
627 626
461 460
470 470
341 340
441 442
597 596
385 384
514 514
721 723
587 586
455 456
534 535
271 270
531 533
566 566
474 474
499 499
668 669
663 662
574 573
523 522
431 430
469 468
483 484
555 555
553 552
545 544
333 332
541 541
541 540
600 599
583 583
633 634
437 437
559 558
541 540
447 446
607 607
223 223
417 418
398 397
594 594
490 489
661 660
366 365
500 499
431 431
489 490
723 723
372 372
502 501
449 449
544 544
338 337
323 323
398 397
463 464
597 598
499 499
693 692
416 416
510 512
420 419
491 491
590 589
406 406
583 583
613 613
405 406
485 485
468 467
606 606
647 648
311 311
658 657
582 584
520 520
488 487
390 390
420 421
562 562
471 472
438 439
490 490
524 524
392 391
547 546
424 424
357 356
358 359
597 596
484 485
448 449
461 460
521 523
465 465
385 384
465 464
331 331
574 575
603 604
501 500
400 399
520 520
603 603
525 525
483 482
563 562
370 369
494 494
488 489
380 380
560 559
355 355
462 462
507 507
536 535
577 576
456 455
460 461
552 553
546 545
510 510
556 557
427 426
528 527
431 431
455 454
361 361
410 409
481 482
447 448
521 524
458 458
453 454
545 544
452 451
437 436
582 582
528 528
501 501
723 723
541 542
485 484
556 556
499 499
411 410
471 470
457 456
472 472
679 679
410 410
536 535
596 599
413 413
567 568
520 520
623 622
603 603
557 557
457 457
591 590
584 583
565 566
481 481
512 511
490 489
322 323
422 421
389 389
505 505
358 357
491 491
673 672
619 619
449 448
464 465
432 432
571 570
591 591
363 363
573 573
522 521
526 526
534 533
666 665
608 609
606 606
562 561
501 500
394 394
702 701
480 483
620 619
490 491
510 510
349 348
502 503
630 631
489 489
348 347
499 502
409 409
471 471
561 562
621 625
455 455
701 701
380 381
598 598
642 645
437 438
533 532
597 597
482 481
422 422
476 477
240 242
400 400
464 463
546 545
506 505
474 475
405 404
390 390
528 529
538 539
524 525
438 437
560 561
577 578
622 621
346 346
413 412
776 776
513 513
466 465
663 663
404 404
661 661
591 591
469 471
310 309
514 513
340 339
499 498
552 552
543 543
619 618
452 451
343 342
546 545
557 559
487 487
530 529
411 413
335 336
522 523
583 583
445 444
490 492
506 508
505 505
569 571
761 760
573 572
541 542
436 437
685 685
452 452
568 567
544 544
528 528
463 463
477 476
402 401
365 365
579 580
656 656
730 730
372 373
521 522
616 616
523 522
527 527
528 529
376 376
599 598
540 542
532 531
466 466
491 490
508 507
623 624
569 568
502 502
513 512
682 681
507 507
481 481
565 565
465 464
613 612
473 476
349 349
482 482
539 539
623 623
239 239
475 476
534 534
659 658
552 551
512 512
646 645
570 569
515 521
541 541
645 645
456 455
468 467
538 541
412 412
532 531
528 527
564 563
261 261
464 464
418 418
416 416
403 402
518 519
442 442
514 513
404 404
562 561
469 469
557 556
295 295
667 667
617 616
737 737
557 556
441 441
491 491
513 513
306 306
385 386
459 462
628 627
510 509
613 614
402 404
505 504
503 502
460 460
573 572
558 557
494 494
615 615
511 511
446 447
520 519
617 619
708 709
564 563
482 481
530 529
522 522
290 291
399 398
621 621
531 532
459 460
472 472
505 505
321 320
452 451
471 471
544 545
368 368
419 420
466 465
522 521
501 501
488 492
526 525
450 452
569 569
480 480
524 523
453 453
490 491
575 574
227 227
497 496
582 581
505 505
514 513
718 718
305 305
697 699
672 673
278 279
535 535
346 345
546 546
554 554
613 613
398 397
323 324
426 425
480 480
688 688
374 374
663 663
648 648
532 531
460 459
558 558
553 552
679 678
461 461
401 400
613 613
477 476
432 432
436 435
607 606
457 456
555 555
654 654
471 471
481 481
518 518
613 613
356 355
449 449
486 485
395 396
409 408
454 454
536 538
395 395
594 595
578 580
393 393
544 546
402 402
317 317
444 444
422 423
491 491
364 364
518 517
594 593
440 439
457 456
312 311
506 506
350 352
504 504
467 466
615 614
430 429
584 583
413 414
417 416
613 612
693 692
531 536
575 574
508 508
432 432
543 542
428 430
365 364
316 316
486 486
363 362
415 414
528 528
605 604
651 651
512 512
530 530
641 640
435 434
622 623
477 476
618 617
480 480
493 492
576 576
513 512
426 427
460 460
334 333
730 730
445 446
471 470
409 409
309 309
627 627
546 547
538 538
663 662
470 469
260 263
673 673
820 820
519 519
566 566
694 696
531 532
440 442
534 534
497 496
522 523
462 461
549 550
212 211
562 562
259 258
529 528
653 652
635 635
478 478
281 281
414 413
423 422
444 443
382 381
475 474
594 595
537 536
462 461
468 469
459 458
353 353
439 442
590 589
431 432
454 454
579 579
576 577
410 410
302 302
676 676
436 436
460 460
499 499
475 476
510 510
712 711
468 467
452 451
612 611
220 220
718 718
687 688
440 440
496 496
347 347
447 447
561 560
568 568
552 553
284 284
466 468
433 432
847 846
669 669
586 586
424 425
409 409
677 679
580 580
294 294
535 536
505 504
419 419
526 526
406 406
696 695
619 619
425 425
482 483
440 440
500 499
355 354
593 593
478 477
559 558
648 647
542 542
537 538
634 633
582 581
364 363
542 541
488 489
533 533
541 540
529 528
471 471
510 511
569 568
491 494
281 280
543 543
590 590
434 435
511 511
549 548
404 404
447 447
518 517
416 416
594 594
501 500
481 480
407 406
337 338
454 454
464 465
556 557
415 414
330 332
677 677
270 270
471 470
566 566
495 496
421 420
698 697
506 505
561 560
424 424
609 609
608 607
422 425
486 487
557 556
654 653
604 604
469 469
444 443
458 459
691 692
545 547
487 486
729 729
204 203
632 632
631 630
554 554
427 426
364 364
490 490
645 646
481 482
449 448
392 391
550 554
460 460
531 531
315 314
600 601
789 790
544 544
739 738
458 458
567 567
625 625
470 470
393 392
664 664
553 553
505 505
545 544
507 506
346 346
508 509
584 584
265 264
459 459
278 280
467 467
495 498
432 432
682 682
319 318
514 514
679 678
487 487
406 406
458 457
510 509
421 420
611 614
472 471
447 447
427 427
594 594
627 627
454 453
423 423
411 411
439 438
410 411
529 529
227 226
489 489
576 575
464 464
747 747
455 454
389 390
421 422
295 296
572 571
554 554
578 578
513 512
365 370
457 457
459 458
502 503
294 294
563 562
449 450
595 596
559 558
296 295
642 642
422 422
586 587
509 508
347 346
512 511
444 446
624 624
546 546
545 545
398 397
537 537
592 591
569 569
473 474
408 408
576 577
536 536
500 499
578 578
692 693
285 287
554 554
593 592
384 383
330 330
383 382
540 541
433 433
672 672
529 530
361 361
508 509
607 606
576 580
647 646
443 442
483 483
530 529
439 438
585 585
486 486
656 655
499 499
620 619
513 513
376 375
438 438
496 495
706 705
604 603
557 559
420 423
421 420
463 463
438 439
550 550
581 580
620 621
542 541
455 454
414 413
701 701
408 409
413 413
420 419
579 579
364 363
241 240
568 568
568 570
424 423
477 477
562 561
458 458
423 424
584 583
457 457
409 408
535 535
350 350
395 397
573 573
562 562
555 556
559 558
519 519
537 537
516 516
462 463
543 544
627 629
546 545
365 365
344 345
543 542
555 557
387 386
472 472
443 442
730 730
434 434
552 551
508 509
504 506
526 526
364 363
604 604
394 394
591 591
307 310
488 488
503 503
407 408
357 357
412 413
323 323
519 518
493 492
583 584
463 465
451 451
565 565
444 444
563 563
453 452
527 527
424 423
515 514
611 611
496 498
404 404
647 647
431 431
363 362
391 390
430 429
614 614
709 709
272 271
336 336
418 417
645 644
330 329
566 566
495 495
557 558
520 520
362 363
552 551
596 595
507 506
457 456
539 538
462 462
531 530
545 545
511 511
537 537
607 607
607 606
295 296
559 559
464 464
402 401
283 282
387 388
648 647
355 356
403 402
446 445
421 421
381 382
500 499
469 468
476 480
322 322
531 531
602 602
389 389
506 505
473 473
448 449
467 466
516 517
652 651
627 626
301 301
532 532
459 459
299 302
592 591
434 434
553 552
573 573
411 411
625 625
508 508
489 490
563 562
499 499
586 587
500 500
360 359
328 327
590 591
432 431
542 541
550 551
549 548
501 500
593 592
482 483
631 630
450 451
526 526
501 502
500 499
354 354
382 382
554 554
473 474
410 410
650 654
412 411
402 402
489 488
411 411
420 419
628 628
564 565
394 394
465 464
426 425
488 488
644 645
701 700
411 411
466 467
506 510
448 447
663 662
571 570
443 445
584 585
516 515
408 407
613 613
561 565
449 449
663 663
539 539
461 463
432 431
557 557
503 503
541 540
419 418
469 468
603 604
522 521
361 362
673 673
361 363
367 367
513 512
554 553
437 436
418 418
408 407
390 391
297 296
320 320
556 556
420 419
529 529
503 503
401 400
636 638
554 554
357 357
552 552
593 592
540 540
486 486
440 440
378 379
436 437
498 498
579 578
511 510
521 522
526 526
498 498
661 660
475 474
576 576
530 532
466 466
521 521
383 383
342 343
613 613
759 759
507 506
552 552
647 647
536 535
345 345
535 536
569 570
533 533
410 409
613 612
821 821
485 484
533 532
496 496
390 389
589 588
524 525
526 525
601 602
603 603
546 545
730 730
612 613
629 628
590 591
458 457
467 466
579 578
602 603
436 435
453 453
464 464
435 435
489 491
478 477
378 378
298 297
410 410
652 652
505 504
480 481
436 435
478 477
581 583
569 569
363 363
578 577
597 597
445 446
507 507
452 452
423 422
422 423
413 412
574 573
407 411
452 451
451 451
576 575
475 474
356 356
462 463
469 469
708 707
489 489
589 588
531 530
634 633
422 422
466 465
772 771
703 702
467 467
547 547
571 571
467 466
628 630
628 627
443 443
583 583
715 714
499 500
447 447
583 582
310 309
334 333
434 433
375 376
484 484
594 594
733 732
611 610
552 552
571 571
586 586
483 485
538 538
470 473
596 596
550 550
540 540
378 378
646 650
544 545
472 471
551 550
490 493
620 620
645 646
611 612
567 567
592 592
634 634
571 570
505 504
323 326
560 561
385 385
410 410
324 324
601 600
509 508
459 458
389 388
668 669
515 518
498 500
585 586
418 419
703 703
527 527
447 446
490 489
445 444
398 398
481 481
438 438
372 372
537 537
387 386
578 579
259 258
484 483
708 709
546 546
379 381
543 545
435 434
581 585
552 552
488 487
635 636
353 354
419 419
377 377
454 453
559 559
607 607
545 546
364 363
373 372
536 536
345 345
426 426
401 401
489 489
597 596
598 599
404 406
569 569
435 434
306 305
504 504
363 362
694 696
506 506
584 585
419 418
446 446
452 451
448 449
474 474
584 583
435 434
421 422
368 368
444 443
331 331
442 442
404 404
675 674
414 413
561 560
355 355
446 445
390 391
418 418
724 723
368 368
453 457
473 472
251 253
331 330
497 497
517 517
539 539
669 668
352 354
770 769
412 411
513 514
693 696
418 418
514 513
509 509
484 483
493 493
547 546
398 398
624 625
536 538
527 526
555 554
469 468
642 641
527 526
654 653
595 595
508 509
538 538
663 662
592 592
393 394
501 502
793 793
368 368
450 449
595 596
436 436
563 563
410 411
396 398
502 501
422 422
373 374
720 719
370 370
502 502
737 736
585 586
730 731
535 535
463 462
609 611
351 351
469 471
518 517
367 367
593 593
482 482
539 538
633 633
499 498
380 379
574 574
640 642
457 458
409 409
475 476
365 365
506 507
458 457
396 396
619 619
456 457
727 727
618 617
424 425
536 535
539 539
458 462
378 380
581 581
560 559
532 532
519 518
599 599
674 673
447 448
517 518
452 453
478 477
469 468
615 614
612 611
428 427
472 471
676 678
325 325
658 658
561 560
610 611
503 503
618 619
627 627
458 460
369 368
537 538
534 534
530 529
520 521
345 347
351 350
571 571
529 528
470 469
402 402
458 457
438 437
589 589
497 499
446 447
490 490
477 476
468 468
428 428
614 616
360 359
537 538
378 378
566 566
462 462
429 429
396 396
508 507
467 467
350 350
695 694
406 405
385 384
412 412
469 468
391 392
525 524
487 487
459 458
596 595
555 555
597 597
487 489
383 382
522 525
608 607
440 440
575 575
440 441
559 559
561 561
428 427
474 473
615 614
550 549
503 503
508 509
533 533
626 625
263 264
417 419
442 442
619 618
469 469
471 470
462 461
426 425
521 520
487 486
518 519
630 630
374 373
332 331
402 401
589 589
369 368
646 645
589 589
587 587
562 566
691 690
434 434
578 578
448 447
540 542
629 629
633 633
486 486
499 499
502 502
462 462
621 621
510 513
735 734
561 562
494 493
376 377
503 502
737 738
405 405
638 638
420 420
400 401
447 446
559 560
367 367
311 311
687 687
418 418
519 518
282 282
386 386
248 247
597 596
599 600
537 539
714 713
608 608
614 615
555 554
668 667
616 616
468 467
687 687
415 417
412 411
412 411
530 529
500 500
440 439
692 691
372 371
768 768
528 529
635 635
643 642
584 585
381 380
511 510
505 505
565 564
421 422
561 562
423 423
466 465
544 546
524 523
274 274
509 509
328 328
495 494
730 730
435 436
519 519
523 523
575 574
510 510
583 585
591 591
347 349
366 365
459 459
578 578
482 482
569 571
636 635
548 548
450 449
509 509
549 548
321 320
409 409
498 499
625 625
457 457
609 608
513 513
631 630
431 431
580 580
661 661
704 703
670 670
540 540
550 553
467 466
570 569
422 421
571 571
465 466
326 326
523 523
300 302
626 625
677 677
543 542
470 469
403 402
520 521
682 682
440 442
462 462
492 492
416 415
469 469
652 652
460 460
658 657
307 308
467 467
550 551
537 536
403 403
586 587
525 524
515 515
522 522
361 363
456 456
591 590
448 449
558 558
330 329
484 484
377 376
355 355
364 365
563 563
597 597
556 555
419 420
517 516
335 335
561 560
483 482
459 458
484 483
582 582
487 486
623 623
432 432
528 528
603 603
460 459
350 349
334 335
560 560
479 478
392 391
759 759
443 442
678 679
334 334
379 378
587 586
447 446
361 360
399 398
510 510
592 592
510 510
521 521
400 400
447 447
470 471
598 598
480 481
396 396
405 405
521 520
541 542
483 484
694 693
478 477
441 442
490 491
609 608
401 401
289 289
352 351
693 695
487 487
259 259
491 492
531 530
502 501
448 447
389 388
481 484
481 480
612 612
633 632
580 581
529 534
538 539
501 502
474 475
447 447
487 488
461 460
532 531
355 356
620 620
302 302
354 353
458 458
640 642
437 437
614 613
380 380
571 571
562 562
565 567
355 355
501 501
505 505
297 297
490 489
438 437
546 545
592 592
510 510
346 345
509 509
545 544
634 633
552 551
521 521
398 398
446 446
422 424
631 631
500 500
591 591
585 585
511 513
651 651
389 392
433 432
552 551
613 612
373 376
525 525
462 463
452 457
558 557
174 174
349 349
584 584
603 602
582 581
534 535
501 500
528 528
563 562
484 483
414 414
579 578
562 562
556 556
530 529
462 461
529 530
474 474
379 378
546 546
458 457
557 558
575 575
621 620
450 451
411 414
509 508
513 514
551 550
472 472
614 613
481 481
399 398
442 442
574 573
437 436
672 671
560 560
445 446
492 492
470 469
531 531
447 448
389 390
449 448
537 537
458 458
440 442
511 511
390 393
455 455
460 460
518 519
505 507
410 411
482 482
672 671
446 447
459 459
403 404
310 310
520 519
275 274
513 513
479 479
596 596
725 724
333 332
583 582
593 593
532 531
538 540
478 482
240 240
542 541
539 538
567 567
486 487
561 561
365 365
449 449
584 583
638 640
710 709
567 568
522 521
509 508
656 655
659 659
413 413
504 504
648 649
500 499
542 543
458 457
560 560
476 476
329 330
471 473
517 519
475 475
454 453
567 568
424 424
669 668
393 392
548 550
656 656
322 323
666 666
367 367
390 389
450 450
462 462
506 507
408 407
459 458
458 457
667 666
531 532
461 460
506 505
511 513
374 376
494 495
495 497
406 405
310 310
457 457
500 499
524 524
702 703
318 317
457 457
388 388
548 547
650 649
471 471
425 425
492 492
550 550
455 456
530 530
519 519
410 409
352 352
638 637
666 666
577 580
565 566
436 436
538 538
490 489
551 550
543 543
579 580
419 419
483 483
548 547
360 359
490 489
307 306
408 407
500 499
468 467
535 535
501 500
472 472
589 589
417 416
526 526
454 454
529 529
637 637
377 377
313 313
386 387
618 621
328 328
588 589
529 529
626 626
401 401
458 459
631 631
639 639
638 638
412 413
521 520
519 523
429 428
532 534
648 647
441 440
558 558
411 411
595 595
471 471
553 553
635 634
369 369
458 457
414 413
495 495
414 414
478 481
463 462
501 503
365 364
446 446
400 400
384 383
567 567
478 479
524 524
489 489
650 649
537 537
593 593
490 489
551 551
492 493
533 533
458 459
403 404
499 499
477 476
640 641
265 265
425 428
527 527
502 501
477 476
593 592
564 563
401 401
452 452
344 344
596 596
530 529
453 452
576 576
577 577
505 505
482 482
242 242
376 376
432 434
440 441
432 433
511 511
414 415
372 371
788 790
463 463
404 404
375 374
572 571
445 445
568 567
559 559
503 503
305 304
714 713
743 743
386 385
380 382
517 516
477 477
499 498
361 361
594 593
484 484
415 414
664 663
590 590
511 510
507 507
371 372
656 655
585 585
477 477
637 636
546 545
288 288
567 567
441 440
505 505
598 598
289 288
397 396
561 561
600 599
502 502
450 449
450 449
407 407
604 604
561 560
373 372
526 525
457 456
480 481
529 530
623 623
561 561
430 429
252 251
383 385
547 546
668 668
416 419
321 321
487 488
657 657
403 403
551 550
569 568
755 755
557 556
555 555
447 448
491 493
581 581
537 536
375 375
475 474
623 622
535 535
539 540
591 591
452 451
489 488
569 568
474 474
400 399
464 464
549 549
554 555
524 523
518 518
384 384
539 543
369 372
307 309
611 611
571 570
495 497
524 524
534 533
462 463
453 453
564 565
375 375
486 487
559 559
467 468
598 598
604 604
425 427
650 651
335 337
679 678
584 583
585 585
591 590
379 379
565 564
466 467
543 543
577 577
452 452
551 551
588 588
509 509
377 377
200 199
500 499
485 486
452 451
416 416
430 429
478 477
428 428
579 580
550 550
569 570
502 502
532 531
418 418
407 407
412 412
433 435
425 425
591 591
474 473
599 599
446 445
519 518
454 453
545 544
451 451
530 530
557 556
404 403
552 551
615 614
422 421
397 397
495 495
372 377
555 557
611 611
566 566
477 477
413 417
378 377
591 593
268 268
395 395
649 650
558 560
493 493
558 557
438 438
505 505
567 569
501 500
486 485
702 701
550 549
476 476
614 615
605 605
399 399
394 394
481 481
598 597
566 566
483 483
296 296
606 606
369 369
680 679
710 710
528 529
364 364
655 657
711 712
588 591
457 456
324 323
502 502
605 605
505 507
626 627
459 459
469 469
486 488
632 633
328 328
437 436
519 520
519 519
548 547
570 569
669 669
519 520
478 479
444 443
308 307
597 596
509 508
318 318
524 525
642 641
548 548
491 490
420 419
542 541
493 492
717 716
351 351
555 554
426 425
479 478
603 603
472 471
497 497
429 428
496 497
453 453
647 647
591 592
450 450
591 590
498 497
593 592
582 581
542 541
574 574
473 473
388 388
512 512
556 556
783 784
570 569
591 592
546 546
493 492
415 415
491 491
641 640
472 472
466 467
413 414
560 560
537 536
712 713
391 391
395 395
425 430
233 233
494 495
512 512
513 513
646 650
673 674
561 560
653 652
417 416
424 425
419 418
548 548
512 511
374 375
417 416
370 369
460 461
581 582
469 468
483 482
415 416
423 423
372 372
568 568
590 589
449 449
646 647
616 617
718 718
609 609
621 621
549 549
482 481
527 529
588 587
476 476
508 508
359 359
543 544
376 375
566 565
649 649
423 423
519 520
362 362
381 380
550 550
428 428
530 531
516 516
624 623
512 512
422 422
433 432
472 472
645 648
692 691
606 605
663 664
540 539
591 590
630 632
685 685
551 550
379 379
395 394
372 373
546 545
565 564
427 426
498 497
651 650
519 518
439 438
671 670
500 500
561 561
439 438
523 523
393 393
297 298
381 381
745 744
511 515
690 689
507 512
543 542
510 511
699 701
550 551
539 540
355 356
518 520
542 541
477 476
485 486
302 302
404 403
294 293
474 473
568 567
666 665
649 649
451 453
522 521
459 459
568 568
528 527
479 479
461 460
353 355
610 609
529 531
614 616
453 454
514 513
428 428
444 444
471 471
521 522
432 432
333 332
478 479
418 418
434 434
483 483
528 529
362 362
502 501
445 445
483 482
579 579
605 606
438 438
546 546
469 468
594 594
574 574
578 579
528 527
435 434
427 428
707 706
701 701
608 608
433 434
357 356
455 454
524 524
393 393
582 583
308 308
500 500
508 511
507 508
454 453
448 447
500 499
520 520
551 550
428 428
307 310
452 453
447 448
541 540
496 495
398 397
408 410
313 314
756 756
229 228
609 609
444 443
591 590
503 504
534 533
526 526
452 451
539 538
552 555
406 406
542 541
385 384
260 260
600 600
580 580
721 725
703 703
344 343
437 436
588 588
388 387
454 453
516 519
520 520
711 711
482 484
518 519
495 494
444 445
434 433
375 375
333 334
492 493
379 379
433 433
594 595
492 491
491 492
593 593
338 337
424 423
650 652
449 448
548 547
472 472
461 460
293 293
568 569
613 612
521 521
539 538
598 598
614 617
421 422
432 432
424 423
493 493
720 720
383 383
585 584
588 587
400 399
639 643
424 423
469 470
585 584
542 543
379 378
616 615
517 516
494 494
398 397
557 557
599 602
556 555
433 433
478 478
457 456
338 338
490 489
636 635
472 471
424 425
499 499
530 529
454 454
364 363
493 494
486 486
493 492
434 435
286 286
492 497
371 371
670 669
523 523
418 419
333 332
662 662
426 426
414 415
455 455
487 487
754 754
447 449
414 414
300 300
563 562
525 524
386 386
506 506
516 516
524 524
569 568
569 568
509 509
617 616
504 505
426 426
465 467
465 464
480 479
452 452
693 692
356 357
464 466
501 501
277 278
559 558
530 529
465 468
383 382
525 524
528 528
525 525
536 538
741 741
498 499
443 443
646 645
618 618
549 549
483 482
366 365
709 709
309 309
599 600
437 436
445 444
375 375
514 514
469 469
589 589
613 612
685 685
566 565
536 535
564 563
444 444
469 469
534 534
448 450
592 592
303 302
562 562
482 482
452 452
386 385
489 491
440 439
491 493
580 579
564 564
509 508
531 530
689 688
470 470
397 397
449 448
379 379
529 528
417 416
383 383
511 510
594 593
409 409
552 552
594 593
427 426
461 460
542 542
615 614
369 369
528 527
602 602
339 341
584 585
380 382
421 420
647 647
485 485
498 497
504 505
528 530
456 455
464 465
535 534
445 445
502 501
578 580
540 540
330 329
420 421
463 463
412 413
522 522
491 490
512 511
511 512
367 367
443 444
327 326
568 567
622 625
559 560
658 661
589 592
583 582
469 470
608 607
623 623
374 375
397 397
490 492
577 577
568 573
465 466
561 561
522 523
509 509
454 454
551 551
437 437
582 581
545 544
737 736
331 331
564 565
396 396
503 502
440 440
429 430
367 366
628 627
813 813
592 591
390 390
562 561
445 444
437 436
615 615
317 318
526 525
423 422
510 509
541 542
563 564
476 476
521 521
331 332
552 553
360 359
510 509
442 443
470 469
464 464
438 438
542 542
517 517
374 374
462 461
407 407
469 468
436 435
653 652
359 359
533 532
505 504
477 476
494 494
459 459
477 476
567 566
451 451
528 528
503 502
495 497
322 322
269 268
445 446
515 515
531 532
348 347
516 515
578 578
560 560
601 602
387 389
448 448
542 544
411 410
613 613
493 493
553 553
402 401
500 501
638 639
439 438
597 597
329 330
577 578
445 446
591 591
550 550
400 400
499 498
517 517
538 537
496 495
445 445
494 494
634 634
544 544
473 473
544 544
220 220
672 672
461 461
462 462
362 361
509 508
630 629
278 277
764 764
622 622
509 509
533 532
496 496
453 452
582 581
652 651
609 608
480 479
656 655
641 641
392 391
538 539
427 426
392 391
475 474
456 455
360 360
640 642
682 682
350 349
607 608
509 509
480 482
623 623
468 468
486 485
359 359
591 591
555 555
347 346
499 499
393 393
384 384
542 542
351 351
454 457
456 455
553 554
364 363
480 480
452 452
334 335
573 572
430 430
507 506
428 427
547 546
577 577
584 583
672 673
381 381
518 517
536 537
426 425
593 593
614 613
487 487
519 518
499 498
496 495
510 510
554 554
546 545
673 673
350 349
348 347
757 757
688 688
488 489
470 469
419 418
565 565
539 539
435 434
506 509
373 374
555 555
482 481
443 442
562 561
428 427
816 815
555 559
363 362
449 449
465 464
587 587
473 472
599 598
296 295
535 535
541 540
481 480
526 525
602 602
517 517
362 361
468 468
718 718
664 664
641 641
280 280
763 763
425 425
316 317
627 627
502 501
299 301
596 597
523 524
465 464
558 558
566 567
537 538
603 604
498 500
356 357
543 542
649 650
440 439
446 445
448 448
597 598
377 376
394 394
505 504
542 543
278 280
373 372
448 447
560 560
279 279
580 579
587 586
582 581
240 241
391 391
525 527
466 466
621 622
442 441
481 480
496 495
555 555
586 586
463 462
353 352
406 406
525 524
522 522
463 464
439 438
508 510
654 654
427 428
440 441
420 420
544 544
481 481
632 632
601 600
458 458
426 425
559 559
480 479
700 699
476 475
474 474
374 375
468 469
675 675
357 356
465 464
508 508
540 540
633 634
603 604
548 548
418 417
577 578
466 466
464 464
719 722
328 329
485 484
560 559
513 516
667 666
539 540
579 579
558 557
654 654
315 315
448 447
552 551
641 641
474 474
451 451
500 501
438 437
491 491
616 616
380 381
512 511
279 279
542 541
457 459
436 435
468 467
539 539
476 475
533 533
490 490
503 502
577 577
533 532
372 372
524 524
585 588
357 356
434 435
550 549
635 634
468 468
613 613
412 411
594 594
593 593
517 517
480 482
662 662
517 517
516 518
455 456
653 656
445 445
471 470
620 619
579 579
521 521
342 342
618 619
498 498
487 487
551 551
637 637
585 584
419 419
446 447
788 787
587 587
487 488
522 522
446 446
512 513
505 505
457 457
746 748
322 322
366 366
412 411
581 580
558 558
549 549
494 495
524 523
553 552
573 573
432 431
421 421
514 516
570 571
528 533
602 602
471 471
542 541
447 448
442 445
533 532
568 567
552 552
399 402
421 423
429 430
428 429
540 539
528 527
556 556
456 456
484 483
621 620
563 562
442 443
494 495
576 576
506 506
721 720
526 526
645 646
429 430
387 387
417 418
515 514
504 503
580 579
506 505
425 424
492 491
508 508
504 503
341 341
335 335
550 549
429 429
377 379
458 459
487 487
525 524
528 528
465 467
454 454
463 462
528 528
336 336
672 672
557 557
552 553
438 437
338 337
457 460
512 514
571 571
569 569
613 612
642 642
479 479
699 698
439 438
569 568
519 519
485 485
532 531
494 494
541 542
445 446
458 458
559 558
392 391
586 589
427 430
470 470
363 365
433 433
597 598
692 692
417 419
534 537
391 390
631 632
527 527
662 661
468 468
492 492
522 522
484 485
439 438
511 511
513 512
612 612
485 485
574 575
704 703
485 484
365 365
546 545
487 486
505 504
584 583
529 529
535 537
437 436
584 583
448 449
356 356
533 533
541 541
560 560
480 479
478 479
440 439
457 458
402 405
532 533
451 451
575 574
498 497
416 417
627 629
362 363
536 535
681 680
594 593
412 412
350 350
489 488
605 604
369 370
505 504
454 453
491 491
541 540
369 371
509 508
563 563
647 646
529 529
557 556
530 530
445 444
441 440
369 368
598 599
517 516
569 570
603 604
563 564
455 456
580 579
481 480
615 614
663 663
446 446
517 517
466 466
446 445
402 402
565 566
552 552
325 324
428 427
508 507
386 385
452 452
322 323
422 423
524 524
467 466
438 438
445 444
507 506
505 504
562 563
495 495
606 609
380 382
643 642
462 462
729 731
566 567
587 590
561 561
388 389
355 355
413 412
529 528
488 488
321 322
434 433
470 469
394 393
509 508
523 523
538 539
472 471
496 495
374 373
623 622
578 578
649 649
534 536
499 498
738 743
585 586
731 732
505 508
416 417
415 418
550 550
546 546
717 717
594 594
553 552
313 313
490 491
542 541
323 324
443 443
595 594
461 460
429 429
490 490
559 559
452 451
583 585
634 635
529 528
543 544
464 464
604 605
455 454
562 562
492 491
537 538
374 376
588 588
650 649
598 598
346 346
546 545
617 619
461 461
491 492
517 517
536 535
503 503
535 536
676 675
594 593
487 486
455 455
656 659
646 646
538 538
550 549
537 536
386 386
497 496
521 521
563 563
538 539
515 515
456 455
418 420
632 633
491 491
739 742
616 615
376 377
514 514
603 602
548 548
797 798
610 610
431 430
644 643
618 617
618 618
458 457
392 392
573 573
524 524
529 530
617 618
571 570
514 513
418 417
467 471
310 310
494 494
627 628
654 653
509 508
500 503
614 614
496 496
390 390
358 358
439 439
533 533
496 495
470 472
635 634
547 547
529 528
548 547
513 512
593 594
482 484
544 544
526 526
541 541
551 553
521 520
404 405
387 386
458 457
512 511
458 458
621 621
398 397
649 650
582 585
410 409
492 494
475 474
376 377
447 447
542 542
486 485
512 512
603 602
506 505
477 476
713 714
343 343
497 496
425 425
636 638
485 485
422 423
574 574
422 422
476 476
647 646
594 593
297 297
449 450
423 423
630 631
613 612
515 515
429 428
431 431
446 445
454 453
640 639
637 636
647 646
470 469
574 574
481 481
518 517
419 419
488 487
277 277
709 709
528 528
676 676
358 358
321 320
542 543
585 586
459 461
468 473
477 476
518 518
572 571
434 434
379 379
528 528
449 451
329 330
497 496
498 497
621 622
515 516
366 366
392 391
566 566
441 440
383 382
346 345
607 607
668 667
502 502
537 536
531 531
638 640
386 386
400 399
399 400
519 522
525 524
403 403
370 371
785 784
556 555
634 635
331 330
445 444
470 470
409 409
574 574
563 562
494 494
443 442
539 538
572 572
604 604
628 627
398 397
639 638
438 438
463 462
413 412
553 552
447 446
516 515
561 562
384 384
594 595
529 528
586 586
439 439
652 652
409 410
580 582
646 645
504 504
360 360
523 522
284 284
560 560
563 562
599 598
711 710
672 672
563 564
600 600
453 452
374 374
548 547
462 461
513 512
573 575
458 458
512 511
419 418
467 466
494 493
395 396
659 659
531 531
346 345
678 677
554 554
674 674
557 557
430 430
501 500
380 379
536 535
245 245
581 580
461 461
278 278
406 406
560 561
551 553
498 501
522 521
439 438
336 335
273 273
449 449
391 391
467 466
607 606
664 665
591 591
488 488
371 373
259 262
505 507
516 515
599 601
498 498
545 545
342 344
410 410
643 642
707 706
442 441
484 483
656 655
523 522
504 504
333 332
509 509
593 595
410 410
380 381
415 416
564 564
636 635
473 473
506 506
428 429
369 370
500 500
513 513
423 422
730 733
487 487
613 613
533 533
479 478
535 534
326 326
579 579
579 579
489 491
502 504
443 442
507 506
414 414
563 563
510 510
671 671
415 416
530 530
553 553
525 528
614 613
512 513
715 715
539 539
533 533
528 529
620 619
524 523
485 484
532 532
416 416
495 496
464 466
444 443
616 616
414 413
701 700
637 636
720 719
465 465
367 367
646 646
460 459
560 560
484 485
454 454
427 429
637 637
265 267
470 471
615 614
410 410
453 453
534 536
544 547
331 331
677 677
440 441
718 718
500 499
400 399
438 438
508 508
593 592
428 427
380 379
441 440
459 458
463 463
530 530
532 532
468 468
805 806
465 465
653 652
475 474
533 533
319 319
490 489
577 577
268 269
534 534
464 464
479 478
489 489
511 510
545 545
804 803
425 425
414 416
583 582
450 449
528 528
331 330
363 362
477 477
377 377
609 609
410 411
478 477
452 451
319 319
539 538
627 626
518 520
530 530
669 669
710 710
575 574
447 447
331 331
512 512
516 515
435 439
497 499
539 540
506 506
459 458
386 386
750 750
395 398
542 541
579 578
588 588
576 575
393 393
633 633
446 445
606 605
442 441
462 463
416 415
343 342
632 633
539 538
517 518
550 550
475 475
616 616
458 457
399 399
574 574
485 485
425 425
663 662
331 331
731 730
501 500
498 497
580 582
456 455
402 402
473 473
395 396
581 581
666 666
496 496
527 527
472 472
477 476
470 469
727 726
390 391
594 593
328 329
475 474
552 551
471 472
485 484
511 510
513 513
651 653
489 489
320 319
401 403
581 581
322 321
478 478
449 449
578 578
635 636
638 638
463 463
470 469
397 400
536 535
538 538
489 488
536 538
434 434
284 286
458 459
630 629
394 394
406 405
620 621
460 461
612 614
496 497
482 486
566 566
483 483
474 475
407 408
411 411
414 413
642 643
594 594
576 576
474 473
426 427
427 426
542 543
496 495
431 431
544 545
323 323
562 561
672 672
589 589
586 585
589 588
604 604
474 475
417 416
341 342
605 605
602 602
497 497
435 434
498 501
720 719
626 626
618 618
475 474
442 442
371 371
678 683
414 413
361 361
318 319
661 660
418 421
510 510
595 595
499 500
550 549
507 507
463 463
308 309
578 581
350 351
442 443
471 470
573 573
431 431
272 272
467 467
388 388
384 384
638 637
561 560
338 337
555 555
362 362
281 280
473 473
499 500
487 486
691 690
485 484
741 743
383 382
505 504
588 588
485 486
512 511
434 436
583 582
504 508
497 498
550 549
378 377
560 559
512 513
525 524
606 605
354 355
619 618
432 431
477 477
441 440
487 487
419 424
407 407
657 656
543 542
617 618
381 381
589 588
495 495
622 622
569 569
490 490
514 513
643 644
718 717
487 489
459 459
585 584
507 506
424 423
441 441
470 472
356 358
491 492
377 376
399 398
595 594
522 535
565 566
529 528
366 365
501 500
551 550
442 442
380 379
532 533
545 544
273 274
682 683
482 481
414 416
671 670
514 514
484 484
594 596
617 617
591 591
365 365
474 474
479 478
590 590
413 412
578 578
435 437
339 338
513 513
511 510
743 744
617 616
653 653
434 435
460 460
336 336
551 551
394 395
407 407
488 489
536 535
492 493
358 358
487 486
570 569
441 441
566 566
603 604
578 577
692 692
427 427
577 576
375 374
651 652
477 477
387 386
429 428
412 412
494 494
506 508
363 362
457 456
432 431
564 567
556 556
378 377
536 536
598 597
431 431
595 594
479 479
654 654
417 417
433 433
342 342
488 490
489 488
393 394
283 283
510 509
465 464
398 397
641 642
642 642
586 585
449 449
497 498
493 492
571 570
378 378
615 615
588 588
715 714
506 506
602 602
533 536
497 497
503 503
590 589
510 509
557 557
409 409
438 437
666 665
665 665
420 421
513 512
488 489
496 495
537 536
441 440
411 410
500 501
499 499
418 418
532 531
510 511
468 467
471 471
476 475
515 515
637 637
491 491
342 342
619 619
507 506
448 447
520 520
468 471
503 502
662 663
474 475
613 614
546 548
407 408
469 469
495 495
435 435
363 362
459 459
484 484
479 480
408 414
387 387
386 390
501 502
740 740
570 571
361 361
446 445
541 541
487 486
374 373
656 656
445 444
805 805
438 438
566 565
337 337
441 441
485 486
474 473
696 697
518 518
533 533
638 638
600 601
527 526
314 313
439 440
540 542
356 355
552 552
586 586
629 629
467 466
301 301
370 370
755 756
462 463
525 525
767 768
613 612
588 588
479 480
485 484
556 555
528 528
489 492
511 510
539 538
496 498
505 504
506 505
410 412
619 618
364 365
513 512
485 488
541 540
525 526
563 562
424 425
414 413
394 394
538 538
519 518
408 407
479 479
401 400
412 412
511 512
545 547
529 530
321 321
494 493
485 484
537 536
447 446
290 289
444 444
508 512
702 704
598 597
403 403
579 582
291 291
390 389
373 374
366 365
600 601
469 468
779 779
429 429
380 382
595 594
465 466
444 444
544 544
538 538
353 352
429 429
583 583
438 438
561 562
402 401
545 545
516 516
548 548
529 529
429 430
387 387
367 367
536 536
624 624
594 593
557 558
556 556
623 623
558 559
524 524
326 326
391 391
476 476
543 542
618 618
529 528
492 491
436 436
456 455
516 517
432 433
756 755
421 420
464 464
421 420
407 407
483 482
579 579
239 239
371 373
382 382
306 306
538 537
310 311
617 616
433 433
307 306
498 497
394 393
534 534
522 521
532 533
514 514
655 655
462 461
392 392
321 321
422 422
478 477
580 579
567 567
467 466
558 559
688 688
368 367
630 630
420 420
491 491
557 557
475 477
586 587
511 510
620 620
392 391
403 403
512 512
607 606
330 329
448 448
601 600
385 385
557 557
428 427
353 353
541 542
656 656
403 403
420 422
645 644
467 467
613 612
516 516
524 526
293 294
592 591
450 451
483 483
424 423
458 457
464 465
468 467
435 434
424 423
661 661
548 548
503 503
381 381
624 623
463 465
474 474
437 437
525 529
655 656
562 563
403 403
505 506
636 635
391 390
415 414
530 529
620 621
689 689
426 427
699 698
351 352
486 485
629 628
639 640
419 418
366 365
597 596
502 504
474 474
440 440
611 610
632 632
574 574
555 559
547 547
490 490
447 450
607 606
250 250
542 545
503 503
549 549
512 511
395 395
601 601
513 513
366 367
579 578
466 465
484 485
437 436
465 466
646 645
412 413
542 542
585 584
532 531
517 517
594 594
516 516
500 501
621 620
556 559
634 634
517 517
373 374
591 591
364 364
570 570
602 604
483 482
189 189
341 340
420 419
564 564
455 458
481 481
567 567
609 609
530 530
418 417
592 593
527 528
568 567
585 586
538 539
508 507
618 617
465 464
419 419
552 552
670 670
599 598
509 508
405 405
546 546
623 623
431 431
275 276
397 396
414 414
524 525
311 311
458 458
519 518
407 407
619 618
508 507
652 651
531 530
328 329
568 567
270 269
614 613
449 449
505 504
523 524
566 568
437 437
716 716
542 542
609 613
565 566
480 479
628 628
459 458
217 218
491 490
414 415
498 497
579 578
341 340
490 490
641 641
373 372
335 335
342 341
602 604
499 498
585 584
515 516
576 576
461 461
465 465
454 453
442 442
545 545
584 583
426 427
521 520
508 507
562 562
602 601
496 496
652 651
491 491
564 563
475 474
595 595
357 357
538 538
512 511
608 607
322 322
491 490
462 463
565 565
439 439
534 534
609 608
452 452
571 571
334 333
522 523
526 525
315 316
420 420
342 341
460 459
581 581
549 548
607 607
601 600
494 493
533 533
440 441
420 419
425 425
719 718
498 498
537 538
445 444
717 716
480 480
403 403
426 425
578 577
550 550
378 378
489 489
304 305
556 556
321 321
404 403
521 520
411 411
482 482
578 581
338 338
564 565
565 565
578 578
427 428
516 515
480 480
440 440
462 461
556 557
272 271
483 484
507 507
603 602
460 460
604 605
622 625
427 426
624 624
492 491
495 495
502 501
425 427
458 458
460 460
507 507
415 414
561 563
450 450
318 317
501 501
538 537
496 495
514 517
638 638
678 679
593 593
385 384
568 567
749 749
368 367
432 432
502 501
422 421
460 460
374 379
627 626
336 336
637 636
499 499
564 564
443 444
784 786
575 574
392 391
483 484
616 618
523 522
387 386
423 423
428 429
382 381
554 553
596 596
745 745
383 383
393 392
488 488
483 482
310 310
712 711
431 432
393 392
347 348
426 425
468 467
659 662
414 414
517 516
393 392
413 413
512 512
507 507
413 413
523 523
546 545
616 616
694 695
475 475
488 487
510 509
488 490
545 544
622 624
499 498
596 596
420 420
561 561
351 350
627 627
392 392
458 457
373 373
431 431
512 513
680 680
644 643
607 608
478 478
425 425
517 517
438 438
474 474
427 427
472 472
407 407
473 472
398 398
489 488
579 579
498 499
479 478
521 522
587 587
626 627
699 701
429 428
570 570
645 644
480 481
389 389
543 543
559 558
585 584
532 532
305 306
578 578
616 616
544 544
436 440
535 535
436 436
400 399
666 666
354 354
388 389
605 606
618 618
701 700
526 525
384 383
445 445
449 449
679 679
431 431
543 543
545 544
618 618
382 381
554 553
334 335
600 601
401 402
388 387
401 401
489 489
421 420
409 409
454 454
409 409
360 360
580 582
435 435
502 502
387 387
685 685
519 521
363 363
693 693
503 502
625 624
466 465
394 395
357 357
395 395
412 414
467 467
621 621
654 655
347 347
405 406
532 533
440 440
469 469
442 442
623 622
430 429
402 404
527 527
470 469
574 573
529 531
572 572
538 537
432 431
508 508
447 447
500 499
445 445
351 354
547 548
472 472
432 431
483 483
462 461
525 524
767 768
482 484
574 574
501 501
444 443
451 455
583 582
549 549
502 501
430 429
490 489
615 615
429 429
451 451
632 631
345 344
517 517
630 631
524 525
397 398
432 431
437 438
372 373
326 326
593 592
350 349
376 376
475 476
704 704
419 419
487 486
486 488
615 615
584 584
623 623
468 468
492 491
415 414
535 535
566 565
628 628
526 526
519 519
566 566
755 754
547 547
370 370
548 551
579 579
408 407
451 451
523 522
585 584
486 486
422 422
428 428
563 563
520 520
522 521
603 605
472 471
577 578
354 353
572 571
328 329
485 484
437 438
455 454
499 500
518 518
476 475
669 668
533 535
385 384
442 443
452 452
483 482
633 637
511 511
525 524
458 458
453 454
502 501
437 440
562 561
413 413
609 608
425 424
689 690
421 420
514 514
482 482
592 592
605 607
461 460
450 450
568 567
675 675
724 724
626 626
479 481
613 612
547 548
536 539
606 606
482 483
633 633
535 534
655 655
349 349
540 540
478 479
379 380
506 507
538 538
718 717
603 603
476 476
678 677
662 661
511 510
624 623
717 717
348 347
482 481
389 388
502 501
493 493
674 674
476 475
540 540
369 370
441 440
533 533
371 371
435 435
451 451
421 420
727 727
592 592
426 425
611 610
560 560
600 599
542 543
571 571
637 638
397 398
568 568
229 228
505 504
488 488
286 286
481 481
427 427
399 400
654 654
420 420
585 584
528 528
539 538
487 487
589 588
394 393
565 566
491 495
402 402
473 474
533 532
648 648
683 682
622 622
353 352
548 547
473 473
503 502
537 536
666 666
514 513
481 481
453 452
444 446
408 408
384 384
636 636
466 465
564 565
437 436
319 319
577 577
628 628
303 302
407 407
360 359
553 558
393 393
337 338
702 702
485 488
568 568
351 350
513 514
730 729
524 524
505 504
379 378
509 508
480 479
591 590
538 539
348 348
437 437
592 592
519 520
519 518
540 541
652 652
514 514
418 420
528 528
412 413
622 621
660 660
567 566
324 324
671 670
520 522
424 423
385 386
428 428
399 398
578 578
501 500
448 448
572 571
400 400
388 388
511 511
434 435
460 460
492 491
445 444
560 560
526 526
464 463
484 484
561 561
319 321
487 486
440 439
403 403
481 481
516 515
463 462
608 607
441 441
465 465
545 546
460 459
332 332
534 535
480 479
465 464
466 465
578 577
245 247
550 551
425 424
507 506
279 278
329 329
491 490
535 534
599 598
534 534
482 482
337 336
466 466
510 511
501 500
630 629
560 560
558 558
608 607
440 442
462 461
506 505
550 550
394 393
390 391
438 437
359 358
453 452
456 456
284 283
473 474
325 325
661 661
416 415
508 510
443 443
338 338
364 363
638 638
786 787
559 558
332 332
518 520
420 421
324 325
413 413
427 427
571 571
300 300
491 490
799 798
448 447
532 532
294 294
539 540
536 536
649 648
643 643
582 582
540 541
520 519
714 715
605 605
597 596
467 470
587 586
459 458
454 454
517 517
329 329
522 522
376 376
593 592
668 668
303 303
496 495
510 510
450 449
562 562
521 520
395 395
636 638
566 566
635 636
533 535
433 433
418 418
387 386
524 524
547 548
439 439
297 298
699 699
526 526
543 544
485 484
365 365
382 382
441 440
621 620
519 518
471 470
427 427
464 464
519 519
259 259
428 427
221 220
528 527
375 374
489 490
449 449
682 681
495 495
544 543
466 468
535 535
588 587
451 453
476 476
595 595
445 445
612 611
574 575
500 499
532 532
389 389
419 420
415 414
597 597
406 407
506 505
408 407
518 517
681 683
354 355
461 460
544 544
498 499
530 529
433 432
674 673
415 414
430 429
508 507
606 605
654 654
452 452
600 600
542 541
584 583
372 372
462 461
451 451
423 423
584 585
526 525
564 565
585 585
376 376
290 290
556 555
356 357
559 560
332 331
544 544
545 545
478 478
493 492
467 467
459 461
565 564
437 438
603 603
638 638
500 500
504 503
468 469
672 674
524 524
486 486
366 367
457 456
534 533
419 418
466 470
567 568
421 420
504 504
516 515
571 576
455 454
484 484
407 407
613 618
410 411
424 424
432 433
569 568
458 457
524 524
391 390
422 421
390 390
624 624
566 565
375 374
452 452
630 629
312 311
447 446
526 525
512 512
645 645
420 419
588 588
676 677
490 490
494 493
558 557
476 475
474 473
489 488
541 541
599 599
657 657
553 553
474 474
525 524
587 586
548 548
305 308
435 434
769 770
492 491
505 505
362 363
524 523
751 755
477 478
423 423
630 629
442 442
413 413
648 647
675 675
423 423
501 501
563 563
563 564
435 436
574 573
441 441
448 450
323 323
550 550
369 368
543 543
749 748
450 452
611 611
299 298
580 579
499 498
453 453
376 376
650 649
587 589
571 571
488 487
481 480
432 431
322 322
475 477
435 434
513 514
357 357
573 573
567 567
456 455
400 402
459 461
417 416
499 498
437 438
428 428
416 416
534 536
575 576
276 276
563 564
415 415
531 531
604 604
624 625
646 647
397 396
428 429
495 497
523 523
371 370
460 459
649 651
710 711
361 363
658 658
477 477
479 478
627 627
475 477
454 453
696 695
395 394
571 571
467 466
550 551
449 449
503 502
646 645
414 414
482 482
572 571
635 634
589 589
426 428
598 600
487 487
502 504
503 503
435 434
555 554
260 260
513 514
391 392
614 615
576 576
552 551
596 595
390 390
432 435
425 426
495 495
473 472
348 347
534 535
460 459
605 604
527 527
520 520
477 476
330 330
586 586
500 501
472 472
527 527
291 290
635 636
342 343
608 608
502 503
577 581
542 541
511 511
551 550
642 645
461 461
252 254
529 531
624 625
548 548
543 542
464 463
406 405
425 425
313 313
400 400
542 542
439 438
392 392
549 549
432 432
614 614
582 581
595 596
476 475
403 402
594 593
384 384
427 427
636 637
488 488
596 595
471 472
366 366
556 556
487 487
476 475
664 665
448 448
611 612
416 415
502 501
460 459
695 694
757 756
456 457
599 600
574 575
559 559
358 357
465 466
538 538
733 732
527 526
401 400
461 460
597 596
661 662
527 527
541 541
444 444
532 532
509 508
465 464
657 656
583 583
551 551
503 503
531 531
381 381
324 324
517 516
381 387
509 509
654 654
383 382
430 430
231 230
648 649
409 408
416 416
466 465
555 555
428 429
423 424
440 440
523 522
476 479
486 486
537 538
524 524
388 388
394 396
560 560
304 304
547 546
335 336
677 678
502 504
549 550
646 647
523 522
548 548
364 364
630 631
522 521
369 369
523 525
470 469
467 467
441 441
541 543
524 523
418 417
509 508
476 475
591 591
457 456
349 348
444 444
618 619
491 490
661 661
627 627
427 427
299 300
567 567
379 379
558 558
374 374
433 434
401 403
659 661
492 491
484 485
415 414
473 472
464 464
421 421
745 745
610 610
396 395
537 538
495 495
401 401
360 359
483 483
561 561
355 355
572 572
420 421
419 424
584 584
609 609
413 413
560 559
484 485
454 453
609 609
491 491
431 433
575 575
295 295
492 492
504 504
557 557
489 490
580 580
611 610
376 377
338 338
460 460
329 331
521 522
536 535
555 555
279 278
626 626
572 571
423 425
413 413
448 450
522 522
390 392
616 618
435 435
570 569
363 362
557 557
513 513
610 610
565 566
513 513
586 587
423 422
456 455
543 543
540 539
504 504
559 559
635 636
552 554
553 552
517 518
368 367
471 470
422 422
324 323
397 396
591 590
571 572
478 479
438 438
589 588
367 367
413 412
467 466
717 719
467 470
646 645
718 719
462 461
540 540
373 374
590 589
528 528
628 628
399 399
488 488
618 617
515 514
447 447
453 455
553 553
541 544
514 513
478 478
503 502
500 500
378 378
492 492
248 248
578 579
269 269
467 466
479 478
708 708
567 567
604 603
562 563
507 506
587 586
370 371
446 445
494 495
537 538
506 506
482 482
426 427
569 569
374 373
658 658
332 331
384 384
566 566
590 590
105 104
374 377
500 499
487 486
535 535
488 488
669 668
491 490
598 598
499 499
545 546
558 557
480 480
195 195
545 545
549 548
374 374
662 661
358 358
453 452
580 581
439 439
386 385
396 398
498 498
548 548
497 499
546 545
559 559
549 549
551 551
413 412
442 443
721 722
546 546
452 452
384 386
381 381
603 603
407 406
349 352
667 666
540 542
434 434
375 374
525 525
554 553
604 605
486 485
620 621
499 498
467 467
501 501
457 458
691 691
514 513
360 360
571 574
448 447
321 321
467 468
544 544
538 537
661 660
470 469
400 401
591 594
558 559
671 670
486 486
484 483
461 460
479 478
399 398
413 412
483 484
517 517
437 437
650 651
570 569
578 578
320 320
606 606
470 469
588 587
770 770
622 623
510 511
506 507
743 743
380 380
423 423
461 461
473 472
360 359
480 480
536 537
424 423
437 437
565 565
554 553
377 376
528 527
489 488
632 631
588 588
353 353
352 352
389 388
605 605
457 458
298 297
571 571
495 494
525 524
435 435
284 285
333 332
338 339
410 410
565 565
626 625
432 432
538 537
460 460
537 537
585 585
481 480
631 631
408 411
422 423
579 579
644 643
533 533
520 519
515 514
420 421
360 359
492 492
520 522
383 383
498 497
613 612
637 637
537 538
507 506
461 461
518 519
542 544
469 470
488 488
516 515
538 537
306 306
556 558
523 522
518 520
501 502
664 664
563 562
680 680
559 558
593 592
354 355
559 559
607 609
434 434
448 448
794 796
463 462
504 503
731 730
522 521
649 650
505 505
544 544
562 565
604 607
360 359
549 549
412 412
454 453
539 542
435 434
599 600
440 440
546 546
532 531
382 381
552 557
451 450
486 486
556 556
579 578
616 615
627 628
567 566
538 537
496 496
544 546
404 404
493 495
338 337
558 557
588 588
384 384
504 504
608 608
587 588
597 596
435 435
525 524
464 464
533 533
366 366
489 488
366 366
654 653
580 579
546 545
609 609
531 531
633 632
536 535
768 767
528 527
561 564
400 400
544 543
811 811
451 450
558 560
378 379
587 588
579 580
525 524
387 388
477 477
480 480
645 646
485 485
551 550
566 567
589 589
587 586
552 552
532 532
585 585
494 494
649 649
478 481
624 623
436 435
592 592
620 621
515 515
604 604
434 433
581 581
539 538
345 344
571 571
693 692
453 457
513 514
461 462
611 612
439 438
550 549
293 293
521 520
560 560
370 369
434 434
397 396
447 447
506 506
417 419
530 530
477 480
596 596
436 437
693 693
457 457
546 545
422 421
287 288
443 442
490 490
554 556
438 439
670 669
425 426
508 509
482 481
398 398
545 546
476 476
629 629
498 497
565 566
372 371
544 543
291 291
564 563
417 416
709 708
512 512
571 571
455 456
618 618
493 494
699 698
642 641
490 490
422 421
362 362
479 479
362 363
434 437
523 524
386 386
416 415
612 614
299 298
522 525
387 388
447 447
371 372
298 297
509 509
545 544
568 567
488 488
500 499
400 400
589 589
295 295
439 438
349 348
593 592
385 387
595 595
478 477
412 411
496 496
487 486
334 334
589 592
433 432
327 326
545 545
492 491
302 304
426 426
462 462
640 639
492 493
444 443
445 444
467 468
361 360
565 566
544 544
443 442
560 559
582 581
318 321
478 479
508 509
723 722
488 488
748 748
407 406
528 527
514 513
515 516
597 596
424 423
624 623
409 410
384 384
709 711
490 493
730 732
466 467
462 462
616 617
573 573
539 539
311 310
537 536
590 591
460 460
478 478
504 504
492 492
453 454
730 731
512 513
456 455
392 392
726 725
508 508
777 776
356 357
411 410
610 609
495 495
545 544
442 442
701 701
467 467
589 590
361 360
716 715
514 518
684 683
402 401
580 580
509 510
562 564
657 656
495 495
537 537
552 551
514 513
580 579
507 508
633 633
441 441
480 480
317 316
532 531
378 378
552 551
461 461
548 547
436 438
447 446
421 420
461 461
586 585
497 497
484 484
312 312
452 452
465 464
431 430
666 666
514 516
447 447
558 559
528 527
633 633
535 534
280 280
556 555
521 520
477 476
384 384
469 468
543 543
412 411
460 463
658 658
533 533
457 458
284 285
616 616
390 390
484 486
561 560
683 683
549 549
498 498
314 314
479 478
506 505
483 483
330 329
499 498
763 762
661 662
474 475
513 513
493 494
469 468
509 508
492 492
538 537
580 579
642 644
471 470
570 571
423 422
463 462
338 338
546 546
494 494
516 516
490 491
484 484
488 488
490 490
414 416
326 328
600 600
518 518
480 479
308 307
325 325
642 641
495 495
440 439
476 476
651 651
557 556
509 510
634 634
469 468
365 365
568 570
523 522
537 538
471 472
333 333
486 486
377 376
494 493
444 444
548 548
607 609
656 656
536 536
610 609
336 337
533 533
349 349
533 533
470 469
492 491
569 568
573 572
602 603
340 340
444 444
484 485
454 454
456 458
513 512
414 413
312 312
473 473
525 524
492 491
310 312
591 591
664 665
487 486
362 362
669 668
507 507
526 526
462 466
705 705
569 569
483 483
520 519
493 492
530 530
488 490
655 655
603 604
570 573
528 527
623 624
655 655
516 516
529 528
514 513
486 485
424 424
389 390
735 734
451 452
453 452
630 630
313 315
542 542
589 589
413 413
626 625
341 341
600 599
695 694
496 496
491 492
535 535
523 523
463 462
465 464
516 515
387 388
502 501
442 442
410 409
635 635
561 561
443 445
521 520
615 615
502 502
623 622
466 465
392 392
441 442
425 425
487 487
391 391
402 401
489 489
538 537
444 445
619 620
632 631
482 483
486 485
575 574
539 539
443 442
492 492
565 565
399 401
575 575
530 530
546 546
559 558
586 585
598 599
521 520
463 463
746 745
609 608
626 625
687 687
571 570
481 480
505 505
420 419
532 532
442 442
548 548
493 493
558 557
492 492
595 596
388 389
640 639
421 422
584 585
566 567
294 295
495 495
550 549
512 513
410 410
439 438
418 418
459 458
525 527
507 509
554 554
546 548
663 664
436 436
605 605
615 615
454 457
416 417
592 595
481 480
499 498
569 568
456 455
197 196
552 551
513 515
481 481
533 532
564 564
359 360
348 348
494 493
477 477
525 524
388 388
248 248
450 452
382 381
473 472
697 696
538 537
470 470
386 386
482 481
418 418
447 447
655 654
511 511
405 404
424 424
551 551
582 581
386 386
387 386
414 414
556 556
564 564
730 729
464 463
333 335
407 408
550 549
196 196
424 424
508 509
514 513
431 431
442 442
661 662
650 649
419 419
510 514
498 498
349 350
442 441
691 690
302 302
440 440
635 634
554 556
446 446
458 458
453 453
580 580
563 563
518 518
398 397
465 464
603 604
471 472
633 632
620 619
573 573
467 470
370 371
551 550
579 578
405 405
614 614
524 523
584 584
328 328
648 649
403 403
593 594
378 380
576 575
508 508
453 453
473 473
660 660
599 599
381 380
372 371
436 437
519 519
323 322
288 288
477 476
438 437
600 599
470 470
570 570
427 428
450 451
565 564
535 534
496 495
419 419
490 489
490 491
463 463
451 450
352 352
542 541
580 585
639 639
509 509
263 264
520 519
488 490
439 439
444 443
791 791
471 470
519 518
575 575
522 522
584 585
473 472
821 821
356 356
571 571
554 553
424 424
471 470
589 588
557 556
438 438
335 335
398 397
307 306
368 367
543 542
609 611
312 311
606 605
346 345
424 427
386 385
453 453
541 541
496 496
608 607
688 687
356 356
582 583
268 268
368 368
362 361
564 565
536 537
481 481
433 433
547 548
388 387
450 450
644 645
437 438
397 397
703 704
517 517
551 551
403 403
513 515
571 570
622 621
489 488
510 510
610 612
370 372
542 543
538 538
452 451
509 508
442 442
568 568
403 402
419 419
636 635
408 407
293 292
507 506
464 463
525 525
696 695
480 479
295 294
344 345
515 514
565 564
521 521
424 423
617 616
425 424
417 416
558 558
702 702
462 462
494 494
530 529
510 510
517 517
577 577
548 547
532 532
489 488
417 416
424 424
522 523
415 416
427 426
465 467
537 536
457 456
633 632
521 521
370 370
420 420
597 597
577 576
501 501
483 484
309 309
387 387
382 385
482 481
527 526
530 530
389 388
444 445
468 469
591 591
548 547
534 535
462 461
473 475
514 514
502 501
311 315
372 372
420 420
439 439
258 257
542 541
640 640
548 548
590 590
476 476
633 633
453 452
415 414
604 604
574 574
398 398
600 599
541 542
482 482
451 450
431 431
544 545
478 478
592 593
505 504
517 520
624 624
575 574
375 375
481 481
526 525
689 689
504 505
638 638
396 396
565 564
410 411
483 483
489 489
501 500
430 430
452 452
391 390
642 642
560 564
729 728
493 497
479 481
506 506
714 714
448 450
692 691
439 440
624 623
400 402
426 427
486 486
552 551
469 468
542 541
509 511
426 427
494 493
410 409
525 524
298 297
608 608
596 595
525 526
465 465
333 336
420 420
302 302
439 438
643 644
262 261
495 495
235 234
597 597
415 415
569 569
543 542
399 398
655 655
338 338
545 545
628 627
534 533
500 501
458 457
512 513
356 355
391 391
440 440
477 477
555 555
413 413
719 720
412 413
523 523
315 315
428 428
586 586
572 572
317 317
363 363
436 436
605 605
472 474
387 386
466 466
604 603
564 565
474 473
587 586
415 414
565 566
462 461
508 507
576 576
483 482
389 394
655 655
509 510
442 443
571 570
427 427
512 513
455 456
660 659
523 522
525 525
524 526
436 437
569 568
432 433
393 392
603 602
456 455
376 377
408 408
623 623
275 275
433 432
467 466
455 456
519 518
527 526
454 454
668 668
564 565
632 631
470 469
599 599
454 454
586 585
375 375
438 437
294 295
529 530
392 394
579 578
598 599
577 576
430 431
474 474
703 702
579 578
575 575
662 661
593 594
557 559
510 510
637 638
449 448
636 636
565 565
480 479
447 447
613 613
587 587
475 475
541 543
537 536
464 463
462 461
365 366
374 374
635 637
543 543
577 576
429 429
436 437
335 336
519 519
540 541
459 458
592 592
511 511
376 375
398 398
664 663
551 552
294 294
501 501
531 530
383 385
517 519
265 265
470 470
606 606
437 437
688 688
633 633
456 457
491 491
411 411
396 395
421 422
556 556
291 294
431 430
429 428
425 427
664 665
488 488
355 355
617 616
572 572
476 477
503 504
510 510
355 354
582 584
501 501
617 618
508 507
647 646
487 486
609 609
554 554
406 405
521 521
589 589
440 439
662 663
406 406
400 400
482 482
646 647
634 634
557 557
549 550
471 470
589 590
583 584
449 449
432 431
471 470
451 452
570 570
545 545
567 567
499 499
481 481
388 388
425 425
442 441
416 415
547 546
475 475
533 534
416 416
510 510
391 391
501 500
287 286
790 789
612 611
456 456
451 452
397 396
429 428
536 538
531 530
490 489
289 288
469 470
688 687
504 504
670 669
625 624
532 531
538 538
605 605
343 343
512 512
339 339
449 448
412 418
619 623
632 632
437 436
495 494
359 358
515 515
265 265
586 585
440 441
596 595
600 600
575 574
487 491
356 356
468 467
238 237
520 520
542 542
528 528
551 550
586 587
519 522
608 607
386 387
602 603
685 684
472 473
476 477
558 558
437 439
407 406
700 700
467 468
523 523
325 324
538 542
569 568
385 385
433 433
357 358
512 512
547 547
443 442
415 414
429 429
517 517
510 512
470 469
519 520
419 420
665 666
472 471
338 338
473 473
460 460
598 597
465 465
494 494
554 555
596 595
462 464
482 482
477 476
489 489
454 453
653 654
437 436
418 417
561 561
600 600
272 272
576 576
378 377
526 526
508 508
511 511
692 692
656 657
530 530
536 535
312 313
517 516
475 475
502 503
479 479
550 550
559 558
483 483
527 528
426 425
573 572
447 448
550 551
668 667
253 253
606 607
431 431
450 449
433 433
583 582
501 501
548 547
678 677
484 483
636 637
359 360
518 519
475 474
471 471
680 679
508 507
572 573
384 384
566 566
559 558
460 460
602 601
567 567
389 392
426 426
534 537
561 562
398 398
436 438
514 513
420 422
332 332
603 603
481 480
610 609
364 365
437 437
427 427
431 431
539 539
340 340
432 432
552 552
489 488
572 571
626 626
410 411
353 353
535 535
445 444
334 334
524 523
633 636
493 493
602 602
574 574
483 483
751 750
483 487
368 367
511 510
580 580
583 582
455 455
278 277
319 320
483 483
414 414
757 757
527 527
470 471
399 398
538 538
661 660
426 426
481 482
498 499
631 633
331 332
634 636
341 341
452 452
522 523
600 599
463 463
550 551
464 463
413 415
647 646
521 520
421 420
432 431
396 396
456 456
388 388
434 433
516 515
446 445
260 260
528 527
506 505
676 676
586 586
490 492
513 513
583 582
391 390
381 380
335 334
454 457
547 546
595 594
631 633
544 543
562 562
492 492
650 649
600 599
577 576
445 444
673 672
499 499
382 384
557 556
510 512
554 553
384 384
332 332
482 483
418 418
539 539
611 610
535 534
547 547
476 477
394 393
549 548
509 510
415 417
451 451
565 565
261 261
698 699
529 529
523 523
366 365
526 528
440 439
471 471
495 497
530 531
423 425
379 378
558 558
574 573
499 499
640 639
527 526
565 564
609 609
418 417
507 506
350 349
616 617
347 346
475 474
406 406
581 581
586 586
629 631
762 763
560 559
474 474
294 294
362 362
425 425
399 399
553 554
473 473
494 494
473 473
484 484
511 510
483 483
508 508
610 610
443 442
646 648
479 479
473 479
398 399
432 432
557 556
463 463
541 540
690 691
409 408
512 512
400 401
476 475
662 661
488 488
574 577
606 605
486 486
540 540
401 401
442 442
502 501
444 444
419 418
498 498
438 437
507 507
701 700
606 605
352 353
451 450
583 582
509 509
509 508
438 438
471 471
699 698
375 374
636 635
564 563
465 465
600 600
464 464
533 533
605 609
528 529
492 493
503 503
602 601
447 448
517 517
751 751
322 323
516 515
537 540
609 609
435 434
626 625
481 482
587 586
432 431
618 617
638 638
624 624
686 686
417 417
413 412
490 489
501 500
557 557
371 370
365 365
543 542
403 402
469 469
732 732
752 753
550 549
612 611
455 456
501 501
598 598
556 555
444 444
584 583
663 662
585 585
629 630
588 588
489 489
454 453
329 328
395 395
471 470
450 449
596 595
600 601
407 407
580 581
533 534
565 564
570 570
551 550
519 519
506 505
531 532
355 355
405 406
319 319
450 450
391 390
643 643
464 465
504 504
568 568
520 520
514 513
571 571
590 591
615 615
668 668
499 498
356 355
460 459
509 509
623 623
561 560
584 584
557 556
461 462
320 319
439 438
691 692
501 501
359 358
287 286
456 455
735 734
579 578
450 449
555 555
609 609
464 464
475 475
547 546
401 404
429 429
407 409
517 517
490 492
662 661
502 502
654 653
714 714
481 482
390 389
503 502
470 469
588 588
484 483
590 591
445 445
513 512
421 420
599 600
553 553
483 484
518 517
390 390
450 449
548 548
376 377
734 734
669 669
512 512
562 561
689 688
430 430
603 602
470 471
507 507
440 439
339 340
548 548
652 652
408 410
586 586
595 596
291 290
673 672
575 574
627 627
482 482
601 600
454 453
445 444
438 438
529 529
532 532
478 477
457 456
487 486
456 456
491 491
681 681
516 515
730 730
531 532
548 550
438 441
627 628
561 560
468 467
635 634
555 554
424 423
407 408
361 361
539 538
542 544
637 637
405 407
461 460
544 543
433 433
373 372
411 410
458 457
591 591
518 517
302 303
438 437
609 608
685 684
546 545
545 546
536 536
562 561
302 301
545 545
597 597
640 641
510 509
529 530
550 550
322 322
428 429
420 419
412 411
225 224
503 504
481 480
257 258
480 479
545 544
497 497
374 373
297 298
582 581
404 404
467 467
415 416
458 458
405 406
391 390
638 638
578 579
403 402
529 530
304 304
561 563
482 481
468 468
602 602
574 573
593 594
400 400
351 351
508 507
603 603
550 553
411 410
384 384
594 593
321 321
386 385
487 486
436 435
724 723
563 565
469 469
567 568
505 504
479 480
472 471
562 561
476 475
610 612
523 523
535 535
572 573
518 519
644 645
424 425
592 593
250 249
490 489
444 445
521 520
626 626
505 505
385 385
558 557
374 373
422 422
602 601
503 502
442 442
443 444
420 423
561 561
615 614
462 464
382 382
510 512
525 525
565 567
487 487
472 473
407 407
454 454
478 477
529 530
684 684
417 417
493 492
362 362
398 397
828 830
642 643
470 469
558 557
441 441
319 318
552 552
514 514
626 626
657 659
536 536
685 685
597 597
487 489
515 515
454 455
626 625
360 360
448 447
637 636
578 578
438 437
581 580
523 523
349 348
476 477
481 482
470 470
391 391
492 493
403 403
445 444
605 605
500 499
556 555
689 689
392 391
301 302
625 624
466 465
414 414
442 443
513 513
392 392
691 691
484 483
598 598
556 555
497 497
555 555
483 484
462 461
450 450
563 562
493 492
425 426
560 560
391 391
541 542
534 534
516 516
648 648
434 435
554 554
511 513
592 592
359 359
591 590
483 482
504 503
339 339
591 590
413 412
621 621
666 665
472 471
390 391
506 506
518 519
321 322
487 487
639 638
651 650
461 461
488 487
623 623
533 533
440 439
473 473
598 597
385 385
548 548
514 517
713 715
566 565
506 505
477 477
516 516
457 457
484 483
537 536
381 381
336 336
605 604
507 506
347 347
331 333
718 718
569 569
551 551
536 543
447 447
434 434
496 495
578 578
581 580
549 549
671 671
441 442
552 553
647 647
510 509
533 533
612 612
584 583
438 438
348 347
628 628
481 481
587 588
622 623
600 599
418 417
555 556
618 619
440 442
705 707
445 444
407 408
439 439
658 658
475 475
553 554
395 394
399 398
495 495
490 490
516 516
538 537
458 458
530 530
511 512
444 444
622 621
467 467
485 485
424 425
567 569
357 357
358 357
605 604
409 408
666 666
449 448
386 385
563 562
554 553
534 534
485 484
699 698
630 632
272 274
489 489
477 476
465 465
485 486
719 719
527 527
452 452
521 520
523 522
437 436
673 672
412 411
577 576
643 643
471 471
425 425
740 741
403 404
510 509
645 645
352 353
443 442
490 490
551 550
475 475
542 543
545 544
621 620
446 448
524 524
310 309
291 291
491 490
358 358
427 427
495 495
494 493
550 550
391 393
339 338
552 552
459 459
498 498
468 467
456 456
529 532
527 536
465 465
398 398
650 650
390 389
516 516
729 729
546 545
437 436
431 434
414 415
411 412
402 401
444 443
528 527
583 582
693 693
439 438
522 521
587 586
428 427
353 353
486 485
314 313
481 481
446 446
377 377
556 555
692 693
454 454
222 222
429 429
623 623
621 621
369 378
662 661
489 489
491 490
602 602
618 617
553 554
448 447
284 283
468 467
638 637
437 436
539 539
495 495
485 485
552 551
493 492
442 442
597 597
426 426
455 456
641 641
179 182
488 488
549 548
385 387
528 528
675 675
709 710
450 450
446 445
577 576
525 525
591 593
571 574
576 575
286 287
503 506
509 509
608 607
479 480
375 375
536 536
587 586
554 553
285 284
366 369
576 576
604 604
416 418
507 507
760 759
409 409
425 425
622 622
479 479
561 560
437 436
654 654
469 471
481 481
439 441
597 596
521 520
468 467
602 603
595 594
593 592
584 585
369 369
558 557
567 568
533 535
507 508
494 493
401 401
457 457
339 339
520 522
584 584
460 459
433 432
671 670
355 356
459 458
462 462
597 596
461 460
504 504
567 569
347 347
584 584
465 464
451 450
423 422
285 285
593 592
364 364
535 534
680 679
641 640
455 455
554 554
590 589
593 592
358 359
483 484
543 543
506 507
545 547
500 499
383 382
495 494
536 537
533 533
619 618
500 499
580 579
568 568
531 530
509 508
576 576
566 566
575 575
398 398
434 433
607 607
601 601
348 350
440 440
434 434
510 511
504 506
480 480
352 351
487 486
528 529
433 433
556 556
539 538
519 521
507 508
487 486
612 613
584 583
472 472
471 471
380 380
581 581
596 596
561 561
575 576
562 562
573 574
682 681
178 179
552 552
549 554
375 376
532 532
431 431
362 361
533 533
293 295
358 358
496 496
696 696
732 731
341 340
563 562
505 505
467 467
413 413
510 510
431 431
703 704
450 449
393 392
345 351
414 415
530 530
449 449
668 669
581 581
448 448
463 462
492 493
534 533
442 443
573 576
542 546
545 545
552 553
443 442
356 356
339 339
562 563
428 427
456 456
608 607
505 505
559 559
409 410
495 496
415 416
539 539
246 245
557 556
496 496
487 486
508 509
572 571
343 342
423 423
437 436
258 257
493 492
663 664
611 611
454 453
575 574
615 616
489 489
670 671
453 455
556 557
330 330
461 461
627 626
598 599
495 497
275 275
312 311
614 614
269 268
443 444
580 580
496 495
444 443
550 550
404 406
477 476
666 667
504 504
495 495
520 520
286 286
568 569
539 539
591 592
495 494
405 406
456 456
501 501
341 341
462 462
376 375
681 680
518 518
581 580
620 620
427 427
607 607
537 536
709 708
476 478
549 549
339 339
548 547
370 371
399 399
605 606
560 560
371 371
502 502
390 389
666 665
523 526
529 528
414 413
485 486
565 565
509 510
506 506
405 404
401 401
530 532
585 585
691 691
334 334
371 370
507 506
465 465
645 645
424 424
563 562
502 501
489 490
631 630
500 500
725 726
368 368
618 618
596 595
445 445
530 531
367 366
448 447
553 553
535 536
362 362
558 558
593 594
471 472
409 408
491 490
492 491
505 504
433 433
545 544
254 253
505 505
453 452
506 506
675 675
679 679
377 377
443 442
530 532
604 604
575 575
488 488
339 339
460 460
496 498
534 534
421 421
405 406
505 504
326 326
218 218
521 520
499 498
507 508
615 615
436 436
618 618
616 616
459 458
549 549
475 474
599 599
424 424
426 425
495 496
562 561
622 622
514 516
586 586
540 539
452 454
355 355
495 495
499 499
192 192
536 535
610 609
366 366
291 290
507 508
317 316
695 695
388 388
485 485
449 448
612 612
629 628
407 406
533 535
538 538
507 508
575 575
423 423
643 642
619 619
552 552
704 706
639 639
324 323
533 533
624 626
414 413
651 652
683 682
597 597
638 637
407 408
574 574
376 376
511 511
385 385
355 356
678 678
482 485
420 419
514 513
574 574
703 706
464 463
540 540
575 574
577 577
273 272
569 570
467 466
494 494
585 584
440 440
416 415
694 694
433 432
609 609
417 416
552 554
582 581
491 490
444 443
442 441
511 510
477 476
513 513
561 562
531 532
440 441
467 467
565 565
451 451
560 560
525 524
524 524
496 497
483 483
611 611
435 434
484 486
580 580
505 504
301 301
639 638
456 456
425 425
552 552
614 613
287 287
510 510
383 382
420 421
559 559
522 522
373 372
537 537
648 648
520 519
581 581
665 667
387 388
432 433
321 321
654 653
454 453
554 554
428 429
552 551
408 407
536 536
351 351
382 381
638 639
416 416
571 570
458 461
358 357
418 418
374 374
727 727
435 434
549 548
463 464
309 310
663 662
604 604
696 695
684 687
573 573
482 482
486 486
538 537
554 553
375 375
626 626
368 367
519 520
503 503
598 600
422 421
541 540
596 596
520 519
501 500
483 483
449 448
475 475
519 519
464 463
621 620
526 525
349 348
482 483
578 578
534 535
738 738
243 243
330 331
537 539
496 496
404 404
437 436
297 296
542 542
410 409
415 416
511 514
490 489
662 663
444 444
380 381
612 612
351 353
534 534
599 602
467 466
268 267
480 481
212 212
405 405
571 572
557 557
698 697
563 563
426 426
742 742
504 505
503 502
397 398
308 309
447 447
515 514
507 507
474 473
583 583
419 419
587 586
567 567
360 360
589 589
330 329
393 392
721 720
442 442
563 564
586 588
612 612
449 450
464 464
387 387
402 401
472 473
596 595
516 516
509 509
531 530
560 560
509 509
639 639
434 434
613 613
337 337
355 355
580 581
570 569
465 465
544 545
522 521
424 424
449 448
623 622
481 481
558 558
501 501
587 586
650 649
441 441
763 763
516 518
558 558
640 641
296 296
588 588
554 554
433 433
549 548
440 439
653 652
593 592
400 400
583 582
555 555
429 430
335 336
793 793
520 522
640 639
432 432
446 446
480 480
574 574
594 594
603 602
545 544
503 502
616 616
407 406
367 366
502 502
444 446
502 501
465 464
307 306
722 722
473 473
496 496
522 521
548 548
470 469
512 512
237 237
467 470
465 464
567 570
574 573
482 481
386 391
637 636
527 529
492 491
547 547
624 623
565 565
500 499
504 505
592 591
467 467
388 387
585 585
535 534
422 422
474 474
336 335
499 499
575 574
634 633
552 553
532 531
372 373
450 449
517 517
607 611
366 365
527 528
704 703
490 489
534 533
540 540
601 601
340 341
454 454
482 481
544 543
712 713
506 506
608 607
588 588
553 553
592 591
459 458
470 470
653 654
519 520
641 641
557 557
685 686
414 414
455 455
626 626
603 605
477 476
522 522
361 361
543 543
366 365
526 527
353 353
509 510
480 480
470 472
433 432
504 503
494 494
381 381
500 502
359 359
535 535
622 622
504 504
535 535
524 524
562 562
575 576
638 637
413 413
358 359
445 444
556 555
541 542
447 446
541 542
555 555
581 581
480 479
634 633
622 623
381 381
429 428
729 728
650 649
447 446
618 617
535 535
610 610
621 623
476 476
567 566
697 697
547 547
565 565
483 483
512 511
474 474
573 572
685 685
592 593
411 411
479 479
481 481
553 553
533 534
423 427
335 334
448 447
414 414
387 386
398 399
479 481
675 675
515 514
543 544
512 512
391 390
351 350
347 347
517 516
556 556
441 440
398 398
527 527
691 690
579 578
566 566
522 521
368 368
569 569
570 570
258 257
403 403
361 361
656 655
542 542
506 506
482 481
755 754
665 666
394 393
461 461
342 341
695 695
644 645
469 469
564 564
380 381
599 602
435 435
507 506
534 534
549 548
588 589
380 379
496 496
480 480
265 265
527 527
569 568
498 498
442 441
289 290
437 437
469 468
463 462
376 376
465 466
375 376
488 490
506 506
441 440
460 461
459 459
368 370
281 281
378 377
497 496
413 413
659 658
395 395
654 654
451 451
438 437
432 431
441 440
381 380
547 548
455 455
420 420
385 385
398 398
633 634
450 450
318 319
510 510
473 473
546 548
545 546
518 518
605 605
670 671
302 302
375 375
675 674
574 573
481 480
508 507
679 678
611 612
373 381
542 542
562 561
564 563
575 575
605 604
378 379
439 438
313 312
472 471
632 632
277 276
610 611
551 551
461 461
516 515
320 319
504 504
632 631
587 586
571 570
569 568
555 555
475 474
446 447
660 660
456 455
429 429
796 796
458 458
486 489
471 471
426 426
444 444
518 518
567 566
524 527
527 526
500 500
524 523
590 589
607 607
580 579
233 232
635 635
324 325
518 517
574 574
350 350
541 541
482 482
408 408
576 576
576 577
519 519
468 468
476 476
662 662
400 401
570 571
562 562
536 535
522 524
407 408
375 374
600 600
442 442
527 528
442 444
438 437
218 221
333 337
378 377
548 548
609 609
567 566
509 509
556 556
380 380
383 382
546 546
539 538
363 363
474 475
430 429
464 464
566 565
401 400
663 668
581 583
285 284
550 549
467 467
574 575
620 623
554 554
431 431
604 603
642 642
497 499
413 413
569 571
494 493
470 470
308 308
376 375
631 631
553 553
624 624
442 442
330 330
593 592
446 445
436 436
600 599
291 290
499 500
428 429
412 415
432 431
558 557
417 416
578 578
580 579
666 666
580 583
234 234
291 291
547 546
756 755
241 241
450 449
503 505
678 678
459 460
418 417
464 465
579 579
608 607
566 565
442 443
572 573
624 625
510 509
380 380
520 520
391 390
518 517
561 563
442 443
358 357
495 495
397 396
435 434
622 623
513 514
500 499
356 355
569 570
464 463
488 489
552 552
624 626
324 323
629 629
412 413
684 683
493 492
459 460
644 643
459 460
595 599
382 382
523 522
475 476
630 629
593 593
588 591
459 459
528 529
590 590
267 266
658 658
460 460
569 568
481 480
717 716
617 616
521 520
466 466
514 514
322 321
484 484
515 517
499 500
484 484
495 494
554 555
602 601
394 395
404 403
530 529
380 379
564 563
530 529
413 412
557 557
468 468
625 627
541 541
536 536
575 574
472 473
501 500
591 592
336 336
552 552
537 537
323 325
613 612
563 564
455 455
260 261
508 508
558 557
518 517
560 561
603 603
504 503
628 627
654 654
363 363
405 407
439 440
423 422
417 417
456 456
225 225
604 606
488 488
418 417
510 509
624 623
438 438
531 530
545 545
404 407
562 561
572 571
439 438
509 511
503 502
452 453
503 503
528 527
566 565
643 644
602 602
310 309
464 467
510 509
443 442
313 313
573 574
563 562
330 331
368 369
502 501
596 596
354 353
566 565
475 475
304 304
453 453
653 652
786 786
618 617
521 524
468 468
449 451
253 252
516 515
572 573
552 554
455 455
652 653
447 448
583 584
606 606
597 596
498 498
393 392
505 505
626 625
571 571
519 519
576 576
568 568
548 547
453 452
565 565
416 416
403 402
534 534
665 664
538 539
562 565
350 350
554 553
597 597
690 689
333 334
521 520
303 304
532 531
410 410
643 643
566 568
525 526
534 533
501 500
439 439
797 797
660 659
538 537
422 422
460 461
338 340
575 574
422 423
369 368
470 470
558 557
636 636
386 385
559 558
668 667
468 467
500 500
704 705
415 417
572 571
562 563
683 684
531 533
605 605
632 632
392 391
660 659
467 467
521 520
575 576
431 430
404 403
656 656
336 337
469 469
592 591
565 564
610 609
590 593
622 621
272 272
667 667
632 631
513 514
467 467
433 432
374 374
362 363
571 570
558 558
491 490
463 464
707 707
445 445
533 532
185 184
447 446
451 451
478 478
378 377
456 456
468 468
485 484
223 223
422 422
522 522
532 533
499 498
585 584
472 472
567 566
383 383
501 500
558 558
629 630
483 483
518 518
565 564
650 649
323 323
582 582
508 507
663 665
429 429
433 433
292 291
689 688
376 377
367 369
471 471
493 492
416 415
443 442
414 413
645 645
376 375
566 566
485 484
322 322
392 392
608 608
468 472
624 625
703 703
348 348
679 678
478 477
435 436
476 475
538 538
493 492
411 411
419 419
618 617
776 776
423 422
493 492
601 601
623 623
507 506
322 322
590 589
448 447
651 653
433 432
648 648
411 411
497 496
559 559
371 371
625 627
352 352
468 468
653 652
576 576
582 584
513 514
425 424
490 489
459 458
473 473
430 430
460 459
723 723
548 548
508 508
326 325
674 677
598 597
515 514
658 658
459 459
440 440
688 690
338 337
489 488
339 339
378 378
306 305
504 503
416 417
600 600
335 336
357 357
392 394
524 524
476 477
462 461
521 520
616 616
714 714
463 462
495 495
434 434
500 499
636 636
681 682
503 502
342 341
763 763
566 565
661 660
555 556
216 217
689 694
524 523
507 509
529 529
631 631
498 497
570 570
512 512
535 536
635 634
450 449
515 514
612 612
475 474
483 483
451 453
421 423
438 437
414 414
714 714
529 530
374 374
489 492
543 542
600 599
422 423
496 497
568 572
442 443
634 635
407 406
233 233
443 442
399 399
431 432
405 405
389 389
630 630
657 656
522 522
628 627
407 407
473 472
478 478
422 422
638 639
512 512
356 356
556 555
482 482
416 416
573 572
468 467
528 529
417 416
583 583
593 596
489 489
542 542
345 345
318 317
516 517
589 588
602 602
510 509
496 497
532 531
498 497
462 461
450 449
466 466
408 408
703 703
197 197
554 555
468 467
592 592
584 583
424 424
479 478
375 374
297 297
496 495
201 201
455 454
536 539
333 334
597 598
513 512
745 745
603 603
498 498
462 461
287 287
482 483
537 537
536 536
593 592
664 663
346 345
587 587
449 449
574 573
659 659
488 488
449 449
586 586
433 432
516 516
281 282
539 538
431 430
616 620
276 279
478 478
471 471
553 554
506 508
498 500
741 740
544 546
579 579
553 553
530 530
562 564
471 472
510 509
536 535
402 401
626 626
489 488
454 454
640 639
439 441
515 514
522 521
530 533
572 572
513 513
470 470
465 465
478 478
482 483
643 643
319 319
705 705
478 477
431 430
672 673
490 490
554 553
514 514
529 529
476 476
445 446
720 719
522 521
535 535
342 341
494 494
337 337
578 578
371 371
613 612
491 494
699 698
508 511
467 466
572 572
577 577
466 466
580 580
374 373
524 523
430 429
679 679
384 385
582 582
584 585
447 448
447 446
483 482
453 452
535 534
483 483
661 661
510 509
421 420
553 552
498 498
391 392
411 413
346 346
676 676
502 501
271 271
573 573
496 496
552 553
484 484
608 609
588 589
663 667
563 563
320 320
490 490
598 600
536 537
603 603
490 490
352 354
739 740
493 496
427 427
490 492
405 406
585 586
608 607
565 564
647 648
287 286
399 399
345 344
711 710
681 680
577 576
538 537
480 479
489 489
503 503
572 572
338 338
460 459
549 556
615 614
489 489
459 459
545 545
569 571
281 280
526 528
561 561
432 431
561 561
579 579
429 429
386 386
588 587
524 524
470 470
470 471
486 487
512 512
801 800
606 605
392 391
485 485
653 653
413 413
541 540
510 513
564 568
365 366
628 627
321 321
387 388
396 396
342 341
482 481
545 545
351 350
640 639
543 544
515 514
392 391
299 299
566 565
441 441
469 469
350 349
615 615
574 574
505 506
427 427
579 579
643 643
639 639
595 596
387 388
510 510
463 463
619 619
511 510
543 543
292 292
715 715
558 558
503 504
500 500
377 379
574 575
693 692
464 463
399 398
487 491
444 444
470 470
619 618
598 597
572 572
561 561
519 518
504 503
313 312
383 383
430 429
653 653
547 548
457 457
531 531
516 516
488 488
597 598
557 557
382 381
549 548
394 393
478 477
407 406
707 706
414 415
557 556
587 586
509 510
465 466
527 529
486 486
584 585
507 506
598 597
579 580
334 334
493 493
553 553
544 544
415 415
561 562
404 403
574 574
584 585
471 473
435 434
540 541
490 491
361 360
640 641
662 661
574 575
344 343
573 572
370 370
515 515
531 531
419 422
506 505
619 618
297 298
528 529
560 563
562 561
560 560
368 368
539 539
377 378
672 671
487 486
600 599
535 535
358 359
457 457
573 572
283 283
625 624
455 455
328 327
598 597
591 590
420 420
550 549
469 468
345 344
546 545
329 329
597 600
561 560
334 333
470 471
405 404
436 436
462 464
764 764
612 614
600 600
473 473
494 497
708 708
504 503
634 636
250 250
550 549
480 480
385 385
461 461
341 341
558 557
534 536
491 491
618 617
547 548
524 525
472 471
417 417
404 405
498 497
348 347
547 547
477 476
522 522
509 510
550 551
399 402
380 379
451 452
487 487
548 548
595 596
495 495
532 531
511 512
555 554
396 396
664 664
649 648
475 474
481 480
435 435
507 508
410 412
649 648
337 337
396 395
457 456
709 710
471 470
549 548
364 366
287 287
569 569
499 499
503 503
592 591
435 435
450 450
364 364
531 532
362 362
639 638
494 493
659 659
516 517
436 435
412 411
498 499
563 563
387 388
593 594
515 515
342 343
676 675
556 557
426 426
637 637
605 605
643 642
351 351
480 483
451 451
479 481
307 308
491 491
507 507
404 405
549 548
386 386
560 560
409 410
596 595
545 546
479 480
597 596
494 493
548 547
559 558
375 375
418 418
391 391
511 513
592 591
405 404
462 464
474 473
540 540
627 627
605 605
378 377
419 418
378 378
547 546
508 508
386 386
365 367
628 628
374 373
575 574
327 329
474 473
531 530
486 487
641 640
458 458
491 491
613 613
500 500
573 572
636 636
457 456
507 506
677 676
478 479
528 527
403 403
400 399
540 540
361 361
436 438
660 659
517 518
366 365
576 577
435 434
426 426
427 427
569 570
437 436
398 398
376 375
454 454
409 409
375 377
468 468
580 580
533 532
521 520
486 486
388 388
373 375
486 488
660 660
606 607
579 578
548 547
542 542
636 637
400 399
676 676
679 678
311 310
305 304
472 471
490 489
460 461
524 523
664 666
517 516
478 479
689 689
451 450
500 499
702 702
354 353
513 515
602 601
499 498
159 158
539 538
488 488
432 431
478 479
641 640
460 461
322 321
571 571
390 392
608 607
380 380
440 439
531 531
340 340
369 369
347 346
522 523
560 560
586 586
486 486
450 450
338 338
404 404
619 619
455 455
422 422
658 657
528 527
621 621
502 502
664 665
522 521
427 428
569 568
419 419
456 455
453 453
463 464
505 507
510 510
565 564
395 395
584 585
389 389
450 450
541 540
460 459
494 494
520 523
354 355
319 318
369 369
564 564
466 466
428 428
462 462
561 561
507 507
392 393
538 537
470 470
367 368
620 619
674 674
383 384
430 430
350 353
509 512
344 344
428 427
520 521
552 552
452 452
557 556
496 497
584 583
343 342
509 509
713 712
417 420
552 551
526 525
462 464
462 463
567 568
665 664
443 443
442 442
488 489
448 447
527 527
426 425
438 437
425 424
445 447
551 553
440 440
412 412
489 489
362 363
485 485
388 387
598 598
493 493
481 482
336 336
314 314
608 607
550 550
505 505
343 343
471 471
588 588
564 563
311 310
483 483
600 602
501 502
377 379
480 480
463 462
542 545
367 367
540 539
499 498
461 461
299 299
405 407
504 505
438 439
433 432
493 493
686 686
484 484
561 561
424 426
541 541
489 492
474 474
660 660
330 329
485 484
587 587
559 559
635 635
492 493
355 354
463 462
508 507
412 412
511 510
579 580
482 482
562 562
488 489
549 549
526 527
533 532
488 487
350 352
383 383
619 619
556 556
445 444
502 502
705 705
497 497
617 616
448 447
469 470
487 487
572 571
453 452
549 549
634 635
442 442
542 542
508 507
384 383
372 371
639 638
602 601
433 432
571 571
537 536
180 180
454 454
573 572
516 515
551 551
650 650
429 428
445 444
417 417
556 557
374 374
507 509
571 571
474 473
428 427
415 414
252 251
309 308
545 545
429 428
453 452
637 638
666 665
545 546
639 638
578 578
583 583
298 299
551 552
480 479
590 591
391 392
585 584
476 476
465 464
525 525
638 638
552 553
670 672
389 389
714 713
611 612
453 454
548 547
537 536
381 380
701 702
505 504
440 439
458 457
477 477
674 674
508 509
430 429
459 459
544 545
450 450
515 516
598 597
547 547
585 585
520 519
429 430
464 466
376 376
546 547
436 436
446 448
261 262
607 607
575 574
586 588
393 394
513 514
474 474
525 529
603 602
199 200
445 446
450 450
383 382
629 629
618 618
382 381
709 711
544 544
504 504
424 423
447 446
532 532
625 624
408 408
695 694
447 446
377 378
514 516
718 719
404 403
568 568
183 183
514 515
397 396
495 494
416 416
643 643
428 427
367 366
470 470
668 667
406 408
503 505
614 615
558 561
621 620
586 587
401 400
561 562
435 436
466 465
440 439
511 510
646 646
438 437
643 642
415 415
613 616
474 474
382 383
538 539
715 715
373 373
319 319
667 666
605 604
300 299
575 574
626 625
359 358
383 383
501 501
436 435
480 482
330 330
488 488
500 500
500 501
557 556
601 600
765 764
719 719
562 561
358 358
457 456
565 565
558 557
454 454
543 544
416 417
453 453
592 591
409 410
591 592
433 434
467 468
575 577
624 623
307 307
658 659
410 410
522 523
487 487
517 518
362 361
590 589
450 452
452 452
507 508
434 434
406 406
499 501
516 517
510 510
491 490
485 486
372 372
537 536
515 515
645 644
600 600
503 506
456 456
481 480
423 423
421 421
485 484
447 448
491 491
542 541
610 610
549 548
355 354
496 496
546 546
505 505
351 354
393 393
421 420
518 518
139 138
451 450
669 671
492 491
656 656
556 555
518 517
386 386
468 468
437 436
599 599
315 314
500 500
432 432
538 538
381 380
532 532
415 416
325 324
619 619
498 499
395 394
450 449
523 523
677 677
561 561
675 675
563 562
620 620
609 608
428 428
524 523
528 527
605 604
681 681
479 478
543 543
387 387
573 572
510 509
318 318
335 334
505 504
628 627
497 497
522 521
426 425
386 385
433 434
526 525
713 712
522 521
480 479
623 624
668 668
629 630
508 507
570 569
452 452
395 397
596 595
578 584
495 494
485 488
461 461
606 605
626 626
469 468
460 461
408 408
379 379
441 440
357 357
481 480
503 502
528 528
636 637
626 627
507 507
730 731
388 387
575 575
617 617
701 700
461 461
668 667
662 661
599 599
462 466
523 524
518 518
414 415
412 412
555 554
504 503
612 615
565 564
592 595
514 513
402 403
631 631
544 544
481 480
326 327
602 604
468 467
546 546
426 426
540 539
527 528
397 396
511 512
578 578
393 395
535 535
517 517
460 459
624 627
583 584
413 413
438 437
424 424
280 279
478 477
488 487
456 455
548 548
505 505
432 435
503 502
541 540
557 556
494 494
542 541
337 337
603 602
576 576
559 558
310 311
423 423
545 545
331 331
628 629
516 518
522 522
443 443
413 412
484 483
609 609
518 518
475 476
445 446
534 534
431 431
317 317
471 471
453 452
442 441
589 589
491 491
476 476
469 468
439 438
469 469
450 450
443 443
430 430
605 606
574 576
490 489
597 597
443 442
529 529
620 620
453 453
399 399
517 516
610 609
362 364
442 442
422 421
585 586
469 468
556 560
522 522
620 621
532 531
441 440
412 415
525 524
430 429
340 340
456 455
479 479
458 457
464 465
542 541
546 545
503 503
455 455
527 526
527 526
654 654
330 332
539 539
420 420
460 460
394 394
374 376
710 710
532 533
609 608
650 649
365 365
421 420
551 551
521 520
595 595
544 543
389 390
600 599
483 485
395 395
491 493
513 514
602 601
532 532
641 641
424 423
388 389
642 642
470 470
475 477
565 565
562 563
612 612
637 640
452 453
387 387
297 297
520 520
499 498
262 262
528 528
412 411
452 452
472 473
415 415
510 512
489 488
639 639
471 470
445 445
665 665
484 484
570 570
312 312
610 611
536 536
527 526
580 581
338 338
562 561
556 555
430 429
567 566
597 599
337 340
507 509
405 407
439 438
480 480
677 678
338 338
559 560
515 514
471 470
372 371
542 542
588 588
475 474
548 548
538 538
632 631
423 422
423 425
378 379
513 513
508 507
659 659
466 467
441 443
372 372
623 622
576 576
460 459
532 531
602 603
682 681
367 366
608 607
481 481
454 455
435 436
635 634
628 627
408 409
521 520
551 553
421 421
405 405
535 536
524 524
464 463
575 574
596 595
447 447
497 496
551 553
623 625
649 651
480 482
430 430
385 385
577 577
443 444
542 542
460 461
577 576
469 469
497 496
541 541
534 533
559 559
381 380
350 350
561 562
500 500
438 439
541 541
641 643
516 515
288 288
630 629
445 445
384 384
448 450
538 538
450 450
460 461
547 546
669 668
546 547
559 558
266 265
435 435
520 520
520 520
544 544
591 591
708 708
633 634
471 471
428 427
536 535
766 765
506 505
270 269
603 602
480 479
468 467
610 609
604 604
367 368
472 471
438 437
597 598
287 289
667 668
283 283
572 571
543 544
470 469
440 440
448 448
346 346
569 568
432 432
385 385
582 581
548 549
447 447
452 452
394 393
379 379
583 583
402 401
505 504
655 655
370 369
500 502
246 246
419 420
594 593
301 300
489 489
382 382
511 511
535 534
498 498
426 425
620 621
519 518
476 476
583 582
372 371
509 510
477 476
443 443
492 491
490 490
309 309
522 521
545 546
357 358
478 477
498 497
729 730
626 626
374 374
494 494
380 380
646 646
566 566
606 605
624 624
491 490
739 739
436 438
577 576
259 262
561 560
280 280
422 422
437 436
498 498
658 657
441 441
361 361
488 487
577 576
624 624
491 491
545 544
560 559
452 451
534 534
538 537
679 678
613 614
308 309
600 599
722 721
642 641
451 453
378 378
334 336
490 489
366 366
462 461
610 609
494 493
391 391
455 455
431 432
480 479
569 569
525 524
502 501
488 487
565 566
552 551
522 523
659 659
518 517
586 586
456 455
362 362
669 668
546 545
600 599
516 516
470 470
378 377
362 362
671 670
528 529
445 444
653 653
490 489
221 221
510 510
553 552
374 374
415 415
398 397
482 482
526 526
498 497
315 314
561 561
580 579
453 453
478 480
574 573
515 514
475 476
408 408
502 501
662 661
387 387
384 385
443 445
651 652
336 338
363 362
487 486
392 391
522 524
394 395
370 369
522 527
495 494
453 453
536 537
571 570
477 476
502 501
384 388
539 538
460 459
519 518
619 619
454 454
389 390
448 447
589 588
575 574
460 461
427 427
489 489
596 596
620 622
453 453
308 308
406 407
437 437
576 576
299 299
636 636
443 443
570 569
457 458
473 472
606 606
381 381
596 595
458 459
381 380
665 666
499 501
617 618
514 514
508 507
435 434
686 686
485 486
509 509
588 588
347 347
645 644
743 744
587 587
559 560
656 656
519 518
535 534
515 514
514 513
532 532
517 516
640 639
558 559
580 581
363 365
439 438
433 433
553 552
605 606
494 496
362 361
413 412
563 563
473 473
627 631
640 639
266 269
675 676
470 470
506 505
484 484
376 375
454 453
450 451
544 546
653 653
659 659
595 595
453 453
469 469
451 451
503 506
679 679
429 428
473 473
463 462
405 405
441 442
531 531
511 513
526 525
500 503
682 681
549 549
543 543
340 342
442 441
466 468
705 704
584 585
492 491
473 472
466 467
487 486
504 504
525 527
572 574
495 494
358 358
499 499
599 598
496 495
481 481
456 455
251 250
544 543
510 510
452 452
284 284
596 599
646 652
470 470
541 542
517 521
375 375
396 395
480 483
462 463
331 331
484 485
581 580
514 516
455 456
442 442
518 517
479 479
723 723
615 615
485 485
600 600
485 486
562 562
628 628
670 671
510 513
382 381
567 570
510 509
454 454
399 399
537 536
496 497
425 424
345 344
523 524
518 517
582 584
470 470
498 498
516 516
454 456
555 556
516 517
392 391
420 420
447 446
493 492
386 387
401 400
458 457
466 466
506 505
553 553
480 482
484 484
535 535
537 536
470 471
558 557
416 416
441 442
542 542
355 356
505 504
521 520
462 462
549 550
632 634
499 498
575 575
711 710
510 510
399 399
539 538
400 400
451 450
342 341
465 465
448 447
392 392
327 331
477 478
718 719
540 541
535 534
407 409
540 539
484 483
562 562
372 372
528 528
485 485
429 429
457 456
508 507
519 520
245 244
356 356
462 461
533 534
518 518
449 448
480 479
401 400
585 587
497 497
593 594
496 495
522 523
584 584
354 354
577 577
271 272
539 539
436 440
418 418
509 509
598 599
572 573
630 630
590 589
615 615
457 457
554 554
358 357
359 358
763 762
447 446
533 533
587 588
486 486
556 556
401 400
597 598
466 465
318 318
536 536
501 501
506 505
379 378
672 671
401 401
586 585
518 524
566 566
536 536
401 400
413 413
601 600
544 543
598 598
487 486
556 555
453 452
524 523
350 351
476 476
505 505
450 449
430 430
663 662
491 490
370 370
586 587
373 375
673 672
624 623
480 479
412 414
508 507
504 504
428 428
561 560
497 497
566 566
507 507
563 563
542 542
534 534
511 511
515 514
556 555
551 552
506 506
527 526
420 421
463 463
441 441
603 602
652 651
682 682
486 487
474 473
570 569
456 455
464 464
472 473
520 520
415 414
342 342
465 464
607 607
476 475
573 574
440 440
515 516
483 482
567 567
296 296
515 515
513 514
583 582
479 478
470 469
426 426
368 367
588 587
481 481
233 233
463 462
504 503
598 600
536 537
481 480
544 544
427 427
468 468
422 422
653 653
361 361
325 324
416 416
680 680
294 293
387 387
444 443
460 460
607 606
639 638
486 485
401 401
592 591
586 586
359 359
506 507
424 425
527 527
438 439
679 679
603 602
591 591
331 330
462 461
609 608
611 610
472 473
608 607
450 450
581 581
369 368
288 288
455 455
517 517
379 382
535 534
577 578
535 535
271 270
661 663
396 399
537 537
458 459
582 583
488 487
667 666
311 310
514 513
580 579
569 568
403 403
431 430
548 548
418 418
401 402
445 446
415 414
568 569
403 402
415 414
370 369
591 590
443 442
541 542
562 562
500 499
344 343
492 495
774 773
495 495
570 569
473 473
183 183
446 445
498 498
363 364
428 431
282 281
496 495
379 379
603 602
327 326
506 505
493 493
623 623
579 578
481 481
354 355
540 539
248 247
494 496
677 677
481 481
766 765
601 601
480 481
460 460
610 610
471 471
547 546
481 482
542 542
444 443
579 578
523 524
387 386
469 468
464 463
531 531
695 695
537 537
494 494
445 445
452 451
663 665
547 547
601 601
312 313
474 473
416 416
444 445
618 617
516 516
407 407
459 460
410 409
461 461
562 561
558 558
475 475
467 467
614 613
630 629
578 580
525 526
590 589
350 351
451 451
579 579
332 332
383 382
472 472
459 459
535 537
550 551
576 575
524 523
458 458
680 679
483 486
437 437
526 526
434 433
479 479
682 681
455 454
544 543
470 470
353 355
702 702
649 648
465 466
585 585
538 539
549 550
525 525
479 479
471 471
685 686
697 697
503 502
541 541
445 445
630 630
505 504
629 631
539 539
587 587
332 331
596 595
756 755
599 598
653 653
674 673
438 438
468 468
346 345
503 502
552 552
647 647
495 495
492 493
354 354
588 589
469 468
497 497
579 578
477 479
464 463
566 568
340 339
408 411
571 571
546 545
484 483
394 395
528 527
399 398
414 414
469 469
609 611
559 559
587 586
374 374
556 556
576 577
516 518
617 619
556 556
357 358
522 525
525 524
568 567
569 569
467 469
446 445
704 704
662 662
609 610
576 576
588 588
655 656
504 505
457 457
677 676
416 418
440 439
417 417
360 360
577 576
481 483
546 549
542 542
501 503
536 536
451 450
569 569
581 580
440 439
587 586
691 691
505 505
496 495
499 498
438 438
357 357
306 305
519 520
529 530
464 465
285 284
573 572
729 728
704 704
408 407
565 564
435 435
574 573
507 511
559 558
755 761
516 516
337 337
407 407
512 511
526 526
655 654
232 234
624 623
651 652
281 282
501 500
276 276
552 551
610 610
384 384
498 498
681 684
408 407
435 434
548 547
458 458
354 353
396 397
250 249
531 532
443 442
548 547
434 434
586 587
666 666
347 347
550 551
428 427
393 392
513 518
545 544
617 616
552 551
583 583
506 506
556 555
376 375
676 675
473 475
472 474
487 487
496 495
523 524
680 680
594 598
640 640
450 450
223 224
521 521
540 540
431 431
410 409
510 509
570 569
248 247
379 378
669 668
520 519
423 422
586 585
551 554
539 539
370 370
457 456
576 576
389 390
446 445
532 532
476 476
452 451
571 571
689 688
540 541
538 538
442 443
525 525
399 399
551 551
500 502
445 444
462 461
695 695
531 531
624 624
459 459
399 401
453 453
434 433
415 415
577 576
415 415
462 462
574 574
490 490
472 471
481 480
710 715
457 458
486 488
440 441
378 378
541 541
481 481
540 540
481 481
606 606
513 514
375 374
461 461
625 625
539 538
645 647
433 434
563 563
525 525
353 352
490 490
417 417
398 397
492 491
475 475
530 529
688 687
472 471
500 501
413 412
441 441
377 379
448 448
471 471
519 520
654 658
233 233
535 534
315 314
545 544
538 538
664 664
281 281
396 397
512 511
403 404
544 544
499 499
535 534
486 485
476 476
428 430
514 513
498 497
504 503
445 445
259 259
489 488
441 440
345 345
597 596
293 292
306 305
692 692
511 511
521 520
629 628
430 431
342 344
373 375
531 530
642 641
422 424
459 458
496 496
550 549
601 600
342 343
680 680
568 567
603 604
511 510
541 541
431 430
497 496
565 565
389 389
496 496
486 487
487 487
293 293
451 452
504 503
368 368
579 579
505 505
493 493
482 482
613 613
560 562
675 675
471 473
530 530
517 516
539 539
456 456
367 367
572 572
508 507
438 437
439 439
455 454
508 508
398 398
595 594
403 403
424 424
586 587
507 507
525 525
427 426
538 540
537 537
503 503
598 598
634 635
255 254
564 563
416 416
514 513
590 590
476 475
460 461
307 306
332 331
511 510
491 492
553 552
519 518
484 484
617 616
374 374
610 610
616 617
567 568
638 638
646 645
353 353
351 352
489 489
613 614
561 561
755 754
699 699
377 376
599 599
773 774
606 605
666 668
464 463
468 467
498 497
459 459
509 508
478 481
309 309
484 483
635 636
461 461
598 597
392 392
546 545
504 503
373 372
628 629
563 563
621 621
548 548
649 649
508 507
574 575
349 348
503 505
475 474
602 602
553 553
721 721
509 513
402 401
572 572
394 394
476 475
738 741
473 473
586 586
355 354
579 579
552 551
537 538
504 504
549 549
496 495
494 494
295 295
403 403
497 497
482 483
723 722
620 619
446 447
633 633
476 475
652 652
761 761
640 639
609 609
598 597
372 371
687 686
522 521
529 530
483 485
597 596
366 367
441 442
477 481
270 270
473 474
433 434
455 455
767 767
531 531
426 426
498 497
440 440
283 283
465 465
449 449
424 425
575 575
456 456
602 602
607 606
594 593
396 397
552 554
490 489
617 617
560 559
497 496
550 550
609 608
543 542
426 426
503 503
386 386
533 533
532 532
660 660
424 424
631 630
453 453
382 382
546 548
508 509
385 385
625 624
376 377
543 543
336 336
562 561
446 446
394 395
582 582
735 735
363 363
563 562
368 369
393 394
417 422
365 365
393 392
612 612
484 483
568 571
420 420
579 578
446 448
486 486
588 587
324 325
523 523
578 578
553 553
442 442
459 459
283 283
463 463
608 607
544 543
417 416
538 538
545 545
466 465
715 714
481 480
357 357
595 595
422 422
524 524
418 420
430 431
603 603
554 554
712 711
559 558
532 531
475 475
382 381
440 439
278 279
592 592
479 478
533 533
529 529
546 546
476 477
504 504
536 537
582 582
407 409
585 586
312 312
615 615
642 644
477 478
634 634
622 621
561 560
236 235
496 496
516 515
577 576
510 510
609 609
549 549
407 410
532 534
635 635
420 419
400 400
583 583
312 311
620 619
582 582
662 662
354 357
385 384
528 528
395 394
480 479
475 475
537 537
490 490
505 504
492 491
210 209
425 424
500 499
701 700
619 618
396 395
525 527
369 368
624 626
561 560
377 377
395 395
399 399
527 527
647 647
579 579
397 396
473 472
532 532
670 671
560 559
645 645
730 729
343 342
656 656
568 567
565 565
585 584
313 313
553 552
614 615
316 315
418 417
401 401
361 361
433 432
506 505
440 440
363 364
414 415
503 504
553 558
445 446
562 562
401 400
412 414
654 654
471 471
589 589
410 409
551 551
458 460
430 430
480 480
704 707
620 623
676 677
406 407
622 622
587 589
484 484
329 330
559 560
503 502
493 494
372 371
576 577
595 595
452 451
455 455
593 593
437 437
459 458
482 481
544 545
429 428
402 401
391 390
274 274
652 653
629 629
524 524
427 426
550 550
369 371
538 539
294 296
550 551
529 529
565 565
532 531
589 591
527 526
545 544
485 485
584 583
327 326
477 477
540 540
364 364
509 509
311 311
538 537
588 587
584 583
656 655
591 591
622 623
483 484
560 559
414 413
569 569
561 560
429 429
553 553
487 486
628 627
471 471
542 541
546 546
504 503
431 431
409 408
478 477
444 443
430 434
304 305
629 628
531 533
532 533
596 595
479 478
687 687
403 406
590 589
296 295
485 485
458 457
655 654
485 485
441 440
692 691
500 499
653 653
545 544
507 508
552 555
607 606
443 442
532 533
516 517
605 608
488 488
538 538
373 373
565 564
361 361
559 559
574 574
574 575
495 496
460 460
580 580
501 500
319 323
450 450
469 469
339 340
390 390
513 513
512 511
602 602
467 467
411 410
447 446
454 453
511 510
584 584
474 476
573 573
525 524
468 469
501 501
618 617
525 525
593 594
499 499
425 424
592 591
562 563
540 540
451 451
402 403
292 294
442 443
584 585
472 475
468 467
421 421
548 547
420 420
532 532
374 374
543 544
453 452
464 465
424 424
499 498
418 418
585 585
398 397
481 480
391 390
542 542
565 566
617 618
311 311
641 642
470 471
543 542
526 525
465 464
468 467
520 520
516 515
426 425
542 542
528 528
510 511
622 625
618 618
390 389
560 560
487 487
466 465
550 551
569 568
529 531
488 488
568 569
271 274
429 431
477 477
342 341
608 609
440 441
493 493
524 524
423 422
623 623
410 412
400 399
552 551
385 384
343 343
505 505
279 279
487 487
544 544
496 496
227 226
645 645
554 554
471 473
513 516
466 466
821 820
497 499
511 512
461 461
629 629
510 509
675 675
574 573
602 601
676 676
347 347
456 457
589 590
529 529
491 491
368 369
311 310
406 405
551 553
461 461
512 512
601 607
384 385
283 283
501 501
472 471
533 533
361 363
384 384
478 478
629 629
450 451
420 419
394 394
488 489
584 584
494 494
566 566
332 332
538 537
464 463
496 495
488 487
575 575
309 308
557 558
301 301
547 547
336 336
453 452
591 590
409 413
467 468
498 501
501 500
530 529
515 514
485 486
609 609
415 415
649 648
547 547
492 492
578 578
496 499
432 432
572 572
538 537
483 483
492 491
466 465
516 517
433 432
505 504
523 525
395 395
536 536
452 452
542 541
516 515
399 399
612 612
586 585
408 408
582 585
444 444
440 439
615 614
545 544
355 355
554 554
487 487
574 574
441 442
349 349
457 457
408 407
476 477
529 528
613 612
402 401
439 439
526 525
572 571
507 506
478 478
596 597
555 556
551 550
474 473
403 402
399 399
555 556
435 434
645 645
471 470
343 343
526 527
571 572
539 539
294 294
604 608
616 618
375 374
580 581
523 522
604 604
296 297
695 694
430 431
453 452
577 578
479 479
511 511
605 605
540 542
614 613
324 326
498 498
577 580
453 455
396 401
511 510
566 565
436 436
449 448
337 342
628 630
507 507
641 643
365 364
524 524
504 507
650 653
504 503
541 541
561 561
694 693
514 515
464 463
553 553
433 434
523 523
467 466
410 409
505 505
499 499
432 431
597 597
443 442
649 648
401 401
534 534
549 548
540 542
708 707
554 555
440 440
363 363
400 399
466 466
405 404
604 603
569 568
372 371
557 557
547 550
436 435
526 526
530 530
554 554
467 467
599 599
708 708
452 454
614 613
561 561
538 538
569 568
398 398
624 626
372 371
678 679
527 527
443 442
407 407
341 341
638 637
537 536
625 625
518 518
566 567
813 813
675 677
384 384
195 195
436 437
496 496
424 423
592 592
574 576
650 649
514 514
441 446
520 519
502 503
626 626
372 374
546 547
529 529
395 395
487 486
564 563
576 576
656 655
448 448
558 557
444 445
408 408
489 489
414 415
432 434
341 341
599 598
523 523
558 558
479 480
465 465
342 342
595 594
565 564
690 689
500 499
397 397
452 452
501 500
422 422
543 542
330 329
506 505
289 289
487 486
438 438
387 387
488 487
456 456
622 621
310 309
559 559
569 568
524 524
592 593
490 489
657 658
490 493
420 419
584 584
451 450
596 596
787 791
568 568
489 489
539 539
629 630
679 678
444 444
677 677
538 538
394 394
333 333
461 461
596 595
508 511
429 429
521 522
525 524
482 481
491 491
569 570
550 549
569 568
329 328
465 464
406 406
508 507
522 522
359 358
416 416
416 415
564 564
474 473
614 615
406 406
442 442
489 489
393 393
583 583
350 349
380 380
532 532
562 561
279 278
579 578
479 479
614 615
602 602
543 543
505 507
483 482
705 705
424 423
482 481
605 605
511 511
527 527
615 615
618 618
454 453
553 552
443 442
532 532
459 459
520 520
511 510
608 608
506 507
531 530
536 536
349 349
499 500
495 494
407 407
779 779
415 415
574 573
624 623
697 696
540 541
537 537
645 645
428 428
475 474
294 294
482 484
439 438
302 302
682 683
454 456
405 405
534 534
416 415
580 579
443 444
518 517
444 444
550 549
635 636
421 420
643 642
588 590
378 378
407 406
526 526
426 426
482 482
623 624
483 482
478 478
506 505
569 568
521 521
350 351
338 338
521 521
537 537
570 570
465 465
599 598
366 368
487 487
577 576
481 480
510 509
461 460
505 504
458 457
510 511
580 579
710 710
459 462
455 455
448 448
579 578
312 312
318 323
359 358
483 484
551 550
489 488
404 404
574 574
559 562
587 588
444 443
474 474
475 476
451 450
528 528
389 389
580 581
297 297
390 390
646 647
516 516
358 358
588 589
576 577
347 347
517 518
502 503
419 419
431 432
592 592
516 515
592 591
401 400
615 616
668 667
538 539
440 439
621 621
593 592
694 695
464 464
668 668
558 558
630 631
574 573
698 697
554 554
520 519
591 592
564 564
409 409
518 517
343 345
596 598
307 306
577 577
372 373
546 546
484 484
518 520
462 464
584 584
571 571
483 484
560 562
649 649
438 439
594 594
581 580
707 706
461 461
519 518
547 546
429 429
379 379
418 417
510 512
525 526
420 420
530 530
567 567
517 518
343 345
602 602
331 330
319 319
717 716
643 643
458 459
459 458
361 360
290 291
549 549
531 531
638 640
561 561
586 586
542 542
527 526
544 544
557 556
699 698
492 491
518 518
628 627
510 510
406 405
490 489
611 611
672 671
356 358
398 397
520 521
528 528
358 358
515 515
491 491
531 531
438 438
701 701
416 417
771 772
437 436
493 493
619 620
668 668
406 405
577 577
525 524
571 570
637 637
489 488
495 494
530 530
336 338
367 366
424 424
345 344
409 409
439 440
447 448
442 441
357 356
532 531
397 397
448 447
532 539
446 445
532 532
601 600
548 549
548 550
394 393
452 452
672 672
364 364
433 432
552 551
415 415
540 539
512 511
664 663
562 563
571 572
715 715
601 602
282 284
746 745
421 423
493 493
440 439
728 728
567 566
428 428
444 443
485 485
367 367
452 452
484 483
352 352
610 609
471 471
404 404
590 590
581 580
443 442
355 355
583 582
590 590
682 684
563 562
273 275
395 397
373 374
497 498
385 384
608 607
423 423
528 532
580 579
609 609
523 524
356 356
398 399
570 572
598 597
454 453
620 620
552 552
318 318
349 350
432 432
509 511
435 434
528 528
593 594
558 558
556 556
514 514
497 497
385 384
372 371
633 633
689 688
457 456
403 404
658 657
536 536
454 454
431 435
532 531
462 461
455 454
537 537
485 485
483 483
510 510
537 537
599 599
424 424
510 510
606 608
442 441
402 401
444 443
534 535
488 488
406 405
624 623
692 692
655 655
368 369
561 563
657 656
547 547
421 421
620 620
546 545
573 572
556 559
657 658
575 576
409 409
397 396
484 484
401 403
624 624
676 675
567 567
678 679
597 596
649 649
605 604
558 558
483 483
589 588
424 423
472 471
503 503
418 418
273 273
697 696
586 587
437 439
664 666
368 368
450 450
498 497
529 529
350 349
565 565
394 393
392 391
752 751
580 580
282 282
527 527
377 377
477 476
513 514
526 527
438 438
415 415
610 611
588 587
488 487
484 484
405 406
638 638
355 354
467 466
446 445
596 597
596 595
373 372
342 341
477 476
369 371
717 717
615 614
466 467
668 667
591 590
495 495
599 599
428 427
523 523
567 566
526 525
351 350
431 432
350 351
401 400
501 500
529 531
514 513
520 520
472 471
527 530
584 584
558 558
583 583
396 397
308 308
627 627
354 353
232 231
448 447
570 570
392 392
564 564
458 457
559 560
450 450
470 470
430 430
512 511
411 412
617 616
519 525
554 553
349 349
468 468
468 467
514 515
603 602
421 421
378 378
414 413
448 450
503 503
594 595
562 561
480 479
613 612
394 395
413 413
606 605
431 430
519 520
658 658
488 488
561 561
267 267
599 600
370 373
482 483
350 349
440 441
679 680
416 417
567 567
474 474
428 429
587 586
456 455
232 231
447 449
489 488
394 395
513 514
484 489
355 354
557 557
340 341
447 446
610 611
653 652
498 499
573 573
541 541
570 572
397 397
571 571
527 527
448 448
623 622
535 536
509 509
545 544
408 407
583 583
503 502
553 552
528 527
565 566
554 555
456 457
463 463
478 479
604 603
647 646
351 350
499 501
385 389
565 566
482 482
617 616
507 506
706 705
556 555
308 308
435 434
563 564
415 414
568 568
541 540
592 594
435 436
615 615
499 499
555 555
555 554
503 502
701 703
761 763
340 340
432 432
562 562
453 453
546 546
349 351
581 581
166 168
294 293
463 465
302 301
665 665
435 435
515 514
495 495
726 726
534 534
434 436
394 394
621 621
504 504
661 663
588 589
432 435
584 585
360 360
658 657
450 449
610 612
435 434
586 586
354 356
634 634
588 587
494 494
572 572
378 378
550 552
542 543
486 485
600 600
286 288
645 645
480 481
570 570
501 500
589 589
388 387
577 576
568 567
621 620
451 451
496 496
235 236
651 650
384 386
557 557
641 641
443 444
553 554
346 346
658 659
401 402
369 372
496 497
581 583
620 621
340 341
573 573
522 522
557 558
519 518
325 325
488 488
472 471
530 529
415 418
472 471
362 362
383 383
546 547
494 493
500 500
572 573
545 544
495 495
479 478
481 482
551 550
492 493
388 389
546 546
472 473
557 558
473 475
474 474
418 418
447 447
543 543
560 559
560 561
630 630
671 672
461 460
465 465
579 579
471 472
388 387
476 478
641 642
552 551
297 297
417 416
447 446
340 339
426 427
618 619
369 369
396 399
454 454
474 474
437 437
620 621
598 597
635 634
454 453
520 521
583 583
438 438
660 659
594 595
478 478
601 601
376 375
573 572
492 492
406 406
343 342
663 663
540 539
412 411
655 655
571 570
428 429
554 554
599 599
505 505
530 530
433 433
567 568
600 600
621 621
386 386
514 514
453 452
474 473
630 631
461 460
508 510
480 479
443 444
279 279
638 639
501 500
487 487
344 346
700 699
555 554
549 549
501 502
513 513
475 474
337 338
448 448
479 478
484 484
500 500
666 667
531 531
563 562
326 326
424 423
516 515
447 447
541 543
703 702
501 500
470 469
468 469
552 552
497 498
457 459
671 671
528 528
490 490
447 447
518 517
419 419
494 494
554 554
428 427
742 741
429 428
501 500
560 559
572 571
632 633
332 331
515 515
477 477
421 422
527 528
521 520
518 519
740 739
661 661
549 548
505 505
476 475
488 488
461 462
487 492
635 634
503 502
423 427
413 413
591 592
639 638
533 534
478 477
542 542
550 551
489 489
413 413
598 598
466 466
452 452
388 388
656 655
515 514
367 366
482 483
522 522
357 357
539 540
447 448
379 379
424 424
496 495
427 427
632 631
424 424
553 553
395 395
449 449
596 595
619 618
438 437
369 369
325 325
648 651
529 529
466 465
655 654
379 378
418 417
346 346
594 594
460 460
389 391
511 512
494 493
666 667
395 395
391 391
790 790
420 421
548 549
597 601
594 595
445 445
324 324
497 498
401 400
385 385
432 431
290 290
437 436
440 443
506 507
509 509
589 588
423 422
291 291
532 532
424 425
397 398
600 601
580 580
495 496
352 351
435 435
623 622
507 508
476 475
499 498
535 534
534 536
414 413
710 710
518 518
552 551
527 526
362 363
316 315
494 494
302 301
354 354
411 410
578 578
280 279
465 465
417 416
506 506
522 521
518 518
547 546
650 649
352 352
436 436
495 494
438 437
485 486
421 421
461 461
555 555
570 569
413 415
453 453
430 429
468 468
490 490
371 370
486 485
557 558
498 497
514 513
562 561
394 393
636 635
442 443
564 565
462 464
427 427
334 333
404 403
553 552
636 635
374 373
358 358
383 382
593 594
637 638
462 461
527 526
536 535
500 502
497 497
463 462
526 525
534 535
370 370
529 529
576 575
570 569
371 373
693 693
421 422
564 564
438 438
571 570
441 440
295 294
529 528
391 390
456 456
447 447
735 735
568 567
596 596
345 344
513 512
639 639
503 503
623 623
619 619
536 536
585 585
419 419
444 443
586 585
441 440
478 477
517 520
500 502
517 516
533 533
714 714
595 595
472 471
464 464
746 746
478 478
459 460
468 469
452 451
331 331
448 448
604 603
624 624
706 705
434 433
537 538
649 649
604 603
363 363
397 396
719 718
382 384
310 309
497 497
481 480
680 679
618 618
652 652
522 521
582 581
537 537
526 525
490 491
576 577
443 444
567 566
565 565
676 677
414 413
547 550
454 456
471 470
608 608
600 599
635 634
664 664
498 498
629 630
464 465
353 354
546 546
528 529
562 563
554 554
430 430
443 444
386 386
508 507
568 568
528 528
492 493
269 269
536 535
605 605
507 506
485 485
571 571
503 503
296 296
621 620
697 696
518 520
528 527
371 370
418 417
442 441
638 639
569 570
571 571
299 300
419 421
769 771
500 502
473 473
317 316
468 468
351 350
336 335
612 612
450 450
683 682
518 518
662 661
683 684
719 720
417 417
654 654
404 404
458 458
518 517
587 587
730 732
599 598
600 599
431 431
388 387
587 588
566 566
408 407
420 419
758 758
504 504
338 337
465 465
417 417
441 442
480 480
433 433
610 609
421 420
441 442
566 566
656 655
565 566
445 447
459 459
547 546
401 400
501 502
359 360
332 334
322 322
501 501
634 634
483 484
429 428
616 615
593 592
745 745
384 384
310 309
588 590
427 427
453 452
472 472
414 417
553 553
480 479
456 456
574 574
528 528
486 487
648 648
430 433
450 449
649 649
535 534
651 651
520 519
318 319
552 553
508 508
495 495
619 619
428 429
470 469
379 381
463 465
350 350
456 455
557 557
454 454
462 461
421 420
461 460
645 645
449 450
431 431
427 426
515 514
632 631
489 488
427 426
661 660
469 469
477 476
531 532
522 521
411 411
430 429
393 393
535 535
630 630
426 426
407 406
541 540
602 603
491 490
510 509
635 634
635 634
515 514
501 500
335 335
597 599
648 651
488 488
564 564
396 399
373 372
551 550
488 488
420 421
561 562
467 467
443 442
405 405
531 531
322 322
545 544
556 556
453 452
580 580
400 404
534 535
396 395
438 437
333 332
532 532
346 345
452 451
408 408
387 386
724 723
537 536
469 469
419 419
499 498
315 314
419 419
465 464
638 638
582 582
250 249
400 400
569 568
533 533
528 527
544 544
602 602
478 479
462 461
582 581
539 538
487 486
440 440
500 499
412 411
412 413
400 401
474 474
542 541
488 488
401 401
490 490
418 419
353 357
492 493
536 535
603 604
586 586
614 614
519 518
236 238
578 577
480 480
493 492
411 410
560 559
427 426
583 584
325 324
479 478
537 540
504 508
492 492
593 592
331 330
563 563
710 709
529 529
610 609
564 564
399 398
586 585
500 501
523 522
377 377
400 400
565 564
538 537
337 337
532 533
477 476
638 640
633 633
287 286
496 496
405 404
405 405
433 432
635 636
514 514
460 460
599 599
466 466
374 373
525 524
548 548
633 633
463 463
481 480
512 511
405 407
442 444
505 505
325 326
414 414
474 474
469 469
476 476
535 535
560 560
485 484
627 626
561 564
504 504
582 584
568 567
454 453
497 497
482 482
675 675
465 465
509 508
462 461
557 558
556 555
350 351
475 477
530 531
478 479
508 508
482 483
380 379
508 508
491 492
437 436
651 651
652 651
577 578
625 626
441 445
528 527
589 589
488 488
419 418
526 525
473 475
462 462
513 513
604 603
594 593
574 574
503 503
547 546
724 723
419 419
425 426
496 495
546 547
574 573
570 570
514 513
377 378
528 528
402 402
456 456
482 481
441 440
512 511
401 401
606 605
623 624
399 399
372 371
512 511
326 326
395 396
510 509
709 714
498 498
435 434
499 498
446 447
440 440
526 526
507 506
401 400
592 592
646 645
466 465
621 620
604 604
424 425
522 521
392 392
569 570
510 509
516 515
487 487
491 491
443 442
547 549
552 552
379 380
639 638
317 316
550 552
437 436
488 487
601 602
525 526
537 537
546 546
458 460
654 653
478 479
409 408
451 450
422 422
391 392
613 613
699 699
561 560
457 456
521 521
413 413
427 426
423 422
332 335
487 487
408 407
473 477
333 333
511 510
301 302
304 303
469 468
476 476
610 609
459 461
466 468
527 527
304 303
408 407
580 579
386 386
446 446
552 553
622 621
597 597
477 477
497 497
405 406
467 467
592 591
368 369
482 481
462 462
464 465
596 597
521 522
550 550
470 469
515 514
353 354
498 498
493 492
626 628
527 529
374 375
363 363
481 483
615 616
634 637
637 636
484 486
541 540
435 434
469 469
400 399
438 439
450 449
693 693
541 541
544 543
493 493
549 548
480 479
547 547
378 378
677 677
463 465
393 393
646 646
472 473
562 561
480 479
665 664
475 474
632 634
494 493
599 601
501 501
401 400
532 532
444 443
601 601
566 567
685 684
454 455
405 406
574 574
527 527
620 619
290 291
459 459
592 591
613 613
690 691
506 505
627 627
495 495
541 541
648 648
680 681
526 527
440 439
577 576
668 667
332 332
513 513
636 637
449 449
532 531
577 577
634 633
562 561
375 375
388 387
423 425
404 404
543 544
417 417
578 577
344 344
635 636
588 587
572 572
533 532
544 544
449 450
600 600
530 530
586 586
396 396
455 454
512 514
598 598
519 519
337 337
533 533
576 576
480 480
481 480
848 847
432 432
415 415
478 478
691 690
511 513
571 573
555 554
445 444
267 267
354 354
559 559
584 583
450 451
467 466
312 312
663 662
421 420
526 525
497 499
587 586
602 602
493 493
530 530
493 494
274 273
611 610
560 561
426 425
553 553
695 695
545 545
751 752
517 516
580 580
518 518
516 515
558 558
465 467
515 516
449 448
303 304
378 379
432 431
603 604
635 635
418 418
414 415
542 543
503 502
398 397
484 484
518 518
421 420
407 406
563 564
521 521
439 439
483 487
356 355
570 570
561 561
489 490
502 501
533 533
443 443
435 435
477 479
365 364
492 492
561 563
453 452
474 475
547 546
363 364
473 474
365 366
540 540
387 387
745 746
623 624
625 626
440 439
562 563
484 484
553 553
540 540
463 462
537 537
501 501
389 389
559 559
295 295
410 409
483 483
444 443
382 382
463 464
402 402
511 511
414 414
217 216
602 601
484 483
622 622
374 373
615 615
587 586
565 564
443 442
600 599
580 579
492 491
287 286
623 622
552 552
490 490
644 643
482 481
427 426
499 499
435 435
495 495
332 331
445 444
680 679
418 417
431 430
432 432
534 533
470 469
613 613
508 507
530 529
667 666
442 441
459 459
597 596
551 551
392 392
477 476
606 607
562 561
338 338
349 349
475 475
475 475
390 389
416 416
456 455
463 463
450 449
405 405
596 596
404 405
495 496
442 441
433 433
483 483
489 488
562 561
499 499
381 382
607 612
530 530
616 616
495 494
679 678
634 635
488 487
525 527
384 385
676 675
494 493
590 589
294 294
507 507
401 401
412 412
461 460
523 522
378 377
446 447
329 329
605 604
569 569
480 482
555 555
320 320
702 702
665 665
338 339
429 430
584 583
407 407
454 455
375 374
403 403
451 451
464 464
674 674
435 436
672 672
455 455
595 594
611 610
403 403
538 538
302 302
742 742
485 485
479 482
468 467
587 586
505 505
264 263
503 502
412 412
539 539
416 415
450 450
504 505
513 512
522 522
533 533
472 472
488 488
621 621
536 543
476 475
594 593
345 344
395 395
311 312
439 439
546 548
430 430
592 591
484 484
514 514
622 621
495 494
590 589
334 333
675 675
344 344
552 551
580 579
512 511
579 578
508 510
538 538
501 500
471 471
663 663
669 669
475 475
432 432
500 500
563 563
598 598
421 421
540 540
491 493
563 564
523 524
288 287
395 394
379 378
537 537
528 528
488 487
552 551
471 470
520 521
396 397
501 501
484 484
448 447
509 509
334 335
641 640
521 522
686 685
575 576
446 445
446 445
514 514
515 514
506 505
558 558
542 543
468 468
550 549
628 627
780 780
437 437
562 562
419 422
549 550
627 626
476 476
459 458
596 595
545 544
458 458
548 547
551 550
434 433
643 642
483 482
389 388
815 815
519 520
440 440
445 444
633 632
348 348
465 465
455 454
330 330
646 647
466 465
494 494
353 353
567 567
526 525
358 361
492 492
469 468
376 375
472 471
502 502
348 348
447 446
400 400
282 282
627 626
416 416
436 436
519 520
529 528
611 612
541 540
512 512
320 320
539 539
523 522
386 386
614 615
559 559
460 460
612 611
709 709
563 563
653 652
598 598
606 606
537 536
451 451
387 386
454 454
651 651
634 635
368 367
502 502
408 408
581 581
387 388
557 556
565 564
489 488
620 619
471 470
618 617
600 599
337 337
326 326
564 563
755 754
461 462
510 509
648 647
364 364
350 349
440 441
599 598
550 549
508 507
326 325
570 570
533 533
454 454
640 639
605 607
461 462
508 508
429 429
513 513
523 525
352 351
486 485
375 375
400 400
545 546
436 436
324 324
361 361
609 608
351 351
522 522
735 737
599 598
683 683
591 593
625 624
412 414
577 577
534 534
734 735
675 674
474 474
648 648
412 412
432 432
458 459
669 669
429 429
431 431
414 415
525 525
590 591
540 539
469 469
539 538
510 509
435 435
490 490
656 656
513 514
536 535
458 458
564 564
411 411
405 405
558 558
496 495
436 436
430 431
445 445
424 424
414 414
493 492
458 458
581 580
431 432
442 441
418 418
373 372
527 531
604 604
575 577
471 470
435 434
524 524
433 433
464 464
514 515
495 495
615 615
433 432
684 683
462 461
465 464
526 526
648 648
398 398
386 387
519 520
511 511
567 566
650 649
412 411
609 610
494 496
356 358
604 604
619 619
519 518
703 703
509 510
572 572
503 505
440 439
522 521
554 553
482 481
728 728
522 523
572 571
492 491
577 578
453 453
515 516
460 459
547 547
292 292
411 413
534 533
422 424
552 551
351 350
503 502
458 458
405 404
431 432
557 557
480 480
585 584
383 384
623 622
431 431
440 439
478 477
441 440
582 582
632 631
588 588
544 544
441 440
462 462
512 512
455 454
369 368
538 537
519 519
597 596
602 602
528 528
414 413
580 581
560 559
356 355
520 521
429 429
639 638
568 567
544 544
695 696
634 635
647 647
432 432
510 510
481 481
428 430
415 415
539 539
594 594
409 410
531 531
398 397
362 363
373 373
521 521
651 653
456 457
459 463
469 469
478 477
565 564
617 618
395 396
524 523
477 477
495 495
461 462
455 454
611 611
612 612
605 604
414 417
369 369
637 638
350 349
589 588
472 471
564 563
433 432
587 587
617 616
542 542
317 316
378 377
530 530
433 433
601 601
416 417
485 486
466 467
593 592
800 799
428 428
543 542
469 471
490 490
432 432
497 497
694 695
578 578
614 615
503 504
544 543
457 459
629 628
559 558
504 503
456 455
437 438
440 443
667 667
461 461
587 587
479 479
449 449
537 537
597 596
419 418
271 270
459 458
410 412
516 516
596 598
228 228
452 454
402 402
470 469
483 482
262 263
456 456
526 527
422 421
488 487
518 520
450 451
538 537
466 465
499 498
485 485
602 602
571 571
492 492
545 544
582 581
601 602
445 444
396 396
292 292
472 472
415 415
578 577
533 532
478 477
561 560
335 335
559 559
610 610
552 552
505 504
443 443
684 684
446 448
510 510
372 372
477 476
393 393
455 455
502 501
622 623
482 481
450 449
502 503
572 572
365 366
428 428
357 357
492 492
470 469
637 636
572 572
553 552
576 576
625 624
470 469
476 475
434 433
407 406
307 306
410 411
454 454
455 454
348 348
484 484
479 480
541 543
490 489
554 554
322 322
506 506
293 294
435 434
409 409
461 461
525 524
442 442
400 399
609 609
296 297
516 515
635 635
469 468
446 447
420 421
584 585
494 494
442 442
344 344
535 535
628 629
594 594
374 374
632 632
300 299
464 464
603 603
795 794
512 512
300 299
385 384
548 547
560 559
382 382
511 511
496 496
559 563
486 488
455 455
534 533
559 562
633 632
543 542
470 471
446 447
458 461
356 356
637 637
529 531
615 615
319 319
595 595
419 419
556 555
482 483
576 575
428 428
442 442
659 659
496 495
528 527
464 463
427 426
495 494
372 371
516 515
387 388
458 458
548 548
656 656
570 571
728 729
625 624
424 427
498 497
764 765
666 665
611 612
389 388
545 544
397 396
508 507
714 713
437 437
385 384
545 544
452 451
566 567
385 385
547 546
423 423
686 686
558 557
590 589
533 532
532 533
512 511
370 373
598 599
579 580
472 472
581 581
687 686
379 381
389 388
562 561
495 495
373 373
371 370
476 475
406 405
481 480
581 581
659 658
295 295
504 504
404 406
619 618
569 569
555 556
546 547
768 767
625 625
572 573
386 386
575 576
659 659
362 362
418 418
554 554
455 454
465 467
527 527
655 655
693 693
452 453
408 408
478 479
465 465
545 547
425 425
419 420
472 471
294 293
285 284
610 609
547 546
429 429
598 597
434 435
471 472
467 466
284 283
568 567
597 597
560 560
524 524
367 368
374 373
520 520
454 454
515 516
538 538
300 301
375 375
541 540
515 517
293 292
437 438
557 557
571 570
411 411
533 534
469 468
632 632
389 390
562 562
536 540
559 558
532 532
471 472
474 473
479 478
631 630
383 385
442 441
523 522
501 501
520 523
500 502
434 437
362 362
560 561
400 399
641 640
399 400
493 492
459 460
570 570
539 539
386 386
562 562
372 372
364 363
620 621
465 466
437 437
670 670
549 549
502 503
480 479
367 368
546 550
466 466
452 452
434 435
761 761
378 377
470 469
537 537
440 439
265 264
591 590
443 443
530 531
645 644
409 409
485 486
373 372
592 591
577 577
562 562
465 464
459 458
453 452
551 551
584 583
612 612
529 531
465 464
509 508
473 473
501 502
453 452
555 554
523 525
459 459
586 588
621 621
420 419
422 421
501 501
652 652
551 551
522 522
496 496
396 400
495 495
382 382
408 408
303 303
482 481
568 569
407 407
384 383
627 626
487 486
402 402
475 475
625 624
536 538
534 535
525 525
486 485
490 493
539 540
499 503
481 481
485 484
464 465
564 563
486 487
338 339
476 475
491 493
478 478
490 489
586 586
416 415
465 465
562 561
588 588
415 415
570 570
450 451
322 321
298 297
424 425
322 321
652 652
493 493
533 534
508 507
433 435
490 490
499 498
482 481
522 522
590 589
362 365
697 696
704 703
476 477
513 513
681 682
383 383
527 526
468 467
583 582
378 377
533 534
443 443
546 545
289 290
472 471
537 537
517 517
592 592
426 426
501 501
593 594
616 618
463 463
602 601
612 612
596 595
319 318
535 538
461 460
354 355
427 427
461 460
628 631
387 387
540 539
494 493
532 531
508 507
477 476
426 427
402 402
549 549
502 501
682 681
492 491
544 545
389 389
477 476
515 514
681 680
480 479
577 576
534 533
503 503
529 529
395 397
521 521
387 387
606 606
570 572
657 658
491 491
632 631
253 252
535 536
364 364
531 532
471 471
433 433
596 596
529 528
522 522
493 494
462 462
515 514
478 478
458 457
498 497
567 568
283 283
505 504
502 501
366 367
640 641
543 544
541 541
471 471
436 437
635 635
494 493
540 539
619 618
343 342
634 634
462 462
379 380
435 434
591 590
548 547
668 669
444 443
373 374
480 479
642 643
462 463
528 528
534 536
578 578
494 495
429 429
652 651
567 566
623 624
452 451
648 650
581 580
571 571
599 599
487 487
501 501
710 709
561 562
504 504
485 485
464 464
446 445
527 528
587 588
376 376
549 548
419 418
468 468
493 494
511 510
408 407
408 407
444 443
280 279
346 347
504 503
285 285
601 602
436 437
423 423
399 401
499 498
493 493
560 559
499 501
463 462
392 393
335 334
270 269
564 564
359 359
417 417
520 519
548 547
474 475
406 406
690 689
293 292
545 547
567 569
508 507
668 667
442 442
529 529
562 564
482 481
515 515
559 560
638 637
280 279
387 386
413 413
576 576
471 470
340 339
727 726
637 637
502 501
593 593
446 447
582 585
516 516
509 509
356 356
489 489
443 445
525 524
443 442
514 515
640 640
481 480
675 674
460 459
373 373
589 589
444 444
776 775
477 478
441 441
324 323
454 453
564 564
625 625
526 525
460 461
460 460
558 557
670 670
329 329
456 455
455 456
457 456
359 360
466 465
514 515
602 604
489 489
760 759
425 425
508 507
545 546
354 353
543 542
592 593
449 451
607 606
560 561
449 450
468 469
549 548
599 598
453 456
443 443
565 565
304 304
720 721
446 448
595 595
530 530
428 429
515 514
405 405
452 451
607 607
420 420
438 437
445 445
564 563
534 536
599 600
360 360
561 560
513 513
389 393
423 423
458 464
623 622
585 584
484 484
595 595
540 539
578 579
581 582
314 314
404 404
378 377
379 379
532 531
526 526
622 621
540 539
496 495
449 449
474 474
435 434
530 530
595 595
633 634
341 341
535 535
570 569
515 515
450 449
391 391
456 457
418 417
510 509
509 508
588 587
511 512
360 360
495 495
489 489
551 551
423 422
531 530
467 466
508 508
527 527
711 711
496 496
396 395
434 434
559 558
551 553
449 448
602 602
623 622
570 570
390 389
307 306
361 360
530 529
427 428
497 496
548 549
444 445
591 590
365 367
387 386
550 550
599 598
486 487
262 262
736 736
527 527
435 435
521 521
565 566
631 631
543 543
468 467
621 620
490 489
350 351
507 506
590 589
478 477
660 661
493 493
469 468
485 484
614 615
494 493
498 497
618 618
583 583
526 526
606 608
510 509
418 417
499 499
496 496
475 478
541 541
430 433
503 502
534 533
364 363
465 465
641 642
655 655
542 542
451 451
364 364
441 442
536 536
372 372
559 559
576 578
529 528
769 771
527 526
610 610
590 589
422 424
636 635
459 467
446 448
469 469
333 332
666 666
513 513
504 504
422 423
320 320
538 538
516 515
449 448
586 585
446 445
510 513
521 521
439 438
681 681
421 423
475 474
605 606
506 505
598 598
496 496
467 466
478 481
571 570
673 673
299 298
579 578
542 541
476 475
639 638
559 558
788 787
547 546
536 535
485 485
519 520
474 473
490 489
452 452
596 596
508 509
487 489
537 538
557 557
563 564
469 469
526 526
591 590
394 394
477 477
443 442
551 551
540 539
482 482
828 827
468 468
486 487
425 424
447 447
442 441
452 451
499 499
475 475
402 401
343 342
536 535
538 537
443 443
558 558
453 452
505 504
615 614
469 469
450 450
363 365
393 393
542 541
583 583
565 569
582 582
423 422
406 407
520 519
384 383
665 665
556 556
465 464
557 556
577 579
479 482
575 574
473 474
371 370
406 406
392 391
567 566
610 609
347 347
257 257
496 496
545 546
396 397
625 627
453 453
533 534
694 694
555 555
485 486
507 506
543 543
643 643
530 531
384 383
523 523
716 716
790 790
580 580
441 441
456 455
429 429
327 327
566 566
652 652
573 572
351 350
587 586
404 403
539 539
606 607
453 452
472 472
533 534
505 508
545 544
427 426
607 607
529 528
365 364
520 521
460 459
570 570
452 458
367 367
728 727
679 679
527 527
462 461
440 439
464 465
540 540
316 315
391 390
414 413
461 460
578 579
497 498
612 611
427 428
452 453
358 357
479 479
640 641
387 387
491 491
429 428
388 390
358 358
429 429
389 390
299 298
602 601
613 614
504 506
562 561
602 603
381 381
422 422
467 468
549 549
463 462
430 430
530 530
521 521
558 557
536 538
461 460
350 353
466 465
446 446
697 697
635 638
415 415
439 441
340 340
476 475
515 515
514 517
627 627
438 437
640 639
644 643
433 433
385 386
300 299
564 564
476 476
524 527
456 455
366 365
460 460
406 407
423 422
511 510
713 713
249 249
610 609
442 442
512 512
434 433
471 472
449 448
674 674
309 308
438 437
581 580
397 398
458 461
598 598
279 279
613 612
600 601
425 425
790 789
407 410
492 493
495 496
500 499
476 480
643 645
599 598
503 502
530 530
548 549
416 416
580 580
447 447
730 731
441 441
681 680
421 421
707 707
388 391
462 462
368 367
476 475
337 337
607 607
529 528
367 367
473 473
632 631
449 450
653 654
533 533
526 525
372 372
555 556
455 455
568 569
540 539
596 597
669 669
576 575
517 519
462 461
533 533
527 526
454 453
435 436
454 453
464 464
506 508
613 614
462 462
358 357
547 547
513 513
519 518
561 561
663 663
615 615
400 400
604 603
582 581
344 343
530 529
596 596
580 580
571 574
554 553
216 216
587 588
386 387
570 570
542 542
540 540
619 618
315 315
571 571
527 526
436 436
473 474
375 375
700 700
502 501
410 411
453 454
484 483
533 534
427 426
374 374
386 385
388 388
658 657
416 415
491 491
387 386
725 725
486 486
781 781
436 435
460 460
513 513
490 489
440 440
547 547
623 624
489 489
413 412
462 461
475 475
509 509
511 510
614 613
620 620
497 497
538 537
509 509
332 332
501 500
606 605
596 599
305 304
408 407
595 596
655 654
468 470
513 512
512 512
449 449
303 304
399 402
462 462
472 474
488 489
459 458
439 438
538 538
547 549
548 547
589 591
536 536
669 669
433 433
532 532
531 531
489 488
534 535
627 626
553 552
527 526
362 362
340 339
596 595
507 506
467 467
413 417
570 569
628 628
545 545
357 357
192 192
467 466
457 456
640 643
361 361
427 427
491 490
568 569
614 614
574 574
729 730
745 750
381 382
559 559
608 607
571 570
377 377
515 515
416 415
451 450
454 454
301 305
478 481
307 306
582 582
395 394
650 649
349 349
666 668
473 473
538 537
357 357
409 409
384 383
484 484
459 458
534 533
547 546
329 330
465 464
691 690
532 532
591 592
572 572
558 557
506 505
477 476
494 495
554 553
411 413
664 663
520 520
510 509
466 468
453 453
488 487
490 489
556 558
658 657
595 594
605 604
593 593
495 494
432 433
441 441
253 254
595 596
633 634
550 551
648 647
422 425
421 421
366 365
458 457
459 458
360 359
448 448
562 562
556 556
547 550
623 624
633 633
460 460
516 515
545 544
465 465
501 505
342 342
633 634
644 644
481 482
519 519
441 441
632 631
325 324
529 530
645 645
547 548
414 413
417 419
477 476
671 671
761 761
458 457
530 531
662 663
420 419
402 402
509 511
392 396
537 538
565 564
383 382
483 484
508 509
546 546
560 560
507 506
564 565
571 570
599 598
333 333
549 548
493 494
537 536
390 390
625 625
442 442
528 529
602 601
357 357
442 445
391 391
426 428
463 462
381 381
386 388
450 450
344 344
569 569
581 581
578 577
524 523
515 515
322 321
562 562
541 542
387 386
488 487
577 576
402 402
575 575
513 514
742 743
402 402
583 584
538 537
386 386
508 507
510 509
454 453
581 580
595 595
535 538
535 534
690 689
664 664
497 497
423 422
538 539
413 414
537 536
554 554
383 383
683 683
353 353
573 572
636 635
371 371
610 610
616 616
621 622
550 550
501 502
739 740
529 529
734 733
449 448
370 370
417 417
480 480
614 614
474 473
412 411
428 427
448 448
425 424
719 718
516 516
435 437
419 419
317 316
485 484
492 493
480 479
527 527
361 361
449 451
443 443
460 464
541 540
469 469
526 526
513 515
359 359
445 445
450 450
564 564
481 480
218 218
459 459
548 551
514 513
566 565
400 400
596 598
599 600
544 543
609 610
511 510
522 522
372 372
475 474
493 492
484 483
488 489
493 494
344 345
579 579
564 563
524 524
448 447
542 541
388 387
653 656
762 762
429 428
311 311
487 487
470 469
544 544
361 360
603 602
556 555
533 533
413 413
568 567
459 459
416 417
420 420
523 523
428 427
483 482
509 508
497 496
561 561
445 445
585 585
375 375
475 474
486 487
426 426
525 525
548 548
493 493
625 628
503 502
599 599
438 438
491 491
424 424
397 399
386 386
486 488
401 400
550 551
485 485
378 377
498 497
577 578
414 414
708 707
588 588
386 386
444 446
511 510
322 322
429 429
424 424
510 510
515 514
464 464
245 245
290 295
553 554
501 501
539 538
548 550
472 471
443 442
511 510
443 445
522 523
646 648
615 615
404 405
547 546
462 462
374 374
610 612
570 570
502 501
522 522
451 450
395 394
354 354
315 315
656 656
379 379
514 514
364 363
698 698
405 405
587 588
426 427
331 331
427 426
555 554
402 402
539 538
613 613
514 516
323 323
401 400
374 373
711 710
434 434
513 513
529 528
802 803
482 481
519 519
643 642
455 454
442 443
551 550
427 427
489 489
472 472
642 642
630 629
476 480
513 513
438 437
437 436
488 487
627 628
342 345
560 560
388 387
645 644
460 459
547 550
344 344
265 264
375 377
449 452
459 460
615 618
494 496
294 293
749 749
662 662
530 529
482 481
279 278
462 462
515 515
420 419
414 414
696 695
564 566
452 451
609 608
503 504
469 468
571 570
437 437
572 571
574 573
738 737
485 487
313 312
315 315
401 400
581 582
434 433
519 518
403 403
532 532
654 654
442 442
426 429
537 538
496 495
620 620
523 522
497 497
685 685
634 633
436 435
540 540
389 389
554 554
592 593
362 364
618 621
486 485
420 419
390 389
388 387
542 541
517 517
362 362
410 410
582 582
399 398
389 391
647 647
302 303
622 622
597 597
456 455
461 460
438 441
574 574
546 547
494 494
468 467
532 532
274 276
474 474
516 517
423 422
583 583
663 663
482 482
518 517
527 531
359 358
529 533
516 516
516 515
741 742
306 305
443 443
558 557
400 399
509 508
598 600
480 479
551 551
546 545
306 305
466 466
462 463
300 299
525 525
422 421
431 432
616 616
451 450
566 567
475 476
523 523
523 524
511 510
548 547
400 400
590 589
567 567
362 361
462 464
275 275
383 384
445 445
449 450
523 524
527 526
468 469
402 401
453 452
404 404
389 391
541 541
669 668
495 495
520 519
682 681
632 631
485 485
434 434
633 632
505 505
373 375
442 441
475 475
617 617
608 607
446 446
446 446
425 425
417 417
557 557
477 478
328 327
389 390
548 548
586 586
586 585
399 399
392 391
642 641
489 490
401 400
586 586
600 600
349 348
246 248
536 536
473 473
546 546
404 403
502 505
580 579
580 579
470 470
656 655
413 413
245 245
541 540
424 428
461 462
633 634
453 452
430 429
396 396
496 496
403 402
447 446
475 474
360 359
631 630
541 540
580 580
435 435
479 478
480 482
515 515
253 253
456 457
595 595
580 579
496 497
367 366
572 572
615 616
509 513
407 406
453 453
567 566
551 551
433 436
396 397
595 594
632 631
475 474
460 460
342 341
407 406
434 433
419 418
768 768
201 202
417 416
470 469
435 434
448 448
322 322
344 343
368 368
442 442
600 599
511 510
652 652
357 356
300 299
410 410
566 565
584 584
541 543
312 311
496 495
466 466
380 379
363 364
413 413
665 665
706 706
568 568
420 420
448 447
398 398
369 368
418 417
458 458
670 669
548 547
497 499
483 482
478 477
493 493
454 455
539 538
556 556
266 265
762 762
498 497
423 425
513 513
474 473
409 408
478 480
395 396
511 511
498 497
484 484
358 359
394 393
513 513
456 455
410 409
517 518
583 583
497 496
544 543
512 511
588 587
261 262
643 643
772 771
530 529
518 518
379 382
340 342
501 500
601 600
471 470
522 523
636 635
407 407
509 508
425 426
528 528
381 380
456 456
464 463
389 388
604 604
549 548
543 545
409 410
426 426
651 651
601 601
566 569
596 596
465 464
549 548
518 517
585 584
470 469
520 520
671 670
436 435
553 552
581 580
590 590
579 578
368 370
370 374
528 527
357 356
432 431
582 581
618 619
355 354
478 480
512 511
551 550
630 630
468 468
300 300
445 445
524 524
433 433
465 464
686 687
564 564
481 480
524 523
652 652
707 707
573 572
528 528
466 465
507 507
575 574
686 689
357 357
346 345
472 473
456 456
495 494
377 377
551 551
521 522
638 638
587 589
526 525
557 557
524 526
436 438
561 562
530 531
579 578
704 703
648 647
439 439
466 466
412 411
518 518
623 622
470 475
461 461
511 511
564 564
477 477
673 673
474 474
585 585
425 424
540 540
545 546
522 523
416 417
574 574
504 503
516 516
517 519
555 556
528 527
658 660
484 484
607 609
674 673
534 535
718 718
168 169
566 565
547 546
489 491
423 422
556 557
329 329
538 537
557 560
447 449
765 765
545 544
495 495
542 543
580 581
358 358
469 468
514 517
595 597
660 660
581 582
492 493
472 472
551 550
493 493
369 372
362 363
582 581
641 642
417 417
467 467
548 549
397 397
565 564
439 439
476 477
466 466
458 458
555 555
429 428
469 470
427 426
484 484
798 798
362 363
662 662
458 457
538 539
462 461
613 612
492 491
520 521
501 500
419 418
520 521
601 601
450 449
447 447
567 566
556 555
376 376
253 253
210 211
394 394
530 529
341 342
519 519
516 516
494 493
480 481
557 557
474 474
499 501
566 565
404 404
424 423
501 502
479 480
455 455
564 563
429 429
530 529
431 432
335 335
588 588
190 192
544 544
432 432
582 581
448 447
561 560
486 486
603 602
553 553
491 490
659 658
636 636
525 524
354 353
638 639
504 507
575 574
566 565
442 441
464 463
473 472
521 521
690 690
515 514
567 566
745 745
448 447
519 519
452 451
622 622
385 387
517 517
490 489
572 571
469 468
464 463
433 433
380 380
338 337
391 392
472 472
444 443
613 612
608 610
408 409
601 601
545 546
394 393
595 594
453 455
546 546
428 427
424 424
524 524
349 348
701 700
583 582
489 491
459 459
488 487
270 272
608 607
465 464
437 437
485 484
562 563
388 388
478 477
404 404
449 449
613 613
628 628
492 494
551 552
340 342
513 513
647 646
498 497
421 421
387 387
539 538
385 384
808 807
613 614
369 368
605 605
438 437
633 632
442 443
351 351
622 625
535 535
374 373
667 666
597 597
462 462
418 417
364 363
436 436
588 588
524 524
614 614
437 437
405 404
416 417
498 497
444 443
523 523
540 540
475 476
527 528
508 509
457 460
581 581
516 516
438 438
564 563
535 534
566 569
504 504
259 258
497 499
631 633
419 419
405 404
522 521
518 518
567 568
398 397
350 350
461 461
393 395
388 389
552 552
408 409
622 621
465 464
449 448
358 357
481 481
452 451
617 618
431 431
487 486
429 428
340 341
538 538
511 511
528 530
579 578
589 591
579 579
388 388
575 574
480 480
475 476
602 601
686 686
625 626
514 517
458 458
655 654
487 486
663 665
598 599
478 478
332 331
432 433
550 552
587 587
583 582
476 478
615 614
499 499
398 398
527 526
441 440
350 350
591 591
579 578
474 473
504 503
674 674
439 439
368 367
443 445
468 469
610 609
823 822
572 572
355 355
430 431
406 405
642 642
347 348
410 411
501 501
625 624
507 507
393 392
565 564
429 431
516 515
496 497
601 601
329 329
606 605
552 551
413 413
550 550
407 407
597 597
442 443
417 416
478 478
491 490
572 571
566 566
504 504
532 531
505 504
562 562
523 522
469 469
448 447
363 363
450 449
602 602
580 583
419 418
481 482
462 461
568 568
483 483
537 539
561 560
479 479
618 618
536 537
503 502
422 421
633 632
524 523
538 539
317 318
401 400
341 340
536 535
587 589
361 363
362 361
554 557
465 465
482 481
445 446
496 495
372 372
466 465
650 650
507 506
604 605
588 588
458 457
448 450
500 499
445 445
438 439
666 668
479 478
576 577
477 479
445 445
279 280
495 494
394 394
409 409
460 461
475 475
489 488
277 276
554 555
545 547
514 515
506 506
466 466
739 739
567 566
580 579
536 535
636 636
452 451
597 596
447 447
538 537
621 621
546 546
478 477
566 570
478 477
428 428
468 468
435 434
552 552
455 454
554 554
522 521
453 452
491 490
563 563
522 521
472 472
372 373
490 490
502 501
754 754
442 441
552 551
581 580
458 457
540 539
506 505
507 506
552 551
696 695
352 351
503 502
548 548
434 434
443 443
660 660
468 468
583 587
552 553
317 317
427 427
514 513
571 571
537 536
696 696
630 630
600 599
520 520
402 401
587 587
618 617
561 561
534 533
315 317
478 481
256 257
479 479
584 586
579 578
495 495
355 355
481 480
451 451
272 271
495 495
474 473
276 276
594 595
476 476
544 544
458 458
498 498
521 520
485 485
619 618
497 496
418 417
430 431
435 435
484 483
394 394
521 520
502 502
492 493
595 595
396 395
457 457
543 544
617 616
373 372
593 593
395 394
238 237
571 571
565 566
416 415
402 402
684 685
428 427
422 421
424 424
443 443
417 417
530 529
493 492
414 415
453 453
607 606
583 583
463 466
604 604
663 663
409 409
548 547
297 297
432 434
597 596
471 475
479 479
671 672
488 487
401 401
503 504
437 437
425 424
620 622
601 600
617 618
458 459
478 479
543 542
437 437
728 727
256 255
686 686
542 541
431 431
476 477
632 631
626 625
375 377
437 436
436 436
560 559
422 422
460 460
377 376
495 494
471 470
489 490
495 494
651 651
512 512
407 406
549 550
511 511
492 492
532 532
456 455
477 477
478 479
485 484
622 621
577 576
306 307
454 453
700 701
607 607
492 492
445 445
454 453
584 584
620 620
565 565
586 585
472 473
529 530
520 520
619 619
442 444
491 490
575 576
386 385
558 558
642 642
549 548
577 578
454 454
629 629
341 340
397 396
509 509
511 511
478 477
375 374
606 606
505 506
547 547
447 446
527 526
363 363
633 634
595 594
355 354
372 372
494 495
343 344
357 356
502 503
504 504
656 655
577 577
613 612
373 374
594 593
356 355
661 662
410 410
457 456
603 605
546 546
588 588
445 445
640 640
561 561
559 558
587 589
548 547
370 369
558 559
373 372
646 646
476 475
574 574
562 561
517 516
482 484
505 505
672 672
656 655
434 435
444 443
371 372
423 422
507 506
439 440
656 656
617 618
417 416
549 550
386 386
573 572
550 550
503 503
406 408
400 400
304 304
519 520
555 556
479 480
396 396
414 414
604 603
442 442
496 495
296 296
515 514
563 562
476 478
499 498
737 737
525 525
490 490
565 564
372 372
526 529
515 515
423 422
397 398
588 590
490 489
534 534
419 421
365 364
421 422
352 353
347 347
378 380
362 361
522 522
416 415
536 535
380 379
253 253
682 684
406 406
450 449
325 325
469 468
384 386
612 612
774 773
590 590
463 463
532 532
532 532
607 606
728 728
406 406
390 389
475 474
493 493
460 460
516 515
368 367
405 404
566 565
518 517
283 282
665 664
583 583
449 448
545 546
437 438
320 320
455 454
638 639
593 593
441 440
350 349
634 634
411 411
669 669
539 538
624 627
668 668
415 415
255 254
451 451
775 774
444 443
515 514
572 573
373 373
631 632
493 495
588 591
504 503
620 620
518 517
433 432
526 526
469 468
736 736
397 396
537 536
372 372
421 423
372 372
623 623
460 461
399 400
458 459
521 523
529 529
555 555
333 334
513 512
385 384
552 551
301 301
603 603
526 525
453 453
553 552
505 505
531 535
674 674
637 637
514 514
415 415
555 554
657 657
625 626
399 400
443 444
431 430
599 599
380 379
331 331
495 495
539 538
613 614
500 500
461 460
473 474
469 468
677 679
367 367
504 504
370 369
575 576
693 695
704 706
453 455
438 440
453 453
528 527
407 406
587 588
272 274
664 665
438 438
501 501
331 330
645 644
504 503
332 331
493 493
439 440
599 598
665 667
652 652
326 326
533 532
525 525
297 296
683 683
290 291
475 475
591 590
358 361
557 557
517 517
375 375
501 501
400 400
308 309
370 370
613 612
466 465
491 490
549 552
393 393
310 309
389 391
321 323
390 389
518 517
431 431
622 622
545 546
430 429
470 471
485 485
586 585
657 656
472 472
420 421
622 623
677 677
565 566
414 414
488 487
728 728
378 379
482 481
306 307
662 664
514 517
609 612
635 636
456 457
448 448
423 425
374 373
505 505
451 450
424 425
612 611
375 375
372 374
565 567
631 632
519 519
402 401
542 542
477 478
518 517
608 610
679 680
553 553
515 514
573 573
456 457
523 522
573 575
434 433
594 594
434 433
395 395
472 472
433 433
349 349
557 557
539 538
529 528
557 558
388 388
708 708
495 498
695 694
499 499
422 423
436 436
565 565
480 480
493 493
532 532
369 370
401 400
404 403
605 605
466 466
543 544
476 476
498 498
520 520
522 522
589 588
363 362
537 536
603 603
558 558
460 459
566 566
325 327
432 432
564 564
508 507
608 607
486 485
411 411
416 416
578 579
354 354
560 560
509 511
555 554
596 596
440 439
717 719
551 555
301 300
601 602
478 478
445 445
739 738
537 536
476 477
338 338
531 531
549 549
465 464
403 404
409 409
651 652
350 350
251 252
668 667
364 364
537 536
481 480
375 374
577 577
415 415
463 463
557 557
475 474
541 542
414 414
519 518
678 678
485 487
494 494
555 554
377 378
380 382
610 610
466 465
395 396
488 487
328 328
363 362
315 315
549 548
400 400
402 401
497 497
274 276
370 369
624 623
623 622
666 665
646 646
612 614
588 587
316 316
449 450
657 657
497 498
398 398
380 380
509 509
494 494
545 545
604 603
519 518
557 556
628 628
657 657
606 605
293 292
607 607
545 545
399 398
449 448
291 292
356 356
519 519
538 538
385 385
473 473
420 421
565 565
557 556
439 439
459 458
596 597
545 545
687 687
426 426
383 383
453 455
408 408
412 413
403 404
370 370
445 444
510 510
336 336
551 550
553 552
562 563
515 514
489 489
410 410
488 487
488 487
384 384
545 544
456 456
545 546
536 538
369 368
314 314
693 693
458 458
515 515
229 230
605 604
372 371
486 488
437 436
514 515
577 579
442 441
723 723
543 542
443 443
317 319
450 450
425 425
467 466
559 563
413 414
483 482
449 449
608 611
583 583
463 464
458 458
577 581
426 426
441 441
631 631
579 579
351 350
491 493
442 441
534 533
574 575
582 583
443 442
615 614
464 465
378 378
452 451
590 590
457 456
562 562
424 424
250 250
444 444
324 324
508 509
395 396
534 534
612 611
569 568
583 582
458 458
775 775
567 568
644 644
509 509
361 362
637 637
639 639
551 550
401 400
457 456
393 393
507 508
528 528
603 603
588 588
489 490
599 600
604 603
437 437
614 615
337 337
408 408
599 600
636 636
449 451
500 499
576 575
487 487
461 460
612 612
496 502
555 554
578 579
371 370
620 621
448 447
635 635
450 452
397 396
383 382
382 382
601 600
615 615
420 420
421 421
384 383
414 415
489 490
512 511
544 543
519 518
282 281
416 415
573 573
543 544
601 603
446 445
546 545
281 281
432 432
560 561
537 541
556 556
554 554
447 446
404 405
478 478
618 618
366 365
689 688
390 390
344 346
701 701
471 471
404 403
460 460
534 535
700 700
384 384
577 578
761 761
549 549
547 547
615 614
489 488
431 431
391 390
600 599
463 462
554 554
496 495
445 444
561 564
363 362
431 430
662 666
353 352
411 410
508 508
513 513
626 626
265 265
557 558
363 362
394 394
553 553
477 477
492 493
531 531
458 459
481 481
442 442
426 426
590 590
472 471
378 379
481 483
429 430
437 436
533 532
525 524
583 583
436 435
611 611
570 569
422 423
478 478
511 511
499 498
328 329
568 567
476 476
645 645
439 438
581 581
417 416
463 462
483 484
340 343
298 298
476 475
483 482
471 470
388 388
776 775
353 353
562 561
438 438
429 428
694 694
414 414
420 421
397 398
442 441
514 513
473 476
434 434
358 358
646 646
539 538
506 508
680 679
602 602
585 584
432 432
403 406
683 683
453 454
498 497
753 752
529 530
441 441
564 563
610 609
638 638
420 421
319 319
546 547
420 419
526 526
466 466
343 344
630 630
474 474
444 444
335 336
538 537
563 565
488 487
434 433
618 618
484 484
545 545
463 466
493 493
558 561
418 417
527 526
339 338
559 558
484 484
390 389
445 445
454 454
525 525
377 376
503 504
442 441
575 575
278 277
634 635
472 472
744 745
668 669
558 558
473 474
516 515
398 397
562 562
663 664
567 566
479 478
594 593
498 499
572 572
492 491
386 387
474 473
428 427
516 516
454 454
401 400
300 302
482 482
373 373
566 565
543 544
399 398
576 575
547 547
308 308
554 554
507 506
314 313
664 664
501 500
618 617
560 562
639 639
644 643
309 308
439 439
413 417
516 516
631 632
287 287
485 487
508 507
343 347
564 564
592 593
437 437
300 299
386 385
652 652
436 435
589 589
366 365
418 418
521 520
493 494
741 740
426 426
520 519
409 409
488 487
609 609
489 490
363 362
440 440
527 526
366 367
558 557
440 441
544 543
342 341
331 331
492 491
467 467
540 540
492 493
480 480
577 579
614 614
729 728
608 608
450 450
652 652
559 558
441 440
719 720
753 752
349 348
354 353
520 519
344 343
670 671
640 639
485 484
599 599
499 501
689 688
509 509
557 557
390 389
461 460
437 441
625 624
190 190
606 605
610 612
638 638
540 540
523 522
285 287
562 562
435 435
428 427
371 371
714 718
465 464
576 576
755 754
619 619
331 330
398 398
598 598
387 386
391 392
499 498
377 378
399 398
432 432
659 662
392 391
488 487
589 589
502 502
629 630
388 387
441 442
601 601
563 562
504 505
549 548
440 442
630 631
502 501
459 461
282 282
631 633
561 561
451 452
574 576
553 553
349 349
621 621
717 718
385 385
613 613
484 483
584 585
504 504
456 455
448 449
584 583
409 409
576 576
428 428
450 450
393 392
532 532
374 373
427 427
401 403
615 614
402 402
351 351
647 648
346 345
652 652
468 467
575 575
433 434
572 572
550 549
470 470
450 449
548 548
390 389
492 491
459 459
576 576
568 567
478 477
439 439
426 426
353 358
619 619
513 513
619 618
356 355
306 306
480 481
479 479
416 420
518 517
449 450
363 365
359 359
517 516
507 506
377 378
372 374
356 356
533 533
442 441
464 463
531 532
517 519
485 484
557 557
494 496
523 522
461 461
483 483
423 423
487 486
451 450
626 626
386 386
537 539
550 549
401 401
390 389
407 410
473 472
299 299
686 688
379 378
516 517
569 568
409 409
655 656
605 605
550 550
296 296
473 472
531 531
592 591
509 509
427 426
512 513
551 550
498 497
460 462
521 522
616 618
406 408
554 556
375 374
569 569
618 617
492 491
499 498
286 286
602 603
406 406
556 556
509 509
577 577
558 560
540 540
662 661
667 668
410 410
383 383
508 507
678 678
527 526
527 526
564 563
444 445
594 593
546 545
410 411
400 400
755 754
676 675
630 630
507 506
534 534
652 652
621 621
392 391
412 413
528 528
461 464
449 448
453 452
534 534
562 563
499 498
498 498
391 390
528 528
621 622
346 347
473 472
613 612
581 581
542 541
429 433
538 539
545 546
624 625
449 449
511 513
407 407
416 416
515 516
490 490
516 515
478 478
257 257
563 562
512 512
336 335
505 506
617 616
606 605
405 406
387 386
416 416
594 594
520 520
550 549
527 526
442 444
391 390
368 371
475 474
507 506
533 533
520 519
585 585
574 573
409 409
433 434
457 456
470 471
620 619
559 558
468 468
616 617
316 316
544 544
540 541
340 340
549 549
501 502
416 415
547 547
561 560
396 395
601 601
532 531
405 404
441 441
436 435
494 494
491 491
552 551
454 454
504 503
503 504
590 590
526 527
620 619
439 438
555 554
481 482
526 525
371 371
536 536
454 453
439 439
497 496
412 412
450 450
582 581
683 682
352 352
449 449
534 533
493 494
458 458
578 578
294 294
493 492
564 563
465 464
373 377
380 380
400 401
516 516
543 546
452 452
429 428
398 397
607 606
446 445
457 457
558 558
481 480
348 347
455 455
601 600
437 437
679 680
420 422
505 505
678 678
419 418
496 495
655 654
480 480
400 401
582 582
400 399
293 292
496 496
525 524
658 657
459 459
458 457
433 436
573 574
517 516
434 433
593 594
477 477
455 458
521 520
457 457
642 641
614 613
386 388
579 579
501 501
762 762
677 677
586 586
511 510
504 504
331 330
426 426
539 539
411 413
659 660
371 372
492 491
348 347
368 367
483 483
522 521
613 613
479 478
304 303
220 219
434 433
526 528
574 573
425 426
544 545
385 384
603 602
636 635
484 485
427 427
532 531
415 416
533 532
441 441
577 576
538 537
475 476
404 404
396 396
389 389
449 449
508 507
375 375
601 601
685 685
589 590
462 462
475 476
488 487
566 566
543 542
670 671
584 583
528 528
377 381
577 577
519 520
516 515
434 433
428 428
489 489
341 340
604 603
423 422
382 381
347 347
444 444
542 543
387 386
490 489
490 492
565 565
593 593
297 297
307 306
633 634
367 367
476 475
533 532
505 504
443 444
481 481
382 382
402 402
511 510
472 471
412 412
540 539
469 469
484 483
431 432
784 783
542 541
430 431
429 429
518 522
573 573
443 443
510 510
456 457
457 456
365 364
536 536
460 459
511 510
580 580
673 673
412 411
561 561
545 546
411 411
448 447
471 471
516 517
390 389
550 551
742 742
480 480
551 551
461 461
686 688
382 381
509 510
444 445
623 624
456 456
700 700
469 469
447 446
415 415
299 300
474 473
520 520
620 620
514 513
399 399
515 515
523 522
566 565
418 418
591 592
556 555
451 451
491 491
539 539
351 351
536 536
426 425
654 654
310 311
657 656
387 387
354 354
465 464
567 566
447 447
553 556
611 611
352 353
477 476
505 506
539 539
520 520
688 687
510 509
415 415
496 496
448 448
602 605
514 516
543 542
511 510
566 565
263 262
678 678
627 626
543 543
500 503
340 339
527 527
386 386
643 645
684 683
611 610
431 431
445 446
501 501
555 555
380 380
332 331
539 539
525 524
399 399
705 705
527 527
434 434
528 528
505 504
618 618
524 523
493 496
460 461
341 340
483 482
504 504
503 505
404 404
413 412
459 459
548 548
434 433
605 604
445 444
756 755
517 516
444 443
428 428
364 364
485 484
521 522
292 291
575 574
398 398
548 547
306 305
510 509
298 300
672 671
497 498
452 452
413 413
532 532
502 502
387 386
573 572
572 571
756 756
540 539
458 457
456 455
479 479
465 464
473 473
395 395
479 478
597 596
392 391
637 637
367 367
469 469
394 394
527 528
343 342
511 510
456 457
600 599
321 321
404 404
457 457
454 454
443 443
495 498
469 468
657 657
407 409
463 464
516 516
546 545
389 389
446 446
574 573
463 462
304 303
499 499
529 528
450 450
302 302
573 572
444 446
643 644
573 572
722 721
320 325
570 569
348 347
595 594
744 744
562 562
458 458
597 596
461 461
491 491
372 371
430 429
430 430
523 523
364 364
525 524
363 362
492 491
365 364
506 505
376 376
342 345
450 450
390 391
561 562
569 569
545 544
492 493
362 366
403 405
598 597
547 547
378 378
508 508
414 413
482 481
480 480
561 560
691 690
369 368
300 300
288 288
614 614
389 388
490 489
279 279
513 514
502 502
567 567
469 469
653 654
532 532
560 559
615 616
468 468
540 542
598 599
543 543
556 556
407 407
376 376
437 440
579 580
466 467
440 440
552 553
360 360
404 403
511 510
509 508
646 646
555 556
357 358
619 619
421 421
375 375
533 533
634 634
428 428
354 354
428 428
578 577
431 431
546 548
423 422
577 579
481 481
529 528
527 526
443 443
627 626
395 395
477 478
653 653
393 395
532 532
394 394
507 509
512 511
437 436
418 418
395 394
448 448
355 354
637 637
602 601
382 383
530 529
458 457
499 499
545 544
621 620
514 513
519 519
492 492
589 588
561 561
452 452
522 522
330 329
644 646
545 547
453 454
449 448
444 443
436 437
537 538
296 296
491 490
548 549
281 281
373 373
575 574
353 352
384 383
480 479
547 546
643 642
427 427
423 422
367 367
600 600
433 432
248 247
554 553
461 462
649 648
474 473
578 577
474 474
511 514
519 518
581 581
519 519
644 643
382 382
524 524
649 651
531 530
523 524
399 398
470 471
428 429
349 350
581 581
478 481
586 587
417 416
484 483
402 404
467 467
557 557
584 585
612 611
211 210
663 666
419 420
462 462
323 322
459 458
649 649
557 557
573 574
531 531
595 595
366 365
749 750
571 570
600 600
420 419
405 405
486 485
690 690
421 421
478 479
440 440
521 521
444 444
464 463
444 444
380 380
440 440
511 511
454 454
561 561
517 517
522 521
367 366
589 588
557 557
541 543
490 490
526 526
674 673
387 386
428 427
453 453
303 305
580 581
374 373
459 460
490 491
443 443
467 468
447 448
484 484
551 550
479 479
331 330
493 492
411 410
516 516
429 428
427 426
461 460
413 412
544 544
540 540
489 489
535 535
462 462
604 603
627 627
569 571
544 544
542 541
379 379
356 355
433 433
522 524
332 332
491 490
626 627
409 408
561 560
471 473
447 449
637 638
455 456
667 667
477 477
361 363
471 471
526 525
559 559
434 439
605 606
440 439
632 631
541 541
477 476
485 485
435 435
493 492
364 364
330 329
542 542
549 549
342 341
574 576
283 282
614 614
489 488
387 387
740 740
376 376
532 534
406 405
618 617
483 482
337 338
595 594
643 643
292 291
523 524
486 486
524 524
528 529
622 622
632 637
491 490
508 508
508 509
548 548
462 462
492 491
497 496
481 482
361 360
540 540
454 453
466 466
581 581
385 385
524 524
521 522
456 456
376 376
407 406
455 454
482 484
463 463
467 466
541 542
564 566
571 571
610 609
574 573
337 337
493 493
391 392
522 522
469 469
634 635
472 473
417 417
420 421
495 494
628 628
709 710
490 489
395 395
492 493
579 578
566 567
430 430
532 533
591 591
465 467
419 419
450 450
426 426
391 393
445 444
391 392
549 549
524 524
359 358
608 609
359 358
241 242
629 628
343 343
557 556
555 555
450 450
559 558
352 351
608 608
678 678
529 530
352 352
544 543
373 375
433 433
468 467
458 458
596 595
303 303
424 425
436 437
476 477
614 614
380 382
523 522
493 493
566 566
589 588
536 535
428 430
517 516
304 303
630 630
412 412
555 558
293 294
612 612
623 622
398 398
676 678
520 519
276 275
399 400
722 725
700 700
484 483
493 493
554 555
390 393
640 642
554 555
643 645
403 403
456 455
533 533
534 533
426 426
325 324
508 509
557 558
539 538
487 486
564 565
416 415
409 409
558 557
641 640
718 718
483 483
713 712
481 480
429 429
582 582
575 574
526 526
353 355
530 531
594 595
572 572
560 560
423 422
467 467
408 407
536 536
470 469
456 456
530 530
559 558
462 463
463 462
431 430
463 462
583 582
633 634
655 655
495 495
559 559
505 507
510 510
584 584
462 463
572 573
642 642
522 522
403 402
532 531
323 322
514 513
533 533
509 508
376 375
413 414
587 586
419 418
419 418
358 357
617 618
541 543
533 534
478 477
490 489
499 500
571 570
438 437
362 362
501 501
597 598
594 595
540 542
503 505
439 439
415 417
424 424
357 357
518 518
556 555
568 568
568 570
535 534
544 545
468 469
351 352
528 529
556 556
613 614
498 498
511 513
551 550
546 545
341 341
592 591
503 503
412 411
495 495
548 547
509 508
438 438
516 520
575 575
563 563
434 434
690 690
728 728
389 391
560 560
737 737
416 415
500 503
480 480
499 498
457 458
489 490
456 455
280 281
608 607
378 378
467 467
645 644
421 423
374 374
411 411
543 543
546 545
547 547
551 550
540 541
522 521
518 517
543 542
584 583
598 599
430 431
430 431
425 425
381 380
688 687
453 453
749 748
485 484
573 573
520 519
485 485
271 271
383 382
622 624
475 475
547 547
406 408
462 462
486 486
607 611
558 558
518 517
444 445
497 497
343 342
519 523
438 439
583 582
430 429
593 592
461 461
470 469
628 627
475 476
491 491
378 382
323 324
548 551
407 407
537 536
570 569
494 493
589 588
688 688
577 576
524 523
540 540
554 553
524 524
271 271
682 682
555 556
513 512
437 437
548 547
769 769
600 601
367 368
557 557
534 535
383 382
460 459
451 450
392 393
501 503
570 570
380 382
529 530
643 643
623 622
656 656
580 579
538 539
601 600
490 489
385 385
463 462
488 488
592 592
257 256
476 476
455 456
585 584
545 545
459 459
537 537
449 448
698 697
489 488
253 253
476 475
462 461
527 528
502 501
464 465
420 420
394 393
497 496
458 457
444 443
661 661
533 533
565 565
392 396
584 585
431 431
578 579
541 541
441 441
670 671
349 350
597 596
598 597
501 500
587 587
583 583
487 486
416 416
448 448
524 524
552 553
596 595
331 332
455 455
449 448
468 470
404 405
488 487
483 484
411 412
624 625
458 458
532 531
551 551
626 626
473 472
429 430
513 513
495 496
493 492
491 491
393 395
507 507
491 491
426 427
326 326
730 730
637 637
521 522
589 589
580 580
482 481
375 374
380 383
467 466
473 473
665 666
416 418
637 636
511 511
604 603
570 570
409 410
555 554
490 492
437 437
496 499
500 501
391 391
550 551
435 435
407 406
317 316
515 515
497 497
462 462
441 441
414 413
455 454
546 546
505 505
593 593
707 709
506 507
477 476
386 386
542 541
551 550
471 473
524 523
495 494
365 366
641 642
495 495
260 261
527 527
606 605
310 310
512 515
628 628
430 433
713 713
500 499
455 458
527 526
380 379
610 609
639 639
331 331
511 510
493 493
504 503
491 490
399 398
444 445
420 419
347 346
573 572
454 453
533 533
432 431
571 570
747 749
615 614
474 473
532 532
675 674
692 691
471 470
605 605
384 383
472 472
484 483
493 492
487 486
632 632
543 542
452 451
413 413
276 277
581 580
526 525
407 406
281 281
567 567
738 737
550 550
570 569
437 437
539 540
396 395
577 576
357 356
575 574
570 570
586 588
539 542
470 469
489 489
463 464
552 552
528 528
477 476
558 558
647 647
463 462
536 536
384 385
479 478
343 343
330 331
616 618
513 512
539 538
431 430
637 637
512 512
414 414
430 432
492 492
450 450
515 515
405 405
546 545
472 471
383 382
555 555
603 602
523 523
538 537
517 519
529 528
519 520
582 581
477 477
451 451
547 547
376 375
555 555
425 424
506 509
525 524
622 623
515 515
333 333
437 436
386 387
413 413
588 588
510 509
421 420
372 373
582 581
445 445
460 460
625 625
440 441
393 393
311 313
460 460
530 530
255 256
478 477
517 520
412 411
357 357
444 443
806 806
565 565
601 601
661 662
585 584
370 370
444 444
575 574
462 461
550 549
446 446
429 428
341 341
485 485
654 654
502 502
495 494
460 461
502 502
602 601
571 573
568 567
487 487
685 686
496 495
491 491
553 553
478 478
555 556
421 421
505 506
510 510
678 677
620 619
630 629
672 672
388 388
466 466
506 506
464 463
542 542
553 553
258 257
311 311
368 369
529 528
398 398
405 404
450 450
597 597
525 526
389 388
320 320
657 657
585 585
460 461
473 476
476 475
403 406
459 460
450 451
462 462
554 553
564 563
638 638
582 581
484 484
472 472
378 378
524 524
315 316
495 495
533 532
456 455
491 492
496 497
435 434
371 370
382 381
307 306
646 647
539 539
427 426
433 433
536 536
558 557
703 702
431 431
603 602
525 525
363 363
510 510
591 591
351 353
501 500
227 227
526 525
538 538
548 547
596 596
411 411
435 434
430 430
303 304
450 449
486 485
472 474
578 577
525 525
688 687
460 461
566 566
493 492
483 482
465 464
518 517
498 498
428 428
520 519
578 578
404 403
414 413
454 455
257 257
551 551
428 429
590 589
532 532
676 675
498 503
641 640
427 426
471 470
414 414
522 523
438 437
617 616
614 615
627 626
467 468
379 378
496 495
620 619
572 571
690 690
580 580
545 545
198 197
452 451
415 414
454 455
450 450
545 545
370 370
486 485
424 424
520 519
548 547
459 459
521 520
421 421
420 419
665 664
476 476
424 424
754 755
700 701
332 336
515 515
712 712
386 388
495 495
449 449
266 265
439 438
403 404
533 534
477 476
331 333
442 442
398 399
531 531
407 407
631 631
571 571
735 735
444 443
497 496
580 582
539 538
511 511
489 491
643 643
244 243
402 401
515 514
499 501
426 426
387 387
297 296
486 486
564 565
487 487
407 406
445 445
420 421
574 573
382 382
559 560
715 715
531 532
623 622
515 516
339 339
399 398
417 416
502 504
411 410
563 562
413 413
522 523
535 536
662 661
524 524
393 393
501 502
628 628
527 527
614 614
626 626
602 602
508 507
407 408
441 441
322 321
491 490
500 499
497 500
450 451
356 355
414 414
571 571
701 701
443 443
539 540
605 605
459 459
371 371
565 565
417 417
418 417
595 595
445 444
416 416
535 536
535 535
431 431
652 651
614 614
387 386
523 523
773 773
660 660
713 712
342 342
469 469
695 695
500 499
487 486
542 542
517 517
622 623
654 657
716 717
686 687
490 490
601 600
418 417
533 533
513 512
647 646
468 468
215 216
602 601
370 371
677 677
691 691
479 478
495 495
455 454
449 448
547 546
356 356
563 562
552 556
388 388
429 430
453 452
414 413
468 468
573 572
410 412
619 619
709 709
480 480
395 394
297 296
529 530
671 670
530 530
318 318
349 348
559 558
378 377
526 526
347 347
667 666
407 407
501 502
669 668
685 684
584 585
614 613
541 541
655 654
498 502
613 613
527 526
600 601
413 412
634 633
382 381
612 611
575 575
574 574
519 520
516 519
431 430
356 355
508 510
443 442
560 560
502 501
363 363
892 892
364 365
543 544
469 468
525 524
499 498
650 650
655 655
519 518
445 446
584 584
434 434
642 642
505 504
381 383
427 427
479 478
608 607
548 548
564 563
341 340
468 469
606 606
520 521
452 453
473 473
343 344
427 427
464 464
492 491
506 506
414 413
574 574
448 447
398 400
450 450
569 568
546 546
471 470
617 617
473 475
527 527
315 315
714 713
392 395
502 501
308 307
384 383
500 500
446 446
624 624
596 596
421 421
706 705
617 616
428 428
502 502
697 697
393 392
558 557
525 525
339 339
433 433
322 322
350 349
220 220
689 688
598 597
635 634
536 535
512 512
551 550
480 480
702 702
293 292
376 375
397 397
342 342
391 391
534 534
516 518
504 503
496 496
375 375
465 464
373 373
441 440
473 473
486 485
419 419
524 524
525 524
472 474
523 523
534 534
454 453
374 373
405 404
368 369
550 550
339 339
589 589
474 474
355 354
468 467
451 451
636 636
466 465
403 404
519 521
468 470
389 389
418 421
464 463
819 818
588 587
373 373
392 393
452 451
667 666
473 472
352 352
304 304
626 626
468 468
577 577
280 280
464 464
358 357
589 589
410 412
539 539
296 296
445 444
588 590
602 602
475 475
477 476
436 439
325 324
574 573
457 457
608 608
566 565
483 483
318 319
524 523
597 597
447 448
408 407
397 397
571 570
529 529
602 604
447 450
571 570
595 594
369 369
483 483
544 543
599 599
500 500
447 447
538 537
723 723
447 446
390 392
495 495
493 493
408 407
592 591
471 471
545 545
448 447
390 390
621 620
532 531
505 504
518 519
478 478
571 572
520 523
486 486
545 545
562 561
608 607
397 397
480 480
553 552
539 540
579 578
385 385
439 438
476 476
467 467
536 536
608 607
376 376
501 502
445 447
481 480
599 600
447 447
278 278
490 491
601 601
528 527
658 657
468 467
365 367
457 456
486 486
454 454
693 695
549 548
694 693
473 472
403 403
688 688
501 504
580 582
395 395
473 474
582 583
633 632
355 356
316 316
669 669
488 488
442 442
223 223
304 304
582 582
598 597
598 598
502 501
398 397
496 496
469 470
544 544
612 612
537 537
444 445
419 418
480 480
485 484
510 513
556 555
482 482
445 445
649 648
470 470
467 468
559 559
423 425
499 500
420 420
417 417
355 356
333 333
616 617
430 430
523 524
606 605
521 520
500 499
654 654
564 564
355 355
275 274
549 551
431 431
571 572
813 813
690 692
447 447
601 602
686 685
709 708
707 706
652 651
429 429
609 608
532 531
455 455
374 374
511 510
601 600
648 649
407 407
469 468
561 560
453 454
475 476
430 429
501 501
470 471
729 729
440 440
507 506
711 710
448 448
573 572
501 501
453 453
564 563
488 489
483 483
583 582
405 405
447 446
553 552
518 519
597 597
540 539
523 523
341 340
496 495
500 499
501 501
605 604
321 321
352 351
528 527
622 621
624 623
403 403
390 389
650 651
223 223
550 549
547 547
352 351
347 347
558 557
329 328
675 674
439 439
555 554
425 425
527 527
613 612
706 707
395 394
496 497
352 351
471 471
394 394
413 415
669 669
360 360
594 593
596 595
474 473
557 556
569 569
558 558
520 519
688 687
487 490
407 407
522 522
464 463
676 676
525 527
564 564
476 476
562 570
501 500
480 480
572 571
338 339
525 526
596 596
470 470
483 482
679 680
489 490
514 515
587 587
629 630
355 356
370 370
589 589
401 401
576 579
517 517
522 522
488 487
507 507
591 592
483 483
331 330
362 362
434 433
408 408
522 521
401 400
551 553
389 390
488 488
622 621
592 593
560 559
431 430
278 278
749 753
475 475
537 537
502 501
328 328
425 426
414 415
457 456
554 557
432 431
520 520
459 459
662 662
614 613
350 350
261 261
333 332
356 358
528 528
335 335
528 528
469 469
529 530
442 444
509 508
479 479
500 499
505 506
501 500
551 551
654 655
698 699
520 520
543 543
490 490
616 617
330 330
492 493
518 519
563 563
695 695
437 436
568 567
639 640
524 524
445 445
447 448
543 543
578 579
578 577
343 343
688 687
434 436
639 639
361 361
369 369
643 642
377 378
412 413
516 517
471 472
337 336
555 555
571 570
503 507
277 277
455 455
466 466
486 485
520 520
411 412
412 411
571 571
525 525
569 568
792 792
462 463
492 493
517 517
545 546
629 630
402 402
445 448
495 497
441 440
498 497
489 488
529 528
373 373
347 347
519 519
400 401
475 477
534 534
441 440
385 386
641 641
549 548
565 567
473 474
522 521
603 603
564 565
399 399
466 465
466 465
602 601
379 379
358 359
576 577
624 624
391 391
475 475
509 510
462 462
335 334
535 534
477 477
494 494
511 512
441 440
401 401
565 566
509 508
242 241
508 508
453 453
466 465
491 490
483 482
534 534
489 488
495 494
733 733
483 483
522 523
442 443
291 290
578 577
559 559
480 479
592 592
435 434
448 449
519 521
480 480
691 692
445 444
621 622
555 554
470 469
447 448
403 402
507 507
359 358
506 506
415 415
477 476
456 457
605 605
631 632
495 496
538 537
441 442
532 532
441 440
666 668
545 545
548 548
357 357
464 464
336 336
487 487
356 355
373 373
463 462
505 506
584 583
572 572
630 629
470 469
750 749
637 638
588 589
649 649
738 739
553 553
580 580
440 439
514 514
633 633
465 467
550 550
282 283
652 654
369 372
343 343
664 663
530 529
362 362
529 528
320 319
608 609
456 456
457 456
422 421
411 411
634 633
369 369
359 360
511 511
359 358
338 337
674 673
335 335
367 367
455 454
409 409
476 476
645 645
714 714
556 557
527 526
442 441
543 543
493 493
243 242
633 633
414 417
538 537
394 393
453 453
672 672
508 507
664 663
257 259
573 572
414 414
570 569
630 630
545 544
579 578
524 526
605 604
418 419
480 481
449 449
487 486
417 420
421 420
459 458
585 587
459 459
464 464
483 486
302 302
586 586
642 643
568 567
479 479
504 504
622 621
538 538
493 494
583 583
590 589
441 441
404 407
288 288
626 627
620 622
497 497
533 533
510 509
506 506
498 499
440 439
472 471
638 641
432 431
529 531
391 390
455 455
484 483
386 385
576 575
633 636
559 559
595 596
366 366
669 669
551 550
636 635
389 389
672 673
432 432
557 557
492 492
556 556
486 485
441 442
482 481
624 624
451 450
568 569
333 334
532 534
453 453
437 437
431 431
587 586
550 549
246 245
276 278
535 536
594 595
557 556
502 501
553 552
630 630
610 610
397 397
555 554
682 683
537 536
423 422
462 462
546 547
586 586
553 553
407 406
411 412
392 393
404 403
480 480
474 475
656 655
541 540
510 510
402 401
377 377
468 467
462 463
520 519
600 600
586 588
706 706
403 404
488 488
426 426
449 448
631 634
483 485
550 551
579 578
473 473
455 454
697 696
466 466
459 462
484 484
614 614
447 446
317 316
520 519
565 565
519 518
678 677
612 612
331 331
661 661
350 350
511 510
588 587
534 534
482 481
584 584
476 477
410 409
207 207
480 480
445 444
559 559
378 380
388 389
544 543
466 465
747 746
464 464
403 402
655 655
517 518
455 455
546 547
506 505
568 568
251 252
451 450
481 482
554 554
241 240
301 300
495 495
605 604
476 475
465 465
603 605
433 432
477 478
530 529
546 546
587 588
503 504
597 597
513 514
504 504
421 421
595 595
534 534
550 550
322 322
410 410
473 473
402 401
627 626
454 454
547 550
516 515
481 483
396 396
440 439
422 421
540 539
558 557
608 607
368 369
552 551
502 502
424 424
656 656
498 498
480 481
472 471
548 547
275 274
642 641
609 612
468 468
460 460
421 421
456 457
715 714
640 639
364 364
599 600
623 622
521 520
525 524
451 450
540 540
447 447
356 356
480 480
584 583
579 584
443 443
532 532
541 540
499 498
591 591
583 583
563 563
654 653
477 478
588 590
542 542
357 357
560 559
531 534
353 352
388 388
616 615
374 373
499 498
492 491
430 429
560 562
658 657
721 720
537 537
445 444
437 437
420 419
501 501
325 325
424 424
422 423
584 585
606 605
579 579
311 311
615 615
644 644
457 458
528 528
337 339
416 416
434 433
483 483
369 369
537 537
446 446
418 418
527 527
695 697
568 568
579 581
405 405
502 502
392 391
393 392
510 509
542 541
450 449
447 449
465 464
608 608
567 566
340 339
456 456
480 479
582 586
488 488
412 411
553 553
488 487
588 589
557 557
434 434
542 543
546 546
611 611
490 490
544 543
512 512
600 599
477 477
528 527
611 612
635 635
432 432
574 574
567 568
600 599
409 412
601 601
503 502
605 604
545 546
548 548
630 630
600 600
594 596
483 483
529 532
516 516
587 587
670 669
530 529
382 382
527 528
407 407
450 451
487 486
545 544
629 629
658 657
626 627
441 440
597 596
447 446
532 534
290 289
618 618
585 584
566 565
651 650
661 661
472 471
555 554
539 538
635 637
468 468
486 488
410 409
403 402
382 381
537 538
456 455
290 289
333 338
455 455
603 603
513 512
589 592
403 405
616 616
289 288
689 690
449 450
400 399
562 562
468 467
492 493
462 462
618 618
322 322
451 455
577 577
419 419
529 529
611 611
587 587
477 477
445 445
529 531
397 397
551 550
494 493
521 520
415 415
514 513
429 429
444 444
549 549
587 587
383 383
547 548
375 375
416 415
263 264
392 392
490 489
506 506
506 505
429 428
585 585
486 487
237 238
593 592
477 477
555 554
502 507
519 518
436 437
414 415
629 632
622 623
405 405
460 459
591 591
625 624
566 566
545 545
500 500
517 516
562 562
466 466
344 345
551 551
411 411
650 649
401 400
565 565
474 473
532 531
415 414
374 375
514 513
375 375
502 501
366 365
497 497
478 477
499 498
640 639
648 649
505 504
524 523
496 495
626 625
445 446
573 574
432 432
442 441
419 418
533 533
521 521
521 522
331 330
493 492
593 593
331 330
411 413
529 529
462 461
534 534
585 585
639 639
518 517
406 405
570 571
424 424
205 206
549 548
309 308
469 469
548 548
388 388
469 469
476 476
552 552
363 365
332 332
491 492
406 405
395 395
636 635
620 619
693 693
540 540
290 289
562 565
561 566
598 600
414 416
582 581
499 500
590 590
426 427
415 415
561 560
398 397
154 153
495 494
647 648
479 478
482 482
663 664
793 792
526 525
373 373
314 313
449 450
563 562
499 499
500 501
480 482
512 511
356 356
624 625
543 543
439 440
572 571
756 755
595 595
417 417
678 677
428 427
451 452
622 623
401 402
469 472
417 417
366 367
471 472
300 299
518 521
603 604
548 548
409 408
575 574
680 679
591 591
515 515
581 581
481 481
634 634
428 428
345 346
417 418
339 339
496 495
480 482
573 573
569 568
464 463
347 348
622 621
630 629
586 587
417 416
500 501
484 483
464 464
609 609
536 537
776 775
353 353
524 525
515 515
547 546
456 457
515 514
420 419
556 556
508 508
526 525
459 458
373 372
455 455
491 492
373 374
485 485
369 369
557 556
557 557
364 364
529 529
500 500
590 591
478 479
360 360
537 537
575 575
748 747
377 376
523 523
571 570
420 420
290 289
568 569
600 602
462 462
519 521
438 438
517 517
489 491
610 611
540 543
583 582
236 236
362 361
625 625
467 469
612 611
456 456
496 495
583 583
301 304
460 459
483 485
571 572
748 747
488 488
569 568
437 436
334 334
423 423
397 396
294 293
672 673
500 500
594 595
515 515
668 668
469 468
300 299
456 457
463 463
318 319
606 605
501 500
519 519
591 591
505 506
613 614
460 461
674 673
562 562
566 568
571 572
601 600
500 500
390 390
448 448
590 589
295 294
454 453
258 258
453 453
458 458
489 490
586 586
296 295
483 482
346 346
482 481
563 562
469 468
494 494
595 595
504 505
551 550
556 557
631 631
627 626
533 533
633 633
405 406
458 457
501 502
512 513
440 440
254 254
430 429
538 537
551 553
587 587
531 530
480 479
675 677
359 360
556 559
462 467
578 578
458 459
488 487
393 392
611 610
381 381
544 544
515 515
639 639
495 494
455 460
521 520
440 440
525 526
656 657
608 609
642 641
409 410
352 351
362 362
419 418
496 495
427 426
432 434
365 365
417 416
634 635
515 515
719 718
333 336
532 532
532 531
464 464
485 485
521 520
387 388
455 455
455 455
530 530
574 575
520 519
740 739
465 465
649 648
427 426
570 573
581 581
509 514
467 466
595 595
504 504
444 443
463 462
513 512
461 460
436 435
499 498
371 370
534 533
455 455
507 506
426 426
462 462
461 460
345 344
329 329
632 634
592 593
633 632
598 598
537 536
652 652
589 588
629 630
548 547
533 533
596 595
492 494
712 712
576 575
631 630
421 422
362 361
381 381
599 604
414 413
486 485
504 503
462 462
333 333
583 585
393 392
602 602
409 408
654 654
538 537
439 438
555 555
663 662
462 462
571 570
346 346
532 532
697 698
471 472
613 612
445 444
498 497
539 538
566 566
255 254
404 404
291 290
446 445
615 614
437 437
687 686
526 526
523 523
467 466
394 395
345 344
472 473
326 325
471 470
471 475
573 573
588 587
586 585
544 544
366 368
603 603
539 541
431 430
414 413
446 445
542 545
524 524
530 529
388 390
458 458
468 468
518 518
371 371
589 588
552 551
415 414
594 594
549 549
559 559
510 509
451 452
420 421
667 666
442 442
610 610
522 521
554 553
581 581
430 429
543 542
535 535
465 466
571 570
636 635
396 397
334 333
599 599
421 424
320 321
368 369
444 443
585 584
436 436
412 411
362 362
292 291
457 457
601 601
517 516
523 523
320 321
595 595
555 555
530 532
512 511
413 413
755 755
303 302
410 410
648 647
437 437
546 546
446 446
373 372
426 425
636 636
470 471
479 479
416 416
396 396
629 629
573 572
458 458
598 598
595 594
395 396
590 590
356 357
506 505
634 634
621 621
451 452
524 524
407 407
461 461
373 372
288 289
431 431
453 453
462 461
616 616
409 409
438 437
474 473
566 565
398 397
405 405
482 485
303 302
458 459
451 452
574 574
473 473
505 504
517 518
557 556
538 538
516 517
489 488
673 673
605 604
492 491
516 519
523 522
605 605
470 469
532 531
536 537
489 490
381 381
373 373
456 456
559 558
419 418
658 659
501 500
647 646
501 500
438 438
633 632
520 519
501 501
628 628
550 551
736 735
433 433
587 586
604 607
372 371
553 552
536 535
287 287
576 578
455 454
547 546
586 587
488 487
596 595
484 484
625 627
523 523
397 396
421 420
463 463
546 545
430 431
786 785
511 513
527 526
460 459
629 629
442 442
530 531
345 344
543 544
430 429
471 471
421 421
596 596
443 443
564 564
544 544
635 637
424 425
536 536
362 363
688 687
598 597
704 704
665 664
521 521
455 454
363 363
486 485
426 426
437 436
460 460
536 536
475 474
501 500
460 460
490 491
235 236
330 332
424 423
700 700
517 516
466 465
606 609
552 555
431 431
462 463
635 635
291 290
407 406
580 579
629 628
446 445
388 387
385 385
365 364
651 652
357 357
381 380
503 502
612 611
501 503
385 387
399 399
425 424
555 554
595 595
606 607
746 745
365 365
466 466
871 870
390 389
439 440
489 488
702 702
595 595
664 664
355 355
458 457
502 502
337 336
443 443
592 592
693 694
699 699
350 350
545 544
531 531
458 457
359 360
533 533
610 611
556 555
450 449
374 374
437 437
508 508
385 386
642 641
572 572
505 504
421 420
432 431
599 598
707 706
630 629
448 447
503 503
507 506
408 407
380 380
389 389
546 546
521 520
566 566
574 573
556 555
570 571
407 407
482 482
571 572
382 382
412 414
530 530
640 641
523 522
478 478
514 516
578 577
493 492
467 467
390 390
453 456
459 458
546 546
558 558
471 471
488 489
422 422
459 458
442 441
567 567
429 429
625 630
652 653
386 389
494 494
503 503
399 399
466 467
780 781
395 398
361 360
482 483
349 348
419 420
586 586
583 582
437 438
451 451
466 466
592 592
593 593
455 455
529 530
534 534
606 606
531 530
466 468
784 784
420 419
635 635
294 297
578 579
328 329
597 597
455 454
653 652
509 509
380 379
384 386
504 504
395 395
646 646
509 509
422 423
465 465
514 513
610 610
513 515
519 518
617 616
501 501
444 444
719 719
546 547
633 632
343 342
426 425
472 472
425 426
397 396
495 494
484 484
499 498
531 531
585 587
549 548
461 461
472 471
527 529
542 542
541 540
676 675
500 502
402 403
631 630
375 377
371 370
735 736
434 434
329 329
445 444
557 556
571 570
427 426
493 493
518 519
433 433
359 358
435 434
466 466
637 636
445 445
559 559
397 397
457 458
643 642
569 568
546 546
529 530
612 611
354 354
475 474
585 584
435 434
504 504
661 661
585 588
561 561
633 635
459 460
602 601
509 511
436 435
129 129
562 562
569 568
470 471
371 370
596 596
671 671
531 530
682 683
479 480
528 528
586 586
547 547
630 630
611 612
460 460
729 729
456 458
514 513
608 608
561 560
458 458
720 720
453 453
474 474
523 522
391 390
533 532
452 452
550 551
498 498
490 489
564 563
405 405
468 467
655 654
356 355
468 468
512 515
488 487
624 624
392 392
489 490
544 544
627 626
498 501
365 365
676 675
597 596
483 482
490 490
372 371
584 585
582 582
461 463
504 504
520 520
451 450
605 605
541 541
437 436
554 553
607 607
612 612
494 495
441 442
375 376
448 447
681 680
416 415
342 342
482 481
459 459
604 604
497 496
537 538
440 440
405 406
516 516
400 400
560 566
363 362
524 524
478 479
631 630
434 434
443 446
545 545
519 519
574 574
315 315
565 566
497 497
503 503
551 551
625 624
362 361
474 473
492 491
652 652
195 195
468 468
584 583
554 553
446 447
466 465
457 458
599 600
530 533
659 658
421 420
334 333
592 591
750 749
554 553
568 569
511 510
623 622
486 486
656 657
365 364
470 470
552 552
426 425
440 439
414 414
530 530
527 526
560 560
713 715
670 671
597 597
308 307
499 499
515 515
489 488
419 419
553 554
417 417
656 656
508 508
324 324
497 496
500 500
414 414
338 338
551 551
488 488
516 516
732 732
572 571
538 537
648 648
437 439
472 473
537 536
741 741
449 449
608 607
442 442
584 583
580 579
502 501
514 515
540 542
470 469
659 659
427 426
393 392
595 595
454 453
406 405
464 464
307 306
605 605
539 538
524 523
468 468
596 596
718 720
633 633
465 465
405 410
521 521
559 559
492 493
425 424
353 354
462 461
451 451
503 503
679 679
558 558
614 614
662 662
481 485
485 485
455 455
326 326
505 504
446 448
285 285
299 300
384 383
519 519
548 547
517 516
531 532
366 366
408 408
459 459
359 360
370 372
490 491
478 478
565 566
492 492
480 480
542 541
537 537
559 559
387 388
551 553
368 367
791 792
479 479
361 360
553 552
513 513
510 509
606 605
418 417
485 485
432 434
558 558
605 604
583 583
536 536
450 449
541 542
386 385
634 634
627 630
448 449
598 598
579 578
474 473
502 503
532 533
598 598
394 394
576 575
680 683
542 541
568 567
462 461
495 496
416 416
626 626
515 514
566 565
639 639
577 578
457 457
400 399
461 462
536 536
477 476
496 499
487 486
553 556
362 362
553 553
342 342
755 756
373 373
486 485
411 410
588 587
419 421
509 509
466 465
548 547
534 533
488 487
454 457
413 414
635 635
487 489
460 459
517 517
437 437
464 465
557 557
595 595
513 513
368 369
556 555
568 568
351 353
609 609
491 491
489 492
511 510
501 500
403 403
669 671
608 607
482 481
518 517
545 549
590 589
375 375
548 547
542 545
463 462
353 353
488 490
411 413
579 578
757 757
552 553
462 465
534 533
452 451
445 444
557 556
375 376
399 399
466 465
528 527
541 541
393 393
699 699
441 440
578 580
705 706
478 479
524 523
388 387
459 458
409 409
529 531
476 476
541 540
403 402
635 635
516 515
594 597
523 523
344 346
559 562
584 584
500 499
563 562
576 576
522 521
448 447
441 440
531 531
337 337
365 364
449 448
539 539
305 306
511 511
622 621
618 617
548 548
460 459
433 433
553 553
577 578
486 486
568 568
477 476
414 414
620 620
411 410
528 529
533 534
416 416
322 321
371 374
509 508
577 577
580 579
487 487
455 456
528 527
615 615
425 424
396 395
397 396
451 450
491 490
497 497
423 422
683 683
480 480
430 429
534 534
540 540
408 410
374 373
506 505
549 548
438 438
500 499
493 492
642 641
482 481
542 541
359 358
419 420
500 500
475 474
366 365
601 601
469 470
413 414
644 643
535 535
593 593
370 369
515 514
417 418
466 467
466 466
503 504
480 479
450 450
511 511
473 472
738 740
443 442
442 441
505 505
502 502
539 538
647 646
593 592
437 437
553 554
474 473
381 380
448 448
553 554
579 578
409 408
510 511
445 444
384 384
589 588
419 419
492 493
543 544
578 578
403 403
432 432
488 488
562 567
474 474
502 501
647 646
496 496
414 414
305 304
454 454
553 552
434 434
468 467
504 503
497 497
581 580
402 402
447 447
463 467
655 655
535 536
518 517
389 388
515 514
380 380
472 471
649 649
537 537
505 505
542 541
531 531
674 673
500 500
585 586
403 402
522 524
602 601
474 476
623 623
523 524
437 437
470 469
420 420
610 610
466 465
318 319
586 586
512 512
614 614
555 555
508 508
488 488
668 667
572 572
494 493
550 549
435 434
601 601
448 447
459 459
454 454
446 445
557 557
564 564
440 439
548 547
519 520
436 435
424 423
414 417
532 532
513 512
470 469
551 550
477 478
516 516
470 472
671 673
480 479
529 528
368 368
536 536
544 544
416 416
526 526
489 490
446 446
382 384
462 461
604 604
498 497
420 419
435 434
452 453
408 408
448 449
677 676
483 483
555 554
553 553
526 525
404 403
361 360
700 699
456 455
692 692
537 536
323 322
490 489
427 428
576 575
758 760
424 423
359 358
509 508
567 566
490 491
406 407
310 310
506 507
385 385
469 470
413 413
324 325
540 539
403 402
395 395
560 560
448 447
517 518
408 408
451 450
415 419
619 618
477 476
497 497
537 539
520 521
523 523
614 613
459 458
496 498
518 519
662 662
410 412
586 585
526 526
536 536
614 614
657 657
389 388
503 503
390 390
622 622
614 613
438 438
605 605
607 606
517 518
367 367
465 466
602 601
553 553
588 588
471 470
210 210
528 527
652 652
448 447
494 495
579 579
361 360
485 486
621 620
299 298
531 530
295 299
513 513
459 460
408 407
440 439
551 550
439 439
533 532
498 498
525 524
518 517
563 566
515 522
545 544
465 465
512 512
393 393
666 666
414 416
377 378
605 605
653 654
327 327
513 514
263 264
595 596
536 537
394 393
612 612
476 475
506 505
530 529
596 598
520 520
511 511
452 452
582 581
918 918
473 472
451 451
573 572
423 422
309 308
596 595
585 584
289 289
274 273
596 595
406 405
598 598
426 425
293 293
564 563
456 456
530 531
594 595
550 549
422 423
398 398
607 608
523 523
506 506
521 522
594 598
513 512
585 584
481 482
423 423
420 419
557 556
432 433
583 584
460 461
611 610
356 357
360 359
475 474
354 354
552 551
285 284
447 446
444 448
427 427
614 614
573 573
513 512
519 519
589 589
760 761
433 432
448 449
620 620
591 590
532 532
485 484
385 384
444 443
684 684
373 373
593 592
376 377
545 545
541 541
536 536
358 357
372 375
576 575
492 491
396 398
447 447
533 534
502 501
567 567
586 587
526 525
357 359
633 633
597 596
286 286
562 562
520 519
730 730
522 522
563 562
443 443
443 447
518 518
508 507
454 454
405 404
384 383
397 397
618 619
463 462
668 667
613 612
607 611
656 656
626 625
379 379
443 442
510 510
558 559
573 574
316 320
699 699
577 576
484 483
560 560
436 436
426 425
330 330
681 682
753 752
609 609
535 534
506 506
283 283
567 569
555 554
447 447
517 517
479 478
558 558
437 436
548 548
573 572
672 673
450 449
436 436
458 459
488 488
564 565
490 490
373 372
519 518
533 536
518 520
461 462
390 390
489 488
521 521
460 459
493 492
437 437
528 528
533 533
565 565
593 592
527 526
503 503
510 509
385 385
734 736
317 317
289 288
563 563
534 533
562 564
624 627
487 488
532 532
492 492
597 596
611 613
526 527
432 432
319 318
528 528
544 545
432 433
597 596
735 734
364 365
431 432
632 632
519 519
605 606
488 487
662 662
540 541
436 435
487 489
525 524
461 461
528 527
645 646
591 591
580 580
630 631
311 312
342 342
496 496
477 476
654 653
483 484
580 580
346 346
589 589
399 398
612 611
721 720
511 512
532 533
406 406
556 559
576 576
444 445
541 542
482 482
560 561
349 349
568 568
400 400
411 410
485 484
523 522
577 578
533 534
489 490
590 590
378 380
567 566
509 508
507 507
514 513
548 549
445 444
501 500
547 547
424 425
494 495
500 499
261 261
614 613
517 516
499 499
575 574
457 456
516 516
329 329
477 478
524 523
358 361
593 592
523 524
447 447
528 527
355 354
630 629
505 505
388 387
479 480
504 503
511 510
513 513
283 282
462 463
390 391
415 415
510 511
492 492
359 360
454 453
592 591
321 320
485 485
721 720
484 483
534 534
440 441
210 210
398 399
484 483
411 411
299 298
461 461
495 498
432 434
496 496
693 693
652 651
509 509
619 619
547 546
546 546
541 540
558 557
413 414
354 355
497 496
588 587
493 492
355 355
421 420
491 491
562 564
603 602
399 399
510 510
448 448
713 713
394 394
591 590
388 390
611 613
477 481
508 508
514 514
558 559
643 645
520 520
414 414
461 460
500 501
487 487
574 577
601 600
472 471
591 591
437 436
566 565
555 555
332 333
571 571
578 578
398 399
476 476
588 588
586 586
463 464
434 434
404 403
361 361
483 482
546 546
427 426
594 594
523 522
368 367
494 497
675 675
751 750
413 413
616 615
541 543
459 459
479 478
684 684
473 475
476 476
456 455
495 495
377 377
467 466
582 581
348 347
562 563
384 383
456 455
300 299
400 399
381 381
428 430
504 503
555 555
229 229
462 463
536 538
429 428
652 652
432 432
510 509
572 571
399 400
687 688
483 482
692 691
668 667
609 611
735 734
389 389
409 410
714 714
406 405
400 400
513 513
492 495
410 410
554 556
464 464
592 592
445 445
466 466
509 509
508 510
468 468
334 333
597 597
441 441
575 574
647 647
623 623
401 401
508 508
554 554
762 761
655 655
568 568
481 481
600 601
654 654
528 527
471 470
591 591
598 598
366 366
494 493
420 420
602 602
467 466
535 535
445 446
383 382
618 618
592 592
370 369
591 594
660 660
426 425
442 441
407 409
529 529
511 511
404 404
419 419
462 463
603 602
523 523
501 500
626 625
426 426
453 453
364 364
446 445
490 489
503 502
553 553
502 501
589 593
494 494
661 660
636 637
546 546
543 542
465 464
477 476
535 535
497 497
485 487
503 502
550 551
613 615
542 541
575 575
510 509
427 428
427 427
421 421
622 622
242 242
412 412
416 416
565 565
402 401
540 540
443 443
471 470
505 505
435 435
698 701
521 521
653 652
503 505
550 550
485 486
548 547
238 237
532 531
297 297
454 456
486 487
586 585
414 414
443 442
544 546
381 380
584 583
574 574
566 565
527 527
556 557
377 377
487 487
588 587
510 511
387 387
498 498
608 608
384 383
407 406
528 527
558 558
263 263
656 655
406 406
318 317
546 546
499 500
389 388
523 523
515 515
401 400
427 428
659 658
536 535
780 779
587 587
395 394
484 485
401 401
509 510
694 694
404 404
489 490
530 532
519 520
517 517
594 595
472 472
679 678
550 550
343 343
363 363
606 606
411 411
519 519
344 344
436 435
469 468
342 341
510 510
372 371
553 555
463 462
542 541
462 462
541 541
690 690
401 402
292 292
494 494
512 513
400 401
465 465
381 381
375 375
448 448
521 522
564 564
430 429
506 505
424 424
469 468
468 467
409 410
336 337
458 458
562 562
589 588
618 618
544 544
393 392
393 393
181 180
690 690
561 561
491 490
416 419
619 618
497 496
431 431
371 371
482 482
472 472
532 532
480 481
470 469
469 468
440 443
386 385
464 464
437 436
359 361
408 412
408 407
548 550
416 415
558 557
372 372
398 399
440 441
635 636
568 568
468 468
411 411
403 402
478 477
411 411
489 490
620 619
614 613
523 523
535 536
458 458
586 585
445 444
490 490
453 453
398 397
539 539
526 527
460 460
565 564
496 495
514 514
401 400
355 354
519 518
486 488
591 591
306 308
477 476
616 616
422 421
253 253
433 432
527 529
481 484
642 641
530 530
483 484
601 601
566 568
604 603
597 597
481 481
469 468
606 605
483 482
585 584
452 453
257 256
507 507
573 573
486 487
438 438
408 408
581 581
391 391
526 526
444 447
629 630
373 373
450 449
538 538
353 353
421 420
575 576
393 392
462 462
541 540
769 770
676 675
643 643
587 587
456 456
382 384
460 460
327 327
375 375
408 408
393 392
585 588
374 378
507 507
595 596
480 479
645 648
539 539
309 310
612 611
560 559
451 451
605 605
523 522
464 467
343 343
612 613
513 512
515 515
305 304
581 581
531 533
391 391
529 529
663 662
430 430
523 523
493 492
435 434
383 382
464 465
622 622
500 500
570 570
515 514
289 288
555 554
419 419
626 625
440 440
541 540
456 456
560 559
741 741
325 325
553 553
455 455
458 458
442 442
776 776
521 520
305 309
456 455
416 420
407 406
625 624
440 440
598 598
499 499
467 466
476 476
355 355
427 427
265 265
446 445
554 554
501 502
601 602
413 414
383 382
616 616
573 572
400 400
449 448
585 585
532 531
735 735
377 377
506 506
442 443
606 607
333 336
550 552
552 551
490 489
488 488
336 335
496 497
622 621
578 578
484 483
529 529
405 405
461 460
629 628
672 672
425 425
410 409
326 330
508 509
622 621
501 500
466 467
517 517
496 496
634 633
468 469
414 413
499 499
537 539
406 405
541 547
668 668
470 469
496 495
563 562
518 519
570 569
564 564
467 469
627 627
602 602
471 472
447 449
518 518
370 369
461 460
685 685
399 402
576 577
405 405
412 413
490 490
410 411
469 469
372 371
539 539
281 280
356 358
534 535
533 532
525 524
367 367
559 558
827 827
491 491
380 380
542 542
531 530
618 617
505 504
437 436
406 406
657 658
537 536
639 638
578 578
545 545
345 347
494 493
543 544
407 406
585 584
341 341
563 566
507 506
601 601
706 707
523 523
464 465
526 527
395 395
546 545
567 567
457 457
487 486
489 488
404 403
507 507
597 598
394 393
364 365
418 419
531 531
532 532
487 487
461 461
440 440
594 595
500 502
465 465
686 688
548 550
437 436
578 578
564 564
633 633
450 449
424 427
380 380
550 551
443 443
445 445
421 421
504 504
566 566
461 462
563 563
638 639
468 469
409 410
589 589
396 396
479 478
346 345
481 481
551 551
557 557
544 544
517 516
659 659
310 310
480 480
542 541
416 418
392 392
604 604
559 559
581 580
531 530
452 452
402 403
503 502
436 437
441 442
561 561
613 612
427 427
330 333
445 444
522 527
390 390
541 541
292 291
488 488
532 533
352 351
513 512
553 553
514 513
525 524
546 547
437 436
422 423
596 595
507 506
325 326
493 494
444 444
435 434
334 334
559 560
415 417
417 417
322 324
411 410
444 445
524 524
514 514
537 539
559 559
450 449
458 459
461 461
529 529
616 616
292 293
509 508
437 437
466 466
570 569
452 452
486 486
619 618
415 415
358 358
442 441
488 489
529 528
651 650
445 445
409 408
444 445
432 431
552 552
481 481
531 532
542 542
638 637
511 510
395 395
585 586
255 255
577 576
501 500
521 523
471 470
568 568
508 508
571 570
463 464
347 348
531 532
600 600
411 413
546 545
628 628
645 650
470 470
489 490
620 619
590 591
493 493
467 466
507 507
421 420
551 550
483 485
256 256
432 431
572 572
445 446
369 368
357 356
533 532
437 438
243 243
571 571
582 581
357 357
552 553
441 442
559 559
430 430
586 586
472 473
492 491
556 555
470 470
437 437
326 326
490 490
461 463
415 414
410 409
357 357
563 563
719 719
529 530
548 548
410 409
557 556
497 497
378 377
415 414
426 426
459 459
557 557
546 545
275 274
518 519
427 428
450 452
435 436
598 598
561 560
603 604
546 546
531 532
522 521
498 498
541 540
408 408
542 542
452 451
659 659
371 372
541 540
446 446
614 613
610 609
365 366
556 556
483 483
461 461
472 473
602 601
468 468
515 515
471 471
499 500
516 517
469 468
354 354
613 612
484 483
506 505
485 485
271 273
352 351
580 580
517 517
561 562
558 558
350 349
460 459
365 367
556 557
412 411
526 525
480 479
442 442
570 569
726 727
613 613
517 517
466 466
460 460
438 437
683 683
574 575
433 432
589 589
420 420
462 463
539 539
470 469
514 515
560 560
409 408
458 457
248 250
412 412
473 473
456 456
520 520
407 407
659 664
364 364
611 610
449 448
671 672
696 697
527 527
546 547
469 470
585 587
277 277
481 481
303 302
663 663
706 706
519 520
373 373
518 519
394 393
435 437
508 507
525 526
369 368
407 407
607 606
294 293
473 473
399 399
439 440
609 608
451 451
411 410
644 644
349 348
570 569
484 485
471 470
380 380
507 506
655 655
501 500
569 568
471 474
309 310
603 604
371 371
458 457
423 423
307 306
421 421
330 333
458 459
332 332
618 617
530 530
617 617
669 669
492 491
583 583
486 485
374 373
445 445
574 574
612 611
425 425
366 365
532 533
595 594
663 663
523 522
614 614
432 432
682 683
416 415
679 678
522 522
556 556
385 386
404 405
458 458
529 528
550 549
489 490
624 625
465 465
399 401
513 513
507 506
421 420
339 338
596 596
467 467
296 298
383 383
523 524
498 497
581 585
485 485
612 612
604 603
625 624
604 603
555 554
522 521
498 497
474 473
773 777
446 449
297 297
384 385
500 500
499 499
366 367
609 612
574 574
327 326
473 474
626 626
410 414
240 240
477 477
388 388
607 609
397 396
557 557
601 601
446 445
538 540
428 427
325 324
786 786
431 430
452 451
620 619
515 515
416 415
511 510
456 457
492 492
577 577
655 656
425 425
378 378
458 459
499 499
618 618
573 573
529 530
512 511
564 566
563 562
440 441
686 685
568 569
576 576
495 495
739 740
540 539
603 603
362 364
524 523
632 632
423 423
674 675
599 600
576 577
522 522
456 460
468 467
426 425
548 549
537 536
466 466
537 537
502 502
554 555
556 555
563 564
513 512
610 610
750 750
538 542
509 508
440 440
311 311
607 608
531 530
430 430
325 325
497 496
503 504
297 297
387 387
483 482
433 432
386 388
460 463
696 695
473 472
498 497
589 589
655 656
485 485
485 484
514 515
542 542
517 516
647 648
461 462
511 512
480 480
596 597
635 635
622 625
687 688
485 485
443 442
399 398
474 473
587 587
425 427
430 429
426 426
381 380
548 549
437 440
332 332
560 560
561 560
437 438
538 538
573 575
444 443
423 423
543 544
622 622
474 477
419 420
477 476
476 475
498 497
537 536
487 486
349 349
687 687
600 599
515 514
503 502
541 540
520 519
670 670
580 581
646 646
560 560
323 324
481 480
451 451
595 595
389 389
535 535
541 541
443 444
490 491
326 328
482 481
587 587
410 409
538 537
441 442
215 215
519 519
447 446
482 482
554 554
599 599
614 613
280 281
509 509
465 465
422 422
612 612
479 481
579 578
491 491
520 520
444 443
479 478
309 309
377 377
531 531
523 523
416 416
520 520
594 596
555 556
572 571
537 536
426 425
516 515
500 499
656 655
437 436
540 540
506 506
453 453
604 607
481 483
543 544
533 537
520 519
508 508
538 537
470 470
439 439
589 589
387 387
708 709
351 351
391 391
540 539
604 605
696 695
582 582
478 477
495 494
352 352
653 653
495 494
696 696
528 527
554 554
402 402
455 454
460 461
569 571
551 550
622 624
642 642
435 434
577 577
370 371
350 350
549 548
490 490
647 646
615 615
596 597
720 719
496 495
363 363
419 419
623 622
260 259
451 451
458 458
380 379
475 475
611 612
668 667
313 313
548 552
479 478
357 357
514 513
561 564
384 384
718 717
591 590
522 521
457 457
297 297
359 358
495 494
585 584
424 424
641 644
436 435
725 725
479 480
480 481
471 472
637 636
442 442
627 627
508 507
578 578
692 692
630 629
550 549
392 392
372 373
531 531
381 380
587 587
635 637
555 554
529 529
415 414
471 471
418 417
590 591
628 629
593 594
570 569
517 517
448 447
344 347
447 447
538 538
581 582
534 533
586 586
586 586
417 417
393 392
374 374
632 632
523 523
484 485
607 607
538 537
412 411
573 575
488 489
573 576
477 478
447 446
568 570
597 597
358 358
453 453
479 478
511 511
494 496
404 404
498 503
591 591
516 516
481 481
596 595
574 573
456 455
482 481
562 563
541 540
479 479
524 523
612 615
511 510
376 376
424 427
470 470
530 531
629 629
487 487
556 555
526 525
574 575
537 537
572 571
614 614
553 553
346 350
588 587
414 415
597 596
567 566
559 560
646 645
375 375
389 388
503 503
495 496
596 597
564 563
682 682
355 355
583 583
351 351
494 496
494 493
504 503
482 482
660 665
384 383
429 431
460 462
546 550
656 655
515 515
524 524
580 580
642 641
548 548
630 629
525 524
446 445
569 571
528 527
423 424
423 422
568 568
331 331
631 630
367 367
605 607
477 476
577 577
642 642
550 549
452 453
581 584
567 566
482 481
529 530
508 508
588 588
522 523
508 508
506 505
595 594
580 581
596 597
784 785
484 485
569 569
393 392
482 482
584 583
417 416
204 205
500 499
466 466
373 373
559 560
496 495
400 399
303 302
605 605
543 542
463 464
366 368
474 473
433 432
493 492
327 328
706 705
450 450
577 577
528 527
582 581
479 478
590 589
377 376
572 571
403 403
437 437
620 619
657 657
536 537
550 550
572 572
309 310
511 511
561 561
421 420
368 368
438 438
520 520
556 555
481 480
634 634
390 390
490 490
535 534
458 457
419 418
347 347
479 478
473 473
650 651
462 461
512 512
542 541
479 480
401 400
712 713
475 474
427 426
574 574
460 459
517 518
480 480
411 410
457 457
390 390
650 649
592 593
331 330
340 340
676 678
435 434
668 668
613 615
395 395
669 669
585 586
456 455
450 450
540 539
499 498
673 672
673 673
429 430
484 484
386 385
488 488
359 358
352 352
692 692
472 472
601 601
530 533
340 339
431 430
477 478
614 614
313 313
424 424
739 741
383 383
606 606
520 521
461 461
537 537
492 491
559 560
378 379
530 529
588 588
530 530
592 591
537 538
722 721
475 476
449 448
285 285
255 254
565 564
496 496
670 669
570 570
556 556
461 460
501 500
580 579
400 401
408 408
386 388
438 437
553 553
559 559
209 209
671 672
391 391
598 599
528 531
572 572
645 645
478 478
349 348
552 552
429 428
420 420
601 600
408 410
653 652
610 609
479 479
481 481
282 281
725 724
560 561
341 341
626 626
497 497
411 414
569 568
627 626
484 483
337 336
515 515
667 666
575 575
476 475
337 337
287 286
475 478
579 579
456 456
433 435
625 624
508 507
522 523
511 512
579 579
571 572
582 584
622 621
683 683
431 431
347 348
604 604
515 519
692 692
668 670
491 491
392 392
551 551
682 681
554 553
569 568
631 630
526 526
434 434
311 310
621 620
329 329
670 672
402 402
585 585
602 602
636 639
492 492
380 379
459 459
384 383
479 478
529 529
595 594
480 480
473 474
656 655
400 406
500 499
354 354
466 466
515 514
617 617
601 601
508 508
562 562
335 334
491 492
411 413
639 641
414 414
538 538
370 369
409 409
649 648
462 462
619 621
518 520
528 528
613 612
386 385
603 603
632 632
644 644
659 658
433 434
363 362
493 492
606 606
505 505
580 579
528 528
512 512
366 366
614 613
695 694
486 486
516 515
567 569
405 407
555 555
493 493
432 433
395 395
759 758
524 524
622 622
452 451
583 582
408 408
413 412
412 411
552 554
369 371
692 692
401 400
664 663
474 473
617 616
439 439
612 612
563 562
459 460
516 516
468 467
478 480
470 470
306 306
564 564
571 571
581 581
589 588
531 531
430 430
442 441
555 554
338 338
412 413
404 404
565 565
512 511
421 421
608 608
538 537
517 517
485 485
401 402
512 513
351 351
399 399
465 464
518 517
518 518
602 603
477 477
293 293
497 497
495 497
383 383
516 516
480 479
607 607
533 533
378 378
561 561
480 481
450 450
327 329
441 441
304 305
603 605
387 387
457 456
536 536
355 356
471 470
625 628
341 340
554 554
400 406
548 548
532 531
522 522
463 463
500 499
407 406
256 255
566 565
534 533
466 466
328 327
580 580
523 524
616 616
405 404
568 567
680 680
514 514
469 469
442 443
608 609
602 602
523 522
470 469
388 387
384 385
466 466
465 465
619 618
390 390
394 394
212 213
469 470
648 647
554 553
477 476
466 465
512 511
565 564
573 574
506 506
603 603
500 500
468 467
577 577
526 526
544 543
525 525
557 556
335 336
325 325
428 428
604 604
546 549
459 459
404 403
460 459
512 512
431 432
485 486
430 430
566 565
594 594
551 552
532 535
491 491
504 504
454 453
420 421
526 525
387 387
583 583
536 535
523 522
645 646
636 635
397 397
477 477
396 396
639 641
748 747
503 503
549 550
574 573
423 422
476 475
332 331
493 495
378 378
652 651
724 725
581 580
523 523
414 413
643 643
418 417
485 485
519 518
493 492
569 568
500 500
571 570
589 588
486 487
465 464
593 593
610 609
557 556
478 478
496 495
530 529
494 496
430 430
382 382
528 530
571 572
340 343
663 663
621 622
439 439
631 631
495 495
528 527
515 515
524 526
602 603
422 421
368 367
546 545
660 659
598 598
622 621
527 527
578 577
460 460
628 629
598 597
544 544
574 573
515 514
579 578
408 407
536 535
683 684
422 423
397 398
650 650
407 406
380 379
630 629
217 218
461 460
576 576
599 599
507 506
583 583
443 444
473 473
583 586
528 527
410 409
550 549
531 533
474 473
531 532
600 600
573 573
480 480
556 556
462 461
571 571
471 472
478 478
553 553
570 569
480 481
587 587
237 237
388 387
426 426
441 442
669 669
548 549
474 474
403 403
395 394
369 369
515 516
720 720
435 434
505 505
517 517
411 413
392 391
513 513
730 729
508 507
704 704
375 374
435 434
404 405
443 445
502 502
477 476
351 350
359 360
444 443
485 484
460 462
468 469
387 386
578 579
497 497
393 393
441 441
441 440
525 525
540 540
703 704
680 679
456 455
477 477
399 400
543 546
614 613
401 402
592 594
576 575
586 588
456 455
470 470
441 440
609 608
517 518
546 546
270 269
295 295
473 473
613 612
449 452
568 571
437 437
443 444
503 503
722 722
513 512
527 527
415 415
533 532
468 468
547 548
432 433
574 574
460 461
634 633
420 420
457 456
551 551
507 507
774 774
482 481
501 501
508 509
402 402
508 509
712 713
326 325
322 322
565 564
392 392
381 382
531 530
548 547
473 472
483 486
393 393
598 598
611 611
395 395
509 508
437 437
488 487
438 438
563 565
691 690
445 444
485 485
499 499
458 458
687 687
633 634
541 540
418 419
610 609
414 413
461 462
364 364
603 603
461 462
516 516
592 591
469 468
400 401
404 403
497 496
646 645
391 390
558 558
347 346
506 505
612 612
484 483
408 407
501 500
360 361
296 296
432 432
607 606
487 487
531 531
485 486
375 375
462 462
532 535
465 464
676 676
393 395
479 479
543 544
606 605
518 519
390 390
410 410
641 641
548 549
369 370
398 397
754 753
555 554
588 588
446 445
477 477
598 598
424 424
486 485
441 441
385 385
538 537
388 390
451 452
367 366
606 605
569 569
465 465
447 446
531 534
396 397
570 570
591 590
445 445
534 533
694 694
574 575
638 640
411 410
446 445
572 571
542 542
444 444
401 403
565 567
544 543
378 377
396 397
491 491
489 488
638 638
594 596
375 375
517 517
571 570
353 353
504 507
609 610
681 680
501 502
522 522
625 624
480 479
688 689
403 402
231 232
504 504
545 546
470 471
508 507
588 589
363 363
452 452
451 451
249 248
480 482
739 738
389 388
692 693
493 492
517 517
408 407
321 320
387 388
588 587
574 573
655 654
514 513
370 369
449 449
525 525
455 454
463 462
509 510
445 445
444 443
575 575
592 591
381 381
562 562
501 500
671 672
416 415
465 464
462 461
661 660
261 261
544 545
369 369
644 647
447 450
436 435
526 526
435 434
443 444
666 666
449 448
435 434
635 635
443 442
464 465
448 448
461 461
481 480
472 471
509 510
591 592
498 497
448 447
359 360
304 304
416 416
454 454
487 487
722 721
505 505
567 569
487 489
427 427
430 431
539 539
405 405
584 583
353 353
537 537
377 378
587 587
539 538
563 565
504 506
554 553
448 448
511 510
495 495
540 539
590 589
505 505
349 349
429 428
362 365
560 559
429 430
420 419
487 489
556 556
511 510
603 603
387 386
506 505
375 374
554 553
580 579
655 656
479 479
410 410
566 566
166 167
315 317
366 365
758 757
396 396
414 415
601 602
699 698
472 472
349 348
567 568
635 635
466 465
461 461
487 487
532 531
627 626
478 477
551 551
398 398
412 412
516 515
223 222
450 449
483 482
431 431
436 436
418 418
607 607
450 453
336 337
496 498
337 337
533 532
508 509
482 481
576 577
468 468
529 529
463 462
543 543
399 399
491 491
605 604
442 442
518 517
433 432
786 786
703 703
468 468
368 367
601 601
344 343
578 580
450 450
416 417
394 394
359 361
353 354
427 427
414 414
473 472
482 481
320 320
367 366
641 641
626 626
558 557
545 545
415 416
552 552
451 450
402 402
428 427
460 460
570 573
421 420
467 466
497 497
571 574
642 645
597 598
436 435
576 576
458 458
469 470
550 550
522 522
459 461
575 576
406 406
525 525
640 640
460 460
600 599
593 592
525 524
544 544
617 618
499 499
505 506
545 545
543 544
514 514
632 631
580 581
376 378
501 500
420 421
496 496
604 605
522 522
410 411
385 385
474 474
522 522
588 588
382 381
475 477
367 368
484 483
359 360
216 215
552 551
520 519
435 435
456 455
505 507
482 482
519 518
588 590
558 558
652 653
519 519
437 439
501 500
604 603
605 606
534 533
574 573
410 411
567 566
382 382
520 519
674 673
531 532
694 694
429 429
432 432
509 508
533 533
497 496
524 524
563 567
488 487
512 514
501 502
541 540
392 391
255 255
531 530
433 434
470 470
492 492
353 355
594 594
623 624
535 536
445 445
555 554
465 465
724 723
688 687
366 366
527 526
508 508
359 360
427 427
393 393
542 542
649 648
526 526
396 395
616 616
578 577
445 445
485 485
491 491
442 441
514 513
469 470
567 566
380 379
522 527
363 363
373 372
577 580
393 395
469 469
462 462
469 469
618 618
621 621
535 535
428 427
360 359
463 466
607 606
405 405
644 644
440 439
701 700
596 595
426 425
469 468
447 448
475 474
586 586
470 469
446 450
531 533
454 455
454 456
585 584
417 416
543 542
698 700
405 407
527 529
626 626
334 333
464 463
545 551
548 549
528 527
301 303
631 631
230 231
619 618
699 699
616 616
538 537
436 435
458 458
611 611
378 377
628 628
528 529
686 686
643 644
688 689
513 513
386 386
615 614
531 530
502 501
604 604
463 463
591 590
484 483
346 345
594 594
452 452
387 389
575 575
562 562
478 478
613 613
503 504
434 433
397 397
696 696
592 592
493 492
398 399
465 464
480 480
521 520
654 654
684 683
628 628
493 494
685 684
644 643
507 506
427 427
640 643
460 460
434 434
537 538
409 408
429 428
558 557
625 625
573 572
414 414
508 510
455 455
549 551
268 267
514 513
747 748
587 586
491 491
412 413
545 545
624 623
483 483
625 625
398 397
594 593
620 620
448 449
561 562
657 656
623 622
682 683
501 501
486 486
593 593
415 416
599 599
326 325
536 536
519 518
349 353
391 391
457 459
427 427
495 497
617 616
404 405
479 478
397 397
459 459
826 826
583 582
385 385
555 555
504 504
695 695
503 503
477 476
292 292
491 490
413 414
461 460
317 318
510 511
436 437
647 647
591 590
343 343
469 469
387 387
691 691
556 555
575 574
341 342
609 609
747 746
616 615
532 533
363 365
675 674
494 495
687 687
551 551
553 554
681 681
671 671
502 501
695 695
208 211
538 539
432 432
505 506
485 485
580 579
441 445
699 700
454 454
574 576
603 603
633 632
658 658
433 433
550 551
495 495
714 714
590 589
480 480
540 539
588 589
471 471
503 504
683 684
589 589
475 474
514 515
439 439
425 424
598 599
715 714
245 244
554 554
608 612
399 398
465 465
551 550
340 339
342 341
408 410
699 699
566 566
460 461
431 430
436 436
376 376
504 504
415 414
743 742
424 425
357 356
703 703
459 458
508 510
288 289
481 480
478 477
571 573
544 544
515 516
492 492
478 478
502 502
415 414
398 397
459 459
341 340
304 306
525 526
524 523
441 441
501 500
375 375
526 526
419 418
432 434
494 493
367 366
543 542
492 492
675 675
581 583
532 531
564 564
531 531
444 444
446 446
655 654
639 639
430 429
535 536
489 489
552 552
333 332
571 570
436 435
351 355
456 455
502 502
309 309
550 550
421 420
493 492
461 461
532 535
427 427
537 536
512 511
579 580
578 577
604 603
517 517
367 366
595 594
618 617
363 365
668 667
263 263
431 431
721 721
641 640
486 485
652 651
326 326
637 636
515 515
471 471
598 599
411 410
498 499
629 630
674 674
448 448
565 564
491 492
494 495
431 430
531 531
519 520
482 482
565 564
474 475
505 505
520 519
491 490
664 664
528 529
376 375
365 366
602 601
609 609
392 391
494 494
291 290
490 493
616 616
474 474
523 525
525 524
542 544
697 697
566 565
495 498
573 572
485 485
341 341
582 582
522 522
497 496
585 584
518 517
586 586
443 443
398 397
553 552
587 588
496 498
535 534
489 491
428 427
494 493
581 581
650 651
434 434
658 657
335 334
431 430
520 520
513 512
655 654
488 489
594 594
592 595
292 293
372 372
523 525
519 522
463 462
608 609
360 361
561 560
759 759
534 535
490 495
461 461
424 423
385 386
328 328
453 452
674 673
542 542
452 451
542 542
475 475
585 585
395 395
351 350
465 464
572 574
469 469
661 660
517 516
587 586
548 548
513 514
556 557
561 562
365 365
578 578
474 473
535 536
629 628
557 558
290 290
407 406
521 521
497 498
342 345
438 439
493 492
496 498
466 467
591 590
627 627
503 503
603 602
685 684
554 554
359 358
596 600
415 414
516 515
559 559
591 590
445 444
399 398
499 498
440 439
449 449
424 425
464 464
529 528
359 362
461 460
491 492
336 337
453 453
480 480
635 634
560 564
493 497
533 532
651 650
303 302
595 595
480 479
595 595
473 472
392 392
480 480
572 571
595 596
564 563
385 385
602 602
357 356
369 369
748 747
570 569
530 529
501 501
576 575
502 502
516 516
589 588
430 429
412 413
466 468
327 329
309 310
449 449
610 610
311 311
410 410
566 566
602 603
468 467
382 381
360 359
663 662
384 388
409 408
379 378
521 520
456 455
571 571
710 711
523 522
611 610
406 406
565 564
601 600
534 533
626 626
605 605
653 654
433 432
517 517
492 493
465 464
466 466
401 400
559 559
557 559
597 596
682 681
508 508
423 423
541 541
596 596
505 505
567 567
651 651
602 602
433 433
474 474
402 403
515 514
670 672
602 602
460 459
589 590
617 616
496 498
417 418
593 594
593 594
526 525
402 402
442 443
815 814
588 587
411 411
470 470
608 608
497 497
625 624
647 649
474 475
576 576
480 481
525 525
424 423
449 448
402 402
496 495
395 394
521 520
710 710
626 625
543 543
728 728
460 461
670 669
585 587
564 563
390 389
629 628
624 625
655 654
492 492
488 488
468 468
498 497
549 549
574 573
551 550
528 527
539 538
438 438
548 547
333 333
694 695
399 400
365 364
549 548
423 422
453 453
412 412
375 376
490 492
376 375
403 403
552 552
661 662
658 657
416 416
375 375
593 592
556 557
382 382
553 555
488 488
630 629
552 551
532 535
511 510
592 592
476 476
483 482
441 442
536 537
511 511
468 471
521 521
834 833
512 511
467 468
584 585
421 422
512 511
476 476
615 615
603 604
489 491
373 372
470 470
484 484
571 570
520 520
363 362
658 663
628 628
425 424
541 540
545 544
527 530
638 640
548 547
515 514
459 459
339 338
467 467
557 556
542 541
363 365
469 471
425 425
577 577
475 474
429 428
308 307
402 401
358 357
347 347
496 495
350 351
529 529
522 521
388 388
487 487
489 488
461 461
456 455
725 724
463 464
349 349
459 458
418 422
532 532
434 435
429 428
439 439
522 521
395 394
538 538
455 455
383 383
530 530
442 441
393 394
376 377
580 580
608 607
744 746
402 401
580 579
430 429
501 501
611 610
516 516
602 603
566 566
504 508
429 428
461 460
589 588
524 525
538 538
623 622
481 481
506 507
357 356
511 511
579 579
323 323
416 416
528 528
535 535
519 518
495 498
373 373
502 505
442 444
494 495
445 444
710 711
479 479
547 546
509 508
406 407
518 518
536 538
548 548
474 473
548 547
473 473
331 330
620 620
546 546
467 466
707 706
617 617
544 545
516 515
399 400
548 548
515 516
561 560
484 484
566 565
530 530
393 393
377 377
424 423
519 519
651 650
615 615
556 556
540 543
445 445
569 568
608 608
578 579
634 633
444 444
505 506
414 417
585 585
525 525
450 449
601 600
469 468
544 544
628 627
346 347
567 568
409 411
606 608
489 489
261 261
478 479
383 382
540 539
499 500
511 510
447 447
485 488
373 372
448 447
477 477
529 532
497 498
592 591
499 499
429 428
503 503
488 488
473 473
593 593
535 534
406 408
852 853
563 563
373 372
613 613
468 467
391 392
497 496
373 372
392 391
366 366
444 444
431 431
585 587
395 395
498 500
602 603
642 642
418 419
376 375
534 534
528 529
621 624
615 615
610 609
585 586
377 376
602 602
481 480
496 495
587 586
463 464
377 376
444 443
418 418
380 381
513 516
503 502
523 524
389 389
484 486
507 507
318 318
483 485
479 478
632 634
633 632
381 380
535 535
568 567
511 510
457 456
323 324
577 580
439 440
545 545
683 684
445 447
541 540
547 547
515 515
487 489
450 453
298 298
566 568
636 639
684 685
639 639
496 498
472 473
503 502
630 631
453 455
761 762
400 400
603 603
816 816
382 383
468 467
597 596
547 547
484 484
580 580
619 620
482 482
540 541
503 503
536 536
283 284
559 558
410 410
631 630
571 570
431 432
368 368
567 569
553 554
522 521
598 598
542 541
500 502
417 417
358 357
401 400
447 446
483 483
473 473
501 501
613 612
564 565
374 374
364 364
418 418
534 534
569 568
616 617
465 465
555 556
476 477
562 563
513 513
446 445
551 550
414 415
432 431
434 436
483 483
295 295
584 583
527 526
722 721
526 525
669 668
607 607
585 585
605 605
349 348
461 461
420 421
594 593
582 582
521 520
563 564
521 521
419 419
560 560
526 525
439 439
524 524
425 424
658 657
517 517
570 570
482 482
538 538
397 397
654 653
531 531
519 519
452 459
597 597
378 378
482 481
442 442
404 405
666 665
480 481
612 611
580 580
428 427
442 441
565 565
382 385
422 421
558 557
467 467
618 617
611 610
669 671
496 496
508 508
442 442
434 437
487 488
702 702
547 548
526 526
494 493
663 664
439 442
482 481
244 245
593 593
614 615
590 589
304 303
482 481
542 542
564 563
561 561
561 560
601 600
676 675
355 356
455 454
405 404
569 568
433 434
596 596
599 598
444 443
617 617
673 672
600 599
321 320
572 573
585 584
515 514
507 506
466 467
567 567
462 461
377 376
406 407
589 589
563 567
588 587
711 710
449 449
430 429
323 325
566 565
324 323
407 407
342 342
523 523
365 365
494 494
458 457
659 659
491 492
489 489
368 367
514 513
474 475
486 486
343 346
487 487
374 373
474 473
484 483
521 522
886 886
388 387
430 434
590 589
540 540
471 472
378 377
705 705
386 387
481 480
467 466
448 447
695 696
450 449
361 360
566 566
542 541
429 430
359 360
370 370
571 570
508 508
531 530
622 621
502 504
503 505
286 286
490 491
525 528
508 507
374 374
458 458
503 502
582 582
387 386
566 566
481 480
443 443
573 574
368 368
513 514
529 528
524 523
443 447
315 315
517 518
421 421
670 671
674 673
457 456
549 549
344 344
302 303
299 298
531 531
459 459
335 334
678 680
567 567
579 579
442 441
574 573
579 578
551 550
448 448
428 428
330 330
452 454
624 624
563 567
532 531
513 513
556 555
425 426
497 499
554 554
376 375
409 413
517 516
689 690
632 633
574 573
487 490
572 572
471 471
583 583
478 478
526 527
509 508
525 525
484 488
576 576
349 349
404 404
494 494
383 383
476 478
394 396
425 424
462 462
427 426
447 446
471 471
491 491
340 340
487 490
565 566
554 555
372 373
590 593
469 468
614 613
650 650
487 487
468 470
531 530
494 494
546 545
571 572
437 436
499 499
559 559
511 510
450 450
437 436
658 657
584 583
561 560
449 449
521 520
391 391
384 385
333 333
479 478
451 451
613 612
390 390
560 559
503 503
291 292
484 484
485 484
583 582
526 526
393 393
578 577
420 419
563 563
393 393
601 601
430 429
469 470
499 498
384 383
463 462
395 395
557 557
379 379
679 678
594 594
369 370
446 445
391 391
497 496
450 450
497 497
503 503
589 588
426 426
492 491
417 416
428 427
456 455
622 624
438 437
510 510
461 462
541 541
474 476
632 631
553 552
435 435
316 317
433 432
617 617
567 566
449 449
577 576
361 361
277 276
558 557
368 367
471 471
601 600
437 437
374 374
505 506
400 399
706 706
489 488
549 548
671 670
315 315
511 513
784 785
437 438
485 484
390 390
236 235
343 343
611 610
384 384
508 508
438 438
570 570
541 541
631 631
446 445
533 532
577 576
492 491
403 403
627 626
572 571
198 200
573 572
411 411
396 396
454 454
540 544
528 528
490 490
473 473
468 469
493 492
454 453
478 477
647 646
700 700
515 514
573 573
474 473
540 540
535 535
513 513
705 705
405 408
456 455
390 390
504 503
571 573
525 525
474 474
669 668
539 541
358 358
578 579
393 394
548 550
380 380
491 494
500 500
406 406
575 576
368 368
521 520
435 435
512 512
464 465
339 338
295 295
640 640
589 588
544 546
583 583
440 440
593 592
570 572
459 458
479 479
613 612
346 345
724 725
565 564
532 531
501 500
451 452
453 456
512 511
491 490
455 455
582 583
429 428
468 468
578 577
418 418
596 596
365 365
373 372
571 571
322 322
527 528
457 456
425 427
249 249
427 431
423 424
557 559
342 341
501 501
453 452
515 514
408 407
491 491
368 368
486 485
624 623
594 594
481 481
601 601
589 588
482 481
454 454
569 569
574 575
608 608
394 394
399 400
577 577
528 528
447 447
631 631
505 508
416 415
446 446
477 478
470 470
340 339
379 379
371 372
502 501
402 404
521 520
468 469
684 685
475 475
364 365
692 694
435 436
401 402
493 492
579 579
410 409
505 505
391 390
506 505
584 585
616 616
559 558
535 534
436 437
586 586
349 350
438 438
437 437
213 213
613 612
536 535
627 627
654 654
438 438
403 402
488 487
357 356
478 478
414 415
422 421
524 524
501 503
471 471
583 583
347 347
434 434
342 342
551 550
496 495
325 329
631 631
393 394
577 578
333 333
559 558
465 466
420 420
427 427
419 420
506 506
406 405
497 497
633 633
489 488
443 443
488 488
528 527
394 395
453 453
518 520
576 575
535 534
353 353
693 692
533 534
741 741
433 432
599 599
607 607
505 505
574 574
719 718
496 497
400 399
439 438
412 411
530 529
589 591
560 559
461 461
688 689
510 509
509 508
565 566
521 520
544 544
445 445
472 472
458 462
445 445
455 456
582 581
635 636
381 381
564 563
689 688
516 517
518 517
742 741
354 355
376 377
386 387
451 451
438 438
488 488
542 544
742 742
516 516
450 450
496 497
589 589
417 416
553 553
534 533
549 549
631 630
825 825
428 428
495 494
440 439
605 606
573 573
625 624
686 686
647 646
455 455
315 315
571 570
484 484
389 388
628 628
508 508
536 537
690 689
408 407
579 578
546 546
567 567
465 466
619 618
635 635
555 555
530 529
564 564
538 538
351 352
631 631
618 618
542 541
546 547
498 502
434 433
327 326
590 591
512 511
562 562
651 650
237 238
423 427
586 586
202 201
490 491
573 573
686 687
446 446
502 501
589 590
695 696
585 584
535 535
633 632
592 591
693 693
433 432
469 468
426 427
426 427
448 447
493 493
516 516
535 535
685 685
598 597
621 621
568 567
501 500
429 428
376 376
495 494
589 588
612 612
397 397
531 531
583 583
464 464
572 571
610 610
425 424
487 488
453 452
618 618
484 484
600 600
441 442
428 427
514 517
541 540
467 466
596 596
575 574
476 475
396 396
436 437
680 680
571 571
351 352
528 528
532 533
549 548
475 475
412 411
554 553
559 559
509 509
397 396
489 491
432 432
471 470
551 551
682 682
616 616
634 637
560 560
495 494
565 566
436 436
597 599
531 531
564 563
569 571
369 369
622 622
661 660
344 344
559 558
377 376
505 505
339 338
487 489
470 472
176 175
414 413
520 519
588 590
540 539
469 468
566 565
535 535
613 613
458 457
515 514
579 581
475 476
424 423
487 487
642 643
500 500
378 378
691 690
345 345
547 547
507 506
378 377
601 601
546 548
326 326
399 399
542 541
311 311
500 499
479 478
433 432
453 452
416 415
506 505
526 525
457 456
432 431
394 393
468 468
264 263
509 509
372 373
595 594
653 653
548 548
416 417
661 661
448 448
543 547
489 488
577 579
561 560
490 490
473 475
458 457
515 515
254 253
330 331
555 555
499 498
408 407
321 320
552 553
458 458
405 404
489 489
827 827
437 438
641 640
617 618
510 509
468 468
539 539
535 534
444 446
378 377
657 657
663 662
343 343
471 471
406 406
421 421
514 516
450 451
561 562
447 449
191 191
538 537
465 464
482 484
461 461
452 451
536 535
657 657
550 549
350 351
457 458
546 546
485 484
658 658
589 588
361 365
666 665
565 564
497 501
359 359
671 671
416 415
475 475
659 660
569 569
608 608
525 525
582 581
613 613
444 444
527 526
454 453
445 448
454 453
322 321
472 472
487 487
589 589
682 683
501 501
419 420
491 491
389 388
436 439
652 653
380 380
492 492
421 420
470 470
455 455
653 653
386 385
598 597
624 625
554 553
529 530
489 489
506 507
325 328
528 527
557 557
407 407
537 537
434 434
468 468
634 633
467 467
593 592
571 571
616 615
407 406
460 460
725 724
604 603
530 529
595 595
514 515
584 585
455 455
455 455
523 522
599 599
542 541
454 453
378 379
688 688
604 603
503 502
498 498
515 516
507 507
564 564
515 514
595 594
521 521
403 405
352 351
518 518
458 457
439 438
407 406
579 581
755 755
414 413
679 678
585 584
494 493
529 529
439 439
596 597
544 544
548 548
630 629
477 477
562 561
739 739
412 411
589 589
699 700
363 363
497 499
510 509
410 409
449 450
650 649
377 376
360 360
598 598
547 547
504 503
371 370
590 591
645 644
478 478
612 612
759 758
588 588
526 526
540 539
543 545
573 573
433 433
500 500
324 324
565 565
592 591
625 624
595 594
430 429
463 463
543 542
463 463
538 539
591 591
485 485
634 634
492 491
535 536
429 428
451 451
336 336
478 477
425 425
482 485
651 653
627 627
466 466
662 662
540 539
563 563
645 645
451 450
537 536
556 555
407 407
584 584
427 427
363 362
410 409
528 528
659 659
557 557
576 576
394 393
629 629
333 334
750 751
579 578
621 621
579 579
412 411
421 420
703 703
221 221
460 459
577 577
432 433
488 488
526 528
545 544
540 541
438 437
428 427
451 451
271 271
525 525
518 518
462 463
514 513
443 442
377 377
545 544
441 441
491 490
529 528
283 284
576 576
565 567
308 308
561 561
428 428
540 539
453 453
347 347
434 434
361 360
400 400
601 601
488 487
566 566
466 467
362 361
491 491
509 508
538 538
539 538
571 570
549 548
409 409
744 743
543 542
469 469
657 656
398 401
596 595
651 651
423 422
476 476
429 429
373 373
386 387
409 408
612 616
319 318
459 458
764 763
278 278
567 566
479 479
734 734
489 489
605 606
448 447
260 259
469 468
453 453
436 435
308 307
462 462
730 732
580 580
480 480
458 457
498 497
559 560
533 532
476 475
474 476
411 411
585 585
358 357
577 576
525 524
516 516
557 557
500 499
467 466
346 345
523 525
562 561
535 535
494 493
460 460
465 464
456 458
381 382
488 488
446 448
407 407
580 581
501 500
592 591
493 492
360 361
438 437
625 627
501 501
428 427
476 477
541 540
512 512
474 473
464 463
522 524
485 486
449 449
404 405
492 494
473 474
537 537
581 580
483 483
495 494
415 416
575 575
395 396
457 456
645 645
520 519
376 378
563 562
646 645
411 411
571 570
452 453
599 598
643 643
504 504
643 643
513 513
506 506
483 483
472 471
592 591
605 605
435 435
395 396
350 349
554 555
471 471
678 679
316 315
448 447
704 706
700 701
371 371
594 596
557 560
578 581
714 714
432 432
385 385
511 511
428 429
281 280
562 561
439 438
379 379
607 606
445 445
387 386
385 387
515 515
485 484
346 350
565 564
341 342
462 462
522 522
562 562
575 575
506 507
368 367
465 465
389 389
625 626
381 381
528 528
495 495
512 511
472 471
611 611
462 461
454 455
449 449
428 428
520 519
283 283
552 552
457 456
561 561
460 459
439 438
405 404
667 668
500 499
455 454
555 556
361 360
468 468
696 698
410 409
436 435
562 561
446 445
493 492
442 443
415 415
632 631
650 650
475 475
670 669
465 464
440 440
536 540
537 538
680 681
449 449
556 557
435 435
604 606
664 664
565 565
427 426
530 530
512 511
524 526
479 479
550 549
406 410
410 411
582 581
408 409
571 570
606 606
554 554
331 330
226 226
499 501
511 510
609 609
475 474
421 421
526 526
600 600
467 466
501 500
167 166
464 463
422 422
546 546
609 609
659 659
422 422
383 382
548 549
425 425
840 841
439 443
387 386
564 564
593 592
566 569
605 604
695 696
568 567
579 579
665 665
406 405
503 503
744 744
561 561
669 668
612 614
561 562
572 572
495 496
417 416
403 403
547 546
475 475
466 466
415 415
586 585
425 425
404 406
341 340
490 490
267 266
640 640
487 487
398 398
594 594
383 382
704 704
278 280
540 539
481 480
461 461
273 273
503 503
533 533
567 567
409 410
396 395
482 483
536 535
550 549
556 555
571 571
450 450
392 392
386 386
552 551
620 620
410 410
479 479
223 224
463 463
471 470
374 374
594 595
415 416
483 485
648 649
312 312
540 541
492 491
572 571
404 405
504 504
451 450
388 387
546 546
674 673
475 475
331 330
718 718
483 483
597 596
377 376
563 563
347 348
375 375
502 501
485 485
640 641
509 509
435 435
652 652
537 536
552 553
399 400
466 465
676 677
380 382
475 474
315 314
649 649
585 584
589 590
527 527
438 437
544 544
371 370
455 462
551 550
440 441
568 567
485 484
580 580
438 438
419 419
657 656
577 580
502 501
591 592
517 518
565 564
393 392
511 511
477 476
549 549
494 494
433 433
306 305
316 317
542 543
569 569
477 477
624 628
477 476
497 497
433 433
619 619
704 703
586 585
627 628
577 576
455 456
454 454
451 451
425 424
620 621
534 533
540 539
480 480
532 531
634 633
619 618
516 515
425 425
397 396
519 518
548 548
584 583
542 542
451 450
423 422
377 378
540 541
415 415
625 624
527 526
374 374
387 393
344 343
592 592
416 415
508 508
434 435
557 556
573 572
556 556
485 487
405 406
699 700
614 614
405 405
642 641
477 478
416 416
665 665
288 288
448 448
305 304
469 469
505 504
673 672
503 502
468 468
511 511
475 474
528 528
390 390
451 450
499 499
500 499
442 441
596 596
446 446
522 521
424 423
505 506
368 367
371 370
575 574
408 410
431 430
397 397
474 473
524 523
558 557
457 459
542 541
698 699
355 357
382 381
401 401
533 533
408 407
443 443
408 407
490 490
403 402
450 451
349 352
556 556
609 611
328 328
405 404
509 509
595 595
340 339
701 702
436 437
361 360
517 518
482 483
571 571
471 471
479 480
487 488
447 446
660 659
625 625
542 542
590 590
587 586
332 331
510 509
432 432
494 493
523 525
502 502
582 581
577 576
296 296
662 664
438 440
478 478
425 425
625 624
655 655
433 432
570 570
402 403
495 496
456 457
634 633
702 703
587 589
440 439
703 702
389 389
521 522
492 491
473 472
345 346
412 412
625 625
516 515
548 547
428 427
516 516
626 627
622 622
569 569
398 401
521 522
409 411
379 378
516 515
597 597
432 431
473 472
527 527
483 482
385 384
359 359
437 436
482 482
515 516
551 552
568 569
381 381
667 666
599 599
631 630
535 537
350 350
642 642
265 265
543 543
558 560
272 271
576 575
539 540
628 627
358 358
623 622
437 437
347 346
289 288
431 430
742 742
586 587
709 711
540 542
498 498
536 537
350 350
398 399
488 490
702 702
785 786
516 515
362 364
448 448
538 537
673 673
512 512
529 529
389 389
631 631
544 544
460 459
560 562
600 601
416 416
527 527
531 530
543 542
507 508
477 477
600 599
332 332
672 671
417 417
525 524
598 597
592 593
397 396
587 590
478 478
547 546
525 525
660 659
679 678
435 436
509 509
581 582
548 547
329 329
483 482
597 597
519 518
599 599
406 406
557 558
715 715
252 251
669 670
559 561
656 655
403 402
403 402
444 443
481 481
446 445
370 371
457 457
369 369
435 434
303 303
374 373
573 572
468 470
636 638
435 434
444 448
458 459
433 433
486 488
510 512
327 327
552 553
492 492
426 425
469 470
612 613
322 322
640 639
585 584
487 489
635 635
572 572
591 591
641 641
579 579
529 529
520 519
561 561
523 526
419 420
422 422
455 454
489 489
495 494
494 493
366 365
579 578
376 377
439 438
706 705
520 520
416 415
568 571
493 492
519 519
378 380
698 697
317 316
461 461
413 414
430 429
452 452
584 585
431 430
396 399
700 702
565 565
437 437
526 525
400 400
516 515
530 529
660 661
589 588
666 665
431 431
399 400
297 298
579 580
517 517
476 476
435 435
331 331
553 553
507 507
462 464
496 496
419 418
566 565
538 538
439 439
584 584
427 428
501 500
509 511
532 532
564 563
400 401
466 466
535 534
489 490
501 500
739 738
363 364
454 454
679 679
705 704
318 318
573 572
542 542
442 442
643 642
542 541
660 659
468 467
366 365
474 473
626 625
315 316
423 423
301 300
468 468
423 423
602 602
506 506
522 521
619 621
537 538
450 450
748 749
470 471
551 552
605 604
709 710
472 471
455 455
599 598
510 513
537 536
657 657
540 540
407 408
593 595
578 577
394 395
580 579
423 423
396 395
458 457
669 671
425 424
462 462
705 704
611 611
626 627
582 582
352 352
667 667
611 612
364 364
484 484
538 537
562 562
462 462
539 538
592 592
355 356
433 433
490 490
545 545
626 625
525 524
576 577
612 611
589 593
412 411
368 368
282 282
458 458
539 539
336 336
410 413
729 729
603 603
350 350
692 691
551 553
493 492
569 569
443 443
639 639
428 428
516 516
458 457
621 620
293 293
386 386
563 564
465 467
393 396
439 440
324 324
553 552
471 471
561 560
427 427
565 566
366 366
560 560
609 609
254 254
517 517
472 471
463 462
437 437
602 602
321 321
550 550
404 403
502 501
581 580
392 391
546 546
737 736
449 448
412 413
559 559
396 396
413 412
348 347
432 432
623 624
505 504
563 563
557 556
355 357
406 406
595 595
697 696
420 419
493 492
533 533
355 354
631 631
566 565
302 302
590 592
435 434
593 597
552 552
452 452
578 578
299 300
619 619
490 490
570 569
510 509
697 697
645 645
565 564
403 402
414 414
665 666
518 518
510 515
541 541
679 679
585 585
559 558
462 462
363 362
363 363
656 659
523 524
381 381
638 637
605 605
610 610
390 389
546 546
516 517
400 401
535 536
624 624
309 308
531 533
615 615
578 577
623 624
480 481
464 466
708 710
442 443
601 600
499 500
296 295
522 522
403 402
697 697
469 469
552 555
659 658
630 631
451 452
457 457
431 431
583 582
508 508
495 494
443 444
570 569
423 422
529 529
465 464
301 301
325 325
506 505
419 420
701 701
587 587
411 413
645 646
439 439
551 552
595 595
631 630
567 566
406 406
536 535
616 616
461 461
733 732
490 490
474 473
493 493
448 449
494 494
430 430
548 548
608 608
577 576
651 652
504 504
630 630
579 578
479 478
377 377
466 466
415 414
619 620
538 538
653 653
503 503
353 355
300 300
546 547
421 421
535 534
528 528
386 385
514 513
592 591
470 469
383 385
392 394
530 531
657 657
442 442
390 389
550 549
368 367
580 581
473 474
448 448
670 669
456 457
529 528
452 452
419 418
539 543
403 402
403 402
511 511
500 499
504 505
611 613
527 526
644 643
451 450
596 595
492 492
645 649
609 608
478 478
528 527
611 610
399 398
553 553
347 346
551 550
740 740
404 403
507 508
459 459
479 480
628 627
387 389
579 580
380 380
649 650
481 481
536 535
432 431
465 464
543 543
385 385
503 502
654 655
293 292
509 511
472 471
493 494
527 527
619 620
491 493
567 566
382 381
494 493
415 414
383 383
619 619
334 336
550 549
707 706
547 548
331 330
600 599
394 393
385 385
447 447
507 506
567 566
474 474
475 474
364 364
386 385
630 629
428 427
568 568
367 367
520 520
579 578
503 503
683 684
624 624
444 443
561 560
563 563
463 466
533 535
456 456
513 515
537 537
397 396
524 523
477 478
478 478
609 608
575 577
426 425
360 359
557 558
625 627
482 481
522 522
458 458
526 525
575 578
526 526
357 357
509 509
645 644
532 531
523 523
495 494
464 466
638 637
381 380
363 363
399 398
504 506
378 377
659 658
331 331
449 449
404 403
571 571
623 622
799 798
664 663
548 547
348 347
595 594
520 521
527 528
574 573
578 578
528 529
658 657
553 552
433 436
527 526
535 535
382 382
410 411
562 561
521 521
390 390
648 648
490 490
638 638
420 421
400 400
822 823
438 438
615 614
564 564
579 578
684 683
645 644
522 522
389 389
462 463
389 389
629 628
551 551
583 583
479 478
527 526
530 530
546 550
514 514
570 570
557 557
532 532
524 524
455 456
607 607
530 530
457 457
306 308
510 510
546 546
520 519
505 507
419 419
465 465
669 670
509 508
613 612
623 625
502 502
475 474
606 606
431 431
534 533
490 490
723 723
433 433
509 511
505 507
479 479
546 545
527 528
540 540
445 446
520 520
449 450
483 483
620 619
582 582
489 491
730 729
602 603
577 578
554 554
469 469
748 748
498 499
495 497
513 512
531 532
674 674
508 508
510 511
300 299
579 578
478 477
556 556
545 547
635 635
442 443
568 567
529 529
627 628
384 385
553 552
240 242
450 449
707 707
519 518
628 627
465 465
624 623
364 364
585 584
539 541
527 527
699 700
528 528
602 601
419 419
312 311
461 460
460 459
505 505
624 624
519 518
449 449
420 421
591 590
430 429
620 623
350 350
679 679
318 317
594 593
513 513
490 490
372 371
483 483
573 572
687 688
472 471
584 583
579 578
569 569
353 353
534 533
549 549
575 576
464 463
352 352
601 600
539 540
426 425
370 370
566 566
414 414
481 482
593 592
613 612
428 428
684 683
470 470
443 443
276 276
591 591
397 396
508 508
676 675
401 403
485 485
620 620
374 374
521 521
476 476
490 490
306 306
607 608
442 443
358 358
599 599
291 291
730 729
370 373
496 495
586 586
454 454
398 398
498 497
494 495
394 394
562 561
356 356
491 492
402 404
546 546
608 609
610 611
359 358
567 566
432 431
448 447
612 611
446 446
411 411
437 438
508 509
555 554
544 544
464 464
489 488
624 624
494 494
458 459
416 416
348 347
474 475
628 628
399 398
550 549
606 605
668 667
502 503
432 431
416 415
499 499
334 335
535 534
484 483
538 538
451 451
459 460
443 442
734 734
495 495
498 501
430 429
507 507
497 497
458 458
463 462
543 543
602 603
341 340
545 544
631 630
541 540
566 567
641 640
573 574
262 264
555 555
337 339
430 429
610 610
468 467
455 458
629 631
479 478
602 601
482 483
455 455
529 529
458 458
474 473
378 377
472 471
552 553
398 399
674 674
423 422
513 513
574 575
647 646
565 565
548 548
420 420
546 546
360 359
267 266
421 423
549 548
263 262
451 450
401 400
543 542
393 394
698 702
518 518
410 409
455 455
461 461
569 572
580 581
382 381
607 607
473 474
376 375
453 452
539 541
454 454
487 486
463 462
579 578
537 536
320 319
637 638
387 387
407 406
690 689
568 569
669 670
506 507
461 466
367 366
447 447
588 590
615 615
787 788
536 535
469 469
425 424
493 492
545 545
570 569
467 468
500 499
679 679
556 555
514 515
607 607
567 568
654 653
237 239
528 527
340 340
595 595
616 616
597 596
642 642
607 608
601 601
406 406
530 529
367 367
365 364
512 512
670 669
634 634
260 261
760 762
500 500
398 397
499 500
429 429
499 499
549 549
534 534
365 364
472 472
615 616
517 517
511 511
527 527
426 429
573 574
456 455
538 537
451 451
620 620
443 443
607 609
508 508
551 551
451 450
371 370
492 493
561 561
452 452
376 380
563 563
601 602
524 524
605 606
491 492
643 644
589 588
461 461
428 428
541 541
566 567
608 607
551 550
553 554
520 520
459 459
528 528
404 406
374 374
562 563
479 478
539 540
436 437
506 505
486 486
598 598
672 672
588 588
597 596
695 694
540 540
476 476
466 465
476 476
562 563
419 419
602 605
569 569
681 681
351 352
561 560
624 623
535 537
483 483
687 688
605 606
352 351
635 635
683 683
334 335
723 723
458 457
371 370
340 339
630 631
330 329
496 498
417 419
685 685
572 571
648 647
417 419
565 565
530 530
382 385
445 444
482 483
406 405
604 603
492 492
594 595
419 418
561 563
505 505
499 499
621 621
362 364
550 551
529 531
460 460
427 427
534 537
438 437
616 616
388 387
485 486
444 443
300 299
594 594
623 627
531 530
530 529
404 403
627 627
405 405
385 385
354 353
478 477
410 410
622 622
446 447
513 514
460 459
519 518
471 470
548 548
543 544
555 555
495 494
551 550
677 679
485 485
548 548
621 621
516 516
327 326
495 495
593 593
600 604
393 393
526 525
489 488
545 545
450 449
437 436
451 451
297 297
652 651
569 569
475 474
429 429
408 408
412 411
510 511
485 485
661 663
494 493
560 561
448 447
420 419
380 381
607 607
595 594
621 621
425 424
570 570
587 587
459 459
310 310
364 363
707 709
463 462
545 544
627 628
384 384
616 616
460 460
400 399
429 430
418 417
422 422
557 557
393 395
289 290
404 403
562 562
495 496
532 532
454 456
323 324
540 540
621 622
546 546
469 468
410 411
585 585
590 590
400 400
458 458
487 487
328 329
588 588
560 560
818 818
348 349
506 505
382 382
620 619
482 482
444 443
608 607
524 524
600 599
476 476
279 278
510 512
460 461
538 538
698 698
284 286
277 278
592 592
488 487
657 656
362 361
403 403
483 483
644 643
486 485
301 301
610 610
502 501
532 531
494 493
456 455
566 567
666 666
530 529
413 415
436 436
624 623
633 634
466 466
561 560
586 585
486 485
555 554
561 560
429 428
577 579
537 537
448 447
339 338
626 626
418 417
612 613
493 492
591 594
421 421
539 539
527 527
366 366
433 433
522 522
687 687
418 419
583 584
309 309
527 527
413 412
607 608
506 505
362 363
543 544
500 500
628 630
395 395
637 636
554 554
455 455
476 475
468 468
531 531
714 713
537 536
384 384
533 533
542 542
614 613
645 649
551 550
405 406
515 514
415 415
480 481
608 608
437 436
545 544
544 543
473 473
507 506
448 449
462 461
572 573
438 437
618 618
482 482
479 478
442 442
455 456
411 411
463 462
427 426
695 694
545 545
403 402
563 562
440 440
496 497
639 639
419 422
562 561
411 410
690 694
295 294
651 650
430 430
572 572
437 436
525 527
550 552
495 494
536 535
626 625
525 525
640 639
559 559
645 644
489 490
436 435
391 391
535 536
569 568
668 667
706 705
560 563
456 455
453 452
344 345
657 656
599 598
399 398
602 601
433 432
501 502
431 430
574 575
356 356
541 545
588 587
380 379
655 658
397 398
458 458
437 437
513 512
383 382
534 534
574 574
451 452
656 655
396 396
677 677
576 575
513 513
459 460
472 472
470 469
659 661
562 562
454 454
525 526
364 364
506 505
446 445
497 496
590 589
610 609
492 493
554 553
401 402
682 681
652 651
539 538
359 359
591 591
732 731
547 546
446 446
610 610
441 441
645 649
434 435
511 510
490 492
357 356
469 470
397 397
505 504
518 522
365 365
528 529
431 431
692 691
260 262
631 630
559 560
418 418
571 572
538 539
511 510
389 389
650 650
367 368
602 602
522 522
412 411
519 521
371 371
454 453
281 280
466 469
575 574
695 694
453 452
547 546
508 508
673 672
807 806
406 405
526 526
540 540
364 368
398 397
625 625
368 367
522 522
468 468
687 687
478 477
562 562
557 556
440 440
569 569
524 526
547 547
406 405
523 522
459 459
403 403
523 522
598 598
486 486
471 473
404 403
569 568
472 472
553 554
293 292
427 426
652 651
721 720
354 353
580 580
459 458
405 405
442 445
864 864
356 357
557 557
479 480
415 415
477 476
523 523
552 551
490 490
363 362
521 520
414 414
513 513
474 473
453 454
562 561
335 334
488 489
584 585
582 581
623 623
394 393
548 548
532 534
575 575
596 597
550 550
676 676
616 616
455 454
566 566
340 339
323 322
573 574
395 394
434 434
447 446
475 474
560 560
603 602
541 543
586 587
428 430
544 543
511 510
480 480
484 483
484 484
474 474
643 643
652 652
442 442
378 378
636 635
328 329
497 497
490 489
463 465
445 446
382 382
559 558
526 527
466 466
453 453
640 640
654 655
396 395
456 457
496 499
442 443
446 446
382 381
350 352
633 633
483 483
633 632
430 429
533 533
383 383
427 427
394 394
363 362
357 357
312 311
385 384
433 432
378 378
603 602
608 609
182 182
401 401
699 698
613 613
470 469
471 475
475 474
637 636
518 517
524 525
420 421
461 461
531 532
540 542
451 450
534 536
568 567
448 448
597 597
549 552
562 562
559 558
447 447
533 532
453 452
465 466
579 579
507 507
466 467
582 581
441 441
502 501
616 615
436 436
489 490
522 522
593 593
581 581
497 499
544 543
596 595
507 506
465 466
496 495
674 675
516 517
536 535
390 389
568 567
524 523
466 465
462 463
718 718
354 354
542 542
512 511
556 562
652 652
617 617
417 417
477 479
544 545
522 524
460 460
508 507
404 403
471 470
455 455
540 540
647 646
372 371
438 437
740 740
432 432
588 588
433 432
489 489
626 625
479 478
645 646
674 673
561 560
449 450
334 335
409 408
477 476
680 679
642 641
480 481
420 419
607 608
521 522
489 488
745 746
670 672
749 749
581 581
224 225
639 638
406 406
428 427
525 525
526 526
522 522
370 370
527 526
478 478
401 400
538 537
526 526
343 343
595 595
620 619
518 520
429 430
691 690
522 521
522 522
541 540
399 400
439 440
387 386
411 410
535 537
447 448
419 418
537 537
566 566
539 538
610 610
290 292
630 630
671 670
215 215
671 672
334 334
444 450
504 503
559 559
385 385
485 484
579 580
626 626
433 433
437 439
372 371
547 546
517 516
491 492
484 487
584 584
643 643
468 467
545 545
531 531
530 530
313 315
317 316
566 565
436 435
437 436
448 447
474 474
459 459
654 654
537 536
329 329
343 342
550 551
368 368
404 403
469 469
478 478
419 422
395 396
346 347
382 382
469 470
508 507
387 387
262 262
443 443
541 541
527 531
521 521
569 570
662 661
545 546
462 461
502 501
629 629
469 469
587 587
572 571
477 476
382 381
559 559
547 548
412 413
441 440
487 486
480 481
491 490
602 603
427 426
488 489
496 495
608 607
390 391
572 574
363 363
428 427
425 425
387 386
501 503
345 345
596 597
470 469
547 546
437 437
394 394
269 270
477 477
557 556
465 465
581 581
575 575
585 584
511 510
479 479
521 523
465 464
220 220
565 565
414 413
559 558
585 585
398 399
600 600
624 624
643 642
493 493
600 599
421 420
542 542
483 482
490 490
556 559
564 563
496 497
453 453
210 210
385 385
634 634
460 459
327 329
392 391
577 577
514 513
569 569
604 605
534 537
483 482
507 509
385 384
517 517
715 716
417 417
536 535
624 624
575 576
488 487
553 553
383 384
601 600
529 528
567 567
284 283
513 513
550 551
679 679
437 437
529 529
546 545
492 491
535 536
426 426
585 585
277 276
330 336
465 466
552 554
670 670
322 322
280 279
536 535
634 633
540 540
576 575
602 602
425 424
558 560
421 420
475 474
436 435
498 499
420 422
290 292
444 443
531 530
431 430
643 642
478 481
610 610
598 597
466 466
435 434
453 452
452 452
359 358
398 400
472 472
751 750
427 427
581 581
616 617
368 368
351 350
472 473
517 519
586 585
490 489
544 544
365 366
415 414
507 506
513 514
531 531
643 643
384 385
570 570
439 441
473 473
505 506
507 506
528 527
459 458
659 659
528 527
604 604
438 439
483 482
570 571
435 436
413 414
553 553
645 644
656 656
732 733
444 443
496 495
690 689
521 521
497 497
636 635
583 582
368 368
442 442
515 516
443 443
509 508
568 567
311 311
352 353
639 638
492 492
385 386
575 575
623 622
544 544
551 552
538 539
354 354
583 582
568 569
409 409
456 455
567 566
392 392
340 340
503 504
535 535
693 692
404 403
268 272
397 398
544 543
494 494
455 454
387 387
678 679
503 502
571 572
558 558
570 569
485 486
447 446
544 544
542 543
487 486
363 363
402 408
432 432
585 584
470 471
478 477
410 410
547 548
631 635
587 587
520 519
540 539
680 679
507 506
570 570
505 505
585 587
679 679
528 528
404 407
601 602
670 670
554 553
249 249
686 686
591 590
532 532
296 295
407 407
506 505
473 472
395 395
434 435
533 533
354 354
401 402
533 532
471 471
313 312
455 455
629 629
437 437
496 496
372 371
615 614
477 477
576 578
449 449
523 522
521 521
475 474
642 642
587 586
419 419
507 510
378 378
491 490
510 509
602 601
621 621
281 281
362 362
410 410
403 407
528 528
496 495
563 563
584 585
417 416
684 683
618 617
411 411
704 707
390 391
567 566
414 413
562 562
537 537
526 525
583 583
471 470
611 610
606 606
603 603
740 740
396 395
460 459
427 426
521 520
536 536
563 562
533 533
533 532
310 311
354 353
396 395
456 455
492 495
525 525
542 542
513 513
498 498
442 443
451 451
372 372
402 401
496 500
387 387
587 586
246 247
538 537
435 434
414 414
483 484
573 573
373 373
548 552
582 581
465 467
378 377
436 436
532 531
448 447
609 608
503 502
595 595
765 765
588 587
316 315
612 612
517 516
344 344
315 314
573 572
500 499
461 461
446 445
496 495
457 457
321 323
564 563
627 627
454 457
611 611
530 530
641 642
290 290
640 641
664 663
449 449
239 240
394 393
504 504
256 255
537 537
641 641
329 330
568 567
583 582
435 435
405 404
426 427
630 630
559 558
556 557
435 434
256 255
616 615
422 422
437 439
393 392
521 522
591 590
220 220
493 493
352 352
310 312
590 590
523 523
477 478
556 556
588 588
472 471
341 341
546 550
537 537
537 537
517 517
437 436
613 614
358 357
543 542
406 406
510 509
500 501
485 484
534 533
587 587
639 643
492 493
347 350
487 487
248 247
515 515
577 577
595 595
719 718
467 466
464 463
623 623
461 462
451 451
602 601
676 676
425 425
686 685
567 566
536 535
438 438
509 509
412 411
543 546
362 361
426 425
470 470
610 609
538 541
675 675
568 571
547 547
409 409
404 405
646 646
621 620
628 627
575 577
463 463
441 442
392 393
497 500
498 499
436 435
512 511
370 370
525 527
509 509
553 553
561 560
579 578
355 354
476 476
414 413
608 607
574 574
508 507
623 624
484 485
380 380
633 632
547 546
380 379
388 388
567 569
537 537
576 576
527 526
619 618
385 385
657 656
582 582
404 403
604 603
490 490
582 581
529 528
448 449
479 479
408 409
402 402
644 644
612 612
412 413
546 545
498 497
676 675
455 455
781 781
529 530
571 570
432 431
419 418
564 564
472 473
285 285
497 497
530 529
573 573
531 532
456 457
465 465
226 225
440 440
543 544
500 502
393 392
489 490
379 378
528 529
603 603
527 527
617 618
475 479
468 467
506 506
368 368
373 372
567 566
413 413
484 484
504 504
541 541
401 400
791 790
580 582
552 553
552 552
422 421
635 634
406 406
451 451
416 415
533 533
519 520
696 696
370 369
516 515
384 386
671 671
339 338
570 570
567 567
591 591
540 542
602 602
579 578
360 360
422 422
388 387
451 451
489 489
276 277
489 488
524 523
559 562
472 471
531 532
392 393
609 610
532 531
550 549
327 328
584 583
531 531
555 555
699 700
491 492
608 607
628 627
498 497
527 526
831 830
479 480
366 366
535 535
433 437
518 517
286 285
505 505
440 440
461 462
502 502
340 339
494 494
509 511
328 328
547 548
315 318
515 514
424 424
418 418
400 399
530 530
492 495
506 506
438 439
416 419
554 554
435 434
617 616
561 560
423 423
340 340
527 527
282 281
534 534
530 529
687 687
495 494
472 472
574 573
434 435
496 495
504 506
576 575
544 544
469 468
615 615
557 556
322 321
376 375
499 498
571 570
476 475
600 600
387 388
554 553
357 357
473 472
527 526
415 415
471 472
329 328
494 494
759 758
499 500
617 616
615 616
601 600
513 513
664 663
453 453
462 461
591 590
473 472
352 354
425 425
455 454
455 456
569 568
598 597
424 423
442 444
359 359
460 461
497 496
368 367
550 550
473 472
393 393
650 649
576 576
548 553
534 534
646 648
320 320
584 586
448 449
403 403
586 585
422 421
275 274
453 453
484 488
602 604
586 586
617 617
450 450
534 534
565 565
351 351
529 529
695 694
268 268
608 609
542 541
544 544
473 472
478 479
432 432
295 294
368 368
635 634
553 552
512 512
492 491
614 615
388 388
370 369
473 473
526 526
513 513
356 356
423 423
654 654
586 586
542 542
468 470
407 406
671 674
467 467
607 607
619 618
389 388
526 525
559 559
413 412
461 463
548 548
518 517
415 416
409 412
405 404
459 459
561 562
439 441
505 504
508 509
593 595
494 493
355 354
607 606
569 571
307 306
457 457
594 596
496 495
550 550
433 433
497 496
428 427
522 521
453 453
630 629
620 619
455 454
548 547
265 264
427 427
453 452
545 545
657 656
594 595
488 487
433 432
472 473
656 657
446 446
224 225
476 476
370 369
391 393
542 542
603 602
394 393
295 295
588 588
451 450
379 380
445 453
506 506
395 396
552 552
452 451
532 531
535 536
660 659
661 660
582 582
396 395
437 437
441 440
524 525
624 624
680 681
521 521
454 453
513 513
514 517
384 383
422 421
552 552
446 445
623 622
559 558
466 466
616 616
429 430
573 575
417 416
558 557
454 453
426 428
517 517
595 598
446 445
444 443
615 616
436 437
506 508
394 394
515 515
511 512
408 408
470 470
451 451
544 543
426 426
449 450
464 464
345 344
511 513
607 606
427 427
575 574
437 436
418 417
545 547
477 476
585 585
453 453
432 432
652 651
576 575
675 675
367 367
436 435
430 431
456 455
580 579
370 369
379 378
497 496
432 431
508 508
429 428
568 567
502 503
586 585
493 492
582 582
416 415
473 472
345 344
426 425
641 641
588 588
660 662
384 386
478 477
515 515
640 640
378 378
272 271
371 372
514 514
489 489
507 506
541 541
427 427
423 422
540 540
570 570
202 202
395 395
509 509
449 450
684 683
359 361
517 517
420 420
579 578
400 401
498 497
457 456
482 481
501 501
559 561
506 505
280 279
354 355
397 398
545 546
502 503
516 515
593 592
461 461
635 635
318 317
455 456
358 359
530 529
448 448
678 678
721 720
706 708
370 369
533 532
377 378
530 530
408 408
520 520
380 380
586 586
361 360
600 600
375 375
363 362
505 504
366 366
614 614
504 504
469 468
383 382
473 474
745 744
455 454
512 514
418 418
465 467
518 517
563 563
479 481
341 341
500 499
685 687
436 435
502 502
452 451
598 598
414 415
529 528
501 501
735 735
521 521
490 489
463 466
423 423
492 491
584 583
500 501
580 579
490 490
449 450
408 409
440 439
491 492
500 500
560 564
655 654
620 619
518 519
562 565
360 360
631 631
544 543
554 557
555 556
598 598
636 637
576 575
527 530
514 514
772 773
489 491
508 507
502 502
554 554
657 658
620 620
508 509
317 316
768 767
451 452
499 500
563 563
505 504
418 417
643 643
611 612
425 424
537 537
634 633
546 545
752 751
568 567
496 495
455 455
433 432
676 675
580 581
428 427
443 442
410 410
604 608
455 455
355 354
640 640
610 609
605 604
735 735
366 365
465 465
416 416
630 629
456 456
613 613
427 426
346 346
524 525
445 446
590 592
439 438
479 479
626 627
353 352
503 502
510 510
647 647
403 404
542 545
383 383
599 599
635 634
584 583
272 273
460 459
692 691
373 374
472 472
370 372
371 371
530 529
468 468
680 680
634 634
548 547
475 474
544 543
430 431
512 513
399 399
474 473
613 613
525 526
439 438
491 490
443 442
498 498
397 399
504 503
425 427
479 478
612 611
482 482
644 644
507 507
603 602
624 624
601 602
583 583
580 581
540 539
773 774
495 495
690 690
449 450
419 419
401 400
475 476
563 565
628 628
482 481
424 425
646 645
515 517
441 441
465 465
558 558
492 492
563 562
432 431
517 517
588 588
474 474
587 587
838 837
686 686
497 497
440 439
557 557
585 584
461 466
547 549
337 337
496 497
500 499
576 575
450 449
613 612
610 611
444 444
408 407
317 319
506 507
468 468
568 568
458 457
453 456
425 424
459 458
519 520
523 523
267 266
635 635
588 587
497 496
619 618
515 515
391 391
264 263
448 448
458 458
634 633
592 593
517 517
584 585
311 311
302 301
481 481
468 468
442 444
614 613
555 555
670 670
466 466
571 571
380 380
643 642
432 434
555 556
598 597
363 363
510 511
598 597
616 616
543 543
439 438
591 590
362 362
598 597
457 457
596 595
595 594
494 494
549 550
486 486
458 457
430 429
520 521
389 389
657 659
419 419
323 322
391 390
359 358
519 519
440 441
604 604
619 619
412 414
523 523
605 605
606 607
435 434
495 495
342 343
585 587
432 431
345 345
456 455
536 535
510 511
387 386
573 573
311 310
309 309
605 607
336 335
571 573
594 593
624 623
746 745
530 529
382 381
432 432
614 614
594 593
380 382
353 353
354 353
564 564
342 343
469 471
492 491
332 332
524 524
594 594
443 442
395 394
448 450
615 614
410 409
386 385
576 575
552 552
308 307
289 290
662 663
358 358
289 292
419 420
451 450
388 387
528 528
654 654
509 509
502 501
511 513
467 469
468 467
506 506
347 346
455 454
484 486
430 430
429 429
684 683
599 598
673 673
516 517
524 525
488 487
290 290
365 364
466 465
609 608
522 521
470 470
458 457
532 533
346 346
389 388
577 578
304 306
635 636
577 577
425 427
399 398
596 596
231 231
622 621
473 472
258 257
514 513
667 666
447 446
449 449
521 521
619 618
429 429
471 470
642 642
688 688
565 564
304 304
547 546
552 551
547 546
536 535
605 604
330 329
533 532
528 527
590 590
713 713
541 542
464 464
362 362
315 314
440 440
559 558
437 436
639 639
477 477
400 399
490 489
400 399
480 479
337 338
625 624
421 420
353 353
449 449
635 634
458 457
563 563
524 523
547 548
533 533
531 531
638 637
344 343
595 596
642 644
464 464
489 488
583 583
515 516
543 544
640 639
453 453
453 453
494 493
466 466
418 418
622 622
419 422
591 591
475 475
431 430
517 518
611 611
569 569
592 593
566 566
561 565
666 666
547 547
512 511
587 586
318 319
674 678
544 543
457 457
280 280
442 444
740 739
619 619
495 494
426 425
584 584
494 494
380 380
804 803
497 496
452 452
515 516
377 377
471 470
514 513
433 432
428 427
383 383
305 304
365 365
525 524
528 528
389 388
395 395
568 567
512 512
321 321
479 481
522 521
600 600
348 349
582 581
519 518
653 654
567 568
489 488
507 507
564 563
372 371
563 562
425 424
477 477
409 408
512 512
599 598
515 514
441 441
711 714
457 456
384 383
594 594
622 624
501 500
575 574
697 698
446 446
454 453
516 517
407 407
629 629
441 440
405 405
395 394
596 595
512 514
501 500
552 551
504 504
638 639
607 606
361 360
420 419
435 434
610 610
389 390
553 553
456 456
606 607
408 408
447 446
630 631
565 565
516 516
533 533
529 528
601 600
487 488
610 610
589 589
740 742
467 467
446 445
722 721
646 646
415 415
433 432
448 449
513 513
470 470
494 494
545 544
472 471
630 629
529 529
539 539
540 540
533 534
691 692
360 359
361 361
499 498
525 524
517 518
543 543
473 474
494 494
507 507
504 505
574 575
621 622
636 636
294 294
444 443
459 460
595 597
713 712
410 409
560 559
372 372
546 547
583 583
506 505
483 483
458 457
414 414
432 432
390 391
406 406
466 465
567 566
331 330
465 466
481 482
461 462
570 569
558 557
417 420
537 537
799 798
532 531
438 438
480 479
605 605
353 353
386 386
512 514
476 475
383 383
513 512
505 505
406 407
381 382
651 651
441 440
719 718
645 646
614 614
431 431
462 462
632 632
412 412
530 530
302 303
522 523
566 565
546 546
431 430
442 443
625 626
477 477
426 428
536 536
591 591
538 537
570 569
416 415
497 499
607 606
397 397
369 369
397 397
458 458
554 553
501 501
714 713
522 521
723 723
375 374
471 472
400 399
574 576
566 565
554 554
625 625
419 420
589 588
625 624
483 482
452 451
549 548
506 507
443 443
596 596
401 401
641 643
438 438
453 452
386 385
433 433
430 429
432 434
441 440
507 508
451 450
637 637
691 690
408 407
555 555
519 519
481 481
467 466
549 548
519 518
537 536
616 616
507 506
480 479
406 406
604 604
323 322
580 580
357 356
602 602
508 507
618 617
520 521
559 558
501 501
504 506
572 571
380 380
588 589
456 456
454 454
457 457
504 504
472 472
361 360
499 500
445 445
578 577
515 515
472 472
425 424
422 421
496 496
463 463
438 439
475 475
462 463
534 534
304 303
557 556
533 532
301 302
473 472
523 522
500 499
448 448
481 481
553 553
473 473
471 471
586 586
514 514
483 483
548 547
600 600
550 549
628 628
530 531
601 600
511 511
481 480
391 391
530 530
474 474
334 335
443 443
446 445
511 510
613 612
615 615
497 496
645 645
417 416
605 604
402 401
350 350
373 373
662 662
349 349
450 449
543 546
531 530
455 455
390 389
588 588
373 372
549 548
268 269
676 678
298 298
287 286
465 464
747 747
314 313
686 686
572 571
338 338
717 718
519 518
370 372
490 490
441 442
557 556
593 592
408 408
667 667
548 548
488 487
470 473
420 419
442 441
502 502
309 312
384 383
579 579
416 416
319 318
528 528
416 418
325 326
496 496
562 562
380 380
411 411
585 586
380 380
423 423
495 494
299 299
532 531
510 509
686 686
435 435
633 632
437 436
582 581
529 531
461 462
530 529
422 422
494 493
584 583
631 630
550 550
430 429
551 552
465 465
622 622
400 399
458 459
455 455
597 596
385 384
577 576
525 525
751 752
472 471
413 414
543 543
529 528
539 538
415 416
360 359
504 503
574 573
600 601
277 277
517 517
569 570
653 652
314 314
558 558
394 397
346 346
514 515
573 572
453 452
620 619
665 665
664 665
559 558
553 553
364 364
645 645
560 560
333 333
577 577
398 398
386 386
297 299
422 421
476 477
473 473
387 387
558 558
448 448
428 427
335 335
369 368
453 458
556 555
405 404
484 484
653 653
393 394
580 579
513 512
584 584
586 586
399 398
313 314
496 497
428 431
428 427
546 545
440 443
490 489
597 596
582 585
624 623
376 377
469 468
579 579
425 425
549 553
486 486
532 532
486 487
374 373
523 527
292 293
442 441
525 525
446 446
394 393
573 573
473 472
425 425
533 532
519 518
486 485
739 738
576 575
485 484
601 601
320 321
666 665
555 554
563 563
475 475
453 453
644 644
403 405
412 412
533 532
340 342
606 606
387 386
468 469
536 536
549 548
453 452
477 478
541 540
431 431
535 535
604 603
578 577
489 489
736 736
442 441
413 412
463 462
572 571
475 475
453 454
602 602
491 490
564 566
584 583
474 475
525 524
610 609
530 530
455 454
447 447
411 412
441 442
334 333
693 693
378 380
482 482
612 612
525 525
415 415
458 458
439 439
573 573
652 651
354 354
492 491
561 560
378 377
646 645
544 543
601 602
303 302
546 545
537 536
489 489
369 368
508 507
602 601
411 412
373 372
542 541
519 520
493 496
554 553
683 682
348 348
633 632
413 412
567 566
397 397
621 620
405 406
490 492
375 375
513 513
441 441
470 469
368 368
433 433
438 438
572 571
511 511
390 389
537 539
540 540
474 475
549 548
585 585
621 621
603 603
529 528
549 548
203 203
406 409
683 683
618 618
471 470
413 415
340 340
441 440
444 447
512 511
547 546
424 423
515 516
411 415
441 441
457 456
424 423
462 461
303 303
466 466
433 432
544 544
813 812
365 364
611 613
401 400
450 450
853 854
532 532
635 636
455 455
571 573
579 578
474 474
561 560
644 644
391 392
387 389
588 587
419 418
620 620
417 417
656 656
485 485
420 422
345 345
420 420
589 589
507 508
574 577
417 416
616 616
273 273
565 567
513 513
421 421
509 510
591 591
621 620
823 823
479 478
625 625
433 432
444 445
639 638
321 321
536 535
505 505
319 319
608 608
405 405
460 459
413 412
497 496
357 356
515 514
456 458
680 679
609 608
637 637
480 481
525 529
488 487
500 500
298 298
591 592
439 439
570 569
473 476
493 492
568 567
561 560
638 637
580 582
487 486
478 477
435 435
472 472
544 543
580 579
519 518
668 668
412 411
490 489
615 618
345 344
671 670
608 608
551 550
572 571
415 414
588 591
334 333
499 498
525 524
514 514
504 503
225 225
418 418
407 407
460 461
513 512
640 639
500 501
432 431
385 386
445 445
283 285
501 502
535 535
608 609
444 443
552 551
486 485
552 554
496 495
342 342
539 538
463 463
477 477
390 390
557 556
592 592
565 564
667 667
491 491
662 661
582 585
514 513
639 639
404 406
549 549
515 516
710 709
441 443
320 320
322 322
687 686
511 511
498 497
510 511
419 418
610 610
537 536
664 665
454 453
532 533
517 517
683 682
190 194
528 528
416 415
579 578
489 489
692 692
611 610
493 493
654 653
580 579
383 382
398 397
632 631
466 465
354 355
556 557
585 585
585 584
621 622
573 572
469 469
413 414
377 378
627 627
353 353
674 674
457 456
486 485
440 440
590 591
423 422
543 542
529 528
360 360
376 375
521 521
576 575
461 460
642 641
474 473
379 379
495 494
482 485
602 602
526 525
347 347
538 538
371 373
451 451
495 496
468 468
242 241
537 537
454 453
728 728
521 520
400 399
355 354
620 620
540 541
297 296
429 429
592 591
360 360
336 335
459 459
479 480
570 569
548 547
524 528
541 541
415 414
487 487
577 578
542 542
367 367
429 428
522 522
547 546
576 576
637 637
657 657
341 340
614 614
531 530
805 804
293 293
637 638
504 506
438 439
229 229
529 531
562 562
433 434
511 510
515 515
447 446
498 498
439 439
642 641
551 552
527 528
499 500
317 322
434 434
620 619
415 414
690 690
315 315
423 422
514 515
554 555
484 484
444 444
532 531
504 504
589 588
533 533
432 432
408 408
657 658
609 608
538 537
529 529
516 517
559 559
562 561
618 618
551 551
480 480
618 618
503 503
414 413
486 486
584 583
410 409
392 392
394 393
626 626
356 355
610 609
537 537
508 510
394 395
548 550
783 783
595 594
559 558
651 650
533 533
537 537
538 537
465 464
534 533
529 530
392 395
691 691
439 439
649 649
433 433
510 510
495 494
642 641
455 454
449 449
438 437
372 372
442 441
562 566
461 460
332 332
459 460
416 415
500 500
538 539
505 505
605 606
658 657
624 624
388 387
387 387
342 341
496 496
599 598
557 557
495 496
731 732
670 669
518 517
486 485
492 492
500 500
420 420
407 408
621 620
512 513
588 594
663 664
438 437
387 390
442 441
607 606
677 680
490 490
359 359
640 640
621 621
449 449
393 396
486 486
503 502
555 558
619 618
470 469
451 450
611 611
640 640
545 544
313 314
414 413
456 456
585 584
582 583
578 577
468 467
573 572
458 459
773 772
338 340
625 624
417 418
458 457
517 516
568 568
510 512
675 675
702 701
600 599
637 636
528 527
536 535
447 447
454 454
412 411
603 603
406 405
455 455
491 493
572 572
563 563
452 454
529 531
510 510
534 534
597 596
463 463
489 488
644 644
481 480
528 527
754 754
735 735
521 521
603 603
612 612
353 353
386 386
468 468
544 543
561 562
315 314
535 534
376 377
488 488
446 448
555 554
572 573
496 497
491 490
365 365
549 549
266 266
411 412
533 533
437 437
627 626
308 307
551 552
623 624
463 463
531 531
423 422
339 338
625 625
501 506
580 579
363 363
384 383
403 403
502 502
549 550
510 510
531 530
547 547
344 344
476 475
583 582
378 378
534 534
521 521
437 437
500 499
334 333
498 499
466 465
632 631
505 505
555 555
441 442
501 501
498 498
571 570
434 433
659 658
458 457
627 626
330 330
389 392
508 509
540 540
357 357
535 538
517 517
300 300
359 359
631 631
341 341
431 430
424 423
455 454
496 496
487 489
515 515
629 631
453 452
614 613
463 464
468 468
591 590
360 360
402 401
618 618
525 525
727 726
512 511
598 597
400 399
554 554
444 443
397 397
467 467
632 632
511 512
678 678
537 536
551 551
551 551
488 487
520 519
722 721
572 571
742 742
462 463
610 610
585 584
477 478
653 653
490 489
436 437
711 710
283 283
581 582
489 490
390 392
563 563
329 333
497 498
420 421
694 694
508 510
467 467
456 457
327 326
541 541
566 566
470 469
582 581
391 391
607 610
463 463
572 572
749 751
510 510
468 467
374 374
610 609
504 503
398 397
356 355
260 261
553 553
522 521
426 426
557 558
543 543
562 561
365 367
424 423
743 742
406 405
602 602
481 480
463 463
496 495
557 557
618 617
684 685
561 560
432 431
721 722
586 586
645 646
548 547
552 553
470 471
413 414
613 613
322 321
520 520
596 595
481 480
559 558
591 590
559 560
503 502
480 481
512 511
579 578
551 552
493 492
544 544
582 582
433 433
435 434
564 564
395 394
462 464
525 526
461 462
520 519
707 706
486 485
636 637
464 466
559 558
436 435
487 488
507 507
411 411
517 518
504 505
521 520
516 515
484 485
452 452
333 333
597 596
497 497
472 472
563 563
425 427
392 393
625 625
441 441
451 450
642 643
387 386
539 539
305 304
623 622
530 529
492 492
406 406
515 514
495 494
468 468
620 620
369 370
402 402
494 494
500 500
416 415
475 474
434 436
544 544
553 553
505 507
577 576
357 362
459 459
370 369
512 512
473 472
337 337
373 373
258 258
558 557
559 559
581 581
634 635
521 522
465 467
497 497
589 589
391 390
699 698
623 627
403 402
652 653
651 652
417 416
388 387
589 590
460 460
538 537
401 401
248 248
362 361
432 432
440 440
527 527
627 627
561 560
584 584
565 565
566 566
604 604
448 448
508 507
545 547
625 625
534 534
471 472
363 364
515 514
556 556
275 275
499 499
629 628
589 588
423 423
429 428
329 328
397 400
547 546
417 418
568 567
760 759
451 451
509 508
391 390
538 540
575 575
401 400
515 514
404 403
284 283
473 473
601 601
593 594
293 292
567 567
389 388
488 488
571 570
425 425
469 468
382 381
517 516
402 402
691 690
485 484
440 439
354 353
545 545
569 568
519 518
495 495
487 487
448 448
469 469
557 559
550 549
521 522
521 522
433 434
504 504
537 537
454 454
579 578
528 527
423 422
609 609
522 522
470 470
590 590
549 549
606 606
434 433
414 414
644 643
548 547
457 457
458 458
605 604
474 473
572 571
562 562
641 640
613 615
603 603
602 602
420 425
435 439
490 490
428 428
457 458
686 688
591 591
291 291
472 473
428 429
506 506
420 421
370 370
541 540
709 708
478 480
570 570
489 490
690 690
355 354
482 482
366 365
479 479
400 400
580 579
221 220
583 583
527 527
464 463
594 594
438 437
456 456
405 408
332 332
615 614
637 637
620 624
535 534
410 411
532 532
326 326
311 311
606 606
553 552
372 372
417 416
561 560
393 393
442 446
518 518
304 307
541 542
607 606
287 287
419 419
528 528
505 505
515 515
603 603
457 458
388 387
487 487
385 385
381 383
453 452
591 590
499 501
506 505
542 542
585 585
500 499
418 417
532 533
452 451
523 524
412 413
436 436
616 617
593 594
451 452
555 554
473 473
445 444
345 345
461 461
552 552
362 361
508 508
402 401
480 481
365 364
562 561
523 522
575 575
629 631
510 510
538 539
592 592
409 408
536 537
535 534
553 553
433 434
561 562
434 433
377 376
465 465
408 407
658 657
428 428
421 421
510 512
569 569
316 315
482 482
608 608
586 585
561 562
346 345
523 522
416 416
462 461
373 373
467 467
362 363
409 409
459 459
510 509
548 547
466 466
542 542
491 491
590 589
687 687
461 461
523 524
637 637
438 437
355 354
652 652
525 528
529 528
500 500
341 340
576 576
546 547
615 615
552 558
532 532
541 541
489 492
502 502
550 550
479 478
709 708
527 527
555 555
535 537
623 623
386 385
395 395
516 515
436 435
571 572
527 526
451 453
630 629
309 311
660 661
425 426
687 686
505 505
580 580
550 551
440 440
578 579
599 600
312 312
354 353
236 236
421 420
546 545
583 583
575 575
435 435
468 468
556 555
524 523
546 545
573 573
656 655
394 393
353 353
518 518
432 432
459 459
477 478
584 583
332 331
340 340
444 444
570 569
546 546
492 492
441 442
565 568
588 589
425 425
472 473
427 426
432 435
489 491
332 334
646 646
539 538
493 493
477 477
594 593
324 323
586 586
452 451
546 545
551 550
502 502
483 487
406 405
518 517
566 565
564 563
442 442
571 571
644 643
325 325
565 566
416 415
494 495
572 571
768 769
469 468
456 455
393 393
464 463
370 370
588 588
659 659
509 509
408 410
655 654
552 552
442 442
450 451
404 404
569 568
515 515
474 477
486 486
522 521
401 401
570 571
301 302
536 535
427 427
486 486
553 553
623 623
644 644
547 550
620 620
662 662
427 426
329 328
563 564
407 407
459 459
552 552
491 490
475 474
475 475
389 389
603 602
434 433
346 349
409 409
437 438
578 578
560 559
549 549
576 576
442 442
558 559
644 644
512 511
651 650
618 618
484 483
494 494
567 567
502 502
715 715
572 571
611 611
363 367
477 476
463 463
554 553
604 603
425 424
626 627
558 558
310 311
726 726
534 533
370 370
452 453
624 623
423 423
647 646
577 580
694 694
417 418
285 286
450 450
447 447
576 575
545 544
638 638
373 373
501 500
527 526
470 470
487 488
567 567
613 612
464 465
525 526
611 614
376 377
414 414
461 462
530 530
554 556
462 461
403 402
503 507
460 459
549 549
522 522
598 597
484 484
518 517
373 372
719 718
441 441
524 524
510 509
523 524
479 478
380 381
360 360
645 644
550 550
567 568
411 411
577 576
546 546
640 639
469 469
491 490
608 608
402 401
650 650
647 646
425 425
433 432
589 591
459 459
343 342
657 657
483 483
396 395
471 471
435 437
336 336
577 577
716 718
601 602
369 368
580 579
689 689
452 452
652 651
383 382
635 635
412 412
735 734
499 499
432 433
398 401
570 570
276 275
550 550
596 597
568 568
479 479
441 441
743 742
479 483
528 527
492 491
453 453
430 430
566 566
515 514
465 465
315 315
380 380
525 526
624 623
628 627
589 589
460 459
495 495
709 711
548 548
502 501
366 367
620 623
440 440
298 297
608 607
610 609
609 608
586 586
291 291
485 484
400 400
454 453
622 621
562 562
563 564
482 485
529 529
498 498
577 576
454 456
569 569
523 524
312 312
454 454
486 485
575 575
586 586
381 381
558 558
390 391
420 420
456 456
534 533
455 455
474 475
468 468
484 484
510 509
534 534
423 423
373 373
401 401
452 452
463 463
361 362
472 471
372 371
424 425
535 537
772 772
410 411
824 824
550 549
466 466
270 269
579 578
372 371
375 375
476 476
643 643
378 378
383 382
686 685
622 622
678 677
531 531
472 472
695 695
503 504
586 586
444 444
605 607
645 645
407 407
364 363
505 505
571 571
417 417
527 526
676 677
594 593
475 475
572 571
427 428
387 386
487 486
362 362
464 463
540 539
587 587
599 600
530 532
412 412
431 430
425 426
548 552
645 645
454 454
612 614
551 551
363 362
520 526
568 568
407 406
554 554
657 659
511 512
585 585
557 557
561 561
525 525
556 555
473 473
470 470
444 443
579 580
799 798
567 568
466 467
511 510
499 498
255 255
489 488
535 534
395 397
536 537
326 325
492 492
608 607
436 435
509 510
282 282
487 486
456 456
481 480
639 640
433 434
479 480
513 512
536 536
492 492
604 603
534 533
510 510
522 522
423 422
450 450
454 457
387 386
402 401
551 553
530 530
349 349
568 568
518 518
594 595
465 467
681 681
522 522
504 506
564 564
651 651
465 466
528 528
370 371
548 547
423 423
775 775
503 502
481 481
442 442
356 356
575 576
318 317
407 407
616 616
479 480
360 362
530 529
586 585
539 539
420 421
411 410
441 441
675 676
598 597
660 659
650 650
459 458
484 484
430 431
520 521
272 271
399 398
449 449
557 558
585 584
594 594
500 500
511 510
544 543
638 642
446 445
581 580
413 414
707 707
608 608
638 638
444 444
409 409
604 603
508 508
522 522
343 342
352 352
488 489
713 715
619 618
570 572
548 550
610 609
563 562
401 400
284 283
443 444
391 391
439 440
384 383
388 389
643 644
416 415
565 567
632 631
388 387
434 436
561 560
523 523
441 442
578 578
460 459
613 612
409 409
402 401
644 644
461 460
725 724
582 582
567 568
299 299
678 678
665 665
542 541
621 624
488 487
359 359
467 468
601 603
394 394
693 692
459 459
509 508
415 414
520 521
501 500
468 467
453 453
339 339
395 395
527 528
532 532
493 492
540 540
484 485
357 357
662 663
411 410
501 501
347 347
688 687
354 354
577 577
470 470
551 552
468 468
619 618
651 650
479 479
400 401
452 452
539 539
573 572
392 391
468 468
462 461
500 503
597 597
412 411
301 300
399 399
616 615
530 530
677 676
676 676
591 592
450 451
479 479
636 636
670 670
499 499
534 533
577 576
595 597
588 589
350 352
583 582
455 455
500 499
523 523
521 522
504 503
451 451
717 717
518 518
410 409
287 286
479 478
457 456
640 639
424 423
443 443
544 543
458 457
416 416
535 539
634 634
492 491
538 541
415 418
449 451
458 457
455 456
547 547
296 296
549 549
521 520
445 445
652 653
471 471
404 403
512 511
359 359
627 628
366 365
547 547
562 561
392 392
647 647
616 616
556 557
403 403
413 413
502 502
413 412
591 591
270 269
554 555
316 315
562 561
406 405
439 438
410 411
455 455
564 563
413 416
415 416
420 419
460 459
668 667
589 590
601 600
477 478
318 318
553 552
466 465
469 468
542 543
374 373
445 446
252 252
562 563
603 603
644 643
524 524
361 360
580 579
704 704
599 599
586 586
401 400
435 435
544 543
447 446
465 464
394 394
542 542
469 468
445 444
409 409
617 617
528 527
425 426
366 366
581 580
589 590
396 395
707 706
609 608
618 618
374 374
480 479
424 423
467 467
461 461
485 485
484 485
590 590
412 411
570 570
643 643
569 569
546 545
631 630
554 553
511 510
481 480
634 634
534 533
321 321
478 477
574 575
544 544
488 488
515 515
604 606
457 458
481 480
370 372
335 335
448 451
744 745
391 390
509 508
478 477
576 576
504 503
567 568
476 475
438 438
683 683
514 514
471 470
626 625
425 425
639 639
434 434
464 463
442 442
440 440
338 338
567 567
494 493
491 491
444 443
578 579
551 550
326 325
415 418
544 544
239 240
435 434
487 486
672 672
479 479
522 522
332 331
381 380
464 463
569 570
554 554
534 533
479 480
289 288
458 457
486 486
652 652
461 460
568 567
635 634
448 447
464 464
445 445
392 392
327 326
364 364
329 328
222 223
579 579
491 490
560 561
359 358
469 468
561 561
360 360
305 306
639 640
614 615
419 420
508 507
505 505
634 634
417 416
630 629
585 584
531 530
484 483
569 568
589 588
405 406
467 471
593 593
530 529
485 484
459 458
500 499
586 586
519 519
642 641
493 493
606 605
746 745
596 596
585 585
401 401
358 359
400 399
408 407
410 409
644 644
562 562
549 548
686 688
467 468
502 502
273 273
435 435
607 607
569 568
648 648
592 591
516 521
772 772
403 403
619 620
617 617
515 514
374 373
481 482
511 510
484 483
530 529
472 471
727 727
577 578
307 306
616 616
484 483
470 469
530 530
732 733
553 553
463 464
632 632
527 527
624 623
367 366
518 518
460 459
560 559
602 603
373 372
290 290
565 565
658 657
588 588
731 732
657 658
454 453
584 584
545 545
327 327
713 713
683 684
459 460
537 537
462 462
384 383
542 545
259 258
420 421
442 441
297 297
588 587
581 581
388 389
365 366
531 531
469 468
402 405
527 527
472 471
288 289
400 400
390 390
564 565
421 423
536 536
585 584
558 557
402 402
460 460
438 438
440 441
555 554
742 742
559 559
586 586
551 552
466 466
522 521
458 459
469 470
490 490
411 412
542 543
335 335
735 736
596 596
476 478
538 540
180 180
345 344
466 465
569 568
632 632
328 328
483 483
569 568
543 542
438 439
503 503
523 523
552 551
362 366
514 514
496 496
676 675
570 570
403 402
504 504
555 554
452 452
409 408
307 306
543 545
473 473
409 409
429 429
529 528
483 483
441 440
508 507
697 697
413 413
680 679
468 468
625 627
660 660
361 361
398 397
470 470
388 388
523 523
464 463
367 367
488 487
473 472
510 509
615 616
231 233
469 468
582 581
609 609
598 598
562 561
461 461
402 402
629 628
677 677
484 484
494 495
451 450
450 450
406 405
457 456
690 690
456 455
640 639
594 596
635 634
431 430
497 497
449 448
571 570
588 589
509 508
405 405
513 514
364 363
579 579
335 336
443 443
336 336
709 709
454 453
446 447
512 512
425 425
509 508
566 565
558 557
447 448
510 511
573 572
459 460
474 473
355 355
579 580
576 576
265 265
637 638
476 475
454 454
310 313
534 535
479 480
480 480
425 425
539 538
631 630
666 665
578 578
684 684
472 472
544 545
328 329
658 658
633 633
473 473
583 585
701 701
409 408
585 584
407 407
638 637
385 386
503 502
544 543
529 531
573 573
525 526
457 461
555 558
646 645
776 775
448 448
367 367
658 657
501 502
492 491
471 472
568 567
523 523
319 321
425 424
476 475
574 573
390 391
667 667
425 425
458 458
520 520
734 734
483 483
493 494
522 521
561 561
519 518
514 516
578 577
504 504
443 442
530 529
575 574
462 461
438 437
560 559
564 564
538 539
563 565
627 626
564 564
373 372
384 384
420 420
528 527
656 656
534 533
512 512
368 368
407 407
273 273
184 183
383 382
546 548
463 462
509 508
778 778
409 411
514 514
438 438
580 579
566 566
606 605
497 497
496 497
648 649
442 441
391 391
504 505
567 567
521 522
426 425
544 545
546 545
367 366
608 608
401 402
379 378
574 575
476 476
213 214
640 640
440 440
636 636
452 452
446 446
387 386
567 567
335 337
627 628
635 637
472 471
531 530
649 648
599 599
566 565
529 530
523 523
407 406
510 510
589 589
467 468
463 462
672 673
481 482
432 431
276 278
567 566
637 636
541 540
481 481
438 437
551 551
298 297
450 452
410 410
581 582
521 522
524 523
322 321
450 450
516 515
374 375
393 392
574 574
349 348
459 458
449 450
544 544
519 518
482 481
334 333
503 502
506 505
412 411
487 487
714 714
647 648
559 558
577 576
548 548
310 311
576 576
479 478
350 353
505 504
422 421
555 555
344 343
442 441
634 633
452 453
438 437
355 358
382 382
707 707
419 419
521 520
544 544
437 437
490 490
545 544
504 503
387 387
538 540
443 443
380 381
535 534
591 592
619 620
523 522
480 484
468 468
657 656
464 464
406 408
454 453
577 577
518 518
464 463
522 521
546 545
547 547
642 643
359 358
517 518
420 420
503 502
488 489
584 583
492 491
423 423
329 329
498 497
554 553
460 459
599 598
551 551
642 641
493 494
721 721
508 507
336 337
557 556
648 648
476 476
555 556
264 263
563 564
431 431
510 511
518 518
311 313
455 457
383 385
338 338
553 552
656 656
629 629
423 423
389 388
587 586
622 621
349 350
547 548
505 504
346 345
559 561
515 516
491 491
516 515
639 642
575 576
488 488
484 483
470 469
386 385
662 664
614 614
669 668
488 487
396 396
589 588
540 540
468 469
631 631
536 536
467 467
421 420
585 584
393 395
563 565
481 483
445 446
486 487
581 580
441 441
477 476
597 596
414 415
540 540
465 465
573 574
461 461
528 527
652 652
457 456
589 589
581 580
771 773
527 528
471 470
367 368
567 567
500 501
627 627
325 325
430 433
634 633
596 595
519 518
517 518
447 447
531 530
352 352
528 527
451 451
506 505
511 512
617 617
512 513
416 416
407 408
540 540
532 531
408 407
562 567
655 656
585 584
453 452
507 506
559 558
456 456
546 551
418 417
512 512
643 643
529 529
537 536
491 494
488 487
417 416
411 412
474 474
552 557
502 501
351 350
167 167
488 488
491 490
544 546
641 640
501 500
448 449
576 576
480 479
682 682
541 541
391 391
529 531
343 342
542 541
499 498
440 440
361 362
507 508
435 435
488 489
352 352
654 654
418 417
440 440
542 543
500 500
528 528
447 447
653 653
492 491
485 485
409 409
511 513
551 551
554 554
675 674
398 400
518 517
413 413
508 508
507 507
340 339
684 683
476 476
596 597
635 637
500 500
491 490
583 583
451 450
439 443
447 447
562 561
435 434
501 501
535 535
568 568
540 541
433 432
442 444
645 645
579 580
358 357
550 550
505 504
414 414
586 587
261 264
481 480
532 531
600 600
669 673
448 448
496 496
498 498
538 538
488 487
371 370
444 447
637 638
459 460
682 682
552 552
539 542
628 628
499 499
543 543
460 460
429 428
433 432
575 574
421 420
363 362
675 678
489 490
377 376
688 689
491 491
545 545
445 446
614 614
743 743
596 598
436 435
523 523
457 457
572 571
394 393
354 354
369 369
491 490
497 497
473 473
695 695
499 498
683 683
416 417
540 540
608 607
518 518
525 525
452 453
378 378
510 509
464 464
417 419
610 610
436 436
476 475
390 389
537 537
543 544
530 532
505 505
383 383
334 334
682 685
519 520
461 462
255 254
382 383
502 502
474 473
464 463
496 495
547 547
479 478
591 590
521 525
362 361
631 632
467 467
529 528
469 468
448 447
682 682
506 505
414 413
686 685
535 535
431 430
544 544
403 402
424 423
384 384
430 431
484 483
637 637
657 657
514 514
543 542
352 351
520 521
476 478
397 396
380 379
656 655
563 562
612 611
667 667
426 425
590 589
238 238
442 442
530 533
507 506
602 601
274 274
593 593
437 439
490 490
657 658
547 548
609 608
478 479
467 469
626 628
529 532
452 451
573 575
509 510
526 526
370 370
367 366
513 512
524 526
460 459
722 722
565 566
333 332
616 616
461 461
725 725
357 356
517 517
427 426
513 512
491 491
359 360
500 501
618 618
535 534
675 675
568 568
381 381
451 450
489 491
548 548
677 676
450 450
409 411
576 575
506 505
504 504
447 446
436 436
386 386
466 466
715 715
509 508
495 494
427 427
527 527
443 443
501 500
658 658
558 558
314 313
106 107
610 613
431 430
456 455
522 522
506 506
510 510
543 543
416 415
580 579
407 407
513 514
525 526
642 641
557 556
435 435
389 389
456 456
438 438
426 427
425 424
485 487
500 499
486 487
627 626
589 591
594 593
652 652
525 524
527 527
392 391
302 304
432 432
294 293
348 348
735 734
698 700
699 699
626 625
416 415
490 489
528 528
555 558
636 637
555 554
561 561
612 611
499 498
434 433
381 381
540 539
622 622
398 397
553 553
352 356
602 602
323 323
363 364
423 422
458 459
428 428
525 524
331 330
654 653
517 517
659 659
491 490
607 608
503 503
400 401
514 514
444 443
492 493
243 244
581 581
330 330
444 445
435 435
589 589
524 524
533 532
573 573
355 356
375 375
492 493
597 596
527 528
519 519
495 496
474 473
449 448
694 693
439 439
351 353
425 424
606 606
641 641
456 455
351 351
582 583
365 365
568 569
587 589
348 349
503 503
695 694
520 520
525 525
398 398
614 616
572 572
613 612
451 452
591 590
567 566
419 420
417 416
411 411
532 533
387 388
465 466
381 386
527 526
549 549
600 599
377 377
444 443
427 426
593 593
367 366
461 462
432 432
492 492
364 363
398 397
598 600
613 614
430 431
511 510
550 551
461 461
374 375
497 497
314 315
702 701
604 604
503 502
573 572
567 567
593 593
521 520
556 555
406 406
459 458
426 425
444 443
519 518
433 433
491 493
439 441
617 617
344 344
469 468
446 445
558 557
618 617
491 492
456 455
466 465
587 592
556 556
342 344
692 691
424 423
665 664
364 363
761 760
432 432
479 479
403 402
402 402
572 574
475 475
362 363
322 321
492 491
395 395
480 480
452 452
412 412
352 352
383 385
410 410
480 479
351 351
500 499
570 570
429 429
448 447
614 613
569 569
665 665
535 535
422 421
607 607
542 543
606 606
549 549
492 492
394 394
570 569
532 532
412 412
576 577
612 611
552 553
404 403
634 635
448 448
373 372
599 598
601 602
501 502
589 589
503 503
641 641
625 625
551 553
495 495
551 552
503 503
496 496
421 420
454 453
374 373
436 436
527 527
767 766
446 445
421 420
543 542
444 445
515 514
465 464
512 512
369 368
418 418
331 332
482 484
324 324
565 564
640 639
504 504
531 530
602 601
431 430
633 632
450 450
559 559
639 640
498 497
528 527
365 365
492 493
457 460
594 593
381 381
449 451
560 559
543 546
364 364
659 658
426 426
538 538
628 628
471 470
515 514
543 543
529 530
550 551
618 618
403 403
538 537
460 460
507 509
579 580
593 593
578 578
582 581
614 613
451 452
380 379
422 423
331 331
542 541
620 623
590 590
414 414
273 272
433 433
538 538
419 418
740 740
365 364
560 560
456 456
587 587
384 383
329 329
601 601
459 461
513 513
509 510
581 580
429 430
324 327
581 585
558 557
610 610
518 520
425 425
476 475
328 328
502 502
399 399
338 338
412 411
312 312
454 454
360 361
562 562
499 498
518 518
643 644
590 590
626 626
529 530
389 389
504 505
618 619
453 452
557 556
662 661
597 596
405 405
456 456
475 474
350 349
458 458
483 483
668 668
468 467
503 504
461 460
376 375
398 399
402 402
545 547
547 546
170 170
420 420
541 540
702 703
379 380
574 574
609 610
517 517
526 526
290 289
513 513
459 459
641 640
521 521
584 586
617 618
651 651
532 533
552 554
405 408
706 705
449 449
396 397
409 408
521 522
629 629
583 582
578 577
556 556
357 360
494 495
558 557
509 508
474 475
450 450
657 657
397 396
464 464
551 550
526 527
574 573
565 565
443 443
370 371
482 483
408 409
468 468
493 494
653 652
540 540
659 658
599 599
361 363
577 578
547 547
441 442
522 522
634 633
520 520
477 477
312 312
599 599
560 560
681 681
530 529
619 619
499 499
452 452
436 436
686 686
519 518
373 372
414 413
493 492
424 423
250 251
342 342
492 492
453 452
583 582
323 322
698 698
418 419
420 420
489 489
467 467
536 535
587 587
468 467
432 432
497 497
384 385
527 528
511 512
514 514
405 405
599 598
566 566
555 555
542 541
506 505
438 438
462 462
548 547
752 751
380 380
568 568
724 723
518 520
650 650
526 526
449 449
387 387
628 629
438 438
574 573
571 575
481 480
608 607
375 376
531 531
570 569
559 560
363 364
460 460
418 417
442 442
485 484
503 503
450 449
572 572
429 428
481 480
458 459
590 590
320 319
493 492
513 512
532 531
469 474
543 544
528 528
486 487
415 416
563 563
526 526
581 581
443 444
643 642
248 250
507 507
487 486
445 446
487 487
627 627
441 443
579 578
742 742
535 535
517 520
377 378
503 504
529 530
439 439
706 706
502 502
667 666
432 431
405 404
645 644
657 658
556 557
479 478
505 506
555 554
514 514
553 552
439 439
352 352
498 498
418 418
508 508
457 457
447 447
407 407
372 371
593 593
658 657
437 436
532 531
431 432
403 403
333 332
340 340
455 454
562 563
579 579
471 471
468 467
343 343
427 427
486 486
307 307
414 415
314 313
478 478
513 513
557 556
467 466
637 638
433 434
591 591
506 509
630 630
422 422
556 555
459 459
661 661
590 589
268 270
322 322
513 514
485 485
584 583
508 508
448 448
691 691
573 573
473 475
535 535
564 564
374 374
440 440
498 498
481 480
506 506
404 404
382 381
478 477
513 514
512 512
426 426
666 665
534 533
519 520
428 428
600 600
620 619
578 579
308 307
403 402
556 557
449 449
476 476
422 422
458 458
553 552
489 490
628 627
580 579
567 566
593 592
406 407
452 451
283 283
485 485
513 513
573 572
504 504
521 520
344 344
542 541
452 451
382 382
612 612
453 453
388 389
342 343
449 448
386 387
490 490
606 605
253 252
578 578
547 548
298 298
588 588
331 332
513 514
513 513
504 503
526 526
352 351
491 490
434 433
452 451
716 715
608 610
507 507
335 335
296 295
483 483
651 653
429 429
432 431
641 640
447 451
407 406
356 356
557 557
679 679
735 735
520 520
392 391
668 669
555 555
557 556
487 486
574 574
550 551
464 465
636 635
520 520
649 648
607 606
417 417
442 441
659 658
577 579
516 516
691 690
430 429
443 443
375 375
503 503
617 617
738 739
388 389
584 583
425 425
500 500
469 468
530 530
633 633
545 544
457 458
398 399
552 551
552 551
506 505
457 456
559 558
435 434
446 445
315 314
500 501
459 458
667 667
647 647
461 460
380 379
543 542
649 649
571 572
451 450
622 622
634 635
300 300
513 512
526 526
500 500
400 401
316 316
526 527
494 497
579 578
638 638
460 459
525 524
491 490
704 703
439 438
499 499
604 605
477 476
568 568
355 355
479 483
455 455
564 563
603 602
354 354
434 435
563 562
625 625
494 493
503 503
514 517
610 609
607 607
496 496
486 486
696 695
592 593
570 569
597 597
551 552
309 310
461 460
352 352
560 560
428 429
586 587
450 451
442 441
486 486
592 592
471 471
396 396
456 458
605 607
516 516
495 495
528 527
427 427
600 600
381 380
463 463
527 528
621 620
331 331
439 439
676 678
335 335
480 479
449 448
429 430
527 527
510 509
565 564
563 563
660 660
330 330
542 541
655 655
506 505
488 488
484 486
491 490
612 612
535 536
319 318
446 447
260 259
507 506
429 428
509 508
553 554
413 412
439 439
440 439
439 439
566 566
326 326
680 679
567 567
535 535
501 501
527 530
409 411
495 495
390 392
623 622
500 499
398 398
467 467
447 448
525 524
378 381
413 413
542 542
464 466
643 642
600 599
581 580
488 487
518 517
679 680
530 530
567 566
606 606
339 339
605 606
539 540
421 420
514 513
500 499
539 540
300 300
264 264
397 396
532 532
650 649
443 445
533 534
629 630
527 527
276 277
534 535
448 447
482 482
761 760
550 550
330 329
410 410
566 566
481 481
502 502
517 517
597 596
570 571
586 587
522 521
419 419
474 474
699 698
574 574
563 562
383 384
504 503
488 489
430 430
387 387
705 705
491 492
171 170
236 236
700 701
457 456
379 378
349 349
714 714
436 436
625 625
448 448
453 453
475 475
509 508
437 436
433 433
446 448
402 402
678 678
575 575
458 458
492 492
378 378
612 614
421 421
540 540
525 524
428 429
522 522
341 340
612 611
549 549
315 315
576 575
510 510
540 539
412 412
464 464
370 370
501 500
505 504
302 301
442 441
678 678
496 496
522 526
658 658
554 554
615 614
452 452
639 639
553 553
616 618
431 430
580 580
587 587
576 578
427 427
469 469
442 442
504 504
395 394
622 622
520 521
508 507
355 354
357 359
512 512
585 585
462 465
358 358
422 421
402 401
621 620
540 540
582 582
445 445
551 551
566 566
528 528
391 391
498 498
701 700
344 343
497 497
386 385
527 526
389 388
522 521
581 580
490 489
505 505
608 608
515 515
565 565
414 414
465 464
481 481
376 376
599 598
430 430
549 548
638 638
492 491
388 388
632 634
565 564
561 560
620 621
585 586
570 570
335 335
481 481
601 600
521 521
367 367
550 550
559 558
533 533
598 599
500 500
579 580
608 609
404 403
507 507
461 461
418 418
431 431
585 584
333 334
522 522
515 515
412 412
464 464
563 562
597 596
471 471
319 319
615 616
609 609
487 487
661 660
440 441
525 526
455 454
652 651
614 614
429 429
546 545
452 452
422 422
485 485
538 538
553 553
696 698
377 377
615 614
397 397
532 532
377 376
332 331
549 548
387 387
536 535
668 669
623 623
558 558
527 528
292 291
659 658
422 424
605 605
539 538
449 448
490 490
281 281
692 692
522 521
538 538
517 517
594 595
660 660
461 463
433 434
316 316
420 421
519 518
554 554
591 590
620 620
432 432
586 585
625 626
368 370
339 338
303 304
486 485
292 293
498 499
503 504
635 635
412 411
477 476
622 622
619 619
503 504
474 474
514 514
544 544
465 464
557 559
623 622
692 692
604 604
566 565
593 593
670 670
578 577
625 625
506 507
615 614
570 570
585 585
695 695
592 591
387 388
418 418
411 411
518 518
649 648
558 558
700 700
382 381
347 349
550 549
315 318
517 517
411 410
459 459
390 391
488 487
537 536
577 576
565 567
586 587
557 557
505 504
638 637
371 370
486 485
304 304
723 722
471 471
528 529
649 649
553 552
593 594
469 468
536 536
516 516
494 493
647 646
464 464
693 692
402 403
560 560
331 330
546 547
578 578
383 383
448 447
504 504
535 535
622 621
530 530
378 377
559 560
431 434
570 570
585 584
304 304
541 541
478 477
558 558
518 517
558 557
527 527
423 423
498 498
441 441
676 679
458 457
413 413
596 595
468 467
497 498
492 492
650 650
559 559
558 557
516 515
460 460
511 511
646 645
462 462
628 628
411 412
395 394
602 603
403 402
411 412
485 485
489 491
633 632
652 651
535 535
309 309
461 461
500 500
470 469
689 689
567 568
561 560
620 619
466 466
704 703
337 336
547 547
414 415
480 479
401 401
569 571
462 461
550 550
579 580
382 382
444 444
535 536
430 429
664 666
446 447
550 549
654 654
412 413
517 517
407 407
393 393
319 318
576 575
553 552
583 584
410 409
583 582
594 594
361 360
435 435
393 392
577 578
500 499
589 589
396 397
425 427
383 382
556 555
554 553
608 608
444 444
352 352
386 386
710 709
459 458
409 408
415 415
540 540
371 371
340 339
401 400
704 704
675 674
693 692
418 418
660 660
465 467
691 690
426 429
455 458
457 458
603 602
448 448
266 265
438 438
487 487
632 633
503 503
611 611
483 485
434 434
532 531
299 298
680 680
506 505
228 227
589 589
432 431
542 542
278 281
609 609
660 659
471 472
613 613
579 578
443 443
387 386
586 586
487 486
479 480
613 614
461 461
428 427
565 564
561 564
536 536
444 444
300 299
496 495
393 393
666 666
522 522
427 426
593 596
267 267
496 495
395 394
389 389
719 719
840 839
440 440
572 572
394 394
502 503
436 438
582 585
643 642
590 590
440 439
514 514
447 446
531 533
649 650
497 498
578 579
586 585
474 473
584 584
543 544
207 206
472 473
523 523
382 382
755 754
445 445
588 587
444 444
361 360
641 641
528 528
530 529
482 482
446 445
516 515
393 394
558 557
536 535
573 572
495 495
340 340
588 589
511 510
579 579
597 596
515 516
470 470
380 379
541 542
623 622
313 312
357 357
443 443
449 450
587 588
517 519
510 509
459 459
420 421
400 400
482 482
466 465
531 531
335 335
528 528
558 558
440 443
444 443
702 706
644 644
453 456
503 504
563 563
309 309
466 466
408 409
529 529
416 415
450 450
536 535
387 386
449 449
550 551
447 450
461 461
366 365
664 665
573 573
439 438
420 419
534 534
341 341
546 546
734 733
447 448
431 433
496 498
726 726
473 473
528 527
342 344
283 284
702 701
301 300
723 724
592 592
373 372
465 465
593 593
375 375
673 675
475 474
592 592
477 477
358 357
553 553
495 494
552 552
307 307
468 467
556 559
554 554
480 479
527 528
576 575
549 549
513 512
559 559
374 374
424 426
337 342
592 592
377 376
615 615
304 303
319 320
303 303
511 511
625 624
314 315
489 490
473 472
424 424
377 376
524 526
505 504
544 548
435 436
572 571
590 590
439 439
433 433
450 449
626 627
462 461
473 473
568 568
584 584
542 541
532 531
607 606
649 650
407 406
498 498
354 355
597 596
437 436
606 605
554 555
656 655
597 597
443 443
496 495
411 410
388 387
488 487
640 639
487 487
529 529
581 581
447 448
527 526
546 545
515 515
306 308
620 619
571 571
454 454
450 450
499 499
381 382
564 564
464 463
509 510
427 426
355 357
485 484
717 718
270 270
658 658
446 446
613 613
642 642
607 606
597 596
547 546
576 577
551 550
599 598
614 613
546 549
615 615
656 655
414 413
430 429
549 548
469 468
498 497
739 738
469 468
510 510
560 561
381 383
429 429
399 399
553 552
497 501
431 430
533 532
564 563
452 452
612 612
387 388
384 384
314 315
401 405
485 484
442 442
579 584
443 443
624 623
504 505
356 357
598 598
366 365
609 608
490 490
449 454
451 450
449 451
474 473
549 550
481 481
468 469
461 460
426 425
496 496
546 546
556 555
424 425
416 417
653 652
444 443
689 689
575 575
530 532
445 444
468 469
506 506
524 523
580 579
616 618
516 515
540 541
491 490
626 627
614 617
525 525
487 487
380 379
461 460
609 611
475 475
658 660
552 552
551 551
584 585
491 493
569 569
464 463
389 389
490 489
524 528
709 708
519 518
318 320
474 474
572 571
560 560
548 548
561 560
376 375
511 511
372 374
305 304
616 616
414 414
578 578
441 442
486 486
518 518
628 628
522 522
565 564
565 564
543 542
374 374
637 636
371 370
458 460
402 401
402 401
402 401
608 608
581 585
489 488
529 529
489 489
396 396
531 531
425 425
521 520
468 468
503 504
448 448
452 455
358 358
538 538
481 480
627 627
386 386
468 467
463 463
460 460
404 404
390 389
627 626
514 513
514 514
580 580
201 207
594 597
400 399
492 493
475 474
558 558
388 388
391 390
531 530
478 479
474 473
371 371
573 574
364 363
590 589
559 559
526 526
436 436
425 424
484 484
374 374
710 714
544 543
649 648
574 574
355 354
599 599
391 390
587 591
465 465
639 640
378 377
368 368
447 449
339 339
263 262
469 469
493 493
363 365
470 469
363 364
525 526
580 579
422 422
286 287
429 430
445 446
339 338
536 538
464 464
522 521
500 500
597 598
567 566
564 564
482 482
526 526
367 366
450 449
469 471
468 468
684 686
516 516
347 347
449 448
617 616
511 510
510 510
489 488
611 610
554 554
514 514
555 556
582 581
559 560
570 570
629 629
616 616
417 417
245 244
597 596
364 364
407 407
328 328
432 435
659 659
355 354
435 435
454 455
318 320
447 447
542 542
546 547
492 492
480 480
454 453
430 430
530 529
683 684
507 507
524 523
358 359
491 491
509 508
402 401
436 439
324 323
581 581
379 378
672 673
663 663
473 473
631 631
467 468
553 553
560 560
506 506
564 563
478 478
643 642
535 536
445 446
469 469
332 331
438 437
290 290
332 331
310 311
478 480
300 300
409 409
415 414
446 446
445 444
610 610
438 437
377 377
672 672
395 397
437 437
593 593
490 490
470 469
387 388
461 460
418 418
634 634
501 501
257 257
312 313
537 536
635 634
518 517
597 596
577 577
613 612
724 724
549 548
575 575
615 616
612 612
379 378
492 492
505 508
688 687
590 592
566 565
537 537
538 538
409 408
648 647
432 432
565 564
524 524
511 512
442 442
487 487
440 439
548 548
486 486
442 442
633 633
425 425
506 506
616 615
509 510
597 598
354 353
504 503
612 611
537 539
594 593
525 524
641 641
573 573
591 591
385 385
653 653
398 398
461 460
543 543
343 343
402 403
537 537
419 422
417 416
510 509
511 511
674 673
357 357
577 578
494 493
538 537
593 592
480 480
494 494
496 500
448 448
606 606
464 463
588 587
383 382
470 469
464 463
406 406
525 526
610 609
439 441
499 502
472 473
450 451
380 382
541 541
539 539
432 432
423 423
468 469
543 543
538 538
440 440
499 499
545 544
529 529
436 437
467 466
464 463
469 469
578 578
276 275
395 395
394 393
549 549
502 502
557 557
641 640
519 519
649 650
611 611
505 505
425 424
544 544
544 544
636 636
550 550
452 453
538 538
630 631
448 450
411 410
701 701
468 471
323 324
561 560
542 541
615 614
509 509
433 433
508 509
452 452
450 449
651 651
441 442
549 548
328 327
497 496
481 481
551 550
579 580
333 333
499 499
599 598
299 301
630 630
544 543
544 543
488 492
457 456
594 595
317 317
550 550
449 448
488 488
657 656
558 558
555 555
470 470
525 525
527 527
509 510
451 450
446 446
718 721
552 552
359 359
444 443
526 526
427 426
600 599
473 472
544 543
680 680
526 526
310 309
559 558
644 644
606 606
523 522
652 655
465 464
548 547
490 489
514 513
501 500
501 502
452 451
380 379
498 499
420 420
443 443
518 518
461 460
356 355
455 455
607 607
390 391
507 506
324 325
595 595
510 510
356 356
453 454
486 486
569 569
414 414
359 358
519 518
534 533
650 650
556 556
623 622
314 313
554 553
438 439
687 688
526 526
305 304
568 568
405 407
406 405
681 681
540 540
557 558
459 460
500 501
470 469
396 397
512 511
502 502
329 329
552 552
486 485
626 625
459 459
586 585
507 508
415 415
594 593
380 381
420 421
498 500
463 463
493 493
687 688
361 360
621 621
543 545
239 240
449 448
384 383
522 524
435 435
537 537
386 386
523 523
638 637
361 360
603 603
625 627
519 518
664 663
628 629
533 532
630 629
415 414
721 721
568 567
619 618
455 454
591 592
531 530
371 370
475 479
524 525
428 428
507 507
400 399
479 478
478 477
412 413
300 300
571 573
363 363
416 418
715 717
493 492
447 446
407 406
583 583
542 543
553 552
286 286
483 484
486 485
475 474
473 474
756 755
556 555
483 483
481 480
441 440
645 645
447 447
332 333
489 488
561 561
451 452
306 306
464 463
537 537
307 308
506 506
617 617
469 469
417 416
603 602
521 521
510 509
398 397
540 539
488 487
423 424
464 466
681 681
656 655
545 545
466 465
543 542
519 521
590 591
534 534
530 529
446 449
287 287
504 504
416 418
574 573
530 529
536 535
454 453
530 532
557 558
568 569
437 436
421 420
464 464
383 384
423 422
584 584
476 477
552 552
598 598
571 570
402 401
518 517
442 441
430 430
456 455
534 534
584 584
592 592
373 372
420 420
513 514
402 402
667 667
608 608
570 569
574 573
470 470
402 402
418 418
377 378
553 552
519 518
480 479
535 535
598 599
432 433
429 430
316 315
488 490
272 272
437 436
447 447
723 722
569 568
487 489
396 397
437 436
641 640
478 478
478 478
363 362
410 410
352 352
428 428
464 467
356 355
470 469
627 627
611 610
542 544
580 580
474 474
401 400
718 717
385 384
603 605
258 258
409 411
407 408
532 532
530 530
463 463
448 451
425 426
714 715
483 483
376 375
420 422
434 433
657 659
426 425
427 426
515 515
553 553
458 457
366 366
517 516
526 526
374 374
182 181
618 617
487 487
644 643
382 383
641 642
422 422
419 419
487 490
367 366
713 713
489 488
626 626
403 402
451 450
594 593
566 566
507 507
253 252
543 542
492 493
403 404
469 468
644 644
483 485
402 404
458 458
516 515
585 586
284 284
517 516
520 519
527 526
618 617
468 468
495 496
436 438
598 598
500 501
568 568
595 595
542 542
484 483
372 371
338 339
317 316
456 457
394 394
546 546
381 380
321 321
518 518
434 434
526 528
593 592
564 564
635 635
392 392
434 433
488 488
508 508
550 549
681 681
477 477
552 555
459 459
600 600
604 604
488 487
360 361
488 487
524 523
381 380
442 442
608 608
412 411
577 577
458 458
533 533
557 557
517 517
667 668
271 270
391 391
516 517
462 461
482 482
277 276
396 397
485 484
462 463
330 330
602 601
513 513
610 609
452 451
575 575
426 426
638 640
577 578
543 543
445 446
633 632
566 565
524 525
508 507
543 543
469 470
394 393
478 478
618 617
609 609
282 281
320 319
618 618
637 637
412 413
539 541
522 521
477 477
533 534
345 346
426 426
558 557
535 534
499 498
450 450
455 454
443 443
647 647
316 315
443 442
560 560
543 544
367 369
390 391
425 427
388 390
507 508
417 417
555 558
508 509
549 549
353 354
527 529
495 496
542 545
725 726
522 523
465 465
391 391
836 836
607 610
493 493
495 495
507 508
629 630
343 343
531 532
362 362
600 600
446 448
377 378
570 571
529 530
483 483
424 426
692 693
435 436
730 732
377 379
572 572
468 468
480 484
393 396
470 471
570 570
482 484
482 483
608 609
389 389
544 545
456 456
483 483
419 419
560 562
495 495
373 375
385 386
502 502
496 497
590 590
676 677
608 609
641 643
530 534
594 594
490 491
684 686
517 520
443 443
476 476
645 648
569 569
526 526
359 360
572 572
448 449
486 486
461 462
484 485
431 435
554 556
433 436
525 525
637 638
622 624
550 553
494 497
473 474
464 465
637 639
306 306
620 620
553 553
297 299
662 663
612 612
648 649
325 327
594 596
581 581
556 558
368 368
681 682
574 575
388 388
521 523
597 597
546 548
420 420
240 244
440 444
495 498
593 593
269 269
550 551
406 408
554 554
661 662
505 507
704 704
415 417
457 457
446 447
348 350
565 565
394 395
654 655
519 519
638 639
410 411
608 609
441 442
603 603
412 413
646 646
407 408
449 454
434 436
377 382
500 500
405 405
649 653
588 588
628 628
463 467
479 480
458 459
522 523
614 616
588 589
414 415
393 393
543 545
660 661
310 311
440 443
457 458
608 609
585 586
484 484
566 569
431 431
560 562
553 554
558 559
448 453
598 598
468 469
531 531
667 670
651 652
577 578
530 530
472 472
573 573
496 496
403 404
393 394
465 466
587 587
801 802
441 442
440 441
548 549
536 537
396 399
595 596
518 519
490 490
422 424
451 451
514 515
586 587
374 375
483 484
412 413
580 581
569 569
561 562
544 545
505 507
489 489
574 576
442 443
525 525
471 472
454 454
529 530
377 377
713 714
560 562
242 244
388 388
497 498
601 603
602 603
440 446
603 605
610 612
611 611
413 413
494 494
591 592
389 391
544 548
342 344
426 427
452 453
559 560
488 488
313 313
540 541
605 607
478 480
534 535
501 504
498 498
413 416
454 455
555 555
624 624
755 756
528 528
388 388
494 494
542 543
515 517
523 525
679 680
432 432
562 563
425 426
445 446
391 393
653 655
327 328
466 468
529 530
608 609
365 366
452 456
347 348
425 426
412 413
497 499
554 554
568 569
541 541
